ISO-10303-21;
HEADER;
FILE_DESCRIPTION (( 'STEP AP203' ),
    '1' );
FILE_NAME ('2.STEP',
    '2026-08-20T03:34:07',
    ( '' ),
    ( '' ),
    'SwSTEP 2.0',
    'SolidWorks 2026',
    '' );
FILE_SCHEMA (( 'CONFIG_CONTROL_DESIGN' ));
ENDSEC;

DATA;
#1 = VECTOR ( 'NONE', #804, 1000.000000000000000 ) ;
#2 = EDGE_CURVE ( 'NONE', #3366, #4899, #2559, .T. ) ;
#3 = EDGE_LOOP ( 'NONE', ( #3142, #272, #3802, #2148, #5865, #4239, #5273, #5623 ) ) ;
#4 = LINE ( 'NONE', #38, #2815 ) ;
#5 = CARTESIAN_POINT ( 'NONE',  ( -22.13759665443984659, -13.80891001984690902, 20.20497014175240480 ) ) ;
#6 = CARTESIAN_POINT ( 'NONE',  ( -21.28006470059875355, 15.23809715192143521, 20.09957846999260056 ) ) ;
#7 = FACE_OUTER_BOUND ( 'NONE', #2930, .T. ) ;
#8 = DIRECTION ( 'NONE',  ( 6.980527267330673326E-15, 1.387778780781445984E-17, -1.000000000000000000 ) ) ;
#9 = B_SPLINE_CURVE_WITH_KNOTS ( 'NONE', 3,
 ( #5, #5527, #5103, #4177, #1402, #4116, #5077, #4204, #1011, #4090, #2782, #2359, #1336, #39, #2756, #5578, #5013, #4625, #488, #1878, #3718, #65 ),
 .UNSPECIFIED., .F., .F.,
 ( 4, 2, 2, 2, 2, 2, 2, 2, 2, 2, 4 ),
 ( 0.01793675101727310386, 0.01874699466150880206, 0.01955723830574450373, 0.02036748194998020192, 0.02117772559421590359, 0.02279821288268730345, 0.02441870017115869984, 0.02603918745963010317, 0.02765967474810150997, 0.02928016203657290983, 0.03090064932504431663 ),
 .UNSPECIFIED. ) ;
#10 = ORIENTED_EDGE ( 'NONE', *, *, #2220, .T. ) ;
#11 = LINE ( 'NONE', #4034, #5596 ) ;
#12 = VECTOR ( 'NONE', #4210, 1000.000000000000000 ) ;
#13 = ADVANCED_FACE ( 'NONE', ( #3919 ), #3044, .F. ) ;
#14 = PLANE ( 'NONE',  #3690 ) ;
#15 = DIRECTION ( 'NONE',  ( 1.000000000000000000, 0.000000000000000000, 0.000000000000000000 ) ) ;
#16 = CARTESIAN_POINT ( 'NONE',  ( 17.49999999999978684, 11.74999999999998224, 30.31288913245536065 ) ) ;
#17 = VECTOR ( 'NONE', #5309, 1000.000000000000000 ) ;
#18 = DIRECTION ( 'NONE',  ( -1.000000000000000000, 0.000000000000000000, 0.000000000000000000 ) ) ;
#19 = ORIENTED_EDGE ( 'NONE', *, *, #5058, .T. ) ;
#20 = VERTEX_POINT ( 'NONE', #2609 ) ;
#21 = LINE ( 'NONE', #1830, #798 ) ;
#22 = VECTOR ( 'NONE', #879, 1000.000000000000000 ) ;
#23 = VECTOR ( 'NONE', #5304, 1000.000000000000000 ) ;
#24 = LINE ( 'NONE', #5482, #3491 ) ;
#25 = VECTOR ( 'NONE', #4740, 1000.000000000000000 ) ;
#26 = DIRECTION ( 'NONE',  ( -1.000000000000000000, 0.000000000000000000, -6.938893903907126615E-15 ) ) ;
#27 = DIRECTION ( 'NONE',  ( 0.000000000000000000, 1.000000000000000000, 0.000000000000000000 ) ) ;
#28 = CARTESIAN_POINT ( 'NONE',  ( -26.12079614515759118, 16.51604272772962290, 11.57308977208310807 ) ) ;
#29 = AXIS2_PLACEMENT_3D ( 'NONE', #5779, #4765, #4404 ) ;
#30 = EDGE_CURVE ( 'NONE', #5449, #5682, #188, .T. ) ;
#31 = VERTEX_POINT ( 'NONE', #810 ) ;
#32 = DIRECTION ( 'NONE',  ( 0.000000000000000000, -1.000000000000000000, 0.000000000000000000 ) ) ;
#33 = CARTESIAN_POINT ( 'NONE',  ( 25.67798116831028921, 14.65328666064401197, 14.66613580709181086 ) ) ;
#34 = VECTOR ( 'NONE', #5710, 1000.000000000000000 ) ;
#35 = DIRECTION ( 'NONE',  ( -6.980527267330673326E-15, -1.387778780781445984E-17, 1.000000000000000000 ) ) ;
#36 = AXIS2_PLACEMENT_3D ( 'NONE', #5913, #1420, #3586 ) ;
#37 = ORIENTED_EDGE ( 'NONE', *, *, #712, .T. ) ;
#38 = CARTESIAN_POINT ( 'NONE',  ( 32.00000000000000000, 0.000000000000000000, 2.359223927328457648E-13 ) ) ;
#39 = CARTESIAN_POINT ( 'NONE',  ( -26.08554772492073326, -13.66397240388833723, 14.90383413966499049 ) ) ;
#40 = CARTESIAN_POINT ( 'NONE',  ( 18.34512133065966566, -12.30529408594060925, 24.51650996435545693 ) ) ;
#41 = LINE ( 'NONE', #2332, #479 ) ;
#42 = EDGE_LOOP ( 'NONE', ( #947, #998, #5479, #1056 ) ) ;
#43 = CARTESIAN_POINT ( 'NONE',  ( -18.91542951331493327, 9.669024906818512122, 25.25583206577648099 ) ) ;
#44 = EDGE_CURVE ( 'NONE', #3862, #3833, #1740, .T. ) ;
#45 = DIRECTION ( 'NONE',  ( -0.000000000000000000, -0.000000000000000000, 1.000000000000000000 ) ) ;
#46 = APPLICATION_PROTOCOL_DEFINITION ( 'international standard', 'config_control_design', 1994, #3002 ) ;
#47 = LINE ( 'NONE', #1886, #3188 ) ;
#48 = CARTESIAN_POINT ( 'NONE',  ( -28.99999999999999645, 7.500000000000007105, 3.000000000000002665 ) ) ;
#49 = ORIENTED_EDGE ( 'NONE', *, *, #2794, .T. ) ;
#50 = VERTEX_POINT ( 'NONE', #1289 ) ;
#51 = EDGE_CURVE ( 'NONE', #3854, #1400, #11, .T. ) ;
#52 = CARTESIAN_POINT ( 'NONE',  ( 25.40640183073613301, 18.74636068956750279, 9.602451292872771660 ) ) ;
#53 = DIRECTION ( 'NONE',  ( -6.980527267330673326E-15, -1.387778780781445984E-17, 1.000000000000000000 ) ) ;
#54 = LINE ( 'NONE', #3734, #1111 ) ;
#55 = VERTEX_POINT ( 'NONE', #894 ) ;
#56 = SPHERICAL_SURFACE ( 'NONE', #2625, 33.00000000000000000 ) ;
#57 = LINE ( 'NONE', #5545, #2421 ) ;
#58 = ADVANCED_FACE ( 'NONE', ( #3570 ), #5898, .F. ) ;
#59 = ORIENTED_EDGE ( 'NONE', *, *, #3979, .F. ) ;
#60 = FACE_OUTER_BOUND ( 'NONE', #5149, .T. ) ;
#61 = CARTESIAN_POINT ( 'NONE',  ( 22.30383839649278599, 15.29986607026491718, 18.90759178047285616 ) ) ;
#62 = CARTESIAN_POINT ( 'NONE',  ( 22.00000000000002132, -3.800000000000025580, -1.999999999999835243 ) ) ;
#63 = EDGE_LOOP ( 'NONE', ( #4002, #1356, #2282, #638 ) ) ;
#64 = DIRECTION ( 'NONE',  ( 0.000000000000000000, 1.000000000000000000, 0.000000000000000000 ) ) ;
#65 = CARTESIAN_POINT ( 'NONE',  ( -27.18677324489586056, -15.99999999999926814, 9.689136211791609554 ) ) ;
#66 = DIRECTION ( 'NONE',  ( 0.7071067811865475727, 0.000000000000000000, 0.7071067811865474617 ) ) ;
#67 = CARTESIAN_POINT ( 'NONE',  ( -25.67468604746251870, 14.64941936229007702, 14.67586351841671011 ) ) ;
#68 = ORIENTED_EDGE ( 'NONE', *, *, #3108, .F. ) ;
#69 = CARTESIAN_POINT ( 'NONE',  ( -19.14879957193899429, 9.848508651189636254, 25.00944099449838021 ) ) ;
#70 = EDGE_CURVE ( 'NONE', #4317, #3306, #2216, .T. ) ;
#71 = CARTESIAN_POINT ( 'NONE',  ( -30.00000000000000000, 0.000000000000000000, 0.000000000000000000 ) ) ;
#72 = DATE_AND_TIME ( #4606, #4258 ) ;
#73 = CARTESIAN_POINT ( 'NONE',  ( 17.18365393647794193, 9.264986877299518753, 26.60671945361472623 ) ) ;
#74 = FACE_BOUND ( 'NONE', #3944, .T. ) ;
#75 = ORIENTED_EDGE ( 'NONE', *, *, #4214, .F. ) ;
#76 = ORIENTED_EDGE ( 'NONE', *, *, #4053, .T. ) ;
#77 = FACE_OUTER_BOUND ( 'NONE', #1334, .T. ) ;
#78 = EDGE_CURVE ( 'NONE', #5907, #5757, #3157, .T. ) ;
#79 = CARTESIAN_POINT ( 'NONE',  ( -17.50000000000007105, 11.74999999999998224, 9.999999999999884537 ) ) ;
#80 = DIRECTION ( 'NONE',  ( -1.318389841742373638E-16, 0.000000000000000000, 1.000000000000000000 ) ) ;
#81 = DIRECTION ( 'NONE',  ( -1.000000000000000000, 0.000000000000000000, -6.938893903907222067E-15 ) ) ;
#82 = ORIENTED_EDGE ( 'NONE', *, *, #3847, .T. ) ;
#83 = ORIENTED_EDGE ( 'NONE', *, *, #1803, .F. ) ;
#84 = LINE ( 'NONE', #4254, #2809 ) ;
#85 = EDGE_LOOP ( 'NONE', ( #3976, #2767 ) ) ;
#86 = CARTESIAN_POINT ( 'NONE',  ( -27.18677324489572911, 15.99999999999998579, 9.689136211790112085 ) ) ;
#87 = DIRECTION ( 'NONE',  ( 6.980527267330673326E-15, 1.387778780781445984E-17, -1.000000000000000000 ) ) ;
#88 = EDGE_LOOP ( 'NONE', ( #4467, #49, #2577, #1461 ) ) ;
#89 = CARTESIAN_POINT ( 'NONE',  ( -27.02639591949827746, 15.00233289274672188, 11.56659692614142898 ) ) ;
#90 = CARTESIAN_POINT ( 'NONE',  ( -18.50000000000020250, -11.88667636861125843, 24.60650000371323998 ) ) ;
#91 = CARTESIAN_POINT ( 'NONE',  ( 16.49999999999896616, -11.75000000000089173, 26.05163142684187960 ) ) ;
#92 = CARTESIAN_POINT ( 'NONE',  ( 18.47238883327526082, -11.48566711723871236, 24.81679534344743843 ) ) ;
#93 = VECTOR ( 'NONE', #377, 1000.000000000000000 ) ;
#94 = ORIENTED_EDGE ( 'NONE', *, *, #5032, .F. ) ;
#95 = DIRECTION ( 'NONE',  ( -0.000000000000000000, -0.000000000000000000, -1.000000000000000000 ) ) ;
#96 = ORIENTED_EDGE ( 'NONE', *, *, #4066, .T. ) ;
#97 = DIRECTION ( 'NONE',  ( 6.980527267330673326E-15, 1.387778780781445984E-17, -1.000000000000000000 ) ) ;
#98 = PERSON_AND_ORGANIZATION ( #4717, #985 ) ;
#99 = ADVANCED_FACE ( 'NONE', ( #3656 ), #5533, .F. ) ;
#100 = CARTESIAN_POINT ( 'NONE',  ( 15.15451461805321109, 10.86487739483325576, 27.22738275273788489 ) ) ;
#101 = CARTESIAN_POINT ( 'NONE',  ( -26.81027245234477263, 17.45757936092528340, 8.090100354990273246 ) ) ;
#102 = ORIENTED_EDGE ( 'NONE', *, *, #5965, .F. ) ;
#103 = CIRCLE ( 'NONE', #2134, 33.54101966249677957 ) ;
#104 = ORIENTED_EDGE ( 'NONE', *, *, #4396, .T. ) ;
#105 = CARTESIAN_POINT ( 'NONE',  ( 28.99999999999999289, 11.99999999999998224, -2.499999999999571898 ) ) ;
#106 = AXIS2_PLACEMENT_3D ( 'NONE', #4937, #2761, #5586 ) ;
#107 = CARTESIAN_POINT ( 'NONE',  ( -0.08614570398244249250, -19.39355563067278965, 26.70000000000003837 ) ) ;
#108 = PLANE ( 'NONE',  #5493 ) ;
#109 = DIRECTION ( 'NONE',  ( 1.000000000000000000, 0.000000000000000000, 0.000000000000000000 ) ) ;
#110 = ORIENTED_EDGE ( 'NONE', *, *, #365, .T. ) ;
#111 = VECTOR ( 'NONE', #4900, 1000.000000000000000 ) ;
#112 = ORIENTED_EDGE ( 'NONE', *, *, #5729, .F. ) ;
#113 = CARTESIAN_POINT ( 'NONE',  ( 28.99999999999999289, -12.50000000000001066, -4.999999999999990230 ) ) ;
#114 = EDGE_CURVE ( 'NONE', #4253, #2544, #2043, .T. ) ;
#115 = VECTOR ( 'NONE', #336, 1000.000000000000000 ) ;
#116 = ORIENTED_EDGE ( 'NONE', *, *, #577, .F. ) ;
#117 = CARTESIAN_POINT ( 'NONE',  ( 26.18677324489557634, 15.99999999999997868, 12.13478088061017068 ) ) ;
#118 = LINE ( 'NONE', #4355, #3214 ) ;
#119 = FACE_OUTER_BOUND ( 'NONE', #347, .T. ) ;
#120 = AXIS2_PLACEMENT_3D ( 'NONE', #2373, #4219, #1918 ) ;
#121 = ADVANCED_FACE ( 'NONE', ( #5445 ), #5953, .F. ) ;
#122 = EDGE_CURVE ( 'NONE', #428, #2919, #467, .T. ) ;
#123 = EDGE_LOOP ( 'NONE', ( #1199, #5752, #3374, #1119 ) ) ;
#124 = CARTESIAN_POINT ( 'NONE',  ( -22.38533657334504312, -15.10546203269719534, 18.96752824493379919 ) ) ;
#125 = VECTOR ( 'NONE', #1790, 1000.000000000000000 ) ;
#126 = CARTESIAN_POINT ( 'NONE',  ( -17.63544636846039282, -12.74947443810206593, 24.80855929952893746 ) ) ;
#127 = LINE ( 'NONE', #1971, #3771 ) ;
#128 = PLANE ( 'NONE',  #4247 ) ;
#129 = ORIENTED_EDGE ( 'NONE', *, *, #2506, .F. ) ;
#130 = CARTESIAN_POINT ( 'NONE',  ( -16.21038642942408003, 9.576639268354474765, 27.10451979267238798 ) ) ;
#131 = AXIS2_PLACEMENT_3D ( 'NONE', #4893, #3990, #762 ) ;
#132 = ADVANCED_FACE ( 'NONE', ( #3180 ), #409, .T. ) ;
#133 = EDGE_CURVE ( 'NONE', #5585, #4884, #3630, .T. ) ;
#134 = ORIENTED_EDGE ( 'NONE', *, *, #2211, .F. ) ;
#135 = DIRECTION ( 'NONE',  ( 0.000000000000000000, 0.000000000000000000, -1.000000000000000000 ) ) ;
#136 = DIRECTION ( 'NONE',  ( 6.980527267330673326E-15, 1.387778780781445984E-17, -1.000000000000000000 ) ) ;
#137 = AXIS2_PLACEMENT_3D ( 'NONE', #4407, #5305, #1315 ) ;
#138 = CARTESIAN_POINT ( 'NONE',  ( 6.499999999999997335, -35.00000000000002842, 12.00000000000021849 ) ) ;
#139 = DIRECTION ( 'NONE',  ( 0.000000000000000000, 0.000000000000000000, 1.000000000000000000 ) ) ;
#140 = VERTEX_POINT ( 'NONE', #5056 ) ;
#141 = ORIENTED_EDGE ( 'NONE', *, *, #3946, .T. ) ;
#142 = MANIFOLD_SOLID_BREP ( '\X2\51f853f0\X0\-\X2\62c94f38\X0\5', #3013 ) ;
#143 = CARTESIAN_POINT ( 'NONE',  ( 0.5341432428463074311, -19.59326651400106556, 26.54855934146365826 ) ) ;
#144 = LINE ( 'NONE', #2469, #2540 ) ;
#145 = DIRECTION ( 'NONE',  ( 1.000000000000000000, 0.000000000000000000, 0.000000000000000000 ) ) ;
#146 = CARTESIAN_POINT ( 'NONE',  ( -0.6862852270366813778, 1.079772634003745013, 0.000000000000000000 ) ) ;
#147 = VERTEX_POINT ( 'NONE', #2733 ) ;
#148 = EDGE_LOOP ( 'NONE', ( #1247, #3747, #182, #593, #5257, #2027, #3115, #2169, #2171, #716, #3012 ) ) ;
#149 = CARTESIAN_POINT ( 'NONE',  ( 14.99999999999979927, -11.74999999999998934, 26.94322734937309605 ) ) ;
#150 = ADVANCED_FACE ( 'NONE', ( #2643 ), #1363, .T. ) ;
#151 = VERTEX_POINT ( 'NONE', #3097 ) ;
#152 = LINE ( 'NONE', #2478, #3114 ) ;
#153 = EDGE_CURVE ( 'NONE', #2571, #2109, #5505, .T. ) ;
#154 = DIRECTION ( 'NONE',  ( 0.000000000000000000, 1.000000000000000000, 0.000000000000000000 ) ) ;
#155 = DIRECTION ( 'NONE',  ( 0.000000000000000000, 1.000000000000000000, 0.000000000000000000 ) ) ;
#156 = VECTOR ( 'NONE', #1203, 1000.000000000000000 ) ;
#157 = ORIENTED_EDGE ( 'NONE', *, *, #1515, .F. ) ;
#158 = DIRECTION ( 'NONE',  ( 0.000000000000000000, 1.000000000000000000, 0.000000000000000000 ) ) ;
#159 = CARTESIAN_POINT ( 'NONE',  ( 28.99999999999999289, -8.000000000000035527, -2.499999999999571898 ) ) ;
#160 = ADVANCED_FACE ( 'NONE', ( #2334 ), #1525, .F. ) ;
#161 = CARTESIAN_POINT ( 'NONE',  ( 15.54144364778073850, 13.32037071154534225, 25.88652667816718989 ) ) ;
#162 = CARTESIAN_POINT ( 'NONE',  ( -26.17466318311433682, 15.75336738399703229, 12.48048201494995801 ) ) ;
#163 = ORIENTED_EDGE ( 'NONE', *, *, #5349, .T. ) ;
#164 = DIRECTION ( 'NONE',  ( -0.000000000000000000, -0.000000000000000000, 1.000000000000000000 ) ) ;
#165 = VERTEX_POINT ( 'NONE', #4630 ) ;
#166 = CARTESIAN_POINT ( 'NONE',  ( -30.00000000000000000, -7.500000000000034639, -2.000000000000210054 ) ) ;
#167 = DIRECTION ( 'NONE',  ( 1.000000000000000000, 0.000000000000000000, 0.000000000000000000 ) ) ;
#168 = CARTESIAN_POINT ( 'NONE',  ( 17.96109282681894825, 9.288114185008899071, 26.07998646688870892 ) ) ;
#169 = DIRECTION ( 'NONE',  ( 1.000000000000000000, 0.000000000000000000, 0.000000000000000000 ) ) ;
#170 = ORIENTED_EDGE ( 'NONE', *, *, #3671, .F. ) ;
#171 = VERTEX_POINT ( 'NONE', #3722 ) ;
#172 = CARTESIAN_POINT ( 'NONE',  ( -30.00000000000000711, -12.00000000000001066, -2.499999999999571898 ) ) ;
#173 = DIRECTION ( 'NONE',  ( 1.000000000000000000, -0.000000000000000000, -0.000000000000000000 ) ) ;
#174 = AXIS2_PLACEMENT_3D ( 'NONE', #4905, #4935, #3974 ) ;
#175 = DIRECTION ( 'NONE',  ( -1.000000000000000000, 0.000000000000000000, -6.938893903907222067E-15 ) ) ;
#176 = CARTESIAN_POINT ( 'NONE',  ( -29.00000000000000000, -10.50000000000000888, -4.499999999999573674 ) ) ;
#177 = PLANE ( 'NONE',  #3501 ) ;
#178 = ORIENTED_EDGE ( 'NONE', *, *, #2139, .F. ) ;
#179 = VERTEX_POINT ( 'NONE', #2363 ) ;
#180 = ORIENTED_EDGE ( 'NONE', *, *, #206, .T. ) ;
#181 = LINE ( 'NONE', #2378, #1276 ) ;
#182 = ORIENTED_EDGE ( 'NONE', *, *, #3966, .F. ) ;
#183 = CYLINDRICAL_SURFACE ( 'NONE', #5036, 2.500000000000000444 ) ;
#184 = CARTESIAN_POINT ( 'NONE',  ( 29.99999999999999645, -9.499999999999980460, -4.499999999999587885 ) ) ;
#185 = EDGE_CURVE ( 'NONE', #4671, #2510, #1753, .T. ) ;
#186 = CARTESIAN_POINT ( 'NONE',  ( 18.39444207340820725, -9.410753995356389012, 25.73165053082786002 ) ) ;
#187 = CC_DESIGN_PERSON_AND_ORGANIZATION_ASSIGNMENT ( #1411, #1377, ( #2947 ) ) ;
#188 = B_SPLINE_CURVE_WITH_KNOTS ( 'NONE', 3,
 ( #4885, #289, #4460, #1715, #1255, #4341, #660, #2495, #5725, #3888, #1602, #2303, #4544, #3130, #4493, #4519, #2673, #4969, #5413, #5867, #4576, #1341, #4149, #1795 ),
 .UNSPECIFIED., .F., .F.,
 ( 4, 2, 2, 2, 2, 2, 2, 2, 2, 2, 2, 4 ),
 ( 0.001426061603820680257, 0.003031440905879867909, 0.004636820207939055562, 0.006242199509998242780, 0.007847578812057430867, 0.009452958114116618085, 0.01025564776514620476, 0.01105833741617579490, 0.01186102706720538157, 0.01266371671823496997, 0.01346640636926455838, 0.01426909602029414678 ),
 .UNSPECIFIED. ) ;
#189 = ORIENTED_EDGE ( 'NONE', *, *, #493, .F. ) ;
#190 = LINE ( 'NONE', #2545, #220 ) ;
#191 = CARTESIAN_POINT ( 'NONE',  ( 0.000000000000000000, 0.000000000000000000, 0.000000000000000000 ) ) ;
#192 = B_SPLINE_CURVE_WITH_KNOTS ( 'NONE', 3,
 ( #3235, #5078, #4659, #4571, #951, #525, #2360, #3745, #5167, #5743, #2513, #3814, #5231, #193, #3876, #4813, #161, #5711, #2066, #3843, #1591, #4330 ),
 .UNSPECIFIED., .F., .F.,
 ( 4, 2, 2, 2, 2, 2, 2, 2, 2, 2, 4 ),
 ( 0.002605771939738317326, 0.003033293545022810143, 0.003460815150307302961, 0.003888336755591795778, 0.004315858360876288595, 0.005170901571445288974, 0.006025944782014289354, 0.006880987992583289733, 0.007736031203152289246, 0.008591074413721290493, 0.009446117624290290005 ),
 .UNSPECIFIED. ) ;
#193 = CARTESIAN_POINT ( 'NONE',  ( 16.20553880083998521, 13.90009118289501089, 25.16446703097835425 ) ) ;
#194 = CARTESIAN_POINT ( 'NONE',  ( -20.00000000000018119, -11.85464775673321292, 23.41967168914309383 ) ) ;
#195 = EDGE_CURVE ( 'NONE', #2501, #3076, #3358, .T. ) ;
#196 = CARTESIAN_POINT ( 'NONE',  ( -29.00000000000000000, 8.000000000000007105, -2.499999999999571898 ) ) ;
#197 = EDGE_CURVE ( 'NONE', #840, #5667, #5170, .T. ) ;
#198 = VERTEX_POINT ( 'NONE', #954 ) ;
#199 = CARTESIAN_POINT ( 'NONE',  ( -24.92442782110873623, -18.91224754012954534, 10.49844879495578986 ) ) ;
#200 = CARTESIAN_POINT ( 'NONE',  ( -20.00000000000017053, 11.85564396337853310, 23.41917299285690746 ) ) ;
#201 = AXIS2_PLACEMENT_3D ( 'NONE', #227, #4814, #740 ) ;
#202 = CARTESIAN_POINT ( 'NONE',  ( -26.18677324489567582, 15.99999999999995914, 1.999999999999821476 ) ) ;
#203 = FACE_BOUND ( 'NONE', #5568, .T. ) ;
#204 = EDGE_LOOP ( 'NONE', ( #5958, #1961 ) ) ;
#205 = ORIENTED_EDGE ( 'NONE', *, *, #4867, .T. ) ;
#206 = EDGE_CURVE ( 'NONE', #4761, #3101, #5197, .T. ) ;
#207 = CARTESIAN_POINT ( 'NONE',  ( 22.91350389029797086, 13.27446293052293314, 19.69345027552613914 ) ) ;
#208 = LINE ( 'NONE', #3370, #4064 ) ;
#209 = AXIS2_PLACEMENT_3D ( 'NONE', #1258, #1660, #4910 ) ;
#210 = CARTESIAN_POINT ( 'NONE',  ( -29.99999999999998579, -3.799999999999998046, -2.000000000000210054 ) ) ;
#211 = ORIENTED_EDGE ( 'NONE', *, *, #4510, .T. ) ;
#212 = EDGE_LOOP ( 'NONE', ( #2869, #5054, #5665, #5777 ) ) ;
#213 = VERTEX_POINT ( 'NONE', #2786 ) ;
#214 = DIRECTION ( 'NONE',  ( 1.000000000000000000, 0.000000000000000000, 0.000000000000000000 ) ) ;
#215 = VECTOR ( 'NONE', #4196, 1000.000000000000000 ) ;
#216 = DIRECTION ( 'NONE',  ( 0.000000000000000000, 0.000000000000000000, 1.000000000000000000 ) ) ;
#217 = CARTESIAN_POINT ( 'NONE',  ( -28.99999999999999645, -7.500000000000007105, 3.000000000000002665 ) ) ;
#218 = DIRECTION ( 'NONE',  ( 0.000000000000000000, 0.000000000000000000, 1.000000000000000000 ) ) ;
#219 = AXIS2_PLACEMENT_3D ( 'NONE', #732, #820, #1239 ) ;
#220 = VECTOR ( 'NONE', #5675, 1000.000000000000000 ) ;
#221 = ADVANCED_FACE ( 'NONE', ( #2909 ), #1407, .T. ) ;
#222 = ORIENTED_EDGE ( 'NONE', *, *, #1308, .T. ) ;
#223 = CARTESIAN_POINT ( 'NONE',  ( -26.13483850865351954, -15.53332662852199775, 12.83474534763308839 ) ) ;
#224 = DIRECTION ( 'NONE',  ( 0.000000000000000000, -1.000000000000000000, 0.000000000000000000 ) ) ;
#225 = CARTESIAN_POINT ( 'NONE',  ( 3.058712698706971646E-14, -22.62984754698967294, 26.70000000000011298 ) ) ;
#226 = VECTOR ( 'NONE', #3224, 1000.000000000000000 ) ;
#227 = CARTESIAN_POINT ( 'NONE',  ( -24.18677324489588898, 15.99999999999998579, 33.00100000000008293 ) ) ;
#228 = CARTESIAN_POINT ( 'NONE',  ( -22.27082266630647922, 16.59074948374319192, 17.82707379228781264 ) ) ;
#229 = AXIS2_PLACEMENT_3D ( 'NONE', #2277, #5502, #780 ) ;
#230 = EDGE_LOOP ( 'NONE', ( #4929, #4543, #4208, #5810 ) ) ;
#231 = CARTESIAN_POINT ( 'NONE',  ( 16.49999999999981171, 11.88752797488010060, 25.98960253973038093 ) ) ;
#232 = CARTESIAN_POINT ( 'NONE',  ( 18.47199630448520935, 11.48461570779546292, 24.81756794235742802 ) ) ;
#233 = CARTESIAN_POINT ( 'NONE',  ( -29.99999999999998579, 0.000000000000000000, -2.000000000000210054 ) ) ;
#234 = EDGE_CURVE ( 'NONE', #4469, #871, #4690, .T. ) ;
#235 = CARTESIAN_POINT ( 'NONE',  ( 24.93677324489565095, -16.00000000000001421, 1.856466369520859416E-13 ) ) ;
#236 = ORIENTED_EDGE ( 'NONE', *, *, #577, .T. ) ;
#237 = AXIS2_PLACEMENT_3D ( 'NONE', #1192, #1219, #828 ) ;
#238 = ORIENTED_EDGE ( 'NONE', *, *, #1524, .T. ) ;
#239 = LINE ( 'NONE', #1868, #4845 ) ;
#240 = CIRCLE ( 'NONE', #1489, 2.500000000000000444 ) ;
#241 = CARTESIAN_POINT ( 'NONE',  ( 30.00000000000000711, 12.49999999999998401, 3.000000000000002665 ) ) ;
#242 = CARTESIAN_POINT ( 'NONE',  ( -28.99999999999999645, 7.499999999999978684, -4.999999999999990230 ) ) ;
#243 = DIRECTION ( 'NONE',  ( 0.000000000000000000, 8.465450562766820593E-16, 1.000000000000000000 ) ) ;
#244 = EDGE_LOOP ( 'NONE', ( #5444, #1769, #178, #5228 ) ) ;
#245 = EDGE_CURVE ( 'NONE', #4662, #3515, #3347, .T. ) ;
#246 = ORIENTED_EDGE ( 'NONE', *, *, #2779, .T. ) ;
#247 = ORIENTED_EDGE ( 'NONE', *, *, #4142, .T. ) ;
#248 = CARTESIAN_POINT ( 'NONE',  ( -24.18677324489566871, -16.00000000000001421, 1.999999999999835243 ) ) ;
#249 = DIRECTION ( 'NONE',  ( 1.000000000000000000, 0.000000000000000000, 6.938893903907197612E-15 ) ) ;
#250 = DIRECTION ( 'NONE',  ( -0.7071067811865475727, 0.000000000000000000, -0.7071067811865474617 ) ) ;
#251 = ORIENTED_EDGE ( 'NONE', *, *, #2893, .F. ) ;
#252 = LINE ( 'NONE', #707, #505 ) ;
#253 = CARTESIAN_POINT ( 'NONE',  ( 22.31474380100220500, -16.71511169004034869, 17.65515696578074767 ) ) ;
#254 = CARTESIAN_POINT ( 'NONE',  ( 21.18677324489532054, -16.00000000000068212, 19.59899587910999230 ) ) ;
#255 = DIRECTION ( 'NONE',  ( 1.000000000000000000, 0.000000000000000000, 0.000000000000000000 ) ) ;
#256 = CIRCLE ( 'NONE', #3715, 32.99926273655773201 ) ;
#257 = CARTESIAN_POINT ( 'NONE',  ( -22.90954322807428412, 17.55408512101271157, 16.00602358976763995 ) ) ;
#258 = B_SPLINE_CURVE_WITH_KNOTS ( 'NONE', 3,
 ( #839, #2671, #1768, #5443, #3127, #4517, #3427, #4369, #2073, #3007, #4335, #3914, #260, #5268, #5237, #4424, #5747, #655, #5773, #1200, #1596, #3881, #199, #1558, #2100, #682, #5324, #1651, #4398, #2912, #5719, #5199, #3038, #3849, #5683, #3361, #2578, #3392, #3940, #1624 ),
 .UNSPECIFIED., .F., .F.,
 ( 4, 2, 2, 2, 2, 2, 2, 2, 2, 2, 2, 2, 2, 2, 2, 2, 2, 2, 2, 4 ),
 ( 0.03090064932504431663, 0.03194568485382626860, 0.03246820261821724285, 0.03272946150041273344, 0.03299072038260822404, 0.03325197926480370769, 0.03351323814699919829, 0.03403575591139017947, 0.03455827367578115372, 0.03508079144017213491, 0.03612582696895408341, 0.03717086249773603190, 0.03821589802651798040, 0.03926093355529992890, 0.04135100461286383283, 0.04344107567042772983, 0.04448611119920968526, 0.04553114672799163376, 0.04657618225677359614, 0.04762121778555554463 ),
 .UNSPECIFIED. ) ;
#259 = VERTEX_POINT ( 'NONE', #586 ) ;
#260 = CARTESIAN_POINT ( 'NONE',  ( -26.67023476448430941, -17.68524797727015851, 8.058435858371442606 ) ) ;
#261 = CARTESIAN_POINT ( 'NONE',  ( -1.945058697438994955E-13, 0.000000000000000000, 27.99999999999998224 ) ) ;
#262 = CARTESIAN_POINT ( 'NONE',  ( -24.91044165430867707, -17.86850713668949453, 12.21612456159903459 ) ) ;
#263 = CARTESIAN_POINT ( 'NONE',  ( -28.99999999999999645, -8.000000000000007105, -4.499999999999573674 ) ) ;
#264 = EDGE_LOOP ( 'NONE', ( #1504, #2672 ) ) ;
#265 = DIRECTION ( 'NONE',  ( 0.000000000000000000, 1.000000000000000000, 0.000000000000000000 ) ) ;
#266 = EDGE_CURVE ( 'NONE', #1173, #4302, #2420, .T. ) ;
#267 = CARTESIAN_POINT ( 'NONE',  ( -29.99999999999998579, 13.74772708486757189, -2.000000000000210054 ) ) ;
#268 = DIRECTION ( 'NONE',  ( -1.000000000000000000, 0.000000000000000000, 0.000000000000000000 ) ) ;
#269 = DIRECTION ( 'NONE',  ( 0.000000000000000000, 1.000000000000000000, 0.000000000000000000 ) ) ;
#270 = B_SPLINE_CURVE_WITH_KNOTS ( 'NONE', 3,
 ( #1039, #1620, #4362, #5648, #1108, #2030 ),
 .UNSPECIFIED., .F., .F.,
 ( 4, 2, 4 ),
 ( 0.01527964147161257891, 0.01583445774590922644, 0.01638927402020587051 ),
 .UNSPECIFIED. ) ;
#271 = ORIENTED_EDGE ( 'NONE', *, *, #5286, .T. ) ;
#272 = ORIENTED_EDGE ( 'NONE', *, *, #114, .T. ) ;
#273 = PLANE ( 'NONE',  #3201 ) ;
#274 = EDGE_CURVE ( 'NONE', #3833, #5215, #5317, .T. ) ;
#275 = CARTESIAN_POINT ( 'NONE',  ( 29.99999999999999645, 9.499999999999980460, -4.499999999999573674 ) ) ;
#276 = CARTESIAN_POINT ( 'NONE',  ( 31.00000000000000355, 0.000000000000000000, 2.220446049250313081E-13 ) ) ;
#277 = ORIENTED_EDGE ( 'NONE', *, *, #742, .T. ) ;
#278 = CARTESIAN_POINT ( 'NONE',  ( -24.18677324489565805, 15.99999999999998579, -1.665334536937734811E-13 ) ) ;
#279 = CARTESIAN_POINT ( 'NONE',  ( 30.00000000000000000, 13.74772708486754524, 2.081668171172168513E-13 ) ) ;
#280 = FACE_OUTER_BOUND ( 'NONE', #88, .T. ) ;
#281 = LINE ( 'NONE', #4844, #3102 ) ;
#282 = VERTEX_POINT ( 'NONE', #4332 ) ;
#283 = CARTESIAN_POINT ( 'NONE',  ( 18.46265501457550684, 12.03018099152806109, 24.56442240032431457 ) ) ;
#284 = CARTESIAN_POINT ( 'NONE',  ( 27.08196834670827968, -16.79636100640599494, 8.572025317321489979 ) ) ;
#285 = CARTESIAN_POINT ( 'NONE',  ( -28.99999999999999645, -8.000000000000035527, -2.499999999999571898 ) ) ;
#286 = CARTESIAN_POINT ( 'NONE',  ( 28.99999999999999289, 8.000000000000007105, -2.499999999999571898 ) ) ;
#287 = CARTESIAN_POINT ( 'NONE',  ( -28.99999999999999645, 11.99999999999998224, -4.499999999999573674 ) ) ;
#288 = VERTEX_POINT ( 'NONE', #313 ) ;
#289 = CARTESIAN_POINT ( 'NONE',  ( 27.18677324489557989, -15.72114431564549264, 10.14962008281324302 ) ) ;
#290 = EDGE_CURVE ( 'NONE', #1937, #1697, #793, .T. ) ;
#291 = VECTOR ( 'NONE', #3211, 1000.000000000000000 ) ;
#292 = DIRECTION ( 'NONE',  ( 6.980527267330673326E-15, 1.387778780781445984E-17, -1.000000000000000000 ) ) ;
#293 = DIRECTION ( 'NONE',  ( 0.000000000000000000, 0.000000000000000000, 1.000000000000000000 ) ) ;
#294 = ORIENTED_EDGE ( 'NONE', *, *, #1966, .T. ) ;
#295 = VERTEX_POINT ( 'NONE', #2068 ) ;
#296 = ORIENTED_EDGE ( 'NONE', *, *, #346, .T. ) ;
#297 = CARTESIAN_POINT ( 'NONE',  ( 28.99999999999999289, -8.000000000000007105, -4.499999999999573674 ) ) ;
#298 = VECTOR ( 'NONE', #2647, 1000.000000000000000 ) ;
#299 = CARTESIAN_POINT ( 'NONE',  ( -22.90115868095284668, 14.29421713193682031, 14.99999999999984723 ) ) ;
#300 = DIRECTION ( 'NONE',  ( 6.980527267330673326E-15, 1.387778780781445984E-17, -1.000000000000000000 ) ) ;
#301 = B_SPLINE_CURVE_WITH_KNOTS ( 'NONE', 3,
 ( #1544, #2839, #545, #1514, #4259, #2866, #2024, #3772, #2937, #3286, #4777, #2410, #4324, #1005, #2381, #5188, #4229, #4708, #1963, #1241 ),
 .UNSPECIFIED., .F., .F.,
 ( 4, 2, 2, 2, 2, 2, 2, 2, 2, 4 ),
 ( 0.01155998068893233921, 0.01198715337273495787, 0.01241432605653757827, 0.01326867142414280866, 0.01412301679174804252, 0.01497736215935327464, 0.01583170752695850850, 0.01668605289456374235, 0.01754039826216897274, 0.01839474362977420660 ),
 .UNSPECIFIED. ) ;
#302 = ADVANCED_FACE ( 'NONE', ( #3035 ), #653, .F. ) ;
#303 = EDGE_CURVE ( 'NONE', #2197, #629, #1622, .T. ) ;
#304 = AXIS2_PLACEMENT_3D ( 'NONE', #2853, #591, #4338 ) ;
#305 = VECTOR ( 'NONE', #1070, 1000.000000000000000 ) ;
#306 = ORIENTED_EDGE ( 'NONE', *, *, #4320, .F. ) ;
#307 = CARTESIAN_POINT ( 'NONE',  ( -17.74070061834109069, -10.77169689270497877, 25.65659924819855675 ) ) ;
#308 = FACE_OUTER_BOUND ( 'NONE', #2222, .T. ) ;
#309 = VECTOR ( 'NONE', #5651, 1000.000000000000000 ) ;
#310 = DIRECTION ( 'NONE',  ( 6.980527267330673326E-15, 1.387778780781445984E-17, -1.000000000000000000 ) ) ;
#311 = EDGE_CURVE ( 'NONE', #3829, #1310, #1139, .T. ) ;
#312 = VECTOR ( 'NONE', #342, 1000.000000000000000 ) ;
#313 = CARTESIAN_POINT ( 'NONE',  ( 28.99999999999999289, 7.499999999999978684, 2.000000000000001776 ) ) ;
#314 = ADVANCED_FACE ( 'NONE', ( #2488 ), #4876, .T. ) ;
#315 = CIRCLE ( 'NONE', #5414, 33.00000000000000000 ) ;
#316 = VERTEX_POINT ( 'NONE', #2576 ) ;
#317 = DIRECTION ( 'NONE',  ( 6.980527267330673326E-15, 1.387778780781445984E-17, -1.000000000000000000 ) ) ;
#318 = AXIS2_PLACEMENT_3D ( 'NONE', #4804, #216, #4707 ) ;
#319 = CARTESIAN_POINT ( 'NONE',  ( 27.18677324489558700, -16.00000000000001066, 9.689136211790462028 ) ) ;
#320 = LINE ( 'NONE', #1736, #4379 ) ;
#321 = DIRECTION ( 'NONE',  ( 0.000000000000000000, 1.000000000000000000, 0.000000000000000000 ) ) ;
#322 = PLANE ( 'NONE',  #2290 ) ;
#323 = ORIENTED_EDGE ( 'NONE', *, *, #3402, .F. ) ;
#324 = CARTESIAN_POINT ( 'NONE',  ( 0.1183245745531957688, -0.1861669645496499825, 0.000000000000000000 ) ) ;
#325 = VECTOR ( 'NONE', #1976, 1000.000000000000000 ) ;
#326 = EDGE_CURVE ( 'NONE', #3533, #5417, #5701, .T. ) ;
#327 = CARTESIAN_POINT ( 'NONE',  ( 25.43974349840679849, 13.26053368455234249, 16.31753736230663776 ) ) ;
#328 = AXIS2_PLACEMENT_3D ( 'NONE', #5433, #3997, #5826 ) ;
#329 = DIRECTION ( 'NONE',  ( -1.000000000000000000, 0.000000000000000000, -6.938893903907222067E-15 ) ) ;
#330 = ORIENTED_EDGE ( 'NONE', *, *, #3414, .F. ) ;
#331 = CARTESIAN_POINT ( 'NONE',  ( 19.13942458854445405, -9.857088465601053784, 25.01111053053419653 ) ) ;
#332 = VERTEX_POINT ( 'NONE', #2033 ) ;
#333 = ORIENTED_EDGE ( 'NONE', *, *, #5462, .T. ) ;
#334 = LINE ( 'NONE', #3551, #17 ) ;
#335 = VECTOR ( 'NONE', #1508, 1000.000000000000000 ) ;
#336 = DIRECTION ( 'NONE',  ( 1.000000000000000000, 0.000000000000000000, 0.000000000000000000 ) ) ;
#337 = PLANE ( 'NONE',  #426 ) ;
#338 = AXIS2_PLACEMENT_3D ( 'NONE', #3263, #5496, #2814 ) ;
#339 = EDGE_CURVE ( 'NONE', #4245, #2608, #1221, .T. ) ;
#340 = EDGE_CURVE ( 'NONE', #647, #3006, #281, .T. ) ;
#341 = ORIENTED_EDGE ( 'NONE', *, *, #4622, .T. ) ;
#342 = DIRECTION ( 'NONE',  ( 0.000000000000000000, -1.000000000000000000, 0.000000000000000000 ) ) ;
#343 = FACE_OUTER_BOUND ( 'NONE', #3490, .T. ) ;
#344 = CARTESIAN_POINT ( 'NONE',  ( 22.00000000000002132, -3.800000000000025580, -1.999999999999835243 ) ) ;
#345 = CARTESIAN_POINT ( 'NONE',  ( -26.18677324489576108, 15.99999999999993072, 12.13478088060984916 ) ) ;
#346 = EDGE_CURVE ( 'NONE', #4854, #445, #2976, .T. ) ;
#347 = EDGE_LOOP ( 'NONE', ( #5733, #5198, #4752, #5563 ) ) ;
#348 = CARTESIAN_POINT ( 'NONE',  ( 24.18677324489542357, 15.99999999999998579, 33.00100000000040268 ) ) ;
#349 = CARTESIAN_POINT ( 'NONE',  ( 22.69329249393681636, -18.60682841230810070, 15.09697882333192176 ) ) ;
#350 = DIRECTION ( 'NONE',  ( 0.000000000000000000, 0.000000000000000000, 1.000000000000000000 ) ) ;
#351 = FACE_OUTER_BOUND ( 'NONE', #3541, .T. ) ;
#352 = FACE_OUTER_BOUND ( 'NONE', #3082, .T. ) ;
#353 = ORIENTED_EDGE ( 'NONE', *, *, #5847, .F. ) ;
#354 = DIRECTION ( 'NONE',  ( 6.980527267330673326E-15, 1.387778780781445984E-17, -1.000000000000000000 ) ) ;
#355 = LINE ( 'NONE', #2192, #3024 ) ;
#356 = CARTESIAN_POINT ( 'NONE',  ( -30.00000000000000000, 7.999999999999979572, -4.499999999999573674 ) ) ;
#357 = ORIENTED_EDGE ( 'NONE', *, *, #4326, .F. ) ;
#358 = VECTOR ( 'NONE', #2765, 1000.000000000000000 ) ;
#359 = CARTESIAN_POINT ( 'NONE',  ( 26.18677324489563674, -15.87123253915414800, 12.30456387000258900 ) ) ;
#360 = ORIENTED_EDGE ( 'NONE', *, *, #153, .T. ) ;
#361 = VERTEX_POINT ( 'NONE', #5680 ) ;
#362 = CARTESIAN_POINT ( 'NONE',  ( 27.10902672413230974, 16.68709028560294882, 8.698934546798840373 ) ) ;
#363 = DIRECTION ( 'NONE',  ( 1.000000000000000000, 0.000000000000000000, 0.000000000000000000 ) ) ;
#364 = CARTESIAN_POINT ( 'NONE',  ( 22.13759665443955527, 13.80891001984690902, 20.20497014175271033 ) ) ;
#365 = EDGE_CURVE ( 'NONE', #1975, #361, #1667, .T. ) ;
#366 = ORIENTED_EDGE ( 'NONE', *, *, #4281, .T. ) ;
#367 = DIRECTION ( 'NONE',  ( 0.000000000000000000, -1.000000000000000000, 0.000000000000000000 ) ) ;
#368 = CARTESIAN_POINT ( 'NONE',  ( 24.56044508580538732, -17.96789628720819465, 12.76661171471110912 ) ) ;
#369 = DIRECTION ( 'NONE',  ( 1.000000000000000000, 0.000000000000000000, 0.000000000000000000 ) ) ;
#370 = CC_DESIGN_PERSON_AND_ORGANIZATION_ASSIGNMENT ( #3726, #1343, ( #4456 ) ) ;
#371 = CARTESIAN_POINT ( 'NONE',  ( 17.49999999999992539, -11.75000000000001066, 10.00000000000012079 ) ) ;
#372 = EDGE_LOOP ( 'NONE', ( #1273, #4827 ) ) ;
#373 = FACE_BOUND ( 'NONE', #3055, .T. ) ;
#374 = CARTESIAN_POINT ( 'NONE',  ( 22.28961087400985974, -18.33025117235266777, 16.00921051178324106 ) ) ;
#375 = DIRECTION ( 'NONE',  ( -1.000000000000000000, 8.673617379884035472E-19, -6.994405055138486205E-15 ) ) ;
#376 = CARTESIAN_POINT ( 'NONE',  ( -18.50000000000037303, 11.88690500523278892, 24.60639111409655655 ) ) ;
#377 = DIRECTION ( 'NONE',  ( 0.000000000000000000, -1.000000000000000000, 0.000000000000000000 ) ) ;
#378 = CARTESIAN_POINT ( 'NONE',  ( 0.1183245745532191806, 0.1861669645497054937, 0.000000000000000000 ) ) ;
#379 = VERTEX_POINT ( 'NONE', #3475 ) ;
#380 = DIRECTION ( 'NONE',  ( 0.000000000000000000, 1.000000000000000000, 0.000000000000000000 ) ) ;
#381 = EDGE_CURVE ( 'NONE', #1023, #2627, #4105, .T. ) ;
#382 = CARTESIAN_POINT ( 'NONE',  ( 27.18677324489549818, 15.72239214423735554, 10.14755950104081883 ) ) ;
#383 = CARTESIAN_POINT ( 'NONE',  ( 25.69660873709744919, 17.31605260844875005, 11.35124173414971871 ) ) ;
#384 = CARTESIAN_POINT ( 'NONE',  ( 17.66405098135261298, -9.250783873645740840, 26.29523142683678572 ) ) ;
#385 = ORIENTED_EDGE ( 'NONE', *, *, #245, .T. ) ;
#386 = VERTEX_POINT ( 'NONE', #3532 ) ;
#387 = EDGE_CURVE ( 'NONE', #4436, #2589, #1869, .T. ) ;
#388 = FACE_OUTER_BOUND ( 'NONE', #5338, .T. ) ;
#389 = EDGE_CURVE ( 'NONE', #1744, #4110, #2351, .T. ) ;
#390 = DIRECTION ( 'NONE',  ( 0.000000000000000000, 0.000000000000000000, -1.000000000000000000 ) ) ;
#391 = AXIS2_PLACEMENT_3D ( 'NONE', #3303, #3794, #5148 ) ;
#392 = FACE_BOUND ( 'NONE', #3986, .T. ) ;
#393 = VECTOR ( 'NONE', #2840, 1000.000000000000000 ) ;
#394 = EDGE_LOOP ( 'NONE', ( #2207, #5629, #2042, #1503 ) ) ;
#395 = CARTESIAN_POINT ( 'NONE',  ( 29.99999999999999645, -8.000000000000007105, -4.499999999999573674 ) ) ;
#396 = CARTESIAN_POINT ( 'NONE',  ( 29.99999999999999645, -8.000000000000007105, -2.499999999999571898 ) ) ;
#397 = CARTESIAN_POINT ( 'NONE',  ( -29.00000000000000000, 8.000000000000007105, -2.499999999999571898 ) ) ;
#398 = AXIS2_PLACEMENT_3D ( 'NONE', #5903, #869, #2675 ) ;
#399 = CARTESIAN_POINT ( 'NONE',  ( 29.99999999999999645, -8.000000000000007105, -2.499999999999571898 ) ) ;
#400 = VECTOR ( 'NONE', #2190, 1000.000000000000000 ) ;
#401 = ORIENTED_EDGE ( 'NONE', *, *, #4025, .F. ) ;
#402 = DIRECTION ( 'NONE',  ( -1.000000000000000000, 0.000000000000000000, -6.938893903907222067E-15 ) ) ;
#403 = LINE ( 'NONE', #1366, #2546 ) ;
#404 = LINE ( 'NONE', #2243, #5235 ) ;
#405 = CARTESIAN_POINT ( 'NONE',  ( -18.47092786861659164, 12.03269788163976095, 24.55732153958029329 ) ) ;
#406 = CIRCLE ( 'NONE', #1186, 13.74772708486752393 ) ;
#407 = DIRECTION ( 'NONE',  ( 0.000000000000000000, 0.000000000000000000, 1.000000000000000000 ) ) ;
#408 = ORIENTED_EDGE ( 'NONE', *, *, #1658, .T. ) ;
#409 = CYLINDRICAL_SURFACE ( 'NONE', #1940, 3.000000000000002665 ) ;
#410 = CIRCLE ( 'NONE', #3778, 2.999999999999999112 ) ;
#411 = LINE ( 'NONE', #4097, #2152 ) ;
#412 = ADVANCED_FACE ( 'NONE', ( #857 ), #3999, .T. ) ;
#413 = CARTESIAN_POINT ( 'NONE',  ( -29.00000000000000000, 8.000000000000007105, -2.499999999999571898 ) ) ;
#414 = LINE ( 'NONE', #2340, #358 ) ;
#415 = ORIENTED_EDGE ( 'NONE', *, *, #2827, .T. ) ;
#416 = CIRCLE ( 'NONE', #1862, 32.35351603767355044 ) ;
#417 = VERTEX_POINT ( 'NONE', #2689 ) ;
#418 = CARTESIAN_POINT ( 'NONE',  ( 21.22242664820894475, 16.51446327184977036, 19.13113407008848199 ) ) ;
#419 = AXIS2_PLACEMENT_3D ( 'NONE', #3869, #1060, #574 ) ;
#420 = CARTESIAN_POINT ( 'NONE',  ( 19.11041078201514409, -13.66221785191146232, 15.00000000000013856 ) ) ;
#421 = DIRECTION ( 'NONE',  ( 0.000000000000000000, 0.000000000000000000, 1.000000000000000000 ) ) ;
#422 = LINE ( 'NONE', #2289, #3396 ) ;
#423 = VECTOR ( 'NONE', #4083, 1000.000000000000000 ) ;
#424 = ORIENTED_EDGE ( 'NONE', *, *, #4035, .F. ) ;
#425 = CARTESIAN_POINT ( 'NONE',  ( 22.18677324489542357, 15.99999999999998579, 33.00100000000038847 ) ) ;
#426 = AXIS2_PLACEMENT_3D ( 'NONE', #276, #2144, #4019 ) ;
#427 = CARTESIAN_POINT ( 'NONE',  ( 23.20986561124989933, 14.24731678686482717, 18.63760893032954868 ) ) ;
#428 = VERTEX_POINT ( 'NONE', #801 ) ;
#429 = FACE_OUTER_BOUND ( 'NONE', #5732, .T. ) ;
#430 = B_SPLINE_CURVE_WITH_KNOTS ( 'NONE', 3,
 ( #5560, #4759, #626, #3727, #5111, #4490, #4881, #5750, #3538, #3884, #5356, #719, #775, #5270, #262, #1599, #1711, #4903, #5721, #2127, #5380, #2606, #3973, #3009, #1227, #1685, #5834, #3512, #747, #5807 ),
 .UNSPECIFIED., .F., .F.,
 ( 4, 2, 2, 2, 2, 2, 2, 2, 2, 2, 2, 2, 2, 2, 4 ),
 ( 0.0002181685945963653106, 0.0008648738454642503114, 0.001188226470898189925, 0.001511579096332129647, 0.001834931721766069153, 0.002158284347200008658, 0.002804989598067890270, 0.003451694848935771883, 0.004098400099803654363, 0.005391810601539423660, 0.006685221103275192089, 0.007978631605010961386, 0.009272042106746728948, 0.009918747357614615331, 0.01056545260848250171 ),
 .UNSPECIFIED. ) ;
#431 = ORIENTED_EDGE ( 'NONE', *, *, #2632, .T. ) ;
#432 = DIRECTION ( 'NONE',  ( 1.000000000000000000, 0.000000000000000000, 6.994405055138490149E-15 ) ) ;
#433 = DIRECTION ( 'NONE',  ( 6.980527267330673326E-15, 1.387778780781445984E-17, -1.000000000000000000 ) ) ;
#434 = DIRECTION ( 'NONE',  ( -1.000000000000000000, 8.673617379884035472E-19, -6.994405055138486205E-15 ) ) ;
#435 = CARTESIAN_POINT ( 'NONE',  ( 18.02160087781253495, -12.61566245937894593, 24.59857126691485973 ) ) ;
#436 = DIRECTION ( 'NONE',  ( 0.000000000000000000, 0.000000000000000000, -1.000000000000000000 ) ) ;
#437 = EDGE_LOOP ( 'NONE', ( #1304, #4430, #2396, #2085 ) ) ;
#438 = ORIENTED_EDGE ( 'NONE', *, *, #153, .F. ) ;
#439 = CARTESIAN_POINT ( 'NONE',  ( -6.500000000000000888, -35.00000000000000000, 12.00000000000021849 ) ) ;
#440 = FACE_OUTER_BOUND ( 'NONE', #2684, .T. ) ;
#441 = APPROVAL_DATE_TIME ( #4212, #3572 ) ;
#442 = EDGE_CURVE ( 'NONE', #1496, #5006, #831, .T. ) ;
#443 = CYLINDRICAL_SURFACE ( 'NONE', #2411, 2.500000000000000444 ) ;
#444 = FACE_OUTER_BOUND ( 'NONE', #2990, .T. ) ;
#445 = VERTEX_POINT ( 'NONE', #2663 ) ;
#446 = ORIENTED_EDGE ( 'NONE', *, *, #4510, .F. ) ;
#447 = EDGE_CURVE ( 'NONE', #5196, #4055, #2238, .T. ) ;
#448 = CARTESIAN_POINT ( 'NONE',  ( -17.50000000000022737, -11.75000000000001066, 30.31288913245512617 ) ) ;
#449 = ORIENTED_EDGE ( 'NONE', *, *, #939, .F. ) ;
#450 = AXIS2_PLACEMENT_3D ( 'NONE', #5611, #944, #1901 ) ;
#451 = CARTESIAN_POINT ( 'NONE',  ( 29.99999999999999289, 11.99999999999998224, -2.499999999999586109 ) ) ;
#452 = LINE ( 'NONE', #1326, #1594 ) ;
#453 = EDGE_CURVE ( 'NONE', #4561, #3426, #57, .T. ) ;
#454 = DIRECTION ( 'NONE',  ( -1.000000000000000000, 1.224646799147285661E-16, 0.000000000000000000 ) ) ;
#455 = EDGE_CURVE ( 'NONE', #688, #1721, #5118, .T. ) ;
#456 = EDGE_LOOP ( 'NONE', ( #2388, #1164, #2690, #2357 ) ) ;
#457 = CARTESIAN_POINT ( 'NONE',  ( -22.00000000000001421, -2.775557561562891351E-14, 1.387778780781445676E-14 ) ) ;
#458 = CARTESIAN_POINT ( 'NONE',  ( 25.54179685751114803, 14.51571127388458926, 15.03623490270626206 ) ) ;
#459 = FACE_OUTER_BOUND ( 'NONE', #4279, .T. ) ;
#460 = VERTEX_POINT ( 'NONE', #4051 ) ;
#461 = CARTESIAN_POINT ( 'NONE',  ( -27.18677324489572911, 15.99999999999998579, 9.689136211790112085 ) ) ;
#462 = CARTESIAN_POINT ( 'NONE',  ( -17.49706752559287892, 10.74257135323279400, 25.83549183317056475 ) ) ;
#463 = CARTESIAN_POINT ( 'NONE',  ( -21.33298685284997731, 15.07484961840024873, 20.16562870130131202 ) ) ;
#464 = CARTESIAN_POINT ( 'NONE',  ( 27.18677324489565450, 15.99999999999998579, 2.013528233035799531E-13 ) ) ;
#465 = LINE ( 'NONE', #3628, #1547 ) ;
#466 = ORIENTED_EDGE ( 'NONE', *, *, #3896, .T. ) ;
#467 = LINE ( 'NONE', #1821, #2910 ) ;
#468 = FACE_BOUND ( 'NONE', #2678, .T. ) ;
#469 = DATE_AND_TIME ( #3268, #1362 ) ;
#470 = PLANE ( 'NONE',  #587 ) ;
#471 = CARTESIAN_POINT ( 'NONE',  ( 22.19144533309611234, -15.83795876056424667, 18.59327892564285278 ) ) ;
#472 = VERTEX_POINT ( 'NONE', #5124 ) ;
#473 = ORIENTED_EDGE ( 'NONE', *, *, #1750, .F. ) ;
#474 = DIRECTION ( 'NONE',  ( 0.000000000000000000, 0.000000000000000000, 1.000000000000000000 ) ) ;
#475 = EDGE_CURVE ( 'NONE', #1023, #55, #5886, .T. ) ;
#476 = CARTESIAN_POINT ( 'NONE',  ( -16.06370987787452620, -9.695461463951335901, 27.14757904962793589 ) ) ;
#477 = CARTESIAN_POINT ( 'NONE',  ( -17.50000000000022737, -11.75000000000001066, 30.31288913245512617 ) ) ;
#478 = LINE ( 'NONE', #5914, #487 ) ;
#479 = VECTOR ( 'NONE', #553, 1000.000000000000000 ) ;
#480 = VERTEX_POINT ( 'NONE', #3594 ) ;
#481 = CARTESIAN_POINT ( 'NONE',  ( -30.00000000000000000, 9.499999999999980460, -2.499999999999571898 ) ) ;
#482 = ADVANCED_FACE ( 'NONE', ( #1000, #1731 ), #5435, .T. ) ;
#483 = CARTESIAN_POINT ( 'NONE',  ( 29.99999999999999645, -10.50000000000000888, -4.499999999999573674 ) ) ;
#484 = CARTESIAN_POINT ( 'NONE',  ( -30.00000000000000000, 0.000000000000000000, 3.799999999999791989 ) ) ;
#485 = ORIENTED_EDGE ( 'NONE', *, *, #3929, .T. ) ;
#486 = CARTESIAN_POINT ( 'NONE',  ( -22.32630089591845746, 13.63242784994042722, 20.11883133688016656 ) ) ;
#487 = VECTOR ( 'NONE', #3640, 1000.000000000000000 ) ;
#488 = CARTESIAN_POINT ( 'NONE',  ( -27.02624654852904484, -15.00159840013721535, 11.56802544855512593 ) ) ;
#489 = ADVANCED_FACE ( 'NONE', ( #1422, #3120 ), #2835, .F. ) ;
#490 = CARTESIAN_POINT ( 'NONE',  ( 16.69195951967267177, -12.35072787939120076, 25.64879613126110414 ) ) ;
#491 = CARTESIAN_POINT ( 'NONE',  ( -24.64624033647426415, 14.04187570607698454, 16.86906970921900140 ) ) ;
#492 = ORIENTED_EDGE ( 'NONE', *, *, #2868, .F. ) ;
#493 = EDGE_CURVE ( 'NONE', #5702, #151, #5796, .T. ) ;
#494 = CARTESIAN_POINT ( 'NONE',  ( -19.98232958173554152, 11.41305449650145043, 23.65342074183305243 ) ) ;
#495 = VECTOR ( 'NONE', #1649, 1000.000000000000000 ) ;
#496 = FACE_BOUND ( 'NONE', #5478, .T. ) ;
#497 = DATE_TIME_ROLE ( 'creation_date' ) ;
#498 = CARTESIAN_POINT ( 'NONE',  ( 22.18677324489552305, 15.99999999999998224, 18.45933620094690397 ) ) ;
#499 = AXIS2_PLACEMENT_3D ( 'NONE', #4160, #4190, #2743 ) ;
#500 = CARTESIAN_POINT ( 'NONE',  ( -28.99999999999999645, -12.50000000000001066, -4.999999999999990230 ) ) ;
#501 = ORIENTED_EDGE ( 'NONE', *, *, #4348, .F. ) ;
#502 = ORIENTED_EDGE ( 'NONE', *, *, #3045, .F. ) ;
#503 = EDGE_CURVE ( 'NONE', #3068, #4469, #895, .T. ) ;
#504 = DIRECTION ( 'NONE',  ( 0.000000000000000000, -1.000000000000000000, 0.000000000000000000 ) ) ;
#505 = VECTOR ( 'NONE', #2511, 1000.000000000000000 ) ;
#506 = B_SPLINE_CURVE_WITH_KNOTS ( 'NONE', 3,
 ( #5912, #5541, #1350, #1781, #2347, #5091, #2257, #1832, #2770, #476, #962, #2746, #2312, #507, #3666, #3638, #2830, #4161, #5035, #4191, #3275, #4674, #2285, #4586, #5938, #5119, #936, #994 ),
 .UNSPECIFIED., .F., .F.,
 ( 4, 2, 2, 2, 2, 2, 2, 2, 2, 2, 2, 2, 2, 4 ),
 ( 0.007546294321674275156, 0.008111028437232502969, 0.008675762552790731649, 0.009240496668348960330, 0.009805230783907189010, 0.01036996489946541769, 0.01093469901502364637, 0.01149943313058187505, 0.01206416724614010200, 0.01319363547725655415, 0.01432310370837300458, 0.01488783782393122979, 0.01545257193948945673, 0.01658204017060591756 ),
 .UNSPECIFIED. ) ;
#507 = CARTESIAN_POINT ( 'NONE',  ( -17.02394370488781661, -9.289900385901111335, 26.70055344600632452 ) ) ;
#508 = AXIS2_PLACEMENT_3D ( 'NONE', #1751, #2174, #3584 ) ;
#509 = PLANE ( 'NONE',  #1007 ) ;
#510 = ORIENTED_EDGE ( 'NONE', *, *, #3979, .T. ) ;
#511 = PLANE ( 'NONE',  #2518 ) ;
#512 = DIRECTION ( 'NONE',  ( -1.000000000000000000, 8.673617379884035472E-19, -6.994405055138486205E-15 ) ) ;
#513 = VECTOR ( 'NONE', #5474, 1000.000000000000000 ) ;
#514 = ORIENTED_EDGE ( 'NONE', *, *, #567, .F. ) ;
#515 = DIRECTION ( 'NONE',  ( -1.000000000000000000, 8.673617379884035472E-19, -6.994405055138486205E-15 ) ) ;
#516 = CARTESIAN_POINT ( 'NONE',  ( 29.99999999999999645, -7.500000000000007105, 2.220446049250313081E-13 ) ) ;
#517 = VECTOR ( 'NONE', #1376, 1000.000000000000000 ) ;
#518 = FACE_OUTER_BOUND ( 'NONE', #3730, .T. ) ;
#519 = ADVANCED_FACE ( 'NONE', ( #5669 ), #605, .F. ) ;
#520 = ADVANCED_FACE ( 'NONE', ( #2863 ), #4772, .T. ) ;
#521 = VECTOR ( 'NONE', #4869, 1000.000000000000000 ) ;
#522 = ORIENTED_EDGE ( 'NONE', *, *, #453, .F. ) ;
#523 = CARTESIAN_POINT ( 'NONE',  ( 21.33298685284972152, -15.07484961840033222, 15.00000000000015277 ) ) ;
#524 = CARTESIAN_POINT ( 'NONE',  ( -18.50000000000029132, 11.61329995800051407, 24.73669722396297743 ) ) ;
#525 = CARTESIAN_POINT ( 'NONE',  ( 18.30844346851106508, 14.11909329880412045, 23.54723850292287324 ) ) ;
#526 = FACE_OUTER_BOUND ( 'NONE', #1518, .T. ) ;
#527 = EDGE_LOOP ( 'NONE', ( #4081, #1693 ) ) ;
#528 = CARTESIAN_POINT ( 'NONE',  ( -15.78011201775335692, 9.926230459641036674, 27.23038603901816046 ) ) ;
#529 = EDGE_CURVE ( 'NONE', #1388, #3862, #5157, .T. ) ;
#530 = CARTESIAN_POINT ( 'NONE',  ( -29.00000000000000000, 0.000000000000000000, 0.000000000000000000 ) ) ;
#531 = CARTESIAN_POINT ( 'NONE',  ( 17.65692504752743019, 9.250227432253705473, 26.30022633130840859 ) ) ;
#532 = DIRECTION ( 'NONE',  ( 6.980527267330673326E-15, 1.387778780781445984E-17, -1.000000000000000000 ) ) ;
#533 = ORIENTED_EDGE ( 'NONE', *, *, #2287, .F. ) ;
#534 = ORIENTED_EDGE ( 'NONE', *, *, #2849, .T. ) ;
#535 = CARTESIAN_POINT ( 'NONE',  ( 19.91502058360500627, -12.39627825335809419, 15.00000000000013856 ) ) ;
#536 = DIRECTION ( 'NONE',  ( -1.000000000000000000, 0.000000000000000000, 0.000000000000000000 ) ) ;
#537 = DIRECTION ( 'NONE',  ( 0.000000000000000000, 0.000000000000000000, 1.000000000000000000 ) ) ;
#538 = DIRECTION ( 'NONE',  ( -0.8439597323689255193, -0.5364065343932450380, -1.387778780781445367E-17 ) ) ;
#539 = EDGE_LOOP ( 'NONE', ( #2009, #357, #1471, #271, #5531, #3830, #3265, #5772 ) ) ;
#540 = ORIENTED_EDGE ( 'NONE', *, *, #3113, .F. ) ;
#541 = DIRECTION ( 'NONE',  ( -0.8439597323689256303, 0.5364065343932449270, -1.561251128379126077E-17 ) ) ;
#542 = B_SPLINE_CURVE_WITH_KNOTS ( 'NONE', 3,
 ( #4756, #2978, #623, #283, #1113, #2949, #2461, #1528, #4789, #3479, #3452, #2490, #4848, #5296, #4305, #1167, #231, #717 ),
 .UNSPECIFIED., .F., .F.,
 ( 4, 2, 2, 2, 2, 2, 2, 2, 4 ),
 ( 0.006086638513046536796, 0.006312243737203050709, 0.006537848961359563754, 0.006989059409672595917, 0.007440269857985628080, 0.007891480306298659375, 0.008793901202924716762, 0.009245111651237748057, 0.009696322099550781087 ),
 .UNSPECIFIED. ) ;
#543 = ORIENTED_EDGE ( 'NONE', *, *, #823, .F. ) ;
#544 = CARTESIAN_POINT ( 'NONE',  ( 29.99999999999999645, 9.499999999999980460, -4.499999999999573674 ) ) ;
#545 = CARTESIAN_POINT ( 'NONE',  ( 15.01031950751340105, -12.00961014816903649, 26.82312477088652258 ) ) ;
#546 = DIRECTION ( 'NONE',  ( -1.000000000000000000, 0.000000000000000000, -6.938893903907232322E-15 ) ) ;
#547 = B_SPLINE_CURVE_WITH_KNOTS ( 'NONE', 3,
 ( #5406, #4963, #834, #773, #4513, #1764, #4004, #2579, #1312, #1683, #5378, #3598, #5354, #5439, #3150, #4989, #3941, #5326, #1201, #1224, #3063, #4931 ),
 .UNSPECIFIED., .F., .F.,
 ( 4, 2, 2, 2, 2, 2, 2, 2, 2, 2, 4 ),
 ( 0.007149976261767687115, 0.007635972518133938951, 0.007878970646317066603, 0.008121968774500195123, 0.008607965030866452164, 0.009093961287232707469, 0.009579957543598964509, 0.01006595379996521981, 0.01055195005633147685, 0.01079494818451460711, 0.01103794631269773736 ),
 .UNSPECIFIED. ) ;
#548 = EDGE_CURVE ( 'NONE', #5486, #871, #1757, .T. ) ;
#549 = VERTEX_POINT ( 'NONE', #1128 ) ;
#550 = CARTESIAN_POINT ( 'NONE',  ( -24.18677324489588187, -16.00000000000001421, 33.00100000000008293 ) ) ;
#551 = DIRECTION ( 'NONE',  ( 6.980527267330673326E-15, 1.387778780781445984E-17, -1.000000000000000000 ) ) ;
#552 = CYLINDRICAL_SURFACE ( 'NONE', #338, 0.7500000000000006661 ) ;
#553 = DIRECTION ( 'NONE',  ( 1.000000000000000000, -0.000000000000000000, -0.000000000000000000 ) ) ;
#554 = EDGE_LOOP ( 'NONE', ( #5576, #4403, #997, #1259 ) ) ;
#555 = CARTESIAN_POINT ( 'NONE',  ( -15.64650384908444103, 10.06185287865705646, 27.25768576260764675 ) ) ;
#556 = ORIENTED_EDGE ( 'NONE', *, *, #197, .T. ) ;
#557 = DIRECTION ( 'NONE',  ( -1.000000000000000000, 0.000000000000000000, 0.000000000000000000 ) ) ;
#558 = CARTESIAN_POINT ( 'NONE',  ( 18.52892800262057094, 9.466882766724724618, 25.61430602415243385 ) ) ;
#559 = ADVANCED_FACE ( 'NONE', ( #1096, #5281 ), #1057, .F. ) ;
#560 = CARTESIAN_POINT ( 'NONE',  ( 17.49999999999978684, 11.74999999999998224, 30.31288913245536065 ) ) ;
#561 = ORIENTED_EDGE ( 'NONE', *, *, #576, .F. ) ;
#562 = ORIENTED_EDGE ( 'NONE', *, *, #2804, .T. ) ;
#563 = CARTESIAN_POINT ( 'NONE',  ( 0.7368026580509516865, -19.81467925593094392, 26.37883659338694642 ) ) ;
#564 = LINE ( 'NONE', #5662, #3587 ) ;
#565 = CARTESIAN_POINT ( 'NONE',  ( -30.00000000000000000, -12.50000000000001066, -4.999999999999990230 ) ) ;
#566 = DIRECTION ( 'NONE',  ( 1.000000000000000000, 0.000000000000000000, 0.000000000000000000 ) ) ;
#567 = EDGE_CURVE ( 'NONE', #151, #2525, #1481, .T. ) ;
#568 = ORIENTED_EDGE ( 'NONE', *, *, #4366, .T. ) ;
#569 = VERTEX_POINT ( 'NONE', #3804 ) ;
#570 = DIRECTION ( 'NONE',  ( 6.980527267330673326E-15, 1.387778780781445984E-17, -1.000000000000000000 ) ) ;
#571 = ADVANCED_FACE ( 'NONE', ( #5604 ), #5216, .F. ) ;
#572 = EDGE_LOOP ( 'NONE', ( #3738, #4434 ) ) ;
#573 = CARTESIAN_POINT ( 'NONE',  ( 29.99999999999999645, 11.99999999999998224, -4.499999999999573674 ) ) ;
#574 = DIRECTION ( 'NONE',  ( -1.000000000000000000, 0.000000000000000000, -6.994405055138514604E-15 ) ) ;
#575 = DIRECTION ( 'NONE',  ( 6.980527267330673326E-15, 1.387778780781445984E-17, -1.000000000000000000 ) ) ;
#576 = EDGE_CURVE ( 'NONE', #3550, #1153, #3315, .T. ) ;
#577 = EDGE_CURVE ( 'NONE', #2775, #171, #1030, .T. ) ;
#578 = AXIS2_PLACEMENT_3D ( 'NONE', #1245, #2180, #2294 ) ;
#579 = ORIENTED_EDGE ( 'NONE', *, *, #2645, .F. ) ;
#580 = DIRECTION ( 'NONE',  ( 0.000000000000000000, 0.000000000000000000, 1.000000000000000000 ) ) ;
#581 = CARTESIAN_POINT ( 'NONE',  ( -24.18677324489588898, 15.99999999999998579, 33.00100000000008293 ) ) ;
#582 = CARTESIAN_POINT ( 'NONE',  ( 28.99999999999999289, -10.50000000000000888, -4.499999999999573674 ) ) ;
#583 = CARTESIAN_POINT ( 'NONE',  ( -22.19144533309638589, 15.83795876056420049, 18.59327892564257567 ) ) ;
#584 = VECTOR ( 'NONE', #255, 1000.000000000000000 ) ;
#585 = EDGE_LOOP ( 'NONE', ( #2489, #1212, #5740, #4334 ) ) ;
#586 = CARTESIAN_POINT ( 'NONE',  ( -29.00000000000000000, 11.99999999999998224, -2.499999999999571898 ) ) ;
#587 = AXIS2_PLACEMENT_3D ( 'NONE', #4579, #5416, #4124 ) ;
#588 = ORIENTED_EDGE ( 'NONE', *, *, #442, .F. ) ;
#589 = DIRECTION ( 'NONE',  ( -1.000000000000000000, 0.000000000000000000, 0.000000000000000000 ) ) ;
#590 = CARTESIAN_POINT ( 'NONE',  ( -17.50000000000022737, -11.75000000000001066, 30.31288913245512617 ) ) ;
#591 = DIRECTION ( 'NONE',  ( -1.000000000000000000, 0.000000000000000000, 0.000000000000000000 ) ) ;
#592 = FACE_BOUND ( 'NONE', #2377, .T. ) ;
#593 = ORIENTED_EDGE ( 'NONE', *, *, #2034, .F. ) ;
#594 = VECTOR ( 'NONE', #4372, 1000.000000000000000 ) ;
#595 = ORIENTED_EDGE ( 'NONE', *, *, #3978, .F. ) ;
#596 = DIRECTION ( 'NONE',  ( 0.8439597323689269626, 0.5364065343932427066, 5.731526364627370640E-15 ) ) ;
#597 = VECTOR ( 'NONE', #1999, 1000.000000000000000 ) ;
#598 = EDGE_CURVE ( 'NONE', #3854, #288, #84, .T. ) ;
#599 = CARTESIAN_POINT ( 'NONE',  ( -0.9063623313933424352, -20.12648947266589872, 26.13680980783253460 ) ) ;
#600 = DIRECTION ( 'NONE',  ( 0.000000000000000000, 1.000000000000000000, 0.000000000000000000 ) ) ;
#601 = CARTESIAN_POINT ( 'NONE',  ( -17.50000000000008171, -11.75000000000001066, 9.999999999999870326 ) ) ;
#602 = ORIENTED_EDGE ( 'NONE', *, *, #2, .T. ) ;
#603 = VECTOR ( 'NONE', #32, 1000.000000000000000 ) ;
#604 = ORIENTED_EDGE ( 'NONE', *, *, #5245, .F. ) ;
#605 = CYLINDRICAL_SURFACE ( 'NONE', #4074, 1.000000000000004441 ) ;
#606 = AXIS2_PLACEMENT_3D ( 'NONE', #4727, #3368, #2398 ) ;
#607 = AXIS2_PLACEMENT_3D ( 'NONE', #3416, #4292, #1614 ) ;
#608 = ORIENTED_EDGE ( 'NONE', *, *, #1524, .F. ) ;
#609 = CYLINDRICAL_SURFACE ( 'NONE', #2335, 2.000000000000001776 ) ;
#610 = DIRECTION ( 'NONE',  ( 0.000000000000000000, 0.000000000000000000, -1.000000000000000000 ) ) ;
#611 = DIRECTION ( 'NONE',  ( 0.000000000000000000, 0.000000000000000000, 1.000000000000000000 ) ) ;
#612 = VECTOR ( 'NONE', #3487, 1000.000000000000000 ) ;
#613 = ORIENTED_EDGE ( 'NONE', *, *, #2191, .F. ) ;
#614 = LINE ( 'NONE', #5229, #1760 ) ;
#615 = AXIS2_PLACEMENT_3D ( 'NONE', #4240, #97, #3791 ) ;
#616 = CARTESIAN_POINT ( 'NONE',  ( 28.99999999999999289, -7.500000000000007105, 3.000000000000002665 ) ) ;
#617 = CARTESIAN_POINT ( 'NONE',  ( 0.6934172267950431401, -24.51780564158267950, 24.96844009923155028 ) ) ;
#618 = CARTESIAN_POINT ( 'NONE',  ( -23.91841414051309300, 14.01322248316485819, 17.90483478579419341 ) ) ;
#619 = VERTEX_POINT ( 'NONE', #5638 ) ;
#620 = CARTESIAN_POINT ( 'NONE',  ( -20.00000000000016698, 11.74999999999998224, 23.47205785609762074 ) ) ;
#621 = VECTOR ( 'NONE', #5542, 1000.000000000000000 ) ;
#622 = EDGE_LOOP ( 'NONE', ( #3313, #401, #2954, #1095 ) ) ;
#623 = CARTESIAN_POINT ( 'NONE',  ( 18.49290607204892112, 11.88908126110078278, 24.61032109735722528 ) ) ;
#624 = DIRECTION ( 'NONE',  ( 0.000000000000000000, 0.000000000000000000, -1.000000000000000000 ) ) ;
#625 = CONICAL_SURFACE ( 'NONE', #2166, 34.00000000000000000, 0.05235987755982983438 ) ;
#626 = CARTESIAN_POINT ( 'NONE',  ( -26.17503561731979644, -16.27031137340492251, 11.79795872719949479 ) ) ;
#627 = CARTESIAN_POINT ( 'NONE',  ( 22.90115868095262641, -14.29421713193682031, 15.00000000000016520 ) ) ;
#628 = ORIENTED_EDGE ( 'NONE', *, *, #5083, .F. ) ;
#629 = VERTEX_POINT ( 'NONE', #1511 ) ;
#630 = DIRECTION ( 'NONE',  ( 0.000000000000000000, 1.000000000000000000, 0.000000000000000000 ) ) ;
#631 = ADVANCED_FACE ( 'NONE', ( #4736 ), #3412, .T. ) ;
#632 = CARTESIAN_POINT ( 'NONE',  ( 22.32493647497412681, 13.63370389952459227, 20.11945416119296226 ) ) ;
#633 = CARTESIAN_POINT ( 'NONE',  ( 30.00000000000000355, 7.500000000000007105, 3.000000000000016431 ) ) ;
#634 = DIRECTION ( 'NONE',  ( -6.994405055138486205E-15, -1.387778780781445984E-17, 1.000000000000000000 ) ) ;
#635 = CARTESIAN_POINT ( 'NONE',  ( -22.90115868095296037, -14.29421713193679366, 30.31288913245506933 ) ) ;
#636 = EDGE_LOOP ( 'NONE', ( #4975, #5888, #3096, #4877 ) ) ;
#637 = EDGE_CURVE ( 'NONE', #1017, #3790, #3865, .T. ) ;
#638 = ORIENTED_EDGE ( 'NONE', *, *, #1393, .T. ) ;
#639 = VERTEX_POINT ( 'NONE', #149 ) ;
#640 = DIRECTION ( 'NONE',  ( 6.994405055138486205E-15, 1.387778780781445984E-17, -1.000000000000000000 ) ) ;
#641 = ORIENTED_EDGE ( 'NONE', *, *, #2113, .F. ) ;
#642 = LINE ( 'NONE', #3807, #4557 ) ;
#643 = EDGE_CURVE ( 'NONE', #2370, #5011, #3016, .T. ) ;
#644 = FACE_OUTER_BOUND ( 'NONE', #5815, .T. ) ;
#645 = CARTESIAN_POINT ( 'NONE',  ( 25.53819322134280512, -14.51278495291656156, 15.04501711396467023 ) ) ;
#646 = EDGE_CURVE ( 'NONE', #2525, #4677, #4555, .T. ) ;
#647 = VERTEX_POINT ( 'NONE', #2932 ) ;
#648 = CARTESIAN_POINT ( 'NONE',  ( -2.075162958137255487E-13, 2.775557561562891351E-14, 29.79999999999999361 ) ) ;
#649 = AXIS2_PLACEMENT_3D ( 'NONE', #3634, #4550, #3270 ) ;
#650 = FACE_OUTER_BOUND ( 'NONE', #1104, .T. ) ;
#651 = LINE ( 'NONE', #5798, #968 ) ;
#652 = EDGE_CURVE ( 'NONE', #5191, #4734, #2325, .T. ) ;
#653 = CYLINDRICAL_SURFACE ( 'NONE', #4548, 0.7500000000000006661 ) ;
#654 = ORIENTED_EDGE ( 'NONE', *, *, #4728, .T. ) ;
#655 = CARTESIAN_POINT ( 'NONE',  ( -25.92511235742970399, -18.44782896062410771, 8.751919002496880040 ) ) ;
#656 = CARTESIAN_POINT ( 'NONE',  ( 18.37841001309947586, 11.25643998605192841, 24.99098493923358788 ) ) ;
#657 = CARTESIAN_POINT ( 'NONE',  ( 19.13994383419249701, 9.857534852764141320, 25.01053769024462170 ) ) ;
#658 = CARTESIAN_POINT ( 'NONE',  ( -27.08196834670830100, 16.79636100640629337, 8.572025317320811411 ) ) ;
#659 = EDGE_LOOP ( 'NONE', ( #2291, #1701, #4256, #1092 ) ) ;
#660 = CARTESIAN_POINT ( 'NONE',  ( 26.58180962960285498, -14.17774060064762054, 13.47907248446441209 ) ) ;
#661 = DIRECTION ( 'NONE',  ( 0.000000000000000000, -1.000000000000000000, 0.000000000000000000 ) ) ;
#662 = CARTESIAN_POINT ( 'NONE',  ( 24.18677324489563674, -16.00000000000001421, 2.000000000000168310 ) ) ;
#663 = CARTESIAN_POINT ( 'NONE',  ( 28.99999999999999289, 11.99999999999998224, -2.499999999999571898 ) ) ;
#664 = LINE ( 'NONE', #5781, #2449 ) ;
#665 = ORIENTED_EDGE ( 'NONE', *, *, #3151, .F. ) ;
#666 = ORIENTED_EDGE ( 'NONE', *, *, #274, .T. ) ;
#667 = ORIENTED_EDGE ( 'NONE', *, *, #767, .T. ) ;
#668 = EDGE_CURVE ( 'NONE', #4302, #3636, #181, .T. ) ;
#669 = DIRECTION ( 'NONE',  ( -0.8439597323689266295, -0.5364065343932433727, -5.759281940242999553E-15 ) ) ;
#670 = DIRECTION ( 'NONE',  ( -6.938893903907229918E-18, 8.743006318923109728E-16, -1.000000000000000000 ) ) ;
#671 = CARTESIAN_POINT ( 'NONE',  ( -24.18677324489567226, 15.99999999999995914, 1.999999999999835243 ) ) ;
#672 = CARTESIAN_POINT ( 'NONE',  ( 15.31487966144870683, -10.52099319931823906, 27.27267618791936599 ) ) ;
#673 = ADVANCED_FACE ( 'NONE', ( #4948, #5339 ), #3952, .F. ) ;
#674 = ORIENTED_EDGE ( 'NONE', *, *, #3497, .F. ) ;
#675 = LINE ( 'NONE', #4265, #5901 ) ;
#676 = DIRECTION ( 'NONE',  ( -1.000000000000000000, 8.673617379884035472E-19, -6.994405055138486205E-15 ) ) ;
#677 = DIRECTION ( 'NONE',  ( 0.000000000000000000, -1.000000000000000000, 0.000000000000000000 ) ) ;
#678 = CARTESIAN_POINT ( 'NONE',  ( 16.49999999999896616, -11.75000000000089173, 26.05163142684187960 ) ) ;
#679 = CARTESIAN_POINT ( 'NONE',  ( -22.18677324489578240, 15.99999999999997868, 18.45933620094658778 ) ) ;
#680 = EDGE_CURVE ( 'NONE', #991, #147, #4645, .T. ) ;
#681 = ORIENTED_EDGE ( 'NONE', *, *, #2315, .T. ) ;
#682 = CARTESIAN_POINT ( 'NONE',  ( -24.15135760926201058, -19.00371177466024619, 12.02868856942330744 ) ) ;
#683 = CARTESIAN_POINT ( 'NONE',  ( 16.52901990247585218, 11.46681156605467500, 26.15964633082825586 ) ) ;
#684 = AXIS2_PLACEMENT_3D ( 'NONE', #2514, #1592, #1163 ) ;
#685 = LINE ( 'NONE', #5328, #882 ) ;
#686 = CARTESIAN_POINT ( 'NONE',  ( -3.766518347214642404E-13, 0.000000000000000000, 54.00000000000000711 ) ) ;
#687 = ORIENTED_EDGE ( 'NONE', *, *, #4222, .F. ) ;
#688 = VERTEX_POINT ( 'NONE', #2591 ) ;
#689 = CARTESIAN_POINT ( 'NONE',  ( 21.33298685284968599, 15.07484961840030380, 20.16562870130160334 ) ) ;
#690 = DIRECTION ( 'NONE',  ( 1.000000000000000000, 0.000000000000000000, 0.000000000000000000 ) ) ;
#691 = CARTESIAN_POINT ( 'NONE',  ( -29.99999999999998579, -13.74772708486760031, -2.000000000000210054 ) ) ;
#692 = VECTOR ( 'NONE', #3761, 1000.000000000000000 ) ;
#693 = CARTESIAN_POINT ( 'NONE',  ( -32.00000000000000000, 0.000000000000000000, 3.799999999999778222 ) ) ;
#694 = ORIENTED_EDGE ( 'NONE', *, *, #4654, .F. ) ;
#695 = ADVANCED_FACE ( 'NONE', ( #4891 ), #273, .F. ) ;
#696 = EDGE_LOOP ( 'NONE', ( #4623, #4567 ) ) ;
#697 = ORIENTED_EDGE ( 'NONE', *, *, #303, .T. ) ;
#698 = DIRECTION ( 'NONE',  ( -6.938893903907229918E-18, 8.743006318923108742E-16, -1.000000000000000000 ) ) ;
#699 = AXIS2_PLACEMENT_3D ( 'NONE', #4784, #1162, #4267 ) ;
#700 = CARTESIAN_POINT ( 'NONE',  ( 6.505213034913026604E-16, -2.775557561562891351E-14, 35.00000000000000000 ) ) ;
#701 = CIRCLE ( 'NONE', #3980, 0.7500000000000006661 ) ;
#702 = CARTESIAN_POINT ( 'NONE',  ( 17.49999999999992895, 11.75000000000001066, 10.00000000000012079 ) ) ;
#703 = VECTOR ( 'NONE', #1084, 1000.000000000000000 ) ;
#704 = B_SPLINE_CURVE_WITH_KNOTS ( 'NONE', 3,
 ( #463, #6, #1849, #2080, #5303, #3046 ),
 .UNSPECIFIED., .F., .F.,
 ( 4, 2, 4 ),
 ( 0.01579363415480883326, 0.01633793503139020775, 0.01688223590797158224 ),
 .UNSPECIFIED. ) ;
#705 = VECTOR ( 'NONE', #5346, 1000.000000000000000 ) ;
#706 = ORIENTED_EDGE ( 'NONE', *, *, #3787, .F. ) ;
#707 = CARTESIAN_POINT ( 'NONE',  ( 29.99999999999999645, 10.50000000000000888, -4.499999999999573674 ) ) ;
#708 = FACE_OUTER_BOUND ( 'NONE', #2760, .T. ) ;
#709 = LINE ( 'NONE', #3448, #2323 ) ;
#710 = VECTOR ( 'NONE', #824, 1000.000000000000000 ) ;
#711 = CARTESIAN_POINT ( 'NONE',  ( -19.94404466183173241, -12.28782071827501987, 23.24345586198651148 ) ) ;
#712 = EDGE_CURVE ( 'NONE', #4245, #5585, #315, .T. ) ;
#713 = VERTEX_POINT ( 'NONE', #5367 ) ;
#714 = DIRECTION ( 'NONE',  ( 0.000000000000000000, 1.000000000000000000, 0.000000000000000000 ) ) ;
#715 = VECTOR ( 'NONE', #3682, 1000.000000000000000 ) ;
#716 = ORIENTED_EDGE ( 'NONE', *, *, #2585, .F. ) ;
#717 = CARTESIAN_POINT ( 'NONE',  ( 16.49999999999981171, 11.74999999999998046, 26.05163142684170907 ) ) ;
#718 = CARTESIAN_POINT ( 'NONE',  ( 21.18677324489554792, -16.13486147370619150, 19.48889923984313910 ) ) ;
#719 = CARTESIAN_POINT ( 'NONE',  ( -25.41852151732645027, -17.58714269480187653, 11.56026104601054350 ) ) ;
#720 = LINE ( 'NONE', #1686, #5285 ) ;
#721 = VERTEX_POINT ( 'NONE', #1724 ) ;
#722 = VECTOR ( 'NONE', #4136, 1000.000000000000114 ) ;
#723 = ORIENTED_EDGE ( 'NONE', *, *, #455, .T. ) ;
#724 = EDGE_CURVE ( 'NONE', #1941, #5635, #3109, .T. ) ;
#725 = AXIS2_PLACEMENT_3D ( 'NONE', #5003, #3639, #875 ) ;
#726 = FACE_OUTER_BOUND ( 'NONE', #3061, .T. ) ;
#727 = DIRECTION ( 'NONE',  ( -1.000000000000000000, 0.000000000000000000, 0.000000000000000000 ) ) ;
#728 = FACE_OUTER_BOUND ( 'NONE', #2156, .T. ) ;
#729 = VERTEX_POINT ( 'NONE', #5760 ) ;
#730 = EDGE_LOOP ( 'NONE', ( #816, #4216 ) ) ;
#731 = ORIENTED_EDGE ( 'NONE', *, *, #829, .T. ) ;
#732 = CARTESIAN_POINT ( 'NONE',  ( 32.00000000000000000, 0.000000000000000000, 0.000000000000000000 ) ) ;
#733 = B_SPLINE_CURVE_WITH_KNOTS ( 'NONE', 3,
 ( #2492, #2822, #1116, #3395, #100, #2463, #1047, #2007, #3821, #2951, #4242, #1437, #73, #4694, #531, #168, #2915, #1912, #558, #1945, #5685, #657, #2367, #3302, #4213, #3793, #4669, #2394, #1501, #5175, #3269, #5590 ),
 .UNSPECIFIED., .F., .F.,
 ( 4, 2, 2, 2, 2, 2, 2, 2, 2, 2, 2, 2, 2, 2, 2, 4 ),
 ( 0.009446117624290290005, 0.01001070240393165701, 0.01057528718357302402, 0.01113987196321438930, 0.01170445674285575804, 0.01283362630213848860, 0.01339821108177985734, 0.01396279586142122608, 0.01452738064106259483, 0.01509196542070396357, 0.01565655020034533232, 0.01622113497998670106, 0.01678571975962806981, 0.01735030453926943855, 0.01791488931891080730, 0.01847947409855217604 ),
 .UNSPECIFIED. ) ;
#734 = DIRECTION ( 'NONE',  ( 0.000000000000000000, 1.000000000000000000, 0.000000000000000000 ) ) ;
#735 = CARTESIAN_POINT ( 'NONE',  ( -2.168404344971008868E-16, -35.00000000000000000, 25.70000000000001350 ) ) ;
#736 = ORIENTED_EDGE ( 'NONE', *, *, #4908, .T. ) ;
#737 = CARTESIAN_POINT ( 'NONE',  ( -18.50000000000020250, -11.75000000000000888, 24.67159297653867611 ) ) ;
#738 = CARTESIAN_POINT ( 'NONE',  ( 22.41930416625861255, -16.94442152881979169, 17.30054036600282430 ) ) ;
#739 = LINE ( 'NONE', #2119, #2808 ) ;
#740 = DIRECTION ( 'NONE',  ( -1.000000000000000000, 0.000000000000000000, -6.938893903907222067E-15 ) ) ;
#741 = DIRECTION ( 'NONE',  ( -0.5364065343932433727, 0.8439597323689267405, -3.760880495917717781E-15 ) ) ;
#742 = EDGE_CURVE ( 'NONE', #2370, #3829, #4017, .T. ) ;
#743 = VERTEX_POINT ( 'NONE', #1748 ) ;
#744 = CARTESIAN_POINT ( 'NONE',  ( -24.18677324489565805, 15.99999999999998579, -1.665334536937734811E-13 ) ) ;
#745 = CARTESIAN_POINT ( 'NONE',  ( -29.00000000000000000, -12.00000000000001066, -4.499999999999573674 ) ) ;
#746 = LINE ( 'NONE', #285, #2723 ) ;
#747 = CARTESIAN_POINT ( 'NONE',  ( -22.18677324489577174, -16.16622352373792637, 18.31525862682068606 ) ) ;
#748 = CARTESIAN_POINT ( 'NONE',  ( -28.99999999999999645, 7.499999999999978684, -4.999999999999990230 ) ) ;
#749 = ORIENTED_EDGE ( 'NONE', *, *, #2288, .T. ) ;
#750 = ORIENTED_EDGE ( 'NONE', *, *, #786, .T. ) ;
#751 = DIRECTION ( 'NONE',  ( -1.000000000000000000, 0.000000000000000000, -6.994405055138490149E-15 ) ) ;
#752 = EDGE_CURVE ( 'NONE', #1490, #3833, #2416, .T. ) ;
#753 = EDGE_CURVE ( 'NONE', #147, #4180, #334, .T. ) ;
#754 = CARTESIAN_POINT ( 'NONE',  ( -24.93677324489566871, -16.00000000000001421, 1.999999999999830136 ) ) ;
#755 = EDGE_LOOP ( 'NONE', ( #5668, #969 ) ) ;
#756 = VERTEX_POINT ( 'NONE', #5391 ) ;
#757 = ORIENTED_EDGE ( 'NONE', *, *, #2199, .F. ) ;
#758 = CARTESIAN_POINT ( 'NONE',  ( 19.99346956824655308, 11.96113211845315227, 23.37105924646457566 ) ) ;
#759 = AXIS2_PLACEMENT_3D ( 'NONE', #2607, #5776, #4007 ) ;
#760 = ADVANCED_FACE ( 'NONE', ( #3077 ), #1263, .T. ) ;
#761 = CARTESIAN_POINT ( 'NONE',  ( 28.99999999999999645, 9.499999999999980460, -4.499999999999573674 ) ) ;
#762 = DIRECTION ( 'NONE',  ( -1.000000000000000000, 0.000000000000000000, -6.938893903907230744E-15 ) ) ;
#763 = EDGE_CURVE ( 'NONE', #2163, #5702, #2138, .T. ) ;
#764 = ORIENTED_EDGE ( 'NONE', *, *, #858, .T. ) ;
#765 = CARTESIAN_POINT ( 'NONE',  ( -22.09654887936310530, -15.56015673049018844, 30.31288913245506933 ) ) ;
#766 = CARTESIAN_POINT ( 'NONE',  ( 22.27082266630622698, -16.59074948374321323, 17.82707379228810396 ) ) ;
#767 = EDGE_CURVE ( 'NONE', #2383, #569, #2652, .T. ) ;
#768 = CARTESIAN_POINT ( 'NONE',  ( -21.33298685284994178, -15.07484961840030380, 14.99999999999984723 ) ) ;
#769 = EDGE_CURVE ( 'NONE', #5150, #2602, #4865, .T. ) ;
#770 = CARTESIAN_POINT ( 'NONE',  ( -24.56044508580558272, 17.96789628720816268, 12.76661171471078760 ) ) ;
#771 = ORIENTED_EDGE ( 'NONE', *, *, #3402, .T. ) ;
#772 = DIRECTION ( 'NONE',  ( 6.980527267330673326E-15, 1.387778780781445984E-17, -1.000000000000000000 ) ) ;
#773 = CARTESIAN_POINT ( 'NONE',  ( -0.5234081811931434736, -24.64699634993725752, 24.84468526311305325 ) ) ;
#774 = LINE ( 'NONE', #888, #5332 ) ;
#775 = CARTESIAN_POINT ( 'NONE',  ( -25.28496443492894130, -17.67784546631655473, 11.71377064373067078 ) ) ;
#776 = CARTESIAN_POINT ( 'NONE',  ( 14.99999999999992539, -11.74999999999998224, 10.00000000000010303 ) ) ;
#777 = EDGE_LOOP ( 'NONE', ( #4008, #2703, #2590, #2566 ) ) ;
#778 = DIRECTION ( 'NONE',  ( 0.000000000000000000, 0.000000000000000000, -1.000000000000000000 ) ) ;
#779 = AXIS2_PLACEMENT_3D ( 'NONE', #1307, #4050, #799 ) ;
#780 = DIRECTION ( 'NONE',  ( 1.000000000000000000, 0.000000000000000000, 0.000000000000000000 ) ) ;
#781 = DIRECTION ( 'NONE',  ( -1.000000000000000000, 0.000000000000000000, -6.938893903907126615E-15 ) ) ;
#782 = ORIENTED_EDGE ( 'NONE', *, *, #5137, .F. ) ;
#783 = CARTESIAN_POINT ( 'NONE',  ( 17.50920890195282098, -9.244889036274711813, 26.40067348721721885 ) ) ;
#784 = ORIENTED_EDGE ( 'NONE', *, *, #4159, .T. ) ;
#785 = ORIENTED_EDGE ( 'NONE', *, *, #195, .F. ) ;
#786 = EDGE_CURVE ( 'NONE', #5852, #4755, #3283, .T. ) ;
#787 = CARTESIAN_POINT ( 'NONE',  ( 27.18677324489572911, 15.99999999999923617, 9.689136211792026998 ) ) ;
#788 = EDGE_CURVE ( 'NONE', #3636, #3292, #21, .T. ) ;
#789 = ORIENTED_EDGE ( 'NONE', *, *, #4787, .F. ) ;
#790 = AXIS2_PLACEMENT_3D ( 'NONE', #4642, #27, #2682 ) ;
#791 = CARTESIAN_POINT ( 'NONE',  ( 6.499999999999999112, -35.00000000000002842, 10.00000000000023093 ) ) ;
#792 = DIRECTION ( 'NONE',  ( -0.8439597323689261854, -0.5364065343932439278, -5.759281940242998765E-15 ) ) ;
#793 = CIRCLE ( 'NONE', #4361, 7.499999999999999112 ) ;
#794 = EDGE_CURVE ( 'NONE', #3887, #1689, #2256, .T. ) ;
#795 = ORIENTED_EDGE ( 'NONE', *, *, #5245, .T. ) ;
#796 = CARTESIAN_POINT ( 'NONE',  ( -18.06166906430974350, -10.91437084612819675, 25.37076387403768152 ) ) ;
#797 = CARTESIAN_POINT ( 'NONE',  ( 22.20692310133675917, -16.31629887952676228, 18.15703797174361256 ) ) ;
#798 = VECTOR ( 'NONE', #1864, 1000.000000000000000 ) ;
#799 = DIRECTION ( 'NONE',  ( -1.000000000000000000, 0.000000000000000000, -6.938893903907222067E-15 ) ) ;
#800 = VECTOR ( 'NONE', #3509, 1000.000000000000000 ) ;
#801 = CARTESIAN_POINT ( 'NONE',  ( -29.00000000000000355, -10.50000000000000888, -2.499999999999571898 ) ) ;
#802 = VECTOR ( 'NONE', #1150, 1000.000000000000000 ) ;
#803 = VERTEX_POINT ( 'NONE', #961 ) ;
#804 = DIRECTION ( 'NONE',  ( 0.000000000000000000, 1.000000000000000000, 0.000000000000000000 ) ) ;
#805 = CARTESIAN_POINT ( 'NONE',  ( 26.84996076741143156, -17.38333466109378378, 8.118300988179324662 ) ) ;
#806 = CARTESIAN_POINT ( 'NONE',  ( 17.49999999999978328, -11.74999999999998224, 30.31288913245536065 ) ) ;
#807 = DIRECTION ( 'NONE',  ( 0.000000000000000000, -1.000000000000000000, 0.000000000000000000 ) ) ;
#808 = FACE_OUTER_BOUND ( 'NONE', #865, .T. ) ;
#809 = EDGE_LOOP ( 'NONE', ( #736, #5425, #1288, #5184 ) ) ;
#810 = CARTESIAN_POINT ( 'NONE',  ( 18.49999999999992539, -11.74999999999998224, 10.00000000000012612 ) ) ;
#811 = CIRCLE ( 'NONE', #1585, 17.50000000000000000 ) ;
#812 = B_SPLINE_CURVE_WITH_KNOTS ( 'NONE', 3,
 ( #1275, #3117, #797, #766, #253, #738, #5768, #5316, #3057, #5883, #1645, #3961, #3935, #2661, #4957, #368, #4873, #4049, #5795, #4446, #2629, #1703, #5372, #2179, #1676, #1244, #4507, #4896, #3084, #2204, #3502, #1756 ),
 .UNSPECIFIED., .F., .F.,
 ( 4, 2, 2, 2, 2, 2, 2, 2, 2, 2, 2, 2, 2, 2, 2, 4 ),
 ( 0.009821006860846869663, 0.01046955770179527553, 0.01111810854274368314, 0.01176665938369208901, 0.01241521022464049662, 0.01371231190653731877, 0.01500941358843414092, 0.01630651527033096307, 0.01695506611127937241, 0.01760361695222778522, 0.01825216779317619803, 0.01857644321365040443, 0.01890071863412461084, 0.01922499405459882071, 0.01954926947507302712, 0.02019782031602144340 ),
 .UNSPECIFIED. ) ;
#813 = CARTESIAN_POINT ( 'NONE',  ( -16.02285389239508362, -13.77899830434469131, 25.34736464694444535 ) ) ;
#814 = AXIS2_PLACEMENT_3D ( 'NONE', #581, #551, #2871 ) ;
#815 = LINE ( 'NONE', #2587, #3767 ) ;
#816 = ORIENTED_EDGE ( 'NONE', *, *, #3766, .T. ) ;
#817 = CARTESIAN_POINT ( 'NONE',  ( -21.18677324489588898, 15.99999999999998579, 33.00100000000010425 ) ) ;
#818 = ORIENTED_EDGE ( 'NONE', *, *, #4970, .F. ) ;
#819 = EDGE_LOOP ( 'NONE', ( #83, #2189, #333, #3898 ) ) ;
#820 = DIRECTION ( 'NONE',  ( 1.000000000000000000, 0.000000000000000000, 0.000000000000000000 ) ) ;
#821 = ADVANCED_FACE ( 'NONE', ( #388 ), #3664, .T. ) ;
#822 = CIRCLE ( 'NONE', #1299, 31.44837038703269982 ) ;
#823 = EDGE_CURVE ( 'NONE', #445, #4055, #4103, .T. ) ;
#824 = DIRECTION ( 'NONE',  ( 6.980527267330673326E-15, 1.387778780781445984E-17, -1.000000000000000000 ) ) ;
#825 = FACE_OUTER_BOUND ( 'NONE', #5734, .T. ) ;
#826 = ORIENTED_EDGE ( 'NONE', *, *, #1161, .T. ) ;
#827 = CARTESIAN_POINT ( 'NONE',  ( -18.37898504259990062, -11.25768917005635394, 24.98999264904288964 ) ) ;
#828 = DIRECTION ( 'NONE',  ( -1.000000000000000000, 0.000000000000000000, -6.938893903907222067E-15 ) ) ;
#829 = EDGE_CURVE ( 'NONE', #5006, #3173, #1802, .T. ) ;
#830 = DIRECTION ( 'NONE',  ( -1.000000000000000000, 0.000000000000000000, 0.000000000000000000 ) ) ;
#831 = LINE ( 'NONE', #399, #2807 ) ;
#832 = ORIENTED_EDGE ( 'NONE', *, *, #4573, .F. ) ;
#833 = DIRECTION ( 'NONE',  ( 0.000000000000000000, 0.000000000000000000, 1.000000000000000000 ) ) ;
#834 = CARTESIAN_POINT ( 'NONE',  ( -0.3252041847017145826, -24.75313013563977904, 24.74275398598057052 ) ) ;
#835 = ADVANCED_FACE ( 'NONE', ( #905 ), #4128, .F. ) ;
#836 = LINE ( 'NONE', #5949, #5040 ) ;
#837 = DIRECTION ( 'NONE',  ( 0.000000000000000000, 0.000000000000000000, 1.000000000000000000 ) ) ;
#838 = CARTESIAN_POINT ( 'NONE',  ( -31.00000000000000000, 0.000000000000000000, -2.081668171172168513E-13 ) ) ;
#839 = CARTESIAN_POINT ( 'NONE',  ( -27.18677324489586056, -15.99999999999926814, 9.689136211791609554 ) ) ;
#840 = VERTEX_POINT ( 'NONE', #3731 ) ;
#841 = CARTESIAN_POINT ( 'NONE',  ( -17.50000000000022737, -11.75000000000001066, 30.31288913245512617 ) ) ;
#842 = PLANE ( 'NONE',  #229 ) ;
#843 = DIRECTION ( 'NONE',  ( 0.5364065343932440388, 0.8439597323689264075, 3.760880495917718570E-15 ) ) ;
#844 = CARTESIAN_POINT ( 'NONE',  ( 15.09590067849328499, -11.04038918351899490, 27.18932785901126792 ) ) ;
#845 = VERTEX_POINT ( 'NONE', #3637 ) ;
#846 = B_SPLINE_CURVE_WITH_KNOTS ( 'NONE', 3,
 ( #4336, #1977, #683, #2038, #4306, #3850, #3820, #2914, #2950, #4790, #2521, #3915, #4371, #3428, #656, #232, #1625, #5297 ),
 .UNSPECIFIED., .F., .F.,
 ( 4, 2, 2, 2, 2, 2, 2, 2, 4 ),
 ( 0.002482120203287085936, 0.002932684992007017401, 0.003383249780726948867, 0.003833814569446879900, 0.004284379358166811799, 0.004734944146886742831, 0.005185508935606673864, 0.005636073724326605763, 0.006086638513046536796 ),
 .UNSPECIFIED. ) ;
#847 = ORIENTED_EDGE ( 'NONE', *, *, #5217, .F. ) ;
#848 = CARTESIAN_POINT ( 'NONE',  ( 0.08622284364615162566, -19.39355563067285004, 26.69999999999999574 ) ) ;
#849 = DIRECTION ( 'NONE',  ( 6.980527267330673326E-15, 1.387778780781445984E-17, -1.000000000000000000 ) ) ;
#850 = FACE_BOUND ( 'NONE', #5936, .T. ) ;
#851 = EDGE_CURVE ( 'NONE', #4047, #3721, #1642, .T. ) ;
#852 = PLANE ( 'NONE',  #790 ) ;
#853 = VERTEX_POINT ( 'NONE', #4072 ) ;
#854 = DIRECTION ( 'NONE',  ( 6.980527267330673326E-15, 1.387778780781445984E-17, -1.000000000000000000 ) ) ;
#855 = CARTESIAN_POINT ( 'NONE',  ( -15.28945198970403041, 12.93991142498691893, 26.22733302637616859 ) ) ;
#856 = DIRECTION ( 'NONE',  ( 0.5364065343932434837, -0.8439597323689265185, 3.760880495917717781E-15 ) ) ;
#857 = FACE_OUTER_BOUND ( 'NONE', #5261, .T. ) ;
#858 = EDGE_CURVE ( 'NONE', #5018, #179, #4158, .T. ) ;
#859 = VERTEX_POINT ( 'NONE', #2884 ) ;
#860 = DIRECTION ( 'NONE',  ( 0.000000000000000000, 8.465450562766819607E-16, 1.000000000000000000 ) ) ;
#861 = PLANE ( 'NONE',  #1865 ) ;
#862 = DIRECTION ( 'NONE',  ( 1.000000000000000000, 0.000000000000000000, 0.000000000000000000 ) ) ;
#863 = DIRECTION ( 'NONE',  ( -0.7071067811865475727, 0.000000000000000000, -0.7071067811865474617 ) ) ;
#864 = DIRECTION ( 'NONE',  ( 6.980527267330673326E-15, 1.387778780781445984E-17, -1.000000000000000000 ) ) ;
#865 = EDGE_LOOP ( 'NONE', ( #534, #236, #3499, #1523 ) ) ;
#866 = DIRECTION ( 'NONE',  ( -1.000000000000000000, 0.000000000000000000, 0.000000000000000000 ) ) ;
#867 = EDGE_CURVE ( 'NONE', #629, #1629, #992, .T. ) ;
#868 = DIRECTION ( 'NONE',  ( -6.994405055138486205E-15, -1.387778780781445984E-17, 1.000000000000000000 ) ) ;
#869 = DIRECTION ( 'NONE',  ( -6.980527267330673326E-15, -1.387778780781445984E-17, 1.000000000000000000 ) ) ;
#870 = DIRECTION ( 'NONE',  ( 0.000000000000000000, 0.000000000000000000, -1.000000000000000000 ) ) ;
#871 = VERTEX_POINT ( 'NONE', #4795 ) ;
#872 = ORIENTED_EDGE ( 'NONE', *, *, #2715, .F. ) ;
#873 = CARTESIAN_POINT ( 'NONE',  ( 26.51671842522682354, 17.89787326060851669, 8.096975007949401615 ) ) ;
#874 = CARTESIAN_POINT ( 'NONE',  ( 28.99999999999999289, -9.499999999999980460, -4.499999999999573674 ) ) ;
#875 = DIRECTION ( 'NONE',  ( 0.000000000000000000, -8.465450562766819607E-16, -1.000000000000000000 ) ) ;
#876 = AXIS2_PLACEMENT_3D ( 'NONE', #838, #2670, #4516 ) ;
#877 = DIRECTION ( 'NONE',  ( -6.980527267330673326E-15, -1.387778780781445984E-17, 1.000000000000000000 ) ) ;
#878 = ORIENTED_EDGE ( 'NONE', *, *, #4137, .F. ) ;
#879 = DIRECTION ( 'NONE',  ( 0.000000000000000000, 1.000000000000000000, 0.000000000000000000 ) ) ;
#880 = CARTESIAN_POINT ( 'NONE',  ( 1.106004666544570891E-12, -19.39355563066157728, 26.70000000000845830 ) ) ;
#881 = DIRECTION ( 'NONE',  ( 0.8439597323689265185, 0.5364065343932434837, -1.387778780781445521E-17 ) ) ;
#882 = VECTOR ( 'NONE', #4006, 1000.000000000000000 ) ;
#883 = AXIS2_PLACEMENT_3D ( 'NONE', #1646, #1193, #2574 ) ;
#884 = AXIS2_PLACEMENT_3D ( 'NONE', #5499, #866, #5473 ) ;
#885 = ORIENTED_EDGE ( 'NONE', *, *, #1161, .F. ) ;
#886 = DIRECTION ( 'NONE',  ( 0.000000000000000000, -1.000000000000000000, 8.465450562766819607E-16 ) ) ;
#887 = CARTESIAN_POINT ( 'NONE',  ( 0.000000000000000000, 0.000000000000000000, 0.000000000000000000 ) ) ;
#888 = CARTESIAN_POINT ( 'NONE',  ( 19.99999999999978328, -11.74999999999998224, 30.31288913245537842 ) ) ;
#889 = EDGE_CURVE ( 'NONE', #1689, #2472, #5595, .T. ) ;
#890 = CARTESIAN_POINT ( 'NONE',  ( -29.99999999999998579, 3.799999999999970068, -2.000000000000210054 ) ) ;
#891 = CIRCLE ( 'NONE', #4262, 17.46424919657298602 ) ;
#892 = CARTESIAN_POINT ( 'NONE',  ( 22.18677324489552305, 15.99999999999998224, 18.45933620094690397 ) ) ;
#893 = ORIENTED_EDGE ( 'NONE', *, *, #5579, .F. ) ;
#894 = CARTESIAN_POINT ( 'NONE',  ( -22.18677324489566516, 15.99999999999998579, 1.999999999999849010 ) ) ;
#895 = CIRCLE ( 'NONE', #3669, 0.7500000000000006661 ) ;
#896 = CIRCLE ( 'NONE', #120, 32.99926273655773201 ) ;
#897 = LINE ( 'NONE', #1342, #1482 ) ;
#898 = PERSON_AND_ORGANIZATION ( #4717, #985 ) ;
#899 = FACE_OUTER_BOUND ( 'NONE', #5387, .T. ) ;
#900 = EDGE_CURVE ( 'NONE', #288, #4383, #5151, .T. ) ;
#901 = CARTESIAN_POINT ( 'NONE',  ( 22.21309526527012679, -15.66505810709100821, 18.71351271454342324 ) ) ;
#902 = ORIENTED_EDGE ( 'NONE', *, *, #4488, .F. ) ;
#903 = VECTOR ( 'NONE', #1025, 1000.000000000000000 ) ;
#904 = ORIENTED_EDGE ( 'NONE', *, *, #1374, .F. ) ;
#905 = FACE_OUTER_BOUND ( 'NONE', #456, .T. ) ;
#906 = CIRCLE ( 'NONE', #5142, 14.99999999999999822 ) ;
#907 = ORIENTED_EDGE ( 'NONE', *, *, #5452, .F. ) ;
#908 = LINE ( 'NONE', #451, #1856 ) ;
#909 = DIRECTION ( 'NONE',  ( -0.05233595624293679166, 1.387778780781445984E-17, -0.9986295347545742773 ) ) ;
#910 = DIRECTION ( 'NONE',  ( -1.318389841742373638E-16, 0.000000000000000000, 1.000000000000000000 ) ) ;
#911 = CIRCLE ( 'NONE', #4566, 2.000000000000005329 ) ;
#912 = B_SPLINE_CURVE_WITH_KNOTS ( 'NONE', 3,
 ( #3186, #3243, #1860, #989, #3696, #2307, #5086, #5476, #2823, #2221, #1775, #4997, #1345, #2740, #2280, #3160, #4580, #1825, #3660, #3608, #4125, #5506, #5448, #1379, #3219, #5176, #4760, #1117, #4276, #101, #5271, #2918, #1502, #658, #2040, #2428, #1021, #2854 ),
 .UNSPECIFIED., .F., .F.,
 ( 4, 2, 2, 2, 2, 2, 2, 2, 2, 2, 2, 2, 2, 2, 2, 2, 2, 2, 4 ),
 ( 0.01688223590797158224, 0.01739766296930801356, 0.01791309003064444141, 0.01894394415331731099, 0.02100565239866305361, 0.02203650652133593013, 0.02306736064400880665, 0.02512906888935456662, 0.02719077713470032659, 0.02822163125737321351, 0.02925248538004609697, 0.02976791244138254217, 0.03028333950271899083, 0.03079876656405543603, 0.03105648009472365689, 0.03131419362539188123, 0.03182962068672832989, 0.03234504774806478550, 0.03337590187073768977 ),
 .UNSPECIFIED. ) ;
#913 = ORIENTED_EDGE ( 'NONE', *, *, #851, .T. ) ;
#914 = DIRECTION ( 'NONE',  ( 0.000000000000000000, 0.000000000000000000, 1.000000000000000000 ) ) ;
#915 = CIRCLE ( 'NONE', #4000, 17.50000000000000000 ) ;
#916 = CARTESIAN_POINT ( 'NONE',  ( -16.02474434826797633, 13.78030574420848708, 25.34544999534362120 ) ) ;
#917 = DIRECTION ( 'NONE',  ( 6.980527267330673326E-15, 1.387778780781445984E-17, -1.000000000000000000 ) ) ;
#918 = VERTEX_POINT ( 'NONE', #4312 ) ;
#919 = CARTESIAN_POINT ( 'NONE',  ( -22.52057808837408004, 13.49499308848784374, 19.99457100026155842 ) ) ;
#920 = LINE ( 'NONE', #5926, #125 ) ;
#921 = CARTESIAN_POINT ( 'NONE',  ( 30.93012295737936768, 13.94922199502757465, -1.333333401578450150 ) ) ;
#922 = DESIGN_CONTEXT ( 'detailed design', #3002, 'design' ) ;
#923 = CARTESIAN_POINT ( 'NONE',  ( 16.85319779443645771, -12.52165426831161454, 25.45978462647774876 ) ) ;
#924 = DIRECTION ( 'NONE',  ( 6.980527267330673326E-15, 1.387778780781445984E-17, -1.000000000000000000 ) ) ;
#925 = ADVANCED_FACE ( 'NONE', ( #77 ), #1916, .F. ) ;
#926 = EDGE_LOOP ( 'NONE', ( #4499, #872, #3121, #5708 ) ) ;
#927 = DIRECTION ( 'NONE',  ( -1.000000000000000000, 8.673617379884035472E-19, -6.994405055138486205E-15 ) ) ;
#928 = MECHANICAL_CONTEXT ( 'NONE', #5351, 'mechanical' ) ;
#929 = CARTESIAN_POINT ( 'NONE',  ( 24.23306796934091167, 18.01175371947471859, 13.32383849980538670 ) ) ;
#930 = DIRECTION ( 'NONE',  ( 0.000000000000000000, 0.000000000000000000, -1.000000000000000000 ) ) ;
#931 = ORIENTED_EDGE ( 'NONE', *, *, #1410, .T. ) ;
#932 = ORIENTED_EDGE ( 'NONE', *, *, #5005, .F. ) ;
#933 = CARTESIAN_POINT ( 'NONE',  ( 26.20816771800788558, 18.22134065130667935, 8.375261841362391380 ) ) ;
#934 = EDGE_CURVE ( 'NONE', #4126, #2197, #1950, .T. ) ;
#935 = AXIS2_PLACEMENT_3D ( 'NONE', #4260, #4230, #4295 ) ;
#936 = CARTESIAN_POINT ( 'NONE',  ( -20.00000000000017053, -11.41186833796631284, 23.64132495032740877 ) ) ;
#937 = CARTESIAN_POINT ( 'NONE',  ( 23.43677324489563318, 15.99999999999995914, 2.000000000000162981 ) ) ;
#938 = CARTESIAN_POINT ( 'NONE',  ( 30.00000000000000000, -12.50000000000001066, 3.000000000000002665 ) ) ;
#939 = EDGE_CURVE ( 'NONE', #3698, #3134, #3273, .T. ) ;
#940 = ORIENTED_EDGE ( 'NONE', *, *, #5032, .T. ) ;
#941 = FACE_BOUND ( 'NONE', #1347, .T. ) ;
#942 = EDGE_CURVE ( 'NONE', #4070, #1719, #4699, .T. ) ;
#943 = CARTESIAN_POINT ( 'NONE',  ( 22.61415215217398256, 14.74611198455298400, 18.97887531501552871 ) ) ;
#944 = DIRECTION ( 'NONE',  ( 0.000000000000000000, 0.000000000000000000, 1.000000000000000000 ) ) ;
#945 = VECTOR ( 'NONE', #2162, 1000.000000000000000 ) ;
#946 = EDGE_CURVE ( 'NONE', #5507, #3391, #3889, .T. ) ;
#947 = ORIENTED_EDGE ( 'NONE', *, *, #234, .F. ) ;
#948 = LINE ( 'NONE', #4656, #4554 ) ;
#949 = CARTESIAN_POINT ( 'NONE',  ( -18.07456860357136463, 10.89893120625309564, 25.36954589723794840 ) ) ;
#950 = EDGE_CURVE ( 'NONE', #1721, #2544, #4382, .T. ) ;
#951 = CARTESIAN_POINT ( 'NONE',  ( 18.54475393533339300, 14.02479078484639885, 23.41831940709577609 ) ) ;
#952 = LINE ( 'NONE', #4966, #3274 ) ;
#953 = EDGE_LOOP ( 'NONE', ( #3569, #562, #2826, #4409 ) ) ;
#954 = CARTESIAN_POINT ( 'NONE',  ( 21.33298685284968599, 15.07484961840030380, 20.16562870130160334 ) ) ;
#955 = SPHERICAL_SURFACE ( 'NONE', #1290, 33.00000000000000000 ) ;
#956 = COORDINATED_UNIVERSAL_TIME_OFFSET ( 8, 0, .AHEAD. ) ;
#957 = CARTESIAN_POINT ( 'NONE',  ( 26.12295140592624776, 16.50771842963913727, 11.58008981236419999 ) ) ;
#958 = FACE_OUTER_BOUND ( 'NONE', #4672, .T. ) ;
#959 = ORIENTED_EDGE ( 'NONE', *, *, #30, .T. ) ;
#960 = ORIENTED_EDGE ( 'NONE', *, *, #3647, .F. ) ;
#961 = CARTESIAN_POINT ( 'NONE',  ( -21.18677324489565805, 15.99999999999998579, -1.455918718917814658E-13 ) ) ;
#962 = CARTESIAN_POINT ( 'NONE',  ( -16.21818860525677763, -9.596307295756615119, 27.09090791082483918 ) ) ;
#963 = CARTESIAN_POINT ( 'NONE',  ( 27.18677324489558700, -16.00000000000001066, 9.689136211790462028 ) ) ;
#964 = EDGE_CURVE ( 'NONE', #1687, #5133, #2709, .T. ) ;
#965 = EDGE_CURVE ( 'NONE', #3043, #3352, #3291, .T. ) ;
#966 = CARTESIAN_POINT ( 'NONE',  ( -22.18677324489578240, 15.99999999999997868, 18.45933620094658778 ) ) ;
#967 = CARTESIAN_POINT ( 'NONE',  ( -25.68743560915037705, 17.32652528150181936, 11.35602867646197467 ) ) ;
#968 = VECTOR ( 'NONE', #917, 1000.000000000000000 ) ;
#969 = ORIENTED_EDGE ( 'NONE', *, *, #1742, .T. ) ;
#970 = DIRECTION ( 'NONE',  ( 1.000000000000000000, 0.000000000000000000, 0.000000000000000000 ) ) ;
#971 = DIRECTION ( 'NONE',  ( 0.000000000000000000, -1.000000000000000000, 0.000000000000000000 ) ) ;
#972 = LINE ( 'NONE', #1488, #4594 ) ;
#973 = ADVANCED_FACE ( 'NONE', ( #3758 ), #5274, .F. ) ;
#974 = ORIENTED_EDGE ( 'NONE', *, *, #3946, .F. ) ;
#975 = DIRECTION ( 'NONE',  ( 0.000000000000000000, -1.000000000000000000, 0.000000000000000000 ) ) ;
#976 = VECTOR ( 'NONE', #4731, 1000.000000000000000 ) ;
#977 = DIRECTION ( 'NONE',  ( -1.000000000000000000, 0.000000000000000000, 0.000000000000000000 ) ) ;
#978 = CARTESIAN_POINT ( 'NONE',  ( 17.26992315885003748, -12.73061892734584788, 25.07396628154712914 ) ) ;
#979 = DIRECTION ( 'NONE',  ( 0.000000000000000000, -1.000000000000000000, 0.000000000000000000 ) ) ;
#980 = ORIENTED_EDGE ( 'NONE', *, *, #4585, .T. ) ;
#981 = CARTESIAN_POINT ( 'NONE',  ( 2.168404344971008868E-16, 0.000000000000000000, 30.31088913245535821 ) ) ;
#982 = VECTOR ( 'NONE', #3911, 1000.000000000000000 ) ;
#983 = B_SPLINE_CURVE_WITH_KNOTS ( 'NONE', 3,
 ( #91, #3782, #5580, #3685, #490, #923, #4178, #1905, #978, #1817, #2300, #4144, #435, #1850, #40, #1880, #5138, #5529 ),
 .UNSPECIFIED., .F., .F.,
 ( 4, 2, 2, 2, 2, 2, 2, 2, 4 ),
 ( 0.004660156648317141659, 0.005112607168134401282, 0.005565057687951660906, 0.006017508207768920529, 0.006469958727586180153, 0.006922409247403439776, 0.007374859767220699400, 0.007827310287037959891, 0.008279760806855218647 ),
 .UNSPECIFIED. ) ;
#984 = CARTESIAN_POINT ( 'NONE',  ( -23.43677324489566871, -16.00000000000001421, 1.999999999999840350 ) ) ;
#985 = ORGANIZATION ( '未', '未', '' ) ;
#986 = APPROVAL_ROLE ( '' ) ;
#987 = CARTESIAN_POINT ( 'NONE',  ( 0.000000000000000000, 0.000000000000000000, 0.000000000000000000 ) ) ;
#988 = VECTOR ( 'NONE', #3580, 1000.000000000000000 ) ;
#989 = CARTESIAN_POINT ( 'NONE',  ( -21.22769400936772399, 16.50896344395738069, 19.12770517417424543 ) ) ;
#990 = VERTEX_POINT ( 'NONE', #535 ) ;
#991 = VERTEX_POINT ( 'NONE', #3433 ) ;
#992 = LINE ( 'NONE', #4218, #5125 ) ;
#993 = CIRCLE ( 'NONE', #4370, 34.39113257803528256 ) ;
#994 = CARTESIAN_POINT ( 'NONE',  ( -20.00000000000017764, -11.75000000000001066, 23.47205785609759943 ) ) ;
#995 = AXIS2_PLACEMENT_3D ( 'NONE', #2400, #5693, #3972 ) ;
#996 = CARTESIAN_POINT ( 'NONE',  ( 28.99999999999999289, 0.000000000000000000, 0.000000000000000000 ) ) ;
#997 = ORIENTED_EDGE ( 'NONE', *, *, #2991, .F. ) ;
#998 = ORIENTED_EDGE ( 'NONE', *, *, #503, .F. ) ;
#999 = EDGE_CURVE ( 'NONE', #4755, #198, #3004, .T. ) ;
#1000 = FACE_BOUND ( 'NONE', #4552, .T. ) ;
#1001 = AXIS2_PLACEMENT_3D ( 'NONE', #5833, #3564, #1337 ) ;
#1002 = CC_DESIGN_PERSON_AND_ORGANIZATION_ASSIGNMENT ( #5955, #2788, ( #3757 ) ) ;
#1003 = ORIENTED_EDGE ( 'NONE', *, *, #493, .T. ) ;
#1004 = PLANE ( 'NONE',  #5031 ) ;
#1005 = CARTESIAN_POINT ( 'NONE',  ( 17.25151880075494049, -14.24778520248599278, 24.25836581051526508 ) ) ;
#1006 = DIRECTION ( 'NONE',  ( 1.000000000000000000, 0.000000000000000000, 0.000000000000000000 ) ) ;
#1007 = AXIS2_PLACEMENT_3D ( 'NONE', #2016, #2375, #4221 ) ;
#1008 = EDGE_CURVE ( 'NONE', #2665, #5236, #239, .T. ) ;
#1009 = ORIENTED_EDGE ( 'NONE', *, *, #1197, .T. ) ;
#1010 = CARTESIAN_POINT ( 'NONE',  ( 28.99999999999999645, 9.499999999999980460, -4.499999999999573674 ) ) ;
#1011 = CARTESIAN_POINT ( 'NONE',  ( -24.16877260294811336, -12.99590394668802418, 18.33163739640335876 ) ) ;
#1012 = DIRECTION ( 'NONE',  ( 0.000000000000000000, 0.000000000000000000, -1.000000000000000000 ) ) ;
#1013 = CARTESIAN_POINT ( 'NONE',  ( -22.38458254040752848, 15.10670009028260630, 18.96744542605931017 ) ) ;
#1014 = ORIENTED_EDGE ( 'NONE', *, *, #185, .F. ) ;
#1015 = CARTESIAN_POINT ( 'NONE',  ( -23.43677324489566871, -16.00000000000001421, 1.999999999999840350 ) ) ;
#1016 = EDGE_CURVE ( 'NONE', #1719, #198, #1421, .T. ) ;
#1017 = VERTEX_POINT ( 'NONE', #5039 ) ;
#1018 = CARTESIAN_POINT ( 'NONE',  ( 2.168404344971008868E-16, 0.000000000000000000, 30.31088913245535821 ) ) ;
#1019 = EDGE_CURVE ( 'NONE', #3426, #1231, #410, .T. ) ;
#1020 = PLANE ( 'NONE',  #304 ) ;
#1021 = CARTESIAN_POINT ( 'NONE',  ( -27.18677324489574332, 16.17906019560548714, 9.393448023796453938 ) ) ;
#1022 = ORIENTED_EDGE ( 'NONE', *, *, #1894, .F. ) ;
#1023 = VERTEX_POINT ( 'NONE', #966 ) ;
#1024 = CARTESIAN_POINT ( 'NONE',  ( 30.00000000000000355, -12.50000000000003908, 4.000000000000017764 ) ) ;
#1025 = DIRECTION ( 'NONE',  ( -1.000000000000000000, 0.000000000000000000, 0.000000000000000000 ) ) ;
#1026 = CYLINDRICAL_SURFACE ( 'NONE', #2131, 33.00000000000000000 ) ;
#1027 = CARTESIAN_POINT ( 'NONE',  ( 28.99999999999999289, 11.99999999999998224, -4.499999999999573674 ) ) ;
#1028 = ORIENTED_EDGE ( 'NONE', *, *, #2794, .F. ) ;
#1029 = VERTEX_POINT ( 'NONE', #4108 ) ;
#1030 = LINE ( 'NONE', #2892, #1189 ) ;
#1031 = AXIS2_PLACEMENT_3D ( 'NONE', #62, #155, #1994 ) ;
#1032 = EDGE_LOOP ( 'NONE', ( #4193, #5143, #2596, #3864 ) ) ;
#1033 = FACE_OUTER_BOUND ( 'NONE', #2017, .T. ) ;
#1034 = LINE ( 'NONE', #184, #4956 ) ;
#1035 = DIRECTION ( 'NONE',  ( 0.000000000000000000, -1.000000000000000000, 0.000000000000000000 ) ) ;
#1036 = ORIENTED_EDGE ( 'NONE', *, *, #4001, .F. ) ;
#1037 = CARTESIAN_POINT ( 'NONE',  ( -26.58180962960291538, 14.17774060064743757, 13.47907248446448669 ) ) ;
#1038 = DIRECTION ( 'NONE',  ( 6.980527267330673326E-15, 1.387778780781445984E-17, -1.000000000000000000 ) ) ;
#1039 = CARTESIAN_POINT ( 'NONE',  ( -21.18677324489578595, -16.00000000000001066, 19.59899587910992480 ) ) ;
#1040 = CARTESIAN_POINT ( 'NONE',  ( -17.50000000000000355, -2.775557561562891982E-14, 30.00000000000001421 ) ) ;
#1041 = ORIENTED_EDGE ( 'NONE', *, *, #2956, .F. ) ;
#1042 = CARTESIAN_POINT ( 'NONE',  ( -15.00000000000019540, 11.57505038850152701, 27.01952325514731967 ) ) ;
#1043 = ADVANCED_FACE ( 'NONE', ( #1896 ), #3227, .T. ) ;
#1044 = VERTEX_POINT ( 'NONE', #1353 ) ;
#1045 = CARTESIAN_POINT ( 'NONE',  ( 27.18677324489542713, 15.99999999999998579, 33.00100000000042400 ) ) ;
#1046 = CARTESIAN_POINT ( 'NONE',  ( -20.00000000000016698, 11.74999999999998224, 23.47205785609762074 ) ) ;
#1047 = CARTESIAN_POINT ( 'NONE',  ( 15.41177391262148966, 10.36255336044358799, 27.27875574815653437 ) ) ;
#1048 = CARTESIAN_POINT ( 'NONE',  ( -19.11041078201542831, 13.66221785191149074, 23.17619475042311095 ) ) ;
#1049 = VERTEX_POINT ( 'NONE', #2314 ) ;
#1050 = ORIENTED_EDGE ( 'NONE', *, *, #475, .F. ) ;
#1051 = CARTESIAN_POINT ( 'NONE',  ( 0.4048362703491072967, -19.50287094093564022, 26.61731649613065898 ) ) ;
#1052 = CARTESIAN_POINT ( 'NONE',  ( -0.9167078420742680311, -21.18607928880604874, 25.28515225546630774 ) ) ;
#1053 = CARTESIAN_POINT ( 'NONE',  ( -30.00000000000000000, 7.500000000000007105, -2.000000000000196287 ) ) ;
#1054 = FACE_OUTER_BOUND ( 'NONE', #4033, .T. ) ;
#1055 = ORIENTED_EDGE ( 'NONE', *, *, #4418, .T. ) ;
#1056 = ORIENTED_EDGE ( 'NONE', *, *, #548, .T. ) ;
#1057 = PLANE ( 'NONE',  #5706 ) ;
#1058 = VERTEX_POINT ( 'NONE', #3707 ) ;
#1059 = DIRECTION ( 'NONE',  ( 6.980527267330673326E-15, 1.387778780781445984E-17, -1.000000000000000000 ) ) ;
#1060 = DIRECTION ( 'NONE',  ( 6.980527267330673326E-15, 1.387778780781445984E-17, -1.000000000000000000 ) ) ;
#1061 = CARTESIAN_POINT ( 'NONE',  ( 30.00000000000000355, 7.499999999999978684, 2.081668171172168513E-13 ) ) ;
#1062 = AXIS2_PLACEMENT_3D ( 'NONE', #4743, #1006, #5549 ) ;
#1063 = ORIENTED_EDGE ( 'NONE', *, *, #1613, .F. ) ;
#1064 = CARTESIAN_POINT ( 'NONE',  ( -26.18677324489575042, -15.87389391413641526, 12.30105478317701895 ) ) ;
#1065 = CARTESIAN_POINT ( 'NONE',  ( -16.52845301560319768, -12.01777566757040105, 25.91150575190003735 ) ) ;
#1066 = CARTESIAN_POINT ( 'NONE',  ( 0.9839745706242597478, -23.96696422486407130, 25.48809384422722246 ) ) ;
#1067 = CARTESIAN_POINT ( 'NONE',  ( -30.99999999999999289, -3.799999999999998046, 1.526556658859590243E-13 ) ) ;
#1068 = AXIS2_PLACEMENT_3D ( 'NONE', #2368, #1913, #3754 ) ;
#1069 = ORIENTED_EDGE ( 'NONE', *, *, #646, .T. ) ;
#1070 = DIRECTION ( 'NONE',  ( 0.000000000000000000, 1.000000000000000000, 0.000000000000000000 ) ) ;
#1071 = ADVANCED_FACE ( 'NONE', ( #5484 ), #3195, .T. ) ;
#1072 = AXIS2_PLACEMENT_3D ( 'NONE', #2157, #5858, #860 ) ;
#1073 = CIRCLE ( 'NONE', #209, 14.17744687875783249 ) ;
#1074 = ADVANCED_FACE ( 'NONE', ( #2799 ), #4559, .F. ) ;
#1075 = ORIENTED_EDGE ( 'NONE', *, *, #3583, .F. ) ;
#1076 = CARTESIAN_POINT ( 'NONE',  ( -30.00000000000000000, -3.800000000000025580, -2.081668171172168513E-13 ) ) ;
#1077 = PLANE ( 'NONE',  #2251 ) ;
#1078 = CARTESIAN_POINT ( 'NONE',  ( -30.00000000000000000, 7.999999999999979572, -4.499999999999573674 ) ) ;
#1079 = DIRECTION ( 'NONE',  ( 0.000000000000000000, 1.000000000000000000, 0.000000000000000000 ) ) ;
#1080 = ORIENTED_EDGE ( 'NONE', *, *, #122, .F. ) ;
#1081 = AXIS2_PLACEMENT_3D ( 'NONE', #2161, #2102, #3429 ) ;
#1082 = ORIENTED_EDGE ( 'NONE', *, *, #1252, .T. ) ;
#1083 = AXIS2_PLACEMENT_3D ( 'NONE', #3432, #265, #1656 ) ;
#1084 = DIRECTION ( 'NONE',  ( 0.000000000000000000, 1.000000000000000000, 0.000000000000000000 ) ) ;
#1085 = CIRCLE ( 'NONE', #699, 1.000000000000000888 ) ;
#1086 = ADVANCED_FACE ( 'NONE', ( #3141 ), #852, .F. ) ;
#1087 = AXIS2_PLACEMENT_3D ( 'NONE', #113, #5735, #4225 ) ;
#1088 = ADVANCED_FACE ( 'NONE', ( #3616 ), #511, .F. ) ;
#1089 = CARTESIAN_POINT ( 'NONE',  ( -0.7468828769523652156, -21.49053223245666189, 25.03211078258564370 ) ) ;
#1090 = CARTESIAN_POINT ( 'NONE',  ( 28.99999999999999289, -8.000000000000035527, -2.499999999999571898 ) ) ;
#1091 = CARTESIAN_POINT ( 'NONE',  ( -28.99999999999999645, -8.000000000000007105, -4.499999999999573674 ) ) ;
#1092 = ORIENTED_EDGE ( 'NONE', *, *, #529, .T. ) ;
#1093 = ORIENTED_EDGE ( 'NONE', *, *, #3646, .T. ) ;
#1094 = VECTOR ( 'NONE', #1931, 1000.000000000000000 ) ;
#1095 = ORIENTED_EDGE ( 'NONE', *, *, #2849, .F. ) ;
#1096 = FACE_BOUND ( 'NONE', #696, .T. ) ;
#1097 = AXIS2_PLACEMENT_3D ( 'NONE', #1240, #5849, #363 ) ;
#1098 = EDGE_CURVE ( 'NONE', #4055, #2589, #2748, .T. ) ;
#1099 = ORIENTED_EDGE ( 'NONE', *, *, #447, .F. ) ;
#1100 = CARTESIAN_POINT ( 'NONE',  ( -3.766518347214642404E-13, 0.000000000000000000, 54.00000000000000711 ) ) ;
#1101 = DIRECTION ( 'NONE',  ( 0.000000000000000000, 0.000000000000000000, 1.000000000000000000 ) ) ;
#1102 = CARTESIAN_POINT ( 'NONE',  ( 25.90735565738600599, -14.96194955381373326, 13.93287298765202031 ) ) ;
#1103 = CIRCLE ( 'NONE', #2249, 1.000000000000000888 ) ;
#1104 = EDGE_LOOP ( 'NONE', ( #818, #1597, #5437, #2754 ) ) ;
#1105 = CARTESIAN_POINT ( 'NONE',  ( -23.50470215044910205, -14.11293190573283951, 18.36841021428588761 ) ) ;
#1106 = VECTOR ( 'NONE', #3625, 1000.000000000000000 ) ;
#1107 = FACE_OUTER_BOUND ( 'NONE', #527, .T. ) ;
#1108 = CARTESIAN_POINT ( 'NONE',  ( -21.28013397888019043, -15.23788345107801590, 20.09966493371940643 ) ) ;
#1109 = DIRECTION ( 'NONE',  ( -1.000000000000000000, 0.000000000000000000, -6.938893903907226800E-15 ) ) ;
#1110 = CARTESIAN_POINT ( 'NONE',  ( 1.409462824231155764E-14, -2.775557561562891351E-14, -1.999999999999988010 ) ) ;
#1111 = VECTOR ( 'NONE', #2987, 1000.000000000000000 ) ;
#1112 = ORIENTED_EDGE ( 'NONE', *, *, #1657, .T. ) ;
#1113 = CARTESIAN_POINT ( 'NONE',  ( 18.43902084232168193, 12.10185889374493762, 24.54695884611097512 ) ) ;
#1114 = FACE_OUTER_BOUND ( 'NONE', #4217, .T. ) ;
#1115 = ADVANCED_FACE ( 'NONE', ( #4530 ), #56, .F. ) ;
#1116 = CARTESIAN_POINT ( 'NONE',  ( 15.01813027954962365, 11.39889891934420696, 27.08424869358543319 ) ) ;
#1117 = CARTESIAN_POINT ( 'NONE',  ( -26.67431199218922444, 17.67912826704028362, 8.058347196669966905 ) ) ;
#1118 = EDGE_LOOP ( 'NONE', ( #1889, #4264, #5842, #1861 ) ) ;
#1119 = ORIENTED_EDGE ( 'NONE', *, *, #652, .F. ) ;
#1120 = CARTESIAN_POINT ( 'NONE',  ( -30.96506147691003363, 13.95673404495044245, -0.6666667347470942584 ) ) ;
#1121 = DIRECTION ( 'NONE',  ( 6.980527267330673326E-15, 1.387778780781445984E-17, -1.000000000000000000 ) ) ;
#1122 = FACE_BOUND ( 'NONE', #5592, .T. ) ;
#1123 = DIRECTION ( 'NONE',  ( 0.000000000000000000, 0.000000000000000000, -1.000000000000000000 ) ) ;
#1124 = DIRECTION ( 'NONE',  ( 0.000000000000000000, -1.000000000000000000, 0.000000000000000000 ) ) ;
#1125 = ORIENTED_EDGE ( 'NONE', *, *, #1226, .T. ) ;
#1126 = ORIENTED_EDGE ( 'NONE', *, *, #3516, .T. ) ;
#1127 = EDGE_LOOP ( 'NONE', ( #5758, #5241 ) ) ;
#1128 = CARTESIAN_POINT ( 'NONE',  ( -30.00000000000000000, -9.499999999999980460, -4.499999999999587885 ) ) ;
#1129 = EDGE_CURVE ( 'NONE', #2798, #1714, #478, .T. ) ;
#1130 = FACE_OUTER_BOUND ( 'NONE', #5759, .T. ) ;
#1131 = DIRECTION ( 'NONE',  ( -1.000000000000000000, 0.000000000000000000, 0.000000000000000000 ) ) ;
#1132 = CARTESIAN_POINT ( 'NONE',  ( 25.22494330154061615, -14.27943396450537250, 15.77887135213172698 ) ) ;
#1133 = EDGE_CURVE ( 'NONE', #2571, #1876, #2801, .T. ) ;
#1134 = ORIENTED_EDGE ( 'NONE', *, *, #3070, .T. ) ;
#1135 = CARTESIAN_POINT ( 'NONE',  ( -25.22446531870403419, -14.27883842328072284, 15.78032772834105835 ) ) ;
#1136 = LINE ( 'NONE', #616, #1680 ) ;
#1137 = LINE ( 'NONE', #4393, #597 ) ;
#1138 = CYLINDRICAL_SURFACE ( 'NONE', #201, 2.000000000000001776 ) ;
#1139 = LINE ( 'NONE', #3059, #4928 ) ;
#1140 = EDGE_CURVE ( 'NONE', #5753, #3043, #422, .T. ) ;
#1141 = ORIENTED_EDGE ( 'NONE', *, *, #44, .F. ) ;
#1142 = DIRECTION ( 'NONE',  ( -1.000000000000000000, 0.000000000000000000, -6.994405055138514604E-15 ) ) ;
#1143 = CARTESIAN_POINT ( 'NONE',  ( -19.99333131086793003, 11.96233626174589837, 23.37055672247248594 ) ) ;
#1144 = CARTESIAN_POINT ( 'NONE',  ( -30.89518444143390141, 13.94170386461438049, -2.000000000000210054 ) ) ;
#1145 = CARTESIAN_POINT ( 'NONE',  ( 24.18677324489542357, 15.99999999999998579, 33.00100000000040268 ) ) ;
#1146 = ORIENTED_EDGE ( 'NONE', *, *, #2923, .F. ) ;
#1147 = ORIENTED_EDGE ( 'NONE', *, *, #2315, .F. ) ;
#1148 = CARTESIAN_POINT ( 'NONE',  ( 21.28013397887989200, 15.23788345107808695, 20.09966493371966934 ) ) ;
#1149 = DIRECTION ( 'NONE',  ( 1.000000000000000000, 0.000000000000000000, 0.000000000000000000 ) ) ;
#1150 = DIRECTION ( 'NONE',  ( -6.980527267330673326E-15, -1.387778780781445984E-17, 1.000000000000000000 ) ) ;
#1151 = DIRECTION ( 'NONE',  ( 6.980527267330673326E-15, 1.387778780781445984E-17, -1.000000000000000000 ) ) ;
#1152 = ORIENTED_EDGE ( 'NONE', *, *, #652, .T. ) ;
#1153 = VERTEX_POINT ( 'NONE', #4132 ) ;
#1154 = DIRECTION ( 'NONE',  ( -0.8439597323689262964, 0.5364065343932439278, -3.020847461066011874E-14 ) ) ;
#1155 = ADVANCED_FACE ( 'NONE', ( #1834 ), #5517, .T. ) ;
#1156 = FACE_OUTER_BOUND ( 'NONE', #809, .T. ) ;
#1157 = CARTESIAN_POINT ( 'NONE',  ( -29.00000000000000000, -12.00000000000001066, -4.499999999999573674 ) ) ;
#1158 = EDGE_LOOP ( 'NONE', ( #5001, #1099, #5819, #296 ) ) ;
#1159 = CARTESIAN_POINT ( 'NONE',  ( -26.10643365897824353, -15.42933991448295394, 13.01666033472251449 ) ) ;
#1160 = DIRECTION ( 'NONE',  ( 0.000000000000000000, 0.000000000000000000, 1.000000000000000000 ) ) ;
#1161 = EDGE_CURVE ( 'NONE', #2589, #3134, #3893, .T. ) ;
#1162 = DIRECTION ( 'NONE',  ( 6.980527267330673326E-15, 1.387778780781445984E-17, -1.000000000000000000 ) ) ;
#1163 = DIRECTION ( 'NONE',  ( 0.000000000000000000, 0.000000000000000000, 1.000000000000000000 ) ) ;
#1164 = ORIENTED_EDGE ( 'NONE', *, *, #2448, .T. ) ;
#1165 = CARTESIAN_POINT ( 'NONE',  ( -22.20692310133702208, 16.31629887952674096, 18.15703797174332479 ) ) ;
#1166 = ORIENTED_EDGE ( 'NONE', *, *, #5137, .T. ) ;
#1167 = CARTESIAN_POINT ( 'NONE',  ( 16.52850653081603838, 12.01793403107695468, 25.91139764280051239 ) ) ;
#1168 = AXIS2_PLACEMENT_3D ( 'NONE', #4428, #4401, #1287 ) ;
#1169 = CARTESIAN_POINT ( 'NONE',  ( 14.99999999999980815, 11.74999999999998046, 26.94322734937309249 ) ) ;
#1170 = VECTOR ( 'NONE', #5575, 1000.000000000000000 ) ;
#1171 = CARTESIAN_POINT ( 'NONE',  ( 21.33298685284971796, 15.07484961840030380, 15.00000000000016520 ) ) ;
#1172 = LINE ( 'NONE', #2582, #5691 ) ;
#1173 = VERTEX_POINT ( 'NONE', #1053 ) ;
#1174 = EDGE_LOOP ( 'NONE', ( #5177, #5206 ) ) ;
#1175 = CARTESIAN_POINT ( 'NONE',  ( -24.18677324489565805, -16.00000000000001421, -1.665334536937734811E-13 ) ) ;
#1176 = DIRECTION ( 'NONE',  ( 6.980527267330673326E-15, 1.387778780781445984E-17, -1.000000000000000000 ) ) ;
#1177 = VECTOR ( 'NONE', #3159, 1000.000000000000000 ) ;
#1178 = CARTESIAN_POINT ( 'NONE',  ( 6.505213034913026604E-16, 0.000000000000000000, 30.00000000000001421 ) ) ;
#1179 = ORIENTED_EDGE ( 'NONE', *, *, #3699, .F. ) ;
#1180 = ORIENTED_EDGE ( 'NONE', *, *, #3710, .F. ) ;
#1181 = ORIENTED_EDGE ( 'NONE', *, *, #950, .T. ) ;
#1182 = DIRECTION ( 'NONE',  ( 6.980527267330673326E-15, 1.387778780781445984E-17, -1.000000000000000000 ) ) ;
#1183 = CIRCLE ( 'NONE', #883, 0.7500000000000006661 ) ;
#1184 = AXIS2_PLACEMENT_3D ( 'NONE', #4026, #5094, #4535 ) ;
#1185 = PLANE ( 'NONE',  #1097 ) ;
#1186 = AXIS2_PLACEMENT_3D ( 'NONE', #3673, #1396, #914 ) ;
#1187 = CARTESIAN_POINT ( 'NONE',  ( 22.00000000000001066, 0.000000000000000000, -2.220446049250313081E-13 ) ) ;
#1188 = ADVANCED_FACE ( 'NONE', ( #4701 ), #2927, .F. ) ;
#1189 = VECTOR ( 'NONE', #570, 1000.000000000000000 ) ;
#1190 = ORIENTED_EDGE ( 'NONE', *, *, #1641, .T. ) ;
#1191 = CARTESIAN_POINT ( 'NONE',  ( -30.00000000000000000, -12.50000000000001066, -2.000000000000210054 ) ) ;
#1192 = CARTESIAN_POINT ( 'NONE',  ( -24.18677324489567226, 15.99999999999995914, 1.999999999999835243 ) ) ;
#1193 = DIRECTION ( 'NONE',  ( 6.980527267330673326E-15, 1.387778780781445984E-17, -1.000000000000000000 ) ) ;
#1194 = VECTOR ( 'NONE', #3947, 1000.000000000000000 ) ;
#1195 = CARTESIAN_POINT ( 'NONE',  ( 17.49943884610818046, -10.74271657593527252, 25.83381657716749658 ) ) ;
#1196 = DIRECTION ( 'NONE',  ( 1.000000000000000000, 0.000000000000000000, 0.000000000000000000 ) ) ;
#1197 = EDGE_CURVE ( 'NONE', #5345, #171, #3282, .T. ) ;
#1198 = AXIS2_PLACEMENT_3D ( 'NONE', #4392, #2234, #2752 ) ;
#1199 = ORIENTED_EDGE ( 'NONE', *, *, #3789, .F. ) ;
#1200 = CARTESIAN_POINT ( 'NONE',  ( -25.57376154763139198, -18.66799394107262344, 9.306382888591729241 ) ) ;
#1201 = CARTESIAN_POINT ( 'NONE',  ( -0.3178262623161052236, -22.68491640150054067, 26.65145986461073235 ) ) ;
#1202 = CARTESIAN_POINT ( 'NONE',  ( 22.00000000000002132, 3.799999999999970068, -1.999999999999849010 ) ) ;
#1203 = DIRECTION ( 'NONE',  ( 6.980527267330673326E-15, 1.387778780781445984E-17, -1.000000000000000000 ) ) ;
#1204 = VERTEX_POINT ( 'NONE', #565 ) ;
#1205 = AXIS2_PLACEMENT_3D ( 'NONE', #2747, #4162, #2258 ) ;
#1206 = CARTESIAN_POINT ( 'NONE',  ( -30.00000000000000000, 9.499999999999980460, -4.499999999999573674 ) ) ;
#1207 = EDGE_CURVE ( 'NONE', #3382, #3550, #4797, .T. ) ;
#1208 = CIRCLE ( 'NONE', #4389, 32.97518921319493757 ) ;
#1209 = CARTESIAN_POINT ( 'NONE',  ( -28.99999999999999645, -9.499999999999980460, -4.499999999999573674 ) ) ;
#1210 = CARTESIAN_POINT ( 'NONE',  ( -24.18677324489566871, -16.00000000000001421, 1.999999999999835243 ) ) ;
#1211 = ORIENTED_EDGE ( 'NONE', *, *, #3359, .F. ) ;
#1212 = ORIENTED_EDGE ( 'NONE', *, *, #2714, .T. ) ;
#1213 = CARTESIAN_POINT ( 'NONE',  ( -22.00000000000001776, 7.499999999999978684, -1.526556658859590243E-13 ) ) ;
#1214 = EDGE_CURVE ( 'NONE', #2472, #3376, #5694, .T. ) ;
#1215 = CARTESIAN_POINT ( 'NONE',  ( -16.50000000000021316, 11.74999999999998224, 30.31288913245511907 ) ) ;
#1216 = CARTESIAN_POINT ( 'NONE',  ( -16.50000000000018119, 11.74999999999998046, 26.05163142684147815 ) ) ;
#1217 = VERTEX_POINT ( 'NONE', #4767 ) ;
#1218 = CARTESIAN_POINT ( 'NONE',  ( -16.52939247715316284, -11.46651018222085305, 26.15953241438849375 ) ) ;
#1219 = DIRECTION ( 'NONE',  ( 6.980527267330673326E-15, 1.387778780781445984E-17, -1.000000000000000000 ) ) ;
#1220 = CARTESIAN_POINT ( 'NONE',  ( 30.89518444143391918, 7.499999999999978684, -2.000000000000154543 ) ) ;
#1221 = LINE ( 'NONE', #4422, #2322 ) ;
#1222 = ORIENTED_EDGE ( 'NONE', *, *, #769, .T. ) ;
#1223 = CARTESIAN_POINT ( 'NONE',  ( -31.00000000000000000, 3.799999999999998046, 1.526556658859590243E-13 ) ) ;
#1224 = CARTESIAN_POINT ( 'NONE',  ( -0.1638840537902313543, -22.64159508759133743, 26.68966227769687549 ) ) ;
#1225 = CARTESIAN_POINT ( 'NONE',  ( -0.8523084477534450532, -19.99809253434835554, 26.23698760478534453 ) ) ;
#1226 = EDGE_CURVE ( 'NONE', #3785, #332, #5598, .T. ) ;
#1227 = CARTESIAN_POINT ( 'NONE',  ( -22.47415166174352663, -17.06363504828549083, 17.11540519333416555 ) ) ;
#1228 = ADVANCED_FACE ( 'NONE', ( #3800, #3435 ), #4315, .F. ) ;
#1229 = DIRECTION ( 'NONE',  ( 0.000000000000000000, 0.000000000000000000, -1.000000000000000000 ) ) ;
#1230 = ORIENTED_EDGE ( 'NONE', *, *, #5313, .T. ) ;
#1231 = VERTEX_POINT ( 'NONE', #2859 ) ;
#1232 = CARTESIAN_POINT ( 'NONE',  ( 22.13759665443955527, 13.80891001984690902, 20.20497014175271033 ) ) ;
#1233 = LINE ( 'NONE', #2532, #298 ) ;
#1234 = ORIENTED_EDGE ( 'NONE', *, *, #5385, .F. ) ;
#1235 = EDGE_CURVE ( 'NONE', #1564, #5952, #1266, .T. ) ;
#1236 = CARTESIAN_POINT ( 'NONE',  ( 23.64629433626248556, -14.06940836538914219, 18.21945554831753000 ) ) ;
#1237 = EDGE_LOOP ( 'NONE', ( #4853, #1152 ) ) ;
#1238 = ORIENTED_EDGE ( 'NONE', *, *, #4665, .F. ) ;
#1239 = DIRECTION ( 'NONE',  ( 0.000000000000000000, 0.000000000000000000, -1.000000000000000000 ) ) ;
#1240 = CARTESIAN_POINT ( 'NONE',  ( -29.00000000000000000, 11.99999999999998224, -2.499999999999571898 ) ) ;
#1241 = CARTESIAN_POINT ( 'NONE',  ( 19.11041078201509436, -13.66221785191151739, 23.17619475042338806 ) ) ;
#1242 = EDGE_LOOP ( 'NONE', ( #110, #3818 ) ) ;
#1243 = PLANE ( 'NONE',  #5126 ) ;
#1244 = CARTESIAN_POINT ( 'NONE',  ( 25.98867772453006708, -16.87453943680625557, 11.35124220605712431 ) ) ;
#1245 = CARTESIAN_POINT ( 'NONE',  ( 0.000000000000000000, 0.000000000000000000, 0.000000000000000000 ) ) ;
#1246 = CARTESIAN_POINT ( 'NONE',  ( 22.90115868095251628, -14.29421713193682031, 30.31288913245538907 ) ) ;
#1247 = ORIENTED_EDGE ( 'NONE', *, *, #4135, .F. ) ;
#1248 = FACE_OUTER_BOUND ( 'NONE', #2196, .T. ) ;
#1249 = CARTESIAN_POINT ( 'NONE',  ( 26.21541299667438807, -18.21479978127321075, 8.366818917288075141 ) ) ;
#1250 = LINE ( 'NONE', #4514, #3680 ) ;
#1251 = CARTESIAN_POINT ( 'NONE',  ( 30.00000000000000711, 0.000000000000000000, -1.999999999999793499 ) ) ;
#1252 = EDGE_CURVE ( 'NONE', #5585, #4871, #1919, .T. ) ;
#1253 = CYLINDRICAL_SURFACE ( 'NONE', #759, 1.000000000000004441 ) ;
#1254 = ORIENTED_EDGE ( 'NONE', *, *, #5661, .T. ) ;
#1255 = CARTESIAN_POINT ( 'NONE',  ( 26.93905600827647007, -14.78357853083205953, 12.04225407014417826 ) ) ;
#1256 = VECTOR ( 'NONE', #436, 1000.000000000000000 ) ;
#1257 = CARTESIAN_POINT ( 'NONE',  ( -19.11041078201543897, -13.66221785191149074, 23.17619475042311095 ) ) ;
#1258 = CARTESIAN_POINT ( 'NONE',  ( -32.00000000000000000, 0.000000000000000000, 1.387778780781445676E-14 ) ) ;
#1259 = ORIENTED_EDGE ( 'NONE', *, *, #2923, .T. ) ;
#1260 = CARTESIAN_POINT ( 'NONE',  ( 16.53895908327545428, -9.435301764241481592, 26.95318131389004179 ) ) ;
#1261 = ORIENTED_EDGE ( 'NONE', *, *, #2714, .F. ) ;
#1262 = VERTEX_POINT ( 'NONE', #4250 ) ;
#1263 = PLANE ( 'NONE',  #3582 ) ;
#1264 = EDGE_CURVE ( 'NONE', #2798, #3939, #1570, .T. ) ;
#1265 = ADVANCED_FACE ( 'NONE', ( #5663 ), #1026, .F. ) ;
#1266 = CIRCLE ( 'NONE', #1354, 30.74085229787870688 ) ;
#1267 = ORIENTED_EDGE ( 'NONE', *, *, #3839, .T. ) ;
#1268 = CARTESIAN_POINT ( 'NONE',  ( -24.18677324489567226, 15.99999999999995914, 1.999999999999835243 ) ) ;
#1269 = LINE ( 'NONE', #4440, #4764 ) ;
#1270 = VECTOR ( 'NONE', #2181, 1000.000000000000000 ) ;
#1271 = EDGE_CURVE ( 'NONE', #549, #3528, #5250, .T. ) ;
#1272 =( GEOMETRIC_REPRESENTATION_CONTEXT ( 3 ) GLOBAL_UNCERTAINTY_ASSIGNED_CONTEXT ( ( #3683 ) ) GLOBAL_UNIT_ASSIGNED_CONTEXT ( ( #4632, #5503, #1858 ) ) REPRESENTATION_CONTEXT ( 'NONE', 'WORKASPACE' ) );
#1273 = ORIENTED_EDGE ( 'NONE', *, *, #3992, .F. ) ;
#1274 = DIRECTION ( 'NONE',  ( 6.980527267330673326E-15, 1.387778780781445984E-17, -1.000000000000000000 ) ) ;
#1275 = CARTESIAN_POINT ( 'NONE',  ( 22.18677324489552305, -16.00000000000001066, 18.45933620094687910 ) ) ;
#1276 = VECTOR ( 'NONE', #2567, 1000.000000000000000 ) ;
#1277 = CYLINDRICAL_SURFACE ( 'NONE', #779, 2.000000000000001776 ) ;
#1278 = AXIS2_PLACEMENT_3D ( 'NONE', #3421, #4359, #2483 ) ;
#1279 = CARTESIAN_POINT ( 'NONE',  ( 30.00000000000000711, 0.000000000000000000, -1.999999999999793499 ) ) ;
#1280 = VERTEX_POINT ( 'NONE', #4345 ) ;
#1281 = CARTESIAN_POINT ( 'NONE',  ( 23.43677324489565095, -15.99999999999998579, 1.751654377102340479E-13 ) ) ;
#1282 = VECTOR ( 'NONE', #5393, 1000.000000000000000 ) ;
#1283 = CARTESIAN_POINT ( 'NONE',  ( 27.10973574218784776, -16.68400765618904558, 8.702628799878498356 ) ) ;
#1284 = LINE ( 'NONE', #4570, #1953 ) ;
#1285 = CARTESIAN_POINT ( 'NONE',  ( -18.50000000000069278, 11.74999999999951150, 24.67159297653857308 ) ) ;
#1286 = LINE ( 'NONE', #2759, #2708 ) ;
#1287 = DIRECTION ( 'NONE',  ( -1.000000000000000000, 0.000000000000000000, -6.938893903907210234E-15 ) ) ;
#1288 = ORIENTED_EDGE ( 'NONE', *, *, #5523, .F. ) ;
#1289 = CARTESIAN_POINT ( 'NONE',  ( -24.93677324489567226, 15.99999999999995914, 1.999999999999830136 ) ) ;
#1290 = AXIS2_PLACEMENT_3D ( 'NONE', #1434, #3724, #927 ) ;
#1291 = ADVANCED_FACE ( 'NONE', ( #2401 ), #108, .T. ) ;
#1292 = DIRECTION ( 'NONE',  ( 1.000000000000000000, 0.000000000000000000, 0.000000000000000000 ) ) ;
#1293 = AXIS2_PLACEMENT_3D ( 'NONE', #1398, #2805, #4650 ) ;
#1294 = CARTESIAN_POINT ( 'NONE',  ( 25.28496443492868551, 17.67784546631658316, 11.71377064373118060 ) ) ;
#1295 = CARTESIAN_POINT ( 'NONE',  ( 16.06995369357132830, -9.690989303771502250, 27.14549070344988735 ) ) ;
#1296 = ORIENTED_EDGE ( 'NONE', *, *, #5940, .F. ) ;
#1297 = ORIENTED_EDGE ( 'NONE', *, *, #753, .F. ) ;
#1298 = CARTESIAN_POINT ( 'NONE',  ( 19.99999999999982947, 11.85468571485173861, 23.41965268749063966 ) ) ;
#1299 = AXIS2_PLACEMENT_3D ( 'NONE', #1640, #5738, #2175 ) ;
#1300 = LINE ( 'NONE', #3140, #3203 ) ;
#1301 = DIRECTION ( 'NONE',  ( 6.980527267330673326E-15, 1.387778780781445984E-17, -1.000000000000000000 ) ) ;
#1302 = ADVANCED_FACE ( 'NONE', ( #4284 ), #1954, .F. ) ;
#1303 = DIRECTION ( 'NONE',  ( -6.994405055138486205E-15, 0.000000000000000000, 1.000000000000000000 ) ) ;
#1304 = ORIENTED_EDGE ( 'NONE', *, *, #4643, .T. ) ;
#1305 = DIRECTION ( 'NONE',  ( 6.709910405078291419E-15, 1.665334536937735304E-16, -1.000000000000000000 ) ) ;
#1306 = CARTESIAN_POINT ( 'NONE',  ( -15.18717225005175564, 12.72994190540685366, 26.38902538801773545 ) ) ;
#1307 = CARTESIAN_POINT ( 'NONE',  ( -24.18677324489588187, -16.00000000000001421, 33.00100000000008293 ) ) ;
#1308 = EDGE_CURVE ( 'NONE', #5383, #179, #208, .T. ) ;
#1309 = DIRECTION ( 'NONE',  ( -6.994405055138486205E-15, -1.387778780781445984E-17, 1.000000000000000000 ) ) ;
#1310 = VERTEX_POINT ( 'NONE', #5730 ) ;
#1311 = CARTESIAN_POINT ( 'NONE',  ( -2.075162958137255487E-13, 2.775557561562891351E-14, 29.79999999999999361 ) ) ;
#1312 = CARTESIAN_POINT ( 'NONE',  ( -0.9105046810290517989, -24.19857885895301308, 25.27105206562108819 ) ) ;
#1313 = DIRECTION ( 'NONE',  ( -1.000000000000000000, 0.000000000000000000, -6.938893903907197612E-15 ) ) ;
#1314 = VECTOR ( 'NONE', #5299, 1000.000000000000000 ) ;
#1315 = DIRECTION ( 'NONE',  ( 0.000000000000000000, 8.465450562766819607E-16, 1.000000000000000000 ) ) ;
#1316 = CARTESIAN_POINT ( 'NONE',  ( -15.00000000000020783, 3.613429000459587809E-16, 29.79999999999999361 ) ) ;
#1317 = EDGE_LOOP ( 'NONE', ( #2792, #129, #3554, #2376 ) ) ;
#1318 = CARTESIAN_POINT ( 'NONE',  ( 21.18677324489542357, -16.00000000000001421, 33.00100000000038136 ) ) ;
#1319 = CARTESIAN_POINT ( 'NONE',  ( 26.58047541746120501, 14.17630034179850718, 13.48300556141855822 ) ) ;
#1320 = CARTESIAN_POINT ( 'NONE',  ( 23.62928623848939225, 17.93130934917670416, 14.46761067422546709 ) ) ;
#1321 = PLANE ( 'NONE',  #5880 ) ;
#1322 = ORIENTED_EDGE ( 'NONE', *, *, #1385, .F. ) ;
#1323 = ORIENTED_EDGE ( 'NONE', *, *, #2151, .T. ) ;
#1324 = CARTESIAN_POINT ( 'NONE',  ( 25.83600183967337571, 18.50809232237345725, 8.887155760642510671 ) ) ;
#1325 = CARTESIAN_POINT ( 'NONE',  ( 29.99999999999999289, -12.00000000000001066, -2.499999999999571898 ) ) ;
#1326 = CARTESIAN_POINT ( 'NONE',  ( -30.00000000000000000, 7.999999999999979572, -2.499999999999571898 ) ) ;
#1327 = CARTESIAN_POINT ( 'NONE',  ( -22.00000000000000000, -7.500000000000007105, -2.000000000000154543 ) ) ;
#1328 = EDGE_CURVE ( 'NONE', #2948, #3764, #2316, .T. ) ;
#1329 = ORIENTED_EDGE ( 'NONE', *, *, #1732, .F. ) ;
#1330 = CARTESIAN_POINT ( 'NONE',  ( 21.18677324489549463, -15.85758369348239150, 19.71526004480205785 ) ) ;
#1331 = CARTESIAN_POINT ( 'NONE',  ( -17.94791825248485040, 14.22069841976580307, 23.76394059027795791 ) ) ;
#1332 = DIRECTION ( 'NONE',  ( 1.000000000000000000, 0.000000000000000000, 6.938893903907222067E-15 ) ) ;
#1333 = EDGE_CURVE ( 'NONE', #4899, #1637, #3574, .T. ) ;
#1334 = EDGE_LOOP ( 'NONE', ( #3192, #1146, #5366, #5421 ) ) ;
#1335 = CARTESIAN_POINT ( 'NONE',  ( -28.99999999999999645, 11.99999999999998224, -4.499999999999573674 ) ) ;
#1336 = CARTESIAN_POINT ( 'NONE',  ( -25.67315766479941885, -13.38217059149053867, 15.84584171966195498 ) ) ;
#1337 = DIRECTION ( 'NONE',  ( -1.000000000000000000, 0.000000000000000000, -6.994405055138514604E-15 ) ) ;
#1338 = CARTESIAN_POINT ( 'NONE',  ( -28.99999999999999645, -9.499999999999980460, -4.499999999999573674 ) ) ;
#1339 = DIRECTION ( 'NONE',  ( 6.980527267330673326E-15, 1.387778780781445984E-17, -1.000000000000000000 ) ) ;
#1340 = ORIENTED_EDGE ( 'NONE', *, *, #4222, .T. ) ;
#1341 = CARTESIAN_POINT ( 'NONE',  ( 22.52057808837373187, -13.49499308848786150, 19.99457100026194567 ) ) ;
#1342 = CARTESIAN_POINT ( 'NONE',  ( 28.99999999999998934, -9.500000000000008882, -2.499999999999586109 ) ) ;
#1343 = PERSON_AND_ORGANIZATION_ROLE ( 'classification_officer' ) ;
#1344 = DIRECTION ( 'NONE',  ( 6.980527267330673326E-15, 1.387778780781445984E-17, -1.000000000000000000 ) ) ;
#1345 = CARTESIAN_POINT ( 'NONE',  ( -22.83220665739539257, 18.68124498840985481, 14.79251617906844452 ) ) ;
#1346 = EDGE_LOOP ( 'NONE', ( #492, #5942, #3763, #466 ) ) ;
#1347 = EDGE_LOOP ( 'NONE', ( #4531, #2648 ) ) ;
#1348 = CARTESIAN_POINT ( 'NONE',  ( 21.18677324489552305, 16.26839154061570980, 19.37988951895080803 ) ) ;
#1349 = AXIS2_PLACEMENT_3D ( 'NONE', #3086, #4593, #1332 ) ;
#1350 = CARTESIAN_POINT ( 'NONE',  ( -15.01806518260370993, -11.39878373136499690, 27.08434121617947810 ) ) ;
#1351 = VECTOR ( 'NONE', #3455, 1000.000000000000000 ) ;
#1352 = DIRECTION ( 'NONE',  ( 0.000000000000000000, 1.000000000000000000, 0.000000000000000000 ) ) ;
#1353 = CARTESIAN_POINT ( 'NONE',  ( -6.500000000000000888, -32.22964473896655591, 12.00000000000023270 ) ) ;
#1354 = AXIS2_PLACEMENT_3D ( 'NONE', #5209, #80, #2470 ) ;
#1355 = ADVANCED_FACE ( 'NONE', ( #5869 ), #5335, .T. ) ;
#1356 = ORIENTED_EDGE ( 'NONE', *, *, #1454, .F. ) ;
#1357 = CARTESIAN_POINT ( 'NONE',  ( -29.00000000000000000, -9.500000000000008882, -2.499999999999586109 ) ) ;
#1358 = CARTESIAN_POINT ( 'NONE',  ( 23.43677324489563318, 15.99999999999995914, 2.000000000000162981 ) ) ;
#1359 = CARTESIAN_POINT ( 'NONE',  ( 28.99999999999999289, 9.499999999999980460, -2.499999999999571898 ) ) ;
#1360 = AXIS2_PLACEMENT_3D ( 'NONE', #5775, #1653, #3482 ) ;
#1361 = AXIS2_PLACEMENT_3D ( 'NONE', #348, #317, #3091 ) ;
#1362 = LOCAL_TIME ( 11, 34, 7.000000000000000000, #1911 ) ;
#1363 = TOROIDAL_SURFACE ( 'NONE', #106, 15.19999999999999929, 0.2000000000000000111 ) ;
#1364 = VERTEX_POINT ( 'NONE', #242 ) ;
#1365 = CARTESIAN_POINT ( 'NONE',  ( -28.99999999999999645, 11.99999999999998224, -4.499999999999573674 ) ) ;
#1366 = CARTESIAN_POINT ( 'NONE',  ( -28.99999999999999645, 12.49999999999998401, -4.999999999999990230 ) ) ;
#1367 = CARTESIAN_POINT ( 'NONE',  ( 28.99999999999999289, -10.50000000000000888, -4.499999999999573674 ) ) ;
#1368 = CARTESIAN_POINT ( 'NONE',  ( 0.000000000000000000, 0.000000000000000000, 0.000000000000000000 ) ) ;
#1369 = AXIS2_PLACEMENT_3D ( 'NONE', #4962, #833, #3780 ) ;
#1370 = LINE ( 'NONE', #5442, #3654 ) ;
#1371 = ORIENTED_EDGE ( 'NONE', *, *, #4787, .T. ) ;
#1372 = CARTESIAN_POINT ( 'NONE',  ( 30.00000000000001066, 13.74772708486757189, -1.999999999999793499 ) ) ;
#1373 = EDGE_CURVE ( 'NONE', #4110, #2092, #5780, .T. ) ;
#1374 = EDGE_CURVE ( 'NONE', #3603, #4492, #5593, .T. ) ;
#1375 = AXIS2_PLACEMENT_3D ( 'NONE', #1892, #5002, #4613 ) ;
#1376 = DIRECTION ( 'NONE',  ( 1.000000000000000000, 0.000000000000000000, 0.000000000000000000 ) ) ;
#1377 = PERSON_AND_ORGANIZATION_ROLE ( 'design_owner' ) ;
#1378 = CARTESIAN_POINT ( 'NONE',  ( 22.18677324489552660, 16.16622352373743965, 18.31525862682141081 ) ) ;
#1379 = CARTESIAN_POINT ( 'NONE',  ( -26.11938615819439491, 18.29756560546418598, 8.485671705540241305 ) ) ;
#1380 = ORIENTED_EDGE ( 'NONE', *, *, #4296, .F. ) ;
#1381 = CIRCLE ( 'NONE', #3118, 35.00000000000000000 ) ;
#1382 = ORIENTED_EDGE ( 'NONE', *, *, #3060, .F. ) ;
#1383 = EDGE_CURVE ( 'NONE', #5873, #5065, #5114, .T. ) ;
#1384 = CARTESIAN_POINT ( 'NONE',  ( 19.96560923867924586, -12.17730352894220758, 23.28307259950142694 ) ) ;
#1385 = EDGE_CURVE ( 'NONE', #5336, #1739, #1073, .T. ) ;
#1386 = EDGE_LOOP ( 'NONE', ( #1009, #2084 ) ) ;
#1387 = AXIS2_PLACEMENT_3D ( 'NONE', #671, #1928, #2058 ) ;
#1388 = VERTEX_POINT ( 'NONE', #3100 ) ;
#1389 = CARTESIAN_POINT ( 'NONE',  ( 18.49999999999978684, -11.74999999999998224, 30.31288913245536776 ) ) ;
#1390 = CYLINDRICAL_SURFACE ( 'NONE', #3996, 1.000000000000014655 ) ;
#1391 = CARTESIAN_POINT ( 'NONE',  ( 22.09654887936265766, -15.56015673049021508, 30.31288913245538907 ) ) ;
#1392 = VECTOR ( 'NONE', #3408, 1000.000000000000000 ) ;
#1393 = EDGE_CURVE ( 'NONE', #2602, #5507, #1692, .T. ) ;
#1394 = ADVANCED_FACE ( 'NONE', ( #2133 ), #4464, .T. ) ;
#1395 = EDGE_LOOP ( 'NONE', ( #5267, #4524, #1695, #4505 ) ) ;
#1396 = DIRECTION ( 'NONE',  ( -1.000000000000000000, 0.000000000000000000, 0.000000000000000000 ) ) ;
#1397 = AXIS2_PLACEMENT_3D ( 'NONE', #2562, #3125, #837 ) ;
#1398 = CARTESIAN_POINT ( 'NONE',  ( 0.6862852270366597285, -1.079772634003745013, 1.387778780781445676E-14 ) ) ;
#1399 = CARTESIAN_POINT ( 'NONE',  ( 29.99999999999999645, 7.499999999999978684, -4.999999999999990230 ) ) ;
#1400 = VERTEX_POINT ( 'NONE', #2107 ) ;
#1401 = CARTESIAN_POINT ( 'NONE',  ( 6.499999999999999112, -2.775557561562891351E-14, 1.387778780781445676E-14 ) ) ;
#1402 = CARTESIAN_POINT ( 'NONE',  ( -23.10757157798460781, -13.19403213096111749, 19.51999111727340974 ) ) ;
#1403 = CARTESIAN_POINT ( 'NONE',  ( 30.89518444143392983, 13.94170386461438049, -1.999999999999779732 ) ) ;
#1404 = DIRECTION ( 'NONE',  ( 1.000000000000000000, 0.000000000000000000, 1.055230667902076358E-16 ) ) ;
#1405 = DIRECTION ( 'NONE',  ( 0.000000000000000000, 8.465450562766820593E-16, 1.000000000000000000 ) ) ;
#1406 = VERTEX_POINT ( 'NONE', #4887 ) ;
#1407 = CYLINDRICAL_SURFACE ( 'NONE', #1841, 3.000000000000002665 ) ;
#1408 = EDGE_CURVE ( 'NONE', #3068, #5486, #3017, .T. ) ;
#1409 = CARTESIAN_POINT ( 'NONE',  ( 23.43677324489563674, -16.00000000000001421, 2.000000000000162981 ) ) ;
#1410 = EDGE_CURVE ( 'NONE', #5870, #2744, #2613, .T. ) ;
#1411 = PERSON_AND_ORGANIZATION ( #4717, #985 ) ;
#1412 = CARTESIAN_POINT ( 'NONE',  ( 22.20714638331944002, 16.31779664164227484, 18.15542452799463291 ) ) ;
#1413 = CARTESIAN_POINT ( 'NONE',  ( 22.09654887936266121, 15.56015673049018844, 30.31288913245538907 ) ) ;
#1414 = EDGE_LOOP ( 'NONE', ( #116, #3663, #4525, #1902 ) ) ;
#1415 = ORIENTED_EDGE ( 'NONE', *, *, #4020, .F. ) ;
#1416 = CARTESIAN_POINT ( 'NONE',  ( 24.15135760926157005, 19.00371177466021422, 12.02868856942422937 ) ) ;
#1417 = EDGE_CURVE ( 'NONE', #5123, #417, #815, .T. ) ;
#1418 = VECTOR ( 'NONE', #3728, 1000.000000000000000 ) ;
#1419 = DIRECTION ( 'NONE',  ( -6.938893903907229918E-18, 8.743006318923109728E-16, -1.000000000000000000 ) ) ;
#1420 = DIRECTION ( 'NONE',  ( 1.000000000000000000, 0.000000000000000000, -0.000000000000000000 ) ) ;
#1421 = LINE ( 'NONE', #2229, #2235 ) ;
#1422 = FACE_BOUND ( 'NONE', #85, .T. ) ;
#1423 = VERTEX_POINT ( 'NONE', #3948 ) ;
#1424 = LINE ( 'NONE', #5007, #22 ) ;
#1425 = CARTESIAN_POINT ( 'NONE',  ( -15.04140453421718604, 12.26455483141759117, 26.69118070116799046 ) ) ;
#1426 = CARTESIAN_POINT ( 'NONE',  ( -21.18677324489559766, 16.00000000000065370, 19.59899587910971164 ) ) ;
#1427 = ORIENTED_EDGE ( 'NONE', *, *, #5129, .F. ) ;
#1428 = CARTESIAN_POINT ( 'NONE',  ( -25.06115526383570824, 13.12703925024582041, 16.99087346677470478 ) ) ;
#1429 = CARTESIAN_POINT ( 'NONE',  ( 17.50000000000000355, -2.561244371712105157E-14, 30.31088913245535821 ) ) ;
#1430 = DIRECTION ( 'NONE',  ( 1.000000000000000000, -8.673617379884364806E-19, 6.991461281967131934E-15 ) ) ;
#1431 = CARTESIAN_POINT ( 'NONE',  ( -23.20649659448723412, 14.24914122303799502, 18.64041567795387877 ) ) ;
#1432 = VERTEX_POINT ( 'NONE', #4860 ) ;
#1433 = CARTESIAN_POINT ( 'NONE',  ( -24.18677324489588187, -16.00000000000001421, 33.00100000000008293 ) ) ;
#1434 = CARTESIAN_POINT ( 'NONE',  ( 0.000000000000000000, 0.000000000000000000, 0.000000000000000000 ) ) ;
#1435 = CALENDAR_DATE ( 2026, 20, 8 ) ;
#1436 = EDGE_CURVE ( 'NONE', #4327, #647, #1233, .T. ) ;
#1437 = CARTESIAN_POINT ( 'NONE',  ( 17.01959751052382686, 9.290854700281444778, 26.70297884573970038 ) ) ;
#1438 = DIRECTION ( 'NONE',  ( -0.8439597323689270736, -0.5364065343932427066, -1.387778780781445521E-17 ) ) ;
#1439 = VERTEX_POINT ( 'NONE', #4012 ) ;
#1440 = ORIENTED_EDGE ( 'NONE', *, *, #1207, .T. ) ;
#1441 = CARTESIAN_POINT ( 'NONE',  ( 19.99999999999996447, -11.85522980736165088, 23.41938031738005677 ) ) ;
#1442 = CARTESIAN_POINT ( 'NONE',  ( -30.00000000000000000, 0.000000000000000000, -2.081668171172168513E-13 ) ) ;
#1443 = DIRECTION ( 'NONE',  ( -1.000000000000000000, 0.000000000000000000, -6.938893903907222067E-15 ) ) ;
#1444 = VERTEX_POINT ( 'NONE', #4495 ) ;
#1445 = ORIENTED_EDGE ( 'NONE', *, *, #5005, .T. ) ;
#1446 = CARTESIAN_POINT ( 'NONE',  ( -25.98867772453023051, 16.87453943680622714, 11.35124220605679746 ) ) ;
#1447 = EDGE_CURVE ( 'NONE', #5196, #2019, #2193, .T. ) ;
#1448 = AXIS2_PLACEMENT_3D ( 'NONE', #4373, #5835, #3568 ) ;
#1449 = EDGE_CURVE ( 'NONE', #4761, #1472, #1743, .T. ) ;
#1450 = VERTEX_POINT ( 'NONE', #3923 ) ;
#1451 = DIRECTION ( 'NONE',  ( -1.000000000000000000, 0.000000000000000000, 0.000000000000000000 ) ) ;
#1452 = CARTESIAN_POINT ( 'NONE',  ( -31.00000000000000000, 13.96424004376894956, -2.081668171172168513E-13 ) ) ;
#1453 = CARTESIAN_POINT ( 'NONE',  ( 19.99999999999985434, -11.74999999999995559, 23.47205785609789785 ) ) ;
#1454 = EDGE_CURVE ( 'NONE', #428, #3391, #5755, .T. ) ;
#1455 = ORIENTED_EDGE ( 'NONE', *, *, #1815, .F. ) ;
#1456 = CARTESIAN_POINT ( 'NONE',  ( -27.14976397893129700, 15.47133895449795915, 10.62121555743248358 ) ) ;
#1457 = VECTOR ( 'NONE', #5633, 1000.000000000000000 ) ;
#1458 = CARTESIAN_POINT ( 'NONE',  ( -32.00000000000000000, 0.000000000000000000, -2.220446049250313081E-13 ) ) ;
#1459 = CARTESIAN_POINT ( 'NONE',  ( -1.517883041479706208E-15, -2.775557561562891351E-14, 12.00000000000021849 ) ) ;
#1460 = CARTESIAN_POINT ( 'NONE',  ( -26.13471829169008487, 15.53304802343643232, 12.83530003255745378 ) ) ;
#1461 = ORIENTED_EDGE ( 'NONE', *, *, #4182, .T. ) ;
#1462 = DIRECTION ( 'NONE',  ( 0.000000000000000000, 0.000000000000000000, 1.000000000000000000 ) ) ;
#1463 = AXIS2_PLACEMENT_3D ( 'NONE', #4509, #5402, #512 ) ;
#1464 = EDGE_CURVE ( 'NONE', #713, #288, #2561, .T. ) ;
#1465 = ORIENTED_EDGE ( 'NONE', *, *, #1140, .F. ) ;
#1466 = LINE ( 'NONE', #1409, #5518 ) ;
#1467 = AXIS2_PLACEMENT_3D ( 'NONE', #3590, #1305, #2803 ) ;
#1468 = FACE_OUTER_BOUND ( 'NONE', #3271, .T. ) ;
#1469 = AXIS2_PLACEMENT_3D ( 'NONE', #2011, #2496, #2045 ) ;
#1470 = CARTESIAN_POINT ( 'NONE',  ( -30.00000000000000000, 13.74772708486757189, -2.081668171172168513E-13 ) ) ;
#1471 = ORIENTED_EDGE ( 'NONE', *, *, #2287, .T. ) ;
#1472 = VERTEX_POINT ( 'NONE', #3982 ) ;
#1473 = CARTESIAN_POINT ( 'NONE',  ( 0.9065726498591070159, -20.12745524737951541, 26.13604539755790057 ) ) ;
#1474 = VECTOR ( 'NONE', #390, 1000.000000000000000 ) ;
#1475 = CARTESIAN_POINT ( 'NONE',  ( -0.8629579389677962675, -21.31381570111923551, 25.17947742597989702 ) ) ;
#1476 = AXIS2_PLACEMENT_3D ( 'NONE', #3868, #5703, #2409 ) ;
#1477 = DIRECTION ( 'NONE',  ( 0.000000000000000000, 1.000000000000000000, 0.000000000000000000 ) ) ;
#1478 = CARTESIAN_POINT ( 'NONE',  ( 24.18677324489563674, -16.00000000000001421, 2.000000000000168310 ) ) ;
#1479 = VERTEX_POINT ( 'NONE', #3695 ) ;
#1480 = ORIENTED_EDGE ( 'NONE', *, *, #3992, .T. ) ;
#1481 = LINE ( 'NONE', #2405, #1671 ) ;
#1482 = VECTOR ( 'NONE', #1292, 1000.000000000000000 ) ;
#1483 = VERTEX_POINT ( 'NONE', #3217 ) ;
#1484 = DIRECTION ( 'NONE',  ( 1.000000000000000000, 0.000000000000000000, 6.938893903907222067E-15 ) ) ;
#1485 = EDGE_CURVE ( 'NONE', #4734, #5191, #1835, .T. ) ;
#1486 = CARTESIAN_POINT ( 'NONE',  ( 26.17497816149238332, 15.75549331885096471, 12.47716541067633322 ) ) ;
#1487 = CIRCLE ( 'NONE', #4278, 35.00000000000000000 ) ;
#1488 = CARTESIAN_POINT ( 'NONE',  ( -28.99999999999999645, 10.50000000000000888, -4.499999999999573674 ) ) ;
#1489 = AXIS2_PLACEMENT_3D ( 'NONE', #1867, #2771, #4046 ) ;
#1490 = VERTEX_POINT ( 'NONE', #5956 ) ;
#1491 = LINE ( 'NONE', #2755, #4744 ) ;
#1492 = FACE_OUTER_BOUND ( 'NONE', #1909, .T. ) ;
#1493 = EDGE_CURVE ( 'NONE', #5667, #647, #2279, .T. ) ;
#1494 = CARTESIAN_POINT ( 'NONE',  ( 0.9797505205473869827, -23.48856498275760529, 25.92978503918662625 ) ) ;
#1495 = CARTESIAN_POINT ( 'NONE',  ( 32.00000000000000000, 7.499999999999978684, 2.220446049250313081E-13 ) ) ;
#1496 = VERTEX_POINT ( 'NONE', #2219 ) ;
#1497 = CARTESIAN_POINT ( 'NONE',  ( -15.09563974560941801, 11.04122882727366850, 27.18913315107470652 ) ) ;
#1498 = ORIENTED_EDGE ( 'NONE', *, *, #1829, .F. ) ;
#1499 = CARTESIAN_POINT ( 'NONE',  ( 30.00000000000000000, 0.000000000000000000, 1.387778780781445676E-14 ) ) ;
#1500 = LINE ( 'NONE', #3883, #3991 ) ;
#1501 = CARTESIAN_POINT ( 'NONE',  ( 19.91964879104401831, 11.10095095477401728, 23.85398798165831025 ) ) ;
#1502 = CARTESIAN_POINT ( 'NONE',  ( -27.00371781871029597, 17.03979267074766568, 8.335170084397013568 ) ) ;
#1503 = ORIENTED_EDGE ( 'NONE', *, *, #3085, .T. ) ;
#1504 = ORIENTED_EDGE ( 'NONE', *, *, #2139, .T. ) ;
#1505 = CARTESIAN_POINT ( 'NONE',  ( 0.3316310130832661462, -19.46372418885454181, 26.64696866345868997 ) ) ;
#1506 = CARTESIAN_POINT ( 'NONE',  ( 28.99999999999999289, 10.50000000000000888, -4.499999999999573674 ) ) ;
#1507 = DIRECTION ( 'NONE',  ( -6.980527267330673326E-15, -1.387778780781445984E-17, 1.000000000000000000 ) ) ;
#1508 = DIRECTION ( 'NONE',  ( -1.000000000000000000, 0.000000000000000000, 0.000000000000000000 ) ) ;
#1509 = ORIENTED_EDGE ( 'NONE', *, *, #5765, .T. ) ;
#1510 = ORIENTED_EDGE ( 'NONE', *, *, #5848, .F. ) ;
#1511 = CARTESIAN_POINT ( 'NONE',  ( -28.99999999999999645, 9.499999999999980460, -2.499999999999571898 ) ) ;
#1512 = EDGE_LOOP ( 'NONE', ( #2177, #4347, #3735, #1036 ) ) ;
#1513 = DIRECTION ( 'NONE',  ( -1.000000000000000000, 0.000000000000000000, -6.938893903907222067E-15 ) ) ;
#1514 = CARTESIAN_POINT ( 'NONE',  ( 15.04908715521729690, -12.25885421387643248, 26.68831053590289670 ) ) ;
#1515 = EDGE_CURVE ( 'NONE', #3514, #1801, #4433, .T. ) ;
#1516 = FACE_OUTER_BOUND ( 'NONE', #3950, .T. ) ;
#1517 = EDGE_CURVE ( 'NONE', #4047, #990, #3632, .T. ) ;
#1518 = EDGE_LOOP ( 'NONE', ( #5107, #3612, #4998, #1926 ) ) ;
#1519 = CARTESIAN_POINT ( 'NONE',  ( -25.04620976756511297, -14.18173112413544068, 16.14745591026272464 ) ) ;
#1520 = CARTESIAN_POINT ( 'NONE',  ( -16.69159511097763371, -12.35011886834001338, 25.64932184344696608 ) ) ;
#1521 = CYLINDRICAL_SURFACE ( 'NONE', #2046, 2.000000000000001776 ) ;
#1522 = CARTESIAN_POINT ( 'NONE',  ( 32.00000000000000000, 14.17744687875782716, 2.220446049250313081E-13 ) ) ;
#1523 = ORIENTED_EDGE ( 'NONE', *, *, #5749, .F. ) ;
#1524 = EDGE_CURVE ( 'NONE', #2197, #3228, #4972, .T. ) ;
#1525 = CYLINDRICAL_SURFACE ( 'NONE', #2230, 3.799999999999999378 ) ;
#1526 = EDGE_CURVE ( 'NONE', #3221, #5753, #4463, .T. ) ;
#1527 = ORIENTED_EDGE ( 'NONE', *, *, #999, .T. ) ;
#1528 = CARTESIAN_POINT ( 'NONE',  ( 18.01857169694049432, 12.61779448960327521, 24.59970887366250381 ) ) ;
#1529 = DIRECTION ( 'NONE',  ( 0.000000000000000000, -1.000000000000000000, 0.000000000000000000 ) ) ;
#1530 = DIRECTION ( 'NONE',  ( 0.000000000000000000, 0.000000000000000000, -1.000000000000000000 ) ) ;
#1531 = PLANE ( 'NONE',  #4052 ) ;
#1532 = ORIENTED_EDGE ( 'NONE', *, *, #5060, .F. ) ;
#1533 = ORIENTED_EDGE ( 'NONE', *, *, #3106, .F. ) ;
#1534 = CARTESIAN_POINT ( 'NONE',  ( 0.8637106049573920474, -21.31238691866327883, 25.18066396778862170 ) ) ;
#1535 = LINE ( 'NONE', #4249, #2626 ) ;
#1536 = CARTESIAN_POINT ( 'NONE',  ( 24.18677324489565095, -15.99999999999998579, 1.804112415015879378E-13 ) ) ;
#1537 = LINE ( 'NONE', #4676, #1392 ) ;
#1538 = ORIENTED_EDGE ( 'NONE', *, *, #3388, .F. ) ;
#1539 = EDGE_LOOP ( 'NONE', ( #438, #3697, #1533, #5178 ) ) ;
#1540 = EDGE_LOOP ( 'NONE', ( #5155, #3617, #5080, #2850, #3951 ) ) ;
#1541 = DIRECTION ( 'NONE',  ( -0.5364065343932440388, -0.8439597323689264075, -3.760880495917718570E-15 ) ) ;
#1542 = ORIENTED_EDGE ( 'NONE', *, *, #5213, .T. ) ;
#1543 = FACE_OUTER_BOUND ( 'NONE', #1414, .T. ) ;
#1544 = CARTESIAN_POINT ( 'NONE',  ( 14.99999999999979927, -11.74999999999998934, 26.94322734937309605 ) ) ;
#1545 = CARTESIAN_POINT ( 'NONE',  ( 16.70236558580604225, -9.374760668663562058, 26.87341442637469058 ) ) ;
#1546 = ADVANCED_FACE ( 'NONE', ( #5475 ), #443, .T. ) ;
#1547 = VECTOR ( 'NONE', #5471, 1000.000000000000000 ) ;
#1548 = ORIENTED_EDGE ( 'NONE', *, *, #2644, .F. ) ;
#1549 = DIRECTION ( 'NONE',  ( 6.980527267330673326E-15, 1.387778780781445984E-17, -1.000000000000000000 ) ) ;
#1550 = LINE ( 'NONE', #5742, #34 ) ;
#1551 = DIRECTION ( 'NONE',  ( -6.938893903907229918E-18, 8.743006318923109728E-16, -1.000000000000000000 ) ) ;
#1552 = CARTESIAN_POINT ( 'NONE',  ( -22.21309526527040390, 15.66505810709095670, 18.71351271454314258 ) ) ;
#1553 = AXIS2_PLACEMENT_3D ( 'NONE', #1145, #532, #1562 ) ;
#1554 = CARTESIAN_POINT ( 'NONE',  ( -22.31474380100245014, 16.71511169004031672, 17.65515696578044924 ) ) ;
#1555 = VECTOR ( 'NONE', #2184, 1000.000000000000000 ) ;
#1556 = AXIS2_PLACEMENT_3D ( 'NONE', #1607, #4675, #1123 ) ;
#1557 = ORIENTED_EDGE ( 'NONE', *, *, #2095, .F. ) ;
#1558 = CARTESIAN_POINT ( 'NONE',  ( -24.61221932067758544, -18.97393941522021876, 11.10612081275549912 ) ) ;
#1559 = CARTESIAN_POINT ( 'NONE',  ( -27.18677324489586056, -15.99999999999926814, 9.689136211791609554 ) ) ;
#1560 = PLANE ( 'NONE',  #3476 ) ;
#1561 = EDGE_CURVE ( 'NONE', #2744, #743, #47, .T. ) ;
#1562 = DIRECTION ( 'NONE',  ( -1.000000000000000000, 0.000000000000000000, -6.938893903907222067E-15 ) ) ;
#1563 = ORIENTED_EDGE ( 'NONE', *, *, #2763, .F. ) ;
#1564 = VERTEX_POINT ( 'NONE', #5024 ) ;
#1565 = AXIS2_PLACEMENT_3D ( 'NONE', #981, #164, #3786 ) ;
#1566 = CARTESIAN_POINT ( 'NONE',  ( 30.96506147691004074, -13.95673404495047087, -0.6666667347466640470 ) ) ;
#1567 = DIRECTION ( 'NONE',  ( 6.980527267330673326E-15, 1.387778780781445984E-17, -1.000000000000000000 ) ) ;
#1568 = AXIS2_PLACEMENT_3D ( 'NONE', #448, #3700, #4637 ) ;
#1569 = DIRECTION ( 'NONE',  ( -6.938893903907229918E-18, 8.743006318923109728E-16, -1.000000000000000000 ) ) ;
#1570 = LINE ( 'NONE', #5181, #3098 ) ;
#1571 = DIRECTION ( 'NONE',  ( 6.980527267330673326E-15, 1.387778780781445984E-17, -1.000000000000000000 ) ) ;
#1572 = ADVANCED_FACE ( 'NONE', ( #899 ), #470, .T. ) ;
#1573 = ORIENTED_EDGE ( 'NONE', *, *, #2090, .T. ) ;
#1574 = AXIS2_PLACEMENT_3D ( 'NONE', #3717, #5947, #5615 ) ;
#1575 = ORIENTED_EDGE ( 'NONE', *, *, #965, .T. ) ;
#1576 = CARTESIAN_POINT ( 'NONE',  ( 24.18677324489563318, 15.99999999999995914, 2.000000000000168310 ) ) ;
#1577 = EDGE_CURVE ( 'NONE', #4174, #5757, #5227, .T. ) ;
#1578 = AXIS2_PLACEMENT_3D ( 'NONE', #5933, #843, #2764 ) ;
#1579 = AXIS2_PLACEMENT_3D ( 'NONE', #2865, #4832, #1484 ) ;
#1580 = ORIENTED_EDGE ( 'NONE', *, *, #3237, .T. ) ;
#1581 = CARTESIAN_POINT ( 'NONE',  ( -29.00000000000000000, -7.500000000000007105, -4.999999999999990230 ) ) ;
#1582 = CARTESIAN_POINT ( 'NONE',  ( 27.18677324489542713, -16.00000000000001421, 33.00100000000042400 ) ) ;
#1583 = CARTESIAN_POINT ( 'NONE',  ( 17.18938096621062428, -9.264204038884187753, 26.60330121936577186 ) ) ;
#1584 = EDGE_CURVE ( 'NONE', #4590, #1490, #733, .T. ) ;
#1585 = AXIS2_PLACEMENT_3D ( 'NONE', #1018, #45, #557 ) ;
#1586 = ADVANCED_FACE ( 'NONE', ( #5627, #1468 ), #1560, .F. ) ;
#1587 = ORIENTED_EDGE ( 'NONE', *, *, #4173, .T. ) ;
#1588 = CARTESIAN_POINT ( 'NONE',  ( -26.18677324489589253, 15.99999999999998579, 33.00100000000006872 ) ) ;
#1589 = VECTOR ( 'NONE', #4839, 1000.000000000000000 ) ;
#1590 = FACE_OUTER_BOUND ( 'NONE', #2864, .T. ) ;
#1591 = CARTESIAN_POINT ( 'NONE',  ( 14.99999999999981171, 12.01466744441257894, 26.82780530169030087 ) ) ;
#1592 = DIRECTION ( 'NONE',  ( -1.000000000000000000, 0.000000000000000000, 0.000000000000000000 ) ) ;
#1593 = DIRECTION ( 'NONE',  ( 0.000000000000000000, 1.000000000000000000, 0.000000000000000000 ) ) ;
#1594 = VECTOR ( 'NONE', #4107, 1000.000000000000000 ) ;
#1595 = EDGE_LOOP ( 'NONE', ( #1800, #2889, #3469, #2349 ) ) ;
#1596 = CARTESIAN_POINT ( 'NONE',  ( -25.40640183073632130, -18.74636068956751345, 9.602451292872267175 ) ) ;
#1597 = ORIENTED_EDGE ( 'NONE', *, *, #3314, .F. ) ;
#1598 = CARTESIAN_POINT ( 'NONE',  ( 19.99999999999979039, 11.74999999999998224, 30.31288913245537842 ) ) ;
#1599 = CARTESIAN_POINT ( 'NONE',  ( -24.67692731992261557, -17.94287515537575928, 12.57576396156511578 ) ) ;
#1600 = FACE_OUTER_BOUND ( 'NONE', #4726, .T. ) ;
#1601 = ORIENTED_EDGE ( 'NONE', *, *, #4214, .T. ) ;
#1602 = CARTESIAN_POINT ( 'NONE',  ( 25.44520022784039526, -13.26318596406513883, 16.30679179501068177 ) ) ;
#1603 = DIRECTION ( 'NONE',  ( -1.000000000000000000, 8.673617379884035472E-19, -6.994405055138486205E-15 ) ) ;
#1604 = ADVANCED_FACE ( 'NONE', ( #4791 ), #3333, .F. ) ;
#1605 = ADVANCED_FACE ( 'NONE', ( #3851 ), #1020, .T. ) ;
#1606 = DIRECTION ( 'NONE',  ( 6.980527267330673326E-15, 1.387778780781445984E-17, -1.000000000000000000 ) ) ;
#1607 = CARTESIAN_POINT ( 'NONE',  ( 6.499999999999997335, -35.00000000000002842, 12.00000000000021849 ) ) ;
#1608 = LINE ( 'NONE', #1338, #3505 ) ;
#1609 = EDGE_LOOP ( 'NONE', ( #3205, #5365, #5254, #2983 ) ) ;
#1610 = ORIENTED_EDGE ( 'NONE', *, *, #290, .T. ) ;
#1611 = ORIENTED_EDGE ( 'NONE', *, *, #3237, .F. ) ;
#1612 = DIRECTION ( 'NONE',  ( 0.000000000000000000, 0.000000000000000000, -1.000000000000000000 ) ) ;
#1613 = EDGE_CURVE ( 'NONE', #853, #5952, #2426, .T. ) ;
#1614 = DIRECTION ( 'NONE',  ( 0.05233595624295073884, 0.000000000000000000, -0.9986295347545736112 ) ) ;
#1615 = CARTESIAN_POINT ( 'NONE',  ( 29.99999999999999645, 11.99999999999998224, -4.499999999999573674 ) ) ;
#1616 = CARTESIAN_POINT ( 'NONE',  ( 26.00298847846795169, -15.13729886922383550, 13.56029873828683563 ) ) ;
#1617 = ORIENTED_EDGE ( 'NONE', *, *, #2479, .T. ) ;
#1618 = CARTESIAN_POINT ( 'NONE',  ( -24.64142185890834824, -14.04906677269957171, 16.86618287464346011 ) ) ;
#1619 = CARTESIAN_POINT ( 'NONE',  ( -6.500000000000000888, -35.00000000000000000, 10.00000000000021672 ) ) ;
#1620 = CARTESIAN_POINT ( 'NONE',  ( -21.18677324489578595, -15.85750915589377286, 19.71532089493022610 ) ) ;
#1621 = DIRECTION ( 'NONE',  ( 0.000000000000000000, 1.000000000000000000, 0.000000000000000000 ) ) ;
#1622 = LINE ( 'NONE', #196, #3288 ) ;
#1623 = ORIENTED_EDGE ( 'NONE', *, *, #1742, .F. ) ;
#1624 = CARTESIAN_POINT ( 'NONE',  ( -21.18677324489578595, -16.00000000000001066, 19.59899587910992480 ) ) ;
#1625 = CARTESIAN_POINT ( 'NONE',  ( 18.49999999999984013, 11.61237220322706598, 24.73713907295922709 ) ) ;
#1626 = LINE ( 'NONE', #1251, #594 ) ;
#1627 = LINE ( 'NONE', #748, #4808 ) ;
#1628 = ORIENTED_EDGE ( 'NONE', *, *, #5916, .F. ) ;
#1629 = VERTEX_POINT ( 'NONE', #1978 ) ;
#1630 = EDGE_CURVE ( 'NONE', #1310, #5133, #3191, .T. ) ;
#1631 = DIRECTION ( 'NONE',  ( 6.980527267330673326E-15, 1.387778780781445984E-17, -1.000000000000000000 ) ) ;
#1632 = CARTESIAN_POINT ( 'NONE',  ( -29.00000000000000355, -10.50000000000000888, -2.499999999999571898 ) ) ;
#1633 = PLANE ( 'NONE',  #1397 ) ;
#1634 = ORIENTED_EDGE ( 'NONE', *, *, #5129, .T. ) ;
#1635 = CC_DESIGN_DATE_AND_TIME_ASSIGNMENT ( #3184, #5023, ( #4456 ) ) ;
#1636 = VERTEX_POINT ( 'NONE', #202 ) ;
#1637 = VERTEX_POINT ( 'NONE', #1078 ) ;
#1638 = CARTESIAN_POINT ( 'NONE',  ( 26.94677467479391453, 17.17790008481436104, 8.233996679033911192 ) ) ;
#1639 = PLANE ( 'NONE',  #3783 ) ;
#1640 = CARTESIAN_POINT ( 'NONE',  ( -1.951563910473907981E-15, 0.000000000000000000, 10.00000000000021672 ) ) ;
#1641 = EDGE_CURVE ( 'NONE', #619, #5844, #430, .T. ) ;
#1642 = B_SPLINE_CURVE_WITH_KNOTS ( 'NONE', 3,
 ( #5481, #4583, #1384, #2224, #1441, #4976 ),
 .UNSPECIFIED., .F., .F.,
 ( 4, 2, 4 ),
 ( 0.001797585006361914449, 0.002148152175158639723, 0.002498719343955364998 ),
 .UNSPECIFIED. ) ;
#1643 = ORIENTED_EDGE ( 'NONE', *, *, #326, .F. ) ;
#1644 = CARTESIAN_POINT ( 'NONE',  ( -22.18677324489577884, -16.00000000000000711, 18.45933620094657002 ) ) ;
#1645 = CARTESIAN_POINT ( 'NONE',  ( 23.07767849924385573, -17.67664539154934644, 15.62517044012634315 ) ) ;
#1646 = CARTESIAN_POINT ( 'NONE',  ( 24.18677324489563318, 15.99999999999995914, 2.000000000000168310 ) ) ;
#1647 = CYLINDRICAL_SURFACE ( 'NONE', #5201, 1.000000000000000888 ) ;
#1648 = EDGE_CURVE ( 'NONE', #2791, #2501, #2980, .T. ) ;
#1649 = DIRECTION ( 'NONE',  ( 1.000000000000000000, 0.000000000000000000, 0.000000000000000000 ) ) ;
#1650 = ORIENTED_EDGE ( 'NONE', *, *, #1333, .F. ) ;
#1651 = CARTESIAN_POINT ( 'NONE',  ( -23.54682138946392911, -18.94657728052145984, 13.26836689305186390 ) ) ;
#1652 = CARTESIAN_POINT ( 'NONE',  ( 25.58146623081421822, -18.66399535167710511, 9.293193201404468695 ) ) ;
#1653 = DIRECTION ( 'NONE',  ( -0.7071067811865475727, 0.000000000000000000, 0.7071067811865474617 ) ) ;
#1654 = LINE ( 'NONE', #4032, #1314 ) ;
#1655 = ORIENTED_EDGE ( 'NONE', *, *, #266, .F. ) ;
#1656 = DIRECTION ( 'NONE',  ( 0.000000000000000000, 0.000000000000000000, 1.000000000000000000 ) ) ;
#1657 = EDGE_CURVE ( 'NONE', #2589, #4444, #1626, .T. ) ;
#1658 = EDGE_CURVE ( 'NONE', #5404, #5793, #5500, .T. ) ;
#1659 = DIRECTION ( 'NONE',  ( -1.000000000000000000, 0.000000000000000000, -6.938893903907222067E-15 ) ) ;
#1660 = DIRECTION ( 'NONE',  ( -1.000000000000000000, 0.000000000000000000, 0.000000000000000000 ) ) ;
#1661 = VECTOR ( 'NONE', #3454, 1000.000000000000000 ) ;
#1662 = CARTESIAN_POINT ( 'NONE',  ( -16.50000000000018119, 11.74999999999998046, 26.05163142684147815 ) ) ;
#1663 = ORIENTED_EDGE ( 'NONE', *, *, #851, .F. ) ;
#1664 = ORIENTED_EDGE ( 'NONE', *, *, #245, .F. ) ;
#1665 = CARTESIAN_POINT ( 'NONE',  ( 1.409462824231155764E-14, -2.775557561562891351E-14, -1.999999999999988010 ) ) ;
#1666 = CC_DESIGN_APPROVAL ( #5089, ( #3757 ) ) ;
#1667 = CIRCLE ( 'NONE', #2140, 17.50000000000000000 ) ;
#1668 = FACE_OUTER_BOUND ( 'NONE', #4771, .T. ) ;
#1669 = VECTOR ( 'NONE', #1451, 1000.000000000000000 ) ;
#1670 = FACE_OUTER_BOUND ( 'NONE', #5307, .T. ) ;
#1671 = VECTOR ( 'NONE', #3439, 1000.000000000000000 ) ;
#1672 = VECTOR ( 'NONE', #5876, 1000.000000000000000 ) ;
#1673 = EDGE_CURVE ( 'NONE', #3698, #5011, #685, .T. ) ;
#1674 = ORIENTED_EDGE ( 'NONE', *, *, #3699, .T. ) ;
#1675 = CARTESIAN_POINT ( 'NONE',  ( -30.00000000000000000, -12.00000000000001066, -4.499999999999573674 ) ) ;
#1676 = CARTESIAN_POINT ( 'NONE',  ( 25.88395040649922763, -17.06361114247042110, 11.30780424427463515 ) ) ;
#1677 = VECTOR ( 'NONE', #1149, 1000.000000000000000 ) ;
#1678 = FACE_OUTER_BOUND ( 'NONE', #1118, .T. ) ;
#1679 = CARTESIAN_POINT ( 'NONE',  ( -22.61185676822526602, 17.23810537610534510, 16.75107577407980131 ) ) ;
#1680 = VECTOR ( 'NONE', #2453, 1000.000000000000000 ) ;
#1681 = ORIENTED_EDGE ( 'NONE', *, *, #2804, .F. ) ;
#1682 = CARTESIAN_POINT ( 'NONE',  ( 28.99999999999998934, -12.00000000000001066, -2.499999999999586109 ) ) ;
#1683 = CARTESIAN_POINT ( 'NONE',  ( -0.9837230958863526498, -23.96797126245338916, 25.48715269509920134 ) ) ;
#1684 = DIRECTION ( 'NONE',  ( -1.000000000000000000, 0.000000000000000000, 0.000000000000000000 ) ) ;
#1685 = CARTESIAN_POINT ( 'NONE',  ( -22.31563036776437770, -16.71758092513353233, 17.65171908138011148 ) ) ;
#1686 = CARTESIAN_POINT ( 'NONE',  ( -30.00000000000000000, 7.999999999999979572, -4.499999999999573674 ) ) ;
#1687 = VERTEX_POINT ( 'NONE', #1144 ) ;
#1688 = AXIS2_PLACEMENT_3D ( 'NONE', #735, #5790, #5342 ) ;
#1689 = VERTEX_POINT ( 'NONE', #3094 ) ;
#1690 = VECTOR ( 'NONE', #3949, 1000.000000000000000 ) ;
#1691 = LINE ( 'NONE', #2560, #2825 ) ;
#1692 = LINE ( 'NONE', #5841, #5695 ) ;
#1693 = ORIENTED_EDGE ( 'NONE', *, *, #5637, .F. ) ;
#1694 = ORIENTED_EDGE ( 'NONE', *, *, #4366, .F. ) ;
#1695 = ORIENTED_EDGE ( 'NONE', *, *, #5612, .T. ) ;
#1696 = CARTESIAN_POINT ( 'NONE',  ( -29.00000000000000000, -12.00000000000001066, -4.499999999999573674 ) ) ;
#1697 = VERTEX_POINT ( 'NONE', #2581 ) ;
#1698 = CARTESIAN_POINT ( 'NONE',  ( -30.00000000000000000, 11.99999999999998224, -4.499999999999573674 ) ) ;
#1699 = LINE ( 'NONE', #3112, #3129 ) ;
#1700 = ADVANCED_FACE ( 'NONE', ( #3065 ), #5298, .F. ) ;
#1701 = ORIENTED_EDGE ( 'NONE', *, *, #942, .T. ) ;
#1702 = CARTESIAN_POINT ( 'NONE',  ( 21.28006470059846222, -15.23809715192148495, 20.09957846999287412 ) ) ;
#1703 = CARTESIAN_POINT ( 'NONE',  ( 25.61704396060980216, -17.40121137472781854, 11.40075459458198104 ) ) ;
#1704 = CARTESIAN_POINT ( 'NONE',  ( -24.18677324489588898, 15.99999999999998579, 33.00100000000008293 ) ) ;
#1705 = EDGE_CURVE ( 'NONE', #3101, #2798, #4427, .T. ) ;
#1706 = CARTESIAN_POINT ( 'NONE',  ( -25.82151919745833979, 17.15726510555448669, 11.30882903922456073 ) ) ;
#1707 = ORIENTED_EDGE ( 'NONE', *, *, #567, .T. ) ;
#1708 = LINE ( 'NONE', #1682, #800 ) ;
#1709 = DIRECTION ( 'NONE',  ( -1.000000000000000000, 0.000000000000000000, 0.000000000000000000 ) ) ;
#1710 = DIRECTION ( 'NONE',  ( 6.980527267330673326E-15, 1.387778780781445984E-17, -1.000000000000000000 ) ) ;
#1711 = CARTESIAN_POINT ( 'NONE',  ( -24.56314284916994239, -17.96740183447904471, 12.76212625686964230 ) ) ;
#1712 = ADVANCED_FACE ( 'NONE', ( #3942 ), #2075, .T. ) ;
#1713 = LINE ( 'NONE', #3943, #5085 ) ;
#1714 = VERTEX_POINT ( 'NONE', #4819 ) ;
#1715 = CARTESIAN_POINT ( 'NONE',  ( 27.02639591949807141, -15.00233289274664905, 11.56659692614200097 ) ) ;
#1716 = EDGE_CURVE ( 'NONE', #3391, #5697, #3916, .T. ) ;
#1717 = LINE ( 'NONE', #3544, #513 ) ;
#1718 = CARTESIAN_POINT ( 'NONE',  ( -28.99999999999999645, -12.50000000000001066, 3.000000000000002665 ) ) ;
#1719 = VERTEX_POINT ( 'NONE', #1171 ) ;
#1720 = CARTESIAN_POINT ( 'NONE',  ( 26.10666454132813996, -15.43014022443396449, 13.01524380738397113 ) ) ;
#1721 = VERTEX_POINT ( 'NONE', #4851 ) ;
#1722 = ORIENTED_EDGE ( 'NONE', *, *, #234, .T. ) ;
#1723 = ADVANCED_FACE ( 'NONE', ( #2555 ), #4400, .T. ) ;
#1724 = CARTESIAN_POINT ( 'NONE',  ( 29.99999999999999289, -10.50000000000000888, -2.499999999999586109 ) ) ;
#1725 = LINE ( 'NONE', #1215, #710 ) ;
#1726 = CARTESIAN_POINT ( 'NONE',  ( -22.09654887936299161, -15.56015673049021508, 14.99999999999984723 ) ) ;
#1727 = ORIENTED_EDGE ( 'NONE', *, *, #4916, .F. ) ;
#1728 = CARTESIAN_POINT ( 'NONE',  ( -18.31327272229074410, -11.15645812217203847, 25.08346633789374280 ) ) ;
#1729 = LINE ( 'NONE', #2998, #1589 ) ;
#1730 = DIRECTION ( 'NONE',  ( 6.980527267330673326E-15, 1.387778780781445984E-17, -1.000000000000000000 ) ) ;
#1731 = FACE_OUTER_BOUND ( 'NONE', #572, .T. ) ;
#1732 = EDGE_CURVE ( 'NONE', #1721, #1483, #3236, .T. ) ;
#1733 = ORIENTED_EDGE ( 'NONE', *, *, #2508, .T. ) ;
#1734 = FACE_OUTER_BOUND ( 'NONE', #539, .T. ) ;
#1735 = CARTESIAN_POINT ( 'NONE',  ( 26.41813176068732361, -18.01041201937033520, 8.169323204540800631 ) ) ;
#1736 = CARTESIAN_POINT ( 'NONE',  ( -22.00000000000000000, -7.500000000000007105, -2.000000000000154543 ) ) ;
#1737 = DIRECTION ( 'NONE',  ( 1.000000000000000000, 0.000000000000000000, 0.000000000000000000 ) ) ;
#1738 = CARTESIAN_POINT ( 'NONE',  ( 22.00000000000001066, -3.799999999999998046, 1.526556658859590243E-13 ) ) ;
#1739 = VERTEX_POINT ( 'NONE', #3178 ) ;
#1740 = LINE ( 'NONE', #4063, #400 ) ;
#1741 = CARTESIAN_POINT ( 'NONE',  ( -18.89201249642204772, -13.83089036134159500, 23.25551155050355590 ) ) ;
#1742 = EDGE_CURVE ( 'NONE', #4147, #140, #5021, .T. ) ;
#1743 = LINE ( 'NONE', #691, #802 ) ;
#1744 = VERTEX_POINT ( 'NONE', #2245 ) ;
#1745 = CARTESIAN_POINT ( 'NONE',  ( 22.55710778665617511, -14.83567207787808861, 18.97606912872091200 ) ) ;
#1746 = ORIENTED_EDGE ( 'NONE', *, *, #1264, .T. ) ;
#1747 = EDGE_LOOP ( 'NONE', ( #2296, #2137, #4697, #1041 ) ) ;
#1748 = CARTESIAN_POINT ( 'NONE',  ( -30.00000000000000000, -7.500000000000007105, 4.000000000000017764 ) ) ;
#1749 = AXIS2_PLACEMENT_3D ( 'NONE', #1718, #3072, #4380 ) ;
#1750 = EDGE_CURVE ( 'NONE', #213, #5390, #1840, .T. ) ;
#1751 = CARTESIAN_POINT ( 'NONE',  ( 24.18677324489565095, 15.99999999999998579, 1.804112415015879378E-13 ) ) ;
#1752 = DIRECTION ( 'NONE',  ( 1.000000000000000000, 0.000000000000000000, 0.000000000000000000 ) ) ;
#1753 = CIRCLE ( 'NONE', #1565, 17.50000000000000000 ) ;
#1754 = ORIENTED_EDGE ( 'NONE', *, *, #5117, .T. ) ;
#1755 = CYLINDRICAL_SURFACE ( 'NONE', #2913, 1.000000000000004441 ) ;
#1756 = CARTESIAN_POINT ( 'NONE',  ( 26.18677324489558700, -15.99999999999995914, 12.13478088061019378 ) ) ;
#1757 = CIRCLE ( 'NONE', #4263, 0.7500000000000006661 ) ;
#1758 = DIRECTION ( 'NONE',  ( -1.000000000000000000, 0.000000000000000000, 0.000000000000000000 ) ) ;
#1759 = EDGE_CURVE ( 'NONE', #4662, #316, #1286, .T. ) ;
#1760 = VECTOR ( 'NONE', #2093, 1000.000000000000000 ) ;
#1761 = DIRECTION ( 'NONE',  ( 6.980527267330673326E-15, 1.387778780781445984E-17, -1.000000000000000000 ) ) ;
#1762 = VERTEX_POINT ( 'NONE', #5929 ) ;
#1763 = CARTESIAN_POINT ( 'NONE',  ( -30.00000000000000711, 12.49999999999995559, -2.000000000000210054 ) ) ;
#1764 = CARTESIAN_POINT ( 'NONE',  ( -0.6883310543869813891, -24.51449285342395612, 24.97143348499580284 ) ) ;
#1765 = FACE_OUTER_BOUND ( 'NONE', #2537, .T. ) ;
#1766 = CARTESIAN_POINT ( 'NONE',  ( 24.18677324489565095, 15.99999999999998579, 1.804112415015879378E-13 ) ) ;
#1767 = CARTESIAN_POINT ( 'NONE',  ( -30.00000000000000000, 12.49999999999998401, 3.000000000000002665 ) ) ;
#1768 = CARTESIAN_POINT ( 'NONE',  ( -27.17177723361480091, -16.36930342166782637, 9.102720745606079689 ) ) ;
#1769 = ORIENTED_EDGE ( 'NONE', *, *, #2425, .T. ) ;
#1770 = DIRECTION ( 'NONE',  ( 6.980527267330673326E-15, 1.387778780781445984E-17, -1.000000000000000000 ) ) ;
#1771 = CIRCLE ( 'NONE', #1001, 0.7500000000000006661 ) ;
#1772 = CARTESIAN_POINT ( 'NONE',  ( -18.18799256185300806, -14.16696916569864229, 23.61304140909420823 ) ) ;
#1773 = VECTOR ( 'NONE', #3591, 1000.000000000000000 ) ;
#1774 = CARTESIAN_POINT ( 'NONE',  ( -30.00000000000000000, 10.50000000000000888, -4.499999999999573674 ) ) ;
#1775 = CARTESIAN_POINT ( 'NONE',  ( -22.42228217935463519, 18.43158598538616388, 15.70465718522026677 ) ) ;
#1776 = EDGE_LOOP ( 'NONE', ( #4009, #1664, #2274, #5121 ) ) ;
#1777 = ORIENTED_EDGE ( 'NONE', *, *, #4691, .F. ) ;
#1778 = EDGE_CURVE ( 'NONE', #3655, #2261, #103, .T. ) ;
#1779 = CARTESIAN_POINT ( 'NONE',  ( 0.1728782480542668254, -19.40900302011795731, 26.68835311997335680 ) ) ;
#1780 = AXIS2_PLACEMENT_3D ( 'NONE', #3318, #610, #1131 ) ;
#1781 = CARTESIAN_POINT ( 'NONE',  ( -15.09545580369791828, -11.04181886978833838, 27.18899670129798096 ) ) ;
#1782 = CARTESIAN_POINT ( 'NONE',  ( -30.00000000000000000, -12.00000000000001066, -4.499999999999573674 ) ) ;
#1783 = DIRECTION ( 'NONE',  ( 6.980527267330673326E-15, 1.387778780781445984E-17, -1.000000000000000000 ) ) ;
#1784 = EDGE_CURVE ( 'NONE', #5382, #5507, #2213, .T. ) ;
#1785 = ORIENTED_EDGE ( 'NONE', *, *, #3964, .T. ) ;
#1786 = CARTESIAN_POINT ( 'NONE',  ( -17.85313244459681314, -10.80710780193274978, 25.56355066849519986 ) ) ;
#1787 = CARTESIAN_POINT ( 'NONE',  ( -17.48068194042539858, 14.26089789814648334, 24.08595971844167849 ) ) ;
#1788 = ORIENTED_EDGE ( 'NONE', *, *, #1826, .T. ) ;
#1789 = CARTESIAN_POINT ( 'NONE',  ( -29.00000000000000000, -10.50000000000000888, -4.499999999999573674 ) ) ;
#1790 = DIRECTION ( 'NONE',  ( -1.000000000000000000, -0.000000000000000000, -0.000000000000000000 ) ) ;
#1791 = CARTESIAN_POINT ( 'NONE',  ( 0.000000000000000000, 0.000000000000000000, 0.000000000000000000 ) ) ;
#1792 = CARTESIAN_POINT ( 'NONE',  ( -17.26898484457550254, 12.73038703256761472, 25.07472974204628713 ) ) ;
#1793 = DIRECTION ( 'NONE',  ( 0.000000000000000000, 0.000000000000000000, 1.000000000000000000 ) ) ;
#1794 = ORIENTED_EDGE ( 'NONE', *, *, #3444, .F. ) ;
#1795 = CARTESIAN_POINT ( 'NONE',  ( 22.13759665443955527, -13.80891001984690902, 20.20497014175272454 ) ) ;
#1796 = VECTOR ( 'NONE', #2507, 1000.000000000000000 ) ;
#1797 = CARTESIAN_POINT ( 'NONE',  ( 26.93747833646491685, 14.77995116656248342, 12.05026791744430170 ) ) ;
#1798 = CARTESIAN_POINT ( 'NONE',  ( 22.47415166174272017, 17.06363504828435751, 17.11540519333632204 ) ) ;
#1799 = PLANE ( 'NONE',  #649 ) ;
#1800 = ORIENTED_EDGE ( 'NONE', *, *, #829, .F. ) ;
#1801 = VERTEX_POINT ( 'NONE', #892 ) ;
#1802 = LINE ( 'NONE', #2310, #4745 ) ;
#1803 = EDGE_CURVE ( 'NONE', #3376, #5140, #5079, .T. ) ;
#1804 = CARTESIAN_POINT ( 'NONE',  ( 31.00000000000000355, 7.500000000000007105, -1.526556658859590243E-13 ) ) ;
#1805 = PLANE ( 'NONE',  #36 ) ;
#1806 = ORIENTED_EDGE ( 'NONE', *, *, #1577, .F. ) ;
#1807 = CARTESIAN_POINT ( 'NONE',  ( -29.00000000000000000, -12.00000000000001066, -4.499999999999573674 ) ) ;
#1808 = ADVANCED_FACE ( 'NONE', ( #5862, #3154 ), #4119, .F. ) ;
#1809 = CARTESIAN_POINT ( 'NONE',  ( 24.64142185890766257, 14.04906677269945448, 16.86618287464454369 ) ) ;
#1810 = EDGE_CURVE ( 'NONE', #5412, #549, #465, .T. ) ;
#1811 = DIRECTION ( 'NONE',  ( 0.000000000000000000, 0.000000000000000000, -1.000000000000000000 ) ) ;
#1812 = EDGE_LOOP ( 'NONE', ( #4062, #2583, #1991, #3336 ) ) ;
#1813 = DIRECTION ( 'NONE',  ( 0.000000000000000000, -1.000000000000000000, 0.000000000000000000 ) ) ;
#1814 = DIRECTION ( 'NONE',  ( 0.000000000000000000, 0.000000000000000000, 1.000000000000000000 ) ) ;
#1815 = EDGE_CURVE ( 'NONE', #4444, #4761, #5966, .T. ) ;
#1816 = CARTESIAN_POINT ( 'NONE',  ( 19.91502058360516259, -12.39627825335817768, 23.21043387401257263 ) ) ;
#1817 = CARTESIAN_POINT ( 'NONE',  ( 17.50969117051526425, -12.75720152636720250, 24.89351750160827237 ) ) ;
#1818 = CYLINDRICAL_SURFACE ( 'NONE', #4722, 2.500000000000000444 ) ;
#1819 = ORIENTED_EDGE ( 'NONE', *, *, #4405, .T. ) ;
#1820 = EDGE_CURVE ( 'NONE', #3636, #2837, #2730, .T. ) ;
#1821 = CARTESIAN_POINT ( 'NONE',  ( -29.00000000000000000, -10.50000000000000888, -4.499999999999573674 ) ) ;
#1822 = CARTESIAN_POINT ( 'NONE',  ( -16.60007538066212618, -14.09260230756131982, 24.79752002405046696 ) ) ;
#1823 = COORDINATED_UNIVERSAL_TIME_OFFSET ( 8, 0, .AHEAD. ) ;
#1824 = CARTESIAN_POINT ( 'NONE',  ( 24.67692731992252320, 17.94287515537572020, 12.57576396156536092 ) ) ;
#1825 = CARTESIAN_POINT ( 'NONE',  ( -24.93013684309959999, 18.91085632337403766, 10.48746558875625645 ) ) ;
#1826 = EDGE_CURVE ( 'NONE', #3779, #3221, #952, .T. ) ;
#1827 = EDGE_LOOP ( 'NONE', ( #1681, #5837, #37, #4911 ) ) ;
#1828 = ORIENTED_EDGE ( 'NONE', *, *, #1393, .F. ) ;
#1829 = EDGE_CURVE ( 'NONE', #2919, #5150, #4572, .T. ) ;
#1830 = CARTESIAN_POINT ( 'NONE',  ( -30.00000000000000000, 12.49999999999998401, 4.000000000000017764 ) ) ;
#1831 = VECTOR ( 'NONE', #5554, 1000.000000000000000 ) ;
#1832 = CARTESIAN_POINT ( 'NONE',  ( -15.64332216129009367, -10.06531033307895839, 27.25823795417571915 ) ) ;
#1833 = SPHERICAL_SURFACE ( 'NONE', #1205, 33.00000000000000000 ) ;
#1834 = FACE_OUTER_BOUND ( 'NONE', #4822, .T. ) ;
#1835 = CIRCLE ( 'NONE', #398, 2.000000000000001776 ) ;
#1836 = ORIENTED_EDGE ( 'NONE', *, *, #5313, .F. ) ;
#1837 = DIRECTION ( 'NONE',  ( 0.000000000000000000, 0.000000000000000000, -1.000000000000000000 ) ) ;
#1838 = CARTESIAN_POINT ( 'NONE',  ( -19.11041078201542831, 13.66221785191149074, 23.17619475042311095 ) ) ;
#1839 = DIRECTION ( 'NONE',  ( -1.000000000000000000, 0.000000000000000000, 0.000000000000000000 ) ) ;
#1840 = CIRCLE ( 'NONE', #5312, 2.500000000000000444 ) ;
#1841 = AXIS2_PLACEMENT_3D ( 'NONE', #1433, #4663, #2818 ) ;
#1842 = ADVANCED_FACE ( 'NONE', ( #5951 ), #1818, .T. ) ;
#1843 = LOCAL_TIME ( 11, 34, 7.000000000000000000, #5559 ) ;
#1844 = EDGE_CURVE ( 'NONE', #2412, #2874, #1370, .T. ) ;
#1845 = AXIS2_PLACEMENT_3D ( 'NONE', #3346, #2503, #3899 ) ;
#1846 = ORIENTED_EDGE ( 'NONE', *, *, #2564, .T. ) ;
#1847 = CARTESIAN_POINT ( 'NONE',  ( -22.13759665443983948, 13.80891001984688238, 20.20497014175239059 ) ) ;
#1848 = DIRECTION ( 'NONE',  ( -1.000000000000000000, 8.673617379884035472E-19, -6.994405055138486205E-15 ) ) ;
#1849 = CARTESIAN_POINT ( 'NONE',  ( -21.24309082497304502, 15.40070697610126338, 20.01456849378916303 ) ) ;
#1850 = CARTESIAN_POINT ( 'NONE',  ( 18.24788588863621897, -12.42978354414588971, 24.52626933519724517 ) ) ;
#1851 = AXIS2_PLACEMENT_3D ( 'NONE', #457, #3770, #1837 ) ;
#1852 = DIRECTION ( 'NONE',  ( -1.000000000000000000, 8.673617379884364806E-19, -6.991461281967131934E-15 ) ) ;
#1853 = ORIENTED_EDGE ( 'NONE', *, *, #2440, .T. ) ;
#1854 = DIRECTION ( 'NONE',  ( 0.000000000000000000, 0.000000000000000000, 1.000000000000000000 ) ) ;
#1855 = EDGE_CURVE ( 'NONE', #1697, #5635, #5053, .T. ) ;
#1856 = VECTOR ( 'NONE', #5961, 1000.000000000000000 ) ;
#1857 = CARTESIAN_POINT ( 'NONE',  ( -22.13759665443983948, 13.80891001984688238, 20.20497014175239059 ) ) ;
#1858 =( NAMED_UNIT ( * ) SI_UNIT ( $, .STERADIAN. ) SOLID_ANGLE_UNIT ( ) );
#1859 = DIRECTION ( 'NONE',  ( 0.000000000000000000, 1.000000000000000000, 0.000000000000000000 ) ) ;
#1860 = CARTESIAN_POINT ( 'NONE',  ( -21.19591447365104742, 16.26449483905495796, 19.37083863531531236 ) ) ;
#1861 = ORIENTED_EDGE ( 'NONE', *, *, #5256, .T. ) ;
#1862 = AXIS2_PLACEMENT_3D ( 'NONE', #3651, #2638, #350 ) ;
#1863 = ORIENTED_EDGE ( 'NONE', *, *, #2479, .F. ) ;
#1864 = DIRECTION ( 'NONE',  ( 0.7071067811865476838, 0.000000000000000000, -0.7071067811865474617 ) ) ;
#1865 = AXIS2_PLACEMENT_3D ( 'NONE', #3971, #2158, #4901 ) ;
#1866 = DIRECTION ( 'NONE',  ( 6.980527267330673326E-15, 1.387778780781445984E-17, -1.000000000000000000 ) ) ;
#1867 = CARTESIAN_POINT ( 'NONE',  ( 17.49999999999988987, -11.75000000000001066, 15.00000000000013856 ) ) ;
#1868 = CARTESIAN_POINT ( 'NONE',  ( 22.18677324489542357, -16.00000000000001421, 33.00100000000038847 ) ) ;
#1869 = LINE ( 'NONE', #1279, #1270 ) ;
#1870 = AXIS2_PLACEMENT_3D ( 'NONE', #3436, #863, #269 ) ;
#1871 = ORIENTED_EDGE ( 'NONE', *, *, #4025, .T. ) ;
#1872 = LINE ( 'NONE', #4591, #5320 ) ;
#1873 = CARTESIAN_POINT ( 'NONE',  ( 24.05125041000817632, 14.00074568976502043, 17.73586206894222173 ) ) ;
#1874 = DIRECTION ( 'NONE',  ( -1.000000000000000000, 0.000000000000000000, -6.938893903907222067E-15 ) ) ;
#1875 = ADVANCED_FACE ( 'NONE', ( #351 ), #2187, .T. ) ;
#1876 = VERTEX_POINT ( 'NONE', #1316 ) ;
#1877 = CARTESIAN_POINT ( 'NONE',  ( -27.18677324489573977, 15.72114431564540205, 10.14962008281300854 ) ) ;
#1878 = CARTESIAN_POINT ( 'NONE',  ( -27.15017898063014457, -15.47308364793712698, 10.61775087214741653 ) ) ;
#1879 = EDGE_CURVE ( 'NONE', #2627, #1023, #4612, .T. ) ;
#1880 = CARTESIAN_POINT ( 'NONE',  ( 18.47100040113188157, -12.03238237625297558, 24.55742084469524400 ) ) ;
#1881 = CARTESIAN_POINT ( 'NONE',  ( -25.53819322134311420, 14.51278495291661841, 15.04501711396409114 ) ) ;
#1882 = ORIENTED_EDGE ( 'NONE', *, *, #2772, .T. ) ;
#1883 = CARTESIAN_POINT ( 'NONE',  ( -18.39571316530983580, 9.411251017918987216, 25.73055861238794861 ) ) ;
#1884 = AXIS2_PLACEMENT_3D ( 'NONE', #744, #2124, #1142 ) ;
#1885 = APPROVAL_DATE_TIME ( #72, #5089 ) ;
#1886 = CARTESIAN_POINT ( 'NONE',  ( -30.00000000000000000, -2.775557561562891351E-14, 4.000000000000017764 ) ) ;
#1887 = ADVANCED_FACE ( 'NONE', ( #4269 ), #128, .T. ) ;
#1888 = CARTESIAN_POINT ( 'NONE',  ( 28.99999999999999289, 11.99999999999998224, -2.499999999999571898 ) ) ;
#1889 = ORIENTED_EDGE ( 'NONE', *, *, #1464, .T. ) ;
#1890 = ORIENTED_EDGE ( 'NONE', *, *, #753, .T. ) ;
#1891 = DIRECTION ( 'NONE',  ( -6.938893903907229918E-18, 8.743006318923109728E-16, -1.000000000000000000 ) ) ;
#1892 = CARTESIAN_POINT ( 'NONE',  ( 24.18677324489563674, -16.00000000000001421, 2.000000000000168310 ) ) ;
#1893 = CARTESIAN_POINT ( 'NONE',  ( 28.99999999999999289, -10.50000000000000888, -4.499999999999573674 ) ) ;
#1894 = EDGE_CURVE ( 'NONE', #1439, #2617, #3468, .T. ) ;
#1895 = ORIENTED_EDGE ( 'NONE', *, *, #3966, .T. ) ;
#1896 = FACE_OUTER_BOUND ( 'NONE', #4954, .T. ) ;
#1897 = CARTESIAN_POINT ( 'NONE',  ( -24.18677324489566871, -16.00000000000001421, 1.999999999999835243 ) ) ;
#1898 = EDGE_LOOP ( 'NONE', ( #4735, #3335, #1981, #5572 ) ) ;
#1899 = FACE_OUTER_BOUND ( 'NONE', #5172, .T. ) ;
#1900 = CARTESIAN_POINT ( 'NONE',  ( 22.38533657334428995, 15.10546203269801602, 18.96752824493404788 ) ) ;
#1901 = DIRECTION ( 'NONE',  ( 1.000000000000000000, 0.000000000000000000, 0.000000000000000000 ) ) ;
#1902 = ORIENTED_EDGE ( 'NONE', *, *, #4584, .F. ) ;
#1903 = FACE_OUTER_BOUND ( 'NONE', #5911, .T. ) ;
#1904 = CARTESIAN_POINT ( 'NONE',  ( -18.50000000000069278, 11.74999999999951150, 24.67159297653857308 ) ) ;
#1905 = CARTESIAN_POINT ( 'NONE',  ( 17.15526080862832004, -12.69580804273744334, 25.17014221972389620 ) ) ;
#1906 = CARTESIAN_POINT ( 'NONE',  ( 28.99999999999999289, 10.50000000000000888, -4.499999999999573674 ) ) ;
#1907 = ORIENTED_EDGE ( 'NONE', *, *, #4858, .T. ) ;
#1908 = CARTESIAN_POINT ( 'NONE',  ( -15.41504253693336324, 10.35779273742740614, 27.27870950718249077 ) ) ;
#1909 = EDGE_LOOP ( 'NONE', ( #588, #3329, #1125, #5287 ) ) ;
#1910 = FACE_BOUND ( 'NONE', #755, .T. ) ;
#1911 = COORDINATED_UNIVERSAL_TIME_OFFSET ( 8, 0, .AHEAD. ) ;
#1912 = CARTESIAN_POINT ( 'NONE',  ( 18.39353502273051433, 9.410414796423214767, 25.73242181238650872 ) ) ;
#1913 = DIRECTION ( 'NONE',  ( 0.5364065343932438168, 0.8439597323689262964, 3.760880495917717781E-15 ) ) ;
#1914 = ORIENTED_EDGE ( 'NONE', *, *, #114, .F. ) ;
#1915 = ORIENTED_EDGE ( 'NONE', *, *, #5863, .F. ) ;
#1916 = PLANE ( 'NONE',  #606 ) ;
#1917 = EDGE_CURVE ( 'NONE', #4070, #3862, #2026, .T. ) ;
#1918 = DIRECTION ( 'NONE',  ( 0.8439597323689256303, -0.5364065343932449270, 1.561251128379126077E-17 ) ) ;
#1919 = LINE ( 'NONE', #5153, #5401 ) ;
#1920 = LINE ( 'NONE', #1893, #5919 ) ;
#1921 = ORIENTED_EDGE ( 'NONE', *, *, #643, .T. ) ;
#1922 = EDGE_LOOP ( 'NONE', ( #706, #3437, #3067, #1973 ) ) ;
#1923 = CARTESIAN_POINT ( 'NONE',  ( 17.49999999999978328, -11.74999999999998224, 30.31288913245536065 ) ) ;
#1924 = EDGE_CURVE ( 'NONE', #4854, #5196, #4627, .T. ) ;
#1925 = AXIS2_PLACEMENT_3D ( 'NONE', #3937, #2120, #3058 ) ;
#1926 = ORIENTED_EDGE ( 'NONE', *, *, #2893, .T. ) ;
#1927 = CARTESIAN_POINT ( 'NONE',  ( 2.168404344971008868E-16, 0.000000000000000000, 27.99999999999999645 ) ) ;
#1928 = DIRECTION ( 'NONE',  ( 6.980527267330673326E-15, 1.387778780781445984E-17, -1.000000000000000000 ) ) ;
#1929 = DIRECTION ( 'NONE',  ( -1.000000000000000000, 8.673617379884035472E-19, -6.994405055138487782E-15 ) ) ;
#1930 = ORIENTED_EDGE ( 'NONE', *, *, #1526, .F. ) ;
#1931 = DIRECTION ( 'NONE',  ( -1.000000000000000000, 0.000000000000000000, 0.000000000000000000 ) ) ;
#1932 = VECTOR ( 'NONE', #4098, 1000.000000000000000 ) ;
#1933 = CARTESIAN_POINT ( 'NONE',  ( 14.99999999999978328, -11.74999999999998224, 30.31288913245534289 ) ) ;
#1934 = VECTOR ( 'NONE', #2240, 1000.000000000000000 ) ;
#1935 = CARTESIAN_POINT ( 'NONE',  ( 18.49999999999982947, 11.74999999999998224, 24.67159297653897099 ) ) ;
#1936 = CARTESIAN_POINT ( 'NONE',  ( -22.23023334378762428, 15.57465209936590611, 18.76853894402480449 ) ) ;
#1937 = VERTEX_POINT ( 'NONE', #1495 ) ;
#1938 = APPROVAL_PERSON_ORGANIZATION ( #898, #3572, #986 ) ;
#1939 = CARTESIAN_POINT ( 'NONE',  ( 22.00000000000001066, 0.000000000000000000, -2.220446049250313081E-13 ) ) ;
#1940 = AXIS2_PLACEMENT_3D ( 'NONE', #2248, #4096, #5931 ) ;
#1941 = VERTEX_POINT ( 'NONE', #1522 ) ;
#1942 = CARTESIAN_POINT ( 'NONE',  ( -17.50000000000000000, -2.775557561562891351E-14, 35.00000000000000000 ) ) ;
#1943 = VECTOR ( 'NONE', #975, 1000.000000000000000 ) ;
#1944 = PERSON_AND_ORGANIZATION_ROLE ( 'creator' ) ;
#1945 = CARTESIAN_POINT ( 'NONE',  ( 18.78770177206546421, 9.602177548847510735, 25.37432095226343876 ) ) ;
#1946 = AXIS2_PLACEMENT_3D ( 'NONE', #4321, #2992, #4831 ) ;
#1947 = DIRECTION ( 'NONE',  ( 6.980527267330673326E-15, 1.387778780781445984E-17, -1.000000000000000000 ) ) ;
#1948 = ORIENTED_EDGE ( 'NONE', *, *, #5213, .F. ) ;
#1949 = ORIENTED_EDGE ( 'NONE', *, *, #3071, .F. ) ;
#1950 = LINE ( 'NONE', #5726, #5899 ) ;
#1951 = AXIS2_PLACEMENT_3D ( 'NONE', #1100, #4323, #5258 ) ;
#1952 = CARTESIAN_POINT ( 'NONE',  ( 24.18677324489563318, 15.99999999999995914, 2.000000000000168310 ) ) ;
#1953 = VECTOR ( 'NONE', #3093, 1000.000000000000000 ) ;
#1954 = PLANE ( 'NONE',  #3662 ) ;
#1955 = DIRECTION ( 'NONE',  ( -1.000000000000000000, 0.000000000000000000, -6.938893903907126615E-15 ) ) ;
#1956 = EDGE_CURVE ( 'NONE', #845, #5845, #41, .T. ) ;
#1957 = ORIENTED_EDGE ( 'NONE', *, *, #2564, .F. ) ;
#1958 = ORIENTED_EDGE ( 'NONE', *, *, #3709, .T. ) ;
#1959 = DIRECTION ( 'NONE',  ( -0.7071067811865475727, 0.000000000000000000, -0.7071067811865474617 ) ) ;
#1960 = AXIS2_PLACEMENT_3D ( 'NONE', #745, #3092, #1709 ) ;
#1961 = ORIENTED_EDGE ( 'NONE', *, *, #4248, .T. ) ;
#1962 = CARTESIAN_POINT ( 'NONE',  ( 24.93677324489565095, 15.99999999999995914, 1.856466369520859416E-13 ) ) ;
#1963 = CARTESIAN_POINT ( 'NONE',  ( 18.89901734344212514, -13.84024687323083214, 23.24555661900604875 ) ) ;
#1964 = VECTOR ( 'NONE', #2959, 1000.000000000000000 ) ;
#1965 = LINE ( 'NONE', #2806, #3621 ) ;
#1966 = EDGE_CURVE ( 'NONE', #4384, #5018, #3720, .T. ) ;
#1967 = VECTOR ( 'NONE', #66, 1000.000000000000000 ) ;
#1968 = ORIENTED_EDGE ( 'NONE', *, *, #4599, .T. ) ;
#1969 = CARTESIAN_POINT ( 'NONE',  ( -25.54179685751157791, -14.51571127388472782, 15.03623490270547514 ) ) ;
#1970 = CARTESIAN_POINT ( 'NONE',  ( -17.50770618870954110, -12.75718291478521493, 24.89492113608821100 ) ) ;
#1971 = CARTESIAN_POINT ( 'NONE',  ( -30.00000000000000000, -8.000000000000007105, -4.499999999999573674 ) ) ;
#1972 = CARTESIAN_POINT ( 'NONE',  ( -23.50224809932334225, 14.11376722187315202, 18.37091493408993159 ) ) ;
#1973 = ORIENTED_EDGE ( 'NONE', *, *, #2324, .F. ) ;
#1974 = CARTESIAN_POINT ( 'NONE',  ( 28.99999999999999645, 9.499999999999980460, -4.499999999999573674 ) ) ;
#1975 = VERTEX_POINT ( 'NONE', #1040 ) ;
#1976 = DIRECTION ( 'NONE',  ( 0.000000000000000000, 0.000000000000000000, -1.000000000000000000 ) ) ;
#1977 = CARTESIAN_POINT ( 'NONE',  ( 16.49999999999981171, 11.61266882077615215, 26.11357155371674921 ) ) ;
#1978 = CARTESIAN_POINT ( 'NONE',  ( -28.99999999999999645, 9.499999999999980460, -4.499999999999573674 ) ) ;
#1979 = DIRECTION ( 'NONE',  ( 0.000000000000000000, 1.000000000000000000, 0.000000000000000000 ) ) ;
#1980 = VERTEX_POINT ( 'NONE', #1067 ) ;
#1981 = ORIENTED_EDGE ( 'NONE', *, *, #2956, .T. ) ;
#1982 = CARTESIAN_POINT ( 'NONE',  ( 0.9794926383004185499, -20.38966256795958287, 25.92935502985387330 ) ) ;
#1983 = CARTESIAN_POINT ( 'NONE',  ( 19.91502058360500982, 12.39627825335809419, 15.00000000000013856 ) ) ;
#1984 = DIRECTION ( 'NONE',  ( 0.000000000000000000, 1.000000000000000000, 0.000000000000000000 ) ) ;
#1985 = FACE_OUTER_BOUND ( 'NONE', #2817, .T. ) ;
#1986 = ORIENTED_EDGE ( 'NONE', *, *, #1673, .F. ) ;
#1987 = EDGE_LOOP ( 'NONE', ( #5169, #502, #2345, #4040 ) ) ;
#1988 = ORIENTED_EDGE ( 'NONE', *, *, #5117, .F. ) ;
#1989 = ADVANCED_FACE ( 'NONE', ( #526 ), #2361, .T. ) ;
#1990 = CARTESIAN_POINT ( 'NONE',  ( 30.00000000000000000, 0.000000000000000000, 1.387778780781445676E-14 ) ) ;
#1991 = ORIENTED_EDGE ( 'NONE', *, *, #2529, .T. ) ;
#1992 = CARTESIAN_POINT ( 'NONE',  ( -30.00000000000000000, -9.500000000000008882, -2.499999999999571898 ) ) ;
#1993 = CARTESIAN_POINT ( 'NONE',  ( 29.99999999999999645, -9.499999999999980460, -4.499999999999587885 ) ) ;
#1994 = DIRECTION ( 'NONE',  ( 0.000000000000000000, 0.000000000000000000, 1.000000000000000000 ) ) ;
#1995 = EDGE_CURVE ( 'NONE', #20, #729, #2965, .T. ) ;
#1996 = ORIENTED_EDGE ( 'NONE', *, *, #5396, .T. ) ;
#1997 = DIRECTION ( 'NONE',  ( -1.000000000000000000, 0.000000000000000000, -6.938893903907222067E-15 ) ) ;
#1998 = CARTESIAN_POINT ( 'NONE',  ( -18.01777687544527140, -12.61821601515944380, 24.60007305959967994 ) ) ;
#1999 = DIRECTION ( 'NONE',  ( 0.7071067811865475727, -0.000000000000000000, 0.7071067811865474617 ) ) ;
#2000 = CARTESIAN_POINT ( 'NONE',  ( -22.83150744060753112, 14.52607868939870528, 18.88719894670816046 ) ) ;
#2001 = DIRECTION ( 'NONE',  ( 6.980527267330673326E-15, 1.387778780781445984E-17, -1.000000000000000000 ) ) ;
#2002 = ADVANCED_FACE ( 'NONE', ( #1678, #2549, #3910 ), #5713, .T. ) ;
#2003 = ORIENTED_EDGE ( 'NONE', *, *, #447, .T. ) ;
#2004 = CARTESIAN_POINT ( 'NONE',  ( 0.000000000000000000, 0.000000000000000000, 0.000000000000000000 ) ) ;
#2005 = DIRECTION ( 'NONE',  ( -1.000000000000000000, 0.000000000000000000, -6.938893903907232322E-15 ) ) ;
#2006 = EDGE_CURVE ( 'NONE', #5336, #4582, #3531, .T. ) ;
#2007 = CARTESIAN_POINT ( 'NONE',  ( 15.64401057550290552, 10.06447348707312095, 27.25815674235767361 ) ) ;
#2008 = FACE_OUTER_BOUND ( 'NONE', #1512, .T. ) ;
#2009 = ORIENTED_EDGE ( 'NONE', *, *, #4476, .F. ) ;
#2010 = VERTEX_POINT ( 'NONE', #768 ) ;
#2011 = CARTESIAN_POINT ( 'NONE',  ( 24.18677324489554792, -16.00000000000004263, 15.00000000000016520 ) ) ;
#2012 = CARTESIAN_POINT ( 'NONE',  ( 22.52438517851159006, 13.49276385571778114, 19.99173344767861238 ) ) ;
#2013 = ADVANCED_FACE ( 'NONE', ( #280 ), #1647, .F. ) ;
#2014 = CARTESIAN_POINT ( 'NONE',  ( -0.4074118258971780038, -21.78559040831105520, 24.78365427242322738 ) ) ;
#2015 = CARTESIAN_POINT ( 'NONE',  ( 30.00000000000000000, -12.50000000000001066, 3.000000000000002665 ) ) ;
#2016 = CARTESIAN_POINT ( 'NONE',  ( 28.99999999999999289, 11.99999999999998224, -2.499999999999571898 ) ) ;
#2017 = EDGE_LOOP ( 'NONE', ( #4016, #826, #4027, #3104, #2003 ) ) ;
#2018 = EDGE_CURVE ( 'NONE', #259, #3006, #2487, .T. ) ;
#2019 = VERTEX_POINT ( 'NONE', #4331 ) ;
#2020 = ORIENTED_EDGE ( 'NONE', *, *, #1517, .T. ) ;
#2021 = DIRECTION ( 'NONE',  ( 0.000000000000000000, 8.465450562766820593E-16, 1.000000000000000000 ) ) ;
#2022 = VERTEX_POINT ( 'NONE', #5348 ) ;
#2023 = DIRECTION ( 'NONE',  ( 6.980527267330673326E-15, 1.387778780781445984E-17, -1.000000000000000000 ) ) ;
#2024 = CARTESIAN_POINT ( 'NONE',  ( 15.28879257732357644, -12.93883651722257078, 26.22825827438017399 ) ) ;
#2025 = CARTESIAN_POINT ( 'NONE',  ( 15.64872406429574170, -10.05936958320761576, 27.25733088767774603 ) ) ;
#2026 = CIRCLE ( 'NONE', #3182, 2.500000000000000444 ) ;
#2027 = ORIENTED_EDGE ( 'NONE', *, *, #1252, .F. ) ;
#2028 = CARTESIAN_POINT ( 'NONE',  ( -24.41810127429322819, -14.01019268208614932, 17.21960813556896852 ) ) ;
#2029 = CARTESIAN_POINT ( 'NONE',  ( -32.00000000000000000, 0.000000000000000000, -2.220446049250313081E-13 ) ) ;
#2030 = CARTESIAN_POINT ( 'NONE',  ( -21.33298685284997376, -15.07484961840027715, 20.16562870130132623 ) ) ;
#2031 = CARTESIAN_POINT ( 'NONE',  ( 17.73953447395067329, -10.77161181166250259, 25.65742960486605995 ) ) ;
#2032 = EDGE_CURVE ( 'NONE', #2989, #4180, #3703, .T. ) ;
#2033 = CARTESIAN_POINT ( 'NONE',  ( 28.99999999999999289, -8.000000000000035527, -2.499999999999571898 ) ) ;
#2034 = EDGE_CURVE ( 'NONE', #569, #2052, #3877, .T. ) ;
#2035 = AXIS2_PLACEMENT_3D ( 'NONE', #1210, #2168, #329 ) ;
#2036 = EDGE_LOOP ( 'NONE', ( #5163, #3872, #3189, #522, #1238, #485, #5519, #4987 ) ) ;
#2037 = DIRECTION ( 'NONE',  ( 6.980527267330673326E-15, 1.387778780781445984E-17, -1.000000000000000000 ) ) ;
#2038 = CARTESIAN_POINT ( 'NONE',  ( 16.65663785874394165, 11.19166467279567279, 26.19783234689883855 ) ) ;
#2039 = CARTESIAN_POINT ( 'NONE',  ( -28.99999999999999645, -8.000000000000007105, -4.499999999999573674 ) ) ;
#2040 = CARTESIAN_POINT ( 'NONE',  ( -27.10973574218790461, 16.68400765618931558, 8.702628799877810906 ) ) ;
#2041 = VERTEX_POINT ( 'NONE', #5744 ) ;
#2042 = ORIENTED_EDGE ( 'NONE', *, *, #3539, .F. ) ;
#2043 = CIRCLE ( 'NONE', #3977, 34.00000000000000000 ) ;
#2044 = EDGE_CURVE ( 'NONE', #50, #2658, #5291, .T. ) ;
#2045 = DIRECTION ( 'NONE',  ( -1.000000000000000000, 0.000000000000000000, -6.938893903907230744E-15 ) ) ;
#2046 = AXIS2_PLACEMENT_3D ( 'NONE', #2973, #2944, #2548 ) ;
#2047 = LINE ( 'NONE', #2530, #1194 ) ;
#2048 = VECTOR ( 'NONE', #630, 1000.000000000000000 ) ;
#2049 = DIRECTION ( 'NONE',  ( 0.000000000000000000, 1.000000000000000000, 0.000000000000000000 ) ) ;
#2050 = CARTESIAN_POINT ( 'NONE',  ( -16.50000000000018119, 11.88917502514836499, 25.98885967490394222 ) ) ;
#2051 = EDGE_LOOP ( 'NONE', ( #446, #4157, #4864, #847 ) ) ;
#2052 = VERTEX_POINT ( 'NONE', #1220 ) ;
#2053 = VECTOR ( 'NONE', #367, 1000.000000000000000 ) ;
#2054 = ORIENTED_EDGE ( 'NONE', *, *, #5020, .F. ) ;
#2055 = DIRECTION ( 'NONE',  ( 6.980527267330673326E-15, 1.387778780781445984E-17, -1.000000000000000000 ) ) ;
#2056 = CIRCLE ( 'NONE', #1375, 0.7500000000000006661 ) ;
#2057 = CARTESIAN_POINT ( 'NONE',  ( -27.18677324489565805, -16.00000000000001421, -1.875166688591889397E-13 ) ) ;
#2058 = DIRECTION ( 'NONE',  ( -1.000000000000000000, 0.000000000000000000, -6.938893903907222067E-15 ) ) ;
#2059 = CARTESIAN_POINT ( 'NONE',  ( 15.41637973048977805, -10.35573303532376244, 27.27873893124150584 ) ) ;
#2060 = VECTOR ( 'NONE', #1631, 1000.000000000000000 ) ;
#2061 = ORIENTED_EDGE ( 'NONE', *, *, #2898, .T. ) ;
#2062 = FACE_OUTER_BOUND ( 'NONE', #2659, .T. ) ;
#2063 = AXIS2_PLACEMENT_3D ( 'NONE', #2896, #87, #2505 ) ;
#2064 = CYLINDRICAL_SURFACE ( 'NONE', #2734, 0.7500000000000006661 ) ;
#2065 = ADVANCED_BREP_SHAPE_REPRESENTATION ( '2', ( #142, #3581 ), #1272 ) ;
#2066 = CARTESIAN_POINT ( 'NONE',  ( 15.18655743680094972, 12.72863670436622208, 26.39001573099405107 ) ) ;
#2067 = FACE_OUTER_BOUND ( 'NONE', #244, .T. ) ;
#2068 = CARTESIAN_POINT ( 'NONE',  ( -27.18677324489565805, 15.99999999999998579, -1.874750354957654963E-13 ) ) ;
#2069 = ADVANCED_FACE ( 'NONE', ( #4875 ), #1138, .F. ) ;
#2070 = CIRCLE ( 'NONE', #2738, 2.500000000000000444 ) ;
#2071 = EDGE_CURVE ( 'NONE', #4180, #3073, #4536, .T. ) ;
#2072 = EDGE_LOOP ( 'NONE', ( #408, #3824 ) ) ;
#2073 = CARTESIAN_POINT ( 'NONE',  ( -26.91623517460460135, -17.24752988838061185, 8.188199669276567505 ) ) ;
#2074 = CARTESIAN_POINT ( 'NONE',  ( -30.93012295737934636, -13.94922199502760307, -1.333333401578885136 ) ) ;
#2075 = PLANE ( 'NONE',  #2414 ) ;
#2076 = DIRECTION ( 'NONE',  ( 0.000000000000000000, 0.000000000000000000, -1.000000000000000000 ) ) ;
#2077 = ORIENTED_EDGE ( 'NONE', *, *, #1129, .F. ) ;
#2078 = ORIENTED_EDGE ( 'NONE', *, *, #3226, .T. ) ;
#2079 = CARTESIAN_POINT ( 'NONE',  ( 21.18677324489551594, 15.99999999999998224, 19.59899587911024099 ) ) ;
#2080 = CARTESIAN_POINT ( 'NONE',  ( -21.19675801869236409, 15.70978066065889145, 19.82255978034507393 ) ) ;
#2081 = ADVANCED_FACE ( 'NONE', ( #2067 ), #4447, .T. ) ;
#2082 = DIRECTION ( 'NONE',  ( 0.000000000000000000, 0.000000000000000000, -1.000000000000000000 ) ) ;
#2083 = CARTESIAN_POINT ( 'NONE',  ( -17.63613929719193152, 12.74948559498608169, 24.80806617480720888 ) ) ;
#2084 = ORIENTED_EDGE ( 'NONE', *, *, #4584, .T. ) ;
#2085 = ORIENTED_EDGE ( 'NONE', *, *, #5871, .F. ) ;
#2086 = DIRECTION ( 'NONE',  ( 6.980527267330673326E-15, 1.387778780781445984E-17, -1.000000000000000000 ) ) ;
#2087 = EDGE_CURVE ( 'NONE', #3579, #3764, #651, .T. ) ;
#2088 = PLANE ( 'NONE',  #1476 ) ;
#2089 = LINE ( 'NONE', #1726, #5626 ) ;
#2090 = EDGE_CURVE ( 'NONE', #2501, #165, #5970, .T. ) ;
#2091 = TOROIDAL_SURFACE ( 'NONE', #450, 15.19999999999999929, 0.2000000000000000111 ) ;
#2092 = VERTEX_POINT ( 'NONE', #3557 ) ;
#2093 = DIRECTION ( 'NONE',  ( 1.000000000000000000, 0.000000000000000000, 0.000000000000000000 ) ) ;
#2094 = CYLINDRICAL_SURFACE ( 'NONE', #237, 0.7500000000000006661 ) ;
#2095 = EDGE_CURVE ( 'NONE', #3939, #1029, #3202, .T. ) ;
#2096 = CARTESIAN_POINT ( 'NONE',  ( 0.6878086799849761901, -22.92756573607708859, 26.43634090384626845 ) ) ;
#2097 = DIRECTION ( 'NONE',  ( 6.980527267330673326E-15, 1.387778780781445984E-17, -1.000000000000000000 ) ) ;
#2098 = CARTESIAN_POINT ( 'NONE',  ( -22.41930416625885769, 16.94442152881975971, 17.30054036600252587 ) ) ;
#2099 = ORIENTED_EDGE ( 'NONE', *, *, #4549, .T. ) ;
#2100 = CARTESIAN_POINT ( 'NONE',  ( -24.45796709328112328, -18.99165382173102401, 11.41242371560485047 ) ) ;
#2101 = CARTESIAN_POINT ( 'NONE',  ( 25.41581336524391332, -18.74224571180763022, 9.585633763164743470 ) ) ;
#2102 = DIRECTION ( 'NONE',  ( 6.980527267330673326E-15, 1.387778780781445984E-17, -1.000000000000000000 ) ) ;
#2103 = LINE ( 'NONE', #4883, #945 ) ;
#2104 = ORIENTED_EDGE ( 'NONE', *, *, #78, .F. ) ;
#2105 = ORIENTED_EDGE ( 'NONE', *, *, #453, .T. ) ;
#2106 = CARTESIAN_POINT ( 'NONE',  ( -28.99999999999999645, 12.49999999999998401, -4.999999999999990230 ) ) ;
#2107 = CARTESIAN_POINT ( 'NONE',  ( 30.00000000000000711, 12.49999999999998401, 3.000000000000002665 ) ) ;
#2108 = DIRECTION ( 'NONE',  ( 0.000000000000000000, 0.000000000000000000, 1.000000000000000000 ) ) ;
#2109 = VERTEX_POINT ( 'NONE', #5400 ) ;
#2110 = ORIENTED_EDGE ( 'NONE', *, *, #1917, .T. ) ;
#2111 = ORIENTED_EDGE ( 'NONE', *, *, #1630, .F. ) ;
#2112 = CARTESIAN_POINT ( 'NONE',  ( -17.50000000000012079, -11.75000000000001066, 14.99999999999988809 ) ) ;
#2113 = EDGE_CURVE ( 'NONE', #4223, #1204, #5922, .T. ) ;
#2114 = CARTESIAN_POINT ( 'NONE',  ( 6.499999999999998224, -32.90516676754573666, 10.00000000000021672 ) ) ;
#2115 = DIRECTION ( 'NONE',  ( 0.000000000000000000, 1.000000000000000000, 0.000000000000000000 ) ) ;
#2116 = EDGE_LOOP ( 'NONE', ( #5621, #3508, #4287, #666, #4943, #750, #1527, #5430 ) ) ;
#2117 = DIRECTION ( 'NONE',  ( -1.000000000000000000, 0.000000000000000000, -6.994405055138514604E-15 ) ) ;
#2118 = FACE_OUTER_BOUND ( 'NONE', #585, .T. ) ;
#2119 = CARTESIAN_POINT ( 'NONE',  ( 22.13759665443946290, -13.80891001984690902, 33.00100000000037426 ) ) ;
#2120 = DIRECTION ( 'NONE',  ( 0.5364065343932450380, -0.8439597323689257413, 3.740063814205996884E-15 ) ) ;
#2121 = DIRECTION ( 'NONE',  ( 0.000000000000000000, 1.000000000000000000, 0.000000000000000000 ) ) ;
#2122 = AXIS2_PLACEMENT_3D ( 'NONE', #4138, #4958, #4925 ) ;
#2123 = EDGE_LOOP ( 'NONE', ( #5397, #5314, #4715, #2731 ) ) ;
#2124 = DIRECTION ( 'NONE',  ( 6.980527267330673326E-15, 1.387778780781445984E-17, -1.000000000000000000 ) ) ;
#2125 = FACE_OUTER_BOUND ( 'NONE', #2443, .T. ) ;
#2126 = CARTESIAN_POINT ( 'NONE',  ( -0.9983778129492902886, -20.52505344510319318, 25.82159616475368935 ) ) ;
#2127 = CARTESIAN_POINT ( 'NONE',  ( -23.62928623848936027, -17.93130934917664732, 14.46761067422555236 ) ) ;
#2128 = CARTESIAN_POINT ( 'NONE',  ( 28.99999999999999289, -8.000000000000007105, -4.499999999999573674 ) ) ;
#2129 = EDGE_LOOP ( 'NONE', ( #687, #2704, #5723, #2584 ) ) ;
#2130 = EDGE_LOOP ( 'NONE', ( #4349, #4788 ) ) ;
#2131 = AXIS2_PLACEMENT_3D ( 'NONE', #2886, #1507, #2374 ) ;
#2132 = CARTESIAN_POINT ( 'NONE',  ( 28.99999999999999289, 10.50000000000000888, -4.499999999999573674 ) ) ;
#2133 = FACE_OUTER_BOUND ( 'NONE', #2422, .T. ) ;
#2134 = AXIS2_PLACEMENT_3D ( 'NONE', #5016, #3686, #4060 ) ;
#2135 = ORIENTED_EDGE ( 'NONE', *, *, #70, .F. ) ;
#2136 = ORIENTED_EDGE ( 'NONE', *, *, #1140, .T. ) ;
#2137 = ORIENTED_EDGE ( 'NONE', *, *, #1373, .F. ) ;
#2138 = LINE ( 'NONE', #3987, #3389 ) ;
#2139 = EDGE_CURVE ( 'NONE', #295, #803, #2795, .T. ) ;
#2140 = AXIS2_PLACEMENT_3D ( 'NONE', #3938, #5714, #5293 ) ;
#2141 = ADVANCED_FACE ( 'NONE', ( #5046 ), #1277, .F. ) ;
#2142 = FACE_OUTER_BOUND ( 'NONE', #230, .T. ) ;
#2143 = AXIS2_PLACEMENT_3D ( 'NONE', #3907, #3083, #3529 ) ;
#2144 = DIRECTION ( 'NONE',  ( 0.9986295347545742773, -1.925929944387235853E-34, -0.05233595624293679166 ) ) ;
#2145 = VECTOR ( 'NONE', #661, 1000.000000000000000 ) ;
#2146 = VECTOR ( 'NONE', #1866, 1000.000000000000000 ) ;
#2147 = ADVANCED_FACE ( 'NONE', ( #3645 ), #4534, .T. ) ;
#2148 = ORIENTED_EDGE ( 'NONE', *, *, #4728, .F. ) ;
#2149 = CARTESIAN_POINT ( 'NONE',  ( -18.50000000000020250, -11.61346846506885733, 24.73661697142083682 ) ) ;
#2150 = PLANE ( 'NONE',  #328 ) ;
#2151 = EDGE_CURVE ( 'NONE', #1262, #31, #3958, .T. ) ;
#2152 = VECTOR ( 'NONE', #5932, 1000.000000000000000 ) ;
#2153 = CARTESIAN_POINT ( 'NONE',  ( -29.00000000000000000, 11.99999999999998224, -2.499999999999571898 ) ) ;
#2154 = DIRECTION ( 'NONE',  ( -1.000000000000000000, 0.000000000000000000, -6.994405055138514604E-15 ) ) ;
#2155 = AXIS2_PLACEMENT_3D ( 'NONE', #3350, #154, #5222 ) ;
#2156 = EDGE_LOOP ( 'NONE', ( #561, #4272, #980, #3244 ) ) ;
#2157 = CARTESIAN_POINT ( 'NONE',  ( 28.99999999999999645, -12.00000000000001066, -4.499999999999573674 ) ) ;
#2158 = DIRECTION ( 'NONE',  ( 6.994405055138486205E-15, 1.387778780781445984E-17, -1.000000000000000000 ) ) ;
#2159 = ADVANCED_FACE ( 'NONE', ( #459 ), #2265, .F. ) ;
#2160 = DIRECTION ( 'NONE',  ( -1.000000000000000000, 0.000000000000000000, -6.994405055138514604E-15 ) ) ;
#2161 = CARTESIAN_POINT ( 'NONE',  ( 24.18677324489565095, 15.99999999999998579, 1.804112415015879378E-13 ) ) ;
#2162 = DIRECTION ( 'NONE',  ( 0.000000000000000000, 1.000000000000000000, 0.000000000000000000 ) ) ;
#2163 = VERTEX_POINT ( 'NONE', #5884 ) ;
#2164 = VECTOR ( 'NONE', #4503, 1000.000000000000000 ) ;
#2165 = ORIENTED_EDGE ( 'NONE', *, *, #387, .F. ) ;
#2166 = AXIS2_PLACEMENT_3D ( 'NONE', #1368, #3719, #4206 ) ;
#2167 = CARTESIAN_POINT ( 'NONE',  ( -15.18627476404166998, -12.72739117603074810, 26.39074984568136628 ) ) ;
#2168 = DIRECTION ( 'NONE',  ( -6.980527267330673326E-15, -1.387778780781445984E-17, 1.000000000000000000 ) ) ;
#2169 = ORIENTED_EDGE ( 'NONE', *, *, #3087, .F. ) ;
#2170 = CARTESIAN_POINT ( 'NONE',  ( 19.24733129617607474, -9.956109419678876193, 24.88878930180472082 ) ) ;
#2171 = ORIENTED_EDGE ( 'NONE', *, *, #4858, .F. ) ;
#2172 = ORIENTED_EDGE ( 'NONE', *, *, #2071, .F. ) ;
#2173 = CARTESIAN_POINT ( 'NONE',  ( 27.08111157686358439, 16.79954669230127351, 8.568495329143056338 ) ) ;
#2174 = DIRECTION ( 'NONE',  ( 6.994405055138486205E-15, 1.387778780781445984E-17, -1.000000000000000000 ) ) ;
#2175 = DIRECTION ( 'NONE',  ( -1.000000000000000000, -8.673617379884037398E-19, -2.758049868129409085E-16 ) ) ;
#2176 = EDGE_CURVE ( 'NONE', #5870, #5123, #4024, .T. ) ;
#2177 = ORIENTED_EDGE ( 'NONE', *, *, #786, .F. ) ;
#2178 = FACE_OUTER_BOUND ( 'NONE', #3520, .T. ) ;
#2179 = CARTESIAN_POINT ( 'NONE',  ( 25.82151919745817992, -17.15726510555451512, 11.30882903922488758 ) ) ;
#2180 = DIRECTION ( 'NONE',  ( -6.994405055138486205E-15, 0.000000000000000000, 1.000000000000000000 ) ) ;
#2181 = DIRECTION ( 'NONE',  ( 0.000000000000000000, -1.000000000000000000, 0.000000000000000000 ) ) ;
#2182 = EDGE_CURVE ( 'NONE', #2677, #2931, #4054, .T. ) ;
#2183 = ORIENTED_EDGE ( 'NONE', *, *, #2326, .T. ) ;
#2184 = DIRECTION ( 'NONE',  ( 1.000000000000000000, 0.000000000000000000, 0.000000000000000000 ) ) ;
#2185 = CARTESIAN_POINT ( 'NONE',  ( 26.81027245234436762, -17.45757936092584472, 8.090100354990383380 ) ) ;
#2186 = LINE ( 'NONE', #4030, #5616 ) ;
#2187 = PLANE ( 'NONE',  #876 ) ;
#2188 = DIRECTION ( 'NONE',  ( 0.000000000000000000, -1.000000000000000000, 0.000000000000000000 ) ) ;
#2189 = ORIENTED_EDGE ( 'NONE', *, *, #1214, .F. ) ;
#2190 = DIRECTION ( 'NONE',  ( -6.980527267330673326E-15, -1.387778780781445984E-17, 1.000000000000000000 ) ) ;
#2191 = EDGE_CURVE ( 'NONE', #1714, #1204, #2631, .T. ) ;
#2192 = CARTESIAN_POINT ( 'NONE',  ( 22.09654887936276069, -15.56015673049021508, 15.00000000000016520 ) ) ;
#2193 = LINE ( 'NONE', #4037, #5885 ) ;
#2194 = ORIENTED_EDGE ( 'NONE', *, *, #2295, .F. ) ;
#2195 = CARTESIAN_POINT ( 'NONE',  ( 26.17466318311415208, -15.75336738399698078, 12.48048201495039500 ) ) ;
#2196 = EDGE_LOOP ( 'NONE', ( #1322, #694, #2526, #5830 ) ) ;
#2197 = VERTEX_POINT ( 'NONE', #397 ) ;
#2198 = DIRECTION ( 'NONE',  ( 1.000000000000000000, 0.000000000000000000, 0.000000000000000000 ) ) ;
#2199 = EDGE_CURVE ( 'NONE', #282, #2255, #5009, .T. ) ;
#2200 = CARTESIAN_POINT ( 'NONE',  ( 29.99999999999999645, -7.500000000000007105, 4.000000000000017764 ) ) ;
#2201 = CARTESIAN_POINT ( 'NONE',  ( -1.919273431507676779E-14, -24.79737889374603910, 24.69999999999997442 ) ) ;
#2202 = ORIENTED_EDGE ( 'NONE', *, *, #867, .F. ) ;
#2203 = DIRECTION ( 'NONE',  ( -6.980527267330673326E-15, -1.387778780781445984E-17, 1.000000000000000000 ) ) ;
#2204 = CARTESIAN_POINT ( 'NONE',  ( 26.17449310258836093, -16.27558749908741120, 11.79192199928248463 ) ) ;
#2205 = CARTESIAN_POINT ( 'NONE',  ( -28.99999999999999645, 9.499999999999980460, -2.499999999999571898 ) ) ;
#2206 = DIRECTION ( 'NONE',  ( 0.5364065343932449270, 0.8439597323689256303, 3.747002708109903324E-15 ) ) ;
#2207 = ORIENTED_EDGE ( 'NONE', *, *, #1333, .T. ) ;
#2208 = DIRECTION ( 'NONE',  ( 1.000000000000000000, 0.000000000000000000, 0.000000000000000000 ) ) ;
#2209 = CARTESIAN_POINT ( 'NONE',  ( 23.25661124471089636, -18.86888479461868329, 13.87673089397485526 ) ) ;
#2210 = DIRECTION ( 'NONE',  ( 0.000000000000000000, 0.000000000000000000, -1.000000000000000000 ) ) ;
#2211 = EDGE_CURVE ( 'NONE', #629, #3366, #2687, .T. ) ;
#2212 = CARTESIAN_POINT ( 'NONE',  ( -22.00000000000001776, 7.499999999999978684, -1.526556658859590243E-13 ) ) ;
#2213 = LINE ( 'NONE', #2273, #2311 ) ;
#2214 = DIRECTION ( 'NONE',  ( 6.980527267330673326E-15, 1.387778780781445984E-17, -1.000000000000000000 ) ) ;
#2215 = ORIENTED_EDGE ( 'NONE', *, *, #1995, .F. ) ;
#2216 = LINE ( 'NONE', #4121, #3576 ) ;
#2217 = AXIS2_PLACEMENT_3D ( 'NONE', #4145, #1339, #1852 ) ;
#2218 = CARTESIAN_POINT ( 'NONE',  ( -17.47747679813792487, -14.26104563815657933, 24.08822528663963780 ) ) ;
#2219 = CARTESIAN_POINT ( 'NONE',  ( 29.99999999999999289, -9.500000000000008882, -2.499999999999571898 ) ) ;
#2220 = EDGE_CURVE ( 'NONE', #713, #2383, #3593, .T. ) ;
#2221 = CARTESIAN_POINT ( 'NONE',  ( -22.28961087401053831, 18.33025117235301593, 16.00921051178190879 ) ) ;
#2222 = EDGE_LOOP ( 'NONE', ( #893, #3445, #5650, #3373 ) ) ;
#2223 = EDGE_LOOP ( 'NONE', ( #1794, #4945, #5659, #366 ) ) ;
#2224 = CARTESIAN_POINT ( 'NONE',  ( 19.99339370156352302, -11.96167208769753643, 23.37084406567194605 ) ) ;
#2225 = VECTOR ( 'NONE', #3545, 1000.000000000000000 ) ;
#2226 = CARTESIAN_POINT ( 'NONE',  ( -30.00000000000000000, 12.49999999999998401, 4.000000000000017764 ) ) ;
#2227 = CARTESIAN_POINT ( 'NONE',  ( -30.00000000000000000, 0.000000000000000000, -2.081668171172168513E-13 ) ) ;
#2228 = APPROVAL_PERSON_ORGANIZATION ( #2852, #5717, #2393 ) ;
#2229 = CARTESIAN_POINT ( 'NONE',  ( 21.33298685284959362, 15.07484961840030380, 33.00100000000037426 ) ) ;
#2230 = AXIS2_PLACEMENT_3D ( 'NONE', #1939, #5081, #1462 ) ;
#2231 = AXIS2_PLACEMENT_3D ( 'NONE', #5573, #2776, #3229 ) ;
#2232 = ORIENTED_EDGE ( 'NONE', *, *, #964, .F. ) ;
#2233 = CARTESIAN_POINT ( 'NONE',  ( 21.19675801869205500, -15.70978066065906908, 19.82255978034526578 ) ) ;
#2234 = DIRECTION ( 'NONE',  ( 1.368455531567204171E-48, 1.000000000000000000, 8.743006318923108742E-16 ) ) ;
#2235 = VECTOR ( 'NONE', #877, 1000.000000000000000 ) ;
#2236 = CARTESIAN_POINT ( 'NONE',  ( 22.90115868095252338, 14.29421713193682031, 30.31288913245538907 ) ) ;
#2237 = AXIS2_PLACEMENT_3D ( 'NONE', #79, #3064, #3799 ) ;
#2238 = LINE ( 'NONE', #5374, #215 ) ;
#2239 = ORIENTED_EDGE ( 'NONE', *, *, #4980, .T. ) ;
#2240 = DIRECTION ( 'NONE',  ( 1.000000000000000000, 0.000000000000000000, 0.000000000000000000 ) ) ;
#2241 = CIRCLE ( 'NONE', #4754, 2.999999999999999112 ) ;
#2242 = DIRECTION ( 'NONE',  ( -1.000000000000000000, 0.000000000000000000, 0.000000000000000000 ) ) ;
#2243 = CARTESIAN_POINT ( 'NONE',  ( -28.99999999999999645, 7.999999999999979572, -4.499999999999573674 ) ) ;
#2244 = FACE_OUTER_BOUND ( 'NONE', #4710, .T. ) ;
#2245 = CARTESIAN_POINT ( 'NONE',  ( 28.99999999999999289, -10.50000000000000888, -2.499999999999571898 ) ) ;
#2246 = ADVANCED_FACE ( 'NONE', ( #4984 ), #4085, .T. ) ;
#2247 = VERTEX_POINT ( 'NONE', #2722 ) ;
#2248 = CARTESIAN_POINT ( 'NONE',  ( 24.18677324489542357, -16.00000000000001421, 33.00100000000040268 ) ) ;
#2249 = AXIS2_PLACEMENT_3D ( 'NONE', #5248, #1121, #3922 ) ;
#2250 = CARTESIAN_POINT ( 'NONE',  ( -15.04945010036606412, -12.26073631205069248, 26.68724475333860724 ) ) ;
#2251 = AXIS2_PLACEMENT_3D ( 'NONE', #2878, #4721, #624 ) ;
#2252 = CARTESIAN_POINT ( 'NONE',  ( 26.09925483519048939, 16.59273313049937215, 11.51182720385526892 ) ) ;
#2253 = LINE ( 'NONE', #5112, #3467 ) ;
#2254 = ORIENTED_EDGE ( 'NONE', *, *, #529, .F. ) ;
#2255 = VERTEX_POINT ( 'NONE', #4565 ) ;
#2256 = LINE ( 'NONE', #5030, #4164 ) ;
#2257 = CARTESIAN_POINT ( 'NONE',  ( -15.41199287426781517, -10.36231916008091147, 27.27871613506946602 ) ) ;
#2258 = DIRECTION ( 'NONE',  ( -1.000000000000000000, 8.673617379884035472E-19, -6.994405055138486205E-15 ) ) ;
#2259 = CARTESIAN_POINT ( 'NONE',  ( 0.000000000000000000, 0.000000000000000000, 0.000000000000000000 ) ) ;
#2260 = ADVANCED_FACE ( 'NONE', ( #429 ), #5584, .T. ) ;
#2261 = VERTEX_POINT ( 'NONE', #2897 ) ;
#2262 = LINE ( 'NONE', #1807, #1669 ) ;
#2263 = ADVANCED_FACE ( 'NONE', ( #3257 ), #5131, .T. ) ;
#2264 = CARTESIAN_POINT ( 'NONE',  ( 23.64931399960800462, 14.06855394186622910, 18.21620103082923237 ) ) ;
#2265 = SPHERICAL_SURFACE ( 'NONE', #578, 33.00000000000000000 ) ;
#2266 = ADVANCED_FACE ( 'NONE', ( #119 ), #2382, .F. ) ;
#2267 = ORIENTED_EDGE ( 'NONE', *, *, #4182, .F. ) ;
#2268 = CARTESIAN_POINT ( 'NONE',  ( -24.63976679319493712, 13.03080141655164859, 17.66782816767691600 ) ) ;
#2269 = CARTESIAN_POINT ( 'NONE',  ( 22.18677324489563318, 15.99999999999995914, 2.000000000000154543 ) ) ;
#2270 = CARTESIAN_POINT ( 'NONE',  ( 6.499999999999999112, -2.775557561562891351E-14, 1.387778780781445676E-14 ) ) ;
#2271 = EDGE_CURVE ( 'NONE', #1153, #165, #2356, .T. ) ;
#2272 = DIRECTION ( 'NONE',  ( 6.994405055138486205E-15, 1.387778780781445984E-17, -1.000000000000000000 ) ) ;
#2273 = CARTESIAN_POINT ( 'NONE',  ( -30.00000000000000000, -12.00000000000001066, -4.499999999999573674 ) ) ;
#2274 = ORIENTED_EDGE ( 'NONE', *, *, #1759, .T. ) ;
#2275 = DIRECTION ( 'NONE',  ( -1.000000000000000000, 0.000000000000000000, 0.000000000000000000 ) ) ;
#2276 = B_SPLINE_CURVE_WITH_KNOTS ( 'NONE', 3,
 ( #1257, #5954, #1741, #4521, #2700, #1772, #5022, #2218, #3573, #3606, #1822, #2612, #813, #2674, #4065, #4462, #2167, #4011, #2250, #5839, #5902, #5446 ),
 .UNSPECIFIED., .F., .F.,
 ( 4, 2, 2, 2, 2, 2, 2, 2, 2, 2, 4 ),
 ( 0.0007081958501204641552, 0.001135577004592578732, 0.001562958159064693417, 0.002417720468008919318, 0.003272482776953145218, 0.004127245085897371553, 0.004982007394841598755, 0.005836769703785824222, 0.006691532012730050556, 0.007118913167202162856, 0.007546294321674275156 ),
 .UNSPECIFIED. ) ;
#2277 = CARTESIAN_POINT ( 'NONE',  ( -29.00000000000000000, 8.000000000000007105, -2.499999999999571898 ) ) ;
#2278 = CARTESIAN_POINT ( 'NONE',  ( 0.000000000000000000, 0.000000000000000000, 0.000000000000000000 ) ) ;
#2279 = LINE ( 'NONE', #1774, #1177 ) ;
#2280 = CARTESIAN_POINT ( 'NONE',  ( -23.54942924952485939, 18.94706918882024382, 13.26295038464005138 ) ) ;
#2281 = VERTEX_POINT ( 'NONE', #1426 ) ;
#2282 = ORIENTED_EDGE ( 'NONE', *, *, #2440, .F. ) ;
#2283 = CARTESIAN_POINT ( 'NONE',  ( 24.61221932067738294, 18.97393941522019745, 11.10612081275597873 ) ) ;
#2284 = VERTEX_POINT ( 'NONE', #484 ) ;
#2285 = CARTESIAN_POINT ( 'NONE',  ( -19.53427490444135017, -10.28934001142020804, 24.52706653424898775 ) ) ;
#2286 = DIRECTION ( 'NONE',  ( 6.980527267330673326E-15, 1.387778780781445984E-17, -1.000000000000000000 ) ) ;
#2287 = EDGE_CURVE ( 'NONE', #5215, #1388, #2778, .T. ) ;
#2288 = EDGE_CURVE ( 'NONE', #4492, #4415, #3319, .T. ) ;
#2289 = CARTESIAN_POINT ( 'NONE',  ( 21.33298685284959717, -15.07484961840030380, 33.00100000000040268 ) ) ;
#2290 = AXIS2_PLACEMENT_3D ( 'NONE', #287, #2076, #2557 ) ;
#2291 = ORIENTED_EDGE ( 'NONE', *, *, #1917, .F. ) ;
#2292 = SPHERICAL_SURFACE ( 'NONE', #2231, 33.00000000000000000 ) ;
#2293 = CARTESIAN_POINT ( 'NONE',  ( 25.90821836239041787, 14.96367736842846163, 13.92930892942806764 ) ) ;
#2294 = DIRECTION ( 'NONE',  ( -1.000000000000000000, 8.673617379884035472E-19, -6.994405055138486205E-15 ) ) ;
#2295 = EDGE_CURVE ( 'NONE', #840, #4327, #972, .T. ) ;
#2296 = ORIENTED_EDGE ( 'NONE', *, *, #5644, .F. ) ;
#2297 = CARTESIAN_POINT ( 'NONE',  ( -29.00000000000000000, -10.50000000000000888, -4.499999999999573674 ) ) ;
#2298 = CARTESIAN_POINT ( 'NONE',  ( -16.75384167308894590, 11.06818788484943639, 26.18829535796382046 ) ) ;
#2299 = CARTESIAN_POINT ( 'NONE',  ( 31.00000000000000000, 13.96424004376892114, 2.220446049250313081E-13 ) ) ;
#2300 = CARTESIAN_POINT ( 'NONE',  ( 17.63727020615629826, -12.74926703351190760, 24.80737095993813313 ) ) ;
#2301 = CARTESIAN_POINT ( 'NONE',  ( 30.89518444143392628, -2.775557561562891351E-14, -1.999999999999779732 ) ) ;
#2302 = ORIENTED_EDGE ( 'NONE', *, *, #964, .T. ) ;
#2303 = CARTESIAN_POINT ( 'NONE',  ( 25.06115526383577219, -13.12703925024594298, 16.99087346677453070 ) ) ;
#2304 = FACE_OUTER_BOUND ( 'NONE', #3345, .T. ) ;
#2305 = PERSON_AND_ORGANIZATION_ROLE ( 'design_supplier' ) ;
#2306 = CARTESIAN_POINT ( 'NONE',  ( 24.18677324489565095, -15.99999999999998579, 1.804112415015879378E-13 ) ) ;
#2307 = CARTESIAN_POINT ( 'NONE',  ( -21.33425115052440546, 16.95664996143133862, 18.61292591422093423 ) ) ;
#2308 = ORIENTED_EDGE ( 'NONE', *, *, #5838, .T. ) ;
#2309 = ORIENTED_EDGE ( 'NONE', *, *, #5480, .T. ) ;
#2310 = CARTESIAN_POINT ( 'NONE',  ( 29.99999999999999645, -8.000000000000007105, -4.499999999999573674 ) ) ;
#2311 = VECTOR ( 'NONE', #1405, 1000.000000000000000 ) ;
#2312 = CARTESIAN_POINT ( 'NONE',  ( -16.69629610246069973, -9.376652205747022961, 26.87654279556078052 ) ) ;
#2313 = DIRECTION ( 'NONE',  ( 6.980527267330673326E-15, 1.387778780781445984E-17, -1.000000000000000000 ) ) ;
#2314 = CARTESIAN_POINT ( 'NONE',  ( 26.18677324489564029, -16.00000000000001421, 2.000000000000182077 ) ) ;
#2315 = EDGE_CURVE ( 'NONE', #1204, #3101, #1965, .T. ) ;
#2316 = CIRCLE ( 'NONE', #4835, 1.000000000000014655 ) ;
#2317 = EDGE_CURVE ( 'NONE', #2890, #2247, #3287, .T. ) ;
#2318 = ORIENTED_EDGE ( 'NONE', *, *, #5600, .T. ) ;
#2319 = CARTESIAN_POINT ( 'NONE',  ( 29.99999999999999289, 11.99999999999998224, -2.499999999999586109 ) ) ;
#2320 = CARTESIAN_POINT ( 'NONE',  ( -16.60301666932465992, 14.09373399323398779, 24.79490810236551113 ) ) ;
#2321 = DIRECTION ( 'NONE',  ( 0.000000000000000000, 0.000000000000000000, 1.000000000000000000 ) ) ;
#2322 = VECTOR ( 'NONE', #2946, 1000.000000000000000 ) ;
#2323 = VECTOR ( 'NONE', #4713, 1000.000000000000000 ) ;
#2324 = EDGE_CURVE ( 'NONE', #2989, #756, #2867, .T. ) ;
#2325 = CIRCLE ( 'NONE', #1946, 2.000000000000001776 ) ;
#2326 = EDGE_CURVE ( 'NONE', #2261, #1044, #3240, .T. ) ;
#2327 = EDGE_LOOP ( 'NONE', ( #3749, #2309 ) ) ;
#2328 = CARTESIAN_POINT ( 'NONE',  ( -26.26396808709791841, 13.82236591913868651, 14.43719181428579468 ) ) ;
#2329 = CARTESIAN_POINT ( 'NONE',  ( -16.98168344945549180, 10.88226273410869105, 26.11937197992187265 ) ) ;
#2330 = CARTESIAN_POINT ( 'NONE',  ( 1.409462824231155764E-14, -2.775557561562891351E-14, -1.999999999999988010 ) ) ;
#2331 = VECTOR ( 'NONE', #158, 1000.000000000000000 ) ;
#2332 = CARTESIAN_POINT ( 'NONE',  ( 22.00000000000002132, 3.799999999999970068, -1.999999999999849010 ) ) ;
#2333 = ORIENTED_EDGE ( 'NONE', *, *, #1810, .F. ) ;
#2334 = FACE_OUTER_BOUND ( 'NONE', #3365, .T. ) ;
#2335 = AXIS2_PLACEMENT_3D ( 'NONE', #2993, #2541, #1513 ) ;
#2336 = ADVANCED_FACE ( 'NONE', ( #5642 ), #3741, .T. ) ;
#2337 = PLANE ( 'NONE',  #3406 ) ;
#2338 = APPROVAL_STATUS ( 'not_yet_approved' ) ;
#2339 = DIRECTION ( 'NONE',  ( -1.000000000000000000, 0.000000000000000000, 0.000000000000000000 ) ) ;
#2340 = CARTESIAN_POINT ( 'NONE',  ( 19.11041078201504106, 13.66221785191149074, 30.31288913245537486 ) ) ;
#2341 = ORIENTED_EDGE ( 'NONE', *, *, #4812, .T. ) ;
#2342 = VECTOR ( 'NONE', #173, 1000.000000000000000 ) ;
#2343 = ORIENTED_EDGE ( 'NONE', *, *, #4148, .T. ) ;
#2344 = CARTESIAN_POINT ( 'NONE',  ( 26.67023476448396835, 17.68524797727047471, 8.058435858371877814 ) ) ;
#2345 = ORIENTED_EDGE ( 'NONE', *, *, #724, .T. ) ;
#2346 = AXIS2_PLACEMENT_3D ( 'NONE', #159, #5647, #5230 ) ;
#2347 = CARTESIAN_POINT ( 'NONE',  ( -15.15348847611144301, -10.86737304861186182, 27.22696546962500008 ) ) ;
#2348 = LINE ( 'NONE', #2928, #1964 ) ;
#2349 = ORIENTED_EDGE ( 'NONE', *, *, #4226, .T. ) ;
#2350 = DIRECTION ( 'NONE',  ( -1.000000000000000000, 0.000000000000000000, -6.994405055138490149E-15 ) ) ;
#2351 = LINE ( 'NONE', #3708, #5025 ) ;
#2352 = AXIS2_PLACEMENT_3D ( 'NONE', #3442, #5283, #5311 ) ;
#2353 = ORIENTED_EDGE ( 'NONE', *, *, #5083, .T. ) ;
#2354 = FACE_OUTER_BOUND ( 'NONE', #1898, .T. ) ;
#2355 = CARTESIAN_POINT ( 'NONE',  ( -18.50000000000069278, 11.74999999999951150, 24.67159297653857308 ) ) ;
#2356 = LINE ( 'NONE', #3714, #393 ) ;
#2357 = ORIENTED_EDGE ( 'NONE', *, *, #4248, .F. ) ;
#2358 = CARTESIAN_POINT ( 'NONE',  ( -22.91543302973695262, 13.27328769693977151, 19.69205190302161057 ) ) ;
#2359 = CARTESIAN_POINT ( 'NONE',  ( -25.43974349840700455, -13.26053368455236736, 16.31753736230631091 ) ) ;
#2360 = CARTESIAN_POINT ( 'NONE',  ( 18.18787458247966882, 14.15662375969197129, 23.61803870173111264 ) ) ;
#2361 = PLANE ( 'NONE',  #2891 ) ;
#2362 = EDGE_LOOP ( 'NONE', ( #3623, #2552, #5816, #1323 ) ) ;
#2363 = CARTESIAN_POINT ( 'NONE',  ( 1.797292330510919213E-13, -21.88401242916885181, 24.69999999999967244 ) ) ;
#2364 = ADVANCED_FACE ( 'NONE', ( #1516 ), #2447, .F. ) ;
#2365 = DIRECTION ( 'NONE',  ( 6.980527267330673326E-15, 1.387778780781445984E-17, -1.000000000000000000 ) ) ;
#2366 = CALENDAR_DATE ( 2026, 20, 8 ) ;
#2367 = CARTESIAN_POINT ( 'NONE',  ( 19.24607238262662534, 9.954947398868561947, 24.89021999581354905 ) ) ;
#2368 = CARTESIAN_POINT ( 'NONE',  ( -22.09654887936309464, 15.56015673049018844, 30.31288913245508354 ) ) ;
#2369 = ORIENTED_EDGE ( 'NONE', *, *, #3108, .T. ) ;
#2370 = VERTEX_POINT ( 'NONE', #1061 ) ;
#2371 = ADVANCED_FACE ( 'NONE', ( #518 ), #5522, .T. ) ;
#2372 = CARTESIAN_POINT ( 'NONE',  ( 0.9170100681442947543, -21.18555294119394006, 25.28559147324241962 ) ) ;
#2373 = CARTESIAN_POINT ( 'NONE',  ( -0.1183245745532185283, -0.1861669645496777381, 0.000000000000000000 ) ) ;
#2374 = DIRECTION ( 'NONE',  ( 1.000000000000000000, -8.673617379884364806E-19, 6.991461281967131934E-15 ) ) ;
#2375 = DIRECTION ( 'NONE',  ( 0.000000000000000000, 0.000000000000000000, -1.000000000000000000 ) ) ;
#2376 = ORIENTED_EDGE ( 'NONE', *, *, #889, .F. ) ;
#2377 = EDGE_LOOP ( 'NONE', ( #5300, #731, #4310, #1634 ) ) ;
#2378 = CARTESIAN_POINT ( 'NONE',  ( -30.00000000000000000, -2.775557561562891351E-14, 4.000000000000017764 ) ) ;
#2379 = VERTEX_POINT ( 'NONE', #4170 ) ;
#2380 = DIRECTION ( 'NONE',  ( -1.000000000000000000, 0.000000000000000000, -6.938893903907222067E-15 ) ) ;
#2381 = CARTESIAN_POINT ( 'NONE',  ( 17.47890869124151791, -14.26090642385521967, 24.08724550618141080 ) ) ;
#2382 = CYLINDRICAL_SURFACE ( 'NONE', #3759, 2.000000000000001776 ) ;
#2383 = VERTEX_POINT ( 'NONE', #1399 ) ;
#2384 = DIRECTION ( 'NONE',  ( 6.980527267330673326E-15, 1.387778780781445984E-17, -1.000000000000000000 ) ) ;
#2385 = CARTESIAN_POINT ( 'NONE',  ( -29.99999999999998579, 0.000000000000000000, -2.000000000000210054 ) ) ;
#2386 = DIRECTION ( 'NONE',  ( -1.000000000000000000, 0.000000000000000000, -6.938893903907222067E-15 ) ) ;
#2387 = DIRECTION ( 'NONE',  ( 6.709910405078290630E-15, 1.665334536937735057E-16, -1.000000000000000000 ) ) ;
#2388 = ORIENTED_EDGE ( 'NONE', *, *, #4698, .F. ) ;
#2389 = CARTESIAN_POINT ( 'NONE',  ( -15.15519555511381178, 10.86281668648702592, 27.22783434855321261 ) ) ;
#2390 = ADVANCED_FACE ( 'NONE', ( #5074 ), #2091, .T. ) ;
#2391 = EDGE_LOOP ( 'NONE', ( #1863, #907, #3729, #5630 ) ) ;
#2392 = FACE_BOUND ( 'NONE', #5699, .T. ) ;
#2393 = APPROVAL_ROLE ( '' ) ;
#2394 = CARTESIAN_POINT ( 'NONE',  ( 19.87387668643653527, 10.95135209382401875, 23.96105628499926610 ) ) ;
#2395 = FACE_BOUND ( 'NONE', #4511, .T. ) ;
#2396 = ORIENTED_EDGE ( 'NONE', *, *, #3414, .T. ) ;
#2397 = EDGE_LOOP ( 'NONE', ( #5279, #112, #579, #5814 ) ) ;
#2398 = DIRECTION ( 'NONE',  ( 6.938893903907229918E-18, -8.743006318923108742E-16, 1.000000000000000000 ) ) ;
#2399 = EDGE_CURVE ( 'NONE', #3721, #639, #2916, .T. ) ;
#2400 = CARTESIAN_POINT ( 'NONE',  ( -24.18677324489565805, -16.00000000000001421, -1.665334536937734811E-13 ) ) ;
#2401 = FACE_OUTER_BOUND ( 'NONE', #819, .T. ) ;
#2402 = LINE ( 'NONE', #3371, #4282 ) ;
#2403 = ORIENTED_EDGE ( 'NONE', *, *, #2271, .F. ) ;
#2404 = ORIENTED_EDGE ( 'NONE', *, *, #2441, .F. ) ;
#2405 = CARTESIAN_POINT ( 'NONE',  ( -19.11041078201546739, 13.66221785191149074, 30.31288913245511196 ) ) ;
#2406 = VECTOR ( 'NONE', #1979, 1000.000000000000000 ) ;
#2407 = VECTOR ( 'NONE', #1839, 1000.000000000000000 ) ;
#2408 = EDGE_LOOP ( 'NONE', ( #3360, #1179, #5512, #4094 ) ) ;
#2409 = DIRECTION ( 'NONE',  ( 0.000000000000000000, 0.000000000000000000, 1.000000000000000000 ) ) ;
#2410 = CARTESIAN_POINT ( 'NONE',  ( 16.60148928307790683, -14.09310990757974125, 24.79627928951190086 ) ) ;
#2411 = AXIS2_PLACEMENT_3D ( 'NONE', #16, #1344, #3185 ) ;
#2412 = VERTEX_POINT ( 'NONE', #4944 ) ;
#2413 = CARTESIAN_POINT ( 'NONE',  ( -23.20986561125067027, -14.24731678686458025, 18.63760893032877775 ) ) ;
#2414 = AXIS2_PLACEMENT_3D ( 'NONE', #1202, #807, #2639 ) ;
#2416 = B_SPLINE_CURVE_WITH_KNOTS ( 'NONE', 3,
 ( #5846, #1298, #758, #3051, #5786, #3107 ),
 .UNSPECIFIED., .F., .F.,
 ( 4, 2, 4 ),
 ( 0.0003657029930625154421, 0.0007168625324055252334, 0.001068022071748534916 ),
 .UNSPECIFIED. ) ;
#2415 = CARTESIAN_POINT ( 'NONE',  ( -18.34376119884482392, -12.30755072647929182, 24.51639917248098044 ) ) ;
#2417 = LINE ( 'NONE', #3423, #3481 ) ;
#2418 = CARTESIAN_POINT ( 'NONE',  ( -26.10666454132834602, 15.43014022443402844, 13.01524380738347375 ) ) ;
#2419 = ORIENTED_EDGE ( 'NONE', *, *, #1577, .T. ) ;
#2420 = LINE ( 'NONE', #3425, #982 ) ;
#2421 = VECTOR ( 'NONE', #2633, 1000.000000000000000 ) ;
#2422 = EDGE_LOOP ( 'NONE', ( #628, #4794, #4244, #1806 ) ) ;
#2423 = DIRECTION ( 'NONE',  ( 0.000000000000000000, 0.000000000000000000, -1.000000000000000000 ) ) ;
#2424 = CARTESIAN_POINT ( 'NONE',  ( 28.99999999999999289, 7.999999999999979572, -4.499999999999573674 ) ) ;
#2425 = EDGE_CURVE ( 'NONE', #2281, #803, #3904, .T. ) ;
#2426 = LINE ( 'NONE', #138, #2903 ) ;
#2427 = AXIS2_PLACEMENT_3D ( 'NONE', #2964, #4289, #2475 ) ;
#2428 = CARTESIAN_POINT ( 'NONE',  ( -27.17197110008065053, 16.36728558725889116, 9.105738580011889738 ) ) ;
#2429 = ORIENTED_EDGE ( 'NONE', *, *, #2271, .T. ) ;
#2430 = ORIENTED_EDGE ( 'NONE', *, *, #3978, .T. ) ;
#2431 = CARTESIAN_POINT ( 'NONE',  ( 30.89518444143392983, -13.94170386461438049, -1.999999999999779732 ) ) ;
#2432 = CIRCLE ( 'NONE', #2237, 2.499999999999998668 ) ;
#2433 = CARTESIAN_POINT ( 'NONE',  ( -0.1725220835568337663, -19.40889368913542867, 26.68843576195323664 ) ) ;
#2434 = VECTOR ( 'NONE', #3626, 1000.000000000000000 ) ;
#2435 = CARTESIAN_POINT ( 'NONE',  ( 28.99999999999999289, 11.99999999999998224, -4.499999999999573674 ) ) ;
#2436 = DIRECTION ( 'NONE',  ( -0.8439597323689270736, -0.5364065343932425955, -1.387778780781445676E-17 ) ) ;
#2437 = ORIENTED_EDGE ( 'NONE', *, *, #4348, .T. ) ;
#2438 = ORIENTED_EDGE ( 'NONE', *, *, #3808, .F. ) ;
#2439 = DIRECTION ( 'NONE',  ( -1.000000000000000000, 0.000000000000000000, -6.994405055138514604E-15 ) ) ;
#2440 = EDGE_CURVE ( 'NONE', #2602, #428, #2649, .T. ) ;
#2441 = EDGE_CURVE ( 'NONE', #3796, #3785, #4497, .T. ) ;
#2442 = VECTOR ( 'NONE', #2979, 1000.000000000000000 ) ;
#2443 = EDGE_LOOP ( 'NONE', ( #3398, #1557, #5272, #3020, #5364, #1455, #4635, #2165, #59, #1329, #5028 ) ) ;
#2444 = CARTESIAN_POINT ( 'NONE',  ( -17.50000000000021672, 11.74999999999998224, 30.31288913245511196 ) ) ;
#2445 = FACE_OUTER_BOUND ( 'NONE', #2466, .T. ) ;
#2446 = AXIS2_PLACEMENT_3D ( 'NONE', #1187, #2654, #4414 ) ;
#2447 = SPHERICAL_SURFACE ( 'NONE', #935, 33.00000000000000000 ) ;
#2448 = EDGE_CURVE ( 'NONE', #1762, #2665, #3858, .T. ) ;
#2449 = VECTOR ( 'NONE', #2783, 1000.000000000000000 ) ;
#2450 = ADVANCED_FACE ( 'NONE', ( #958 ), #4153, .T. ) ;
#2451 = ORIENTED_EDGE ( 'NONE', *, *, #3537, .T. ) ;
#2452 = CARTESIAN_POINT ( 'NONE',  ( -22.20609583480090166, -15.66451801831450119, 18.72314927974066023 ) ) ;
#2453 = DIRECTION ( 'NONE',  ( 0.000000000000000000, 1.000000000000000000, 0.000000000000000000 ) ) ;
#2454 = CARTESIAN_POINT ( 'NONE',  ( 0.1642147656272764378, -22.62984754698978662, 26.70000000000000639 ) ) ;
#2455 = CARTESIAN_POINT ( 'NONE',  ( -26.18677324489581082, 15.87123253915411603, 12.30456387000226393 ) ) ;
#2456 = EDGE_LOOP ( 'NONE', ( #3489, #3478, #2697, #4603, #1777 ) ) ;
#2457 = CARTESIAN_POINT ( 'NONE',  ( -17.65985386388297584, 9.250431382410420511, 26.29818569480009671 ) ) ;
#2458 = ADVANCED_FACE ( 'NONE', ( #4099 ), #5904, .F. ) ;
#2459 = ADVANCED_FACE ( 'NONE', ( #444 ), #1799, .T. ) ;
#2460 = ORIENTED_EDGE ( 'NONE', *, *, #1815, .T. ) ;
#2461 = CARTESIAN_POINT ( 'NONE',  ( 18.24806131089010819, 12.42999129126985736, 24.52604565235799683 ) ) ;
#2462 = CARTESIAN_POINT ( 'NONE',  ( 28.99999999999999289, 12.49999999999998401, 3.000000000000002665 ) ) ;
#2463 = CARTESIAN_POINT ( 'NONE',  ( 15.31170496487535004, 10.52684484126011455, 27.27219232907913948 ) ) ;
#2464 = CARTESIAN_POINT ( 'NONE',  ( 30.00000000000000355, -12.50000000000001066, -1.999999999999793499 ) ) ;
#2465 = VERTEX_POINT ( 'NONE', #5026 ) ;
#2466 = EDGE_LOOP ( 'NONE', ( #3148, #4703, #1819, #4041 ) ) ;
#2467 = DIRECTION ( 'NONE',  ( 0.000000000000000000, 8.465450562766820593E-16, 1.000000000000000000 ) ) ;
#2468 = DIRECTION ( 'NONE',  ( 0.000000000000000000, 1.000000000000000000, 0.000000000000000000 ) ) ;
#2469 = CARTESIAN_POINT ( 'NONE',  ( -21.33298685285006613, -15.07484961840027715, 33.00100000000008293 ) ) ;
#2470 = DIRECTION ( 'NONE',  ( 1.000000000000000000, 0.000000000000000000, 1.128611177834202645E-16 ) ) ;
#2471 = DIRECTION ( 'NONE',  ( -0.5364065343932450380, 0.8439597323689255193, -3.740063814205996884E-15 ) ) ;
#2472 = VERTEX_POINT ( 'NONE', #1888 ) ;
#2473 = ORIENTED_EDGE ( 'NONE', *, *, #548, .F. ) ;
#2474 = EDGE_LOOP ( 'NONE', ( #3451, #2810 ) ) ;
#2475 = DIRECTION ( 'NONE',  ( 1.000000000000000000, 0.000000000000000000, 0.000000000000000000 ) ) ;
#2476 = EDGE_CURVE ( 'NONE', #2284, #5636, #5063, .T. ) ;
#2477 = VERTEX_POINT ( 'NONE', #48 ) ;
#2478 = CARTESIAN_POINT ( 'NONE',  ( -28.99999999999999645, 7.999999999999979572, -4.499999999999573674 ) ) ;
#2479 = EDGE_CURVE ( 'NONE', #379, #4070, #414, .T. ) ;
#2480 = CARTESIAN_POINT ( 'NONE',  ( -1.012644829101461141E-13, -2.775557561562891351E-14, 15.00000000000000000 ) ) ;
#2481 = CARTESIAN_POINT ( 'NONE',  ( 26.18677324489558700, -15.99999999999995914, 12.13478088061019378 ) ) ;
#2482 = ORIENTED_EDGE ( 'NONE', *, *, #3497, .T. ) ;
#2483 = DIRECTION ( 'NONE',  ( 0.000000000000000000, 0.000000000000000000, -1.000000000000000000 ) ) ;
#2484 = DIRECTION ( 'NONE',  ( -1.000000000000000000, 0.000000000000000000, 0.000000000000000000 ) ) ;
#2485 = ADVANCED_FACE ( 'NONE', ( #4634 ), #1321, .T. ) ;
#2486 = PLANE ( 'NONE',  #5122 ) ;
#2487 = LINE ( 'NONE', #2153, #5395 ) ;
#2488 = FACE_OUTER_BOUND ( 'NONE', #148, .T. ) ;
#2489 = ORIENTED_EDGE ( 'NONE', *, *, #3332, .F. ) ;
#2490 = CARTESIAN_POINT ( 'NONE',  ( 17.14940376298767077, 12.71698923312004403, 25.16478891378159588 ) ) ;
#2491 = CARTESIAN_POINT ( 'NONE',  ( -30.89518444143390141, -13.94170386461440714, -2.000000000000210054 ) ) ;
#2492 = CARTESIAN_POINT ( 'NONE',  ( 14.99999999999980815, 11.74999999999998046, 26.94322734937309249 ) ) ;
#2493 = LINE ( 'NONE', #5204, #5583 ) ;
#2494 = ORIENTED_EDGE ( 'NONE', *, *, #5020, .T. ) ;
#2495 = CARTESIAN_POINT ( 'NONE',  ( 26.26396808709768749, -13.82236591913868118, 14.43719181428618903 ) ) ;
#2496 = DIRECTION ( 'NONE',  ( 6.702971511174384191E-15, -1.526556658859590490E-16, -1.000000000000000000 ) ) ;
#2497 = CARTESIAN_POINT ( 'NONE',  ( 29.99999999999999645, -12.00000000000001066, -4.499999999999573674 ) ) ;
#2498 = CARTESIAN_POINT ( 'NONE',  ( -30.00000000000000000, -9.499999999999980460, -4.499999999999587885 ) ) ;
#2499 = CARTESIAN_POINT ( 'NONE',  ( -17.15630525694183106, 12.69634770654311673, 25.16916821630237422 ) ) ;
#2500 = ORIENTED_EDGE ( 'NONE', *, *, #1829, .T. ) ;
#2501 = VERTEX_POINT ( 'NONE', #4187 ) ;
#2502 = ORIENTED_EDGE ( 'NONE', *, *, #763, .F. ) ;
#2503 = DIRECTION ( 'NONE',  ( 0.000000000000000000, 0.000000000000000000, -1.000000000000000000 ) ) ;
#2504 = CARTESIAN_POINT ( 'NONE',  ( 17.49999999999978684, 11.74999999999998224, 30.31288913245536065 ) ) ;
#2505 = DIRECTION ( 'NONE',  ( -1.000000000000000000, 0.000000000000000000, -6.938893903907222067E-15 ) ) ;
#2506 = EDGE_CURVE ( 'NONE', #4829, #3887, #2253, .T. ) ;
#2507 = DIRECTION ( 'NONE',  ( 0.000000000000000000, 1.000000000000000000, 0.000000000000000000 ) ) ;
#2508 = EDGE_CURVE ( 'NONE', #2281, #3326, #912, .T. ) ;
#2509 = AXIS2_PLACEMENT_3D ( 'NONE', #2236, #856, #881 ) ;
#2510 = VERTEX_POINT ( 'NONE', #4695 ) ;
#2511 = DIRECTION ( 'NONE',  ( 0.000000000000000000, 0.000000000000000000, 1.000000000000000000 ) ) ;
#2512 = DIRECTION ( 'NONE',  ( 6.980527267330673326E-15, 1.387778780781445984E-17, -1.000000000000000000 ) ) ;
#2513 = CARTESIAN_POINT ( 'NONE',  ( 17.24998727129200304, 14.24749396343925945, 24.25960271886851416 ) ) ;
#2514 = CARTESIAN_POINT ( 'NONE',  ( 28.99999999999999289, 0.000000000000000000, 0.000000000000000000 ) ) ;
#2515 = B_SPLINE_CURVE_WITH_KNOTS ( 'NONE', 3,
 ( #5371, #3143, #1218, #4955, #5431, #2685, #4532, #2572, #4872, #307, #1786, #796, #2628, #1728, #827, #4478, #2149, #737 ),
 .UNSPECIFIED., .F., .F.,
 ( 4, 2, 2, 2, 2, 2, 2, 2, 4 ),
 ( 0.003011319420010222063, 0.003462907924268790287, 0.003914496428527358511, 0.004366084932785926735, 0.004817673437044494959, 0.005269261941303063183, 0.005720850445561631407, 0.006172438949820199632, 0.006624027454078767856 ),
 .UNSPECIFIED. ) ;
#2516 = CARTESIAN_POINT ( 'NONE',  ( 24.18677324489563674, -16.00000000000001421, 2.000000000000168310 ) ) ;
#2517 = ADVANCED_FACE ( 'NONE', ( #1600 ), #3334, .F. ) ;
#2518 = AXIS2_PLACEMENT_3D ( 'NONE', #4194, #910, #3668 ) ;
#2519 = ORIENTED_EDGE ( 'NONE', *, *, #3845, .F. ) ;
#2520 = LINE ( 'NONE', #2553, #1934 ) ;
#2521 = CARTESIAN_POINT ( 'NONE',  ( 17.85402577266654589, 10.80750553263834668, 25.56275476286667470 ) ) ;
#2522 = ADVANCED_FACE ( 'NONE', ( #2395, #203, #3822 ), #4792, .F. ) ;
#2523 = DIRECTION ( 'NONE',  ( 0.000000000000000000, 1.000000000000000000, 0.000000000000000000 ) ) ;
#2524 = CARTESIAN_POINT ( 'NONE',  ( 22.18677324489552305, -16.00000000000001066, 18.45933620094687910 ) ) ;
#2525 = VERTEX_POINT ( 'NONE', #1048 ) ;
#2526 = ORIENTED_EDGE ( 'NONE', *, *, #724, .F. ) ;
#2527 = VECTOR ( 'NONE', #778, 1000.000000000000000 ) ;
#2528 = CARTESIAN_POINT ( 'NONE',  ( 21.18677324489550884, 15.85750915589375509, 19.71532089493053874 ) ) ;
#2529 = EDGE_CURVE ( 'NONE', #3790, #721, #3886, .T. ) ;
#2530 = CARTESIAN_POINT ( 'NONE',  ( -28.99999999999999645, -12.50000000000001066, -4.999999999999990230 ) ) ;
#2531 = VECTOR ( 'NONE', #5690, 1000.000000000000000 ) ;
#2532 = CARTESIAN_POINT ( 'NONE',  ( -28.99999999999999645, 10.50000000000000888, -2.499999999999571898 ) ) ;
#2533 = CARTESIAN_POINT ( 'NONE',  ( -16.85385709399595200, 12.52236275900978946, 25.45900752581000148 ) ) ;
#2534 = ORIENTED_EDGE ( 'NONE', *, *, #5829, .F. ) ;
#2535 = ORIENTED_EDGE ( 'NONE', *, *, #3258, .T. ) ;
#2536 = AXIS2_PLACEMENT_3D ( 'NONE', #5465, #886, #2725 ) ;
#2537 = EDGE_LOOP ( 'NONE', ( #4770, #1267, #4968, #1075 ) ) ;
#2538 = CARTESIAN_POINT ( 'NONE',  ( 26.84648909982410458, 17.39003770422783646, 8.115431517036228115 ) ) ;
#2539 = ADVANCED_FACE ( 'NONE', ( #74, #4243 ), #3430, .F. ) ;
#2540 = VECTOR ( 'NONE', #4880, 1000.000000000000000 ) ;
#2541 = DIRECTION ( 'NONE',  ( 6.980527267330673326E-15, 1.387778780781445984E-17, -1.000000000000000000 ) ) ;
#2542 = FACE_OUTER_BOUND ( 'NONE', #4574, .T. ) ;
#2543 = AXIS2_PLACEMENT_3D ( 'NONE', #2270, #862, #2693 ) ;
#2544 = VERTEX_POINT ( 'NONE', #2881 ) ;
#2545 = CARTESIAN_POINT ( 'NONE',  ( 29.99999999999999645, 12.49999999999998401, -5.000000000000004441 ) ) ;
#2546 = VECTOR ( 'NONE', #2242, 1000.000000000000000 ) ;
#2547 = PLANE ( 'NONE',  #1198 ) ;
#2548 = DIRECTION ( 'NONE',  ( -1.000000000000000000, 0.000000000000000000, -6.938893903907222067E-15 ) ) ;
#2549 = FACE_BOUND ( 'NONE', #1317, .T. ) ;
#2550 = DIRECTION ( 'NONE',  ( 6.994405055138486205E-15, 1.387778780781445984E-17, -1.000000000000000000 ) ) ;
#2551 = AXIS2_PLACEMENT_3D ( 'NONE', #1478, #1571, #81 ) ;
#2552 = ORIENTED_EDGE ( 'NONE', *, *, #1995, .T. ) ;
#2553 = CARTESIAN_POINT ( 'NONE',  ( 28.99999999999999289, 7.999999999999979572, -4.499999999999573674 ) ) ;
#2554 = CARTESIAN_POINT ( 'NONE',  ( 21.19591447365077386, -16.26449483905498639, 19.37083863531558592 ) ) ;
#2555 = FACE_OUTER_BOUND ( 'NONE', #4775, .T. ) ;
#2556 = ADVANCED_FACE ( 'NONE', ( #4724, #592, #5657 ), #1531, .T. ) ;
#2557 = DIRECTION ( 'NONE',  ( -1.000000000000000000, 0.000000000000000000, 0.000000000000000000 ) ) ;
#2558 = ORIENTED_EDGE ( 'NONE', *, *, #1561, .T. ) ;
#2559 = LINE ( 'NONE', #1206, #2527 ) ;
#2560 = CARTESIAN_POINT ( 'NONE',  ( 14.99999999999978684, 11.74999999999998224, 30.31288913245534289 ) ) ;
#2561 = LINE ( 'NONE', #4406, #4545 ) ;
#2562 = CARTESIAN_POINT ( 'NONE',  ( -29.00000000000000000, -7.500000000000007105, -4.999999999999990230 ) ) ;
#2563 = ORIENTED_EDGE ( 'NONE', *, *, #4846, .T. ) ;
#2564 = EDGE_CURVE ( 'NONE', #990, #3352, #4215, .T. ) ;
#2565 = EDGE_LOOP ( 'NONE', ( #5464, #4762, #4680, #3661 ) ) ;
#2566 = ORIENTED_EDGE ( 'NONE', *, *, #668, .F. ) ;
#2567 = DIRECTION ( 'NONE',  ( 0.000000000000000000, 1.000000000000000000, 0.000000000000000000 ) ) ;
#2568 = PLANE ( 'NONE',  #508 ) ;
#2569 = PLANE ( 'NONE',  #4185 ) ;
#2570 = AXIS2_PLACEMENT_3D ( 'NONE', #500, #870, #18 ) ;
#2571 = VERTEX_POINT ( 'NONE', #2981 ) ;
#2572 = CARTESIAN_POINT ( 'NONE',  ( -17.37023751402613314, -10.74936218107119146, 25.91812721047909207 ) ) ;
#2573 = CARTESIAN_POINT ( 'NONE',  ( -16.50000000000018119, -11.75000000000000888, 26.05163142684146393 ) ) ;
#2574 = DIRECTION ( 'NONE',  ( -1.000000000000000000, 0.000000000000000000, -6.938893903907222067E-15 ) ) ;
#2575 = CARTESIAN_POINT ( 'NONE',  ( 16.62514064333510078, -11.25986011886542038, 26.18827890344905640 ) ) ;
#2576 = CARTESIAN_POINT ( 'NONE',  ( -20.00000000000007105, 11.74999999999998224, 9.999999999999866773 ) ) ;
#2577 = ORIENTED_EDGE ( 'NONE', *, *, #3641, .T. ) ;
#2578 = CARTESIAN_POINT ( 'NONE',  ( -21.33427796281535649, -16.95670991898206026, 18.61283840074935370 ) ) ;
#2579 = CARTESIAN_POINT ( 'NONE',  ( -0.8534384824519593016, -24.31214642689997518, 25.16381420370128552 ) ) ;
#2580 = DIRECTION ( 'NONE',  ( 0.05233595624293681942, -1.387778780781445521E-17, 0.9986295347545742773 ) ) ;
#2581 = CARTESIAN_POINT ( 'NONE',  ( 32.00000000000000000, -7.500000000000007105, 2.359223927328457648E-13 ) ) ;
#2582 = CARTESIAN_POINT ( 'NONE',  ( 28.99999999999999289, 7.999999999999979572, -4.499999999999573674 ) ) ;
#2583 = ORIENTED_EDGE ( 'NONE', *, *, #637, .T. ) ;
#2584 = ORIENTED_EDGE ( 'NONE', *, *, #3993, .T. ) ;
#2585 = EDGE_CURVE ( 'NONE', #5845, #1173, #2493, .T. ) ;
#2586 = LINE ( 'NONE', #4886, #3305 ) ;
#2587 = CARTESIAN_POINT ( 'NONE',  ( -29.00000000000000000, -7.500000000000007105, -4.999999999999990230 ) ) ;
#2588 = ORIENTED_EDGE ( 'NONE', *, *, #4488, .T. ) ;
#2589 = VERTEX_POINT ( 'NONE', #2464 ) ;
#2590 = ORIENTED_EDGE ( 'NONE', *, *, #788, .F. ) ;
#2591 = CARTESIAN_POINT ( 'NONE',  ( -30.89518444143390141, -13.94170386461440714, -2.000000000000210054 ) ) ;
#2592 = ADVANCED_FACE ( 'NONE', ( #2008 ), #3852, .T. ) ;
#2593 = ADVANCED_FACE ( 'NONE', ( #3397 ), #5240, .T. ) ;
#2594 = LINE ( 'NONE', #4439, #4849 ) ;
#2595 = PLANE ( 'NONE',  #5727 ) ;
#2596 = ORIENTED_EDGE ( 'NONE', *, *, #5644, .T. ) ;
#2597 = DIRECTION ( 'NONE',  ( 0.000000000000000000, -1.000000000000000000, 0.000000000000000000 ) ) ;
#2598 = LINE ( 'NONE', #4480, #1773 ) ;
#2599 = DIRECTION ( 'NONE',  ( 6.980527267330673326E-15, 1.387778780781445984E-17, -1.000000000000000000 ) ) ;
#2600 = CARTESIAN_POINT ( 'NONE',  ( -24.90439391375154088, 17.87077657332692837, 12.22510971932632629 ) ) ;
#2601 = AXIS2_PLACEMENT_3D ( 'NONE', #1704, #2097, #3962 ) ;
#2602 = VERTEX_POINT ( 'NONE', #5591 ) ;
#2603 = PLANE ( 'NONE',  #2536 ) ;
#2604 = CARTESIAN_POINT ( 'NONE',  ( 21.91052626523434910, -17.98390575345841214, 16.91114133637413985 ) ) ;
#2605 = LINE ( 'NONE', #5927, #2434 ) ;
#2606 = CARTESIAN_POINT ( 'NONE',  ( -23.07859788318941696, -17.67722603203163345, 15.62314273555331923 ) ) ;
#2607 = CARTESIAN_POINT ( 'NONE',  ( -17.50000000000021672, 11.74999999999998224, 30.31288913245511196 ) ) ;
#2608 = VERTEX_POINT ( 'NONE', #1470 ) ;
#2609 = CARTESIAN_POINT ( 'NONE',  ( 18.49999999999982592, -11.74999999999998401, 24.67159297653897454 ) ) ;
#2610 = VECTOR ( 'NONE', #2712, 1000.000000000000000 ) ;
#2611 = EDGE_CURVE ( 'NONE', #316, #472, #3957, .T. ) ;
#2612 = CARTESIAN_POINT ( 'NONE',  ( -16.20769826419018145, -13.90118714097700447, 25.16244135282651229 ) ) ;
#2613 = LINE ( 'NONE', #3519, #23 ) ;
#2614 = EDGE_LOOP ( 'NONE', ( #4609, #608, #5253, #4358 ) ) ;
#2615 = CARTESIAN_POINT ( 'NONE',  ( 16.22194173234273151, -9.594079168727340345, 27.08945036756299274 ) ) ;
#2616 = VERTEX_POINT ( 'NONE', #2128 ) ;
#2617 = VERTEX_POINT ( 'NONE', #776 ) ;
#2618 = DIRECTION ( 'NONE',  ( -1.000000000000000000, 0.000000000000000000, -6.938893903907232322E-15 ) ) ;
#2619 = LOCAL_TIME ( 11, 34, 7.000000000000000000, #1823 ) ;
#2620 = AXIS2_PLACEMENT_3D ( 'NONE', #2112, #3928, #2618 ) ;
#2621 = ORIENTED_EDGE ( 'NONE', *, *, #5863, .T. ) ;
#2622 = CARTESIAN_POINT ( 'NONE',  ( 19.99999999999985434, -11.74999999999995559, 23.47205785609789785 ) ) ;
#2623 = DIRECTION ( 'NONE',  ( -0.05233595624295075271, -1.387778780781445521E-17, 0.9986295347545736112 ) ) ;
#2624 = EDGE_CURVE ( 'NONE', #3076, #480, #1172, .T. ) ;
#2625 = AXIS2_PLACEMENT_3D ( 'NONE', #3736, #1303, #4079 ) ;
#2626 = VECTOR ( 'NONE', #1569, 1000.000000000000000 ) ;
#2627 = VERTEX_POINT ( 'NONE', #5381 ) ;
#2628 = CARTESIAN_POINT ( 'NONE',  ( -18.15419452914223797, -10.98466739282972959, 25.27419835373599000 ) ) ;
#2629 = CARTESIAN_POINT ( 'NONE',  ( 25.40764803771893909, -17.59553605030797740, 11.57141944397157651 ) ) ;
#2630 = VECTOR ( 'NONE', #5051, 1000.000000000000000 ) ;
#2631 = LINE ( 'NONE', #4482, #5106 ) ;
#2632 = EDGE_CURVE ( 'NONE', #1980, #4582, #3042, .T. ) ;
#2633 = DIRECTION ( 'NONE',  ( 6.980527267330673326E-15, 1.387778780781445984E-17, -1.000000000000000000 ) ) ;
#2634 = VECTOR ( 'NONE', #3394, 1000.000000000000000 ) ;
#2635 = ORIENTED_EDGE ( 'NONE', *, *, #1561, .F. ) ;
#2636 = DIRECTION ( 'NONE',  ( 0.000000000000000000, 0.000000000000000000, 1.000000000000000000 ) ) ;
#2637 = CARTESIAN_POINT ( 'NONE',  ( 26.52469487397523551, -17.88769846165183353, 8.093245944137242631 ) ) ;
#2638 = DIRECTION ( 'NONE',  ( -1.000000000000000000, 0.000000000000000000, 0.000000000000000000 ) ) ;
#2639 = DIRECTION ( 'NONE',  ( 0.000000000000000000, 0.000000000000000000, -1.000000000000000000 ) ) ;
#2640 = FACE_OUTER_BOUND ( 'NONE', #437, .T. ) ;
#2641 = VERTEX_POINT ( 'NONE', #5411 ) ;
#2642 = AXIS2_PLACEMENT_3D ( 'NONE', #601, #4768, #1955 ) ;
#2643 = FACE_OUTER_BOUND ( 'NONE', #622, .T. ) ;
#2644 = EDGE_CURVE ( 'NONE', #55, #1636, #3562, .T. ) ;
#2645 = EDGE_CURVE ( 'NONE', #5601, #4317, #3513, .T. ) ;
#2646 = CARTESIAN_POINT ( 'NONE',  ( 24.00249736744041940, 13.00066580523841253, 18.54547010261250151 ) ) ;
#2647 = DIRECTION ( 'NONE',  ( -1.000000000000000000, 0.000000000000000000, 0.000000000000000000 ) ) ;
#2648 = ORIENTED_EDGE ( 'NONE', *, *, #1328, .F. ) ;
#2649 = LINE ( 'NONE', #4466, #1796 ) ;
#2650 = ORIENTED_EDGE ( 'NONE', *, *, #5965, .T. ) ;
#2651 = ORIENTED_EDGE ( 'NONE', *, *, #3071, .T. ) ;
#2652 = LINE ( 'NONE', #4500, #988 ) ;
#2653 = CARTESIAN_POINT ( 'NONE',  ( 16.49999999999977973, -11.74999999999998224, 30.31288913245535355 ) ) ;
#2654 = DIRECTION ( 'NONE',  ( -1.000000000000000000, 0.000000000000000000, 0.000000000000000000 ) ) ;
#2655 = ADVANCED_FACE ( 'NONE', ( #2640 ), #1253, .F. ) ;
#2656 = CIRCLE ( 'NONE', #3524, 33.00000000000000000 ) ;
#2657 = ADVANCED_FACE ( 'NONE', ( #808 ), #4820, .F. ) ;
#2658 = VERTEX_POINT ( 'NONE', #5864 ) ;
#2659 = EDGE_LOOP ( 'NONE', ( #3372, #1846, #4914, #568 ) ) ;
#2660 = FACE_OUTER_BOUND ( 'NONE', #4692, .T. ) ;
#2661 = CARTESIAN_POINT ( 'NONE',  ( 24.02285341311879918, -18.00343584069347003, 13.71003672057295830 ) ) ;
#2662 = DIRECTION ( 'NONE',  ( 0.000000000000000000, -1.000000000000000000, 0.000000000000000000 ) ) ;
#2663 = CARTESIAN_POINT ( 'NONE',  ( 29.99999999999999289, -7.500000000000007105, -4.999999999999990230 ) ) ;
#2664 = ADVANCED_FACE ( 'NONE', ( #4491 ), #322, .F. ) ;
#2665 = VERTEX_POINT ( 'NONE', #2524 ) ;
#2666 = FACE_OUTER_BOUND ( 'NONE', #3635, .T. ) ;
#2667 = CARTESIAN_POINT ( 'NONE',  ( 22.83220665739503019, -18.68124498840980863, 14.79251617906904848 ) ) ;
#2668 = LINE ( 'NONE', #5379, #4657 ) ;
#2669 = LINE ( 'NONE', #5441, #1690 ) ;
#2670 = DIRECTION ( 'NONE',  ( -0.9986295347545736112, -1.084202172485504819E-18, -0.05233595624295073884 ) ) ;
#2671 = CARTESIAN_POINT ( 'NONE',  ( -27.18677324489577529, -16.17902644124550804, 9.393503763518483041 ) ) ;
#2672 = ORIENTED_EDGE ( 'NONE', *, *, #5246, .T. ) ;
#2673 = CARTESIAN_POINT ( 'NONE',  ( 24.00831674449660369, -13.00032261279296542, 18.53817787680847218 ) ) ;
#2674 = CARTESIAN_POINT ( 'NONE',  ( -15.68996048917204256, -13.48854873716197744, 25.70925375203974639 ) ) ;
#2675 = DIRECTION ( 'NONE',  ( -1.000000000000000000, 0.000000000000000000, -6.938893903907222067E-15 ) ) ;
#2676 = CARTESIAN_POINT ( 'NONE',  ( 15.78115433624180319, -9.925136424306344907, 27.23018886649609982 ) ) ;
#2677 = VERTEX_POINT ( 'NONE', #235 ) ;
#2678 = EDGE_LOOP ( 'NONE', ( #2500, #1222, #1853, #3711 ) ) ;
#2679 = CARTESIAN_POINT ( 'NONE',  ( 21.41076984060458344, 17.15540243176817725, 18.34098578582704420 ) ) ;
#2680 = DIRECTION ( 'NONE',  ( -1.000000000000000000, 0.000000000000000000, -6.938893903907226800E-15 ) ) ;
#2681 = CARTESIAN_POINT ( 'NONE',  ( 18.49999999999978684, 11.74999999999998224, 30.31288913245536776 ) ) ;
#2682 = DIRECTION ( 'NONE',  ( 0.000000000000000000, 0.000000000000000000, 1.000000000000000000 ) ) ;
#2683 = EDGE_CURVE ( 'NONE', #4884, #1479, #3838, .T. ) ;
#2684 = EDGE_LOOP ( 'NONE', ( #163, #134, #4368, #238 ) ) ;
#2685 = CARTESIAN_POINT ( 'NONE',  ( -16.98052636518512770, -10.88290954641529673, 26.11985609589731894 ) ) ;
#2686 = CARTESIAN_POINT ( 'NONE',  ( -15.69245084168252191, 13.49105907228873846, 25.70640785849063903 ) ) ;
#2687 = LINE ( 'NONE', #2205, #5485 ) ;
#2688 = ADVANCED_FACE ( 'NONE', ( #352 ), #4852, .T. ) ;
#2689 = CARTESIAN_POINT ( 'NONE',  ( -29.00000000000000000, -7.500000000000007105, -4.999999999999990230 ) ) ;
#2690 = ORIENTED_EDGE ( 'NONE', *, *, #1008, .T. ) ;
#2691 = CARTESIAN_POINT ( 'NONE',  ( -30.00000000000000000, 12.49999999999998401, -4.999999999999990230 ) ) ;
#2692 = CARTESIAN_POINT ( 'NONE',  ( 26.72315311115564640, -17.60438862465174381, 8.060155011892682353 ) ) ;
#2693 = DIRECTION ( 'NONE',  ( 0.000000000000000000, 0.000000000000000000, -1.000000000000000000 ) ) ;
#2694 = CARTESIAN_POINT ( 'NONE',  ( -17.50854267967985933, 12.75720095228633610, 24.89432506204210682 ) ) ;
#2695 = DIRECTION ( 'NONE',  ( 1.000000000000000000, -0.000000000000000000, -0.000000000000000000 ) ) ;
#2696 = ORIENTED_EDGE ( 'NONE', *, *, #365, .F. ) ;
#2697 = ORIENTED_EDGE ( 'NONE', *, *, #1385, .T. ) ;
#2698 = DIRECTION ( 'NONE',  ( 0.000000000000000000, 0.000000000000000000, -1.000000000000000000 ) ) ;
#2699 = VECTOR ( 'NONE', #5489, 1000.000000000000000 ) ;
#2700 = CARTESIAN_POINT ( 'NONE',  ( -18.54348120376186770, -14.02539346172740409, 23.41896873112334987 ) ) ;
#2701 = CARTESIAN_POINT ( 'NONE',  ( 25.82919804848763690, 17.14631516009466594, 11.30789423526109339 ) ) ;
#2702 = CARTESIAN_POINT ( 'NONE',  ( 22.00000000000001066, 0.000000000000000000, 3.799999999999777334 ) ) ;
#2703 = ORIENTED_EDGE ( 'NONE', *, *, #4376, .T. ) ;
#2704 = ORIENTED_EDGE ( 'NONE', *, *, #5294, .F. ) ;
#2705 = EDGE_CURVE ( 'NONE', #1637, #3228, #720, .T. ) ;
#2706 = CARTESIAN_POINT ( 'NONE',  ( 21.91893890954979440, 17.97250161047888284, 16.90175049467371693 ) ) ;
#2707 = EDGE_CURVE ( 'NONE', #1044, #1564, #2103, .T. ) ;
#2708 = VECTOR ( 'NONE', #8, 1000.000000000000000 ) ;
#2709 = B_SPLINE_CURVE_WITH_KNOTS ( 'NONE', 3,
 ( #4673, #3400, #1120, #2955 ),
 .UNSPECIFIED., .F., .F.,
 ( 4, 4 ),
 ( 0.000000000000000000, 0.002002871483817275991 ),
 .UNSPECIFIED. ) ;
#2710 = DIRECTION ( 'NONE',  ( 0.000000000000000000, -1.000000000000000000, 0.000000000000000000 ) ) ;
#2711 = CARTESIAN_POINT ( 'NONE',  ( 23.43677324489565095, 15.99999999999998579, 1.751654377102340479E-13 ) ) ;
#2712 = DIRECTION ( 'NONE',  ( 0.000000000000000000, 0.000000000000000000, 1.000000000000000000 ) ) ;
#2713 = VECTOR ( 'NONE', #5019, 1000.000000000000000 ) ;
#2714 = EDGE_CURVE ( 'NONE', #2022, #2379, #1713, .T. ) ;
#2715 = EDGE_CURVE ( 'NONE', #1364, #2477, #1627, .T. ) ;
#2716 = AXIS2_PLACEMENT_3D ( 'NONE', #3254, #5097, #515 ) ;
#2717 = ORIENTED_EDGE ( 'NONE', *, *, #4589, .F. ) ;
#2718 = DIRECTION ( 'NONE',  ( 6.980527267330673326E-15, 1.387778780781445984E-17, -1.000000000000000000 ) ) ;
#2719 = CARTESIAN_POINT ( 'NONE',  ( -15.00000000000019185, 12.01433167108471523, 26.82795173316806014 ) ) ;
#2720 = AXIS2_PLACEMENT_3D ( 'NONE', #2984, #4823, #1603 ) ;
#2721 = EDGE_LOOP ( 'NONE', ( #2894, #4459, #2766, #4155 ) ) ;
#2722 = CARTESIAN_POINT ( 'NONE',  ( -30.00000000000000000, 7.499999999999978684, -4.999999999999990230 ) ) ;
#2723 = VECTOR ( 'NONE', #1684, 1000.000000000000000 ) ;
#2724 = EDGE_LOOP ( 'NONE', ( #4610, #4423, #2941, #10, #667, #4088, #2494, #4496 ) ) ;
#2725 = DIRECTION ( 'NONE',  ( 0.000000000000000000, -8.465450562766819607E-16, -1.000000000000000000 ) ) ;
#2726 = AXIS2_PLACEMENT_3D ( 'NONE', #3124, #3176, #4964 ) ;
#2727 = LINE ( 'NONE', #5948, #1106 ) ;
#2728 = DIRECTION ( 'NONE',  ( 6.980527267330673326E-15, 1.387778780781445984E-17, -1.000000000000000000 ) ) ;
#2729 = DIRECTION ( 'NONE',  ( -1.318389841742373638E-16, 0.000000000000000000, 1.000000000000000000 ) ) ;
#2730 = LINE ( 'NONE', #1767, #1256 ) ;
#2731 = ORIENTED_EDGE ( 'NONE', *, *, #2199, .T. ) ;
#2732 = ORIENTED_EDGE ( 'NONE', *, *, #5349, .F. ) ;
#2733 = CARTESIAN_POINT ( 'NONE',  ( -19.91502058360523364, -12.39627825335812261, 14.99999999999986144 ) ) ;
#2734 = AXIS2_PLACEMENT_3D ( 'NONE', #5165, #1038, #5676 ) ;
#2735 = CARTESIAN_POINT ( 'NONE',  ( 26.71470636476712457, 14.36768514121379781, 13.00683435824761069 ) ) ;
#2736 = EDGE_CURVE ( 'NONE', #3292, #4288, #1654, .T. ) ;
#2737 = COORDINATED_UNIVERSAL_TIME_OFFSET ( 8, 0, .AHEAD. ) ;
#2738 = AXIS2_PLACEMENT_3D ( 'NONE', #702, #3053, #3496 ) ;
#2739 = CARTESIAN_POINT ( 'NONE',  ( 22.27139094022196630, 16.59264478691375899, 17.82460552390940478 ) ) ;
#2740 = CARTESIAN_POINT ( 'NONE',  ( -23.25661124471125873, 18.86888479461870816, 13.87673089397422288 ) ) ;
#2741 = ORIENTED_EDGE ( 'NONE', *, *, #2476, .T. ) ;
#2742 = ORIENTED_EDGE ( 'NONE', *, *, #3070, .F. ) ;
#2743 = DIRECTION ( 'NONE',  ( -1.000000000000000000, 0.000000000000000000, -6.938893903907222067E-15 ) ) ;
#2744 = VERTEX_POINT ( 'NONE', #3483 ) ;
#2745 = EDGE_LOOP ( 'NONE', ( #514, #5778, #1611, #2962 ) ) ;
#2746 = CARTESIAN_POINT ( 'NONE',  ( -16.53495583510728650, -9.436966823452067388, 26.95505406203408327 ) ) ;
#2747 = CARTESIAN_POINT ( 'NONE',  ( 0.000000000000000000, 0.000000000000000000, 0.000000000000000000 ) ) ;
#2748 = LINE ( 'NONE', #938, #2610 ) ;
#2749 = B_SPLINE_CURVE_WITH_KNOTS ( 'NONE', 3,
 ( #5263, #90, #5617, #2415, #4266, #1998, #3323, #126, #1970, #4299, #3813, #1520, #5193, #1065, #4417, #2573 ),
 .UNSPECIFIED., .F., .F.,
 ( 4, 2, 2, 2, 2, 2, 2, 4 ),
 ( 0.006624027454078767856, 0.007076095006822325818, 0.007528162559565882914, 0.007980230112309440876, 0.008432297665052998839, 0.009336432770540113030, 0.009788500323283670992, 0.01024056787602722722 ),
 .UNSPECIFIED. ) ;
#2750 = EDGE_LOOP ( 'NONE', ( #415, #2419 ) ) ;
#2751 = DIRECTION ( 'NONE',  ( 0.000000000000000000, 0.000000000000000000, 1.000000000000000000 ) ) ;
#2752 = DIRECTION ( 'NONE',  ( 6.938893903907229918E-18, -8.743006318923108742E-16, 1.000000000000000000 ) ) ;
#2753 = CARTESIAN_POINT ( 'NONE',  ( -24.18677324489565805, 15.99999999999998579, -1.665334536937734811E-13 ) ) ;
#2754 = ORIENTED_EDGE ( 'NONE', *, *, #5555, .T. ) ;
#2755 = CARTESIAN_POINT ( 'NONE',  ( -22.00000000000002132, -7.500000000000007105, -1.526556658859590243E-13 ) ) ;
#2756 = CARTESIAN_POINT ( 'NONE',  ( -26.26588371427709845, -13.82445634601865159, 14.43150592327345727 ) ) ;
#2757 = LINE ( 'NONE', #5528, #715 ) ;
#2758 = CARTESIAN_POINT ( 'NONE',  ( 0.000000000000000000, 0.000000000000000000, 0.000000000000000000 ) ) ;
#2759 = CARTESIAN_POINT ( 'NONE',  ( -20.00000000000021672, 11.74999999999998224, 30.31288913245509420 ) ) ;
#2760 = EDGE_LOOP ( 'NONE', ( #4429, #3321, #4127, #141 ) ) ;
#2761 = DIRECTION ( 'NONE',  ( 0.000000000000000000, 0.000000000000000000, 1.000000000000000000 ) ) ;
#2762 = FACE_BOUND ( 'NONE', #4100, .T. ) ;
#2763 = EDGE_CURVE ( 'NONE', #4602, #1231, #3010, .T. ) ;
#2764 = DIRECTION ( 'NONE',  ( 0.8439597323689262964, -0.5364065343932439278, 1.510944147575798979E-14 ) ) ;
#2765 = DIRECTION ( 'NONE',  ( 6.980527267330673326E-15, 1.387778780781445984E-17, -1.000000000000000000 ) ) ;
#2766 = ORIENTED_EDGE ( 'NONE', *, *, #3516, .F. ) ;
#2767 = ORIENTED_EDGE ( 'NONE', *, *, #5895, .F. ) ;
#2768 = EDGE_CURVE ( 'NONE', #5682, #4047, #256, .T. ) ;
#2769 = CARTESIAN_POINT ( 'NONE',  ( 23.54682138946373016, 18.94657728052140655, 13.26836689305225114 ) ) ;
#2770 = CARTESIAN_POINT ( 'NONE',  ( -15.77759390807078077, -9.928633709132288487, 27.23096692071687031 ) ) ;
#2771 = DIRECTION ( 'NONE',  ( 6.702971511174384191E-15, -1.526556658859590490E-16, -1.000000000000000000 ) ) ;
#2772 = EDGE_CURVE ( 'NONE', #3326, #295, #4061, .T. ) ;
#2773 = DIRECTION ( 'NONE',  ( 0.8439597323689262964, -0.5364065343932438168, 1.040834085586084103E-17 ) ) ;
#2774 = EDGE_CURVE ( 'NONE', #4561, #4602, #258, .T. ) ;
#2775 = VERTEX_POINT ( 'NONE', #4878 ) ;
#2776 = DIRECTION ( 'NONE',  ( -6.994405055138486205E-15, 0.000000000000000000, 1.000000000000000000 ) ) ;
#2777 = CARTESIAN_POINT ( 'NONE',  ( 22.18677324489552305, 15.83993765981033341, 18.59807344562111453 ) ) ;
#2778 = LINE ( 'NONE', #5161, #1170 ) ;
#2779 = EDGE_CURVE ( 'NONE', #2658, #2379, #5643, .T. ) ;
#2780 = VERTEX_POINT ( 'NONE', #1076 ) ;
#2781 = CARTESIAN_POINT ( 'NONE',  ( -23.48442703413328303, 13.07673495556106680, 19.14560995362879936 ) ) ;
#2782 = CARTESIAN_POINT ( 'NONE',  ( -24.92438728910105894, -13.07929192293249265, 17.23343754135436967 ) ) ;
#2783 = DIRECTION ( 'NONE',  ( 6.980527267330673326E-15, 1.387778780781445984E-17, -1.000000000000000000 ) ) ;
#2784 = CARTESIAN_POINT ( 'NONE',  ( 17.49999999999978328, -11.74999999999998224, 30.31288913245536065 ) ) ;
#2785 = EDGE_LOOP ( 'NONE', ( #602, #3925, #2202, #3629 ) ) ;
#2786 = CARTESIAN_POINT ( 'NONE',  ( 14.99999999999992895, 11.75000000000001066, 10.00000000000010303 ) ) ;
#2787 = FACE_BOUND ( 'NONE', #3259, .T. ) ;
#2788 = PERSON_AND_ORGANIZATION_ROLE ( 'creator' ) ;
#2789 = CARTESIAN_POINT ( 'NONE',  ( 22.91151521500735910, 17.55562223437327773, 16.00148844290695749 ) ) ;
#2790 = CARTESIAN_POINT ( 'NONE',  ( 22.18677324489552305, -15.92050899795795260, 18.52823662178690256 ) ) ;
#2791 = VERTEX_POINT ( 'NONE', #5654 ) ;
#2792 = ORIENTED_EDGE ( 'NONE', *, *, #794, .F. ) ;
#2793 = CARTESIAN_POINT ( 'NONE',  ( 24.92442782110859412, 18.91224754012950271, 10.49844879495615935 ) ) ;
#2794 = EDGE_CURVE ( 'NONE', #5802, #1406, #542, .T. ) ;
#2795 = CIRCLE ( 'NONE', #4351, 2.999999999999999112 ) ;
#2796 = DIRECTION ( 'NONE',  ( -1.000000000000000000, 0.000000000000000000, -6.938893903907210234E-15 ) ) ;
#2797 = CARTESIAN_POINT ( 'NONE',  ( -28.99999999999999645, -8.000000000000035527, -2.499999999999571898 ) ) ;
#2798 = VERTEX_POINT ( 'NONE', #166 ) ;
#2799 = FACE_OUTER_BOUND ( 'NONE', #4704, .T. ) ;
#2800 = DIRECTION ( 'NONE',  ( -1.000000000000000000, 0.000000000000000000, -6.938893903907232322E-15 ) ) ;
#2801 = CIRCLE ( 'NONE', #4357, 0.2000000000000005107 ) ;
#2802 = EDGE_LOOP ( 'NONE', ( #2621, #4746, #4907, #1371 ) ) ;
#2803 = DIRECTION ( 'NONE',  ( -1.000000000000000000, 0.000000000000000000, -6.938893903907230744E-15 ) ) ;
#2804 = EDGE_CURVE ( 'NONE', #2608, #4884, #2656, .T. ) ;
#2805 = DIRECTION ( 'NONE',  ( -0.5364065343932439278, 0.8439597323689264075, -3.760880495917718570E-15 ) ) ;
#2806 = CARTESIAN_POINT ( 'NONE',  ( -30.00000000000000000, -12.50000000000001066, 3.000000000000016431 ) ) ;
#2807 = VECTOR ( 'NONE', #3281, 1000.000000000000000 ) ;
#2808 = VECTOR ( 'NONE', #4419, 1000.000000000000000 ) ;
#2809 = VECTOR ( 'NONE', #1959, 1000.000000000000000 ) ;
#2810 = ORIENTED_EDGE ( 'NONE', *, *, #3226, .F. ) ;
#2811 = CARTESIAN_POINT ( 'NONE',  ( -26.71718773459562257, 14.37158232920012679, 12.99739653906253700 ) ) ;
#2812 = LINE ( 'NONE', #3294, #4866 ) ;
#2813 = EDGE_CURVE ( 'NONE', #480, #3550, #2520, .T. ) ;
#2814 = DIRECTION ( 'NONE',  ( -1.000000000000000000, 0.000000000000000000, -6.938893903907222067E-15 ) ) ;
#2815 = VECTOR ( 'NONE', #1813, 1000.000000000000000 ) ;
#2816 = CARTESIAN_POINT ( 'NONE',  ( -23.05227933435943299, 14.34178370306321426, 18.76031903566225623 ) ) ;
#2817 = EDGE_LOOP ( 'NONE', ( #3457, #251, #3848, #5935 ) ) ;
#2818 = DIRECTION ( 'NONE',  ( -1.000000000000000000, 0.000000000000000000, -6.938893903907222067E-15 ) ) ;
#2819 = AXIS2_PLACEMENT_3D ( 'NONE', #1952, #5632, #175 ) ;
#2820 = DIRECTION ( 'NONE',  ( -1.000000000000000000, 0.000000000000000000, 0.000000000000000000 ) ) ;
#2821 = B_SPLINE_CURVE_WITH_KNOTS ( 'NONE', 3,
 ( #3740, #2719, #1425, #1306, #855, #3256, #2686, #916, #5520, #2320, #3144, #5098, #1787, #1331, #3619, #4563, #5461, #1838 ),
 .UNSPECIFIED., .F., .F.,
 ( 4, 2, 2, 2, 2, 2, 2, 2, 4 ),
 ( 0.008626036058949869412, 0.009474612188760242124, 0.01032318831857061484, 0.01117176444838098755, 0.01202034057819136026, 0.01286891670800173297, 0.01371749283781210568, 0.01456606896762247839, 0.01541464509743285111 ),
 .UNSPECIFIED. ) ;
#2822 = CARTESIAN_POINT ( 'NONE',  ( 14.99999999999980815, 11.57524016454968496, 27.01944049340049503 ) ) ;
#2823 = CARTESIAN_POINT ( 'NONE',  ( -21.91052626523462976, 17.98390575345847964, 16.91114133637373484 ) ) ;
#2824 = ORIENTED_EDGE ( 'NONE', *, *, #1844, .T. ) ;
#2825 = VECTOR ( 'NONE', #4796, 1000.000000000000000 ) ;
#2826 = ORIENTED_EDGE ( 'NONE', *, *, #2683, .T. ) ;
#2827 = EDGE_CURVE ( 'NONE', #5757, #4174, #3477, .T. ) ;
#2828 = CARTESIAN_POINT ( 'NONE',  ( 30.99999999999999645, -13.96424004376897798, 2.220446049250313081E-13 ) ) ;
#2829 = AXIS2_PLACEMENT_3D ( 'NONE', #2029, #2484, #1160 ) ;
#2830 = CARTESIAN_POINT ( 'NONE',  ( -17.66043338928581008, -9.250395966389545421, 26.29781962492239344 ) ) ;
#2831 = CARTESIAN_POINT ( 'NONE',  ( -17.50000000000008171, -11.75000000000001066, 9.999999999999870326 ) ) ;
#2832 = DIRECTION ( 'NONE',  ( 1.000000000000000000, 0.000000000000000000, 0.000000000000000000 ) ) ;
#2833 = ORIENTED_EDGE ( 'NONE', *, *, #4665, .T. ) ;
#2834 = ORIENTED_EDGE ( 'NONE', *, *, #2191, .T. ) ;
#2835 = PLANE ( 'NONE',  #4840 ) ;
#2836 = VECTOR ( 'NONE', #2286, 1000.000000000000000 ) ;
#2837 = VERTEX_POINT ( 'NONE', #1763 ) ;
#2838 = CARTESIAN_POINT ( 'NONE',  ( 28.99999999999998934, -12.00000000000001066, -2.499999999999586109 ) ) ;
#2839 = CARTESIAN_POINT ( 'NONE',  ( 14.99999999999912603, -11.88166647773666185, 26.88580731229562559 ) ) ;
#2840 = DIRECTION ( 'NONE',  ( 0.000000000000000000, 1.000000000000000000, 0.000000000000000000 ) ) ;
#2841 = ADVANCED_FACE ( 'NONE', ( #1734 ), #4486, .T. ) ;
#2842 = EDGE_LOOP ( 'NONE', ( #5718, #3220 ) ) ;
#2843 = LINE ( 'NONE', #2297, #1094 ) ;
#2844 = CARTESIAN_POINT ( 'NONE',  ( -16.52978567912842678, 11.46495109619708330, 26.15996952509598827 ) ) ;
#2845 = DIRECTION ( 'NONE',  ( -1.000000000000000000, 8.673617379884035472E-19, -6.994405055138486205E-15 ) ) ;
#2846 = DIRECTION ( 'NONE',  ( 0.000000000000000000, 0.000000000000000000, 1.000000000000000000 ) ) ;
#2847 = ORIENTED_EDGE ( 'NONE', *, *, #2288, .F. ) ;
#2848 = CARTESIAN_POINT ( 'NONE',  ( -18.53044238434547708, 9.467640912576230861, 25.61291906450937006 ) ) ;
#2849 = EDGE_CURVE ( 'NONE', #1876, #2775, #3968, .T. ) ;
#2850 = ORIENTED_EDGE ( 'NONE', *, *, #4718, .T. ) ;
#2851 = FACE_BOUND ( 'NONE', #5658, .T. ) ;
#2852 = PERSON_AND_ORGANIZATION ( #4717, #985 ) ;
#2853 = CARTESIAN_POINT ( 'NONE',  ( -32.00000000000000000, 0.000000000000000000, 1.387778780781445676E-14 ) ) ;
#2854 = CARTESIAN_POINT ( 'NONE',  ( -27.18677324489572911, 15.99999999999998579, 9.689136211790112085 ) ) ;
#2855 = ORIENTED_EDGE ( 'NONE', *, *, #1436, .F. ) ;
#2856 = ORIENTED_EDGE ( 'NONE', *, *, #2611, .F. ) ;
#2857 = CARTESIAN_POINT ( 'NONE',  ( 22.09654887936276779, 15.56015673049018844, 15.00000000000016520 ) ) ;
#2858 = CARTESIAN_POINT ( 'NONE',  ( -0.9800394229158825299, -20.39183917342801777, 25.92763614282043605 ) ) ;
#2859 = CARTESIAN_POINT ( 'NONE',  ( -21.18677324489565450, -16.00000000000001421, -1.455918718917814658E-13 ) ) ;
#2860 = DIRECTION ( 'NONE',  ( 0.000000000000000000, 0.000000000000000000, 1.000000000000000000 ) ) ;
#2861 = ORIENTED_EDGE ( 'NONE', *, *, #326, .T. ) ;
#2862 = ORIENTED_EDGE ( 'NONE', *, *, #3641, .F. ) ;
#2863 = FACE_OUTER_BOUND ( 'NONE', #4684, .T. ) ;
#2864 = EDGE_LOOP ( 'NONE', ( #795, #595, #3578, #3348 ) ) ;
#2865 = CARTESIAN_POINT ( 'NONE',  ( 17.49999999999992539, -11.75000000000001066, 10.00000000000012079 ) ) ;
#2866 = CARTESIAN_POINT ( 'NONE',  ( 15.18672429402453083, -12.72866327056270030, 26.38988848367626616 ) ) ;
#2867 = LINE ( 'NONE', #4683, #3054 ) ;
#2868 = EDGE_CURVE ( 'NONE', #2544, #859, #4988, .T. ) ;
#2869 = ORIENTED_EDGE ( 'NONE', *, *, #4173, .F. ) ;
#2870 = CARTESIAN_POINT ( 'NONE',  ( -24.93677324489566871, -16.00000000000001421, 1.999999999999830136 ) ) ;
#2871 = DIRECTION ( 'NONE',  ( -1.000000000000000000, 0.000000000000000000, -6.938893903907222067E-15 ) ) ;
#2872 = DIRECTION ( 'NONE',  ( 0.000000000000000000, 0.000000000000000000, -1.000000000000000000 ) ) ;
#2873 = CARTESIAN_POINT ( 'NONE',  ( -24.04823065945834415, 14.00090692129235492, 17.73984241456410871 ) ) ;
#2874 = VERTEX_POINT ( 'NONE', #1223 ) ;
#2875 = CARTESIAN_POINT ( 'NONE',  ( -19.70332468768531342, 10.53042284805088080, 24.29052508313498748 ) ) ;
#2876 = ORIENTED_EDGE ( 'NONE', *, *, #900, .F. ) ;
#2877 = CARTESIAN_POINT ( 'NONE',  ( 3.058712698706971646E-14, -22.62984754698967294, 26.70000000000011298 ) ) ;
#2878 = CARTESIAN_POINT ( 'NONE',  ( 28.99999999999999645, 9.499999999999980460, -4.499999999999573674 ) ) ;
#2879 = CARTESIAN_POINT ( 'NONE',  ( -17.50000000000007105, 11.74999999999998224, 9.999999999999884537 ) ) ;
#2880 = ADVANCED_FACE ( 'NONE', ( #5925 ), #3149, .T. ) ;
#2881 = CARTESIAN_POINT ( 'NONE',  ( 30.99999999999999645, -13.96424004376897798, 2.220446049250313081E-13 ) ) ;
#2882 = ORIENTED_EDGE ( 'NONE', *, *, #133, .F. ) ;
#2883 = EDGE_LOOP ( 'NONE', ( #1147, #641, #3918, #931, #4189 ) ) ;
#2884 = CARTESIAN_POINT ( 'NONE',  ( 30.99999999999999645, -7.500000000000007105, -1.526556658859590243E-13 ) ) ;
#2885 = CARTESIAN_POINT ( 'NONE',  ( -1.001421544717822742, -20.79234948085298740, 25.60673277935320158 ) ) ;
#2886 = CARTESIAN_POINT ( 'NONE',  ( 1.409462824231155764E-14, -2.775557561562891351E-14, -1.999999999999988010 ) ) ;
#2887 = DIRECTION ( 'NONE',  ( -1.000000000000000000, 0.000000000000000000, -6.938893903907210234E-15 ) ) ;
#2888 = ADVANCED_FACE ( 'NONE', ( #2666 ), #4056, .F. ) ;
#2889 = ORIENTED_EDGE ( 'NONE', *, *, #3145, .F. ) ;
#2890 = VERTEX_POINT ( 'NONE', #2691 ) ;
#2891 = AXIS2_PLACEMENT_3D ( 'NONE', #1906, #5582, #2846 ) ;
#2892 = CARTESIAN_POINT ( 'NONE',  ( 14.99999999999962341, 1.823959772651203536E-15, 54.00000000000011369 ) ) ;
#2893 = EDGE_CURVE ( 'NONE', #1689, #3411, #3970, .T. ) ;
#2894 = ORIENTED_EDGE ( 'NONE', *, *, #2399, .F. ) ;
#2895 = DIRECTION ( 'NONE',  ( 0.000000000000000000, -1.000000000000000000, 0.000000000000000000 ) ) ;
#2896 = CARTESIAN_POINT ( 'NONE',  ( 17.49999999999992895, 11.75000000000001066, 10.00000000000012079 ) ) ;
#2897 = CARTESIAN_POINT ( 'NONE',  ( -6.500000000000000888, -32.90516676754576508, 10.00000000000021672 ) ) ;
#2898 = EDGE_CURVE ( 'NONE', #50, #2022, #5057, .T. ) ;
#2899 = VECTOR ( 'NONE', #3488, 1000.000000000000000 ) ;
#2900 = ADVANCED_FACE ( 'NONE', ( #3561, #373, #4512, #1248 ), #5831, .T. ) ;
#2901 = EDGE_LOOP ( 'NONE', ( #1380, #4291, #3135, #5156 ) ) ;
#2902 = CARTESIAN_POINT ( 'NONE',  ( -24.29931272366023265, -13.99932034011231430, 17.39559601323327698 ) ) ;
#2903 = VECTOR ( 'NONE', #5239, 1000.000000000000000 ) ;
#2904 = CARTESIAN_POINT ( 'NONE',  ( 28.99999999999999289, -7.500000000000007105, -4.999999999999990230 ) ) ;
#2905 = AXIS2_PLACEMENT_3D ( 'NONE', #841, #1770, #3605 ) ;
#2906 = CARTESIAN_POINT ( 'NONE',  ( 0.8537650377260742607, -24.31175148438384070, 25.16418977316118344 ) ) ;
#2907 = CARTESIAN_POINT ( 'NONE',  ( -24.42252735950078346, 13.99832851378838683, 17.22690226493389787 ) ) ;
#2908 = EDGE_LOOP ( 'NONE', ( #3198, #2353, #4648, #2104, #5508, #2136, #1575, #2650 ) ) ;
#2909 = FACE_OUTER_BOUND ( 'NONE', #2036, .T. ) ;
#2910 = VECTOR ( 'NONE', #2698, 1000.000000000000000 ) ;
#2911 = EDGE_LOOP ( 'NONE', ( #2742, #2232, #4618, #3521 ) ) ;
#2912 = CARTESIAN_POINT ( 'NONE',  ( -22.69021885727277521, -18.61828720192205466, 15.09896572635314271 ) ) ;
#2913 = AXIS2_PLACEMENT_3D ( 'NONE', #4506, #4022, #5853 ) ;
#2914 = CARTESIAN_POINT ( 'NONE',  ( 17.36980663551855741, 10.74957537038845246, 25.91831992785214211 ) ) ;
#2915 = CARTESIAN_POINT ( 'NONE',  ( 18.11021123679964973, 9.321068957725435311, 25.96485108849197587 ) ) ;
#2916 = B_SPLINE_CURVE_WITH_KNOTS ( 'NONE', 3,
 ( #1453, #3773, #3074, #3443, #3133, #5284, #3870, #2170, #331, #5705, #5673, #5388, #186, #4973, #3548, #384, #783, #1583, #5418, #1545, #1260, #2615, #1295, #2676, #2025, #2059, #672, #3380, #844, #3837, #3103, #4523 ),
 .UNSPECIFIED., .F., .F.,
 ( 4, 2, 2, 2, 2, 2, 2, 2, 2, 2, 2, 2, 2, 2, 2, 4 ),
 ( 0.002498719343955364998, 0.003065048178016419652, 0.003631377012077474306, 0.004764034680199587951, 0.005330363514260649978, 0.005896692348321712872, 0.006463021182382775766, 0.007029350016443838660, 0.007595678850504901554, 0.008162007684565963581, 0.008728336518627026475, 0.009294665352688089369, 0.009860994186749152263, 0.01042732302081021342, 0.01099365185487127805, 0.01155998068893233921 ),
 .UNSPECIFIED. ) ;
#2917 = VECTOR ( 'NONE', #596, 1000.000000000000000 ) ;
#2918 = CARTESIAN_POINT ( 'NONE',  ( -26.95317204037813497, 17.17122498394750352, 8.228345025313295480 ) ) ;
#2919 = VERTEX_POINT ( 'NONE', #1789 ) ;
#2920 = EDGE_LOOP ( 'NONE', ( #3823, #4706, #3462, #3344 ) ) ;
#2921 = CARTESIAN_POINT ( 'NONE',  ( 1.797292330510919213E-13, -21.88401242916885181, 24.69999999999967244 ) ) ;
#2922 = AXIS2_PLACEMENT_3D ( 'NONE', #2444, #4354, #4776 ) ;
#2923 = EDGE_CURVE ( 'NONE', #1444, #5538, #5405, .T. ) ;
#2924 = EDGE_CURVE ( 'NONE', #3101, #2744, #4930, .T. ) ;
#2925 = CARTESIAN_POINT ( 'NONE',  ( -0.7025440860509644114, -21.54662523028975940, 24.98513045533800536 ) ) ;
#2926 = AXIS2_PLACEMENT_3D ( 'NONE', #4455, #1710, #2160 ) ;
#2927 = PLANE ( 'NONE',  #1556 ) ;
#2928 = CARTESIAN_POINT ( 'NONE',  ( -30.00000000000000000, 7.499999999999978684, -4.999999999999990230 ) ) ;
#2929 = ORIENTED_EDGE ( 'NONE', *, *, #2176, .F. ) ;
#2930 = EDGE_LOOP ( 'NONE', ( #3906, #4340, #2460, #3272 ) ) ;
#2931 = VERTEX_POINT ( 'NONE', #1281 ) ;
#2932 = CARTESIAN_POINT ( 'NONE',  ( -30.00000000000000000, 10.50000000000000888, -2.499999999999571898 ) ) ;
#2933 = VECTOR ( 'NONE', #5720, 1000.000000000000000 ) ;
#2934 = ADVANCED_FACE ( 'NONE', ( #3624 ), #2603, .F. ) ;
#2935 = ORIENTED_EDGE ( 'NONE', *, *, #2898, .F. ) ;
#2936 = DIRECTION ( 'NONE',  ( -1.000000000000000000, 0.000000000000000000, 0.000000000000000000 ) ) ;
#2937 = CARTESIAN_POINT ( 'NONE',  ( 15.69163124968849665, -13.49023808122130319, 25.70734233360535370 ) ) ;
#2938 = CIRCLE ( 'NONE', #2551, 0.7500000000000006661 ) ;
#2939 = CARTESIAN_POINT ( 'NONE',  ( 23.50224809932292303, -14.11376722187323374, 18.37091493409038989 ) ) ;
#2940 = CIRCLE ( 'NONE', #4290, 2.999999999999999112 ) ;
#2941 = ORIENTED_EDGE ( 'NONE', *, *, #1464, .F. ) ;
#2942 = CARTESIAN_POINT ( 'NONE',  ( -26.18677324489574332, -16.00000000000000355, 12.13478088060977100 ) ) ;
#2943 = DIRECTION ( 'NONE',  ( -6.994405055138486205E-15, 0.000000000000000000, 1.000000000000000000 ) ) ;
#2944 = DIRECTION ( 'NONE',  ( 6.980527267330673326E-15, 1.387778780781445984E-17, -1.000000000000000000 ) ) ;
#2945 = DIRECTION ( 'NONE',  ( -1.000000000000000000, 0.000000000000000000, -6.938893903907222067E-15 ) ) ;
#2946 = DIRECTION ( 'NONE',  ( -6.980527267330673326E-15, -1.387778780781445984E-17, 1.000000000000000000 ) ) ;
#2947 = PRODUCT ( '2', '2', '', ( #928 ) ) ;
#2948 = VERTEX_POINT ( 'NONE', #4568 ) ;
#2949 = CARTESIAN_POINT ( 'NONE',  ( 18.34512327106918050, 12.30500085620234074, 24.51664890843623468 ) ) ;
#2950 = CARTESIAN_POINT ( 'NONE',  ( 17.49850059737276808, 10.74262830416622805, 25.83449411099737958 ) ) ;
#2951 = CARTESIAN_POINT ( 'NONE',  ( 16.20775183452335355, 9.577836638857666784, 27.10570153490992951 ) ) ;
#2952 = CARTESIAN_POINT ( 'NONE',  ( -30.00000000000000000, 0.000000000000000000, 0.000000000000000000 ) ) ;
#2953 = ORIENTED_EDGE ( 'NONE', *, *, #1410, .F. ) ;
#2954 = ORIENTED_EDGE ( 'NONE', *, *, #3139, .T. ) ;
#2955 = CARTESIAN_POINT ( 'NONE',  ( -31.00000000000000000, 13.96424004376894956, -2.081668171172168513E-13 ) ) ;
#2956 = EDGE_CURVE ( 'NONE', #5946, #1744, #1708, .T. ) ;
#2957 = LINE ( 'NONE', #4857, #2342 ) ;
#2958 = DIRECTION ( 'NONE',  ( 0.000000000000000000, 0.000000000000000000, 1.000000000000000000 ) ) ;
#2959 = DIRECTION ( 'NONE',  ( 0.000000000000000000, 0.000000000000000000, 1.000000000000000000 ) ) ;
#2960 = ORIENTED_EDGE ( 'NONE', *, *, #2326, .F. ) ;
#2961 = CC_DESIGN_DATE_AND_TIME_ASSIGNMENT ( #469, #497, ( #3757 ) ) ;
#2962 = ORIENTED_EDGE ( 'NONE', *, *, #646, .F. ) ;
#2963 = ORIENTED_EDGE ( 'NONE', *, *, #1613, .T. ) ;
#2964 = CARTESIAN_POINT ( 'NONE',  ( 28.99999999999999645, -12.00000000000001066, -4.499999999999573674 ) ) ;
#2965 = B_SPLINE_CURVE_WITH_KNOTS ( 'NONE', 3,
 ( #4236, #4688, #92, #3784, #5619, #5168, #4897, #3449, #2031, #1195, #5319, #2974, #4785, #4420, #5265, #3998, #2575, #5373, #5770, #678 ),
 .UNSPECIFIED., .F., .F.,
 ( 4, 2, 2, 2, 2, 2, 2, 2, 2, 4 ),
 ( 0.001038448259533533528, 0.001491161808131486388, 0.001943875356729439247, 0.002396588905327391890, 0.002849302453925344966, 0.003302016002523297609, 0.003754729551121250685, 0.003981086325420222886, 0.004207443099719194654, 0.004660156648317141659 ),
 .UNSPECIFIED. ) ;
#2966 = PLANE ( 'NONE',  #318 ) ;
#2967 = FACE_OUTER_BOUND ( 'NONE', #1540, .T. ) ;
#2968 = CARTESIAN_POINT ( 'NONE',  ( 24.42252735950047082, -13.99832851378840992, 17.22690226493430288 ) ) ;
#2969 = ADVANCED_FACE ( 'NONE', ( #5353 ), #4453, .F. ) ;
#2970 = ORIENTED_EDGE ( 'NONE', *, *, #1820, .T. ) ;
#2971 = CARTESIAN_POINT ( 'NONE',  ( -16.50000000000021316, -11.75000000000001066, 30.31288913245513328 ) ) ;
#2972 = PLANE ( 'NONE',  #2346 ) ;
#2973 = CARTESIAN_POINT ( 'NONE',  ( 24.18677324489542357, 15.99999999999998579, 33.00100000000040268 ) ) ;
#2974 = CARTESIAN_POINT ( 'NONE',  ( 17.11288097234128358, -10.81841920852269112, 26.06019674356945259 ) ) ;
#2975 = EDGE_CURVE ( 'NONE', #2919, #5697, #2843, .T. ) ;
#2976 = LINE ( 'NONE', #4815, #495 ) ;
#2977 = EDGE_LOOP ( 'NONE', ( #3609, #4581, #2135, #3357 ) ) ;
#2978 = CARTESIAN_POINT ( 'NONE',  ( 18.49999999999984013, 11.81891250874113375, 24.63877296453249954 ) ) ;
#2979 = DIRECTION ( 'NONE',  ( 0.000000000000000000, 0.000000000000000000, -1.000000000000000000 ) ) ;
#2980 = LINE ( 'NONE', #286, #3665 ) ;
#2981 = CARTESIAN_POINT ( 'NONE',  ( -15.20000000000020712, 2.961703875033288902E-14, 30.00000000000000355 ) ) ;
#2982 = ORIENTED_EDGE ( 'NONE', *, *, #2476, .F. ) ;
#2983 = ORIENTED_EDGE ( 'NONE', *, *, #946, .F. ) ;
#2984 = CARTESIAN_POINT ( 'NONE',  ( 0.000000000000000000, 0.000000000000000000, 0.000000000000000000 ) ) ;
#2985 = DIRECTION ( 'NONE',  ( -6.980527267330673326E-15, -1.387778780781445984E-17, 1.000000000000000000 ) ) ;
#2986 = DIRECTION ( 'NONE',  ( 6.980527267330673326E-15, 1.387778780781445984E-17, -1.000000000000000000 ) ) ;
#2987 = DIRECTION ( 'NONE',  ( 6.980527267330673326E-15, 1.387778780781445984E-17, -1.000000000000000000 ) ) ;
#2988 = ORIENTED_EDGE ( 'NONE', *, *, #4691, .T. ) ;
#2989 = VERTEX_POINT ( 'NONE', #4175 ) ;
#2990 = EDGE_LOOP ( 'NONE', ( #189, #1958, #904, #5698 ) ) ;
#2991 = EDGE_CURVE ( 'NONE', #1444, #840, #4115, .T. ) ;
#2992 = DIRECTION ( 'NONE',  ( -6.980527267330673326E-15, -1.387778780781445984E-17, 1.000000000000000000 ) ) ;
#2993 = CARTESIAN_POINT ( 'NONE',  ( 24.18677324489542357, -16.00000000000001421, 33.00100000000040268 ) ) ;
#2994 = LINE ( 'NONE', #3466, #521 ) ;
#2995 = EDGE_CURVE ( 'NONE', #3603, #151, #4233, .T. ) ;
#2996 = ORIENTED_EDGE ( 'NONE', *, *, #2324, .T. ) ;
#2997 = CARTESIAN_POINT ( 'NONE',  ( -23.92184165617139868, -14.01275125635430108, 17.90062950478118253 ) ) ;
#2998 = CARTESIAN_POINT ( 'NONE',  ( 28.99999999999999645, -12.00000000000001066, -4.499999999999573674 ) ) ;
#2999 = DIRECTION ( 'NONE',  ( 0.000000000000000000, 0.000000000000000000, -1.000000000000000000 ) ) ;
#3000 = CARTESIAN_POINT ( 'NONE',  ( -19.96529057942121455, -12.17932803114959128, 23.28229089942373875 ) ) ;
#3001 = DIRECTION ( 'NONE',  ( -1.000000000000000000, 0.000000000000000000, -6.938893903907222067E-15 ) ) ;
#3002 = APPLICATION_CONTEXT ( 'configuration controlled 3d designs of mechanical parts and assemblies' ) ;
#3003 = VECTOR ( 'NONE', #727, 1000.000000000000000 ) ;
#3004 = B_SPLINE_CURVE_WITH_KNOTS ( 'NONE', 3,
 ( #2079, #2528, #3920, #4377, #1148, #689 ),
 .UNSPECIFIED., .F., .F.,
 ( 4, 2, 4 ),
 ( 0.01527964147162759814, 0.01583445774592396812, 0.01638927402022033811 ),
 .UNSPECIFIED. ) ;
#3005 = ADVANCED_FACE ( 'NONE', ( #3293 ), #4711, .T. ) ;
#3006 = VERTEX_POINT ( 'NONE', #3260 ) ;
#3007 = CARTESIAN_POINT ( 'NONE',  ( -26.84648909982432130, -17.39003770422765882, 8.115431517035906595 ) ) ;
#3008 = FACE_OUTER_BOUND ( 'NONE', #1922, .T. ) ;
#3009 = CARTESIAN_POINT ( 'NONE',  ( -22.60996170413687167, -17.24896314749490855, 16.74657982830660785 ) ) ;
#3010 = LINE ( 'NONE', #5329, #156 ) ;
#3011 = ORIENTED_EDGE ( 'NONE', *, *, #5840, .F. ) ;
#3012 = ORIENTED_EDGE ( 'NONE', *, *, #1956, .F. ) ;
#3013 = CLOSED_SHELL ( 'NONE', ( #2655, #5424, #4075, #2517, #5275, #4209, #3390, #2266, #4904, #3081, #4779, #3547, #302, #160, #2390, #2657, #3518, #2336, #4520, #3567, #3440, #132, #221, #2081, #2592, #4438, #2841, #4856, #1071, #1394, #1546, #1842, #821, #3472, #5226, #5761, #2900, #3005, #5095, #5357, #2263, #1605, #1808, #121, #3507, #150, #3367, #5162, #1875, #2371, #5788, #1043, #5302, #5797, #4616, #3506, #2260, #5190, #4758, #1265, #1712, #314, #2002, #4421, #2888, #3525, #5571, #1989, #5490, #1291, #5501, #5715, #2147, #4540, #5477, #2556, #571, #3464, #760, #4917, #4882, #4803, #2880, #3328, #5923, #631, #5689, #1355, #2450, #4471, #4412, #4959, #2969, #2458, #1700, #2934, #4615, #1302, #695, #2522, #2688, #520, #5100, #5375, #2664, #925, #3689, #3209, #1604, #1086, #4344, #5392, #5652, #5203, #1723, #4986, #3723, #4337, #3905, #1228, #2539, #5822, #5344, #835, #673, #4293, #1115, #2141, #3622, #5067, #3279, #2069, #559, #4481, #2364, #5920, #13, #1188, #1088, #58, #4834, #2013, #482, #1074, #519, #489, #2159, #99, #3320, #973, #3255, #1586, #4805, #2459, #1572, #2593, #5041, #3247, #5467, #3172, #412, #1155, #1887, #2485, #2246 ) ) ;
#3014 = CIRCLE ( 'NONE', #3776, 2.499999999999998668 ) ;
#3015 = LINE ( 'NONE', #5276, #1677 ) ;
#3016 = CIRCLE ( 'NONE', #5224, 7.499999999999999112 ) ;
#3017 = LINE ( 'NONE', #754, #3571 ) ;
#3018 = CARTESIAN_POINT ( 'NONE',  ( -16.52846849108165017, 12.01805604262810689, 25.91136937511642557 ) ) ;
#3019 = EDGE_LOOP ( 'NONE', ( #771, #974, #5607, #1785 ) ) ;
#3020 = ORIENTED_EDGE ( 'NONE', *, *, #1705, .F. ) ;
#3021 = VECTOR ( 'NONE', #5208, 1000.000000000000000 ) ;
#3022 = ORIENTED_EDGE ( 'NONE', *, *, #5536, .T. ) ;
#3023 = DIRECTION ( 'NONE',  ( 0.000000000000000000, 0.000000000000000000, 1.000000000000000000 ) ) ;
#3024 = VECTOR ( 'NONE', #4546, 1000.000000000000000 ) ;
#3025 = FACE_OUTER_BOUND ( 'NONE', #2072, .T. ) ;
#3026 = LINE ( 'NONE', #4474, #2164 ) ;
#3027 = CIRCLE ( 'NONE', #2063, 1.000000000000000888 ) ;
#3028 = ORIENTED_EDGE ( 'NONE', *, *, #3216, .F. ) ;
#3029 = CARTESIAN_POINT ( 'NONE',  ( -24.74671735790227345, -14.07707363618149188, 16.68770779024574225 ) ) ;
#3030 = AXIS2_PLACEMENT_3D ( 'NONE', #3471, #5347, #3556 ) ;
#3031 = CARTESIAN_POINT ( 'NONE',  ( 30.00000000000000711, 12.49999999999995559, -1.999999999999793499 ) ) ;
#3032 = CARTESIAN_POINT ( 'NONE',  ( 0.1640774682663502515, -24.79737889374607818, 24.69999999999998508 ) ) ;
#3033 = CARTESIAN_POINT ( 'NONE',  ( -24.93677324489567226, 15.99999999999995914, 1.999999999999830136 ) ) ;
#3034 = EDGE_CURVE ( 'NONE', #859, #5011, #1491, .T. ) ;
#3035 = FACE_OUTER_BOUND ( 'NONE', #2920, .T. ) ;
#3036 = CIRCLE ( 'NONE', #131, 2.999999999999999112 ) ;
#3037 = ORIENTED_EDGE ( 'NONE', *, *, #1673, .T. ) ;
#3038 = CARTESIAN_POINT ( 'NONE',  ( -21.91893890955012481, -17.97250161047902850, 16.90175049467313073 ) ) ;
#3039 = CARTESIAN_POINT ( 'NONE',  ( 25.84357726243862885, -18.50310015523456642, 8.875510866807038823 ) ) ;
#3040 = CARTESIAN_POINT ( 'NONE',  ( -0.9856046001261283829, -20.92699194797865658, 25.49742781268055580 ) ) ;
#3041 = CARTESIAN_POINT ( 'NONE',  ( -30.00000000000000711, -10.50000000000000888, -4.499999999999587885 ) ) ;
#3042 = LINE ( 'NONE', #1738, #3866 ) ;
#3043 = VERTEX_POINT ( 'NONE', #523 ) ;
#3044 = CYLINDRICAL_SURFACE ( 'NONE', #1083, 1.000000000000000888 ) ;
#3045 = EDGE_CURVE ( 'NONE', #1941, #1937, #4, .T. ) ;
#3046 = CARTESIAN_POINT ( 'NONE',  ( -21.18677324489559766, 16.00000000000065370, 19.59899587910971164 ) ) ;
#3047 = CARTESIAN_POINT ( 'NONE',  ( 24.18677324489542357, -16.00000000000001421, 33.00100000000040268 ) ) ;
#3048 = ORIENTED_EDGE ( 'NONE', *, *, #3993, .F. ) ;
#3049 = EDGE_LOOP ( 'NONE', ( #5587, #4888, #2404, #1538 ) ) ;
#3050 = ORIENTED_EDGE ( 'NONE', *, *, #274, .F. ) ;
#3051 = CARTESIAN_POINT ( 'NONE',  ( 19.96549689708483299, 12.17812651130154578, 23.28274222595955223 ) ) ;
#3052 = DIRECTION ( 'NONE',  ( 6.994405055138486205E-15, 1.387778780781445984E-17, -1.000000000000000000 ) ) ;
#3053 = DIRECTION ( 'NONE',  ( 6.980527267330673326E-15, 1.387778780781445984E-17, -1.000000000000000000 ) ) ;
#3054 = VECTOR ( 'NONE', #575, 1000.000000000000000 ) ;
#3055 = EDGE_LOOP ( 'NONE', ( #3684, #341 ) ) ;
#3056 = CARTESIAN_POINT ( 'NONE',  ( 19.11041078201509436, -13.66221785191151739, 23.17619475042338806 ) ) ;
#3057 = CARTESIAN_POINT ( 'NONE',  ( 22.68311296862763626, -17.32311376811660963, 16.56600682292224747 ) ) ;
#3058 = DIRECTION ( 'NONE',  ( -0.8439597323689256303, -0.5364065343932450380, -1.387778780781445367E-17 ) ) ;
#3059 = CARTESIAN_POINT ( 'NONE',  ( 31.00000000000000355, 0.000000000000000000, 2.220446049250313081E-13 ) ) ;
#3060 = EDGE_CURVE ( 'NONE', #3326, #4415, #4104, .T. ) ;
#3061 = EDGE_LOOP ( 'NONE', ( #4485, #5688, #3316, #4974 ) ) ;
#3062 = DIRECTION ( 'NONE',  ( -1.000000000000000000, 8.673617379884035472E-19, -6.994405055138485416E-15 ) ) ;
#3063 = CARTESIAN_POINT ( 'NONE',  ( -0.08202772960814126713, -22.62984754698977596, 26.70000000000000995 ) ) ;
#3064 = DIRECTION ( 'NONE',  ( 6.980527267330673326E-15, 1.387778780781445984E-17, -1.000000000000000000 ) ) ;
#3065 = FACE_OUTER_BOUND ( 'NONE', #2397, .T. ) ;
#3066 = DIRECTION ( 'NONE',  ( -1.000000000000000000, 8.673617379884035472E-19, -6.938893903907228378E-15 ) ) ;
#3067 = ORIENTED_EDGE ( 'NONE', *, *, #3766, .F. ) ;
#3068 = VERTEX_POINT ( 'NONE', #2870 ) ;
#3069 = CARTESIAN_POINT ( 'NONE',  ( 26.26588371427685686, 13.82445634601858053, 14.43150592327398485 ) ) ;
#3070 = EDGE_CURVE ( 'NONE', #5133, #2874, #3679, .T. ) ;
#3071 = EDGE_CURVE ( 'NONE', #853, #3655, #993, .T. ) ;
#3072 = DIRECTION ( 'NONE',  ( 0.000000000000000000, -1.000000000000000000, 0.000000000000000000 ) ) ;
#3073 = VERTEX_POINT ( 'NONE', #5076 ) ;
#3074 = CARTESIAN_POINT ( 'NONE',  ( 19.98263672485663989, -11.41555331553772135, 23.65195039702236457 ) ) ;
#3075 = ORIENTED_EDGE ( 'NONE', *, *, #934, .T. ) ;
#3076 = VERTEX_POINT ( 'NONE', #1010 ) ;
#3077 = FACE_OUTER_BOUND ( 'NONE', #1595, .T. ) ;
#3078 = EDGE_CURVE ( 'NONE', #2412, #1739, #948, .T. ) ;
#3079 = LINE ( 'NONE', #791, #4653 ) ;
#3080 = DIRECTION ( 'NONE',  ( 1.000000000000000000, 0.000000000000000000, 0.000000000000000000 ) ) ;
#3081 = ADVANCED_FACE ( 'NONE', ( #1903 ), #4685, .F. ) ;
#3082 = EDGE_LOOP ( 'NONE', ( #4661, #1948, #3945, #3589, #1655 ) ) ;
#3083 = DIRECTION ( 'NONE',  ( 6.709910405078290630E-15, -1.526556658859590243E-16, -1.000000000000000000 ) ) ;
#3084 = CARTESIAN_POINT ( 'NONE',  ( 26.12079614515742421, -16.51604272772965487, 11.57308977208343848 ) ) ;
#3085 = EDGE_CURVE ( 'NONE', #1629, #4899, #4328, .T. ) ;
#3086 = CARTESIAN_POINT ( 'NONE',  ( 17.49999999999992539, -11.75000000000001066, 10.00000000000012079 ) ) ;
#3087 = EDGE_CURVE ( 'NONE', #2837, #4245, #3470, .T. ) ;
#3088 = DIRECTION ( 'NONE',  ( 0.000000000000000000, 0.000000000000000000, -1.000000000000000000 ) ) ;
#3089 = VECTOR ( 'NONE', #310, 1000.000000000000000 ) ;
#3090 = ORIENTED_EDGE ( 'NONE', *, *, #3702, .F. ) ;
#3091 = DIRECTION ( 'NONE',  ( -1.000000000000000000, 0.000000000000000000, -6.938893903907222067E-15 ) ) ;
#3092 = DIRECTION ( 'NONE',  ( 0.000000000000000000, 0.000000000000000000, -1.000000000000000000 ) ) ;
#3093 = DIRECTION ( 'NONE',  ( 6.980527267330673326E-15, 1.387778780781445984E-17, -1.000000000000000000 ) ) ;
#3094 = CARTESIAN_POINT ( 'NONE',  ( 28.99999999999999289, 10.50000000000000888, -2.499999999999571898 ) ) ;
#3095 = DIRECTION ( 'NONE',  ( 6.980527267330673326E-15, 1.387778780781445984E-17, -1.000000000000000000 ) ) ;
#3096 = ORIENTED_EDGE ( 'NONE', *, *, #2645, .T. ) ;
#3097 = CARTESIAN_POINT ( 'NONE',  ( -19.11041078201536436, 13.66221785191146232, 14.99999999999986144 ) ) ;
#3098 = VECTOR ( 'NONE', #600, 1000.000000000000000 ) ;
#3099 = CARTESIAN_POINT ( 'NONE',  ( 27.15017898062998825, 15.47308364793711988, 10.61775087214777891 ) ) ;
#3100 = CARTESIAN_POINT ( 'NONE',  ( 22.13759665443959435, 13.80891001984690902, 15.00000000000015277 ) ) ;
#3101 = VERTEX_POINT ( 'NONE', #1191 ) ;
#3102 = VECTOR ( 'NONE', #2121, 1000.000000000000000 ) ;
#3103 = CARTESIAN_POINT ( 'NONE',  ( 14.99999999999907629, -11.57544173434166446, 27.01935258837686860 ) ) ;
#3104 = ORIENTED_EDGE ( 'NONE', *, *, #1447, .F. ) ;
#3105 = ORIENTED_EDGE ( 'NONE', *, *, #1526, .T. ) ;
#3106 = EDGE_CURVE ( 'NONE', #2775, #1876, #4647, .T. ) ;
#3107 = CARTESIAN_POINT ( 'NONE',  ( 19.91502058360494942, 12.39627825335809419, 23.21043387401261526 ) ) ;
#3108 = EDGE_CURVE ( 'NONE', #5645, #2948, #4838, .T. ) ;
#3109 = CIRCLE ( 'NONE', #219, 14.17744687875783249 ) ;
#3110 = LINE ( 'NONE', #2653, #4468 ) ;
#3111 = AXIS2_PLACEMENT_3D ( 'NONE', #550, #2384, #1997 ) ;
#3112 = CARTESIAN_POINT ( 'NONE',  ( -31.00000000000000000, 3.799999999999998046, -2.081668171172168513E-13 ) ) ;
#3113 = EDGE_CURVE ( 'NONE', #2370, #3854, #675, .T. ) ;
#3114 = VECTOR ( 'NONE', #3901, 1000.000000000000000 ) ;
#3115 = ORIENTED_EDGE ( 'NONE', *, *, #712, .F. ) ;
#3116 = CARTESIAN_POINT ( 'NONE',  ( -17.50000000000008171, -11.75000000000001066, 9.999999999999870326 ) ) ;
#3117 = CARTESIAN_POINT ( 'NONE',  ( 22.18677324489552660, -16.16436567872345620, 18.31686895126103209 ) ) ;
#3118 = AXIS2_PLACEMENT_3D ( 'NONE', #5014, #4058, #434 ) ;
#3119 = CARTESIAN_POINT ( 'NONE',  ( 28.99999999999999289, 8.000000000000007105, -2.499999999999571898 ) ) ;
#3120 = FACE_OUTER_BOUND ( 'NONE', #3969, .T. ) ;
#3121 = ORIENTED_EDGE ( 'NONE', *, *, #5679, .F. ) ;
#3122 = CARTESIAN_POINT ( 'NONE',  ( -30.00000000000000000, -12.50000000000001066, 3.000000000000016431 ) ) ;
#3123 = CARTESIAN_POINT ( 'NONE',  ( 26.95317204037809944, -17.17122498394740404, 8.228345025313622330 ) ) ;
#3124 = CARTESIAN_POINT ( 'NONE',  ( -2.075162958137255487E-13, 0.000000000000000000, 30.00000000000001421 ) ) ;
#3125 = DIRECTION ( 'NONE',  ( 0.000000000000000000, 1.000000000000000000, 0.000000000000000000 ) ) ;
#3126 = CARTESIAN_POINT ( 'NONE',  ( 2.168404344971008868E-16, 0.000000000000000000, 27.99999999999999645 ) ) ;
#3127 = CARTESIAN_POINT ( 'NONE',  ( -27.08111157686379400, -16.79954669230094311, 8.568495329142981731 ) ) ;
#3128 = ORIENTED_EDGE ( 'NONE', *, *, #2768, .F. ) ;
#3129 = VECTOR ( 'NONE', #2623, 999.9999999999998863 ) ;
#3130 = CARTESIAN_POINT ( 'NONE',  ( 24.63976679319548069, -13.03080141655181023, 17.66782816767604203 ) ) ;
#3131 = CARTESIAN_POINT ( 'NONE',  ( 26.08554772492047746, 13.66397240388828216, 14.90383413966547543 ) ) ;
#3132 = CARTESIAN_POINT ( 'NONE',  ( 19.91502058360489968, -12.39627825335809419, 30.31288913245538907 ) ) ;
#3133 = CARTESIAN_POINT ( 'NONE',  ( 19.87495367997130202, -10.95417409781122053, 23.95889237932410509 ) ) ;
#3134 = VERTEX_POINT ( 'NONE', #4298 ) ;
#3135 = ORIENTED_EDGE ( 'NONE', *, *, #1373, .T. ) ;
#3136 = CARTESIAN_POINT ( 'NONE',  ( 26.91623517460441306, 17.24752988838077883, 8.188199669276860604 ) ) ;
#3137 = EDGE_CURVE ( 'NONE', #4013, #3411, #252, .T. ) ;
#3138 = EDGE_LOOP ( 'NONE', ( #1563, #3284, #2105, #4304 ) ) ;
#3139 = EDGE_CURVE ( 'NONE', #2109, #2775, #5510, .T. ) ;
#3140 = CARTESIAN_POINT ( 'NONE',  ( -28.99999999999999645, -8.000000000000007105, -4.499999999999573674 ) ) ;
#3141 = FACE_OUTER_BOUND ( 'NONE', #2785, .T. ) ;
#3142 = ORIENTED_EDGE ( 'NONE', *, *, #3808, .T. ) ;
#3143 = CARTESIAN_POINT ( 'NONE',  ( -16.50000000000018119, -11.61262668655853503, 26.11359055740378565 ) ) ;
#3144 = CARTESIAN_POINT ( 'NONE',  ( -16.81066269345513575, 14.16349966707953989, 24.61460265653577295 ) ) ;
#3145 = EDGE_CURVE ( 'NONE', #332, #5006, #614, .T. ) ;
#3146 = DIRECTION ( 'NONE',  ( 1.000000000000000000, 0.000000000000000000, 0.000000000000000000 ) ) ;
#3147 = CARTESIAN_POINT ( 'NONE',  ( -25.40764803771910962, 17.59553605030794543, 11.57141944397124256 ) ) ;
#3148 = ORIENTED_EDGE ( 'NONE', *, *, #4729, .F. ) ;
#3149 = PLANE ( 'NONE',  #1072 ) ;
#3150 = CARTESIAN_POINT ( 'NONE',  ( -0.8470046326539300008, -23.13996077724686629, 26.24598407398219280 ) ) ;
#3151 = EDGE_CURVE ( 'NONE', #2255, #2383, #190, .T. ) ;
#3152 = CARTESIAN_POINT ( 'NONE',  ( -28.99999999999999645, 7.999999999999979572, -4.499999999999573674 ) ) ;
#3153 = DIRECTION ( 'NONE',  ( -1.000000000000000000, 0.000000000000000000, 0.000000000000000000 ) ) ;
#3154 = FACE_OUTER_BOUND ( 'NONE', #5469, .T. ) ;
#3155 = ORIENTED_EDGE ( 'NONE', *, *, #3845, .T. ) ;
#3156 = EDGE_CURVE ( 'NONE', #5844, #619, #5038, .T. ) ;
#3157 = LINE ( 'NONE', #1318, #4451 ) ;
#3158 = CARTESIAN_POINT ( 'NONE',  ( 23.10757157798437689, 13.19403213096107841, 19.51999111727370462 ) ) ;
#3159 = DIRECTION ( 'NONE',  ( 0.000000000000000000, 0.000000000000000000, 1.000000000000000000 ) ) ;
#3160 = CARTESIAN_POINT ( 'NONE',  ( -24.15033273060461738, 19.01497865018097855, 12.02767299455679684 ) ) ;
#3161 = EDGE_CURVE ( 'NONE', #2627, #1636, #4747, .T. ) ;
#3162 = EDGE_LOOP ( 'NONE', ( #2535, #1211, #1498, #5546 ) ) ;
#3163 = ORIENTED_EDGE ( 'NONE', *, *, #3060, .T. ) ;
#3164 = CARTESIAN_POINT ( 'NONE',  ( 24.45796709328086038, 18.99165382173101335, 11.41242371560545443 ) ) ;
#3165 = CARTESIAN_POINT ( 'NONE',  ( 26.18677324489542713, 15.99999999999998579, 33.00100000000041689 ) ) ;
#3166 = PLANE ( 'NONE',  #725 ) ;
#3167 = DIRECTION ( 'NONE',  ( 6.980527267330673326E-15, 1.387778780781445984E-17, -1.000000000000000000 ) ) ;
#3168 = ORIENTED_EDGE ( 'NONE', *, *, #5565, .T. ) ;
#3169 = CARTESIAN_POINT ( 'NONE',  ( 24.18677324489563318, 15.99999999999995914, 2.000000000000168310 ) ) ;
#3170 = DIRECTION ( 'NONE',  ( -0.7071067811865475727, 0.000000000000000000, 0.7071067811865474617 ) ) ;
#3171 = CARTESIAN_POINT ( 'NONE',  ( -28.99999999999999645, -7.500000000000007105, 3.000000000000002665 ) ) ;
#3172 = ADVANCED_FACE ( 'NONE', ( #2062 ), #5288, .T. ) ;
#3173 = VERTEX_POINT ( 'NONE', #395 ) ;
#3174 = CARTESIAN_POINT ( 'NONE',  ( 28.99999999999999289, 10.50000000000000888, -2.499999999999571898 ) ) ;
#3175 = CARTESIAN_POINT ( 'NONE',  ( -18.47195129438023287, 11.48466935579321557, 24.81757302868799542 ) ) ;
#3176 = DIRECTION ( 'NONE',  ( -0.000000000000000000, -0.000000000000000000, -1.000000000000000000 ) ) ;
#3177 = CARTESIAN_POINT ( 'NONE',  ( 21.18677324489564739, -16.00000000000001421, 1.594696596995959226E-13 ) ) ;
#3178 = CARTESIAN_POINT ( 'NONE',  ( -32.00000000000000000, 14.17744687875782716, -2.220446049250313081E-13 ) ) ;
#3179 = EDGE_LOOP ( 'NONE', ( #205, #2369, #4319, #3549 ) ) ;
#3180 = FACE_OUTER_BOUND ( 'NONE', #2908, .T. ) ;
#3181 = VECTOR ( 'NONE', #3364, 1000.000000000000000 ) ;
#3182 = AXIS2_PLACEMENT_3D ( 'NONE', #3297, #4179, #1109 ) ;
#3183 = CARTESIAN_POINT ( 'NONE',  ( 27.18677324489572911, 15.99999999999923617, 9.689136211792026998 ) ) ;
#3184 = DATE_AND_TIME ( #1435, #1843 ) ;
#3185 = DIRECTION ( 'NONE',  ( -1.000000000000000000, 0.000000000000000000, -6.938893903907226800E-15 ) ) ;
#3186 = CARTESIAN_POINT ( 'NONE',  ( -21.18677324489559766, 16.00000000000065370, 19.59899587910971164 ) ) ;
#3187 = ORIENTED_EDGE ( 'NONE', *, *, #3646, .F. ) ;
#3188 = VECTOR ( 'NONE', #1859, 1000.000000000000000 ) ;
#3189 = ORIENTED_EDGE ( 'NONE', *, *, #1019, .F. ) ;
#3190 = CARTESIAN_POINT ( 'NONE',  ( 21.33427796281511135, 16.95670991898205671, 18.61283840074966633 ) ) ;
#3191 = CIRCLE ( 'NONE', #5218, 34.00000000000000000 ) ;
#3192 = ORIENTED_EDGE ( 'NONE', *, *, #4916, .T. ) ;
#3193 = CARTESIAN_POINT ( 'NONE',  ( 19.91502058360494942, 12.39627825335809419, 23.21043387401261526 ) ) ;
#3194 = CARTESIAN_POINT ( 'NONE',  ( -32.00000000000000000, -14.17744687875782716, -2.220446049250313081E-13 ) ) ;
#3195 = CYLINDRICAL_SURFACE ( 'NONE', #5787, 3.000000000000002665 ) ;
#3196 = AXIS2_PLACEMENT_3D ( 'NONE', #3251, #4985, #2800 ) ;
#3197 = VECTOR ( 'NONE', #5262, 1000.000000000000000 ) ;
#3198 = ORIENTED_EDGE ( 'NONE', *, *, #30, .F. ) ;
#3199 = DIRECTION ( 'NONE',  ( 6.980527267330673326E-15, 1.387778780781445984E-17, -1.000000000000000000 ) ) ;
#3200 = CARTESIAN_POINT ( 'NONE',  ( 25.22446531870460618, 14.27883842328124153, 15.78032772833962483 ) ) ;
#3201 = AXIS2_PLACEMENT_3D ( 'NONE', #4411, #3023, #3463 ) ;
#3202 = LINE ( 'NONE', #344, #5010 ) ;
#3203 = VECTOR ( 'NONE', #1419, 1000.000000000000000 ) ;
#3204 = EDGE_CURVE ( 'NONE', #5753, #5907, #5327, .T. ) ;
#3205 = ORIENTED_EDGE ( 'NONE', *, *, #1784, .F. ) ;
#3206 = CARTESIAN_POINT ( 'NONE',  ( -26.93905600827668323, 14.78357853083210927, 12.04225407014365778 ) ) ;
#3207 = FACE_OUTER_BOUND ( 'NONE', #2724, .T. ) ;
#3208 = DIRECTION ( 'NONE',  ( -1.000000000000000000, -0.000000000000000000, -0.000000000000000000 ) ) ;
#3209 = ADVANCED_FACE ( 'NONE', ( #4445 ), #4982, .F. ) ;
#3210 = LINE ( 'NONE', #5553, #5343 ) ;
#3211 = DIRECTION ( 'NONE',  ( 0.000000000000000000, -1.000000000000000000, 0.000000000000000000 ) ) ;
#3212 = EDGE_LOOP ( 'NONE', ( #2534, #1722, #5824, #5836 ) ) ;
#3213 = CARTESIAN_POINT ( 'NONE',  ( 0.000000000000000000, 0.000000000000000000, 0.000000000000000000 ) ) ;
#3214 = VECTOR ( 'NONE', #5672, 1000.000000000000000 ) ;
#3215 = CARTESIAN_POINT ( 'NONE',  ( -19.94429319562283354, 12.28689199412542088, 23.24373862996272777 ) ) ;
#3216 = EDGE_CURVE ( 'NONE', #2379, #2658, #701, .T. ) ;
#3217 = CARTESIAN_POINT ( 'NONE',  ( 30.89518444143391918, -7.500000000000034639, -2.000000000000154543 ) ) ;
#3218 = EDGE_CURVE ( 'NONE', #386, #756, #3014, .T. ) ;
#3219 = CARTESIAN_POINT ( 'NONE',  ( -26.21541299667743985, 18.21479978127042543, 8.366818917284536639 ) ) ;
#3220 = ORIENTED_EDGE ( 'NONE', *, *, #5829, .T. ) ;
#3221 = VERTEX_POINT ( 'NONE', #3056 ) ;
#3222 = CARTESIAN_POINT ( 'NONE',  ( 25.57376154763107579, 18.66799394107269450, 9.306382888592425573 ) ) ;
#3223 = ORIENTED_EDGE ( 'NONE', *, *, #2683, .F. ) ;
#3224 = DIRECTION ( 'NONE',  ( 6.980527267330673326E-15, 1.387778780781445984E-17, -1.000000000000000000 ) ) ;
#3225 = PLANE ( 'NONE',  #3418 ) ;
#3226 = EDGE_CURVE ( 'NONE', #5645, #3579, #2515, .T. ) ;
#3227 = PLANE ( 'NONE',  #5322 ) ;
#3228 = VERTEX_POINT ( 'NONE', #3555 ) ;
#3229 = DIRECTION ( 'NONE',  ( -1.000000000000000000, 8.673617379884035472E-19, -6.994405055138486205E-15 ) ) ;
#3230 = CARTESIAN_POINT ( 'NONE',  ( 30.75030176399162940, 7.499999999999978684, -4.764526171960866918 ) ) ;
#3231 = CARTESIAN_POINT ( 'NONE',  ( -6.500000000000000888, -2.775557561562891351E-14, 0.000000000000000000 ) ) ;
#3232 = EDGE_LOOP ( 'NONE', ( #2403, #4044, #5088, #1573 ) ) ;
#3233 = DIRECTION ( 'NONE',  ( 1.000000000000000000, 0.000000000000000000, 0.000000000000000000 ) ) ;
#3234 = CARTESIAN_POINT ( 'NONE',  ( -17.11135771395492355, 10.81900999220778559, 26.06095340779270586 ) ) ;
#3235 = CARTESIAN_POINT ( 'NONE',  ( 19.11041078201509080, 13.66221785191149074, 23.17619475042337385 ) ) ;
#3236 = LINE ( 'NONE', #2301, #4450 ) ;
#3237 = EDGE_CURVE ( 'NONE', #4677, #3603, #3618, .T. ) ;
#3238 = ORIENTED_EDGE ( 'NONE', *, *, #4729, .T. ) ;
#3239 = CARTESIAN_POINT ( 'NONE',  ( -20.00000000000017053, 11.57902939892429828, 23.55764492200192350 ) ) ;
#3240 = CIRCLE ( 'NONE', #5458, 34.39113257803528256 ) ;
#3241 = PLANE ( 'NONE',  #5716 ) ;
#3242 = CARTESIAN_POINT ( 'NONE',  ( 26.17503561731964723, 16.27031137340492606, 11.79795872719982341 ) ) ;
#3243 = CARTESIAN_POINT ( 'NONE',  ( -21.18677324489581437, 16.13486147370627677, 19.48889923984275896 ) ) ;
#3244 = ORIENTED_EDGE ( 'NONE', *, *, #3615, .T. ) ;
#3245 = ORIENTED_EDGE ( 'NONE', *, *, #3045, .T. ) ;
#3246 = CARTESIAN_POINT ( 'NONE',  ( 23.25418576439300367, 18.86799293898575414, 13.88189839392522806 ) ) ;
#3247 = ADVANCED_FACE ( 'NONE', ( #2660 ), #1243, .T. ) ;
#3248 = DIRECTION ( 'NONE',  ( 0.000000000000000000, 0.000000000000000000, 1.000000000000000000 ) ) ;
#3249 = CARTESIAN_POINT ( 'NONE',  ( 28.99999999999998934, -12.00000000000001066, -2.499999999999586109 ) ) ;
#3250 = DIRECTION ( 'NONE',  ( 0.000000000000000000, 0.000000000000000000, 1.000000000000000000 ) ) ;
#3251 = CARTESIAN_POINT ( 'NONE',  ( -17.50000000000011013, 11.74999999999998224, 14.99999999999988809 ) ) ;
#3252 = EDGE_CURVE ( 'NONE', #1029, #688, #3960, .T. ) ;
#3253 = ORIENTED_EDGE ( 'NONE', *, *, #381, .T. ) ;
#3254 = CARTESIAN_POINT ( 'NONE',  ( -17.50000000000008171, -11.75000000000001066, 9.999999999999870326 ) ) ;
#3255 = ADVANCED_FACE ( 'NONE', ( #2178 ), #1755, .F. ) ;
#3256 = CARTESIAN_POINT ( 'NONE',  ( -15.54233695422523631, 13.32161289901356760, 25.88536341793511042 ) ) ;
#3257 = FACE_OUTER_BOUND ( 'NONE', #1987, .T. ) ;
#3258 = EDGE_CURVE ( 'NONE', #5697, #5382, #5398, .T. ) ;
#3259 = EDGE_LOOP ( 'NONE', ( #1440, #4252, #2429, #1093 ) ) ;
#3260 = CARTESIAN_POINT ( 'NONE',  ( -30.00000000000000000, 11.99999999999995559, -2.499999999999586109 ) ) ;
#3261 = CARTESIAN_POINT ( 'NONE',  ( -21.33298685284997731, 15.07484961840024873, 20.16562870130131202 ) ) ;
#3262 = EDGE_CURVE ( 'NONE', #1450, #1687, #3296, .T. ) ;
#3263 = CARTESIAN_POINT ( 'NONE',  ( 24.18677324489563674, -16.00000000000001421, 2.000000000000168310 ) ) ;
#3264 = CARTESIAN_POINT ( 'NONE',  ( 28.99999999999999289, -12.50000000000001066, -4.999999999999990230 ) ) ;
#3265 = ORIENTED_EDGE ( 'NONE', *, *, #4001, .T. ) ;
#3266 = CARTESIAN_POINT ( 'NONE',  ( -17.96338650850874785, 9.288563534118912557, 26.07824424134295427 ) ) ;
#3267 = CARTESIAN_POINT ( 'NONE',  ( 30.00000000000001776, -13.74772708486757189, -1.999999999999793499 ) ) ;
#3268 = CALENDAR_DATE ( 2026, 20, 8 ) ;
#3269 = CARTESIAN_POINT ( 'NONE',  ( 19.99999999999983302, 11.58168914801014893, 23.55631346431960793 ) ) ;
#3270 = DIRECTION ( 'NONE',  ( -1.000000000000000000, -8.673617379884037398E-19, -6.709910405078290630E-15 ) ) ;
#3271 = EDGE_LOOP ( 'NONE', ( #3300, #82 ) ) ;
#3272 = ORIENTED_EDGE ( 'NONE', *, *, #1449, .T. ) ;
#3273 = LINE ( 'NONE', #1024, #2145 ) ;
#3274 = VECTOR ( 'NONE', #3601, 1000.000000000000000 ) ;
#3275 = CARTESIAN_POINT ( 'NONE',  ( -19.14949415204797845, -9.848973596768571426, 25.00874341508495036 ) ) ;
#3276 = CARTESIAN_POINT ( 'NONE',  ( -30.00000000000000711, -12.00000000000001066, -2.499999999999571898 ) ) ;
#3277 = EDGE_CURVE ( 'NONE', #4477, #2010, #3670, .T. ) ;
#3278 = ORIENTED_EDGE ( 'NONE', *, *, #195, .T. ) ;
#3279 = ADVANCED_FACE ( 'NONE', ( #4228 ), #2292, .F. ) ;
#3280 = ORIENTED_EDGE ( 'NONE', *, *, #4286, .T. ) ;
#3281 = DIRECTION ( 'NONE',  ( 0.000000000000000000, 1.000000000000000000, 0.000000000000000000 ) ) ;
#3282 = CIRCLE ( 'NONE', #5210, 14.99999999999999822 ) ;
#3283 = B_SPLINE_CURVE_WITH_KNOTS ( 'NONE', 3,
 ( #787, #5875, #3493, #362, #2173, #4915, #5423, #1638, #3136, #2538, #4385, #5066, #2344, #873, #5540, #933, #5937, #5451, #1324, #3222, #52, #4553, #2793, #2283, #3164, #1416, #5564, #2769, #3246, #3611, #4611, #5000, #2706, #5090, #5509, #2679, #3190, #418, #1348, #5960 ),
 .UNSPECIFIED., .F., .F.,
 ( 4, 2, 2, 2, 2, 2, 2, 2, 2, 2, 2, 2, 2, 2, 2, 2, 2, 2, 2, 4 ),
 ( 0.03090064932505343781, 0.03194568485383503242, 0.03246820261822583320, 0.03272946150042122665, 0.03299072038261662704, 0.03325197926481202049, 0.03351323814700742088, 0.03403575591139821471, 0.03455827367578900855, 0.03508079144017980933, 0.03612582696896139700, 0.03717086249774297774, 0.03821589802652456541, 0.03926093355530615309, 0.04135100461286932150, 0.04344107567043249685, 0.04448611119921407758, 0.04553114672799565832, 0.04657618225677723905, 0.04762121778555881979 ),
 .UNSPECIFIED. ) ;
#3284 = ORIENTED_EDGE ( 'NONE', *, *, #2774, .F. ) ;
#3285 = LINE ( 'NONE', #4167, #603 ) ;
#3286 = CARTESIAN_POINT ( 'NONE',  ( 16.02417934658937071, -13.77992106137220851, 25.34601973549498055 ) ) ;
#3287 = LINE ( 'NONE', #4709, #3930 ) ;
#3288 = VECTOR ( 'NONE', #1593, 1000.000000000000000 ) ;
#3289 = EDGE_CURVE ( 'NONE', #743, #5123, #1872, .T. ) ;
#3290 = PRODUCT_DEFINITION_FORMATION_WITH_SPECIFIED_SOURCE ( '�', '', #2947, .NOT_KNOWN. ) ;
#3291 = CIRCLE ( 'NONE', #1469, 2.999999999999999112 ) ;
#3292 = VERTEX_POINT ( 'NONE', #5487 ) ;
#3293 = FACE_OUTER_BOUND ( 'NONE', #4801, .T. ) ;
#3294 = CARTESIAN_POINT ( 'NONE',  ( 26.18677324489542713, -16.00000000000001421, 33.00100000000041689 ) ) ;
#3295 = FACE_OUTER_BOUND ( 'NONE', #3742, .T. ) ;
#3296 = CIRCLE ( 'NONE', #4073, 33.89518444143391918 ) ;
#3297 = CARTESIAN_POINT ( 'NONE',  ( 17.49999999999989342, 11.74999999999998224, 15.00000000000013856 ) ) ;
#3298 = ORIENTED_EDGE ( 'NONE', *, *, #2071, .T. ) ;
#3299 = CARTESIAN_POINT ( 'NONE',  ( -19.91929856839789892, 11.10001010651313003, 23.85470480684514882 ) ) ;
#3300 = ORIENTED_EDGE ( 'NONE', *, *, #2611, .T. ) ;
#3301 = DIRECTION ( 'NONE',  ( 6.980527267330673326E-15, 1.387778780781445984E-17, -1.000000000000000000 ) ) ;
#3302 = CARTESIAN_POINT ( 'NONE',  ( 19.44170777168052311, 10.16862289899102123, 24.65064783266826254 ) ) ;
#3303 = CARTESIAN_POINT ( 'NONE',  ( 24.18677324489563674, -16.00000000000001421, 2.000000000000168310 ) ) ;
#3304 = ORIENTED_EDGE ( 'NONE', *, *, #1826, .F. ) ;
#3305 = VECTOR ( 'NONE', #2468, 1000.000000000000000 ) ;
#3306 = VERTEX_POINT ( 'NONE', #1357 ) ;
#3307 = CARTESIAN_POINT ( 'NONE',  ( 0.6067469749852588690, -21.65884589747120259, 24.89088610127478418 ) ) ;
#3308 = VECTOR ( 'NONE', #5854, 1000.000000000000000 ) ;
#3309 = CARTESIAN_POINT ( 'NONE',  ( -15.00000000000020428, -11.75000000000001066, 26.94322734937286512 ) ) ;
#3310 = DIRECTION ( 'NONE',  ( 1.000000000000000000, -8.673617379884035472E-19, 6.994405055138486205E-15 ) ) ;
#3311 = FACE_OUTER_BOUND ( 'NONE', #2223, .T. ) ;
#3312 = ORIENTED_EDGE ( 'NONE', *, *, #5292, .F. ) ;
#3313 = ORIENTED_EDGE ( 'NONE', *, *, #1133, .F. ) ;
#3314 = EDGE_CURVE ( 'NONE', #1744, #721, #5043, .T. ) ;
#3315 = LINE ( 'NONE', #4352, #5033 ) ;
#3316 = ORIENTED_EDGE ( 'NONE', *, *, #1485, .F. ) ;
#3317 = CARTESIAN_POINT ( 'NONE',  ( -15.00000000000019362, 11.74999999999998046, 26.94322734937288288 ) ) ;
#3318 = CARTESIAN_POINT ( 'NONE',  ( 6.505213034913026604E-16, -2.775557561562891351E-14, 35.00000000000000000 ) ) ;
#3319 = LINE ( 'NONE', #3351, #3768 ) ;
#3320 = ADVANCED_FACE ( 'NONE', ( #941, #4134 ), #4681, .T. ) ;
#3321 = ORIENTED_EDGE ( 'NONE', *, *, #5543, .F. ) ;
#3322 = CARTESIAN_POINT ( 'NONE',  ( -24.17247691327586878, 12.99588317305629737, 18.32677030311086241 ) ) ;
#3323 = CARTESIAN_POINT ( 'NONE',  ( -17.88925345136282274, -12.68047118265466366, 24.66177088369107651 ) ) ;
#3324 = CARTESIAN_POINT ( 'NONE',  ( 0.9989648761249833031, -23.60841665243207999, 25.81998291781700061 ) ) ;
#3325 = DIRECTION ( 'NONE',  ( 6.980527267330673326E-15, 1.387778780781445984E-17, -1.000000000000000000 ) ) ;
#3326 = VERTEX_POINT ( 'NONE', #86 ) ;
#3327 = CARTESIAN_POINT ( 'NONE',  ( -17.18581588465054111, 9.264688331632576990, 26.60543051554488869 ) ) ;
#3328 = ADVANCED_FACE ( 'NONE', ( #2354 ), #1004, .T. ) ;
#3329 = ORIENTED_EDGE ( 'NONE', *, *, #4333, .F. ) ;
#3330 = CARTESIAN_POINT ( 'NONE',  ( 30.00000000000001066, -7.500000000000034639, -1.999999999999793499 ) ) ;
#3331 = CARTESIAN_POINT ( 'NONE',  ( 21.33425115052411769, -16.95664996143129244, 18.61292591422129661 ) ) ;
#3332 = EDGE_CURVE ( 'NONE', #2022, #50, #5602, .T. ) ;
#3333 = PLANE ( 'NONE',  #5791 ) ;
#3334 = CYLINDRICAL_SURFACE ( 'NONE', #4353, 1.000000000000000888 ) ;
#3335 = ORIENTED_EDGE ( 'NONE', *, *, #5429, .F. ) ;
#3336 = ORIENTED_EDGE ( 'NONE', *, *, #4970, .T. ) ;
#3337 = AXIS2_PLACEMENT_3D ( 'NONE', #5934, #4670, #930 ) ;
#3338 = DIRECTION ( 'NONE',  ( 0.000000000000000000, 0.000000000000000000, -1.000000000000000000 ) ) ;
#3339 = EDGE_CURVE ( 'NONE', #1472, #2608, #406, .T. ) ;
#3340 = PLANE ( 'NONE',  #995 ) ;
#3341 = DIRECTION ( 'NONE',  ( -1.368455531567204171E-48, -1.000000000000000000, -8.743006318923108742E-16 ) ) ;
#3342 = FACE_OUTER_BOUND ( 'NONE', #2408, .T. ) ;
#3343 = EDGE_CURVE ( 'NONE', #140, #4147, #891, .T. ) ;
#3344 = ORIENTED_EDGE ( 'NONE', *, *, #4396, .F. ) ;
#3345 = EDGE_LOOP ( 'NONE', ( #4397, #5851, #665, #4133 ) ) ;
#3346 = CARTESIAN_POINT ( 'NONE',  ( -28.99999999999999645, 12.49999999999998401, -4.999999999999990230 ) ) ;
#3347 = B_SPLINE_CURVE_WITH_KNOTS ( 'NONE', 3,
 ( #620, #3239, #494, #3299, #5141, #2875, #4181, #69, #43, #2848, #1883, #5557, #3266, #2457, #4303, #3327, #5622, #5108, #130, #528, #555, #1908, #3748, #2389, #1497, #4238, #1042, #4716 ),
 .UNSPECIFIED., .F., .F.,
 ( 4, 2, 2, 2, 2, 2, 2, 2, 2, 2, 2, 2, 2, 4 ),
 ( 0.01763101237400975865, 0.01819264792690421934, 0.01875428347979867655, 0.01987755458558760138, 0.02100082569137652622, 0.02156246124427099037, 0.02212409679716545452, 0.02268573235005992214, 0.02324736790295438629, 0.02437063900874332154, 0.02493227456163778916, 0.02549391011453226025, 0.02605554566742673134, 0.02661718122032120590 ),
 .UNSPECIFIED. ) ;
#3348 = ORIENTED_EDGE ( 'NONE', *, *, #3710, .T. ) ;
#3349 = CARTESIAN_POINT ( 'NONE',  ( 29.99999999999999645, 7.999999999999979572, -4.499999999999573674 ) ) ;
#3350 = CARTESIAN_POINT ( 'NONE',  ( -29.00000000000000000, 12.49999999999998401, 3.000000000000002665 ) ) ;
#3351 = CARTESIAN_POINT ( 'NONE',  ( -22.13759665443992475, 13.80891001984688238, 33.00100000000009715 ) ) ;
#3352 = VERTEX_POINT ( 'NONE', #3739 ) ;
#3353 = CARTESIAN_POINT ( 'NONE',  ( -23.05535032456381828, -14.33953057785295471, 18.75828555760483596 ) ) ;
#3354 = CYLINDRICAL_SURFACE ( 'NONE', #814, 3.000000000000002665 ) ;
#3355 = CARTESIAN_POINT ( 'NONE',  ( 0.8464018060261897514, -23.13916006335338693, 26.24670164596003730 ) ) ;
#3356 = CARTESIAN_POINT ( 'NONE',  ( -22.30365466991806400, 15.30018479769123907, 18.90755933580966897 ) ) ;
#3357 = ORIENTED_EDGE ( 'NONE', *, *, #5729, .T. ) ;
#3358 = LINE ( 'NONE', #1974, #309 ) ;
#3359 = EDGE_CURVE ( 'NONE', #5150, #5382, #2262, .T. ) ;
#3360 = ORIENTED_EDGE ( 'NONE', *, *, #1207, .F. ) ;
#3361 = CARTESIAN_POINT ( 'NONE',  ( -21.41076984060483923, -17.15540243176825896, 18.34098578582665695 ) ) ;
#3362 = CYLINDRICAL_SURFACE ( 'NONE', #4087, 2.499999999999998668 ) ;
#3363 = DIRECTION ( 'NONE',  ( -6.980527267330673326E-15, -1.387778780781445984E-17, 1.000000000000000000 ) ) ;
#3364 = DIRECTION ( 'NONE',  ( 0.8439597323689256303, -0.5364065343932449270, 5.761016663718976361E-15 ) ) ;
#3365 = EDGE_LOOP ( 'NONE', ( #1836, #2741, #2988, #2824, #1340 ) ) ;
#3366 = VERTEX_POINT ( 'NONE', #481 ) ;
#3367 = ADVANCED_FACE ( 'NONE', ( #1899 ), #5968, .F. ) ;
#3368 = DIRECTION ( 'NONE',  ( 1.368455531567204171E-48, 1.000000000000000000, 8.743006318923108742E-16 ) ) ;
#3369 = LINE ( 'NONE', #5806, #3021 ) ;
#3370 = CARTESIAN_POINT ( 'NONE',  ( -9.437575458236547980E-17, -35.00000000000000000, 24.70000000000001350 ) ) ;
#3371 = CARTESIAN_POINT ( 'NONE',  ( 29.99999999999999645, -8.000000000000007105, -4.499999999999573674 ) ) ;
#3372 = ORIENTED_EDGE ( 'NONE', *, *, #5396, .F. ) ;
#3373 = ORIENTED_EDGE ( 'NONE', *, *, #4780, .T. ) ;
#3374 = ORIENTED_EDGE ( 'NONE', *, *, #3404, .T. ) ;
#3375 = CARTESIAN_POINT ( 'NONE',  ( -24.18677324489565805, -16.00000000000001421, -1.665334536937734811E-13 ) ) ;
#3376 = VERTEX_POINT ( 'NONE', #2319 ) ;
#3377 = CYLINDRICAL_SURFACE ( 'NONE', #1951, 15.00000000000000000 ) ;
#3378 = CYLINDRICAL_SURFACE ( 'NONE', #1780, 17.50000000000000000 ) ;
#3379 = AXIS2_PLACEMENT_3D ( 'NONE', #5889, #5438, #5377 ) ;
#3380 = CARTESIAN_POINT ( 'NONE',  ( 15.15590618415247981, -10.86093712675760870, 27.22818862615811142 ) ) ;
#3381 = AXIS2_PLACEMENT_3D ( 'NONE', #2259, #5457, #5963 ) ;
#3382 = VERTEX_POINT ( 'NONE', #544 ) ;
#3383 = CARTESIAN_POINT ( 'NONE',  ( -22.75861441536280338, -14.58662146465822396, 18.92935648620425226 ) ) ;
#3384 = CARTESIAN_POINT ( 'NONE',  ( -22.00000000000000000, 7.499999999999978684, -2.000000000000154543 ) ) ;
#3385 = FACE_OUTER_BOUND ( 'NONE', #123, .T. ) ;
#3386 = CARTESIAN_POINT ( 'NONE',  ( -25.04830257789227588, 14.18254904685664464, 16.14356805116256410 ) ) ;
#3387 = CARTESIAN_POINT ( 'NONE',  ( -25.02503938224939972, 17.82159152200470587, 12.04931448893255030 ) ) ;
#3388 = EDGE_CURVE ( 'NONE', #2616, #3796, #3285, .T. ) ;
#3389 = VECTOR ( 'NONE', #1182, 1000.000000000000000 ) ;
#3390 = ADVANCED_FACE ( 'NONE', ( #60 ), #5128, .F. ) ;
#3391 = VERTEX_POINT ( 'NONE', #5608 ) ;
#3392 = CARTESIAN_POINT ( 'NONE',  ( -21.22242664820918634, -16.51446327184975615, 19.13113407008819777 ) ) ;
#3393 = VECTOR ( 'NONE', #5803, 1000.000000000000000 ) ;
#3394 = DIRECTION ( 'NONE',  ( 0.000000000000000000, 8.465450562766820593E-16, 1.000000000000000000 ) ) ;
#3395 = CARTESIAN_POINT ( 'NONE',  ( 15.09487924371484091, 11.04406556550031837, 27.18839637355488392 ) ) ;
#3396 = VECTOR ( 'NONE', #1783, 1000.000000000000000 ) ;
#3397 = FACE_OUTER_BOUND ( 'NONE', #2745, .T. ) ;
#3398 = ORIENTED_EDGE ( 'NONE', *, *, #3252, .F. ) ;
#3399 = EDGE_LOOP ( 'NONE', ( #1050, #3253, #4224, #1548 ) ) ;
#3400 = CARTESIAN_POINT ( 'NONE',  ( -30.93012295737934636, 13.94922199502757465, -1.333333401578880251 ) ) ;
#3401 = VECTOR ( 'NONE', #4111, 1000.000000000000000 ) ;
#3402 = EDGE_CURVE ( 'NONE', #3528, #4739, #1424, .T. ) ;
#3403 = CARTESIAN_POINT ( 'NONE',  ( 24.93677324489563318, 15.99999999999995914, 2.000000000000173639 ) ) ;
#3404 = EDGE_CURVE ( 'NONE', #1801, #4734, #4562, .T. ) ;
#3405 = CARTESIAN_POINT ( 'NONE',  ( -0.4041318191386722436, -19.50242068546759100, 26.61765854645623719 ) ) ;
#3406 = AXIS2_PLACEMENT_3D ( 'NONE', #71, #4720, #135 ) ;
#3407 = DIRECTION ( 'NONE',  ( 0.000000000000000000, -1.000000000000000000, 0.000000000000000000 ) ) ;
#3408 = DIRECTION ( 'NONE',  ( -6.938893903907229918E-18, 8.743006318923109728E-16, -1.000000000000000000 ) ) ;
#3409 = ORIENTED_EDGE ( 'NONE', *, *, #1966, .F. ) ;
#3410 = EDGE_LOOP ( 'NONE', ( #4350, #2099, #2856, #3431, #902, #5924, #1003, #1707 ) ) ;
#3411 = VERTEX_POINT ( 'NONE', #5943 ) ;
#3412 = PLANE ( 'NONE',  #2427 ) ;
#3413 = CIRCLE ( 'NONE', #2829, 3.799999999999999378 ) ;
#3414 = EDGE_CURVE ( 'NONE', #460, #1432, #5420, .T. ) ;
#3415 = ORIENTED_EDGE ( 'NONE', *, *, #1493, .T. ) ;
#3416 = CARTESIAN_POINT ( 'NONE',  ( -31.00000000000000000, 0.000000000000000000, -2.081668171172168513E-13 ) ) ;
#3417 = CARTESIAN_POINT ( 'NONE',  ( 26.18677324489555502, 15.87389391413626960, 12.30105478317756429 ) ) ;
#3418 = AXIS2_PLACEMENT_3D ( 'NONE', #4529, #5939, #909 ) ;
#3419 = CARTESIAN_POINT ( 'NONE',  ( 28.99999999999999289, -9.499999999999980460, -4.499999999999573674 ) ) ;
#3420 = ORIENTED_EDGE ( 'NONE', *, *, #5861, .T. ) ;
#3421 = CARTESIAN_POINT ( 'NONE',  ( 15.19999999999978968, 2.775557561562891351E-14, 29.79999999999999361 ) ) ;
#3422 = LINE ( 'NONE', #2385, #3900 ) ;
#3423 = CARTESIAN_POINT ( 'NONE',  ( 28.99999999999999289, -7.500000000000007105, -4.999999999999990230 ) ) ;
#3424 = CARTESIAN_POINT ( 'NONE',  ( -32.00000000000000000, 0.000000000000000000, -2.220446049250313081E-13 ) ) ;
#3425 = CARTESIAN_POINT ( 'NONE',  ( -30.00000000000000000, 7.499999999999978684, -4.999999999999990230 ) ) ;
#3426 = VERTEX_POINT ( 'NONE', #2057 ) ;
#3427 = CARTESIAN_POINT ( 'NONE',  ( -26.99948334094975522, -17.04580993416686852, 8.335219314352563913 ) ) ;
#3428 = CARTESIAN_POINT ( 'NONE',  ( 18.31392768598781373, 11.15724251272985690, 25.08264369423743645 ) ) ;
#3429 = DIRECTION ( 'NONE',  ( -1.000000000000000000, 0.000000000000000000, -6.994405055138490149E-15 ) ) ;
#3430 = PLANE ( 'NONE',  #391 ) ;
#3431 = ORIENTED_EDGE ( 'NONE', *, *, #1759, .F. ) ;
#3432 = CARTESIAN_POINT ( 'NONE',  ( -2.168404344971008868E-16, -35.00000000000000000, 25.70000000000001350 ) ) ;
#3433 = CARTESIAN_POINT ( 'NONE',  ( -19.11041078201537147, -13.66221785191149074, 14.99999999999986144 ) ) ;
#3434 = DIRECTION ( 'NONE',  ( -1.000000000000000000, 0.000000000000000000, -6.938893903907222067E-15 ) ) ;
#3435 = FACE_BOUND ( 'NONE', #372, .T. ) ;
#3436 = CARTESIAN_POINT ( 'NONE',  ( -30.00000000000000000, -2.775557561562891351E-14, 4.000000000000017764 ) ) ;
#3437 = ORIENTED_EDGE ( 'NONE', *, *, #4109, .T. ) ;
#3438 = ORIENTED_EDGE ( 'NONE', *, *, #339, .T. ) ;
#3439 = DIRECTION ( 'NONE',  ( -6.980527267330673326E-15, -1.387778780781445984E-17, 1.000000000000000000 ) ) ;
#3440 = ADVANCED_FACE ( 'NONE', ( #5737 ), #183, .T. ) ;
#3441 = CYLINDRICAL_SURFACE ( 'NONE', #4855, 17.50000000000000000 ) ;
#3442 = CARTESIAN_POINT ( 'NONE',  ( -24.18677324489565805, 15.99999999999998579, -1.665334536937734811E-13 ) ) ;
#3443 = CARTESIAN_POINT ( 'NONE',  ( 19.92016806252398098, -11.10337318220347846, 23.85240855549401218 ) ) ;
#3444 = EDGE_CURVE ( 'NONE', #5140, #4013, #4387, .T. ) ;
#3445 = ORIENTED_EDGE ( 'NONE', *, *, #4226, .F. ) ;
#3446 = CARTESIAN_POINT ( 'NONE',  ( -25.90821836239102183, -14.96367736842915264, 13.92930892942619003 ) ) ;
#3447 = DIRECTION ( 'NONE',  ( 0.000000000000000000, 0.000000000000000000, -1.000000000000000000 ) ) ;
#3448 = CARTESIAN_POINT ( 'NONE',  ( -18.50000000000022027, 11.74999999999998224, 30.31288913245510486 ) ) ;
#3449 = CARTESIAN_POINT ( 'NONE',  ( 17.85357963882105281, -10.80735336981097028, 25.56312970804083307 ) ) ;
#3450 = CARTESIAN_POINT ( 'NONE',  ( 24.18677324489565095, 15.99999999999998579, 1.804112415015879378E-13 ) ) ;
#3451 = ORIENTED_EDGE ( 'NONE', *, *, #4867, .F. ) ;
#3452 = CARTESIAN_POINT ( 'NONE',  ( 17.50836389487989919, 12.75718743035082881, 24.89445679273757150 ) ) ;
#3453 = DIRECTION ( 'NONE',  ( 6.980527267330673326E-15, 1.387778780781445984E-17, -1.000000000000000000 ) ) ;
#3454 = DIRECTION ( 'NONE',  ( 0.000000000000000000, 0.000000000000000000, -1.000000000000000000 ) ) ;
#3455 = DIRECTION ( 'NONE',  ( 0.000000000000000000, -1.000000000000000000, 0.000000000000000000 ) ) ;
#3456 = EDGE_LOOP ( 'NONE', ( #4297, #1180, #1949, #2963 ) ) ;
#3457 = ORIENTED_EDGE ( 'NONE', *, *, #3836, .F. ) ;
#3458 = CARTESIAN_POINT ( 'NONE',  ( 24.18677324489542357, 15.99999999999998579, 33.00100000000040268 ) ) ;
#3459 = DIRECTION ( 'NONE',  ( 6.702971511174384191E-15, -1.526556658859590490E-16, -1.000000000000000000 ) ) ;
#3460 = CARTESIAN_POINT ( 'NONE',  ( -19.91502058360523009, 12.39627825335809419, 14.99999999999986144 ) ) ;
#3461 = ORIENTED_EDGE ( 'NONE', *, *, #1417, .F. ) ;
#3462 = ORIENTED_EDGE ( 'NONE', *, *, #2182, .T. ) ;
#3463 = DIRECTION ( 'NONE',  ( 1.000000000000000000, 0.000000000000000000, 0.000000000000000000 ) ) ;
#3464 = ADVANCED_FACE ( 'NONE', ( #1033 ), #2088, .F. ) ;
#3465 = DIRECTION ( 'NONE',  ( 6.980527267330673326E-15, 1.387778780781445984E-17, -1.000000000000000000 ) ) ;
#3466 = CARTESIAN_POINT ( 'NONE',  ( 28.99999999999999289, 12.49999999999998401, -4.999999999999990230 ) ) ;
#3467 = VECTOR ( 'NONE', #4608, 1000.000000000000000 ) ;
#3468 = CIRCLE ( 'NONE', #4628, 2.500000000000002220 ) ;
#3469 = ORIENTED_EDGE ( 'NONE', *, *, #3921, .T. ) ;
#3470 = LINE ( 'NONE', #5646, #2331 ) ;
#3471 = CARTESIAN_POINT ( 'NONE',  ( 28.99999999999999289, -9.499999999999980460, -4.499999999999573674 ) ) ;
#3472 = ADVANCED_FACE ( 'NONE', ( #3834 ), #5671, .T. ) ;
#3473 = CARTESIAN_POINT ( 'NONE',  ( 0.3234636623708375125, -24.75385324460731695, 24.74205795284964537 ) ) ;
#3474 = CARTESIAN_POINT ( 'NONE',  ( -22.00000000000000000, 7.499999999999978684, -2.000000000000154543 ) ) ;
#3475 = CARTESIAN_POINT ( 'NONE',  ( 19.11041078201509080, 13.66221785191149074, 23.17619475042337385 ) ) ;
#3476 = AXIS2_PLACEMENT_3D ( 'NONE', #2879, #3753, #4307 ) ;
#3477 = CIRCLE ( 'NONE', #5792, 2.999999999999999112 ) ;
#3478 = ORIENTED_EDGE ( 'NONE', *, *, #2006, .F. ) ;
#3479 = CARTESIAN_POINT ( 'NONE',  ( 17.63618226715989934, 12.74936298053773243, 24.80809267651230599 ) ) ;
#3480 = CARTESIAN_POINT ( 'NONE',  ( 26.67431199218832916, -17.67912826704144891, 8.058347196670334611 ) ) ;
#3481 = VECTOR ( 'NONE', #2872, 1000.000000000000000 ) ;
#3482 = DIRECTION ( 'NONE',  ( 0.000000000000000000, -1.000000000000000000, 0.000000000000000000 ) ) ;
#3483 = CARTESIAN_POINT ( 'NONE',  ( -30.00000000000000000, -12.50000000000003908, 4.000000000000017764 ) ) ;
#3484 = EDGE_LOOP ( 'NONE', ( #424, #1663, #2020, #1996, #1788, #782, #5127, #1022 ) ) ;
#3485 = ORIENTED_EDGE ( 'NONE', *, *, #2425, .F. ) ;
#3486 = AXIS2_PLACEMENT_3D ( 'NONE', #5547, #3199, #4198 ) ;
#3487 = DIRECTION ( 'NONE',  ( 0.000000000000000000, 0.000000000000000000, -1.000000000000000000 ) ) ;
#3488 = DIRECTION ( 'NONE',  ( 0.000000000000000000, -1.000000000000000000, 0.000000000000000000 ) ) ;
#3489 = ORIENTED_EDGE ( 'NONE', *, *, #4846, .F. ) ;
#3490 = EDGE_LOOP ( 'NONE', ( #1427, #5930, #4120, #3492 ) ) ;
#3491 = VECTOR ( 'NONE', #2710, 1000.000000000000000 ) ;
#3492 = ORIENTED_EDGE ( 'NONE', *, *, #4333, .T. ) ;
#3493 = CARTESIAN_POINT ( 'NONE',  ( 27.17177723361468367, 16.36930342166781571, 9.102720745606447394 ) ) ;
#3494 = AXIS2_PLACEMENT_3D ( 'NONE', #806, #5860, #1313 ) ;
#3495 = LINE ( 'NONE', #275, #1474 ) ;
#3496 = DIRECTION ( 'NONE',  ( -1.000000000000000000, 0.000000000000000000, -6.938893903907226800E-15 ) ) ;
#3497 = EDGE_CURVE ( 'NONE', #417, #1714, #5159, .T. ) ;
#3498 = VECTOR ( 'NONE', #2365, 1000.000000000000000 ) ;
#3499 = ORIENTED_EDGE ( 'NONE', *, *, #1197, .F. ) ;
#3500 = DIRECTION ( 'NONE',  ( -1.000000000000000000, 8.673617379884033546E-19, -6.998735638973048846E-15 ) ) ;
#3501 = AXIS2_PLACEMENT_3D ( 'NONE', #996, #2832, #5634 ) ;
#3502 = CARTESIAN_POINT ( 'NONE',  ( 26.18677324489565095, -16.13312796766730273, 11.95924845825862270 ) ) ;
#3503 = CARTESIAN_POINT ( 'NONE',  ( -19.99337901292880204, -11.96222935046786695, 23.37057537478793989 ) ) ;
#3504 = CARTESIAN_POINT ( 'NONE',  ( -24.02285341311900879, 18.00343584069344516, 13.71003672057263323 ) ) ;
#3505 = VECTOR ( 'NONE', #3153, 1000.000000000000000 ) ;
#3506 = ADVANCED_FACE ( 'NONE', ( #4257 ), #3931, .T. ) ;
#3507 = ADVANCED_FACE ( 'NONE', ( #1543 ), #3377, .F. ) ;
#3508 = ORIENTED_EDGE ( 'NONE', *, *, #1584, .T. ) ;
#3509 = DIRECTION ( 'NONE',  ( 0.000000000000000000, 1.000000000000000000, 0.000000000000000000 ) ) ;
#3510 = CARTESIAN_POINT ( 'NONE',  ( 24.93013684309854838, -18.91085632337429701, 10.48746558875830637 ) ) ;
#3511 = CARTESIAN_POINT ( 'NONE',  ( -0.3327936222665244803, -21.82125086288358773, 24.75337774228239951 ) ) ;
#3512 = CARTESIAN_POINT ( 'NONE',  ( -22.20714638331966384, -16.31779664164212562, 18.15542452799450146 ) ) ;
#3513 = LINE ( 'NONE', #263, #1351 ) ;
#3514 = VERTEX_POINT ( 'NONE', #117 ) ;
#3515 = VERTEX_POINT ( 'NONE', #3317 ) ;
#3516 = EDGE_CURVE ( 'NONE', #2617, #1439, #3985, .T. ) ;
#3517 = FACE_OUTER_BOUND ( 'NONE', #42, .T. ) ;
#3518 = ADVANCED_FACE ( 'NONE', ( #1130 ), #3441, .F. ) ;
#3519 = CARTESIAN_POINT ( 'NONE',  ( -30.00000000000000000, -12.50000000000003908, 4.000000000000017764 ) ) ;
#3520 = EDGE_LOOP ( 'NONE', ( #170, #5337, #5301, #1601 ) ) ;
#3521 = ORIENTED_EDGE ( 'NONE', *, *, #5294, .T. ) ;
#3522 = ORIENTED_EDGE ( 'NONE', *, *, #1784, .T. ) ;
#3523 = DIRECTION ( 'NONE',  ( 0.000000000000000000, 8.465450562766820593E-16, 1.000000000000000000 ) ) ;
#3524 = AXIS2_PLACEMENT_3D ( 'NONE', #2004, #2037, #4817 ) ;
#3525 = ADVANCED_FACE ( 'NONE', ( #5282 ), #2966, .F. ) ;
#3526 = LINE ( 'NONE', #4018, #1282 ) ;
#3527 = CARTESIAN_POINT ( 'NONE',  ( 28.99999999999999289, -12.50000000000001066, -4.999999999999990230 ) ) ;
#3528 = VERTEX_POINT ( 'NONE', #1992 ) ;
#3529 = DIRECTION ( 'NONE',  ( -1.000000000000000000, -8.673617379884037398E-19, -6.709910405078290630E-15 ) ) ;
#3530 = LINE ( 'NONE', #4023, #3308 ) ;
#3531 = LINE ( 'NONE', #3424, #4441 ) ;
#3532 = CARTESIAN_POINT ( 'NONE',  ( -15.00000000000008349, -11.75000000000001066, 9.999999999999888090 ) ) ;
#3533 = VERTEX_POINT ( 'NONE', #1962 ) ;
#3534 = CARTESIAN_POINT ( 'NONE',  ( 24.18677324489565095, -15.99999999999998579, 1.804112415015879378E-13 ) ) ;
#3535 = CARTESIAN_POINT ( 'NONE',  ( 25.93380614292841457, -18.44165444673319598, 8.739161565599014025 ) ) ;
#3536 = CARTESIAN_POINT ( 'NONE',  ( -19.11041078201547805, -13.66221785191151739, 30.31288913245509775 ) ) ;
#3537 = EDGE_CURVE ( 'NONE', #259, #1444, #642, .T. ) ;
#3538 = CARTESIAN_POINT ( 'NONE',  ( -25.82919804848783230, -17.14631516009459844, 11.30789423526069370 ) ) ;
#3539 = EDGE_CURVE ( 'NONE', #1629, #4126, #152, .T. ) ;
#3540 = DIRECTION ( 'NONE',  ( 0.000000000000000000, 0.000000000000000000, 1.000000000000000000 ) ) ;
#3541 = EDGE_LOOP ( 'NONE', ( #2438, #1988, #4936, #4799 ) ) ;
#3542 = ORIENTED_EDGE ( 'NONE', *, *, #5679, .T. ) ;
#3543 = AXIS2_PLACEMENT_3D ( 'NONE', #5808, #2188, #1229 ) ;
#3544 = CARTESIAN_POINT ( 'NONE',  ( 28.99999999999998934, -12.50000000000001066, 3.000000000000016431 ) ) ;
#3545 = DIRECTION ( 'NONE',  ( 0.000000000000000000, -1.000000000000000000, 0.000000000000000000 ) ) ;
#3546 = EDGE_LOOP ( 'NONE', ( #68, #2078, #4629, #3168 ) ) ;
#3547 = ADVANCED_FACE ( 'NONE', ( #1156 ), #609, .F. ) ;
#3548 = CARTESIAN_POINT ( 'NONE',  ( 17.96491715279045920, -9.288933968428915833, 26.07704646932193171 ) ) ;
#3549 = ORIENTED_EDGE ( 'NONE', *, *, #2087, .F. ) ;
#3550 = VERTEX_POINT ( 'NONE', #3349 ) ;
#3551 = CARTESIAN_POINT ( 'NONE',  ( -19.91502058360534022, -12.39627825335809419, 30.31288913245511196 ) ) ;
#3552 = FACE_OUTER_BOUND ( 'NONE', #2721, .T. ) ;
#3553 = CARTESIAN_POINT ( 'NONE',  ( -30.00000000000000000, -2.775557561562891351E-14, 4.000000000000017764 ) ) ;
#3554 = ORIENTED_EDGE ( 'NONE', *, *, #5462, .F. ) ;
#3555 = CARTESIAN_POINT ( 'NONE',  ( -30.00000000000000000, 7.999999999999979572, -2.499999999999571898 ) ) ;
#3556 = DIRECTION ( 'NONE',  ( 0.000000000000000000, 0.000000000000000000, 1.000000000000000000 ) ) ;
#3557 = CARTESIAN_POINT ( 'NONE',  ( 28.99999999999999645, -12.00000000000001066, -4.499999999999573674 ) ) ;
#3558 = CARTESIAN_POINT ( 'NONE',  ( -22.18677324489588898, 15.99999999999998579, 33.00100000000009715 ) ) ;
#3559 = AXIS2_PLACEMENT_3D ( 'NONE', #5894, #1793, #1737 ) ;
#3560 = ORIENTED_EDGE ( 'NONE', *, *, #4142, .F. ) ;
#3561 = FACE_BOUND ( 'NONE', #4537, .T. ) ;
#3562 = CIRCLE ( 'NONE', #1168, 2.000000000000005329 ) ;
#3563 = PLANE ( 'NONE',  #1960 ) ;
#3564 = DIRECTION ( 'NONE',  ( 6.980527267330673326E-15, 1.387778780781445984E-17, -1.000000000000000000 ) ) ;
#3565 = LINE ( 'NONE', #210, #4484 ) ;
#3566 = CARTESIAN_POINT ( 'NONE',  ( 17.49999999999992895, 11.75000000000001066, 10.00000000000012079 ) ) ;
#3567 = ADVANCED_FACE ( 'NONE', ( #3552 ), #3953, .T. ) ;
#3568 = DIRECTION ( 'NONE',  ( 1.000000000000000000, 0.000000000000000000, 6.938893903907232322E-15 ) ) ;
#3569 = ORIENTED_EDGE ( 'NONE', *, *, #3339, .T. ) ;
#3570 = FACE_OUTER_BOUND ( 'NONE', #3895, .T. ) ;
#3571 = VECTOR ( 'NONE', #2986, 1000.000000000000000 ) ;
#3572 = APPROVAL ( #5110, '未' ) ;
#3573 = CARTESIAN_POINT ( 'NONE',  ( -17.25082322046011285, -14.24757128425584085, 24.25896167175778118 ) ) ;
#3574 = LINE ( 'NONE', #356, #2899 ) ;
#3575 = ORIENTED_EDGE ( 'NONE', *, *, #4231, .F. ) ;
#3576 = VECTOR ( 'NONE', #3688, 1000.000000000000000 ) ;
#3577 = CARTESIAN_POINT ( 'NONE',  ( 22.38458254040722650, -15.10670009028268090, 18.96744542605958728 ) ) ;
#3578 = ORIENTED_EDGE ( 'NONE', *, *, #1778, .F. ) ;
#3579 = VERTEX_POINT ( 'NONE', #4413 ) ;
#3580 = DIRECTION ( 'NONE',  ( 0.000000000000000000, 0.000000000000000000, 1.000000000000000000 ) ) ;
#3581 = AXIS2_PLACEMENT_3D ( 'NONE', #2278, #3693, #15 ) ;
#3582 = AXIS2_PLACEMENT_3D ( 'NONE', #297, #4043, #698 ) ;
#3583 = EDGE_CURVE ( 'NONE', #729, #1262, #3110, .T. ) ;
#3584 = DIRECTION ( 'NONE',  ( -1.000000000000000000, 8.673617379884035472E-19, -6.994405055138486205E-15 ) ) ;
#3585 = AXIS2_PLACEMENT_3D ( 'NONE', #648, #580, #4810 ) ;
#3586 = DIRECTION ( 'NONE',  ( 0.000000000000000000, 0.000000000000000000, 1.000000000000000000 ) ) ;
#3587 = VECTOR ( 'NONE', #2580, 1000.000000000000114 ) ;
#3588 = EDGE_CURVE ( 'NONE', #2477, #4302, #3526, .T. ) ;
#3589 = ORIENTED_EDGE ( 'NONE', *, *, #3588, .T. ) ;
#3590 = CARTESIAN_POINT ( 'NONE',  ( -24.18677324489575753, -16.00000000000001421, 14.99999999999981881 ) ) ;
#3591 = DIRECTION ( 'NONE',  ( -6.938893903907229918E-18, 8.743006318923109728E-16, -1.000000000000000000 ) ) ;
#3592 = CIRCLE ( 'NONE', #4084, 2.000000000000005329 ) ;
#3593 = LINE ( 'NONE', #3620, #4920 ) ;
#3594 = CARTESIAN_POINT ( 'NONE',  ( 28.99999999999999289, 7.999999999999979572, -4.499999999999573674 ) ) ;
#3595 = CIRCLE ( 'NONE', #419, 0.7500000000000006661 ) ;
#3596 = EDGE_LOOP ( 'NONE', ( #3485, #4961, #1580, #4010, #749, #1382, #1882, #4821 ) ) ;
#3597 = DIRECTION ( 'NONE',  ( 6.980527267330673326E-15, 1.387778780781445984E-17, -1.000000000000000000 ) ) ;
#3598 = CARTESIAN_POINT ( 'NONE',  ( -0.9988953274227645451, -23.60843045869764723, 25.81996698982752392 ) ) ;
#3599 = DIRECTION ( 'NONE',  ( 0.000000000000000000, 1.000000000000000000, 0.000000000000000000 ) ) ;
#3600 = CARTESIAN_POINT ( 'NONE',  ( -30.00000000000000711, -10.50000000000000888, -4.499999999999587885 ) ) ;
#3601 = DIRECTION ( 'NONE',  ( -6.980527267330673326E-15, -1.387778780781445984E-17, 1.000000000000000000 ) ) ;
#3602 = CARTESIAN_POINT ( 'NONE',  ( -27.18677324489589253, 15.99999999999998579, 33.00100000000006162 ) ) ;
#3603 = VERTEX_POINT ( 'NONE', #5368 ) ;
#3604 = CIRCLE ( 'NONE', #5047, 2.000000000000001776 ) ;
#3605 = DIRECTION ( 'NONE',  ( -1.000000000000000000, 0.000000000000000000, -6.938893903907126615E-15 ) ) ;
#3606 = CARTESIAN_POINT ( 'NONE',  ( -16.81175342613797952, -14.16376636006227230, 24.61369699804637534 ) ) ;
#3607 = CARTESIAN_POINT ( 'NONE',  ( 25.89120863779228898, 17.05180052781641820, 11.30899348554991946 ) ) ;
#3608 = CARTESIAN_POINT ( 'NONE',  ( -25.41581336524503953, 18.74224571180715770, 9.585633763162647369 ) ) ;
#3609 = ORIENTED_EDGE ( 'NONE', *, *, #1271, .T. ) ;
#3610 = ORIENTED_EDGE ( 'NONE', *, *, #3885, .F. ) ;
#3611 = CARTESIAN_POINT ( 'NONE',  ( 22.69021885727273968, 18.61828720192212572, 15.09896572635310008 ) ) ;
#3612 = ORIENTED_EDGE ( 'NONE', *, *, #4281, .F. ) ;
#3613 = LINE ( 'NONE', #3165, #2146 ) ;
#3614 = LINE ( 'NONE', #937, #2836 ) ;
#3615 = EDGE_CURVE ( 'NONE', #2791, #1153, #5820, .T. ) ;
#3616 = FACE_OUTER_BOUND ( 'NONE', #5905, .T. ) ;
#3617 = ORIENTED_EDGE ( 'NONE', *, *, #788, .T. ) ;
#3618 = LINE ( 'NONE', #5882, #705 ) ;
#3619 = CARTESIAN_POINT ( 'NONE',  ( -18.19052177534517156, 14.16615744172898594, 23.61156775373322958 ) ) ;
#3620 = CARTESIAN_POINT ( 'NONE',  ( 28.99999999999999645, 7.499999999999978684, -4.999999999999990230 ) ) ;
#3621 = VECTOR ( 'NONE', #4651, 1000.000000000000000 ) ;
#3622 = ADVANCED_FACE ( 'NONE', ( #4528, #1668 ), #1639, .F. ) ;
#3623 = ORIENTED_EDGE ( 'NONE', *, *, #3839, .F. ) ;
#3624 = FACE_OUTER_BOUND ( 'NONE', #5783, .T. ) ;
#3625 = DIRECTION ( 'NONE',  ( 0.000000000000000000, 0.000000000000000000, -1.000000000000000000 ) ) ;
#3626 = DIRECTION ( 'NONE',  ( 0.000000000000000000, -1.000000000000000000, 0.000000000000000000 ) ) ;
#3627 = DIRECTION ( 'NONE',  ( -6.980527267330673326E-15, -1.387778780781445984E-17, 1.000000000000000000 ) ) ;
#3628 = CARTESIAN_POINT ( 'NONE',  ( -30.00000000000000000, -8.000000000000007105, -4.499999999999573674 ) ) ;
#3629 = ORIENTED_EDGE ( 'NONE', *, *, #2211, .T. ) ;
#3630 = LINE ( 'NONE', #1372, #2713 ) ;
#3631 = CARTESIAN_POINT ( 'NONE',  ( 25.67315766479923411, 13.38217059149053156, 15.84584171966223565 ) ) ;
#3632 = LINE ( 'NONE', #3132, #1932 ) ;
#3633 = B_SPLINE_CURVE_WITH_KNOTS ( 'NONE', 3,
 ( #225, #2454, #3909, #4841, #2096, #3355, #3936, #1494, #3324, #5194, #1066, #4749, #2906, #617, #4300, #3473, #3032, #4874 ),
 .UNSPECIFIED., .F., .F.,
 ( 4, 2, 2, 2, 2, 2, 2, 2, 4 ),
 ( 0.003258230789052604052, 0.003744698973141989597, 0.004231167157231374709, 0.004717635341320760255, 0.005204103525410145800, 0.005690571709499530478, 0.006177039893588916891, 0.006663508077678301569, 0.007149976261767687115 ),
 .UNSPECIFIED. ) ;
#3634 = CARTESIAN_POINT ( 'NONE',  ( -1.012644829101461141E-13, -2.775557561562891351E-14, 15.00000000000000000 ) ) ;
#3635 = EDGE_LOOP ( 'NONE', ( #832, #2308, #3994, #76, #757 ) ) ;
#3636 = VERTEX_POINT ( 'NONE', #2226 ) ;
#3637 = CARTESIAN_POINT ( 'NONE',  ( -30.89518444143392983, 3.799999999999998046, -1.999999999999849010 ) ) ;
#3638 = CARTESIAN_POINT ( 'NONE',  ( -17.50301737294341109, -9.244940219086613453, 26.40475135609445445 ) ) ;
#3639 = DIRECTION ( 'NONE',  ( 0.000000000000000000, -1.000000000000000000, 8.465450562766819607E-16 ) ) ;
#3640 = DIRECTION ( 'NONE',  ( 0.000000000000000000, 0.000000000000000000, -1.000000000000000000 ) ) ;
#3641 = EDGE_CURVE ( 'NONE', #1406, #2041, #3989, .T. ) ;
#3642 = ORIENTED_EDGE ( 'NONE', *, *, #4286, .F. ) ;
#3643 = DIRECTION ( 'NONE',  ( -1.000000000000000000, 0.000000000000000000, 0.000000000000000000 ) ) ;
#3644 = CARTESIAN_POINT ( 'NONE',  ( 25.04620976756450546, 14.18173112413522752, 16.14745591026386506 ) ) ;
#3645 = FACE_OUTER_BOUND ( 'NONE', #3232, .T. ) ;
#3646 = EDGE_CURVE ( 'NONE', #165, #3382, #3495, .T. ) ;
#3647 = EDGE_CURVE ( 'NONE', #5538, #5667, #5341, .T. ) ;
#3648 = ORIENTED_EDGE ( 'NONE', *, *, #4154, .T. ) ;
#3649 = DIRECTION ( 'NONE',  ( 0.000000000000000000, 0.000000000000000000, -1.000000000000000000 ) ) ;
#3650 = CARTESIAN_POINT ( 'NONE',  ( -18.31256638314009066, 11.15556946076920219, 25.08437422257167526 ) ) ;
#3651 = CARTESIAN_POINT ( 'NONE',  ( -6.500000000000000888, -2.775557561562891351E-14, 0.000000000000000000 ) ) ;
#3652 = FACE_OUTER_BOUND ( 'NONE', #3, .T. ) ;
#3653 = CARTESIAN_POINT ( 'NONE',  ( 32.00000000000000000, 0.000000000000000000, 2.359223927328457648E-13 ) ) ;
#3654 = VECTOR ( 'NONE', #2695, 1000.000000000000000 ) ;
#3655 = VERTEX_POINT ( 'NONE', #2114 ) ;
#3656 = FACE_OUTER_BOUND ( 'NONE', #3546, .T. ) ;
#3657 = FACE_BOUND ( 'NONE', #3983, .T. ) ;
#3658 = SHAPE_DEFINITION_REPRESENTATION ( #5879, #2065 ) ;
#3659 = CARTESIAN_POINT ( 'NONE',  ( 24.91044165430863799, 17.86850713668942703, 12.21612456159922111 ) ) ;
#3660 = CARTESIAN_POINT ( 'NONE',  ( -25.08958097987129676, 18.86625005102857600, 10.18318482827211113 ) ) ;
#3661 = ORIENTED_EDGE ( 'NONE', *, *, #1803, .T. ) ;
#3662 = AXIS2_PLACEMENT_3D ( 'NONE', #176, #1984, #537 ) ;
#3663 = ORIENTED_EDGE ( 'NONE', *, *, #3106, .T. ) ;
#3664 = CYLINDRICAL_SURFACE ( 'NONE', #1568, 2.499999999999998668 ) ;
#3665 = VECTOR ( 'NONE', #2523, 1000.000000000000000 ) ;
#3666 = CARTESIAN_POINT ( 'NONE',  ( -17.18530573203380385, -9.264783484643965394, 26.60572278417579639 ) ) ;
#3667 = LINE ( 'NONE', #4558, #4479 ) ;
#3668 = DIRECTION ( 'NONE',  ( 1.000000000000000000, 0.000000000000000000, 1.318389841742373638E-16 ) ) ;
#3669 = AXIS2_PLACEMENT_3D ( 'NONE', #1897, #5570, #5828 ) ;
#3670 = CIRCLE ( 'NONE', #1467, 2.999999999999999112 ) ;
#3671 = EDGE_CURVE ( 'NONE', #5280, #460, #1725, .T. ) ;
#3672 = VERTEX_POINT ( 'NONE', #4892 ) ;
#3673 = CARTESIAN_POINT ( 'NONE',  ( -30.00000000000000000, 0.000000000000000000, 0.000000000000000000 ) ) ;
#3674 = PLANE ( 'NONE',  #4953 ) ;
#3675 = VECTOR ( 'NONE', #2198, 1000.000000000000000 ) ;
#3676 = DIRECTION ( 'NONE',  ( -1.000000000000000000, 0.000000000000000000, 0.000000000000000000 ) ) ;
#3677 = VECTOR ( 'NONE', #5426, 1000.000000000000000 ) ;
#3678 = ORIENTED_EDGE ( 'NONE', *, *, #266, .T. ) ;
#3679 = LINE ( 'NONE', #3743, #1943 ) ;
#3680 = VECTOR ( 'NONE', #4489, 1000.000000000000000 ) ;
#3681 = CARTESIAN_POINT ( 'NONE',  ( -20.00000000000016698, 11.74999999999998224, 23.47205785609762074 ) ) ;
#3682 = DIRECTION ( 'NONE',  ( 0.000000000000000000, 0.000000000000000000, -1.000000000000000000 ) ) ;
#3683 = UNCERTAINTY_MEASURE_WITH_UNIT (LENGTH_MEASURE( 1.000000000000000082E-05 ), #4632, 'distance_accuracy_value', 'NONE');
#3684 = ORIENTED_EDGE ( 'NONE', *, *, #5940, .T. ) ;
#3685 = CARTESIAN_POINT ( 'NONE',  ( 16.62413899951085483, -12.24833631783671173, 25.74177317031567824 ) ) ;
#3686 = DIRECTION ( 'NONE',  ( 2.636779683484747277E-16, 0.000000000000000000, -1.000000000000000000 ) ) ;
#3687 = ORIENTED_EDGE ( 'NONE', *, *, #5422, .T. ) ;
#3688 = DIRECTION ( 'NONE',  ( 0.000000000000000000, 0.000000000000000000, 1.000000000000000000 ) ) ;
#3689 = ADVANCED_FACE ( 'NONE', ( #2142 ), #1185, .F. ) ;
#3690 = AXIS2_PLACEMENT_3D ( 'NONE', #530, #2820, #2423 ) ;
#3691 = LINE ( 'NONE', #1045, #3498 ) ;
#3692 = EDGE_LOOP ( 'NONE', ( #2437, #5784, #4889, #3298, #2833, #5034, #3420, #1445 ) ) ;
#3693 = DIRECTION ( 'NONE',  ( 0.000000000000000000, 0.000000000000000000, 1.000000000000000000 ) ) ;
#3694 = AXIS2_PLACEMENT_3D ( 'NONE', #1027, #2860, #566 ) ;
#3695 = CARTESIAN_POINT ( 'NONE',  ( 30.00000000000000000, -13.74772708486760031, 2.081668171172168513E-13 ) ) ;
#3696 = CARTESIAN_POINT ( 'NONE',  ( -21.25034826254436737, 16.62483892717908418, 19.00176951378577428 ) ) ;
#3697 = ORIENTED_EDGE ( 'NONE', *, *, #1133, .T. ) ;
#3698 = VERTEX_POINT ( 'NONE', #2200 ) ;
#3699 = EDGE_CURVE ( 'NONE', #3076, #3382, #4473, .T. ) ;
#3700 = DIRECTION ( 'NONE',  ( 6.980527267330673326E-15, 1.387778780781445984E-17, -1.000000000000000000 ) ) ;
#3701 = CIRCLE ( 'NONE', #4575, 32.87856444554711288 ) ;
#3702 = EDGE_CURVE ( 'NONE', #4477, #147, #2594, .T. ) ;
#3703 = B_SPLINE_CURVE_WITH_KNOTS ( 'NONE', 3,
 ( #5827, #194, #3503, #3000, #711, #4363 ),
 .UNSPECIFIED., .F., .F.,
 ( 4, 2, 4 ),
 ( 0.01658204017060591756, 0.01693159725135036375, 0.01728115433209481341 ),
 .UNSPECIFIED. ) ;
#3704 = ORIENTED_EDGE ( 'NONE', *, *, #4585, .F. ) ;
#3705 = LINE ( 'NONE', #4076, #3890 ) ;
#3706 = LINE ( 'NONE', #3249, #621 ) ;
#3707 = CARTESIAN_POINT ( 'NONE',  ( 23.43677324489563674, -16.00000000000001421, 2.000000000000162981 ) ) ;
#3708 = CARTESIAN_POINT ( 'NONE',  ( 28.99999999999999289, -10.50000000000000888, -4.499999999999573674 ) ) ;
#3709 = EDGE_CURVE ( 'NONE', #5702, #4492, #5763, .T. ) ;
#3710 = EDGE_CURVE ( 'NONE', #3655, #3913, #3079, .T. ) ;
#3711 = ORIENTED_EDGE ( 'NONE', *, *, #122, .T. ) ;
#3712 = DIRECTION ( 'NONE',  ( 0.7071067811865476838, 0.000000000000000000, -0.7071067811865474617 ) ) ;
#3713 = CARTESIAN_POINT ( 'NONE',  ( 26.10643365897803037, 15.42933991448279407, 13.01666033472313089 ) ) ;
#3714 = CARTESIAN_POINT ( 'NONE',  ( 29.99999999999999289, 8.000000000000007105, -2.499999999999571898 ) ) ;
#3715 = AXIS2_PLACEMENT_3D ( 'NONE', #378, #4967, #5896 ) ;
#3716 = EDGE_LOOP ( 'NONE', ( #1628, #323, #4114, #2333 ) ) ;
#3717 = CARTESIAN_POINT ( 'NONE',  ( 0.000000000000000000, 0.000000000000000000, 0.000000000000000000 ) ) ;
#3718 = CARTESIAN_POINT ( 'NONE',  ( -27.18677324489565450, -15.72239214423739107, 10.14755950104040494 ) ) ;
#3719 = DIRECTION ( 'NONE',  ( -6.980527267330673326E-15, -1.387778780781445984E-17, 1.000000000000000000 ) ) ;
#3720 = LINE ( 'NONE', #4660, #1831 ) ;
#3721 = VERTEX_POINT ( 'NONE', #2622 ) ;
#3722 = CARTESIAN_POINT ( 'NONE',  ( 14.99999999999980460, 2.172292246627349082E-15, 27.99999999999998224 ) ) ;
#3723 = ADVANCED_FACE ( 'NONE', ( #3025, #4868 ), #2568, .T. ) ;
#3724 = DIRECTION ( 'NONE',  ( -6.994405055138486205E-15, 0.000000000000000000, 1.000000000000000000 ) ) ;
#3725 = EDGE_CURVE ( 'NONE', #5450, #5601, #1300, .T. ) ;
#3726 = PERSON_AND_ORGANIZATION ( #4717, #985 ) ;
#3727 = CARTESIAN_POINT ( 'NONE',  ( -26.12295140592649645, -16.50771842963884239, 11.58008981236407742 ) ) ;
#3728 = DIRECTION ( 'NONE',  ( -1.000000000000000000, 0.000000000000000000, 0.000000000000000000 ) ) ;
#3729 = ORIENTED_EDGE ( 'NONE', *, *, #1016, .F. ) ;
#3730 = EDGE_LOOP ( 'NONE', ( #4227, #5639, #5064, #1754 ) ) ;
#3731 = CARTESIAN_POINT ( 'NONE',  ( -28.99999999999999645, 10.50000000000000888, -4.499999999999573674 ) ) ;
#3732 = EDGE_CURVE ( 'NONE', #4223, #5870, #3705, .T. ) ;
#3733 = CARTESIAN_POINT ( 'NONE',  ( -24.18677324489567226, 15.99999999999995914, 1.999999999999835243 ) ) ;
#3734 = CARTESIAN_POINT ( 'NONE',  ( -26.18677324489588543, -16.00000000000001421, 33.00100000000006872 ) ) ;
#3735 = ORIENTED_EDGE ( 'NONE', *, *, #1658, .F. ) ;
#3736 = CARTESIAN_POINT ( 'NONE',  ( 0.000000000000000000, 0.000000000000000000, 0.000000000000000000 ) ) ;
#3737 = CARTESIAN_POINT ( 'NONE',  ( -25.61704396060996913, 17.40121137472780077, 11.40075459458165774 ) ) ;
#3738 = ORIENTED_EDGE ( 'NONE', *, *, #1750, .T. ) ;
#3739 = CARTESIAN_POINT ( 'NONE',  ( 22.13759665443958724, -13.80891001984688238, 15.00000000000015277 ) ) ;
#3740 = CARTESIAN_POINT ( 'NONE',  ( -15.00000000000019362, 11.74999999999998046, 26.94322734937288288 ) ) ;
#3741 = CYLINDRICAL_SURFACE ( 'NONE', #5454, 2.499999999999998668 ) ;
#3742 = EDGE_LOOP ( 'NONE', ( #3312, #4947, #104, #1480 ) ) ;
#3743 = CARTESIAN_POINT ( 'NONE',  ( -31.00000000000000000, 0.000000000000000000, -2.081668171172168513E-13 ) ) ;
#3744 = CARTESIAN_POINT ( 'NONE',  ( -16.50000000000018119, 11.74999999999998046, 26.05163142684147815 ) ) ;
#3745 = CARTESIAN_POINT ( 'NONE',  ( 17.94927014987771940, 14.21234962878231478, 23.76664362786452145 ) ) ;
#3746 = CARTESIAN_POINT ( 'NONE',  ( -26.00298847846816130, 15.13729886922386925, 13.56029873828637911 ) ) ;
#3747 = ORIENTED_EDGE ( 'NONE', *, *, #3262, .F. ) ;
#3748 = CARTESIAN_POINT ( 'NONE',  ( -15.31387953695615245, 10.52277571829966263, 27.27255005862443582 ) ) ;
#3749 = ORIENTED_EDGE ( 'NONE', *, *, #1383, .T. ) ;
#3750 = FACE_OUTER_BOUND ( 'NONE', #4894, .T. ) ;
#3751 = PERSON_AND_ORGANIZATION ( #4717, #985 ) ;
#3752 = EDGE_CURVE ( 'NONE', #1636, #55, #5232, .T. ) ;
#3753 = DIRECTION ( 'NONE',  ( -6.994405055138486205E-15, -1.387778780781445984E-17, 1.000000000000000000 ) ) ;
#3754 = DIRECTION ( 'NONE',  ( -0.8439597323689262964, 0.5364065343932438168, -1.040834085586084103E-17 ) ) ;
#3755 = ORIENTED_EDGE ( 'NONE', *, *, #4589, .T. ) ;
#3756 = ORIENTED_EDGE ( 'NONE', *, *, #4148, .F. ) ;
#3757 = PRODUCT_DEFINITION ( '�', '', #3290, #922 ) ;
#3758 = FACE_OUTER_BOUND ( 'NONE', #2474, .T. ) ;
#3759 = AXIS2_PLACEMENT_3D ( 'NONE', #3810, #5099, #1874 ) ;
#3760 = LINE ( 'NONE', #5152, #903 ) ;
#3761 = DIRECTION ( 'NONE',  ( 0.000000000000000000, 0.000000000000000000, 1.000000000000000000 ) ) ;
#3762 = CARTESIAN_POINT ( 'NONE',  ( -24.18677324489566871, -16.00000000000001421, 1.999999999999835243 ) ) ;
#3763 = ORIENTED_EDGE ( 'NONE', *, *, #1732, .T. ) ;
#3764 = VERTEX_POINT ( 'NONE', #4639 ) ;
#3765 = DIRECTION ( 'NONE',  ( 6.980527267330673326E-15, 1.387778780781445984E-17, -1.000000000000000000 ) ) ;
#3766 = EDGE_CURVE ( 'NONE', #756, #386, #5132, .T. ) ;
#3767 = VECTOR ( 'NONE', #2082, 1000.000000000000000 ) ;
#3768 = VECTOR ( 'NONE', #35, 1000.000000000000000 ) ;
#3769 = EDGE_LOOP ( 'NONE', ( #3704, #5352, #785, #5653 ) ) ;
#3770 = DIRECTION ( 'NONE',  ( 1.000000000000000000, 0.000000000000000000, 0.000000000000000000 ) ) ;
#3771 = VECTOR ( 'NONE', #1551, 1000.000000000000000 ) ;
#3772 = CARTESIAN_POINT ( 'NONE',  ( 15.54246849998533264, -13.32189088591777804, 25.88515205962858445 ) ) ;
#3773 = CARTESIAN_POINT ( 'NONE',  ( 19.99999999999996092, -11.58000497646083460, 23.55715655254918062 ) ) ;
#3774 = AXIS2_PLACEMENT_3D ( 'NONE', #3450, #5266, #2154 ) ;
#3775 = EDGE_CURVE ( 'NONE', #1058, #918, #2056, .T. ) ;
#3776 = AXIS2_PLACEMENT_3D ( 'NONE', #3116, #1274, #4895 ) ;
#3777 = EDGE_CURVE ( 'NONE', #2780, #2284, #5606, .T. ) ;
#3778 = AXIS2_PLACEMENT_3D ( 'NONE', #4979, #3167, #2350 ) ;
#3779 = VERTEX_POINT ( 'NONE', #420 ) ;
#3780 = DIRECTION ( 'NONE',  ( 1.000000000000000000, 0.000000000000000000, 0.000000000000000000 ) ) ;
#3781 = LINE ( 'NONE', #4329, #5915 ) ;
#3782 = CARTESIAN_POINT ( 'NONE',  ( 16.49999999999907629, -11.88818097478237412, 25.98930801887265929 ) ) ;
#3783 = AXIS2_PLACEMENT_3D ( 'NONE', #1268, #3052, #5310 ) ;
#3784 = CARTESIAN_POINT ( 'NONE',  ( 18.37823608453610902, -11.25592177157251861, 24.99135236331919430 ) ) ;
#3785 = VERTEX_POINT ( 'NONE', #5068 ) ;
#3786 = DIRECTION ( 'NONE',  ( -1.000000000000000000, 8.881784197001252323E-16, 0.000000000000000000 ) ) ;
#3787 = EDGE_CURVE ( 'NONE', #3926, #2989, #506, .T. ) ;
#3788 = AXIS2_PLACEMENT_3D ( 'NONE', #3981, #1567, #1659 ) ;
#3789 = EDGE_CURVE ( 'NONE', #3514, #5191, #3613, .T. ) ;
#3790 = VERTEX_POINT ( 'NONE', #1325 ) ;
#3791 = DIRECTION ( 'NONE',  ( -1.000000000000000000, 0.000000000000000000, -6.938893903907222067E-15 ) ) ;
#3792 = CARTESIAN_POINT ( 'NONE',  ( -32.00000000000000000, -3.799999999999998046, -2.220446049250313081E-13 ) ) ;
#3793 = CARTESIAN_POINT ( 'NONE',  ( 19.69083777605750285, 10.53661999179785802, 24.29581009955579418 ) ) ;
#3794 = DIRECTION ( 'NONE',  ( 6.994405055138486205E-15, 1.387778780781445984E-17, -1.000000000000000000 ) ) ;
#3795 = ORIENTED_EDGE ( 'NONE', *, *, #1778, .T. ) ;
#3796 = VERTEX_POINT ( 'NONE', #874 ) ;
#3797 = CARTESIAN_POINT ( 'NONE',  ( 0.9861396688690099444, -20.92436221554064346, 25.49957433894256198 ) ) ;
#3798 = VECTOR ( 'NONE', #3954, 1000.000000000000000 ) ;
#3799 = DIRECTION ( 'NONE',  ( 1.000000000000000000, 0.000000000000000000, 6.938893903907232322E-15 ) ) ;
#3800 = FACE_OUTER_BOUND ( 'NONE', #2750, .T. ) ;
#3801 = DIRECTION ( 'NONE',  ( 0.5364065343932427066, -0.8439597323689271846, 3.760880495917718570E-15 ) ) ;
#3802 = ORIENTED_EDGE ( 'NONE', *, *, #2868, .T. ) ;
#3803 = EDGE_LOOP ( 'NONE', ( #5205, #4277, #5491, #543 ) ) ;
#3804 = CARTESIAN_POINT ( 'NONE',  ( 29.99999999999999645, 7.499999999999978684, -1.999999999999793499 ) ) ;
#3805 = VECTOR ( 'NONE', #1301, 1000.000000000000000 ) ;
#3806 = ORIENTED_EDGE ( 'NONE', *, *, #51, .F. ) ;
#3807 = CARTESIAN_POINT ( 'NONE',  ( -28.99999999999999645, 11.99999999999998224, -4.499999999999573674 ) ) ;
#3808 = EDGE_CURVE ( 'NONE', #1980, #4253, #24, .T. ) ;
#3809 = CARTESIAN_POINT ( 'NONE',  ( -22.18677324489566516, -16.00000000000001421, 1.999999999999849010 ) ) ;
#3810 = CARTESIAN_POINT ( 'NONE',  ( -24.18677324489588898, 15.99999999999998579, 33.00100000000008293 ) ) ;
#3811 = VERTEX_POINT ( 'NONE', #4106 ) ;
#3812 = CARTESIAN_POINT ( 'NONE',  ( -26.00249012756221134, -15.13618962937996493, 13.56251046439364849 ) ) ;
#3813 = CARTESIAN_POINT ( 'NONE',  ( -16.93187093932638376, -12.60549626144763735, 25.36736462968290695 ) ) ;
#3814 = CARTESIAN_POINT ( 'NONE',  ( 16.81081130601384288, 14.16350396850996773, 24.61449263630892759 ) ) ;
#3815 = CARTESIAN_POINT ( 'NONE',  ( 17.49999999999992539, -11.75000000000001066, 10.00000000000012079 ) ) ;
#3816 = ORIENTED_EDGE ( 'NONE', *, *, #1517, .F. ) ;
#3817 = CARTESIAN_POINT ( 'NONE',  ( -29.99999999999998579, 0.000000000000000000, -2.000000000000210054 ) ) ;
#3818 = ORIENTED_EDGE ( 'NONE', *, *, #5736, .T. ) ;
#3819 = CARTESIAN_POINT ( 'NONE',  ( -19.91502058360528693, 12.39627825335812261, 23.21043387401232394 ) ) ;
#3820 = CARTESIAN_POINT ( 'NONE',  ( 17.11208412667536649, 10.81869928223409971, 26.06060597460534822 ) ) ;
#3821 = CARTESIAN_POINT ( 'NONE',  ( 15.77566439438229651, 9.930325175651850245, 27.23147741675198930 ) ) ;
#3822 = FACE_OUTER_BOUND ( 'NONE', #4769, .T. ) ;
#3823 = ORIENTED_EDGE ( 'NONE', *, *, #5536, .F. ) ;
#3824 = ORIENTED_EDGE ( 'NONE', *, *, #5666, .T. ) ;
#3825 = CARTESIAN_POINT ( 'NONE',  ( 28.99999999999999289, 12.49999999999998401, 2.000000000000001776 ) ) ;
#3826 = FACE_OUTER_BOUND ( 'NONE', #1174, .T. ) ;
#3827 = DIRECTION ( 'NONE',  ( 1.000000000000000000, 0.000000000000000000, 0.000000000000000000 ) ) ;
#3828 = LINE ( 'NONE', #1091, #335 ) ;
#3829 = VERTEX_POINT ( 'NONE', #1804 ) ;
#3830 = ORIENTED_EDGE ( 'NONE', *, *, #999, .F. ) ;
#3831 = ORIENTED_EDGE ( 'NONE', *, *, #939, .T. ) ;
#3832 = CARTESIAN_POINT ( 'NONE',  ( 0.6862852270366670560, 1.079772634003717258, 0.000000000000000000 ) ) ;
#3833 = VERTEX_POINT ( 'NONE', #3193 ) ;
#3834 = FACE_OUTER_BOUND ( 'NONE', #1776, .T. ) ;
#3835 = PLANE ( 'NONE',  #5428 ) ;
#3836 = EDGE_CURVE ( 'NONE', #3411, #3376, #908, .T. ) ;
#3837 = CARTESIAN_POINT ( 'NONE',  ( 15.01838395803923731, -11.39669718537930798, 27.08504008852451506 ) ) ;
#3838 = CIRCLE ( 'NONE', #174, 13.74772708486752393 ) ;
#3839 = EDGE_CURVE ( 'NONE', #20, #31, #5513, .T. ) ;
#3840 = ORIENTED_EDGE ( 'NONE', *, *, #3289, .T. ) ;
#3841 = DIRECTION ( 'NONE',  ( 0.000000000000000000, 0.000000000000000000, 1.000000000000000000 ) ) ;
#3842 = CARTESIAN_POINT ( 'NONE',  ( -29.99999999999998579, -13.74772708486760031, -2.000000000000210054 ) ) ;
#3843 = CARTESIAN_POINT ( 'NONE',  ( 15.04081397086433292, 12.26200621720621164, 26.69269128503447064 ) ) ;
#3844 = CARTESIAN_POINT ( 'NONE',  ( -22.62057658780961589, 14.75187046293307525, 18.96584106222960386 ) ) ;
#3845 = EDGE_CURVE ( 'NONE', #179, #5018, #5609, .T. ) ;
#3846 = CARTESIAN_POINT ( 'NONE',  ( -2.075162958137255487E-13, 0.000000000000000000, 30.00000000000001421 ) ) ;
#3847 = EDGE_CURVE ( 'NONE', #472, #316, #2432, .T. ) ;
#3848 = ORIENTED_EDGE ( 'NONE', *, *, #889, .T. ) ;
#3849 = CARTESIAN_POINT ( 'NONE',  ( -21.69494690855885111, -17.68066554836252280, 17.48837360205928348 ) ) ;
#3850 = CARTESIAN_POINT ( 'NONE',  ( 16.98112131472159092, 10.88257051260170627, 26.11961008494023773 ) ) ;
#3851 = FACE_OUTER_BOUND ( 'NONE', #2456, .T. ) ;
#3852 = CYLINDRICAL_SURFACE ( 'NONE', #1553, 3.000000000000002665 ) ;
#3853 = ORIENTED_EDGE ( 'NONE', *, *, #5225, .T. ) ;
#3854 = VERTEX_POINT ( 'NONE', #633 ) ;
#3855 = CARTESIAN_POINT ( 'NONE',  ( 0.08638003641750055528, -21.88401242916848233, 24.70000000000002416 ) ) ;
#3856 = EDGE_CURVE ( 'NONE', #2010, #3863, #144, .T. ) ;
#3857 = CARTESIAN_POINT ( 'NONE',  ( -28.99999999999999645, -12.50000000000001066, -4.999999999999990230 ) ) ;
#3858 = B_SPLINE_CURVE_WITH_KNOTS ( 'NONE', 3,
 ( #2481, #359, #2195, #4039, #1720, #1616, #1102, #5260, #645, #1132, #5739, #5223, #2968, #4807, #4356, #1236, #2939, #4912, #4014, #5843, #4778, #5872, #1745, #3577, #4069, #5537, #901, #471, #2790, #5957 ),
 .UNSPECIFIED., .F., .F.,
 ( 4, 2, 2, 2, 2, 2, 2, 2, 2, 2, 2, 2, 2, 2, 4 ),
 ( 0.02019782031602144340, 0.02082512836016546173, 0.02145243640430948007, 0.02270705249259752020, 0.02396166858088556034, 0.02521628466917360742, 0.02647090075746165103, 0.02709820880160567630, 0.02772551684574969810, 0.02835282488989372338, 0.02866647891196573428, 0.02898013293403774171, 0.02960744097818176351, 0.02992109500025377095, 0.03023474902232577838 ),
 .UNSPECIFIED. ) ;
#3859 = CARTESIAN_POINT ( 'NONE',  ( 1.797292330510919213E-13, -21.88401242916885181, 24.69999999999967244 ) ) ;
#3860 = CARTESIAN_POINT ( 'NONE',  ( -1.945058697438994955E-13, 0.000000000000000000, 27.99999999999998224 ) ) ;
#3861 = CARTESIAN_POINT ( 'NONE',  ( 28.99999999999999289, 7.999999999999979572, -4.499999999999573674 ) ) ;
#3862 = VERTEX_POINT ( 'NONE', #1983 ) ;
#3863 = VERTEX_POINT ( 'NONE', #4314 ) ;
#3864 = ORIENTED_EDGE ( 'NONE', *, *, #5429, .T. ) ;
#3865 = LINE ( 'NONE', #4802, #3879 ) ;
#3866 = VECTOR ( 'NONE', #5358, 1000.000000000000000 ) ;
#3867 = ORIENTED_EDGE ( 'NONE', *, *, #3929, .F. ) ;
#3868 = CARTESIAN_POINT ( 'NONE',  ( 28.99999999999999645, -12.50000000000001066, 3.000000000000002665 ) ) ;
#3869 = CARTESIAN_POINT ( 'NONE',  ( -24.18677324489565805, -16.00000000000001421, -1.665334536937734811E-13 ) ) ;
#3870 = CARTESIAN_POINT ( 'NONE',  ( 19.54204959053289770, -10.27864900147828742, 24.52754597079753651 ) ) ;
#3871 = VECTOR ( 'NONE', #1477, 1000.000000000000000 ) ;
#3872 = ORIENTED_EDGE ( 'NONE', *, *, #2763, .T. ) ;
#3873 = CARTESIAN_POINT ( 'NONE',  ( -25.67798116831087185, -14.65328666064444008, 14.66613580709037734 ) ) ;
#3874 = LINE ( 'NONE', #1933, #4386 ) ;
#3875 = AXIS2_PLACEMENT_3D ( 'NONE', #1110, #2550, #5800 ) ;
#3876 = CARTESIAN_POINT ( 'NONE',  ( 16.02373354139503547, 13.77951541779075839, 25.34651122164670767 ) ) ;
#3877 = LINE ( 'NONE', #3474, #584 ) ;
#3878 = DIRECTION ( 'NONE',  ( 6.980527267330673326E-15, 1.387778780781445984E-17, -1.000000000000000000 ) ) ;
#3879 = VECTOR ( 'NONE', #5700, 1000.000000000000000 ) ;
#3880 = ORIENTED_EDGE ( 'NONE', *, *, #858, .F. ) ;
#3881 = CARTESIAN_POINT ( 'NONE',  ( -25.08227906937482388, -18.86845955922780149, 10.19700321015813138 ) ) ;
#3882 = AXIS2_PLACEMENT_3D ( 'NONE', #4028, #772, #402 ) ;
#3883 = CARTESIAN_POINT ( 'NONE',  ( 30.00000000000000711, 0.000000000000000000, -1.999999999999793499 ) ) ;
#3884 = CARTESIAN_POINT ( 'NONE',  ( -25.69660873709772986, -17.31605260844864702, 11.35124173414927462 ) ) ;
#3885 = EDGE_CURVE ( 'NONE', #3811, #4993, #5906, .T. ) ;
#3886 = LINE ( 'NONE', #5628, #2406 ) ;
#3887 = VERTEX_POINT ( 'NONE', #1506 ) ;
#3888 = CARTESIAN_POINT ( 'NONE',  ( 25.67337835912362110, -13.38247341491920572, 15.84509231378704008 ) ) ;
#3889 = LINE ( 'NONE', #172, #703 ) ;
#3890 = VECTOR ( 'NONE', #5455, 1000.000000000000000 ) ;
#3891 = DIRECTION ( 'NONE',  ( 0.000000000000000000, -1.000000000000000000, 0.000000000000000000 ) ) ;
#3892 = AXIS2_PLACEMENT_3D ( 'NONE', #4909, #868, #4577 ) ;
#3893 = LINE ( 'NONE', #2015, #1457 ) ;
#3894 = CARTESIAN_POINT ( 'NONE',  ( -17.89138435183561171, 12.67969008382519647, 24.66063188430834074 ) ) ;
#3895 = EDGE_LOOP ( 'NONE', ( #5212, #4452, #2960, #2430 ) ) ;
#3896 = EDGE_CURVE ( 'NONE', #1483, #859, #564, .T. ) ;
#3897 = ORIENTED_EDGE ( 'NONE', *, *, #1630, .T. ) ;
#3898 = ORIENTED_EDGE ( 'NONE', *, *, #4442, .T. ) ;
#3899 = DIRECTION ( 'NONE',  ( -1.000000000000000000, 0.000000000000000000, 0.000000000000000000 ) ) ;
#3900 = VECTOR ( 'NONE', #4234, 1000.000000000000000 ) ;
#3901 = DIRECTION ( 'NONE',  ( 0.000000000000000000, -1.000000000000000000, 0.000000000000000000 ) ) ;
#3902 = CARTESIAN_POINT ( 'NONE',  ( 22.18677324489563318, -16.00000000000001421, 2.000000000000154543 ) ) ;
#3903 = CIRCLE ( 'NONE', #2352, 2.999999999999999112 ) ;
#3904 = LINE ( 'NONE', #817, #4311 ) ;
#3905 = ADVANCED_FACE ( 'NONE', ( #3826, #1122 ), #3340, .T. ) ;
#3906 = ORIENTED_EDGE ( 'NONE', *, *, #4042, .F. ) ;
#3907 = CARTESIAN_POINT ( 'NONE',  ( -1.016981637791403159E-13, -2.775557561562891351E-14, 15.00000000000000000 ) ) ;
#3908 = SPHERICAL_SURFACE ( 'NONE', #4475, 33.00000000000000000 ) ;
#3909 = CARTESIAN_POINT ( 'NONE',  ( 0.3253116065811879620, -22.67903386590671388, 26.65675139197549015 ) ) ;
#3910 = FACE_BOUND ( 'NONE', #3769, .T. ) ;
#3911 = DIRECTION ( 'NONE',  ( 0.000000000000000000, 0.000000000000000000, 1.000000000000000000 ) ) ;
#3912 = B_SPLINE_CURVE_WITH_KNOTS ( 'NONE', 3,
 ( #4199, #2777, #5073, #61, #1900, #943, #4592, #4168, #427, #5921, #2264, #4112, #1873, #5944, #4983, #1809, #5488, #3644, #3200, #458, #33, #2293, #5969, #3713, #5548, #1486, #3417, #5610 ),
 .UNSPECIFIED., .F., .F.,
 ( 4, 2, 2, 2, 2, 2, 2, 2, 2, 2, 2, 2, 2, 4 ),
 ( 0.01056545260849903883, 0.01118818730656975444, 0.01181092200464047177, 0.01243365670271118738, 0.01305639140078190472, 0.01367912609885262032, 0.01430186079692333592, 0.01492459549499405326, 0.01554733019306477060, 0.01679279958920620874, 0.01803826898534764342, 0.01928373838148907810, 0.01990647307955980064, 0.02052920777763051971 ),
 .UNSPECIFIED. ) ;
#3913 = VERTEX_POINT ( 'NONE', #5597 ) ;
#3914 = CARTESIAN_POINT ( 'NONE',  ( -26.71804858780132719, -17.61246760319981419, 8.059433760223480903 ) ) ;
#3915 = CARTESIAN_POINT ( 'NONE',  ( 18.06161401140133904, 10.91440454111030256, 25.37078469444045936 ) ) ;
#3916 = LINE ( 'NONE', #3041, #1661 ) ;
#3917 = DIRECTION ( 'NONE',  ( 0.000000000000000000, 8.465450562766820593E-16, 1.000000000000000000 ) ) ;
#3918 = ORIENTED_EDGE ( 'NONE', *, *, #3732, .T. ) ;
#3919 = FACE_OUTER_BOUND ( 'NONE', #4696, .T. ) ;
#3920 = CARTESIAN_POINT ( 'NONE',  ( 21.19704188723801153, 15.70658609854234200, 19.82479210045273632 ) ) ;
#3921 = EDGE_CURVE ( 'NONE', #332, #2616, #1535, .T. ) ;
#3922 = DIRECTION ( 'NONE',  ( -1.000000000000000000, 0.000000000000000000, -6.938893903907222067E-15 ) ) ;
#3923 = CARTESIAN_POINT ( 'NONE',  ( 30.89518444143392983, 13.94170386461438049, -1.999999999999779732 ) ) ;
#3924 = DIRECTION ( 'NONE',  ( -1.000000000000000000, 0.000000000000000000, -6.994405055138490149E-15 ) ) ;
#3925 = ORIENTED_EDGE ( 'NONE', *, *, #3085, .F. ) ;
#3926 = VERTEX_POINT ( 'NONE', #3309 ) ;
#3927 = ORIENTED_EDGE ( 'NONE', *, *, #311, .T. ) ;
#3928 = DIRECTION ( 'NONE',  ( 6.709910405078291419E-15, 1.665334536937735304E-16, -1.000000000000000000 ) ) ;
#3929 = EDGE_CURVE ( 'NONE', #3073, #4477, #3369, .T. ) ;
#3930 = VECTOR ( 'NONE', #1035, 1000.000000000000000 ) ;
#3931 = PLANE ( 'NONE',  #607 ) ;
#3932 = CARTESIAN_POINT ( 'NONE',  ( 30.00000000000000000, 0.000000000000000000, 1.387778780781445676E-14 ) ) ;
#3933 = ORIENTED_EDGE ( 'NONE', *, *, #5838, .F. ) ;
#3934 = CARTESIAN_POINT ( 'NONE',  ( -22.18677324489578240, -15.83993765981007229, 18.59807344562106124 ) ) ;
#3935 = CARTESIAN_POINT ( 'NONE',  ( 23.62640464360224257, -17.93044344897991138, 14.47337197743921955 ) ) ;
#3936 = CARTESIAN_POINT ( 'NONE',  ( 0.9039880877262169712, -23.25501872678786341, 26.14217392957520758 ) ) ;
#3937 = CARTESIAN_POINT ( 'NONE',  ( -0.1183245745532261195, 0.1861669645496777381, 0.000000000000000000 ) ) ;
#3938 = CARTESIAN_POINT ( 'NONE',  ( 6.505213034913026604E-16, 0.000000000000000000, 30.00000000000001421 ) ) ;
#3939 = VERTEX_POINT ( 'NONE', #5249 ) ;
#3940 = CARTESIAN_POINT ( 'NONE',  ( -21.18677324489578240, -16.26839154061570980, 19.37988951895050249 ) ) ;
#3941 = CARTESIAN_POINT ( 'NONE',  ( -0.5840803064805267786, -22.82822539815877150, 26.52466367153027349 ) ) ;
#3942 = FACE_OUTER_BOUND ( 'NONE', #2129, .T. ) ;
#3943 = CARTESIAN_POINT ( 'NONE',  ( -23.43677324489567226, 15.99999999999995914, 1.999999999999840350 ) ) ;
#3944 = EDGE_LOOP ( 'NONE', ( #5027, #3022 ) ) ;
#3945 = ORIENTED_EDGE ( 'NONE', *, *, #2715, .T. ) ;
#3946 = EDGE_CURVE ( 'NONE', #5450, #4739, #746, .T. ) ;
#3947 = DIRECTION ( 'NONE',  ( 0.000000000000000000, -1.000000000000000000, 0.000000000000000000 ) ) ;
#3948 = CARTESIAN_POINT ( 'NONE',  ( 18.49999999999992895, 11.74999999999998224, 10.00000000000012612 ) ) ;
#3949 = DIRECTION ( 'NONE',  ( 0.000000000000000000, -1.000000000000000000, 0.000000000000000000 ) ) ;
#3950 = EDGE_LOOP ( 'NONE', ( #5158, #157 ) ) ;
#3951 = ORIENTED_EDGE ( 'NONE', *, *, #5765, .F. ) ;
#3952 = PLANE ( 'NONE',  #5605 ) ;
#3953 = CYLINDRICAL_SURFACE ( 'NONE', #5712, 2.500000000000000444 ) ;
#3954 = DIRECTION ( 'NONE',  ( -1.000000000000000000, 0.000000000000000000, 0.000000000000000000 ) ) ;
#3955 = AXIS2_PLACEMENT_3D ( 'NONE', #4113, #5945, #1929 ) ;
#3956 = EDGE_CURVE ( 'NONE', #4415, #2163, #896, .T. ) ;
#3957 = CIRCLE ( 'NONE', #1448, 2.499999999999998668 ) ;
#3958 = CIRCLE ( 'NONE', #1349, 1.000000000000000888 ) ;
#3959 = ORIENTED_EDGE ( 'NONE', *, *, #2295, .T. ) ;
#3960 = LINE ( 'NONE', #5794, #312 ) ;
#3961 = CARTESIAN_POINT ( 'NONE',  ( 23.43728580496231118, -17.86534165803966800, 14.85638549695273092 ) ) ;
#3962 = DIRECTION ( 'NONE',  ( -1.000000000000000000, 0.000000000000000000, -6.938893903907222067E-15 ) ) ;
#3963 = AXIS2_PLACEMENT_3D ( 'NONE', #2306, #5656, #4723 ) ;
#3964 = EDGE_CURVE ( 'NONE', #3306, #3528, #3760, .T. ) ;
#3965 = CARTESIAN_POINT ( 'NONE',  ( -23.62640464360244863, 17.93044344897988651, 14.47337197743889625 ) ) ;
#3966 = EDGE_CURVE ( 'NONE', #2052, #1450, #836, .T. ) ;
#3967 = AXIS2_PLACEMENT_3D ( 'NONE', #2039, #4457, #4934 ) ;
#3968 = CIRCLE ( 'NONE', #4738, 14.99999999999999822 ) ;
#3969 = EDGE_LOOP ( 'NONE', ( #1126, #4689 ) ) ;
#3970 = LINE ( 'NONE', #3174, #1555 ) ;
#3971 = CARTESIAN_POINT ( 'NONE',  ( 1.409462824231155764E-14, -2.775557561562891351E-14, -1.999999999999988010 ) ) ;
#3972 = DIRECTION ( 'NONE',  ( -1.000000000000000000, 8.673617379884035472E-19, -6.994405055138486205E-15 ) ) ;
#3973 = CARTESIAN_POINT ( 'NONE',  ( -22.91151521500720989, -17.55562223437297931, 16.00148844290751526 ) ) ;
#3974 = DIRECTION ( 'NONE',  ( 0.000000000000000000, 0.000000000000000000, -1.000000000000000000 ) ) ;
#3975 = EDGE_LOOP ( 'NONE', ( #3756, #3840, #5295, #2482, #2077 ) ) ;
#3976 = ORIENTED_EDGE ( 'NONE', *, *, #2151, .F. ) ;
#3977 = AXIS2_PLACEMENT_3D ( 'NONE', #3213, #4604, #4994 ) ;
#3978 = EDGE_CURVE ( 'NONE', #2261, #3672, #2668, .T. ) ;
#3979 = EDGE_CURVE ( 'NONE', #1483, #4436, #320, .T. ) ;
#3980 = AXIS2_PLACEMENT_3D ( 'NONE', #278, #854, #2117 ) ;
#3981 = CARTESIAN_POINT ( 'NONE',  ( -24.18677324489566871, -16.00000000000001421, 1.999999999999835243 ) ) ;
#3982 = CARTESIAN_POINT ( 'NONE',  ( -30.00000000000000000, -13.74772708486757189, -2.081668171172168513E-13 ) ) ;
#3983 = EDGE_LOOP ( 'NONE', ( #5746, #3028 ) ) ;
#3984 = ORIENTED_EDGE ( 'NONE', *, *, #3777, .F. ) ;
#3985 = CIRCLE ( 'NONE', #1579, 2.500000000000002220 ) ;
#3986 = EDGE_LOOP ( 'NONE', ( #1871, #360 ) ) ;
#3987 = CARTESIAN_POINT ( 'NONE',  ( -19.91502058360533667, 12.39627825335806754, 30.31288913245509775 ) ) ;
#3988 = AXIS2_PLACEMENT_3D ( 'NONE', #1791, #4932, #375 ) ;
#3989 = LINE ( 'NONE', #4918, #3677 ) ;
#3990 = DIRECTION ( 'NONE',  ( 6.709910405078291419E-15, 1.665334536937735304E-16, -1.000000000000000000 ) ) ;
#3991 = VECTOR ( 'NONE', #1529, 1000.000000000000000 ) ;
#3992 = EDGE_CURVE ( 'NONE', #2931, #2677, #1771, .T. ) ;
#3993 = EDGE_CURVE ( 'NONE', #5845, #2641, #1250, .T. ) ;
#3994 = ORIENTED_EDGE ( 'NONE', *, *, #4320, .T. ) ;
#3995 = DIRECTION ( 'NONE',  ( 0.5364065343932440388, -0.8439597323689262964, 3.760880495917718570E-15 ) ) ;
#3996 = AXIS2_PLACEMENT_3D ( 'NONE', #477, #2313, #26 ) ;
#3997 = DIRECTION ( 'NONE',  ( 0.000000000000000000, 0.000000000000000000, 1.000000000000000000 ) ) ;
#3998 = CARTESIAN_POINT ( 'NONE',  ( 16.66540946543507573, -11.19398028079812235, 26.19092688488755627 ) ) ;
#3999 = PLANE ( 'NONE',  #5403 ) ;
#4000 = AXIS2_PLACEMENT_3D ( 'NONE', #1178, #2108, #4798 ) ;
#4001 = EDGE_CURVE ( 'NONE', #4755, #5404, #1284, .T. ) ;
#4002 = ORIENTED_EDGE ( 'NONE', *, *, #946, .T. ) ;
#4003 = CARTESIAN_POINT ( 'NONE',  ( 0.000000000000000000, 0.000000000000000000, 0.000000000000000000 ) ) ;
#4004 = CARTESIAN_POINT ( 'NONE',  ( -0.7337778283782449007, -24.46595278197107959, 25.01770005756187132 ) ) ;
#4005 = LINE ( 'NONE', #3536, #2630 ) ;
#4006 = DIRECTION ( 'NONE',  ( 0.000000000000000000, 0.000000000000000000, -1.000000000000000000 ) ) ;
#4007 = DIRECTION ( 'NONE',  ( -1.000000000000000000, 0.000000000000000000, -6.938893903907197612E-15 ) ) ;
#4008 = ORIENTED_EDGE ( 'NONE', *, *, #3588, .F. ) ;
#4009 = ORIENTED_EDGE ( 'NONE', *, *, #4549, .F. ) ;
#4010 = ORIENTED_EDGE ( 'NONE', *, *, #1374, .T. ) ;
#4011 = CARTESIAN_POINT ( 'NONE',  ( -15.07785920891547349, -12.38078402229842823, 26.61568381354918600 ) ) ;
#4012 = CARTESIAN_POINT ( 'NONE',  ( 19.99999999999992895, -11.74999999999998224, 10.00000000000013678 ) ) ;
#4013 = VERTEX_POINT ( 'NONE', #5407 ) ;
#4014 = CARTESIAN_POINT ( 'NONE',  ( 23.05227933435906706, -14.34178370306331729, 18.76031903566262926 ) ) ;
#4015 = ORIENTED_EDGE ( 'NONE', *, *, #3539, .T. ) ;
#4016 = ORIENTED_EDGE ( 'NONE', *, *, #1098, .T. ) ;
#4017 = LINE ( 'NONE', #1213, #3675 ) ;
#4018 = CARTESIAN_POINT ( 'NONE',  ( -30.00000000000000000, 7.500000000000007105, 4.000000000000017764 ) ) ;
#4019 = DIRECTION ( 'NONE',  ( -0.05233595624293679166, 1.387778780781445984E-17, -0.9986295347545742773 ) ) ;
#4020 = EDGE_CURVE ( 'NONE', #5952, #3913, #4472, .T. ) ;
#4021 = ORIENTED_EDGE ( 'NONE', *, *, #3343, .F. ) ;
#4022 = DIRECTION ( 'NONE',  ( 6.980527267330673326E-15, 1.387778780781445984E-17, -1.000000000000000000 ) ) ;
#4023 = CARTESIAN_POINT ( 'NONE',  ( -22.18677324489588187, -16.00000000000001421, 33.00100000000009715 ) ) ;
#4024 = LINE ( 'NONE', #3171, #5878 ) ;
#4025 = EDGE_CURVE ( 'NONE', #2109, #2571, #4560, .T. ) ;
#4026 = CARTESIAN_POINT ( 'NONE',  ( 1.409462824231155764E-14, -2.775557561562891351E-14, -1.999999999999988010 ) ) ;
#4027 = ORIENTED_EDGE ( 'NONE', *, *, #4364, .T. ) ;
#4028 = CARTESIAN_POINT ( 'NONE',  ( -24.18677324489567226, 15.99999999999995914, 1.999999999999835243 ) ) ;
#4029 = CARTESIAN_POINT ( 'NONE',  ( 27.17197110008052974, -16.36728558725866378, 9.105738580012582517 ) ) ;
#4030 = CARTESIAN_POINT ( 'NONE',  ( -15.00000000000022915, -11.75000000000001066, 30.31288913245514394 ) ) ;
#4031 = DIRECTION ( 'NONE',  ( -1.000000000000000000, 0.000000000000000000, -6.938893903907226800E-15 ) ) ;
#4032 = CARTESIAN_POINT ( 'NONE',  ( -29.00000000000000000, 12.49999999999998401, 3.000000000000002665 ) ) ;
#4033 = EDGE_LOOP ( 'NONE', ( #1297, #3090, #3867, #2172 ) ) ;
#4034 = CARTESIAN_POINT ( 'NONE',  ( 30.00000000000000355, 7.500000000000007105, 3.000000000000016431 ) ) ;
#4035 = EDGE_CURVE ( 'NONE', #3721, #1439, #774, .T. ) ;
#4036 = FACE_OUTER_BOUND ( 'NONE', #264, .T. ) ;
#4037 = CARTESIAN_POINT ( 'NONE',  ( 28.99999999999999645, -12.50000000000001066, 3.000000000000002665 ) ) ;
#4038 = ORIENTED_EDGE ( 'NONE', *, *, #1716, .T. ) ;
#4039 = CARTESIAN_POINT ( 'NONE',  ( 26.13471829168988236, -15.53304802343635949, 12.83530003255794938 ) ) ;
#4040 = ORIENTED_EDGE ( 'NONE', *, *, #1855, .F. ) ;
#4041 = ORIENTED_EDGE ( 'NONE', *, *, #5736, .F. ) ;
#4042 = EDGE_CURVE ( 'NONE', #1479, #1472, #5135, .T. ) ;
#4043 = DIRECTION ( 'NONE',  ( -1.368455531567204171E-48, -1.000000000000000000, -8.743006318923108742E-16 ) ) ;
#4044 = ORIENTED_EDGE ( 'NONE', *, *, #3615, .F. ) ;
#4045 = DIRECTION ( 'NONE',  ( 0.8439597323689255193, 0.5364065343932450380, 5.759281940242998765E-15 ) ) ;
#4046 = DIRECTION ( 'NONE',  ( -1.000000000000000000, 0.000000000000000000, -6.938893903907226800E-15 ) ) ;
#4047 = VERTEX_POINT ( 'NONE', #1816 ) ;
#4048 = CARTESIAN_POINT ( 'NONE',  ( 21.18677324489532054, -16.00000000000068212, 19.59899587910999230 ) ) ;
#4049 = CARTESIAN_POINT ( 'NONE',  ( 24.90439391375135258, -17.87077657332696035, 12.22510971932666024 ) ) ;
#4050 = DIRECTION ( 'NONE',  ( 6.980527267330673326E-15, 1.387778780781445984E-17, -1.000000000000000000 ) ) ;
#4051 = CARTESIAN_POINT ( 'NONE',  ( -16.50000000000006750, 11.74999999999998224, 9.999999999999891642 ) ) ;
#4052 = AXIS2_PLACEMENT_3D ( 'NONE', #5686, #169, #5722 ) ;
#4053 = EDGE_CURVE ( 'NONE', #4871, #2255, #4990, .T. ) ;
#4054 = CIRCLE ( 'NONE', #2122, 0.7500000000000006661 ) ;
#4055 = VERTEX_POINT ( 'NONE', #4539 ) ;
#4056 = PLANE ( 'NONE',  #3379 ) ;
#4057 = CARTESIAN_POINT ( 'NONE',  ( 23.54942924952435845, -18.94706918882017632, 13.26295038464099463 ) ) ;
#4058 = DIRECTION ( 'NONE',  ( 6.980527267330673326E-15, 1.387778780781445984E-17, -1.000000000000000000 ) ) ;
#4059 = CARTESIAN_POINT ( 'NONE',  ( -18.24822962305146135, 12.42955129663205582, 24.52613563173846245 ) ) ;
#4060 = DIRECTION ( 'NONE',  ( -1.000000000000000000, -8.673617379884037398E-19, -2.585973076299247926E-16 ) ) ;
#4061 = LINE ( 'NONE', #3602, #4501 ) ;
#4062 = ORIENTED_EDGE ( 'NONE', *, *, #4296, .T. ) ;
#4063 = CARTESIAN_POINT ( 'NONE',  ( 19.91502058360489968, 12.39627825335806754, 30.31288913245537486 ) ) ;
#4064 = VECTOR ( 'NONE', #2049, 1000.000000000000000 ) ;
#4065 = CARTESIAN_POINT ( 'NONE',  ( -15.54281011325316264, -13.32201307653481237, 25.88485588905881585 ) ) ;
#4066 = EDGE_CURVE ( 'NONE', #1739, #1941, #1381, .T. ) ;
#4067 = CARTESIAN_POINT ( 'NONE',  ( 24.56314284916983226, 17.96740183447901273, 12.76212625686992830 ) ) ;
#4068 = AXIS2_PLACEMENT_3D ( 'NONE', #3846, #95, #4753 ) ;
#4069 = CARTESIAN_POINT ( 'NONE',  ( 22.30365466991777623, -15.30018479769130479, 18.90755933580993897 ) ) ;
#4070 = VERTEX_POINT ( 'NONE', #5891 ) ;
#4071 = ORIENTED_EDGE ( 'NONE', *, *, #2644, .T. ) ;
#4072 = CARTESIAN_POINT ( 'NONE',  ( 6.499999999999999112, -32.22964473896655591, 12.00000000000023270 ) ) ;
#4073 = AXIS2_PLACEMENT_3D ( 'NONE', #5825, #2203, #3500 ) ;
#4074 = AXIS2_PLACEMENT_3D ( 'NONE', #1923, #2055, #5255 ) ;
#4075 = ADVANCED_FACE ( 'NONE', ( #1765 ), #5440, .F. ) ;
#4076 = CARTESIAN_POINT ( 'NONE',  ( -28.99999999999999645, -12.50000000000001066, 3.000000000000002665 ) ) ;
#4077 = AXIS2_PLACEMENT_3D ( 'NONE', #4082, #2597, #5918 ) ;
#4078 = FACE_OUTER_BOUND ( 'NONE', #1242, .T. ) ;
#4079 = DIRECTION ( 'NONE',  ( -1.000000000000000000, 8.673617379884035472E-19, -6.994405055138486205E-15 ) ) ;
#4080 = AXIS2_PLACEMENT_3D ( 'NONE', #5221, #1059, #249 ) ;
#4081 = ORIENTED_EDGE ( 'NONE', *, *, #4643, .F. ) ;
#4082 = CARTESIAN_POINT ( 'NONE',  ( -28.99999999999999645, 10.50000000000000888, -4.499999999999573674 ) ) ;
#4083 = DIRECTION ( 'NONE',  ( 0.000000000000000000, 0.000000000000000000, -1.000000000000000000 ) ) ;
#4084 = AXIS2_PLACEMENT_3D ( 'NONE', #662, #2985, #5333 ) ;
#4085 = PLANE ( 'NONE',  #2509 ) ;
#4086 = CARTESIAN_POINT ( 'NONE',  ( -25.88395040649938039, 17.06361114247039978, 11.30780424427430830 ) ) ;
#4087 = AXIS2_PLACEMENT_3D ( 'NONE', #590, #136, #2005 ) ;
#4088 = ORIENTED_EDGE ( 'NONE', *, *, #2034, .T. ) ;
#4089 = CARTESIAN_POINT ( 'NONE',  ( 31.00000000000000355, 0.000000000000000000, 2.220446049250313081E-13 ) ) ;
#4090 = CARTESIAN_POINT ( 'NONE',  ( -24.64181376600327411, -13.01795261494877209, 17.68055419571575726 ) ) ;
#4091 = DIRECTION ( 'NONE',  ( -1.000000000000000000, 0.000000000000000000, 0.000000000000000000 ) ) ;
#4092 = PLANE ( 'NONE',  #1870 ) ;
#4093 = DIRECTION ( 'NONE',  ( -1.000000000000000000, 0.000000000000000000, -6.938893903907226800E-15 ) ) ;
#4094 = ORIENTED_EDGE ( 'NONE', *, *, #2813, .T. ) ;
#4095 = VECTOR ( 'NONE', #5160, 999.9999999999998863 ) ;
#4096 = DIRECTION ( 'NONE',  ( 6.980527267330673326E-15, 1.387778780781445984E-17, -1.000000000000000000 ) ) ;
#4097 = CARTESIAN_POINT ( 'NONE',  ( -28.99999999999999645, 7.500000000000007105, 3.000000000000002665 ) ) ;
#4098 = DIRECTION ( 'NONE',  ( 6.980527267330673326E-15, 1.387778780781445984E-17, -1.000000000000000000 ) ) ;
#4099 = FACE_OUTER_BOUND ( 'NONE', #2977, .T. ) ;
#4100 = EDGE_LOOP ( 'NONE', ( #1415, #5525, #5323, #604 ) ) ;
#4101 = EDGE_LOOP ( 'NONE', ( #4809, #5603 ) ) ;
#4102 = EDGE_CURVE ( 'NONE', #3672, #1564, #416, .T. ) ;
#4103 = LINE ( 'NONE', #4526, #5511 ) ;
#4104 = B_SPLINE_CURVE_WITH_KNOTS ( 'NONE', 3,
 ( #461, #1877, #1456, #89, #3206, #2811, #1037, #2328, #5551, #5102, #4203, #1428, #5526, #2268, #5134, #3322, #4624, #5164, #2781, #5049, #2358, #919, #486, #1847 ),
 .UNSPECIFIED., .F., .F.,
 ( 4, 2, 2, 2, 2, 2, 2, 2, 2, 2, 2, 4 ),
 ( 0.001426061603840477789, 0.003031440905899374007, 0.004636820207958270226, 0.006242199510017166011, 0.007847578812076063531, 0.009452958114134966255, 0.01025564776516442109, 0.01105833741619387592, 0.01186102706722333075, 0.01266371671825278558, 0.01346640636928224041, 0.01426909602031169524 ),
 .UNSPECIFIED. ) ;
#4105 = B_SPLINE_CURVE_WITH_KNOTS ( 'NONE', 3,
 ( #679, #4365, #1165, #228, #1554, #2098, #4395, #1679, #4898, #257, #5771, #5321, #3965, #3504, #5350, #770, #5234, #2600, #3387, #4927, #3147, #3737, #967, #1706, #4086, #1446, #5856, #4644, #28, #4960, #4483, #345 ),
 .UNSPECIFIED., .F., .F.,
 ( 4, 2, 2, 2, 2, 2, 2, 2, 2, 2, 2, 2, 2, 2, 2, 4 ),
 ( 0.009821006860859229567, 0.01046955770180764585, 0.01111810854275606213, 0.01176665938370447841, 0.01241521022465289642, 0.01371231190654972551, 0.01500941358844655460, 0.01630651527034338369, 0.01695506611129179303, 0.01760361695224020237, 0.01825216779318861171, 0.01857644321366281465, 0.01890071863413701758, 0.01922499405461122399, 0.01954926947508542692, 0.02019782031603383973 ),
 .UNSPECIFIED. ) ;
#4106 = CARTESIAN_POINT ( 'NONE',  ( 24.93677324489563318, 15.99999999999995914, 2.000000000000173639 ) ) ;
#4107 = DIRECTION ( 'NONE',  ( 0.000000000000000000, 1.000000000000000000, 0.000000000000000000 ) ) ;
#4108 = CARTESIAN_POINT ( 'NONE',  ( -30.89518444143392983, -3.799999999999998046, -1.999999999999849010 ) ) ;
#4109 = EDGE_CURVE ( 'NONE', #3926, #386, #2186, .T. ) ;
#4110 = VERTEX_POINT ( 'NONE', #1367 ) ;
#4111 = DIRECTION ( 'NONE',  ( 6.980527267330673326E-15, 1.387778780781445984E-17, -1.000000000000000000 ) ) ;
#4112 = CARTESIAN_POINT ( 'NONE',  ( 23.92184165617062419, 14.01275125635434726, 17.90062950478218085 ) ) ;
#4113 = CARTESIAN_POINT ( 'NONE',  ( 0.000000000000000000, 0.000000000000000000, 0.000000000000000000 ) ) ;
#4114 = ORIENTED_EDGE ( 'NONE', *, *, #1271, .F. ) ;
#4115 = LINE ( 'NONE', #1365, #5799 ) ;
#4116 = CARTESIAN_POINT ( 'NONE',  ( -23.48042504577594514, -13.07780833251091934, 19.14975117882098132 ) ) ;
#4117 = CARTESIAN_POINT ( 'NONE',  ( 30.00000000000000711, 12.49999999999998401, 3.000000000000002665 ) ) ;
#4118 = DIRECTION ( 'NONE',  ( 6.980527267330673326E-15, 1.387778780781445984E-17, -1.000000000000000000 ) ) ;
#4119 = PLANE ( 'NONE',  #3559 ) ;
#4120 = ORIENTED_EDGE ( 'NONE', *, *, #2441, .T. ) ;
#4121 = CARTESIAN_POINT ( 'NONE',  ( -28.99999999999999645, -9.499999999999980460, -4.499999999999573674 ) ) ;
#4122 = CARTESIAN_POINT ( 'NONE',  ( 24.92438728910075341, 13.07929192293244469, 17.23343754135483152 ) ) ;
#4123 = APPROVAL_ROLE ( '' ) ;
#4124 = DIRECTION ( 'NONE',  ( 0.8439597323689256303, -0.5364065343932449270, 1.561251128379126077E-17 ) ) ;
#4125 = CARTESIAN_POINT ( 'NONE',  ( -25.58146623081542614, 18.66399535167655444, 9.293193201402289105 ) ) ;
#4126 = VERTEX_POINT ( 'NONE', #3152 ) ;
#4127 = ORIENTED_EDGE ( 'NONE', *, *, #3725, .F. ) ;
#4128 = CYLINDRICAL_SURFACE ( 'NONE', #499, 2.000000000000001776 ) ;
#4129 = EDGE_CURVE ( 'NONE', #4126, #1637, #404, .T. ) ;
#4130 = DIRECTION ( 'NONE',  ( 6.980527267330673326E-15, 1.387778780781445984E-17, -1.000000000000000000 ) ) ;
#4131 = LINE ( 'NONE', #2681, #3805 ) ;
#4132 = CARTESIAN_POINT ( 'NONE',  ( 29.99999999999999289, 8.000000000000007105, -2.499999999999571898 ) ) ;
#4133 = ORIENTED_EDGE ( 'NONE', *, *, #4053, .F. ) ;
#4134 = FACE_OUTER_BOUND ( 'NONE', #730, .T. ) ;
#4135 = EDGE_CURVE ( 'NONE', #1687, #845, #2605, .T. ) ;
#4136 = DIRECTION ( 'NONE',  ( 0.05233595624293681942, -1.387778780781445521E-17, 0.9986295347545742773 ) ) ;
#4137 = EDGE_CURVE ( 'NONE', #5417, #3533, #5910, .T. ) ;
#4138 = CARTESIAN_POINT ( 'NONE',  ( 24.18677324489565095, -15.99999999999998579, 1.804112415015879378E-13 ) ) ;
#4139 = ORIENTED_EDGE ( 'NONE', *, *, #3856, .F. ) ;
#4140 = CARTESIAN_POINT ( 'NONE',  ( -22.09654887936298095, 15.56015673049018844, 14.99999999999986144 ) ) ;
#4141 = CARTESIAN_POINT ( 'NONE',  ( -17.36891711027406870, 10.74969879679543716, 25.91886430274603015 ) ) ;
#4142 = EDGE_CURVE ( 'NONE', #2465, #991, #4005, .T. ) ;
#4143 = CARTESIAN_POINT ( 'NONE',  ( -17.46424919657298602, 2.138753687809483959E-15, 27.99999999999999645 ) ) ;
#4144 = CARTESIAN_POINT ( 'NONE',  ( 17.89153662002561518, -12.67955730804545844, 24.66058612456357579 ) ) ;
#4145 = CARTESIAN_POINT ( 'NONE',  ( 1.409462824231155764E-14, -2.775557561562891351E-14, -1.999999999999988010 ) ) ;
#4146 = VECTOR ( 'NONE', #369, 1000.000000000000000 ) ;
#4147 = VERTEX_POINT ( 'NONE', #4143 ) ;
#4148 = EDGE_CURVE ( 'NONE', #743, #2798, #2757, .T. ) ;
#4149 = CARTESIAN_POINT ( 'NONE',  ( 22.32630089591794587, -13.63242784994067947, 20.11883133688057868 ) ) ;
#4150 = AXIS2_PLACEMENT_3D ( 'NONE', #2952, #4308, #139 ) ;
#4151 = CARTESIAN_POINT ( 'NONE',  ( 28.99999999999999289, 11.99999999999998224, -4.499999999999573674 ) ) ;
#4152 = CARTESIAN_POINT ( 'NONE',  ( 22.31563036776412190, 16.71758092513340443, 17.65171908138053070 ) ) ;
#4153 = PLANE ( 'NONE',  #2570 ) ;
#4154 = EDGE_CURVE ( 'NONE', #1450, #1310, #4652, .T. ) ;
#4155 = ORIENTED_EDGE ( 'NONE', *, *, #4774, .F. ) ;
#4156 = AXIS2_PLACEMENT_3D ( 'NONE', #1391, #5070, #2773 ) ;
#4157 = ORIENTED_EDGE ( 'NONE', *, *, #1584, .F. ) ;
#4158 = B_SPLINE_CURVE_WITH_KNOTS ( 'NONE', 3,
 ( #5908, #848, #1779, #1505, #1051, #143, #5207, #5179, #563, #4246, #1473, #1982, #4342, #5244, #3797, #2372, #1534, #5660, #3307, #5116, #4763, #5631, #3855, #2921 ),
 .UNSPECIFIED., .F., .F.,
 ( 4, 2, 2, 2, 2, 2, 2, 2, 2, 2, 2, 4 ),
 ( 0.003465056837379514466, 0.003721923590689427304, 0.003978790343999340576, 0.004235657097309252980, 0.004492523850619166252, 0.005006257357238997133, 0.005519990863858828881, 0.006033724370478658894, 0.006547457877098490642, 0.007061191383718322390, 0.007318058137028233059, 0.007574924890338143729 ),
 .UNSPECIFIED. ) ;
#4159 = EDGE_CURVE ( 'NONE', #4677, #2281, #704, .T. ) ;
#4160 = CARTESIAN_POINT ( 'NONE',  ( 24.18677324489542357, -16.00000000000001421, 33.00100000000040268 ) ) ;
#4161 = CARTESIAN_POINT ( 'NONE',  ( -18.11920704509484992, -9.308357228368027592, 25.96522717011108483 ) ) ;
#4162 = DIRECTION ( 'NONE',  ( -6.994405055138486205E-15, 0.000000000000000000, 1.000000000000000000 ) ) ;
#4163 = DIRECTION ( 'NONE',  ( 0.000000000000000000, 1.000000000000000000, 0.000000000000000000 ) ) ;
#4164 = VECTOR ( 'NONE', #474, 1000.000000000000000 ) ;
#4165 = AXIS2_PLACEMENT_3D ( 'NONE', #4003, #5012, #3062 ) ;
#4166 = ORIENTED_EDGE ( 'NONE', *, *, #2, .F. ) ;
#4167 = CARTESIAN_POINT ( 'NONE',  ( 28.99999999999999289, -8.000000000000007105, -4.499999999999573674 ) ) ;
#4168 = CARTESIAN_POINT ( 'NONE',  ( 23.05535032456309352, 14.33953057785323892, 18.75828555760549321 ) ) ;
#4169 = VECTOR ( 'NONE', #2339, 1000.000000000000000 ) ;
#4170 = CARTESIAN_POINT ( 'NONE',  ( -23.43677324489565805, 15.99999999999995914, -1.612980582432754773E-13 ) ) ;
#4171 = VECTOR ( 'NONE', #2895, 1000.000000000000000 ) ;
#4172 = EDGE_CURVE ( 'NONE', #3306, #5450, #2586, .T. ) ;
#4173 = EDGE_CURVE ( 'NONE', #3811, #3533, #4824, .T. ) ;
#4174 = VERTEX_POINT ( 'NONE', #4313 ) ;
#4175 = CARTESIAN_POINT ( 'NONE',  ( -20.00000000000017764, -11.75000000000001066, 23.47205785609759943 ) ) ;
#4176 = VECTOR ( 'NONE', #3891, 1000.000000000000000 ) ;
#4177 = CARTESIAN_POINT ( 'NONE',  ( -22.91350389029828349, -13.27446293052293669, 19.69345027552576255 ) ) ;
#4178 = CARTESIAN_POINT ( 'NONE',  ( 16.94831728170828455, -12.59204758898341403, 25.36173206755698573 ) ) ;
#4179 = DIRECTION ( 'NONE',  ( 6.709910405078291419E-15, 1.665334536937735304E-16, -1.000000000000000000 ) ) ;
#4180 = VERTEX_POINT ( 'NONE', #5728 ) ;
#4181 = CARTESIAN_POINT ( 'NONE',  ( -19.54052423638777114, 10.27674841973915143, 24.52953609509716770 ) ) ;
#4182 = EDGE_CURVE ( 'NONE', #2041, #1423, #1103, .T. ) ;
#4183 = CARTESIAN_POINT ( 'NONE',  ( 28.99999999999999289, 12.49999999999998401, 2.000000000000001776 ) ) ;
#4184 = SECURITY_CLASSIFICATION_LEVEL ( 'unclassified' ) ;
#4185 = AXIS2_PLACEMENT_3D ( 'NONE', #3553, #250, #2115 ) ;
#4186 = CARTESIAN_POINT ( 'NONE',  ( 25.41852151732614473, 17.58714269480196180, 11.56026104601105864 ) ) ;
#4187 = CARTESIAN_POINT ( 'NONE',  ( 28.99999999999999289, 9.499999999999980460, -2.499999999999571898 ) ) ;
#4188 = ORIENTED_EDGE ( 'NONE', *, *, #1844, .F. ) ;
#4189 = ORIENTED_EDGE ( 'NONE', *, *, #2924, .F. ) ;
#4190 = DIRECTION ( 'NONE',  ( 6.980527267330673326E-15, 1.387778780781445984E-17, -1.000000000000000000 ) ) ;
#4191 = CARTESIAN_POINT ( 'NONE',  ( -18.91986640077538340, -9.671558433231774998, 25.25160624220944428 ) ) ;
#4192 = CARTESIAN_POINT ( 'NONE',  ( -28.99999999999999645, -8.000000000000007105, -4.499999999999573674 ) ) ;
#4193 = ORIENTED_EDGE ( 'NONE', *, *, #637, .F. ) ;
#4194 = CARTESIAN_POINT ( 'NONE',  ( -6.500000000000000888, -35.00000000000000000, 12.00000000000021849 ) ) ;
#4195 = B_SPLINE_CURVE_WITH_KNOTS ( 'NONE', 3,
 ( #1904, #524, #3175, #4597, #3650, #949, #5136, #462, #4141, #3234, #2329, #2298, #5494, #2844, #5552, #3744 ),
 .UNSPECIFIED., .F., .F.,
 ( 4, 2, 2, 2, 2, 2, 2, 4 ),
 ( 0.0003857844985178564626, 0.0008366583329109736344, 0.001287532167304090806, 0.002189279836090319079, 0.002640153670483432781, 0.003091027504876546917, 0.003541901339269660619, 0.003992775173662774756 ),
 .UNSPECIFIED. ) ;
#4196 = DIRECTION ( 'NONE',  ( 1.000000000000000000, 0.000000000000000000, 0.000000000000000000 ) ) ;
#4197 = EDGE_LOOP ( 'NONE', ( #4518, #1014 ) ) ;
#4198 = DIRECTION ( 'NONE',  ( -1.000000000000000000, 0.000000000000000000, -6.938893903907222067E-15 ) ) ;
#4199 = CARTESIAN_POINT ( 'NONE',  ( 22.18677324489552305, 15.99999999999998224, 18.45933620094690397 ) ) ;
#4200 = DIRECTION ( 'NONE',  ( 6.980527267330673326E-15, 1.387778780781445984E-17, -1.000000000000000000 ) ) ;
#4201 = EDGE_CURVE ( 'NONE', #1231, #3426, #2241, .T. ) ;
#4202 = ORIENTED_EDGE ( 'NONE', *, *, #5171, .T. ) ;
#4203 = CARTESIAN_POINT ( 'NONE',  ( -25.44520022784061197, 13.26318596406508732, 16.30679179501037979 ) ) ;
#4204 = CARTESIAN_POINT ( 'NONE',  ( -24.00249736744067874, -13.00066580523844451, 18.54547010261214979 ) ) ;
#4205 = PRODUCT_RELATED_PRODUCT_CATEGORY ( 'detail', '', ( #2947 ) ) ;
#4206 = DIRECTION ( 'NONE',  ( -1.000000000000000000, 8.673617379884035472E-19, -6.994405055138487782E-15 ) ) ;
#4207 = DIRECTION ( 'NONE',  ( -1.000000000000000000, -8.673617379884037398E-19, -6.709910405078290630E-15 ) ) ;
#4208 = ORIENTED_EDGE ( 'NONE', *, *, #5422, .F. ) ;
#4209 = ADVANCED_FACE ( 'NONE', ( #726 ), #4431, .F. ) ;
#4210 = DIRECTION ( 'NONE',  ( -1.000000000000000000, 0.000000000000000000, 0.000000000000000000 ) ) ;
#4211 = FACE_BOUND ( 'NONE', #3692, .T. ) ;
#4212 = DATE_AND_TIME ( #2366, #4933 ) ;
#4213 = CARTESIAN_POINT ( 'NONE',  ( 19.53175409028376563, 10.28574711134979758, 24.53058968076976498 ) ) ;
#4214 = EDGE_CURVE ( 'NONE', #1432, #460, #4949, .T. ) ;
#4215 = LINE ( 'NONE', #627, #3181 ) ;
#4216 = ORIENTED_EDGE ( 'NONE', *, *, #3218, .T. ) ;
#4217 = EDGE_LOOP ( 'NONE', ( #3187, #5243, #3278, #1674 ) ) ;
#4218 = CARTESIAN_POINT ( 'NONE',  ( -28.99999999999999645, 9.499999999999980460, -4.499999999999573674 ) ) ;
#4219 = DIRECTION ( 'NONE',  ( 0.5364065343932449270, 0.8439597323689256303, 3.747002708109903324E-15 ) ) ;
#4220 = DIRECTION ( 'NONE',  ( -6.938893903907229918E-18, 8.743006318923108742E-16, -1.000000000000000000 ) ) ;
#4221 = DIRECTION ( 'NONE',  ( -1.000000000000000000, 0.000000000000000000, 0.000000000000000000 ) ) ;
#4222 = EDGE_CURVE ( 'NONE', #2874, #2641, #2957, .T. ) ;
#4223 = VERTEX_POINT ( 'NONE', #3857 ) ;
#4224 = ORIENTED_EDGE ( 'NONE', *, *, #3161, .T. ) ;
#4225 = DIRECTION ( 'NONE',  ( 1.000000000000000000, 0.000000000000000000, 0.000000000000000000 ) ) ;
#4226 = EDGE_CURVE ( 'NONE', #2616, #3173, #3015, .T. ) ;
#4227 = ORIENTED_EDGE ( 'NONE', *, *, #5058, .F. ) ;
#4228 = FACE_OUTER_BOUND ( 'NONE', #1127, .T. ) ;
#4229 = CARTESIAN_POINT ( 'NONE',  ( 18.18880745924970199, -14.16663487083290818, 23.61260116385176033 ) ) ;
#4230 = DIRECTION ( 'NONE',  ( -6.994405055138486205E-15, 0.000000000000000000, 1.000000000000000000 ) ) ;
#4231 = EDGE_CURVE ( 'NONE', #4590, #213, #1691, .T. ) ;
#4232 = ORIENTED_EDGE ( 'NONE', *, *, #2768, .T. ) ;
#4233 = LINE ( 'NONE', #4140, #4939 ) ;
#4234 = DIRECTION ( 'NONE',  ( 0.000000000000000000, 1.000000000000000000, 0.000000000000000000 ) ) ;
#4235 = FACE_OUTER_BOUND ( 'NONE', #4309, .T. ) ;
#4236 = CARTESIAN_POINT ( 'NONE',  ( 18.49999999999982592, -11.74999999999998401, 24.67159297653897454 ) ) ;
#4237 = ORIENTED_EDGE ( 'NONE', *, *, #1308, .F. ) ;
#4238 = CARTESIAN_POINT ( 'NONE',  ( -15.01819862238225767, 11.39791090582690281, 27.08463350266750780 ) ) ;
#4239 = ORIENTED_EDGE ( 'NONE', *, *, #4654, .T. ) ;
#4240 = CARTESIAN_POINT ( 'NONE',  ( 24.18677324489563318, 15.99999999999995914, 2.000000000000168310 ) ) ;
#4241 = DATE_AND_TIME ( #5061, #2619 ) ;
#4242 = CARTESIAN_POINT ( 'NONE',  ( 16.53289467447423178, 9.420314201994161252, 26.96412640695816876 ) ) ;
#4243 = FACE_OUTER_BOUND ( 'NONE', #204, .T. ) ;
#4244 = ORIENTED_EDGE ( 'NONE', *, *, #78, .T. ) ;
#4245 = VERTEX_POINT ( 'NONE', #267 ) ;
#4246 = CARTESIAN_POINT ( 'NONE',  ( 0.8520345917446986439, -19.99752957608031778, 26.23742549641688626 ) ) ;
#4247 = AXIS2_PLACEMENT_3D ( 'NONE', #5195, #2387, #4207 ) ;
#4248 = EDGE_CURVE ( 'NONE', #1049, #5236, #3592, .T. ) ;
#4249 = CARTESIAN_POINT ( 'NONE',  ( 28.99999999999999289, -8.000000000000007105, -4.499999999999573674 ) ) ;
#4250 = CARTESIAN_POINT ( 'NONE',  ( 16.49999999999992539, -11.74999999999998224, 10.00000000000011369 ) ) ;
#4251 = FACE_OUTER_BOUND ( 'NONE', #2802, .T. ) ;
#4252 = ORIENTED_EDGE ( 'NONE', *, *, #576, .T. ) ;
#4253 = VERTEX_POINT ( 'NONE', #5812 ) ;
#4254 = CARTESIAN_POINT ( 'NONE',  ( 1.499999999999925171, 7.499999999999978684, -25.50000000000007816 ) ) ;
#4255 = VECTOR ( 'NONE', #321, 1000.000000000000000 ) ;
#4256 = ORIENTED_EDGE ( 'NONE', *, *, #5286, .F. ) ;
#4257 = FACE_OUTER_BOUND ( 'NONE', #2911, .T. ) ;
#4258 = LOCAL_TIME ( 11, 34, 7.000000000000000000, #956 ) ;
#4259 = CARTESIAN_POINT ( 'NONE',  ( 15.07786133535888240, -12.38087309460970786, 26.61564386543370730 ) ) ;
#4260 = CARTESIAN_POINT ( 'NONE',  ( 0.000000000000000000, 0.000000000000000000, 0.000000000000000000 ) ) ;
#4261 = VECTOR ( 'NONE', #2001, 1000.000000000000000 ) ;
#4262 = AXIS2_PLACEMENT_3D ( 'NONE', #1927, #2751, #4619 ) ;
#4263 = AXIS2_PLACEMENT_3D ( 'NONE', #3375, #3765, #2439 ) ;
#4264 = ORIENTED_EDGE ( 'NONE', *, *, #900, .T. ) ;
#4265 = CARTESIAN_POINT ( 'NONE',  ( 29.99999999999999645, 7.499999999999978684, -4.999999999999990230 ) ) ;
#4266 = CARTESIAN_POINT ( 'NONE',  ( -18.24700944012597859, -12.43107917167387022, 24.52627510641858066 ) ) ;
#4267 = DIRECTION ( 'NONE',  ( 1.000000000000000000, 0.000000000000000000, 6.938893903907222067E-15 ) ) ;
#4268 = VECTOR ( 'NONE', #4502, 1000.000000000000000 ) ;
#4269 = FACE_OUTER_BOUND ( 'NONE', #659, .T. ) ;
#4270 = ORIENTED_EDGE ( 'NONE', *, *, #5661, .F. ) ;
#4271 = CARTESIAN_POINT ( 'NONE',  ( -28.99999999999999645, 10.50000000000000888, -4.499999999999573674 ) ) ;
#4272 = ORIENTED_EDGE ( 'NONE', *, *, #2813, .F. ) ;
#4273 = CYLINDRICAL_SURFACE ( 'NONE', #615, 0.7500000000000006661 ) ;
#4274 = LINE ( 'NONE', #2462, #2442 ) ;
#4275 = CARTESIAN_POINT ( 'NONE',  ( -28.99999999999999645, 7.999999999999979572, -4.499999999999573674 ) ) ;
#4276 = CARTESIAN_POINT ( 'NONE',  ( -26.72315311115640313, 17.60438862465070997, 8.060155011892488730 ) ) ;
#4277 = ORIENTED_EDGE ( 'NONE', *, *, #387, .T. ) ;
#4278 = AXIS2_PLACEMENT_3D ( 'NONE', #887, #433, #1848 ) ;
#4279 = EDGE_LOOP ( 'NONE', ( #3011, #2215 ) ) ;
#4280 = CARTESIAN_POINT ( 'NONE',  ( 30.93012295737936768, -13.94922199502757465, -1.333333401578450150 ) ) ;
#4281 = EDGE_CURVE ( 'NONE', #3887, #4013, #5692, .T. ) ;
#4282 = VECTOR ( 'NONE', #1124, 1000.000000000000000 ) ;
#4283 = CARTESIAN_POINT ( 'NONE',  ( 1.106004666544570891E-12, -19.39355563066157728, 26.70000000000845830 ) ) ;
#4284 = FACE_OUTER_BOUND ( 'NONE', #4837, .T. ) ;
#4285 = CARTESIAN_POINT ( 'NONE',  ( -24.93677324489565805, -16.00000000000001421, -1.717792574851273710E-13 ) ) ;
#4286 = EDGE_CURVE ( 'NONE', #417, #4223, #2047, .T. ) ;
#4287 = ORIENTED_EDGE ( 'NONE', *, *, #752, .T. ) ;
#4288 = VERTEX_POINT ( 'NONE', #2106 ) ;
#4289 = DIRECTION ( 'NONE',  ( 0.000000000000000000, 0.000000000000000000, 1.000000000000000000 ) ) ;
#4290 = AXIS2_PLACEMENT_3D ( 'NONE', #1766, #1151, #3924 ) ;
#4291 = ORIENTED_EDGE ( 'NONE', *, *, #5555, .F. ) ;
#4292 = DIRECTION ( 'NONE',  ( -0.9986295347545736112, -1.084202172485504819E-18, -0.05233595624295073884 ) ) ;
#4293 = ADVANCED_FACE ( 'NONE', ( #3517 ), #5754, .F. ) ;
#4294 = PLANE ( 'NONE',  #2155 ) ;
#4295 = DIRECTION ( 'NONE',  ( -1.000000000000000000, 8.673617379884035472E-19, -6.994405055138486205E-15 ) ) ;
#4296 = EDGE_CURVE ( 'NONE', #1217, #1017, #4378, .T. ) ;
#4297 = ORIENTED_EDGE ( 'NONE', *, *, #4020, .T. ) ;
#4298 = CARTESIAN_POINT ( 'NONE',  ( 30.00000000000000355, -12.50000000000003908, 4.000000000000017764 ) ) ;
#4299 = CARTESIAN_POINT ( 'NONE',  ( -17.14901266886433717, -12.71680666635095669, 25.16514561507351644 ) ) ;
#4300 = CARTESIAN_POINT ( 'NONE',  ( 0.5891149860056077436, -24.61201908753539058, 24.87827909857629649 ) ) ;
#4301 = CARTESIAN_POINT ( 'NONE',  ( -23.64629433626289057, 14.06940836538908002, 18.21945554831706104 ) ) ;
#4302 = VERTEX_POINT ( 'NONE', #5362 ) ;
#4303 = CARTESIAN_POINT ( 'NONE',  ( -17.50448795430835247, 9.244912056328674410, 26.40379050343161538 ) ) ;
#4304 = ORIENTED_EDGE ( 'NONE', *, *, #4201, .F. ) ;
#4305 = CARTESIAN_POINT ( 'NONE',  ( 16.62420700580863553, 12.24857280010196980, 25.74161999770992537 ) ) ;
#4306 = CARTESIAN_POINT ( 'NONE',  ( 16.75316985649793367, 11.06888786356351595, 26.18843016065563489 ) ) ;
#4307 = DIRECTION ( 'NONE',  ( 1.000000000000000000, -8.673617379884035472E-19, 6.994405055138486205E-15 ) ) ;
#4308 = DIRECTION ( 'NONE',  ( 1.000000000000000000, 0.000000000000000000, -0.000000000000000000 ) ) ;
#4309 = EDGE_LOOP ( 'NONE', ( #1914, #4655, #723, #1181 ) ) ;
#4310 = ORIENTED_EDGE ( 'NONE', *, *, #5579, .T. ) ;
#4311 = VECTOR ( 'NONE', #4325, 1000.000000000000000 ) ;
#4312 = CARTESIAN_POINT ( 'NONE',  ( 24.93677324489563674, -16.00000000000001421, 2.000000000000173639 ) ) ;
#4313 = CARTESIAN_POINT ( 'NONE',  ( 27.18677324489565450, -16.00000000000001421, 2.013528233035799531E-13 ) ) ;
#4314 = CARTESIAN_POINT ( 'NONE',  ( -21.33298685284997376, -15.07484961840027715, 20.16562870130132623 ) ) ;
#4315 = PLANE ( 'NONE',  #4926 ) ;
#4316 = FACE_BOUND ( 'NONE', #1747, .T. ) ;
#4317 = VERTEX_POINT ( 'NONE', #1209 ) ;
#4318 = ORIENTED_EDGE ( 'NONE', *, *, #5909, .F. ) ;
#4319 = ORIENTED_EDGE ( 'NONE', *, *, #1328, .T. ) ;
#4320 = EDGE_CURVE ( 'NONE', #1400, #4871, #4343, .T. ) ;
#4321 = CARTESIAN_POINT ( 'NONE',  ( 24.18677324489563318, 15.99999999999995914, 2.000000000000168310 ) ) ;
#4322 = EDGE_LOOP ( 'NONE', ( #4410, #4595, #3933, #2876 ) ) ;
#4323 = DIRECTION ( 'NONE',  ( 6.980527267330673326E-15, 1.387778780781445984E-17, -1.000000000000000000 ) ) ;
#4324 = CARTESIAN_POINT ( 'NONE',  ( 16.80931529310910477, -14.16321952167709952, 24.61570084444862516 ) ) ;
#4325 = DIRECTION ( 'NONE',  ( 6.980527267330673326E-15, 1.387778780781445984E-17, -1.000000000000000000 ) ) ;
#4326 = EDGE_CURVE ( 'NONE', #5215, #5852, #5581, .T. ) ;
#4327 = VERTEX_POINT ( 'NONE', #5868 ) ;
#4328 = LINE ( 'NONE', #4391, #4843 ) ;
#4329 = CARTESIAN_POINT ( 'NONE',  ( 28.99999999999999289, -9.499999999999980460, -4.499999999999573674 ) ) ;
#4330 = CARTESIAN_POINT ( 'NONE',  ( 14.99999999999980815, 11.74999999999998046, 26.94322734937309249 ) ) ;
#4331 = CARTESIAN_POINT ( 'NONE',  ( 28.99999999999999645, -12.50000000000001066, 3.000000000000002665 ) ) ;
#4332 = CARTESIAN_POINT ( 'NONE',  ( 28.99999999999999289, 12.49999999999998401, -4.999999999999990230 ) ) ;
#4333 = EDGE_CURVE ( 'NONE', #3785, #1496, #897, .T. ) ;
#4334 = ORIENTED_EDGE ( 'NONE', *, *, #2044, .F. ) ;
#4335 = CARTESIAN_POINT ( 'NONE',  ( -26.80632424122822499, -17.46470447892540889, 8.087810957684865798 ) ) ;
#4336 = CARTESIAN_POINT ( 'NONE',  ( 16.49999999999981171, 11.74999999999998046, 26.05163142684170907 ) ) ;
#4337 = ADVANCED_FACE ( 'NONE', ( #4036, #3657 ), #4971, .F. ) ;
#4338 = DIRECTION ( 'NONE',  ( 0.000000000000000000, 0.000000000000000000, -1.000000000000000000 ) ) ;
#4339 = DIRECTION ( 'NONE',  ( -1.000000000000000000, 0.000000000000000000, -6.938893903907222067E-15 ) ) ;
#4340 = ORIENTED_EDGE ( 'NONE', *, *, #4812, .F. ) ;
#4341 = CARTESIAN_POINT ( 'NONE',  ( 26.71718773459545204, -14.37158232920016765, 12.99739653906285675 ) ) ;
#4342 = CARTESIAN_POINT ( 'NONE',  ( 0.9983688419752073662, -20.52499917614672142, 25.82163928505731931 ) ) ;
#4343 = LINE ( 'NONE', #241, #612 ) ;
#4344 = ADVANCED_FACE ( 'NONE', ( #440 ), #842, .F. ) ;
#4345 = CARTESIAN_POINT ( 'NONE',  ( 28.99999999999999289, -7.500000000000007105, 3.000000000000002665 ) ) ;
#4346 = CARTESIAN_POINT ( 'NONE',  ( -16.62474730594126271, 12.24966012083571343, 25.74075773041181492 ) ) ;
#4347 = ORIENTED_EDGE ( 'NONE', *, *, #4476, .T. ) ;
#4348 = EDGE_CURVE ( 'NONE', #2465, #3926, #2276, .T. ) ;
#4349 = ORIENTED_EDGE ( 'NONE', *, *, #1641, .F. ) ;
#4350 = ORIENTED_EDGE ( 'NONE', *, *, #4980, .F. ) ;
#4351 = AXIS2_PLACEMENT_3D ( 'NONE', #2753, #1730, #5434 ) ;
#4352 = CARTESIAN_POINT ( 'NONE',  ( 29.99999999999999645, 7.999999999999979572, -4.499999999999573674 ) ) ;
#4353 = AXIS2_PLACEMENT_3D ( 'NONE', #560, #1947, #4339 ) ;
#4354 = DIRECTION ( 'NONE',  ( 6.980527267330673326E-15, 1.387778780781445984E-17, -1.000000000000000000 ) ) ;
#4355 = CARTESIAN_POINT ( 'NONE',  ( 22.00000000000001066, -3.799999999999998046, 1.526556658859590243E-13 ) ) ;
#4356 = CARTESIAN_POINT ( 'NONE',  ( 23.91841414051275549, -14.01322248316489905, 17.90483478579463394 ) ) ;
#4357 = AXIS2_PLACEMENT_3D ( 'NONE', #4588, #4617, #454 ) ;
#4358 = ORIENTED_EDGE ( 'NONE', *, *, #4129, .T. ) ;
#4359 = DIRECTION ( 'NONE',  ( 0.000000000000000000, -1.000000000000000000, 0.000000000000000000 ) ) ;
#4360 = FACE_OUTER_BOUND ( 'NONE', #3212, .T. ) ;
#4361 = AXIS2_PLACEMENT_3D ( 'NONE', #5745, #1196, #4449 ) ;
#4362 = CARTESIAN_POINT ( 'NONE',  ( -21.19704188723828153, -15.70658609854238819, 19.82479210045242368 ) ) ;
#4363 = CARTESIAN_POINT ( 'NONE',  ( -19.91502058360529404, -12.39627825335809419, 23.21043387401232394 ) ) ;
#4364 = EDGE_CURVE ( 'NONE', #3134, #2019, #1717, .T. ) ;
#4365 = CARTESIAN_POINT ( 'NONE',  ( -22.18677324489578950, 16.16436567872343488, 18.31686895126075143 ) ) ;
#4366 = EDGE_CURVE ( 'NONE', #3043, #3779, #355, .T. ) ;
#4367 = VECTOR ( 'NONE', #3523, 1000.000000000000000 ) ;
#4368 = ORIENTED_EDGE ( 'NONE', *, *, #303, .F. ) ;
#4369 = CARTESIAN_POINT ( 'NONE',  ( -26.94677467479411703, -17.17790008481419406, 8.233996679033637633 ) ) ;
#4370 = AXIS2_PLACEMENT_3D ( 'NONE', #1401, #3233, #3649 ) ;
#4371 = CARTESIAN_POINT ( 'NONE',  ( 18.15414326149456059, 10.98453523257199116, 25.27429703538840045 ) ) ;
#4372 = DIRECTION ( 'NONE',  ( 0.000000000000000000, -1.000000000000000000, 0.000000000000000000 ) ) ;
#4373 = CARTESIAN_POINT ( 'NONE',  ( -17.50000000000007105, 11.74999999999998224, 9.999999999999884537 ) ) ;
#4374 = ORIENTED_EDGE ( 'NONE', *, *, #5225, .F. ) ;
#4375 = ORIENTED_EDGE ( 'NONE', *, *, #3277, .F. ) ;
#4376 = EDGE_CURVE ( 'NONE', #2477, #3292, #411, .T. ) ;
#4377 = CARTESIAN_POINT ( 'NONE',  ( 21.24391888940438022, 15.39651549241421513, 20.01691870340378898 ) ) ;
#4378 = LINE ( 'NONE', #2497, #4176 ) ;
#4379 = VECTOR ( 'NONE', #3208, 1000.000000000000000 ) ;
#4380 = DIRECTION ( 'NONE',  ( 0.000000000000000000, 0.000000000000000000, -1.000000000000000000 ) ) ;
#4381 = CARTESIAN_POINT ( 'NONE',  ( -16.94705449249953944, 12.59139843345481502, 25.36290821994949596 ) ) ;
#4382 = B_SPLINE_CURVE_WITH_KNOTS ( 'NONE', 3,
 ( #2431, #4280, #1566, #2828 ),
 .UNSPECIFIED., .F., .F.,
 ( 4, 4 ),
 ( 0.000000000000000000, 0.002002871483817274690 ),
 .UNSPECIFIED. ) ;
#4383 = VERTEX_POINT ( 'NONE', #4183 ) ;
#4384 = VERTEX_POINT ( 'NONE', #2877 ) ;
#4385 = CARTESIAN_POINT ( 'NONE',  ( 26.80632424122797630, 17.46470447892563627, 8.087810957685203306 ) ) ;
#4386 = VECTOR ( 'NONE', #2512, 1000.000000000000000 ) ;
#4387 = LINE ( 'NONE', #573, #4171 ) ;
#4388 = CARTESIAN_POINT ( 'NONE',  ( 26.18677324489563674, 15.99999999999998579, 2.000000000000182077 ) ) ;
#4389 = AXIS2_PLACEMENT_3D ( 'NONE', #146, #3801, #2436 ) ;
#4390 = ORIENTED_EDGE ( 'NONE', *, *, #3709, .F. ) ;
#4391 = CARTESIAN_POINT ( 'NONE',  ( -28.99999999999999645, 9.499999999999980460, -4.499999999999573674 ) ) ;
#4392 = CARTESIAN_POINT ( 'NONE',  ( -28.99999999999999645, -8.000000000000007105, -4.499999999999573674 ) ) ;
#4393 = CARTESIAN_POINT ( 'NONE',  ( 28.99999999999998224, -7.500000000000007105, 3.000000000000002665 ) ) ;
#4394 = CARTESIAN_POINT ( 'NONE',  ( 17.49999999999978684, 11.74999999999998224, 30.31288913245536065 ) ) ;
#4395 = CARTESIAN_POINT ( 'NONE',  ( -22.48013361204251126, 17.04911772189954533, 17.11777032042833824 ) ) ;
#4396 = EDGE_CURVE ( 'NONE', #1058, #2931, #1466, .T. ) ;
#4397 = ORIENTED_EDGE ( 'NONE', *, *, #4504, .T. ) ;
#4398 = CARTESIAN_POINT ( 'NONE',  ( -23.25418576439308183, -18.86799293898574703, 13.88189839392510905 ) ) ;
#4399 = CARTESIAN_POINT ( 'NONE',  ( 21.22769400936747886, -16.50896344395749082, 19.12770517417444083 ) ) ;
#4400 = PLANE ( 'NONE',  #1360 ) ;
#4401 = DIRECTION ( 'NONE',  ( -6.980527267330673326E-15, -1.387778780781445984E-17, 1.000000000000000000 ) ) ;
#4402 = ORIENTED_EDGE ( 'NONE', *, *, #3752, .T. ) ;
#4403 = ORIENTED_EDGE ( 'NONE', *, *, #197, .F. ) ;
#4404 = DIRECTION ( 'NONE',  ( 1.000000000000000000, 0.000000000000000000, 6.938893903907197612E-15 ) ) ;
#4405 = EDGE_CURVE ( 'NONE', #2510, #1975, #5558, .T. ) ;
#4406 = CARTESIAN_POINT ( 'NONE',  ( 28.99999999999999645, 7.499999999999978684, -4.999999999999990230 ) ) ;
#4407 = CARTESIAN_POINT ( 'NONE',  ( 28.99999999999999289, 7.999999999999979572, -4.499999999999573674 ) ) ;
#4408 = ORIENTED_EDGE ( 'NONE', *, *, #1129, .T. ) ;
#4409 = ORIENTED_EDGE ( 'NONE', *, *, #4042, .T. ) ;
#4410 = ORIENTED_EDGE ( 'NONE', *, *, #598, .F. ) ;
#4411 = CARTESIAN_POINT ( 'NONE',  ( -29.00000000000000000, -12.00000000000001066, -2.499999999999571898 ) ) ;
#4412 = ADVANCED_FACE ( 'NONE', ( #5173, #4666, #5144 ), #2337, .T. ) ;
#4413 = CARTESIAN_POINT ( 'NONE',  ( -18.50000000000020250, -11.75000000000000888, 24.67159297653867611 ) ) ;
#4414 = DIRECTION ( 'NONE',  ( 0.000000000000000000, 0.000000000000000000, 1.000000000000000000 ) ) ;
#4415 = VERTEX_POINT ( 'NONE', #1857 ) ;
#4416 = CARTESIAN_POINT ( 'NONE',  ( 21.24309082497276080, -15.40070697610127581, 20.01456849378945435 ) ) ;
#4417 = CARTESIAN_POINT ( 'NONE',  ( -16.50000000000018474, -11.88751904008656624, 25.98960656956698401 ) ) ;
#4418 = EDGE_CURVE ( 'NONE', #2510, #4671, #811, .T. ) ;
#4419 = DIRECTION ( 'NONE',  ( -6.980527267330673326E-15, -1.387778780781445984E-17, 1.000000000000000000 ) ) ;
#4420 = CARTESIAN_POINT ( 'NONE',  ( 16.81048007916466958, -11.02194023835183678, 26.17117507559331102 ) ) ;
#4421 = ADVANCED_FACE ( 'NONE', ( #2304, #5534, #2787 ), #3241, .F. ) ;
#4422 = CARTESIAN_POINT ( 'NONE',  ( -29.99999999999998579, 13.74772708486757189, -2.000000000000210054 ) ) ;
#4423 = ORIENTED_EDGE ( 'NONE', *, *, #598, .T. ) ;
#4424 = CARTESIAN_POINT ( 'NONE',  ( -26.20816771800812361, -18.22134065130659408, 8.375261841361821169 ) ) ;
#4425 = CARTESIAN_POINT ( 'NONE',  ( 22.42228217935410939, -18.43158598538597559, 15.70465718522122422 ) ) ;
#4426 = CARTESIAN_POINT ( 'NONE',  ( -0.1726933862538719278, -21.87045144018488685, 24.71155562211533763 ) ) ;
#4427 = LINE ( 'NONE', #233, #4255 ) ;
#4428 = CARTESIAN_POINT ( 'NONE',  ( -24.18677324489567226, 15.99999999999995914, 1.999999999999835243 ) ) ;
#4429 = ORIENTED_EDGE ( 'NONE', *, *, #5916, .T. ) ;
#4430 = ORIENTED_EDGE ( 'NONE', *, *, #3671, .T. ) ;
#4431 = CYLINDRICAL_SURFACE ( 'NONE', #5811, 2.000000000000001776 ) ;
#4432 = CARTESIAN_POINT ( 'NONE',  ( -24.18677324489576108, 15.99999999999998579, 14.99999999999984723 ) ) ;
#4433 = B_SPLINE_CURVE_WITH_KNOTS ( 'NONE', 3,
 ( #4522, #4607, #3242, #957, #2252, #5062, #4547, #3607, #2701, #383, #5504, #4186, #1294, #5535, #3659, #1824, #4067, #929, #5447, #1320, #5084, #4996, #2789, #4633, #1798, #4152, #2739, #1412, #1378, #498 ),
 .UNSPECIFIED., .F., .F.,
 ( 4, 2, 2, 2, 2, 2, 2, 2, 2, 2, 2, 2, 2, 2, 4 ),
 ( 0.0002181685946081279284, 0.0008648738454763191079, 0.001188226470910412787, 0.001511579096344506682, 0.001834931721778600578, 0.002158284347212694257, 0.002804989598080875543, 0.003451694848949057697, 0.004098400099817238983, 0.005391810601553597218, 0.006685221103289956321, 0.007978631605026315424, 0.009272042106762674527, 0.009918747357630857547, 0.01056545260849903883 ),
 .UNSPECIFIED. ) ;
#4434 = ORIENTED_EDGE ( 'NONE', *, *, #5217, .T. ) ;
#4435 = ORIENTED_EDGE ( 'NONE', *, *, #3732, .F. ) ;
#4436 = VERTEX_POINT ( 'NONE', #3330 ) ;
#4437 = DIRECTION ( 'NONE',  ( -1.000000000000000000, 8.673617379884364806E-19, -6.991461281967131934E-15 ) ) ;
#4438 = ADVANCED_FACE ( 'NONE', ( #2762, #2851, #5059, #1910, #2392, #496, #4211, #5109 ), #955, .F. ) ;
#4439 = CARTESIAN_POINT ( 'NONE',  ( -22.90115868095285379, -14.29421713193682031, 14.99999999999983302 ) ) ;
#4440 = CARTESIAN_POINT ( 'NONE',  ( 24.93677324489563674, -16.00000000000001421, 2.000000000000173639 ) ) ;
#4441 = VECTOR ( 'NONE', #1621, 1000.000000000000000 ) ;
#4442 = EDGE_CURVE ( 'NONE', #4829, #5140, #4631, .T. ) ;
#4443 = B_SPLINE_CURVE_WITH_KNOTS ( 'NONE', 3,
 ( #3819, #3215, #4605, #1143, #200, #1046 ),
 .UNSPECIFIED., .F., .F.,
 ( 4, 2, 4 ),
 ( 0.01693693508342565893, 0.01728397372871770879, 0.01763101237400975865 ),
 .UNSPECIFIED. ) ;
#4444 = VERTEX_POINT ( 'NONE', #3267 ) ;
#4445 = FACE_OUTER_BOUND ( 'NONE', #5376, .T. ) ;
#4446 = CARTESIAN_POINT ( 'NONE',  ( 25.27821838823735945, -17.68215138710788636, 11.72181289534604609 ) ) ;
#4447 = CYLINDRICAL_SURFACE ( 'NONE', #2601, 3.000000000000002665 ) ;
#4448 = AXIS2_PLACEMENT_3D ( 'NONE', #3047, #5363, #4942 ) ;
#4449 = DIRECTION ( 'NONE',  ( 0.000000000000000000, 0.000000000000000000, -1.000000000000000000 ) ) ;
#4450 = VECTOR ( 'NONE', #4542, 1000.000000000000000 ) ;
#4451 = VECTOR ( 'NONE', #354, 1000.000000000000000 ) ;
#4452 = ORIENTED_EDGE ( 'NONE', *, *, #2707, .F. ) ;
#4453 = PLANE ( 'NONE',  #1369 ) ;
#4454 = CARTESIAN_POINT ( 'NONE',  ( 27.18677324489559055, -16.17906019560538056, 9.393448023797015267 ) ) ;
#4455 = CARTESIAN_POINT ( 'NONE',  ( 24.18677324489565095, 15.99999999999998579, 1.804112415015879378E-13 ) ) ;
#4456 = SECURITY_CLASSIFICATION ( '', '', #4184 ) ;
#4457 = DIRECTION ( 'NONE',  ( 0.000000000000000000, 0.000000000000000000, -1.000000000000000000 ) ) ;
#4458 = DIRECTION ( 'NONE',  ( 0.000000000000000000, -1.000000000000000000, 0.000000000000000000 ) ) ;
#4459 = ORIENTED_EDGE ( 'NONE', *, *, #4035, .T. ) ;
#4460 = CARTESIAN_POINT ( 'NONE',  ( 27.14976397893112647, -15.47133895449788454, 10.62121555743302359 ) ) ;
#4461 = VECTOR ( 'NONE', #970, 1000.000000000000000 ) ;
#4462 = CARTESIAN_POINT ( 'NONE',  ( -15.29107519506148272, -12.94267286868938704, 26.22500679539317758 ) ) ;
#4463 = CIRCLE ( 'NONE', #1578, 32.97518921319494467 ) ;
#4464 = CYLINDRICAL_SURFACE ( 'NONE', #4448, 3.000000000000002665 ) ;
#4465 = ORIENTED_EDGE ( 'NONE', *, *, #3956, .T. ) ;
#4466 = CARTESIAN_POINT ( 'NONE',  ( -29.00000000000000000, -12.00000000000001066, -2.499999999999571898 ) ) ;
#4467 = ORIENTED_EDGE ( 'NONE', *, *, #5361, .F. ) ;
#4468 = VECTOR ( 'NONE', #849, 1000.000000000000000 ) ;
#4469 = VERTEX_POINT ( 'NONE', #984 ) ;
#4470 = DIRECTION ( 'NONE',  ( 6.994405055138486205E-15, 1.387778780781445984E-17, -1.000000000000000000 ) ) ;
#4471 = ADVANCED_FACE ( 'NONE', ( #468, #5624, #3750 ), #14, .F. ) ;
#4472 = CIRCLE ( 'NONE', #2543, 32.35351603767355044 ) ;
#4473 = LINE ( 'NONE', #761, #115 ) ;
#4474 = CARTESIAN_POINT ( 'NONE',  ( 29.99999999999999289, -7.500000000000007105, -4.999999999999990230 ) ) ;
#4475 = AXIS2_PLACEMENT_3D ( 'NONE', #191, #2943, #676 ) ;
#4476 = EDGE_CURVE ( 'NONE', #5852, #5793, #3691, .T. ) ;
#4477 = VERTEX_POINT ( 'NONE', #5588 ) ;
#4478 = CARTESIAN_POINT ( 'NONE',  ( -18.47178128971662048, -11.48424488085666439, 24.81789283453221273 ) ) ;
#4479 = VECTOR ( 'NONE', #1352, 1000.000000000000000 ) ;
#4480 = CARTESIAN_POINT ( 'NONE',  ( -30.00000000000000000, 11.99999999999998224, -4.499999999999573674 ) ) ;
#4481 = ADVANCED_FACE ( 'NONE', ( #4693 ), #4273, .F. ) ;
#4482 = CARTESIAN_POINT ( 'NONE',  ( -30.00000000000000000, -12.50000000000001066, -4.999999999999990230 ) ) ;
#4483 = CARTESIAN_POINT ( 'NONE',  ( -26.18677324489582148, 16.13312796766728141, 11.95924845825827276 ) ) ;
#4484 = VECTOR ( 'NONE', #3627, 1000.000000000000000 ) ;
#4485 = ORIENTED_EDGE ( 'NONE', *, *, #5029, .T. ) ;
#4486 = CYLINDRICAL_SURFACE ( 'NONE', #1361, 3.000000000000002665 ) ;
#4487 = CARTESIAN_POINT ( 'NONE',  ( 27.00371781871016452, -17.03979267074775095, 8.335170084397288903 ) ) ;
#4488 = EDGE_CURVE ( 'NONE', #2163, #4662, #4443, .T. ) ;
#4489 = DIRECTION ( 'NONE',  ( -6.980527267330673326E-15, -1.387778780781445984E-17, 1.000000000000000000 ) ) ;
#4490 = CARTESIAN_POINT ( 'NONE',  ( -26.03489410228887735, -16.77030363732560403, 11.39970465661791366 ) ) ;
#4491 = FACE_OUTER_BOUND ( 'NONE', #554, .T. ) ;
#4492 = VERTEX_POINT ( 'NONE', #5655 ) ;
#4493 = CARTESIAN_POINT ( 'NONE',  ( 24.48785198238459770, -13.01097442485750300, 17.89222677919367754 ) ) ;
#4494 = CARTESIAN_POINT ( 'NONE',  ( 23.65874793223320083, 13.04176531017807505, 18.95382959862363137 ) ) ;
#4495 = CARTESIAN_POINT ( 'NONE',  ( -28.99999999999999645, 11.99999999999998224, -4.499999999999573674 ) ) ;
#4496 = ORIENTED_EDGE ( 'NONE', *, *, #742, .F. ) ;
#4497 = LINE ( 'NONE', #3419, #5166 ) ;
#4498 = ORIENTED_EDGE ( 'NONE', *, *, #3896, .F. ) ;
#4499 = ORIENTED_EDGE ( 'NONE', *, *, #4376, .F. ) ;
#4500 = CARTESIAN_POINT ( 'NONE',  ( 29.99999999999999645, 7.499999999999978684, -4.999999999999990230 ) ) ;
#4501 = VECTOR ( 'NONE', #2214, 1000.000000000000000 ) ;
#4502 = DIRECTION ( 'NONE',  ( 1.000000000000000000, 0.000000000000000000, 0.000000000000000000 ) ) ;
#4503 = DIRECTION ( 'NONE',  ( 0.000000000000000000, 0.000000000000000000, -1.000000000000000000 ) ) ;
#4504 = EDGE_CURVE ( 'NONE', #4871, #569, #1500, .T. ) ;
#4505 = ORIENTED_EDGE ( 'NONE', *, *, #5480, .F. ) ;
#4506 = CARTESIAN_POINT ( 'NONE',  ( -17.50000000000021672, 11.74999999999998224, 30.31288913245511196 ) ) ;
#4507 = CARTESIAN_POINT ( 'NONE',  ( 26.03107027619928715, -16.77946233070630910, 11.39495789729384256 ) ) ;
#4508 = CARTESIAN_POINT ( 'NONE',  ( 28.99999999999999289, 12.49999999999998401, -4.999999999999990230 ) ) ;
#4509 = CARTESIAN_POINT ( 'NONE',  ( 17.49999999999992895, 11.75000000000001066, 10.00000000000012079 ) ) ;
#4510 = EDGE_CURVE ( 'NONE', #1490, #5390, #5269, .T. ) ;
#4511 = EDGE_LOOP ( 'NONE', ( #4847, #1650, #4166, #2732 ) ) ;
#4512 = FACE_BOUND ( 'NONE', #4197, .T. ) ;
#4513 = CARTESIAN_POINT ( 'NONE',  ( -0.5835470798477609966, -24.60484747383991078, 24.88508797234302605 ) ) ;
#4514 = CARTESIAN_POINT ( 'NONE',  ( -29.99999999999998579, 3.799999999999970068, -2.000000000000210054 ) ) ;
#4515 = CARTESIAN_POINT ( 'NONE',  ( -18.34482396767200996, 12.30578006620140030, 24.51648927546918699 ) ) ;
#4516 = DIRECTION ( 'NONE',  ( 0.05233595624295073884, 0.000000000000000000, -0.9986295347545736112 ) ) ;
#4517 = CARTESIAN_POINT ( 'NONE',  ( -27.02197117114295821, -16.98273599825721192, 8.390910166194119668 ) ) ;
#4518 = ORIENTED_EDGE ( 'NONE', *, *, #4418, .F. ) ;
#4519 = CARTESIAN_POINT ( 'NONE',  ( 24.17247691327600734, -12.99588317305631691, 18.32677030311064570 ) ) ;
#4520 = ADVANCED_FACE ( 'NONE', ( #3008 ), #3362, .T. ) ;
#4521 = CARTESIAN_POINT ( 'NONE',  ( -18.66261342759099762, -13.96723555449224285, 23.35901694947051510 ) ) ;
#4522 = CARTESIAN_POINT ( 'NONE',  ( 26.18677324489557634, 15.99999999999997868, 12.13478088061017068 ) ) ;
#4523 = CARTESIAN_POINT ( 'NONE',  ( 14.99999999999979927, -11.74999999999998934, 26.94322734937309605 ) ) ;
#4524 = ORIENTED_EDGE ( 'NONE', *, *, #3156, .T. ) ;
#4525 = ORIENTED_EDGE ( 'NONE', *, *, #5749, .T. ) ;
#4526 = CARTESIAN_POINT ( 'NONE',  ( 29.99999999999999645, -12.50000000000001066, -5.000000000000004441 ) ) ;
#4527 = EDGE_CURVE ( 'NONE', #688, #4253, #5514, .T. ) ;
#4528 = FACE_BOUND ( 'NONE', #5360, .T. ) ;
#4529 = CARTESIAN_POINT ( 'NONE',  ( 31.00000000000000355, 0.000000000000000000, 2.220446049250313081E-13 ) ) ;
#4530 = FACE_OUTER_BOUND ( 'NONE', #2130, .T. ) ;
#4531 = ORIENTED_EDGE ( 'NONE', *, *, #5565, .F. ) ;
#4532 = CARTESIAN_POINT ( 'NONE',  ( -17.11029651019170217, -10.81927687389436343, 26.06154749725037334 ) ) ;
#4533 = LINE ( 'NONE', #483, #423 ) ;
#4534 = PLANE ( 'NONE',  #5785 ) ;
#4535 = DIRECTION ( 'NONE',  ( -1.000000000000000000, 8.673617379884033546E-19, -6.998735638973048846E-15 ) ) ;
#4536 = CIRCLE ( 'NONE', #1925, 32.99926273655773201 ) ;
#4537 = EDGE_LOOP ( 'NONE', ( #5331, #2651, #3795, #2183 ) ) ;
#4538 = CARTESIAN_POINT ( 'NONE',  ( 24.45871053498533598, -19.00478718183236282, 11.40465346410482361 ) ) ;
#4539 = CARTESIAN_POINT ( 'NONE',  ( 29.99999999999999645, -12.50000000000001066, -5.000000000000004441 ) ) ;
#4540 = ADVANCED_FACE ( 'NONE', ( #1114 ), #1077, .T. ) ;
#4541 = CARTESIAN_POINT ( 'NONE',  ( -16.69122410614804153, 12.34993869687534129, 25.64966245848251347 ) ) ;
#4542 = DIRECTION ( 'NONE',  ( 0.000000000000000000, 1.000000000000000000, 0.000000000000000000 ) ) ;
#4543 = ORIENTED_EDGE ( 'NONE', *, *, #2018, .F. ) ;
#4544 = CARTESIAN_POINT ( 'NONE',  ( 24.92612672110299243, -13.08886623117863657, 17.21748625116401499 ) ) ;
#4545 = VECTOR ( 'NONE', #293, 1000.000000000000000 ) ;
#4546 = DIRECTION ( 'NONE',  ( -0.8439597323689262964, 0.5364065343932439278, -5.769690281098860396E-15 ) ) ;
#4547 = CARTESIAN_POINT ( 'NONE',  ( 25.99344022391747799, 16.86448758567471629, 11.35526500882266099 ) ) ;
#4548 = AXIS2_PLACEMENT_3D ( 'NONE', #2516, #3878, #3001 ) ;
#4549 = EDGE_CURVE ( 'NONE', #3515, #472, #5684, .T. ) ;
#4550 = DIRECTION ( 'NONE',  ( 6.709910405078290630E-15, -1.526556658859590243E-16, -1.000000000000000000 ) ) ;
#4551 = EDGE_LOOP ( 'NONE', ( #4781, #222, #3155, #3409 ) ) ;
#4552 = EDGE_LOOP ( 'NONE', ( #2267, #94 ) ) ;
#4553 = CARTESIAN_POINT ( 'NONE',  ( 25.08227906937469953, 18.86845955922776952, 10.19700321015849909 ) ) ;
#4554 = VECTOR ( 'NONE', #64, 1000.000000000000000 ) ;
#4555 = CIRCLE ( 'NONE', #5801, 32.97518921319494467 ) ;
#4556 = DIRECTION ( 'NONE',  ( -1.000000000000000000, 0.000000000000000000, -6.938893903907232322E-15 ) ) ;
#4557 = VECTOR ( 'NONE', #670, 1000.000000000000000 ) ;
#4558 = CARTESIAN_POINT ( 'NONE',  ( -29.00000000000000000, 11.99999999999998224, -2.499999999999571898 ) ) ;
#4559 = SPHERICAL_SURFACE ( 'NONE', #3381, 33.00000000000000000 ) ;
#4560 = CIRCLE ( 'NONE', #2726, 15.19999999999999751 ) ;
#4561 = VERTEX_POINT ( 'NONE', #1559 ) ;
#4562 = LINE ( 'NONE', #425, #3401 ) ;
#4563 = CARTESIAN_POINT ( 'NONE',  ( -18.66277883640966451, 13.97768545424306552, 23.35393385187592585 ) ) ;
#4564 = VECTOR ( 'NONE', #4742, 1000.000000000000000 ) ;
#4565 = CARTESIAN_POINT ( 'NONE',  ( 29.99999999999999645, 12.49999999999998401, -5.000000000000004441 ) ) ;
#4566 = AXIS2_PLACEMENT_3D ( 'NONE', #4702, #5599, #2887 ) ;
#4567 = ORIENTED_EDGE ( 'NONE', *, *, #3885, .T. ) ;
#4568 = CARTESIAN_POINT ( 'NONE',  ( -16.50000000000006750, -11.75000000000001066, 9.999999999999877431 ) ) ;
#4569 = CARTESIAN_POINT ( 'NONE',  ( -30.00000000000000000, -8.000000000000035527, -2.499999999999571898 ) ) ;
#4570 = CARTESIAN_POINT ( 'NONE',  ( 21.18677324489542357, 15.99999999999998579, 33.00100000000038136 ) ) ;
#4571 = CARTESIAN_POINT ( 'NONE',  ( 18.66145165123781169, 13.96786828391115698, 23.35956947305112408 ) ) ;
#4572 = LINE ( 'NONE', #5530, #93 ) ;
#4573 = EDGE_CURVE ( 'NONE', #4383, #282, #4274, .T. ) ;
#4574 = EDGE_LOOP ( 'NONE', ( #1986, #3831, #885, #1112, #2341, #3223, #2882, #1082, #306, #3806, #540, #1921 ) ) ;
#4575 = AXIS2_PLACEMENT_3D ( 'NONE', #1459, #2729, #1404 ) ;
#4576 = CARTESIAN_POINT ( 'NONE',  ( 22.91543302973763474, -13.27328769693929900, 19.69205190302113451 ) ) ;
#4577 = DIRECTION ( 'NONE',  ( 1.000000000000000000, -8.673617379884035472E-19, 6.994405055138486205E-15 ) ) ;
#4578 = APPROVAL_DATE_TIME ( #4241, #5717 ) ;
#4579 = CARTESIAN_POINT ( 'NONE',  ( -22.90115868095295681, 14.29421713193682031, 30.31288913245506933 ) ) ;
#4580 = CARTESIAN_POINT ( 'NONE',  ( -24.45871053498635916, 19.00478718183224558, 11.40465346410275771 ) ) ;
#4581 = ORIENTED_EDGE ( 'NONE', *, *, #3964, .F. ) ;
#4582 = VERTEX_POINT ( 'NONE', #3792 ) ;
#4583 = CARTESIAN_POINT ( 'NONE',  ( 19.94415802951278849, -12.28739708451958812, 23.24358484545267700 ) ) ;
#4584 = EDGE_CURVE ( 'NONE', #171, #5345, #906, .T. ) ;
#4585 = EDGE_CURVE ( 'NONE', #480, #2791, #5748, .T. ) ;
#4586 = CARTESIAN_POINT ( 'NONE',  ( -19.69207102591923686, -10.53895639781088001, 24.29378816577541045 ) ) ;
#4587 = CARTESIAN_POINT ( 'NONE',  ( -15.00000000000019362, 3.613429000459705645E-16, 27.99999999999998224 ) ) ;
#4588 = CARTESIAN_POINT ( 'NONE',  ( -15.20000000000020712, 2.961703875033288902E-14, 29.79999999999999361 ) ) ;
#4589 = EDGE_CURVE ( 'NONE', #1406, #5802, #846, .T. ) ;
#4590 = VERTEX_POINT ( 'NONE', #1169 ) ;
#4591 = CARTESIAN_POINT ( 'NONE',  ( -30.00000000000000000, -7.500000000000007105, 4.000000000000017764 ) ) ;
#4592 = CARTESIAN_POINT ( 'NONE',  ( 22.75861441536216745, 14.58662146465858989, 18.92935648620475320 ) ) ;
#4593 = DIRECTION ( 'NONE',  ( 6.980527267330673326E-15, 1.387778780781445984E-17, -1.000000000000000000 ) ) ;
#4594 = VECTOR ( 'NONE', #611, 1000.000000000000000 ) ;
#4595 = ORIENTED_EDGE ( 'NONE', *, *, #51, .T. ) ;
#4596 = DIRECTION ( 'NONE',  ( 0.000000000000000000, -1.000000000000000000, 0.000000000000000000 ) ) ;
#4597 = CARTESIAN_POINT ( 'NONE',  ( -18.37883706896247205, 11.25731848459676421, 24.99027159510276164 ) ) ;
#4598 = CARTESIAN_POINT ( 'NONE',  ( 30.96506147691004429, 13.95673404495044245, -0.6666667347466640470 ) ) ;
#4599 = EDGE_CURVE ( 'NONE', #5907, #5449, #5436, .T. ) ;
#4600 = CARTESIAN_POINT ( 'NONE',  ( -24.18677324489566871, -16.00000000000001421, 1.999999999999835243 ) ) ;
#4601 = DIRECTION ( 'NONE',  ( -6.938893903907229918E-18, 8.743006318923109728E-16, -1.000000000000000000 ) ) ;
#4602 = VERTEX_POINT ( 'NONE', #4879 ) ;
#4603 = ORIENTED_EDGE ( 'NONE', *, *, #3078, .F. ) ;
#4604 = DIRECTION ( 'NONE',  ( -6.980527267330673326E-15, -1.387778780781445984E-17, 1.000000000000000000 ) ) ;
#4605 = CARTESIAN_POINT ( 'NONE',  ( -19.96553582908996560, 12.17769240030690270, 23.28293139027706715 ) ) ;
#4606 = CALENDAR_DATE ( 2026, 20, 8 ) ;
#4607 = CARTESIAN_POINT ( 'NONE',  ( 26.18677324489558345, 16.13096021170353822, 11.96210669655424219 ) ) ;
#4608 = DIRECTION ( 'NONE',  ( 0.000000000000000000, -1.000000000000000000, 0.000000000000000000 ) ) ;
#4609 = ORIENTED_EDGE ( 'NONE', *, *, #2705, .T. ) ;
#4610 = ORIENTED_EDGE ( 'NONE', *, *, #3113, .T. ) ;
#4611 = CARTESIAN_POINT ( 'NONE',  ( 22.41868788032332205, 18.44750902325877107, 15.70248331762489080 ) ) ;
#4612 = B_SPLINE_CURVE_WITH_KNOTS ( 'NONE', 3,
 ( #4992, #2455, #162, #1460, #2418, #3746, #5105, #67, #1881, #4714, #3386, #491, #2907, #2873, #618, #4301, #1972, #1431, #2816, #2000, #4751, #3844, #5678, #1013, #3356, #1936, #1552, #583, #5233, #5139 ),
 .UNSPECIFIED., .F., .F.,
 ( 4, 2, 2, 2, 2, 2, 2, 2, 2, 2, 2, 2, 2, 2, 4 ),
 ( 0.02019782031603383973, 0.02082512836017789970, 0.02145243640432195620, 0.02270705249261006572, 0.02396166858089817525, 0.02521628466918628825, 0.02647090075747440124, 0.02709820880161845080, 0.02772551684576250036, 0.02835282488990654992, 0.02866647891197857470, 0.02898013293405059948, 0.02960744097819463516, 0.02992109500026665647, 0.03023474902233867778 ),
 .UNSPECIFIED. ) ;
#4613 = DIRECTION ( 'NONE',  ( -1.000000000000000000, 0.000000000000000000, -6.938893903907222067E-15 ) ) ;
#4614 = CARTESIAN_POINT ( 'NONE',  ( 21.18677324489565095, 15.99999999999998579, 1.594280263361724792E-13 ) ) ;
#4615 = ADVANCED_FACE ( 'NONE', ( #5859 ), #3563, .F. ) ;
#4616 = ADVANCED_FACE ( 'NONE', ( #2125 ), #861, .T. ) ;
#4617 = DIRECTION ( 'NONE',  ( 1.224646799147352961E-16, 1.000000000000000000, -0.000000000000000000 ) ) ;
#4618 = ORIENTED_EDGE ( 'NONE', *, *, #4135, .T. ) ;
#4619 = DIRECTION ( 'NONE',  ( 1.000000000000000000, 0.000000000000000000, 0.000000000000000000 ) ) ;
#4620 = CARTESIAN_POINT ( 'NONE',  ( 28.99999999999999289, 0.000000000000000000, 2.000000000000015543 ) ) ;
#4621 = CARTESIAN_POINT ( 'NONE',  ( -17.50000000000021672, 11.74999999999998224, 30.31288913245511196 ) ) ;
#4622 = EDGE_CURVE ( 'NONE', #5383, #4384, #547, .T. ) ;
#4623 = ORIENTED_EDGE ( 'NONE', *, *, #5964, .T. ) ;
#4624 = CARTESIAN_POINT ( 'NONE',  ( -24.00831674449654329, 13.00032261279296009, 18.53817787680856810 ) ) ;
#4625 = CARTESIAN_POINT ( 'NONE',  ( -26.93747833646504120, -14.77995116656241947, 12.05026791744410275 ) ) ;
#4626 = CARTESIAN_POINT ( 'NONE',  ( 21.33298685284969309, -15.07484961840027715, 20.16562870130159268 ) ) ;
#4627 = LINE ( 'NONE', #3264, #5308 ) ;
#4628 = AXIS2_PLACEMENT_3D ( 'NONE', #3815, #3325, #5649 ) ;
#4629 = ORIENTED_EDGE ( 'NONE', *, *, #2087, .T. ) ;
#4630 = CARTESIAN_POINT ( 'NONE',  ( 29.99999999999999645, 9.499999999999980460, -2.499999999999571898 ) ) ;
#4631 = LINE ( 'NONE', #4151, #517 ) ;
#4632 =( LENGTH_UNIT ( ) NAMED_UNIT ( * ) SI_UNIT ( .MILLI., .METRE. ) );
#4633 = CARTESIAN_POINT ( 'NONE',  ( 22.60996170413681838, 17.24896314749512172, 16.74657982830649772 ) ) ;
#4634 = FACE_OUTER_BOUND ( 'NONE', #2391, .T. ) ;
#4635 = ORIENTED_EDGE ( 'NONE', *, *, #1657, .F. ) ;
#4636 = ORIENTED_EDGE ( 'NONE', *, *, #3289, .F. ) ;
#4637 = DIRECTION ( 'NONE',  ( -1.000000000000000000, 0.000000000000000000, -6.938893903907232322E-15 ) ) ;
#4638 = AXIS2_PLACEMENT_3D ( 'NONE', #439, #2275, #1854 ) ;
#4639 = CARTESIAN_POINT ( 'NONE',  ( -18.50000000000009592, -11.75000000000001066, 9.999999999999863221 ) ) ;
#4640 = FACE_OUTER_BOUND ( 'NONE', #926, .T. ) ;
#4641 = ORIENTED_EDGE ( 'NONE', *, *, #340, .F. ) ;
#4642 = CARTESIAN_POINT ( 'NONE',  ( -28.99999999999999645, 9.499999999999980460, -4.499999999999573674 ) ) ;
#4643 = EDGE_CURVE ( 'NONE', #5017, #5280, #4195, .T. ) ;
#4644 = CARTESIAN_POINT ( 'NONE',  ( -26.09654791653721873, 16.60145969792033682, 11.50537978735691702 ) ) ;
#4645 = CIRCLE ( 'NONE', #2620, 2.499999999999998668 ) ;
#4646 = CC_DESIGN_PERSON_AND_ORGANIZATION_ASSIGNMENT ( #98, #1944, ( #3290 ) ) ;
#4647 = CIRCLE ( 'NONE', #3585, 14.99999999999999822 ) ;
#4648 = ORIENTED_EDGE ( 'NONE', *, *, #2827, .F. ) ;
#4649 = CARTESIAN_POINT ( 'NONE',  ( 28.99999999999999289, -10.50000000000000888, -2.499999999999571898 ) ) ;
#4650 = DIRECTION ( 'NONE',  ( 0.8439597323689261854, 0.5364065343932440388, 0.000000000000000000 ) ) ;
#4651 = DIRECTION ( 'NONE',  ( 0.000000000000000000, 0.000000000000000000, 1.000000000000000000 ) ) ;
#4652 = B_SPLINE_CURVE_WITH_KNOTS ( 'NONE', 3,
 ( #1403, #921, #4598, #2299 ),
 .UNSPECIFIED., .F., .F.,
 ( 4, 4 ),
 ( 0.000000000000000000, 0.002002871483817274256 ),
 .UNSPECIFIED. ) ;
#4653 = VECTOR ( 'NONE', #734, 1000.000000000000000 ) ;
#4654 = EDGE_CURVE ( 'NONE', #5635, #5336, #1487, .T. ) ;
#4655 = ORIENTED_EDGE ( 'NONE', *, *, #4527, .F. ) ;
#4656 = CARTESIAN_POINT ( 'NONE',  ( -32.00000000000000000, 0.000000000000000000, -2.220446049250313081E-13 ) ) ;
#4657 = VECTOR ( 'NONE', #3599, 1000.000000000000000 ) ;
#4658 = DIRECTION ( 'NONE',  ( 6.980527267330673326E-15, 1.387778780781445984E-17, -1.000000000000000000 ) ) ;
#4659 = CARTESIAN_POINT ( 'NONE',  ( 18.89158431631952695, 13.83120223753375910, 23.25567661407233899 ) ) ;
#4660 = CARTESIAN_POINT ( 'NONE',  ( -2.168404344971008868E-16, -35.00000000000000000, 26.70000000000001705 ) ) ;
#4661 = ORIENTED_EDGE ( 'NONE', *, *, #5600, .F. ) ;
#4662 = VERTEX_POINT ( 'NONE', #3681 ) ;
#4663 = DIRECTION ( 'NONE',  ( 6.980527267330673326E-15, 1.387778780781445984E-17, -1.000000000000000000 ) ) ;
#4664 = VECTOR ( 'NONE', #3453, 1000.000000000000000 ) ;
#4665 = EDGE_CURVE ( 'NONE', #3073, #4561, #9, .T. ) ;
#4666 = FACE_BOUND ( 'NONE', #3716, .T. ) ;
#4667 = PERSON_AND_ORGANIZATION ( #4717, #985 ) ;
#4668 = AXIS2_PLACEMENT_3D ( 'NONE', #2227, #5877, #5092 ) ;
#4669 = CARTESIAN_POINT ( 'NONE',  ( 19.75956188324730434, 10.66948665152986386, 24.18175085262519275 ) ) ;
#4670 = DIRECTION ( 'NONE',  ( 0.000000000000000000, -1.000000000000000000, 0.000000000000000000 ) ) ;
#4671 = VERTEX_POINT ( 'NONE', #1429 ) ;
#4672 = EDGE_LOOP ( 'NONE', ( #613, #674, #3280, #5330 ) ) ;
#4673 = CARTESIAN_POINT ( 'NONE',  ( -30.89518444143390141, 13.94170386461438049, -2.000000000000210054 ) ) ;
#4674 = CARTESIAN_POINT ( 'NONE',  ( -19.44397788208547695, -10.17135086867951976, 24.64773842008355587 ) ) ;
#4675 = DIRECTION ( 'NONE',  ( 1.000000000000000000, 0.000000000000000000, 0.000000000000000000 ) ) ;
#4676 = CARTESIAN_POINT ( 'NONE',  ( 28.99999999999999289, 11.99999999999998224, -4.499999999999573674 ) ) ;
#4677 = VERTEX_POINT ( 'NONE', #3261 ) ;
#4678 = EDGE_LOOP ( 'NONE', ( #878, #1643 ) ) ;
#4679 = DIRECTION ( 'NONE',  ( 1.000000000000000000, -8.673617379884035472E-19, 6.994405055138486205E-15 ) ) ;
#4680 = ORIENTED_EDGE ( 'NONE', *, *, #3836, .T. ) ;
#4681 = PLANE ( 'NONE',  #2716 ) ;
#4682 = CARTESIAN_POINT ( 'NONE',  ( -30.75030176399155835, -3.800000000000025580, -4.764526171961297685 ) ) ;
#4683 = CARTESIAN_POINT ( 'NONE',  ( -20.00000000000022737, -11.75000000000001066, 30.31288913245510841 ) ) ;
#4684 = EDGE_LOOP ( 'NONE', ( #5562, #4800, #3542, #1542 ) ) ;
#4685 = CYLINDRICAL_SURFACE ( 'NONE', #3111, 2.000000000000001776 ) ;
#4686 = FACE_OUTER_BOUND ( 'NONE', #3596, .T. ) ;
#4687 = DIRECTION ( 'NONE',  ( -6.980527267330673326E-15, -1.387778780781445984E-17, 1.000000000000000000 ) ) ;
#4688 = CARTESIAN_POINT ( 'NONE',  ( 18.49999999999981881, -11.61259259683278700, 24.73703410913019241 ) ) ;
#4689 = ORIENTED_EDGE ( 'NONE', *, *, #1894, .T. ) ;
#4690 = LINE ( 'NONE', #1015, #4261 ) ;
#4691 = EDGE_CURVE ( 'NONE', #5636, #2412, #5242, .T. ) ;
#4692 = EDGE_LOOP ( 'NONE', ( #3560, #932, #4139, #4374 ) ) ;
#4693 = FACE_OUTER_BOUND ( 'NONE', #212, .T. ) ;
#4694 = CARTESIAN_POINT ( 'NONE',  ( 17.50155019911307264, 9.244932605940096693, 26.40572714901216500 ) ) ;
#4695 = CARTESIAN_POINT ( 'NONE',  ( -17.50000000000000000, 0.000000000000000000, 30.31088913245535821 ) ) ;
#4696 = EDGE_LOOP ( 'NONE', ( #4237, #1296, #294, #764 ) ) ;
#4697 = ORIENTED_EDGE ( 'NONE', *, *, #389, .F. ) ;
#4698 = EDGE_CURVE ( 'NONE', #1762, #1049, #2812, .T. ) ;
#4699 = LINE ( 'NONE', #2857, #2917 ) ;
#4700 = CARTESIAN_POINT ( 'NONE',  ( -0.6987847835314749956, -19.75422455099577235, 26.42559300169575920 ) ) ;
#4701 = FACE_OUTER_BOUND ( 'NONE', #3456, .T. ) ;
#4702 = CARTESIAN_POINT ( 'NONE',  ( 24.18677324489563674, -16.00000000000001421, 2.000000000000168310 ) ) ;
#4703 = ORIENTED_EDGE ( 'NONE', *, *, #185, .T. ) ;
#4704 = EDGE_LOOP ( 'NONE', ( #2717, #1028 ) ) ;
#4705 = CARTESIAN_POINT ( 'NONE',  ( 22.90115868095262996, 14.29421713193679366, 15.00000000000016520 ) ) ;
#4706 = ORIENTED_EDGE ( 'NONE', *, *, #5292, .T. ) ;
#4707 = DIRECTION ( 'NONE',  ( 1.000000000000000000, 0.000000000000000000, 0.000000000000000000 ) ) ;
#4708 = CARTESIAN_POINT ( 'NONE',  ( 18.66099686336890073, -13.97860182582960498, 23.35480852279759745 ) ) ;
#4709 = CARTESIAN_POINT ( 'NONE',  ( -30.00000000000000000, 12.49999999999998401, -4.999999999999990230 ) ) ;
#4710 = EDGE_LOOP ( 'NONE', ( #2953, #5498, #4636, #2635 ) ) ;
#4711 = PLANE ( 'NONE',  #1574 ) ;
#4712 = DIRECTION ( 'NONE',  ( 2.636779683484747277E-16, 4.276423536147513034E-50, -1.000000000000000000 ) ) ;
#4713 = DIRECTION ( 'NONE',  ( 6.980527267330673326E-15, 1.387778780781445984E-17, -1.000000000000000000 ) ) ;
#4714 = CARTESIAN_POINT ( 'NONE',  ( -25.22494330154093944, 14.27943396450541513, 15.77887135213114433 ) ) ;
#4715 = ORIENTED_EDGE ( 'NONE', *, *, #5256, .F. ) ;
#4716 = CARTESIAN_POINT ( 'NONE',  ( -15.00000000000019362, 11.74999999999998046, 26.94322734937288288 ) ) ;
#4717 = PERSON ( '未', '未', '未', ('未'), ('未'), ('未') ) ;
#4718 = EDGE_CURVE ( 'NONE', #4288, #2890, #403, .T. ) ;
#4719 = ORIENTED_EDGE ( 'NONE', *, *, #4405, .F. ) ;
#4720 = DIRECTION ( 'NONE',  ( -1.000000000000000000, 0.000000000000000000, 0.000000000000000000 ) ) ;
#4721 = DIRECTION ( 'NONE',  ( 0.000000000000000000, -1.000000000000000000, 0.000000000000000000 ) ) ;
#4722 = AXIS2_PLACEMENT_3D ( 'NONE', #2784, #864, #4031 ) ;
#4723 = DIRECTION ( 'NONE',  ( 1.000000000000000000, 0.000000000000000000, 6.994405055138490149E-15 ) ) ;
#4724 = FACE_OUTER_BOUND ( 'NONE', #3803, .T. ) ;
#4725 = ORIENTED_EDGE ( 'NONE', *, *, #867, .T. ) ;
#4726 = EDGE_LOOP ( 'NONE', ( #3755, #5539, #940, #2862 ) ) ;
#4727 = CARTESIAN_POINT ( 'NONE',  ( -28.99999999999999645, 11.99999999999998224, -4.499999999999573674 ) ) ;
#4728 = EDGE_CURVE ( 'NONE', #1697, #859, #920, .T. ) ;
#4729 = EDGE_CURVE ( 'NONE', #4671, #361, #2727, .T. ) ;
#4730 = CARTESIAN_POINT ( 'NONE',  ( -0.3317550629080716629, -19.46375353081198156, 26.64694651541559267 ) ) ;
#4731 = DIRECTION ( 'NONE',  ( 0.000000000000000000, -1.000000000000000000, 0.000000000000000000 ) ) ;
#4732 = VECTOR ( 'NONE', #145, 1000.000000000000000 ) ;
#4733 = PLANE ( 'NONE',  #5524 ) ;
#4734 = VERTEX_POINT ( 'NONE', #2269 ) ;
#4735 = ORIENTED_EDGE ( 'NONE', *, *, #2529, .F. ) ;
#4736 = FACE_OUTER_BOUND ( 'NONE', #2901, .T. ) ;
#4737 = AXIS2_PLACEMENT_3D ( 'NONE', #3126, #407, #5410 ) ;
#4738 = AXIS2_PLACEMENT_3D ( 'NONE', #1311, #2636, #2208 ) ;
#4739 = VERTEX_POINT ( 'NONE', #4569 ) ;
#4740 = DIRECTION ( 'NONE',  ( -1.000000000000000000, 0.000000000000000000, 0.000000000000000000 ) ) ;
#4741 = CC_DESIGN_SECURITY_CLASSIFICATION ( #4456, ( #3290 ) ) ;
#4742 = DIRECTION ( 'NONE',  ( 6.980527267330673326E-15, 1.387778780781445984E-17, -1.000000000000000000 ) ) ;
#4743 = CARTESIAN_POINT ( 'NONE',  ( 32.00000000000000000, 0.000000000000000000, 0.000000000000000000 ) ) ;
#4744 = VECTOR ( 'NONE', #5577, 1000.000000000000000 ) ;
#4745 = VECTOR ( 'NONE', #1891, 1000.000000000000000 ) ;
#4746 = ORIENTED_EDGE ( 'NONE', *, *, #1924, .T. ) ;
#4747 = LINE ( 'NONE', #1588, #3197 ) ;
#4748 = DIRECTION ( 'NONE',  ( 1.000000000000000000, 0.000000000000000000, 0.000000000000000000 ) ) ;
#4749 = CARTESIAN_POINT ( 'NONE',  ( 0.9106098681230024861, -24.19846151809304402, 25.27116455071135448 ) ) ;
#4750 = AXIS2_PLACEMENT_3D ( 'NONE', #1442, #536, #3248 ) ;
#4751 = CARTESIAN_POINT ( 'NONE',  ( -22.75836678223494758, 14.59627129138300283, 18.92133452776218405 ) ) ;
#4752 = ORIENTED_EDGE ( 'NONE', *, *, #3752, .F. ) ;
#4753 = DIRECTION ( 'NONE',  ( 1.000000000000000000, -1.776356839400250267E-15, 0.000000000000000000 ) ) ;
#4754 = AXIS2_PLACEMENT_3D ( 'NONE', #1175, #1606, #751 ) ;
#4755 = VERTEX_POINT ( 'NONE', #5466 ) ;
#4756 = CARTESIAN_POINT ( 'NONE',  ( 18.49999999999982947, 11.74999999999998224, 24.67159297653897099 ) ) ;
#4757 = CARTESIAN_POINT ( 'NONE',  ( -31.00000000000000000, -13.96424004376894956, -2.081668171172168513E-13 ) ) ;
#4758 = ADVANCED_FACE ( 'NONE', ( #3207 ), #5050, .T. ) ;
#4759 = CARTESIAN_POINT ( 'NONE',  ( -26.18677324489574687, -16.13096021170355954, 11.96210669655383896 ) ) ;
#4760 = CARTESIAN_POINT ( 'NONE',  ( -26.52469487397619474, 17.88769846165075705, 8.093245944136459258 ) ) ;
#4761 = VERTEX_POINT ( 'NONE', #3842 ) ;
#4762 = ORIENTED_EDGE ( 'NONE', *, *, #3137, .T. ) ;
#4763 = CARTESIAN_POINT ( 'NONE',  ( 0.3335855162417986075, -21.82097075175930456, 24.75361574216376326 ) ) ;
#4764 = VECTOR ( 'NONE', #300, 1000.000000000000000 ) ;
#4765 = DIRECTION ( 'NONE',  ( 6.980527267330673326E-15, 1.387778780781445984E-17, -1.000000000000000000 ) ) ;
#4766 = CARTESIAN_POINT ( 'NONE',  ( -0.08630275612066029556, -21.88401242916853207, 24.69999999999998153 ) ) ;
#4767 = CARTESIAN_POINT ( 'NONE',  ( 29.99999999999999645, -10.50000000000000888, -4.499999999999573674 ) ) ;
#4768 = DIRECTION ( 'NONE',  ( 6.980527267330673326E-15, 1.387778780781445984E-17, -1.000000000000000000 ) ) ;
#4769 = EDGE_LOOP ( 'NONE', ( #2318, #1907, #1509, #5874 ) ) ;
#4770 = ORIENTED_EDGE ( 'NONE', *, *, #5840, .T. ) ;
#4771 = EDGE_LOOP ( 'NONE', ( #4402, #4071 ) ) ;
#4772 = PLANE ( 'NONE',  #1845 ) ;
#4773 = AXIS2_PLACEMENT_3D ( 'NONE', #2758, #2272, #2845 ) ;
#4774 = EDGE_CURVE ( 'NONE', #639, #2617, #3874, .T. ) ;
#4775 = EDGE_LOOP ( 'NONE', ( #5782, #449, #4318, #789 ) ) ;
#4776 = DIRECTION ( 'NONE',  ( -1.000000000000000000, 0.000000000000000000, -6.938893903907232322E-15 ) ) ;
#4777 = CARTESIAN_POINT ( 'NONE',  ( 16.20964657314862478, -13.90231818773044203, 25.16055577421651535 ) ) ;
#4778 = CARTESIAN_POINT ( 'NONE',  ( 22.75836678223461718, -14.59627129138310053, 18.92133452776251090 ) ) ;
#4779 = ADVANCED_FACE ( 'NONE', ( #4360 ), #2064, .F. ) ;
#4780 = EDGE_CURVE ( 'NONE', #3796, #5113, #3781, .T. ) ;
#4781 = ORIENTED_EDGE ( 'NONE', *, *, #4622, .F. ) ;
#4782 = DIRECTION ( 'NONE',  ( -1.000000000000000000, 0.000000000000000000, 0.000000000000000000 ) ) ;
#4783 = CARTESIAN_POINT ( 'NONE',  ( 28.99999999999999289, 11.99999999999998224, -4.499999999999573674 ) ) ;
#4784 = CARTESIAN_POINT ( 'NONE',  ( 17.49999999999992539, -11.75000000000001066, 10.00000000000012079 ) ) ;
#4785 = CARTESIAN_POINT ( 'NONE',  ( 16.98303635510790244, -10.88121720729588660, 26.11893634965483457 ) ) ;
#4786 = DIRECTION ( 'NONE',  ( 0.8439597323689265185, 0.5364065343932433727, -1.511291092270994341E-14 ) ) ;
#4787 = EDGE_CURVE ( 'NONE', #2019, #1280, #1136, .T. ) ;
#4788 = ORIENTED_EDGE ( 'NONE', *, *, #3156, .F. ) ;
#4789 = CARTESIAN_POINT ( 'NONE',  ( 17.88977627127468395, 12.68023998791128903, 24.66150973539794578 ) ) ;
#4790 = CARTESIAN_POINT ( 'NONE',  ( 17.74007366396178043, 10.77165209784702782, 25.65704522132360665 ) ) ;
#4791 = FACE_OUTER_BOUND ( 'NONE', #394, .T. ) ;
#4792 = PLANE ( 'NONE',  #4150 ) ;
#4793 = ORIENTED_EDGE ( 'NONE', *, *, #2975, .F. ) ;
#4794 = ORIENTED_EDGE ( 'NONE', *, *, #4599, .F. ) ;
#4795 = CARTESIAN_POINT ( 'NONE',  ( -23.43677324489565805, -16.00000000000001421, -1.612980582432754773E-13 ) ) ;
#4796 = DIRECTION ( 'NONE',  ( 6.980527267330673326E-15, 1.387778780781445984E-17, -1.000000000000000000 ) ) ;
#4797 = LINE ( 'NONE', #5277, #976 ) ;
#4798 = DIRECTION ( 'NONE',  ( 1.000000000000000000, 0.000000000000000000, 0.000000000000000000 ) ) ;
#4799 = ORIENTED_EDGE ( 'NONE', *, *, #4527, .T. ) ;
#4800 = ORIENTED_EDGE ( 'NONE', *, *, #4718, .F. ) ;
#4801 = EDGE_LOOP ( 'NONE', ( #1134, #4188, #5419, #96, #3245, #4270, #3927, #3897 ) ) ;
#4802 = CARTESIAN_POINT ( 'NONE',  ( 29.99999999999999645, -12.00000000000001066, -4.499999999999573674 ) ) ;
#4803 = ADVANCED_FACE ( 'NONE', ( #1492 ), #2972, .T. ) ;
#4804 = CARTESIAN_POINT ( 'NONE',  ( 28.99999999999999289, 12.49999999999998401, -4.999999999999990230 ) ) ;
#4805 = ADVANCED_FACE ( 'NONE', ( #1107 ), #3908, .F. ) ;
#4806 = LINE ( 'NONE', #1582, #4564 ) ;
#4807 = CARTESIAN_POINT ( 'NONE',  ( 24.04823065945808125, -14.00090692129237979, 17.73984241456444622 ) ) ;
#4808 = VECTOR ( 'NONE', #3540, 1000.000000000000000 ) ;
#4809 = ORIENTED_EDGE ( 'NONE', *, *, #4908, .F. ) ;
#4810 = DIRECTION ( 'NONE',  ( 1.000000000000000000, 0.000000000000000000, 0.000000000000000000 ) ) ;
#4811 = PLANE ( 'NONE',  #5334 ) ;
#4812 = EDGE_CURVE ( 'NONE', #4444, #1479, #1550, .T. ) ;
#4813 = CARTESIAN_POINT ( 'NONE',  ( 15.69230080476841493, 13.49083862187500849, 25.70660774188250741 ) ) ;
#4814 = DIRECTION ( 'NONE',  ( 6.980527267330673326E-15, 1.387778780781445984E-17, -1.000000000000000000 ) ) ;
#4815 = CARTESIAN_POINT ( 'NONE',  ( 28.99999999999999289, -7.500000000000007105, -4.999999999999990230 ) ) ;
#4816 = ORIENTED_EDGE ( 'NONE', *, *, #1449, .F. ) ;
#4817 = DIRECTION ( 'NONE',  ( -1.000000000000000000, 8.673617379884035472E-19, -6.994405055138486205E-15 ) ) ;
#4818 = DIRECTION ( 'NONE',  ( 0.000000000000000000, 0.000000000000000000, 1.000000000000000000 ) ) ;
#4819 = CARTESIAN_POINT ( 'NONE',  ( -30.00000000000000000, -7.500000000000007105, -4.999999999999990230 ) ) ;
#4820 = CYLINDRICAL_SURFACE ( 'NONE', #5762, 15.00000000000000000 ) ;
#4821 = ORIENTED_EDGE ( 'NONE', *, *, #5246, .F. ) ;
#4822 = EDGE_LOOP ( 'NONE', ( #3304, #1694, #1465, #1930 ) ) ;
#4823 = DIRECTION ( 'NONE',  ( -6.994405055138486205E-15, 0.000000000000000000, 1.000000000000000000 ) ) ;
#4824 = LINE ( 'NONE', #3403, #2060 ) ;
#4825 = DIRECTION ( 'NONE',  ( 0.000000000000000000, 0.000000000000000000, 1.000000000000000000 ) ) ;
#4826 = CARTESIAN_POINT ( 'NONE',  ( 32.00000000000000711, -14.17744687875782716, 2.220446049250313081E-13 ) ) ;
#4827 = ORIENTED_EDGE ( 'NONE', *, *, #2182, .F. ) ;
#4828 = ORIENTED_EDGE ( 'NONE', *, *, #311, .F. ) ;
#4829 = VERTEX_POINT ( 'NONE', #4783 ) ;
#4830 = VECTOR ( 'NONE', #4601, 1000.000000000000000 ) ;
#4831 = DIRECTION ( 'NONE',  ( -1.000000000000000000, 0.000000000000000000, -6.938893903907222067E-15 ) ) ;
#4832 = DIRECTION ( 'NONE',  ( 6.980527267330673326E-15, 1.387778780781445984E-17, -1.000000000000000000 ) ) ;
#4833 = LINE ( 'NONE', #5850, #3798 ) ;
#4834 = ADVANCED_FACE ( 'NONE', ( #1590 ), #4811, .F. ) ;
#4835 = AXIS2_PLACEMENT_3D ( 'NONE', #2831, #1176, #781 ) ;
#4836 = CC_DESIGN_APPROVAL ( #3572, ( #4456 ) ) ;
#4837 = EDGE_LOOP ( 'NONE', ( #4038, #4793, #1080, #5556 ) ) ;
#4838 = LINE ( 'NONE', #2971, #5707 ) ;
#4839 = DIRECTION ( 'NONE',  ( 1.000000000000000000, 0.000000000000000000, 0.000000000000000000 ) ) ;
#4840 = AXIS2_PLACEMENT_3D ( 'NONE', #371, #1309, #4679 ) ;
#4841 = CARTESIAN_POINT ( 'NONE',  ( 0.5846358419519183114, -22.82868196624099255, 26.52425833312658554 ) ) ;
#4842 = DIRECTION ( 'NONE',  ( -1.000000000000000000, 0.000000000000000000, 0.000000000000000000 ) ) ;
#4843 = VECTOR ( 'NONE', #4782, 1000.000000000000000 ) ;
#4844 = CARTESIAN_POINT ( 'NONE',  ( -30.00000000000000000, 11.99999999999995559, -2.499999999999586109 ) ) ;
#4845 = VECTOR ( 'NONE', #5544, 1000.000000000000000 ) ;
#4846 = EDGE_CURVE ( 'NONE', #4582, #5636, #3413, .T. ) ;
#4847 = ORIENTED_EDGE ( 'NONE', *, *, #2705, .F. ) ;
#4848 = CARTESIAN_POINT ( 'NONE',  ( 16.93214714330411041, 12.60568456658753611, 25.36708708300379556 ) ) ;
#4849 = VECTOR ( 'NONE', #4045, 1000.000000000000114 ) ;
#4850 = CARTESIAN_POINT ( 'NONE',  ( 21.18677324489532054, -16.00000000000068212, 19.59899587910999230 ) ) ;
#4851 = CARTESIAN_POINT ( 'NONE',  ( 30.89518444143392983, -13.94170386461438049, -1.999999999999779732 ) ) ;
#4852 = PLANE ( 'NONE',  #3543 ) ;
#4853 = ORIENTED_EDGE ( 'NONE', *, *, #1485, .T. ) ;
#4854 = VERTEX_POINT ( 'NONE', #2904 ) ;
#4855 = AXIS2_PLACEMENT_3D ( 'NONE', #700, #5187, #2936 ) ;
#4856 = ADVANCED_FACE ( 'NONE', ( #4686 ), #3354, .T. ) ;
#4857 = CARTESIAN_POINT ( 'NONE',  ( 22.00000000000001066, 3.799999999999970068, 1.526556658859590243E-13 ) ) ;
#4858 = EDGE_CURVE ( 'NONE', #1173, #2837, #3422, .T. ) ;
#4859 = VECTOR ( 'NONE', #2210, 1000.000000000000000 ) ;
#4860 = CARTESIAN_POINT ( 'NONE',  ( -18.50000000000007461, 11.74999999999998224, 9.999999999999877431 ) ) ;
#4861 = LINE ( 'NONE', #5278, #5340 ) ;
#4862 = ORIENTED_EDGE ( 'NONE', *, *, #3339, .F. ) ;
#4863 = ORIENTED_EDGE ( 'NONE', *, *, #3262, .T. ) ;
#4864 = ORIENTED_EDGE ( 'NONE', *, *, #4231, .T. ) ;
#4865 = LINE ( 'NONE', #1696, #4367 ) ;
#4866 = VECTOR ( 'NONE', #4658, 1000.000000000000000 ) ;
#4867 = EDGE_CURVE ( 'NONE', #3579, #5645, #2749, .T. ) ;
#4868 = FACE_BOUND ( 'NONE', #4678, .T. ) ;
#4869 = DIRECTION ( 'NONE',  ( 0.000000000000000000, -1.000000000000000000, 0.000000000000000000 ) ) ;
#4870 = CIRCLE ( 'NONE', #2642, 1.000000000000014655 ) ;
#4871 = VERTEX_POINT ( 'NONE', #3031 ) ;
#4872 = CARTESIAN_POINT ( 'NONE',  ( -17.49738189613485417, -10.74252449015128263, 25.83530127015925970 ) ) ;
#4873 = CARTESIAN_POINT ( 'NONE',  ( 24.67247639995564867, -17.94393334681071295, 12.58296322546835810 ) ) ;
#4874 = CARTESIAN_POINT ( 'NONE',  ( -1.919273431507676779E-14, -24.79737889374603910, 24.69999999999997442 ) ) ;
#4875 = FACE_OUTER_BOUND ( 'NONE', #3399, .T. ) ;
#4876 = PLANE ( 'NONE',  #3875 ) ;
#4877 = ORIENTED_EDGE ( 'NONE', *, *, #70, .T. ) ;
#4878 = CARTESIAN_POINT ( 'NONE',  ( 14.99999999999979039, 2.172292246627346716E-15, 29.79999999999999361 ) ) ;
#4879 = CARTESIAN_POINT ( 'NONE',  ( -21.18677324489578595, -16.00000000000001066, 19.59899587910992480 ) ) ;
#4880 = DIRECTION ( 'NONE',  ( -6.980527267330673326E-15, -1.387778780781445984E-17, 1.000000000000000000 ) ) ;
#4881 = CARTESIAN_POINT ( 'NONE',  ( -25.99344022391770892, -16.86448758567458839, 11.35526500882233591 ) ) ;
#4882 = ADVANCED_FACE ( 'NONE', ( #343 ), #5399, .T. ) ;
#4883 = CARTESIAN_POINT ( 'NONE',  ( -6.500000000000000888, -35.00000000000000000, 12.00000000000021849 ) ) ;
#4884 = VERTEX_POINT ( 'NONE', #279 ) ;
#4885 = CARTESIAN_POINT ( 'NONE',  ( 27.18677324489558700, -16.00000000000001066, 9.689136211790462028 ) ) ;
#4886 = CARTESIAN_POINT ( 'NONE',  ( -28.99999999999999645, -8.000000000000035527, -2.499999999999571898 ) ) ;
#4887 = CARTESIAN_POINT ( 'NONE',  ( 16.49999999999981171, 11.74999999999998046, 26.05163142684170907 ) ) ;
#4888 = ORIENTED_EDGE ( 'NONE', *, *, #1226, .F. ) ;
#4889 = ORIENTED_EDGE ( 'NONE', *, *, #2032, .T. ) ;
#4890 = ORIENTED_EDGE ( 'NONE', *, *, #3087, .T. ) ;
#4891 = FACE_OUTER_BOUND ( 'NONE', #63, .T. ) ;
#4892 = CARTESIAN_POINT ( 'NONE',  ( -6.500000000000000888, -30.76930288453083762, 10.00000000000023093 ) ) ;
#4893 = CARTESIAN_POINT ( 'NONE',  ( 24.18677324489554792, 15.99999999999998579, 15.00000000000017941 ) ) ;
#4894 = EDGE_LOOP ( 'NONE', ( #3461, #2929, #4435, #3642 ) ) ;
#4895 = DIRECTION ( 'NONE',  ( -1.000000000000000000, 0.000000000000000000, -6.938893903907232322E-15 ) ) ;
#4896 = CARTESIAN_POINT ( 'NONE',  ( 26.09654791653706241, -16.60145969792036169, 11.50537978735724032 ) ) ;
#4897 = CARTESIAN_POINT ( 'NONE',  ( 18.06101111070419307, -10.91401688769334299, 25.37137966851575044 ) ) ;
#4898 = CARTESIAN_POINT ( 'NONE',  ( -22.68311296862787074, 17.32311376811657766, 16.56600682292194193 ) ) ;
#4899 = VERTEX_POINT ( 'NONE', #4924 ) ;
#4900 = DIRECTION ( 'NONE',  ( -1.000000000000000000, 0.000000000000000000, 0.000000000000000000 ) ) ;
#4901 = DIRECTION ( 'NONE',  ( -1.000000000000000000, 8.673617379884035472E-19, -6.994405055138486205E-15 ) ) ;
#4902 = CARTESIAN_POINT ( 'NONE',  ( -0.5991747772887160428, -19.63864449844015780, 26.51404454838711544 ) ) ;
#4903 = CARTESIAN_POINT ( 'NONE',  ( -24.23306796934080154, -18.01175371947477544, 13.32383849980554125 ) ) ;
#4904 = ADVANCED_FACE ( 'NONE', ( #2118 ), #2094, .F. ) ;
#4905 = CARTESIAN_POINT ( 'NONE',  ( 30.00000000000000000, 0.000000000000000000, 1.387778780781445676E-14 ) ) ;
#4906 = EDGE_LOOP ( 'NONE', ( #681, #5087, #4408, #2834 ) ) ;
#4907 = ORIENTED_EDGE ( 'NONE', *, *, #1447, .T. ) ;
#4908 = EDGE_CURVE ( 'NONE', #2665, #1762, #812, .T. ) ;
#4909 = CARTESIAN_POINT ( 'NONE',  ( -24.18677324489565805, 15.99999999999998579, -1.665334536937734811E-13 ) ) ;
#4910 = DIRECTION ( 'NONE',  ( 0.000000000000000000, 0.000000000000000000, 1.000000000000000000 ) ) ;
#4911 = ORIENTED_EDGE ( 'NONE', *, *, #133, .T. ) ;
#4912 = CARTESIAN_POINT ( 'NONE',  ( 23.20649659448685043, -14.24914122303809094, 18.64041567795428023 ) ) ;
#4913 = ORIENTED_EDGE ( 'NONE', *, *, #1493, .F. ) ;
#4914 = ORIENTED_EDGE ( 'NONE', *, *, #965, .F. ) ;
#4915 = CARTESIAN_POINT ( 'NONE',  ( 27.02197117114276992, 16.98273599825740732, 8.390910166194371911 ) ) ;
#4916 = EDGE_CURVE ( 'NONE', #3006, #5538, #2598, .T. ) ;
#4917 = ADVANCED_FACE ( 'NONE', ( #308 ), #2150, .T. ) ;
#4918 = CARTESIAN_POINT ( 'NONE',  ( 16.49999999999978684, 11.74999999999998224, 30.31288913245535355 ) ) ;
#4919 = CYLINDRICAL_SURFACE ( 'NONE', #2446, 3.799999999999999378 ) ;
#4920 = VECTOR ( 'NONE', #3146, 1000.000000000000000 ) ;
#4921 = EDGE_CURVE ( 'NONE', #5844, #5065, #3530, .T. ) ;
#4922 = ORIENTED_EDGE ( 'NONE', *, *, #3359, .T. ) ;
#4923 = CARTESIAN_POINT ( 'NONE',  ( 21.33298685284969309, -15.07484961840027715, 20.16562870130159268 ) ) ;
#4924 = CARTESIAN_POINT ( 'NONE',  ( -30.00000000000000000, 9.499999999999980460, -4.499999999999573674 ) ) ;
#4925 = DIRECTION ( 'NONE',  ( -1.000000000000000000, 0.000000000000000000, -6.994405055138514604E-15 ) ) ;
#4926 = AXIS2_PLACEMENT_3D ( 'NONE', #1536, #634, #3310 ) ;
#4927 = CARTESIAN_POINT ( 'NONE',  ( -25.27821838823753708, 17.68215138710785439, 11.72181289534571924 ) ) ;
#4928 = VECTOR ( 'NONE', #714, 1000.000000000000000 ) ;
#4929 = ORIENTED_EDGE ( 'NONE', *, *, #340, .T. ) ;
#4930 = LINE ( 'NONE', #3122, #3393 ) ;
#4931 = CARTESIAN_POINT ( 'NONE',  ( 3.058712698706971646E-14, -22.62984754698967294, 26.70000000000011298 ) ) ;
#4932 = DIRECTION ( 'NONE',  ( 6.980527267330673326E-15, 1.387778780781445984E-17, -1.000000000000000000 ) ) ;
#4933 = LOCAL_TIME ( 11, 34, 7.000000000000000000, #2737 ) ;
#4934 = DIRECTION ( 'NONE',  ( -1.000000000000000000, 0.000000000000000000, 0.000000000000000000 ) ) ;
#4935 = DIRECTION ( 'NONE',  ( 1.000000000000000000, 0.000000000000000000, 0.000000000000000000 ) ) ;
#4936 = ORIENTED_EDGE ( 'NONE', *, *, #3252, .T. ) ;
#4937 = CARTESIAN_POINT ( 'NONE',  ( -2.075162958137255487E-13, 2.775557561562891351E-14, 29.79999999999999361 ) ) ;
#4938 = VECTOR ( 'NONE', #669, 1000.000000000000227 ) ;
#4939 = VECTOR ( 'NONE', #5492, 1000.000000000000000 ) ;
#4940 = CARTESIAN_POINT ( 'NONE',  ( 24.16877260294789309, 12.99590394668799931, 18.33163739640365009 ) ) ;
#4941 = AXIS2_PLACEMENT_3D ( 'NONE', #4432, #3459, #5386 ) ;
#4942 = DIRECTION ( 'NONE',  ( -1.000000000000000000, 0.000000000000000000, -6.938893903907222067E-15 ) ) ;
#4943 = ORIENTED_EDGE ( 'NONE', *, *, #4326, .T. ) ;
#4944 = CARTESIAN_POINT ( 'NONE',  ( -32.00000000000000000, 3.799999999999998046, -2.220446049250313081E-13 ) ) ;
#4945 = ORIENTED_EDGE ( 'NONE', *, *, #4442, .F. ) ;
#4946 = AXIS2_PLACEMENT_3D ( 'NONE', #3169, #2718, #2380 ) ;
#4947 = ORIENTED_EDGE ( 'NONE', *, *, #3775, .F. ) ;
#4948 = FACE_BOUND ( 'NONE', #2842, .T. ) ;
#4949 = CIRCLE ( 'NONE', #29, 1.000000000000004441 ) ;
#4950 = DIRECTION ( 'NONE',  ( 0.000000000000000000, -1.000000000000000000, 0.000000000000000000 ) ) ;
#4951 = FACE_OUTER_BOUND ( 'NONE', #1346, .T. ) ;
#4952 = EDGE_CURVE ( 'NONE', #2092, #1017, #1729, .T. ) ;
#4953 = AXIS2_PLACEMENT_3D ( 'NONE', #4620, #3170, #971 ) ;
#4954 = EDGE_LOOP ( 'NONE', ( #5306, #4498, #510, #4202, #5897, #1915, #5096, #3037 ) ) ;
#4955 = CARTESIAN_POINT ( 'NONE',  ( -16.65508641598399464, -11.19451239821519906, 26.19759141990910933 ) ) ;
#4956 = VECTOR ( 'NONE', #1101, 1000.000000000000000 ) ;
#4957 = CARTESIAN_POINT ( 'NONE',  ( 24.23135864894338098, -18.01171516605422340, 13.32696187069407401 ) ) ;
#4958 = DIRECTION ( 'NONE',  ( 6.980527267330673326E-15, 1.387778780781445984E-17, -1.000000000000000000 ) ) ;
#4959 = ADVANCED_FACE ( 'NONE', ( #708 ), #2547, .F. ) ;
#4960 = CARTESIAN_POINT ( 'NONE',  ( -26.17449310258852435, 16.27558749908737568, 11.79192199928214535 ) ) ;
#4961 = ORIENTED_EDGE ( 'NONE', *, *, #4159, .F. ) ;
#4962 = CARTESIAN_POINT ( 'NONE',  ( -28.99999999999999645, -8.000000000000035527, -2.499999999999571898 ) ) ;
#4963 = CARTESIAN_POINT ( 'NONE',  ( -0.1639182950490029600, -24.79737889374606397, 24.69999999999999574 ) ) ;
#4964 = DIRECTION ( 'NONE',  ( 1.000000000000000000, 0.000000000000000000, 0.000000000000000000 ) ) ;
#4965 = CARTESIAN_POINT ( 'NONE',  ( -30.00000000000000000, 10.50000000000000888, -4.499999999999573674 ) ) ;
#4966 = CARTESIAN_POINT ( 'NONE',  ( 19.11041078201503751, -13.66221785191151739, 30.31288913245536065 ) ) ;
#4967 = DIRECTION ( 'NONE',  ( -0.5364065343932449270, -0.8439597323689256303, -3.747002708109903324E-15 ) ) ;
#4968 = ORIENTED_EDGE ( 'NONE', *, *, #5895, .T. ) ;
#4969 = CARTESIAN_POINT ( 'NONE',  ( 23.66478503755620366, -13.04070287715908982, 18.94702397551854389 ) ) ;
#4970 = EDGE_CURVE ( 'NONE', #721, #1217, #4533, .T. ) ;
#4971 = PLANE ( 'NONE',  #3892 ) ;
#4972 = LINE ( 'NONE', #413, #4169 ) ;
#4973 = CARTESIAN_POINT ( 'NONE',  ( 18.11092580618466386, -9.321241438046673267, 25.96429189271788474 ) ) ;
#4974 = ORIENTED_EDGE ( 'NONE', *, *, #3404, .F. ) ;
#4975 = ORIENTED_EDGE ( 'NONE', *, *, #4172, .T. ) ;
#4976 = CARTESIAN_POINT ( 'NONE',  ( 19.99999999999985434, -11.74999999999995559, 23.47205785609789785 ) ) ;
#4977 = CARTESIAN_POINT ( 'NONE',  ( 28.99999999999999289, 8.000000000000007105, -2.499999999999571898 ) ) ;
#4978 = FACE_BOUND ( 'NONE', #5459, .T. ) ;
#4979 = CARTESIAN_POINT ( 'NONE',  ( -24.18677324489565805, -16.00000000000001421, -1.665334536937734811E-13 ) ) ;
#4980 = EDGE_CURVE ( 'NONE', #3515, #2525, #2821, .T. ) ;
#4981 = EDGE_LOOP ( 'NONE', ( #1141, #2254, #533, #3050 ) ) ;
#4982 = PLANE ( 'NONE',  #4077 ) ;
#4983 = CARTESIAN_POINT ( 'NONE',  ( 24.41810127429285515, 14.01019268208611734, 17.21960813556950143 ) ) ;
#4984 = FACE_OUTER_BOUND ( 'NONE', #4981, .T. ) ;
#4985 = DIRECTION ( 'NONE',  ( 6.702971511174384191E-15, -1.526556658859590490E-16, -1.000000000000000000 ) ) ;
#4986 = ADVANCED_FACE ( 'NONE', ( #5008 ), #3674, .T. ) ;
#4987 = ORIENTED_EDGE ( 'NONE', *, *, #3856, .T. ) ;
#4988 = LINE ( 'NONE', #4089, #1 ) ;
#4989 = CARTESIAN_POINT ( 'NONE',  ( -0.6871842847246839581, -22.92673624587876446, 26.43708426628630903 ) ) ;
#4990 = LINE ( 'NONE', #4117, #4859 ) ;
#4991 = CARTESIAN_POINT ( 'NONE',  ( -18.02084992904164551, 12.61622911806477987, 24.59883512512545778 ) ) ;
#4992 = CARTESIAN_POINT ( 'NONE',  ( -26.18677324489576108, 15.99999999999993072, 12.13478088060984916 ) ) ;
#4993 = VERTEX_POINT ( 'NONE', #1358 ) ;
#4994 = DIRECTION ( 'NONE',  ( -1.000000000000000000, 8.673617379884035472E-19, -6.994405055138487782E-15 ) ) ;
#4995 = CARTESIAN_POINT ( 'NONE',  ( 23.48042504577562894, 13.07780833251090513, 19.14975117882136146 ) ) ;
#4996 = CARTESIAN_POINT ( 'NONE',  ( 23.07859788318955552, 17.67722603203181464, 15.62314273555287336 ) ) ;
#4997 = CARTESIAN_POINT ( 'NONE',  ( -22.69329249393720715, 18.60682841230816464, 15.09697882333126628 ) ) ;
#4998 = ORIENTED_EDGE ( 'NONE', *, *, #794, .T. ) ;
#4999 = ORIENTED_EDGE ( 'NONE', *, *, #3332, .T. ) ;
#5000 = CARTESIAN_POINT ( 'NONE',  ( 22.04033012720668694, 18.10282869282378826, 16.60212262473494249 ) ) ;
#5001 = ORIENTED_EDGE ( 'NONE', *, *, #823, .T. ) ;
#5002 = DIRECTION ( 'NONE',  ( 6.980527267330673326E-15, 1.387778780781445984E-17, -1.000000000000000000 ) ) ;
#5003 = CARTESIAN_POINT ( 'NONE',  ( -28.99999999999999645, 7.999999999999979572, -4.499999999999573674 ) ) ;
#5004 = DIRECTION ( 'NONE',  ( 6.980527267330673326E-15, 1.387778780781445984E-17, -1.000000000000000000 ) ) ;
#5005 = EDGE_CURVE ( 'NONE', #3863, #2465, #5045, .T. ) ;
#5006 = VERTEX_POINT ( 'NONE', #396 ) ;
#5007 = CARTESIAN_POINT ( 'NONE',  ( -30.00000000000000000, -8.000000000000035527, -2.499999999999571898 ) ) ;
#5008 = FACE_OUTER_BOUND ( 'NONE', #4322, .T. ) ;
#5009 = LINE ( 'NONE', #4508, #4146 ) ;
#5010 = VECTOR ( 'NONE', #830, 1000.000000000000000 ) ;
#5011 = VERTEX_POINT ( 'NONE', #516 ) ;
#5012 = DIRECTION ( 'NONE',  ( -6.994405055138485416E-15, 0.000000000000000000, 1.000000000000000000 ) ) ;
#5013 = CARTESIAN_POINT ( 'NONE',  ( -26.71470636476731642, -14.36768514121385110, 13.00683435824718259 ) ) ;
#5014 = CARTESIAN_POINT ( 'NONE',  ( 0.000000000000000000, 0.000000000000000000, 0.000000000000000000 ) ) ;
#5015 = CARTESIAN_POINT ( 'NONE',  ( 28.99999999999999289, 12.49999999999998401, 2.000000000000001776 ) ) ;
#5016 = CARTESIAN_POINT ( 'NONE',  ( -1.951563910473907981E-15, 0.000000000000000000, 10.00000000000021672 ) ) ;
#5017 = VERTEX_POINT ( 'NONE', #2355 ) ;
#5018 = VERTEX_POINT ( 'NONE', #880 ) ;
#5019 = DIRECTION ( 'NONE',  ( -6.980527267330673326E-15, -1.387778780781445984E-17, 1.000000000000000000 ) ) ;
#5020 = EDGE_CURVE ( 'NONE', #2052, #3829, #5044, .T. ) ;
#5021 = CIRCLE ( 'NONE', #4737, 17.46424919657298602 ) ;
#5022 = CARTESIAN_POINT ( 'NONE',  ( -17.94844250122479679, -14.22078060835492153, 23.76352301432184078 ) ) ;
#5023 = DATE_TIME_ROLE ( 'classification_date' ) ;
#5024 = CARTESIAN_POINT ( 'NONE',  ( -6.500000000000000888, -30.04579837514717511, 12.00000000000023270 ) ) ;
#5025 = VECTOR ( 'NONE', #3088, 1000.000000000000000 ) ;
#5026 = CARTESIAN_POINT ( 'NONE',  ( -19.11041078201543897, -13.66221785191149074, 23.17619475042311095 ) ) ;
#5027 = ORIENTED_EDGE ( 'NONE', *, *, #3775, .T. ) ;
#5028 = ORIENTED_EDGE ( 'NONE', *, *, #455, .F. ) ;
#5029 = EDGE_CURVE ( 'NONE', #1801, #3514, #3912, .T. ) ;
#5030 = CARTESIAN_POINT ( 'NONE',  ( 28.99999999999999289, 10.50000000000000888, -4.499999999999573674 ) ) ;
#5031 = AXIS2_PLACEMENT_3D ( 'NONE', #2838, #5072, #3643 ) ;
#5032 = EDGE_CURVE ( 'NONE', #1423, #2041, #3027, .T. ) ;
#5033 = VECTOR ( 'NONE', #2021, 1000.000000000000000 ) ;
#5034 = ORIENTED_EDGE ( 'NONE', *, *, #2774, .T. ) ;
#5035 = CARTESIAN_POINT ( 'NONE',  ( -18.40051556102002905, -9.399465663539166016, 25.73353992925974154 ) ) ;
#5036 = AXIS2_PLACEMENT_3D ( 'NONE', #2504, #2023, #5640 ) ;
#5037 = PLANE ( 'NONE',  #5432 ) ;
#5038 = B_SPLINE_CURVE_WITH_KNOTS ( 'NONE', 3,
 ( #1644, #3934, #2452, #5767, #124, #5315, #3383, #3353, #2413, #1105, #5192, #2997, #5741, #2902, #2028, #1618, #3029, #1519, #1135, #1969, #3873, #3446, #3812, #1159, #223, #5709, #1064, #2942 ),
 .UNSPECIFIED., .F., .F.,
 ( 4, 2, 2, 2, 2, 2, 2, 2, 2, 2, 2, 2, 2, 4 ),
 ( 0.01056545260848250171, 0.01118818730655238639, 0.01181092200462226585, 0.01243365670269214532, 0.01305639140076202478, 0.01367912609883190425, 0.01430186079690178372, 0.01492459549497166318, 0.01554733019304154265, 0.01679279958918130505, 0.01803826898532106399, 0.01928373838146082292, 0.01990647307953070239, 0.02052920777760057838 ),
 .UNSPECIFIED. ) ;
#5039 = CARTESIAN_POINT ( 'NONE',  ( 29.99999999999999645, -12.00000000000001066, -4.499999999999573674 ) ) ;
#5040 = VECTOR ( 'NONE', #5468, 1000.000000000000000 ) ;
#5041 = ADVANCED_FACE ( 'NONE', ( #644 ), #3835, .T. ) ;
#5042 = ORIENTED_EDGE ( 'NONE', *, *, #2044, .T. ) ;
#5043 = LINE ( 'NONE', #4649, #4461 ) ;
#5044 = LINE ( 'NONE', #3230, #722 ) ;
#5045 = CIRCLE ( 'NONE', #1293, 32.97518921319494467 ) ;
#5046 = FACE_OUTER_BOUND ( 'NONE', #1395, .T. ) ;
#5047 = AXIS2_PLACEMENT_3D ( 'NONE', #3762, #5567, #1443 ) ;
#5048 = EDGE_LOOP ( 'NONE', ( #5594, #211, #473, #3575, #1510, #1617, #2110, #5809 ) ) ;
#5049 = CARTESIAN_POINT ( 'NONE',  ( -23.10837497958274867, 13.19360980952740903, 19.51935851181973192 ) ) ;
#5050 = PLANE ( 'NONE',  #5521 ) ;
#5051 = DIRECTION ( 'NONE',  ( 6.980527267330673326E-15, 1.387778780781445984E-17, -1.000000000000000000 ) ) ;
#5052 = CYLINDRICAL_SURFACE ( 'NONE', #5055, 33.00000000000000000 ) ;
#5053 = LINE ( 'NONE', #3653, #291 ) ;
#5054 = ORIENTED_EDGE ( 'NONE', *, *, #5964, .F. ) ;
#5055 = AXIS2_PLACEMENT_3D ( 'NONE', #2330, #4687, #1430 ) ;
#5056 = CARTESIAN_POINT ( 'NONE',  ( 17.46424919657298602, 0.000000000000000000, 27.99999999999999645 ) ) ;
#5057 = CIRCLE ( 'NONE', #3882, 0.7500000000000006661 ) ;
#5058 = EDGE_CURVE ( 'NONE', #2780, #1980, #118, .T. ) ;
#5059 = FACE_OUTER_BOUND ( 'NONE', #953, .T. ) ;
#5060 = EDGE_CURVE ( 'NONE', #871, #5486, #3595, .T. ) ;
#5061 = CALENDAR_DATE ( 2026, 20, 8 ) ;
#5062 = CARTESIAN_POINT ( 'NONE',  ( 26.03489410228858247, 16.77030363732588114, 11.39970465661814458 ) ) ;
#5063 = LINE ( 'NONE', #2702, #1418 ) ;
#5064 = ORIENTED_EDGE ( 'NONE', *, *, #2095, .T. ) ;
#5065 = VERTEX_POINT ( 'NONE', #3809 ) ;
#5066 = CARTESIAN_POINT ( 'NONE',  ( 26.71804858780113179, 17.61246760319991722, 8.059433760223878807 ) ) ;
#5067 = ADVANCED_FACE ( 'NONE', ( #5130 ), #5641, .F. ) ;
#5068 = CARTESIAN_POINT ( 'NONE',  ( 28.99999999999998934, -9.500000000000008882, -2.499999999999586109 ) ) ;
#5069 = FACE_OUTER_BOUND ( 'NONE', #4101, .T. ) ;
#5070 = DIRECTION ( 'NONE',  ( -0.5364065343932438168, -0.8439597323689262964, -3.760880495917717781E-15 ) ) ;
#5071 = ORIENTED_EDGE ( 'NONE', *, *, #3702, .T. ) ;
#5072 = DIRECTION ( 'NONE',  ( 0.000000000000000000, 0.000000000000000000, -1.000000000000000000 ) ) ;
#5073 = CARTESIAN_POINT ( 'NONE',  ( 22.20609583480062810, 15.66451801831474455, 18.72314927974078103 ) ) ;
#5074 = FACE_OUTER_BOUND ( 'NONE', #1539, .T. ) ;
#5075 = ORIENTED_EDGE ( 'NONE', *, *, #3777, .T. ) ;
#5076 = CARTESIAN_POINT ( 'NONE',  ( -22.13759665443984659, -13.80891001984690902, 20.20497014175240480 ) ) ;
#5077 = CARTESIAN_POINT ( 'NONE',  ( -23.65874793223350281, -13.04176531017809459, 18.95382959862322636 ) ) ;
#5078 = CARTESIAN_POINT ( 'NONE',  ( 19.00434137525373046, 13.75154622844540597, 23.21099796996552200 ) ) ;
#5079 = LINE ( 'NONE', #5497, #4830 ) ;
#5080 = ORIENTED_EDGE ( 'NONE', *, *, #2736, .T. ) ;
#5081 = DIRECTION ( 'NONE',  ( -1.000000000000000000, 0.000000000000000000, 0.000000000000000000 ) ) ;
#5082 = DIRECTION ( 'NONE',  ( 0.000000000000000000, 0.000000000000000000, 1.000000000000000000 ) ) ;
#5083 = EDGE_CURVE ( 'NONE', #5449, #4174, #4806, .T. ) ;
#5084 = CARTESIAN_POINT ( 'NONE',  ( 23.43788852184062677, 17.86555929050575742, 14.85515944889715101 ) ) ;
#5085 = VECTOR ( 'NONE', #5751, 1000.000000000000000 ) ;
#5086 = CARTESIAN_POINT ( 'NONE',  ( -21.41199343368636576, 17.15817069094873659, 18.33693881790461688 ) ) ;
#5087 = ORIENTED_EDGE ( 'NONE', *, *, #1705, .T. ) ;
#5088 = ORIENTED_EDGE ( 'NONE', *, *, #1648, .T. ) ;
#5089 = APPROVAL ( #5145, '未' ) ;
#5090 = CARTESIAN_POINT ( 'NONE',  ( 21.69494690855856334, 17.68066554836241977, 17.48837360205975600 ) ) ;
#5091 = CARTESIAN_POINT ( 'NONE',  ( -15.31136770389719004, -10.52728362261957251, 27.27221988072241032 ) ) ;
#5092 = DIRECTION ( 'NONE',  ( 0.000000000000000000, 0.000000000000000000, 1.000000000000000000 ) ) ;
#5093 = DIRECTION ( 'NONE',  ( -1.000000000000000000, 0.000000000000000000, -6.938893903907222067E-15 ) ) ;
#5094 = DIRECTION ( 'NONE',  ( -6.980527267330673326E-15, -1.387778780781445984E-17, 1.000000000000000000 ) ) ;
#5095 = ADVANCED_FACE ( 'NONE', ( #2445 ), #3378, .F. ) ;
#5096 = ORIENTED_EDGE ( 'NONE', *, *, #5909, .T. ) ;
#5097 = DIRECTION ( 'NONE',  ( 6.994405055138486205E-15, 1.387778780781445984E-17, -1.000000000000000000 ) ) ;
#5098 = CARTESIAN_POINT ( 'NONE',  ( -17.25065563914382949, 14.24759763670951784, 24.25907270597392795 ) ) ;
#5099 = DIRECTION ( 'NONE',  ( 6.980527267330673326E-15, 1.387778780781445984E-17, -1.000000000000000000 ) ) ;
#5100 = ADVANCED_FACE ( 'NONE', ( #2967 ), #4294, .T. ) ;
#5101 = EDGE_LOOP ( 'NONE', ( #75, #330 ) ) ;
#5102 = CARTESIAN_POINT ( 'NONE',  ( -25.67337835912389110, 13.38247341491920572, 15.84509231378659244 ) ) ;
#5103 = CARTESIAN_POINT ( 'NONE',  ( -22.52438517851188848, -13.49276385571778647, 19.99173344767827132 ) ) ;
#5104 = LINE ( 'NONE', #5015, #1967 ) ;
#5105 = CARTESIAN_POINT ( 'NONE',  ( -25.90735565738617652, 14.96194955381367642, 13.93287298765175031 ) ) ;
#5106 = VECTOR ( 'NONE', #2662, 1000.000000000000000 ) ;
#5107 = ORIENTED_EDGE ( 'NONE', *, *, #3137, .F. ) ;
#5108 = CARTESIAN_POINT ( 'NONE',  ( -16.53667401272473469, 9.418924991828101057, 26.96227626712933656 ) ) ;
#5109 = FACE_BOUND ( 'NONE', #2116, .T. ) ;
#5110 = APPROVAL_STATUS ( 'not_yet_approved' ) ;
#5111 = CARTESIAN_POINT ( 'NONE',  ( -26.09925483519074874, -16.59273313049910570, 11.51182720385509306 ) ) ;
#5112 = CARTESIAN_POINT ( 'NONE',  ( 28.99999999999999289, 11.99999999999998224, -4.499999999999573674 ) ) ;
#5113 = VERTEX_POINT ( 'NONE', #1993 ) ;
#5114 = CIRCLE ( 'NONE', #2035, 2.000000000000001776 ) ;
#5115 = ORIENTED_EDGE ( 'NONE', *, *, #5681, .T. ) ;
#5116 = CARTESIAN_POINT ( 'NONE',  ( 0.4072504540556949881, -21.78569319083766942, 24.78356731514929123 ) ) ;
#5117 = EDGE_CURVE ( 'NONE', #1029, #1980, #5704, .T. ) ;
#5118 = CIRCLE ( 'NONE', #1184, 33.89518444143391918 ) ;
#5119 = CARTESIAN_POINT ( 'NONE',  ( -19.93096435797794541, -11.09255006235596852, 23.85062124028484476 ) ) ;
#5120 = DIRECTION ( 'NONE',  ( 0.000000000000000000, 0.000000000000000000, 1.000000000000000000 ) ) ;
#5121 = ORIENTED_EDGE ( 'NONE', *, *, #3847, .F. ) ;
#5122 = AXIS2_PLACEMENT_3D ( 'NONE', #582, #677, #2999 ) ;
#5123 = VERTEX_POINT ( 'NONE', #217 ) ;
#5124 = CARTESIAN_POINT ( 'NONE',  ( -15.00000000000007283, 11.74999999999998224, 9.999999999999900524 ) ) ;
#5125 = VECTOR ( 'NONE', #3338, 1000.000000000000000 ) ;
#5126 = AXIS2_PLACEMENT_3D ( 'NONE', #765, #3995, #5460 ) ;
#5127 = ORIENTED_EDGE ( 'NONE', *, *, #4774, .T. ) ;
#5128 = CYLINDRICAL_SURFACE ( 'NONE', #4946, 0.7500000000000006661 ) ;
#5129 = EDGE_CURVE ( 'NONE', #5113, #1496, #1034, .T. ) ;
#5130 = FACE_OUTER_BOUND ( 'NONE', #5959, .T. ) ;
#5131 = PLANE ( 'NONE',  #1062 ) ;
#5132 = CIRCLE ( 'NONE', #5804, 2.499999999999998668 ) ;
#5133 = VERTEX_POINT ( 'NONE', #1452 ) ;
#5134 = CARTESIAN_POINT ( 'NONE',  ( -24.48785198238415717, 13.01097442485740707, 17.89222677919434190 ) ) ;
#5135 = CIRCLE ( 'NONE', #3988, 33.00000000000000000 ) ;
#5136 = CARTESIAN_POINT ( 'NONE',  ( -17.86094717543009125, 10.78594530887485092, 25.56836615694412274 ) ) ;
#5137 = EDGE_CURVE ( 'NONE', #639, #3221, #301, .T. ) ;
#5138 = CARTESIAN_POINT ( 'NONE',  ( 18.49999999999982947, -11.88732756879548269, 24.60618986556508858 ) ) ;
#5139 = CARTESIAN_POINT ( 'NONE',  ( -22.18677324489578240, 15.99999999999997868, 18.45933620094658778 ) ) ;
#5140 = VERTEX_POINT ( 'NONE', #1615 ) ;
#5141 = CARTESIAN_POINT ( 'NONE',  ( -19.87411613930004961, 10.95214375709301358, 23.96049163281003658 ) ) ;
#5142 = AXIS2_PLACEMENT_3D ( 'NONE', #261, #4818, #167 ) ;
#5143 = ORIENTED_EDGE ( 'NONE', *, *, #4952, .F. ) ;
#5144 = FACE_OUTER_BOUND ( 'NONE', #4906, .T. ) ;
#5145 = APPROVAL_STATUS ( 'not_yet_approved' ) ;
#5146 = AXIS2_PLACEMENT_3D ( 'NONE', #3861, #5120, #5696 ) ;
#5147 = DIRECTION ( 'NONE',  ( -1.000000000000000000, 0.000000000000000000, 0.000000000000000000 ) ) ;
#5148 = DIRECTION ( 'NONE',  ( -1.000000000000000000, 8.673617379884035472E-19, -6.994405055138486205E-15 ) ) ;
#5149 = EDGE_LOOP ( 'NONE', ( #3610, #1587, #2861, #1234 ) ) ;
#5150 = VERTEX_POINT ( 'NONE', #1157 ) ;
#5151 = LINE ( 'NONE', #3825, #2531 ) ;
#5152 = CARTESIAN_POINT ( 'NONE',  ( -29.00000000000000000, -9.500000000000008882, -2.499999999999586109 ) ) ;
#5153 = CARTESIAN_POINT ( 'NONE',  ( 30.00000000000000711, 0.000000000000000000, -1.999999999999793499 ) ) ;
#5154 = FACE_BOUND ( 'NONE', #3049, .T. ) ;
#5155 = ORIENTED_EDGE ( 'NONE', *, *, #1820, .F. ) ;
#5156 = ORIENTED_EDGE ( 'NONE', *, *, #4952, .T. ) ;
#5157 = LINE ( 'NONE', #4705, #4938 ) ;
#5158 = ORIENTED_EDGE ( 'NONE', *, *, #5029, .F. ) ;
#5159 = LINE ( 'NONE', #1581, #25 ) ;
#5160 = DIRECTION ( 'NONE',  ( -0.05233595624295075271, -1.387778780781445521E-17, 0.9986295347545736112 ) ) ;
#5161 = CARTESIAN_POINT ( 'NONE',  ( 22.13759665443947000, 13.80891001984690902, 33.00100000000038847 ) ) ;
#5162 = ADVANCED_FACE ( 'NONE', ( #825 ), #4919, .F. ) ;
#5163 = ORIENTED_EDGE ( 'NONE', *, *, #5861, .F. ) ;
#5164 = CARTESIAN_POINT ( 'NONE',  ( -23.66478503755605800, 13.04070287715912890, 18.94702397551868955 ) ) ;
#5165 = CARTESIAN_POINT ( 'NONE',  ( -24.18677324489566871, -16.00000000000001421, 1.999999999999835243 ) ) ;
#5166 = VECTOR ( 'NONE', #218, 1000.000000000000000 ) ;
#5167 = CARTESIAN_POINT ( 'NONE',  ( 17.83137532984830997, 14.23070887168110765, 23.84426923994741188 ) ) ;
#5168 = CARTESIAN_POINT ( 'NONE',  ( 18.15363813648566804, -10.98411666411643139, 25.27484116868233244 ) ) ;
#5169 = ORIENTED_EDGE ( 'NONE', *, *, #290, .F. ) ;
#5170 = LINE ( 'NONE', #4271, #12 ) ;
#5171 = EDGE_CURVE ( 'NONE', #4436, #445, #3026, .T. ) ;
#5172 = EDGE_LOOP ( 'NONE', ( #277, #1254, #1610, #654, #5614, #5550 ) ) ;
#5173 = FACE_BOUND ( 'NONE', #1609, .T. ) ;
#5174 = CARTESIAN_POINT ( 'NONE',  ( 21.41199343368601404, -17.15817069094854830, 18.33693881790522440 ) ) ;
#5175 = CARTESIAN_POINT ( 'NONE',  ( 19.98294982060967584, 11.41694576501142855, 23.65103229361713488 ) ) ;
#5176 = CARTESIAN_POINT ( 'NONE',  ( -26.41813176068870916, 18.01041201936882530, 8.169323204539610472 ) ) ;
#5177 = ORIENTED_EDGE ( 'NONE', *, *, #1019, .T. ) ;
#5178 = ORIENTED_EDGE ( 'NONE', *, *, #3139, .F. ) ;
#5179 = CARTESIAN_POINT ( 'NONE',  ( 0.6930984741202711463, -19.75619153060089772, 26.42385116824124935 ) ) ;
#5180 = CARTESIAN_POINT ( 'NONE',  ( -0.5400837236683549980, -21.70123304352964766, 24.85502458038260798 ) ) ;
#5181 = CARTESIAN_POINT ( 'NONE',  ( -29.99999999999998579, 0.000000000000000000, -2.000000000000210054 ) ) ;
#5182 = PLANE ( 'NONE',  #5146 ) ;
#5183 = ORIENTED_EDGE ( 'NONE', *, *, #1383, .F. ) ;
#5184 = ORIENTED_EDGE ( 'NONE', *, *, #1008, .F. ) ;
#5185 = DIRECTION ( 'NONE',  ( -1.000000000000000000, 8.673617379884035472E-19, -6.994405055138486205E-15 ) ) ;
#5186 = ORIENTED_EDGE ( 'NONE', *, *, #2585, .T. ) ;
#5187 = DIRECTION ( 'NONE',  ( 0.000000000000000000, 0.000000000000000000, -1.000000000000000000 ) ) ;
#5188 = CARTESIAN_POINT ( 'NONE',  ( 17.94665557566827019, -14.22095016327461714, 23.76474757374385405 ) ) ;
#5189 = DIRECTION ( 'NONE',  ( -1.000000000000000000, 0.000000000000000000, 0.000000000000000000 ) ) ;
#5190 = ADVANCED_FACE ( 'NONE', ( #1670 ), #337, .T. ) ;
#5191 = VERTEX_POINT ( 'NONE', #4388 ) ;
#5192 = CARTESIAN_POINT ( 'NONE',  ( -23.64931399960853042, -14.06855394186616870, 18.21620103082858577 ) ) ;
#5193 = CARTESIAN_POINT ( 'NONE',  ( -16.62419144055234099, -12.24856465802496608, 25.74163445047432219 ) ) ;
#5194 = CARTESIAN_POINT ( 'NONE',  ( 1.000954812095550261, -23.84890624161063855, 25.59794027022356033 ) ) ;
#5195 = CARTESIAN_POINT ( 'NONE',  ( -1.012644829101461141E-13, -2.775557561562891351E-14, 15.00000000000000000 ) ) ;
#5196 = VERTEX_POINT ( 'NONE', #3527 ) ;
#5197 = LINE ( 'NONE', #3817, #305 ) ;
#5198 = ORIENTED_EDGE ( 'NONE', *, *, #475, .T. ) ;
#5199 = CARTESIAN_POINT ( 'NONE',  ( -22.04033012720702800, -18.10282869282391971, 16.60212262473433498 ) ) ;
#5200 = CARTESIAN_POINT ( 'NONE',  ( -15.00000000000021849, 11.74999999999998224, 30.31288913245512973 ) ) ;
#5201 = AXIS2_PLACEMENT_3D ( 'NONE', #4394, #2599, #2945 ) ;
#5202 = DIRECTION ( 'NONE',  ( -1.000000000000000000, 8.890457814381134387E-16, -6.994405055138487782E-15 ) ) ;
#5203 = ADVANCED_FACE ( 'NONE', ( #5394 ), #2569, .F. ) ;
#5204 = CARTESIAN_POINT ( 'NONE',  ( -29.99999999999998579, 0.000000000000000000, -2.000000000000210054 ) ) ;
#5205 = ORIENTED_EDGE ( 'NONE', *, *, #5171, .F. ) ;
#5206 = ORIENTED_EDGE ( 'NONE', *, *, #4201, .T. ) ;
#5207 = CARTESIAN_POINT ( 'NONE',  ( 0.5920743906948687796, -19.64566838575684571, 26.50857524354593409 ) ) ;
#5208 = DIRECTION ( 'NONE',  ( 6.980527267330673326E-15, 1.387778780781445984E-17, -1.000000000000000000 ) ) ;
#5209 = CARTESIAN_POINT ( 'NONE',  ( -1.517883041479706208E-15, -2.775557561562891351E-14, 12.00000000000021849 ) ) ;
#5210 = AXIS2_PLACEMENT_3D ( 'NONE', #3860, #2958, #3827 ) ;
#5211 = CARTESIAN_POINT ( 'NONE',  ( 30.00000000000001066, 13.74772708486757189, -1.999999999999793499 ) ) ;
#5212 = ORIENTED_EDGE ( 'NONE', *, *, #4102, .T. ) ;
#5213 = EDGE_CURVE ( 'NONE', #1364, #2247, #4833, .T. ) ;
#5214 = ORIENTED_EDGE ( 'NONE', *, *, #4921, .T. ) ;
#5215 = VERTEX_POINT ( 'NONE', #364 ) ;
#5216 = PLANE ( 'NONE',  #1087 ) ;
#5217 = EDGE_CURVE ( 'NONE', #5390, #213, #2070, .T. ) ;
#5218 = AXIS2_PLACEMENT_3D ( 'NONE', #987, #3363, #5202 ) ;
#5219 = AXIS2_PLACEMENT_3D ( 'NONE', #324, #741, #4786 ) ;
#5220 = ORIENTED_EDGE ( 'NONE', *, *, #680, .F. ) ;
#5221 = CARTESIAN_POINT ( 'NONE',  ( -17.50000000000007105, 11.74999999999998224, 9.999999999999884537 ) ) ;
#5222 = DIRECTION ( 'NONE',  ( 0.000000000000000000, 0.000000000000000000, 1.000000000000000000 ) ) ;
#5223 = CARTESIAN_POINT ( 'NONE',  ( 24.64624033647407941, -14.04187570607702895, 16.86906970921923588 ) ) ;
#5224 = AXIS2_PLACEMENT_3D ( 'NONE', #1990, #214, #1612 ) ;
#5225 = EDGE_CURVE ( 'NONE', #991, #2010, #2089, .T. ) ;
#5226 = ADVANCED_FACE ( 'NONE', ( #2542 ), #2595, .F. ) ;
#5227 = CIRCLE ( 'NONE', #3963, 2.999999999999999112 ) ;
#5228 = ORIENTED_EDGE ( 'NONE', *, *, #2772, .F. ) ;
#5229 = CARTESIAN_POINT ( 'NONE',  ( 28.99999999999999289, -8.000000000000035527, -2.499999999999571898 ) ) ;
#5230 = DIRECTION ( 'NONE',  ( -1.000000000000000000, 0.000000000000000000, 0.000000000000000000 ) ) ;
#5231 = CARTESIAN_POINT ( 'NONE',  ( 16.60145645013540161, 14.09331845464721233, 24.79621830726774334 ) ) ;
#5232 = CIRCLE ( 'NONE', #5515, 2.000000000000005329 ) ;
#5233 = CARTESIAN_POINT ( 'NONE',  ( -22.18677324489577884, 15.92050899795792063, 18.52823662178661124 ) ) ;
#5234 = CARTESIAN_POINT ( 'NONE',  ( -24.67247639995583341, 17.94393334681068808, 12.58296322546802948 ) ) ;
#5235 = VECTOR ( 'NONE', #4091, 1000.000000000000000 ) ;
#5236 = VERTEX_POINT ( 'NONE', #3902 ) ;
#5237 = CARTESIAN_POINT ( 'NONE',  ( -26.41001290513122868, -18.01930565250346916, 8.175950301343039683 ) ) ;
#5238 = CARTESIAN_POINT ( 'NONE',  ( -30.96506147691003363, -13.95673404495047087, -0.6666667347471034732 ) ) ;
#5239 = DIRECTION ( 'NONE',  ( 0.000000000000000000, 1.000000000000000000, 0.000000000000000000 ) ) ;
#5240 = PLANE ( 'NONE',  #1068 ) ;
#5241 = ORIENTED_EDGE ( 'NONE', *, *, #381, .F. ) ;
#5242 = CIRCLE ( 'NONE', #5724, 3.799999999999999378 ) ;
#5243 = ORIENTED_EDGE ( 'NONE', *, *, #2090, .F. ) ;
#5244 = CARTESIAN_POINT ( 'NONE',  ( 1.001428305664906482, -20.79221019964051465, 25.60684524215436397 ) ) ;
#5245 = EDGE_CURVE ( 'NONE', #3913, #3672, #822, .T. ) ;
#5246 = EDGE_CURVE ( 'NONE', #803, #295, #3903, .T. ) ;
#5247 = VECTOR ( 'NONE', #5928, 1000.000000000000000 ) ;
#5248 = CARTESIAN_POINT ( 'NONE',  ( 17.49999999999992895, 11.75000000000001066, 10.00000000000012079 ) ) ;
#5249 = CARTESIAN_POINT ( 'NONE',  ( -29.99999999999998579, -3.799999999999998046, -2.000000000000210054 ) ) ;
#5250 = LINE ( 'NONE', #2498, #692 ) ;
#5251 = CARTESIAN_POINT ( 'NONE',  ( -30.00000000000000000, 11.99999999999998224, -4.499999999999573674 ) ) ;
#5252 = ORIENTED_EDGE ( 'NONE', *, *, #1235, .T. ) ;
#5253 = ORIENTED_EDGE ( 'NONE', *, *, #934, .F. ) ;
#5254 = ORIENTED_EDGE ( 'NONE', *, *, #1716, .F. ) ;
#5255 = DIRECTION ( 'NONE',  ( -1.000000000000000000, 0.000000000000000000, -6.938893903907197612E-15 ) ) ;
#5256 = EDGE_CURVE ( 'NONE', #282, #713, #2994, .T. ) ;
#5257 = ORIENTED_EDGE ( 'NONE', *, *, #4504, .F. ) ;
#5258 = DIRECTION ( 'NONE',  ( -1.000000000000000000, 8.673617379884035472E-19, -6.938893903907228378E-15 ) ) ;
#5259 = DIRECTION ( 'NONE',  ( -1.000000000000000000, -8.673617379884037398E-19, -6.709910405078290630E-15 ) ) ;
#5260 = CARTESIAN_POINT ( 'NONE',  ( 25.67468604746225580, -14.64941936229003439, 14.67586351841723058 ) ) ;
#5261 = EDGE_LOOP ( 'NONE', ( #3816, #3128, #102, #1957 ) ) ;
#5262 = DIRECTION ( 'NONE',  ( 6.980527267330673326E-15, 1.387778780781445984E-17, -1.000000000000000000 ) ) ;
#5263 = CARTESIAN_POINT ( 'NONE',  ( -18.50000000000020250, -11.75000000000000888, 24.67159297653867611 ) ) ;
#5264 = CARTESIAN_POINT ( 'NONE',  ( -26.18677324489566871, -16.00000000000001421, 1.999999999999821476 ) ) ;
#5265 = CARTESIAN_POINT ( 'NONE',  ( 16.75834484095828003, -11.07498376790370642, 26.18221402019378630 ) ) ;
#5266 = DIRECTION ( 'NONE',  ( 6.980527267330673326E-15, 1.387778780781445984E-17, -1.000000000000000000 ) ) ;
#5267 = ORIENTED_EDGE ( 'NONE', *, *, #4921, .F. ) ;
#5268 = CARTESIAN_POINT ( 'NONE',  ( -26.51671842522700828, -17.89787326060847050, 8.096975007948921998 ) ) ;
#5269 = LINE ( 'NONE', #1598, #4664 ) ;
#5270 = CARTESIAN_POINT ( 'NONE',  ( -25.03044145368991380, -17.81917927983351646, 12.04167429916080501 ) ) ;
#5271 = CARTESIAN_POINT ( 'NONE',  ( -26.84996076741183302, 17.38333466109317271, 8.118300988179274924 ) ) ;
#5272 = ORIENTED_EDGE ( 'NONE', *, *, #1264, .F. ) ;
#5273 = ORIENTED_EDGE ( 'NONE', *, *, #2006, .T. ) ;
#5274 = SPHERICAL_SURFACE ( 'NONE', #2720, 33.00000000000000000 ) ;
#5275 = ADVANCED_FACE ( 'NONE', ( #5369 ), #5821, .F. ) ;
#5276 = CARTESIAN_POINT ( 'NONE',  ( 28.99999999999999289, -8.000000000000007105, -4.499999999999573674 ) ) ;
#5277 = CARTESIAN_POINT ( 'NONE',  ( 29.99999999999999645, 7.999999999999979572, -4.499999999999573674 ) ) ;
#5278 = CARTESIAN_POINT ( 'NONE',  ( 28.99999999999999645, -12.00000000000001066, -4.499999999999573674 ) ) ;
#5279 = ORIENTED_EDGE ( 'NONE', *, *, #1810, .T. ) ;
#5280 = VERTEX_POINT ( 'NONE', #1216 ) ;
#5281 = FACE_OUTER_BOUND ( 'NONE', #1237, .T. ) ;
#5282 = FACE_OUTER_BOUND ( 'NONE', #2123, .T. ) ;
#5283 = DIRECTION ( 'NONE',  ( 6.980527267330673326E-15, 1.387778780781445984E-17, -1.000000000000000000 ) ) ;
#5284 = CARTESIAN_POINT ( 'NONE',  ( 19.70139063985895334, -10.52572280705752128, 24.29422396796115180 ) ) ;
#5285 = VECTOR ( 'NONE', #3917, 1000.000000000000000 ) ;
#5286 = EDGE_CURVE ( 'NONE', #1388, #1719, #3036, .T. ) ;
#5287 = ORIENTED_EDGE ( 'NONE', *, *, #3145, .T. ) ;
#5288 = PLANE ( 'NONE',  #2143 ) ;
#5289 = DIRECTION ( 'NONE',  ( -1.000000000000000000, -8.673617379884037398E-19, -2.636779683484747277E-16 ) ) ;
#5290 = CARTESIAN_POINT ( 'NONE',  ( 27.18677324489572911, 15.99999999999923617, 9.689136211792026998 ) ) ;
#5291 = LINE ( 'NONE', #3033, #3089 ) ;
#5292 = EDGE_CURVE ( 'NONE', #918, #2677, #1269, .T. ) ;
#5293 = DIRECTION ( 'NONE',  ( 1.000000000000000000, 0.000000000000000000, 0.000000000000000000 ) ) ;
#5294 = EDGE_CURVE ( 'NONE', #845, #2874, #1699, .T. ) ;
#5295 = ORIENTED_EDGE ( 'NONE', *, *, #1417, .T. ) ;
#5296 = CARTESIAN_POINT ( 'NONE',  ( 16.69177397881920655, 12.35036150340851435, 25.64908870726239698 ) ) ;
#5297 = CARTESIAN_POINT ( 'NONE',  ( 18.49999999999982947, 11.74999999999998224, 24.67159297653897099 ) ) ;
#5298 = PLANE ( 'NONE',  #3967 ) ;
#5299 = DIRECTION ( 'NONE',  ( 0.000000000000000000, 0.000000000000000000, -1.000000000000000000 ) ) ;
#5300 = ORIENTED_EDGE ( 'NONE', *, *, #442, .T. ) ;
#5301 = ORIENTED_EDGE ( 'NONE', *, *, #5871, .T. ) ;
#5302 = ADVANCED_FACE ( 'NONE', ( #4951 ), #3225, .T. ) ;
#5303 = CARTESIAN_POINT ( 'NONE',  ( -21.18677324489576819, 15.85758369348225294, 19.71526004480186955 ) ) ;
#5304 = DIRECTION ( 'NONE',  ( -0.7071067811865476838, 0.000000000000000000, 0.7071067811865474617 ) ) ;
#5305 = DIRECTION ( 'NONE',  ( 0.000000000000000000, 1.000000000000000000, -8.465450562766819607E-16 ) ) ;
#5306 = ORIENTED_EDGE ( 'NONE', *, *, #3034, .F. ) ;
#5307 = EDGE_LOOP ( 'NONE', ( #4828, #2054, #1895, #3648 ) ) ;
#5308 = VECTOR ( 'NONE', #979, 1000.000000000000000 ) ;
#5309 = DIRECTION ( 'NONE',  ( -6.980527267330673326E-15, -1.387778780781445984E-17, 1.000000000000000000 ) ) ;
#5310 = DIRECTION ( 'NONE',  ( -1.000000000000000000, 8.673617379884035472E-19, -6.994405055138486205E-15 ) ) ;
#5311 = DIRECTION ( 'NONE',  ( 1.000000000000000000, 0.000000000000000000, 6.994405055138490149E-15 ) ) ;
#5312 = AXIS2_PLACEMENT_3D ( 'NONE', #3566, #924, #4093 ) ;
#5313 = EDGE_CURVE ( 'NONE', #2284, #2641, #5818, .T. ) ;
#5314 = ORIENTED_EDGE ( 'NONE', *, *, #2220, .F. ) ;
#5315 = CARTESIAN_POINT ( 'NONE',  ( -22.61415215217412467, -14.74611198455325756, 18.97887531501511305 ) ) ;
#5316 = CARTESIAN_POINT ( 'NONE',  ( 22.61185676822502444, -17.23810537610536286, 16.75107577408010329 ) ) ;
#5317 = CIRCLE ( 'NONE', #5219, 32.99926273655773201 ) ;
#5318 = CARTESIAN_POINT ( 'NONE',  ( 28.99999999999998934, -12.00000000000001066, -2.499999999999586109 ) ) ;
#5319 = CARTESIAN_POINT ( 'NONE',  ( 17.36994195212004755, -10.74960566934508677, 25.91821440979229152 ) ) ;
#5320 = VECTOR ( 'NONE', #3712, 1000.000000000000000 ) ;
#5321 = CARTESIAN_POINT ( 'NONE',  ( -23.43728580496252434, 17.86534165803963248, 14.85638549695240940 ) ) ;
#5322 = AXIS2_PLACEMENT_3D ( 'NONE', #1327, #4163, #3250 ) ;
#5323 = ORIENTED_EDGE ( 'NONE', *, *, #4102, .F. ) ;
#5324 = CARTESIAN_POINT ( 'NONE',  ( -23.99852922133829125, -18.99792064595344598, 12.33970799465322266 ) ) ;
#5325 = VECTOR ( 'NONE', #4950, 1000.000000000000000 ) ;
#5326 = CARTESIAN_POINT ( 'NONE',  ( -0.3894255235562623096, -22.71610056578252212, 26.62393330684253812 ) ) ;
#5327 = B_SPLINE_CURVE_WITH_KNOTS ( 'NONE', 3,
 ( #4923, #1702, #4416, #2233, #1330, #4048 ),
 .UNSPECIFIED., .F., .F.,
 ( 4, 2, 4 ),
 ( 0.01579363415479092397, 0.01633793503137224642, 0.01688223590795356541 ),
 .UNSPECIFIED. ) ;
#5328 = CARTESIAN_POINT ( 'NONE',  ( 29.99999999999999289, -7.500000000000007105, -4.999999999999990230 ) ) ;
#5329 = CARTESIAN_POINT ( 'NONE',  ( -21.18677324489588187, -16.00000000000001421, 33.00100000000010425 ) ) ;
#5330 = ORIENTED_EDGE ( 'NONE', *, *, #2113, .T. ) ;
#5331 = ORIENTED_EDGE ( 'NONE', *, *, #5847, .T. ) ;
#5332 = VECTOR ( 'NONE', #2728, 1000.000000000000000 ) ;
#5333 = DIRECTION ( 'NONE',  ( -1.000000000000000000, 0.000000000000000000, -6.938893903907210234E-15 ) ) ;
#5334 = AXIS2_PLACEMENT_3D ( 'NONE', #1619, #4712, #5289 ) ;
#5335 = PLANE ( 'NONE',  #1749 ) ;
#5336 = VERTEX_POINT ( 'NONE', #3194 ) ;
#5337 = ORIENTED_EDGE ( 'NONE', *, *, #5637, .T. ) ;
#5338 = EDGE_LOOP ( 'NONE', ( #5881, #501, #247, #5866, #1890, #5967, #2996, #5453 ) ) ;
#5339 = FACE_OUTER_BOUND ( 'NONE', #2327, .T. ) ;
#5340 = VECTOR ( 'NONE', #243, 1000.000000000000000 ) ;
#5341 = LINE ( 'NONE', #1698, #5325 ) ;
#5342 = DIRECTION ( 'NONE',  ( 0.000000000000000000, 0.000000000000000000, 1.000000000000000000 ) ) ;
#5343 = VECTOR ( 'NONE', #1012, 1000.000000000000000 ) ;
#5344 = ADVANCED_FACE ( 'NONE', ( #5069 ), #1833, .F. ) ;
#5345 = VERTEX_POINT ( 'NONE', #4587 ) ;
#5346 = DIRECTION ( 'NONE',  ( 6.980527267330673326E-15, 1.387778780781445984E-17, -1.000000000000000000 ) ) ;
#5347 = DIRECTION ( 'NONE',  ( 0.000000000000000000, 1.000000000000000000, 0.000000000000000000 ) ) ;
#5348 = CARTESIAN_POINT ( 'NONE',  ( -23.43677324489567226, 15.99999999999995914, 1.999999999999840350 ) ) ;
#5349 = EDGE_CURVE ( 'NONE', #3228, #3366, #452, .T. ) ;
#5350 = CARTESIAN_POINT ( 'NONE',  ( -24.23135864894356928, 18.01171516605419143, 13.32696187069375782 ) ) ;
#5351 = APPLICATION_CONTEXT ( 'configuration controlled 3d designs of mechanical parts and assemblies' ) ;
#5352 = ORIENTED_EDGE ( 'NONE', *, *, #2624, .F. ) ;
#5353 = FACE_OUTER_BOUND ( 'NONE', #3019, .T. ) ;
#5354 = CARTESIAN_POINT ( 'NONE',  ( -0.9799607991621630543, -23.48894165837052128, 25.92944599805363737 ) ) ;
#5355 = CARTESIAN_POINT ( 'NONE',  ( -0.5995062029707441953, -21.65177690993396453, 24.89675721520201179 ) ) ;
#5356 = CARTESIAN_POINT ( 'NONE',  ( -25.62646677761974701, -17.39152397281100448, 11.39434988646566005 ) ) ;
#5357 = ADVANCED_FACE ( 'NONE', ( #392, #4078 ), #5037, .T. ) ;
#5358 = DIRECTION ( 'NONE',  ( -1.000000000000000000, 0.000000000000000000, 0.000000000000000000 ) ) ;
#5359 = EDGE_LOOP ( 'NONE', ( #2558, #2343, #1746, #5115, #5075, #1230, #3048, #5186, #3678, #5389, #2970, #4890, #3438, #4862, #4816, #180, #5687 ) ) ;
#5360 = EDGE_LOOP ( 'NONE', ( #2061, #4999 ) ) ;
#5361 = EDGE_CURVE ( 'NONE', #5802, #1423, #4131, .T. ) ;
#5362 = CARTESIAN_POINT ( 'NONE',  ( -30.00000000000000000, 7.500000000000007105, 4.000000000000017764 ) ) ;
#5363 = DIRECTION ( 'NONE',  ( 6.980527267330673326E-15, 1.387778780781445984E-17, -1.000000000000000000 ) ) ;
#5364 = ORIENTED_EDGE ( 'NONE', *, *, #206, .F. ) ;
#5365 = ORIENTED_EDGE ( 'NONE', *, *, #3258, .F. ) ;
#5366 = ORIENTED_EDGE ( 'NONE', *, *, #3537, .F. ) ;
#5367 = CARTESIAN_POINT ( 'NONE',  ( 28.99999999999999645, 7.499999999999978684, -4.999999999999990230 ) ) ;
#5368 = CARTESIAN_POINT ( 'NONE',  ( -21.33298685284993823, 15.07484961840030380, 14.99999999999986144 ) ) ;
#5369 = FACE_OUTER_BOUND ( 'NONE', #4551, .T. ) ;
#5370 = ORIENTED_EDGE ( 'NONE', *, *, #769, .F. ) ;
#5371 = CARTESIAN_POINT ( 'NONE',  ( -16.50000000000018119, -11.75000000000000888, 26.05163142684146393 ) ) ;
#5372 = CARTESIAN_POINT ( 'NONE',  ( 25.68743560915021362, -17.32652528150184779, 11.35602867646230152 ) ) ;
#5373 = CARTESIAN_POINT ( 'NONE',  ( 16.53022015559205116, -11.46365922143379912, 26.16025901611410731 ) ) ;
#5374 = CARTESIAN_POINT ( 'NONE',  ( 28.99999999999999289, -12.50000000000001066, -4.999999999999990230 ) ) ;
#5375 = ADVANCED_FACE ( 'NONE', ( #4978, #850, #4640 ), #1805, .T. ) ;
#5376 = EDGE_LOOP ( 'NONE', ( #3415, #2855, #2194, #556 ) ) ;
#5377 = DIRECTION ( 'NONE',  ( 0.000000000000000000, 0.000000000000000000, -1.000000000000000000 ) ) ;
#5378 = CARTESIAN_POINT ( 'NONE',  ( -1.001012680909933561, -23.84752876732640203, 25.59921524692290618 ) ) ;
#5379 = CARTESIAN_POINT ( 'NONE',  ( -6.500000000000000888, -35.00000000000000000, 10.00000000000021672 ) ) ;
#5380 = CARTESIAN_POINT ( 'NONE',  ( -23.43788852184082927, -17.86555929050581071, 14.85515944889677087 ) ) ;
#5381 = CARTESIAN_POINT ( 'NONE',  ( -26.18677324489576108, 15.99999999999993072, 12.13478088060984916 ) ) ;
#5382 = VERTEX_POINT ( 'NONE', #1782 ) ;
#5383 = VERTEX_POINT ( 'NONE', #2201 ) ;
#5384 = CARTESIAN_POINT ( 'NONE',  ( 24.64181376600296147, 13.01795261494874190, 17.68055419571621911 ) ) ;
#5385 = EDGE_CURVE ( 'NONE', #4993, #5417, #3614, .T. ) ;
#5386 = DIRECTION ( 'NONE',  ( -1.000000000000000000, 0.000000000000000000, -6.938893903907230744E-15 ) ) ;
#5387 = EDGE_LOOP ( 'NONE', ( #2502, #5674, #2847, #4390 ) ) ;
#5388 = CARTESIAN_POINT ( 'NONE',  ( 18.53170854514459975, -9.468178258144204662, 25.61180959951012781 ) ) ;
#5389 = ORIENTED_EDGE ( 'NONE', *, *, #668, .T. ) ;
#5390 = VERTEX_POINT ( 'NONE', #5456 ) ;
#5391 = CARTESIAN_POINT ( 'NONE',  ( -20.00000000000008171, -11.75000000000001066, 9.999999999999852562 ) ) ;
#5392 = ADVANCED_FACE ( 'NONE', ( #5962 ), #3166, .F. ) ;
#5393 = DIRECTION ( 'NONE',  ( -0.7071067811865476838, 0.000000000000000000, 0.7071067811865474617 ) ) ;
#5394 = FACE_OUTER_BOUND ( 'NONE', #777, .T. ) ;
#5395 = VECTOR ( 'NONE', #4842, 1000.000000000000000 ) ;
#5396 = EDGE_CURVE ( 'NONE', #990, #3779, #240, .T. ) ;
#5397 = ORIENTED_EDGE ( 'NONE', *, *, #3151, .T. ) ;
#5398 = LINE ( 'NONE', #1675, #2053 ) ;
#5399 = PLANE ( 'NONE',  #3030 ) ;
#5400 = CARTESIAN_POINT ( 'NONE',  ( 15.19999999999978968, 2.775557561562891351E-14, 30.00000000000000355 ) ) ;
#5401 = VECTOR ( 'NONE', #3407, 1000.000000000000000 ) ;
#5402 = DIRECTION ( 'NONE',  ( 6.994405055138486205E-15, 1.387778780781445984E-17, -1.000000000000000000 ) ) ;
#5403 = AXIS2_PLACEMENT_3D ( 'NONE', #1246, #2206, #541 ) ;
#5404 = VERTEX_POINT ( 'NONE', #4614 ) ;
#5405 = LINE ( 'NONE', #1335, #111 ) ;
#5406 = CARTESIAN_POINT ( 'NONE',  ( -1.919273431507676779E-14, -24.79737889374603910, 24.69999999999997442 ) ) ;
#5407 = CARTESIAN_POINT ( 'NONE',  ( 29.99999999999999645, 10.50000000000000888, -4.499999999999573674 ) ) ;
#5408 = CARTESIAN_POINT ( 'NONE',  ( 22.13759665443955527, -13.80891001984690902, 20.20497014175272454 ) ) ;
#5409 = CC_DESIGN_APPROVAL ( #5717, ( #3290 ) ) ;
#5410 = DIRECTION ( 'NONE',  ( 1.000000000000000000, 0.000000000000000000, 0.000000000000000000 ) ) ;
#5411 = CARTESIAN_POINT ( 'NONE',  ( -30.00000000000000000, 3.799999999999998046, -2.081668171172168513E-13 ) ) ;
#5412 = VERTEX_POINT ( 'NONE', #5483 ) ;
#5413 = CARTESIAN_POINT ( 'NONE',  ( 23.48442703413398647, -13.07673495556084120, 19.14560995362809948 ) ) ;
#5414 = AXIS2_PLACEMENT_3D ( 'NONE', #1665, #2086, #4437 ) ;
#5415 = CARTESIAN_POINT ( 'NONE',  ( 27.02624654852892050, 15.00159840013729884, 11.56802544855530002 ) ) ;
#5416 = DIRECTION ( 'NONE',  ( -0.5364065343932449270, -0.8439597323689256303, -3.747002708109903324E-15 ) ) ;
#5417 = VERTEX_POINT ( 'NONE', #2711 ) ;
#5418 = CARTESIAN_POINT ( 'NONE',  ( 17.02592299591231040, -9.289668003291179588, 26.69935525839932211 ) ) ;
#5419 = ORIENTED_EDGE ( 'NONE', *, *, #3078, .T. ) ;
#5420 = CIRCLE ( 'NONE', #4080, 1.000000000000004441 ) ;
#5421 = ORIENTED_EDGE ( 'NONE', *, *, #2018, .T. ) ;
#5422 = EDGE_CURVE ( 'NONE', #4327, #259, #3667, .T. ) ;
#5423 = CARTESIAN_POINT ( 'NONE',  ( 26.99948334094958824, 17.04580993416701773, 8.335219314352828590 ) ) ;
#5424 = ADVANCED_FACE ( 'NONE', ( #5516 ), #1390, .F. ) ;
#5425 = ORIENTED_EDGE ( 'NONE', *, *, #4698, .T. ) ;
#5426 = DIRECTION ( 'NONE',  ( 6.980527267330673326E-15, 1.387778780781445984E-17, -1.000000000000000000 ) ) ;
#5427 = CARTESIAN_POINT ( 'NONE',  ( 6.505213034913026604E-16, 0.000000000000000000, 30.00000000000001421 ) ) ;
#5428 = AXIS2_PLACEMENT_3D ( 'NONE', #2480, #5574, #5259 ) ;
#5429 = EDGE_CURVE ( 'NONE', #5946, #3790, #3706, .T. ) ;
#5430 = ORIENTED_EDGE ( 'NONE', *, *, #5452, .T. ) ;
#5431 = CARTESIAN_POINT ( 'NONE',  ( -16.75256346604902546, -11.06953152925299300, 26.18854649161465176 ) ) ;
#5432 = AXIS2_PLACEMENT_3D ( 'NONE', #5427, #421, #1752 ) ;
#5433 = CARTESIAN_POINT ( 'NONE',  ( 28.99999999999999289, -8.000000000000007105, -4.499999999999573674 ) ) ;
#5434 = DIRECTION ( 'NONE',  ( 1.000000000000000000, 0.000000000000000000, 6.994405055138490149E-15 ) ) ;
#5435 = PLANE ( 'NONE',  #1463 ) ;
#5436 = B_SPLINE_CURVE_WITH_KNOTS ( 'NONE', 3,
 ( #4850, #718, #2554, #4399, #5625, #3331, #5174, #5805, #2604, #374, #4425, #349, #2667, #2209, #4057, #5774, #4538, #3510, #5890, #2101, #1652, #3039, #3535, #5832, #1249, #1735, #2637, #3480, #2692, #2185, #805, #3123, #4487, #284, #1283, #4029, #4454, #319 ),
 .UNSPECIFIED., .F., .F.,
 ( 4, 2, 2, 2, 2, 2, 2, 2, 2, 2, 2, 2, 2, 2, 2, 2, 2, 2, 4 ),
 ( 0.01688223590795356541, 0.01739766296928985101, 0.01791309003062614008, 0.01894394415329872169, 0.02100565239864387798, 0.02203650652131645266, 0.02306736064398902386, 0.02512906888933418015, 0.02719077713467933297, 0.02822163125735190764, 0.02925248538002448231, 0.02976791244136077486, 0.03028333950269706740, 0.03079876656403335994, 0.03105648009470150447, 0.03131419362536964901, 0.03182962068670593808, 0.03234504774804222715, 0.03337590187071479836 ),
 .UNSPECIFIED. ) ;
#5437 = ORIENTED_EDGE ( 'NONE', *, *, #389, .T. ) ;
#5438 = DIRECTION ( 'NONE',  ( 0.000000000000000000, -1.000000000000000000, 0.000000000000000000 ) ) ;
#5439 = CARTESIAN_POINT ( 'NONE',  ( -0.9032791701732421075, -23.25310671362709414, 26.14390919640002764 ) ) ;
#5440 = CYLINDRICAL_SURFACE ( 'NONE', #3494, 1.000000000000004441 ) ;
#5441 = CARTESIAN_POINT ( 'NONE',  ( -28.99999999999999645, 12.49999999999998401, -4.999999999999990230 ) ) ;
#5442 = CARTESIAN_POINT ( 'NONE',  ( 22.00000000000001066, 3.799999999999970068, 1.526556658859590243E-13 ) ) ;
#5443 = CARTESIAN_POINT ( 'NONE',  ( -27.10902672413248027, -16.68709028560281027, 8.698934546798643197 ) ) ;
#5444 = ORIENTED_EDGE ( 'NONE', *, *, #2508, .F. ) ;
#5445 = FACE_OUTER_BOUND ( 'NONE', #5359, .T. ) ;
#5446 = CARTESIAN_POINT ( 'NONE',  ( -15.00000000000020428, -11.75000000000001066, 26.94322734937286512 ) ) ;
#5447 = CARTESIAN_POINT ( 'NONE',  ( 24.02645306928897995, 18.00375772133821073, 13.70332231825214642 ) ) ;
#5448 = CARTESIAN_POINT ( 'NONE',  ( -25.93380614292994935, 18.44165444673215859, 8.739161565596660353 ) ) ;
#5449 = VERTEX_POINT ( 'NONE', #963 ) ;
#5450 = VERTEX_POINT ( 'NONE', #2797 ) ;
#5451 = CARTESIAN_POINT ( 'NONE',  ( 25.92511235742955478, 18.44782896062410771, 8.751919002497348998 ) ) ;
#5452 = EDGE_CURVE ( 'NONE', #198, #379, #1208, .T. ) ;
#5453 = ORIENTED_EDGE ( 'NONE', *, *, #3218, .F. ) ;
#5454 = AXIS2_PLACEMENT_3D ( 'NONE', #4621, #4200, #546 ) ;
#5455 = DIRECTION ( 'NONE',  ( 0.000000000000000000, 0.000000000000000000, 1.000000000000000000 ) ) ;
#5456 = CARTESIAN_POINT ( 'NONE',  ( 19.99999999999992895, 11.74999999999998224, 10.00000000000013678 ) ) ;
#5457 = DIRECTION ( 'NONE',  ( -6.994405055138486205E-15, 0.000000000000000000, 1.000000000000000000 ) ) ;
#5458 = AXIS2_PLACEMENT_3D ( 'NONE', #3231, #5189, #2321 ) ;
#5459 = EDGE_LOOP ( 'NONE', ( #4015, #3075, #697, #4725 ) ) ;
#5460 = DIRECTION ( 'NONE',  ( 0.8439597323689261854, 0.5364065343932439278, 0.000000000000000000 ) ) ;
#5461 = CARTESIAN_POINT ( 'NONE',  ( -18.89852842694585888, 13.84065862359537569, 23.24571704102270431 ) ) ;
#5462 = EDGE_CURVE ( 'NONE', #2472, #4829, #1537, .T. ) ;
#5463 = CARTESIAN_POINT ( 'NONE',  ( -28.99999999999999645, -12.50000000000001066, -4.999999999999990230 ) ) ;
#5464 = ORIENTED_EDGE ( 'NONE', *, *, #3444, .T. ) ;
#5465 = CARTESIAN_POINT ( 'NONE',  ( -29.00000000000000000, -12.00000000000001066, -4.499999999999573674 ) ) ;
#5466 = CARTESIAN_POINT ( 'NONE',  ( 21.18677324489551594, 15.99999999999998224, 19.59899587911024099 ) ) ;
#5467 = ADVANCED_FACE ( 'NONE', ( #1054 ), #4733, .T. ) ;
#5468 = DIRECTION ( 'NONE',  ( 0.000000000000000000, 1.000000000000000000, 0.000000000000000000 ) ) ;
#5469 = EDGE_LOOP ( 'NONE', ( #4021, #1623 ) ) ;
#5470 = PLANE ( 'NONE',  #137 ) ;
#5471 = DIRECTION ( 'NONE',  ( 0.000000000000000000, -1.000000000000000000, 0.000000000000000000 ) ) ;
#5472 = ORIENTED_EDGE ( 'NONE', *, *, #2707, .T. ) ;
#5473 = DIRECTION ( 'NONE',  ( 0.000000000000000000, 0.000000000000000000, -1.000000000000000000 ) ) ;
#5474 = DIRECTION ( 'NONE',  ( -0.7071067811865475727, -0.000000000000000000, -0.7071067811865474617 ) ) ;
#5475 = FACE_OUTER_BOUND ( 'NONE', #2051, .T. ) ;
#5476 = CARTESIAN_POINT ( 'NONE',  ( -21.68230239462694797, 17.70019856499936850, 17.49454690838544124 ) ) ;
#5477 = ADVANCED_FACE ( 'NONE', ( #5154, #4251, #4316 ), #177, .F. ) ;
#5478 = EDGE_LOOP ( 'NONE', ( #913, #5766, #1166, #3105, #5917, #1968, #959, #4232 ) ) ;
#5479 = ORIENTED_EDGE ( 'NONE', *, *, #1408, .T. ) ;
#5480 = EDGE_CURVE ( 'NONE', #5065, #5873, #3604, .T. ) ;
#5481 = CARTESIAN_POINT ( 'NONE',  ( 19.91502058360516259, -12.39627825335817768, 23.21043387401257263 ) ) ;
#5482 = CARTESIAN_POINT ( 'NONE',  ( -31.00000000000000000, 0.000000000000000000, -2.081668171172168513E-13 ) ) ;
#5483 = CARTESIAN_POINT ( 'NONE',  ( -30.00000000000000000, -8.000000000000007105, -4.499999999999573674 ) ) ;
#5484 = FACE_OUTER_BOUND ( 'NONE', #3138, .T. ) ;
#5485 = VECTOR ( 'NONE', #1758, 1000.000000000000000 ) ;
#5486 = VERTEX_POINT ( 'NONE', #4285 ) ;
#5487 = CARTESIAN_POINT ( 'NONE',  ( -29.00000000000000000, 12.49999999999998401, 3.000000000000002665 ) ) ;
#5488 = CARTESIAN_POINT ( 'NONE',  ( 24.74671735790155935, 14.07707363618132135, 16.68770779024692530 ) ) ;
#5489 = DIRECTION ( 'NONE',  ( 1.000000000000000000, 0.000000000000000000, 0.000000000000000000 ) ) ;
#5490 = ADVANCED_FACE ( 'NONE', ( #1985 ), #509, .T. ) ;
#5491 = ORIENTED_EDGE ( 'NONE', *, *, #1098, .F. ) ;
#5492 = DIRECTION ( 'NONE',  ( 0.8439597323689262964, -0.5364065343932439278, 5.769690281098860396E-15 ) ) ;
#5493 = AXIS2_PLACEMENT_3D ( 'NONE', #2435, #3341, #4220 ) ;
#5494 = CARTESIAN_POINT ( 'NONE',  ( -16.65636700137099169, 11.19245890769574459, 26.19765687433214651 ) ) ;
#5495 = DIRECTION ( 'NONE',  ( 6.980527267330673326E-15, 1.387778780781445984E-17, -1.000000000000000000 ) ) ;
#5496 = DIRECTION ( 'NONE',  ( 6.980527267330673326E-15, 1.387778780781445984E-17, -1.000000000000000000 ) ) ;
#5497 = CARTESIAN_POINT ( 'NONE',  ( 29.99999999999999645, 11.99999999999998224, -4.499999999999573674 ) ) ;
#5498 = ORIENTED_EDGE ( 'NONE', *, *, #2176, .T. ) ;
#5499 = CARTESIAN_POINT ( 'NONE',  ( -30.00000000000000000, 0.000000000000000000, 0.000000000000000000 ) ) ;
#5500 = CIRCLE ( 'NONE', #1081, 2.999999999999999112 ) ;
#5501 = ADVANCED_FACE ( 'NONE', ( #3342 ), #5182, .T. ) ;
#5502 = DIRECTION ( 'NONE',  ( 0.000000000000000000, 0.000000000000000000, 1.000000000000000000 ) ) ;
#5503 =( NAMED_UNIT ( * ) PLANE_ANGLE_UNIT ( ) SI_UNIT ( $, .RADIAN. ) );
#5504 = CARTESIAN_POINT ( 'NONE',  ( 25.62646677761956937, 17.39152397281100093, 11.39434988646604907 ) ) ;
#5505 = CIRCLE ( 'NONE', #4068, 15.19999999999999751 ) ;
#5506 = CARTESIAN_POINT ( 'NONE',  ( -25.84357726244022757, 18.50310015523357166, 8.875510866804450671 ) ) ;
#5507 = VERTEX_POINT ( 'NONE', #3276 ) ;
#5508 = ORIENTED_EDGE ( 'NONE', *, *, #3204, .F. ) ;
#5509 = CARTESIAN_POINT ( 'NONE',  ( 21.59157983424666938, 17.51859172962829447, 17.77704366398197777 ) ) ;
#5510 = CIRCLE ( 'NONE', #1278, 0.1999999999999987899 ) ;
#5511 = VECTOR ( 'NONE', #504, 1000.000000000000000 ) ;
#5512 = ORIENTED_EDGE ( 'NONE', *, *, #2624, .T. ) ;
#5513 = LINE ( 'NONE', #1389, #226 ) ;
#5514 = B_SPLINE_CURVE_WITH_KNOTS ( 'NONE', 3,
 ( #2491, #2074, #5238, #4757 ),
 .UNSPECIFIED., .F., .F.,
 ( 4, 4 ),
 ( 0.000000000000000000, 0.002002871483817275991 ),
 .UNSPECIFIED. ) ;
#5515 = AXIS2_PLACEMENT_3D ( 'NONE', #3733, #53, #2796 ) ;
#5516 = FACE_OUTER_BOUND ( 'NONE', #3179, .T. ) ;
#5517 = PLANE ( 'NONE',  #4156 ) ;
#5518 = VECTOR ( 'NONE', #3301, 1000.000000000000000 ) ;
#5519 = ORIENTED_EDGE ( 'NONE', *, *, #3277, .T. ) ;
#5520 = CARTESIAN_POINT ( 'NONE',  ( -16.21032752974043945, 13.90276869310300611, 25.15987424935340400 ) ) ;
#5521 = AXIS2_PLACEMENT_3D ( 'NONE', #3384, #224, #3447 ) ;
#5522 = PLANE ( 'NONE',  #1031 ) ;
#5523 = EDGE_CURVE ( 'NONE', #5236, #1049, #911, .T. ) ;
#5524 = AXIS2_PLACEMENT_3D ( 'NONE', #635, #2471, #538 ) ;
#5525 = ORIENTED_EDGE ( 'NONE', *, *, #1235, .F. ) ;
#5526 = CARTESIAN_POINT ( 'NONE',  ( -24.92612672110280059, 13.08886623117848913, 17.21748625116439158 ) ) ;
#5527 = CARTESIAN_POINT ( 'NONE',  ( -22.32493647497446076, -13.63370389952457629, 20.11945416119261765 ) ) ;
#5528 = CARTESIAN_POINT ( 'NONE',  ( -30.00000000000000000, -7.500000000000007105, -4.999999999999990230 ) ) ;
#5529 = CARTESIAN_POINT ( 'NONE',  ( 18.49999999999982592, -11.74999999999998401, 24.67159297653897454 ) ) ;
#5530 = CARTESIAN_POINT ( 'NONE',  ( -29.00000000000000000, -12.00000000000001066, -4.499999999999573674 ) ) ;
#5531 = ORIENTED_EDGE ( 'NONE', *, *, #1016, .T. ) ;
#5532 = AXIS2_PLACEMENT_3D ( 'NONE', #4600, #4118, #2386 ) ;
#5533 = CYLINDRICAL_SURFACE ( 'NONE', #2905, 1.000000000000014655 ) ;
#5534 = FACE_BOUND ( 'NONE', #2565, .T. ) ;
#5535 = CARTESIAN_POINT ( 'NONE',  ( 25.03044145368986761, 17.81917927983343475, 12.04167429916103949 ) ) ;
#5536 = EDGE_CURVE ( 'NONE', #918, #1058, #2938, .T. ) ;
#5537 = CARTESIAN_POINT ( 'NONE',  ( 22.23023334378735072, -15.57465209936595407, 18.76853894402507805 ) ) ;
#5538 = VERTEX_POINT ( 'NONE', #5251 ) ;
#5539 = ORIENTED_EDGE ( 'NONE', *, *, #5361, .T. ) ;
#5540 = CARTESIAN_POINT ( 'NONE',  ( 26.41001290513102617, 18.01930565250354377, 8.175950301343540616 ) ) ;
#5541 = CARTESIAN_POINT ( 'NONE',  ( -15.00000000000020783, -11.57717299440289693, 27.01859758210088103 ) ) ;
#5542 = DIRECTION ( 'NONE',  ( 1.000000000000000000, 0.000000000000000000, 0.000000000000000000 ) ) ;
#5543 = EDGE_CURVE ( 'NONE', #5601, #5412, #3828, .T. ) ;
#5544 = DIRECTION ( 'NONE',  ( 6.980527267330673326E-15, 1.387778780781445984E-17, -1.000000000000000000 ) ) ;
#5545 = CARTESIAN_POINT ( 'NONE',  ( -27.18677324489588543, -16.00000000000001421, 33.00100000000006162 ) ) ;
#5546 = ORIENTED_EDGE ( 'NONE', *, *, #2975, .T. ) ;
#5547 = CARTESIAN_POINT ( 'NONE',  ( -24.18677324489567226, 15.99999999999995914, 1.999999999999835243 ) ) ;
#5548 = CARTESIAN_POINT ( 'NONE',  ( 26.13483850865340230, 15.53332662852227131, 12.83474534763299069 ) ) ;
#5549 = DIRECTION ( 'NONE',  ( 0.000000000000000000, 0.000000000000000000, -1.000000000000000000 ) ) ;
#5550 = ORIENTED_EDGE ( 'NONE', *, *, #643, .F. ) ;
#5551 = CARTESIAN_POINT ( 'NONE',  ( -26.08282585068313608, 13.66196135503691522, 14.91029540554387722 ) ) ;
#5552 = CARTESIAN_POINT ( 'NONE',  ( -16.50000000000018119, 11.61103333657791659, 26.11430920192802674 ) ) ;
#5553 = CARTESIAN_POINT ( 'NONE',  ( -30.00000000000000000, 12.49999999999998401, 3.000000000000002665 ) ) ;
#5554 = DIRECTION ( 'NONE',  ( 0.000000000000000000, 1.000000000000000000, 0.000000000000000000 ) ) ;
#5555 = EDGE_CURVE ( 'NONE', #4110, #1217, #1920, .T. ) ;
#5556 = ORIENTED_EDGE ( 'NONE', *, *, #1454, .T. ) ;
#5557 = CARTESIAN_POINT ( 'NONE',  ( -18.11257009202630286, 9.321665847118826065, 25.96299107545699059 ) ) ;
#5558 = LINE ( 'NONE', #1942, #325 ) ;
#5559 = COORDINATED_UNIVERSAL_TIME_OFFSET ( 8, 0, .AHEAD. ) ;
#5560 = CARTESIAN_POINT ( 'NONE',  ( -26.18677324489574332, -16.00000000000000355, 12.13478088060977100 ) ) ;
#5561 = DIRECTION ( 'NONE',  ( -0.5364065343932427066, 0.8439597323689270736, -3.760880495917717781E-15 ) ) ;
#5562 = ORIENTED_EDGE ( 'NONE', *, *, #2317, .F. ) ;
#5563 = ORIENTED_EDGE ( 'NONE', *, *, #3161, .F. ) ;
#5564 = CARTESIAN_POINT ( 'NONE',  ( 23.99852922133776190, 18.99792064595339269, 12.33970799465432400 ) ) ;
#5565 = EDGE_CURVE ( 'NONE', #3764, #2948, #4870, .T. ) ;
#5566 = CARTESIAN_POINT ( 'NONE',  ( -17.50000000000008171, -11.75000000000001066, 9.999999999999870326 ) ) ;
#5567 = DIRECTION ( 'NONE',  ( -6.980527267330673326E-15, -1.387778780781445984E-17, 1.000000000000000000 ) ) ;
#5568 = EDGE_LOOP ( 'NONE', ( #4913, #960, #1727, #4641 ) ) ;
#5569 = ORIENTED_EDGE ( 'NONE', *, *, #2991, .T. ) ;
#5570 = DIRECTION ( 'NONE',  ( 6.980527267330673326E-15, 1.387778780781445984E-17, -1.000000000000000000 ) ) ;
#5571 = ADVANCED_FACE ( 'NONE', ( #3311 ), #5664, .T. ) ;
#5572 = ORIENTED_EDGE ( 'NONE', *, *, #3314, .T. ) ;
#5573 = CARTESIAN_POINT ( 'NONE',  ( 0.000000000000000000, 0.000000000000000000, 0.000000000000000000 ) ) ;
#5574 = DIRECTION ( 'NONE',  ( 6.709910405078290630E-15, 1.665334536937735057E-16, -1.000000000000000000 ) ) ;
#5575 = DIRECTION ( 'NONE',  ( 6.980527267330673326E-15, 1.387778780781445984E-17, -1.000000000000000000 ) ) ;
#5576 = ORIENTED_EDGE ( 'NONE', *, *, #3647, .T. ) ;
#5577 = DIRECTION ( 'NONE',  ( -1.000000000000000000, -0.000000000000000000, -0.000000000000000000 ) ) ;
#5578 = CARTESIAN_POINT ( 'NONE',  ( -26.58047541746142883, -14.17630034179856757, 13.48300556141806439 ) ) ;
#5579 = EDGE_CURVE ( 'NONE', #3173, #5113, #2402, .T. ) ;
#5580 = CARTESIAN_POINT ( 'NONE',  ( 16.52874586121489742, -12.01858327525322778, 25.91094059066661970 ) ) ;
#5581 = B_SPLINE_CURVE_WITH_KNOTS ( 'NONE', 3,
 ( #1232, #632, #2012, #207, #3158, #4995, #4494, #2646, #4940, #5384, #4122, #327, #3631, #3131, #3069, #1319, #2735, #1797, #5415, #3099, #382, #3183 ),
 .UNSPECIFIED., .F., .F.,
 ( 4, 2, 2, 2, 2, 2, 2, 2, 2, 2, 4 ),
 ( 0.01793675101728698165, 0.01874699466152238148, 0.01955723830575778477, 0.02036748194999318459, 0.02117772559422858789, 0.02279821288269939447, 0.02441870017117020453, 0.02603918745964101111, 0.02765967474811182117, 0.02928016203658263122, 0.03090064932505343781 ),
 .UNSPECIFIED. ) ;
#5582 = DIRECTION ( 'NONE',  ( 0.000000000000000000, 1.000000000000000000, 0.000000000000000000 ) ) ;
#5583 = VECTOR ( 'NONE', #1079, 1000.000000000000000 ) ;
#5584 = CONICAL_SURFACE ( 'NONE', #3955, 34.00000000000000000, 0.05235987755982983438 ) ;
#5585 = VERTEX_POINT ( 'NONE', #5211 ) ;
#5586 = DIRECTION ( 'NONE',  ( 1.000000000000000000, 0.000000000000000000, 0.000000000000000000 ) ) ;
#5587 = ORIENTED_EDGE ( 'NONE', *, *, #3921, .F. ) ;
#5588 = CARTESIAN_POINT ( 'NONE',  ( -22.13759665443981817, -13.80891001984688238, 14.99999999999984723 ) ) ;
#5589 = APPLICATION_PROTOCOL_DEFINITION ( 'international standard', 'config_control_design', 1994, #5351 ) ;
#5590 = CARTESIAN_POINT ( 'NONE',  ( 19.99999999999983302, 11.74999999999997868, 23.47205785609789430 ) ) ;
#5591 = CARTESIAN_POINT ( 'NONE',  ( -29.00000000000000000, -12.00000000000001066, -2.499999999999571898 ) ) ;
#5592 = EDGE_LOOP ( 'NONE', ( #2473, #1532 ) ) ;
#5593 = CIRCLE ( 'NONE', #4941, 2.999999999999999112 ) ;
#5594 = ORIENTED_EDGE ( 'NONE', *, *, #752, .F. ) ;
#5595 = LINE ( 'NONE', #105, #2048 ) ;
#5596 = VECTOR ( 'NONE', #380, 1000.000000000000000 ) ;
#5597 = CARTESIAN_POINT ( 'NONE',  ( 6.499999999999999112, -30.76930288453083762, 10.00000000000023093 ) ) ;
#5598 = LINE ( 'NONE', #1090, #3871 ) ;
#5599 = DIRECTION ( 'NONE',  ( -6.980527267330673326E-15, -1.387778780781445984E-17, 1.000000000000000000 ) ) ;
#5600 = EDGE_CURVE ( 'NONE', #2247, #1173, #2348, .T. ) ;
#5601 = VERTEX_POINT ( 'NONE', #4192 ) ;
#5602 = CIRCLE ( 'NONE', #3486, 0.7500000000000006661 ) ;
#5603 = ORIENTED_EDGE ( 'NONE', *, *, #2448, .F. ) ;
#5604 = FACE_OUTER_BOUND ( 'NONE', #1158, .T. ) ;
#5605 = AXIS2_PLACEMENT_3D ( 'NONE', #248, #4470, #5817 ) ;
#5606 = CIRCLE ( 'NONE', #4750, 3.799999999999999378 ) ;
#5607 = ORIENTED_EDGE ( 'NONE', *, *, #4172, .F. ) ;
#5608 = CARTESIAN_POINT ( 'NONE',  ( -30.00000000000000711, -10.50000000000000888, -2.499999999999586109 ) ) ;
#5609 = B_SPLINE_CURVE_WITH_KNOTS ( 'NONE', 3,
 ( #3859, #4766, #4426, #3511, #2014, #5180, #5355, #2925, #1089, #1475, #1052, #3040, #2885, #2126, #2858, #599, #1225, #4700, #4902, #3405, #4730, #2433, #107, #4283 ),
 .UNSPECIFIED., .F., .F.,
 ( 4, 2, 2, 2, 2, 2, 2, 2, 2, 2, 2, 4 ),
 ( 0.007574924890338144597, 0.007831561836627216194, 0.008088198782916288659, 0.008344835729205361124, 0.008601472675494433590, 0.009114746568072578520, 0.009628020460650723450, 0.01014129435322886838, 0.01065456824580701158, 0.01116784213838515651, 0.01142447908467422550, 0.01168111603096329450 ),
 .UNSPECIFIED. ) ;
#5610 = CARTESIAN_POINT ( 'NONE',  ( 26.18677324489557634, 15.99999999999997868, 12.13478088061017068 ) ) ;
#5611 = CARTESIAN_POINT ( 'NONE',  ( -2.075162958137255487E-13, 2.775557561562891351E-14, 29.79999999999999361 ) ) ;
#5612 = EDGE_CURVE ( 'NONE', #619, #5873, #54, .T. ) ;
#5613 = VECTOR ( 'NONE', #690, 1000.000000000000000 ) ;
#5614 = ORIENTED_EDGE ( 'NONE', *, *, #3034, .T. ) ;
#5615 = DIRECTION ( 'NONE',  ( -1.000000000000000000, 8.673617379884035472E-19, -6.994405055138486205E-15 ) ) ;
#5616 = VECTOR ( 'NONE', #5495, 1000.000000000000000 ) ;
#5617 = CARTESIAN_POINT ( 'NONE',  ( -18.47075883083131487, -12.03358960777273268, 24.55701524115874790 ) ) ;
#5618 = CARTESIAN_POINT ( 'NONE',  ( -22.18677324489577884, -16.00000000000000711, 18.45933620094657002 ) ) ;
#5619 = CARTESIAN_POINT ( 'NONE',  ( 18.31343585315776323, -11.15658428530240442, 25.08329497734949243 ) ) ;
#5620 = B_SPLINE_CURVE_WITH_KNOTS ( 'NONE', 3,
 ( #1662, #2050, #3018, #4346, #4541, #2533, #4381, #2499, #1792, #2694, #2083, #3894, #4991, #4059, #4515, #405, #376, #1285 ),
 .UNSPECIFIED., .F., .F.,
 ( 4, 2, 2, 2, 2, 2, 2, 2, 4 ),
 ( 0.003992775173662774756, 0.004444325032421547056, 0.004895874891180318489, 0.005347424749939090789, 0.005798974608697863090, 0.006250524467456634523, 0.006702074326215406823, 0.007153624184974179123, 0.007605174043732950556 ),
 .UNSPECIFIED. ) ;
#5621 = ORIENTED_EDGE ( 'NONE', *, *, #5848, .T. ) ;
#5622 = CARTESIAN_POINT ( 'NONE',  ( -17.02174469819597746, 9.290477936840737527, 26.70173676677168118 ) ) ;
#5623 = ORIENTED_EDGE ( 'NONE', *, *, #2632, .F. ) ;
#5624 = FACE_BOUND ( 'NONE', #636, .T. ) ;
#5625 = CARTESIAN_POINT ( 'NONE',  ( 21.25034826254411868, -16.62483892717918010, 19.00176951378598034 ) ) ;
#5626 = VECTOR ( 'NONE', #792, 1000.000000000000114 ) ;
#5627 = FACE_BOUND ( 'NONE', #5101, .T. ) ;
#5628 = CARTESIAN_POINT ( 'NONE',  ( 29.99999999999999289, -12.00000000000001066, -2.499999999999571898 ) ) ;
#5629 = ORIENTED_EDGE ( 'NONE', *, *, #4129, .F. ) ;
#5630 = ORIENTED_EDGE ( 'NONE', *, *, #942, .F. ) ;
#5631 = CARTESIAN_POINT ( 'NONE',  ( 0.1726006185251828529, -21.87051654280287494, 24.71150038613498978 ) ) ;
#5632 = DIRECTION ( 'NONE',  ( 6.980527267330673326E-15, 1.387778780781445984E-17, -1.000000000000000000 ) ) ;
#5633 = DIRECTION ( 'NONE',  ( 0.000000000000000000, 0.000000000000000000, 1.000000000000000000 ) ) ;
#5634 = DIRECTION ( 'NONE',  ( 0.000000000000000000, 0.000000000000000000, -1.000000000000000000 ) ) ;
#5635 = VERTEX_POINT ( 'NONE', #4826 ) ;
#5636 = VERTEX_POINT ( 'NONE', #693 ) ;
#5637 = EDGE_CURVE ( 'NONE', #5280, #5017, #5620, .T. ) ;
#5638 = CARTESIAN_POINT ( 'NONE',  ( -26.18677324489574332, -16.00000000000000355, 12.13478088060977100 ) ) ;
#5639 = ORIENTED_EDGE ( 'NONE', *, *, #5681, .F. ) ;
#5640 = DIRECTION ( 'NONE',  ( -1.000000000000000000, 0.000000000000000000, -6.938893903907226800E-15 ) ) ;
#5641 = CYLINDRICAL_SURFACE ( 'NONE', #1387, 0.7500000000000006661 ) ;
#5642 = FACE_OUTER_BOUND ( 'NONE', #3410, .T. ) ;
#5643 = CIRCLE ( 'NONE', #1884, 0.7500000000000006661 ) ;
#5644 = EDGE_CURVE ( 'NONE', #2092, #5946, #4861, .T. ) ;
#5645 = VERTEX_POINT ( 'NONE', #5731 ) ;
#5646 = CARTESIAN_POINT ( 'NONE',  ( -29.99999999999998579, 0.000000000000000000, -2.000000000000210054 ) ) ;
#5647 = DIRECTION ( 'NONE',  ( 0.000000000000000000, 0.000000000000000000, -1.000000000000000000 ) ) ;
#5648 = CARTESIAN_POINT ( 'NONE',  ( -21.24391888940467155, -15.39651549241415829, 20.01691870340352608 ) ) ;
#5649 = DIRECTION ( 'NONE',  ( 1.000000000000000000, 0.000000000000000000, 6.938893903907222067E-15 ) ) ;
#5650 = ORIENTED_EDGE ( 'NONE', *, *, #3388, .T. ) ;
#5651 = DIRECTION ( 'NONE',  ( 0.000000000000000000, 0.000000000000000000, -1.000000000000000000 ) ) ;
#5652 = ADVANCED_FACE ( 'NONE', ( #2244 ), #4092, .F. ) ;
#5653 = ORIENTED_EDGE ( 'NONE', *, *, #1648, .F. ) ;
#5654 = CARTESIAN_POINT ( 'NONE',  ( 28.99999999999999289, 8.000000000000007105, -2.499999999999571898 ) ) ;
#5655 = CARTESIAN_POINT ( 'NONE',  ( -22.13759665443980396, 13.80891001984685396, 14.99999999999984723 ) ) ;
#5656 = DIRECTION ( 'NONE',  ( 6.980527267330673326E-15, 1.387778780781445984E-17, -1.000000000000000000 ) ) ;
#5657 = FACE_BOUND ( 'NONE', #1812, .T. ) ;
#5658 = EDGE_LOOP ( 'NONE', ( #3880, #2519 ) ) ;
#5659 = ORIENTED_EDGE ( 'NONE', *, *, #2506, .T. ) ;
#5660 = CARTESIAN_POINT ( 'NONE',  ( 0.7088424218240451102, -21.54872663301043545, 24.98358647102979901 ) ) ;
#5661 = EDGE_CURVE ( 'NONE', #3829, #1937, #5892, .T. ) ;
#5662 = CARTESIAN_POINT ( 'NONE',  ( 30.99999999999999645, -7.500000000000007105, 2.220446049250313081E-13 ) ) ;
#5663 = FACE_OUTER_BOUND ( 'NONE', #1827, .T. ) ;
#5664 = PLANE ( 'NONE',  #3694 ) ;
#5665 = ORIENTED_EDGE ( 'NONE', *, *, #5385, .T. ) ;
#5666 = EDGE_CURVE ( 'NONE', #5793, #5404, #2940, .T. ) ;
#5667 = VERTEX_POINT ( 'NONE', #4965 ) ;
#5668 = ORIENTED_EDGE ( 'NONE', *, *, #3343, .T. ) ;
#5669 = FACE_OUTER_BOUND ( 'NONE', #2362, .T. ) ;
#5670 = ORIENTED_EDGE ( 'NONE', *, *, #4154, .F. ) ;
#5671 = CYLINDRICAL_SURFACE ( 'NONE', #2922, 2.499999999999998668 ) ;
#5672 = DIRECTION ( 'NONE',  ( -1.000000000000000000, 0.000000000000000000, 0.000000000000000000 ) ) ;
#5673 = CARTESIAN_POINT ( 'NONE',  ( 18.78923097942165299, -9.603137995718034503, 25.37281915611423955 ) ) ;
#5674 = ORIENTED_EDGE ( 'NONE', *, *, #3956, .F. ) ;
#5675 = DIRECTION ( 'NONE',  ( 0.000000000000000000, -1.000000000000000000, 0.000000000000000000 ) ) ;
#5676 = DIRECTION ( 'NONE',  ( -1.000000000000000000, 0.000000000000000000, -6.938893903907222067E-15 ) ) ;
#5677 = CARTESIAN_POINT ( 'NONE',  ( -28.99999999999999645, -12.50000000000001066, 3.000000000000002665 ) ) ;
#5678 = CARTESIAN_POINT ( 'NONE',  ( -22.55710778665648064, 14.83567207787799092, 18.97606912872059937 ) ) ;
#5679 = EDGE_CURVE ( 'NONE', #4288, #1364, #2669, .T. ) ;
#5680 = CARTESIAN_POINT ( 'NONE',  ( 17.50000000000000355, -2.561244371712105157E-14, 30.00000000000001421 ) ) ;
#5681 = EDGE_CURVE ( 'NONE', #3939, #2780, #3565, .T. ) ;
#5682 = VERTEX_POINT ( 'NONE', #5408 ) ;
#5683 = CARTESIAN_POINT ( 'NONE',  ( -21.59157983424702465, -17.51859172962853606, 17.77704366398131341 ) ) ;
#5684 = LINE ( 'NONE', #5200, #2933 ) ;
#5685 = CARTESIAN_POINT ( 'NONE',  ( 18.91121140223404851, 9.681347663087603195, 25.25218861071434873 ) ) ;
#5686 = CARTESIAN_POINT ( 'NONE',  ( 30.00000000000000000, 0.000000000000000000, 1.387778780781445676E-14 ) ) ;
#5687 = ORIENTED_EDGE ( 'NONE', *, *, #2924, .T. ) ;
#5688 = ORIENTED_EDGE ( 'NONE', *, *, #3789, .T. ) ;
#5689 = ADVANCED_FACE ( 'NONE', ( #5756 ), #1633, .T. ) ;
#5690 = DIRECTION ( 'NONE',  ( 0.000000000000000000, 1.000000000000000000, 0.000000000000000000 ) ) ;
#5691 = VECTOR ( 'NONE', #4458, 1000.000000000000000 ) ;
#5692 = LINE ( 'NONE', #2132, #5613 ) ;
#5693 = DIRECTION ( 'NONE',  ( 6.994405055138486205E-15, 1.387778780781445984E-17, -1.000000000000000000 ) ) ;
#5694 = LINE ( 'NONE', #663, #4732 ) ;
#5695 = VECTOR ( 'NONE', #268, 1000.000000000000000 ) ;
#5696 = DIRECTION ( 'NONE',  ( 1.000000000000000000, 0.000000000000000000, 0.000000000000000000 ) ) ;
#5697 = VERTEX_POINT ( 'NONE', #3600 ) ;
#5698 = ORIENTED_EDGE ( 'NONE', *, *, #2995, .T. ) ;
#5699 = EDGE_LOOP ( 'NONE', ( #2588, #385, #2239, #1069, #784, #1733, #3163, #4465 ) ) ;
#5700 = DIRECTION ( 'NONE',  ( 0.000000000000000000, 8.465450562766820593E-16, 1.000000000000000000 ) ) ;
#5701 = CIRCLE ( 'NONE', #3774, 0.7500000000000006661 ) ;
#5702 = VERTEX_POINT ( 'NONE', #3460 ) ;
#5703 = DIRECTION ( 'NONE',  ( 0.000000000000000000, 1.000000000000000000, 0.000000000000000000 ) ) ;
#5704 = LINE ( 'NONE', #4682, #4095 ) ;
#5705 = CARTESIAN_POINT ( 'NONE',  ( 18.91071882774864932, -9.681014874963981498, 25.25268462913245315 ) ) ;
#5706 = AXIS2_PLACEMENT_3D ( 'NONE', #1576, #640, #5185 ) ;
#5707 = VECTOR ( 'NONE', #1549, 1000.000000000000000 ) ;
#5708 = ORIENTED_EDGE ( 'NONE', *, *, #2736, .F. ) ;
#5709 = CARTESIAN_POINT ( 'NONE',  ( -26.17497816149256451, -15.75549331885098248, 12.47716541067593354 ) ) ;
#5710 = DIRECTION ( 'NONE',  ( -6.980527267330673326E-15, -1.387778780781445984E-17, 1.000000000000000000 ) ) ;
#5711 = CARTESIAN_POINT ( 'NONE',  ( 15.28963444396395488, 12.94008036081072888, 26.22713115907481907 ) ) ;
#5712 = AXIS2_PLACEMENT_3D ( 'NONE', #5789, #3465, #2680 ) ;
#5713 = PLANE ( 'NONE',  #684 ) ;
#5714 = DIRECTION ( 'NONE',  ( 0.000000000000000000, 0.000000000000000000, 1.000000000000000000 ) ) ;
#5715 = ADVANCED_FACE ( 'NONE', ( #728 ), #5470, .T. ) ;
#5716 = AXIS2_PLACEMENT_3D ( 'NONE', #1499, #589, #5082 ) ;
#5717 = APPROVAL ( #2338, '未' ) ;
#5718 = ORIENTED_EDGE ( 'NONE', *, *, #503, .T. ) ;
#5719 = CARTESIAN_POINT ( 'NONE',  ( -22.41868788032342508, -18.44750902325868225, 15.70248331762482863 ) ) ;
#5720 = DIRECTION ( 'NONE',  ( 6.980527267330673326E-15, 1.387778780781445984E-17, -1.000000000000000000 ) ) ;
#5721 = CARTESIAN_POINT ( 'NONE',  ( -24.02645306928885560, -18.00375772133821073, 13.70332231825238622 ) ) ;
#5722 = DIRECTION ( 'NONE',  ( 0.000000000000000000, 0.000000000000000000, -1.000000000000000000 ) ) ;
#5723 = ORIENTED_EDGE ( 'NONE', *, *, #1956, .T. ) ;
#5724 = AXIS2_PLACEMENT_3D ( 'NONE', #1458, #977, #1814 ) ;
#5725 = CARTESIAN_POINT ( 'NONE',  ( 26.08282585068285186, -13.66196135503688858, 14.91029540554437993 ) ) ;
#5726 = CARTESIAN_POINT ( 'NONE',  ( -28.99999999999999645, 7.999999999999979572, -4.499999999999573674 ) ) ;
#5727 = AXIS2_PLACEMENT_3D ( 'NONE', #3932, #3080, #5764 ) ;
#5728 = CARTESIAN_POINT ( 'NONE',  ( -19.91502058360529404, -12.39627825335809419, 23.21043387401232394 ) ) ;
#5729 = EDGE_CURVE ( 'NONE', #4317, #549, #1608, .T. ) ;
#5730 = CARTESIAN_POINT ( 'NONE',  ( 31.00000000000000000, 13.96424004376892114, 2.220446049250313081E-13 ) ) ;
#5731 = CARTESIAN_POINT ( 'NONE',  ( -16.50000000000018119, -11.75000000000000888, 26.05163142684146393 ) ) ;
#5732 = EDGE_LOOP ( 'NONE', ( #2111, #5670, #4863, #2302 ) ) ;
#5733 = ORIENTED_EDGE ( 'NONE', *, *, #1879, .T. ) ;
#5734 = EDGE_LOOP ( 'NONE', ( #2982, #3984, #19, #431, #2563 ) ) ;
#5735 = DIRECTION ( 'NONE',  ( 0.000000000000000000, 0.000000000000000000, 1.000000000000000000 ) ) ;
#5736 = EDGE_CURVE ( 'NONE', #361, #1975, #915, .T. ) ;
#5737 = FACE_OUTER_BOUND ( 'NONE', #5048, .T. ) ;
#5738 = DIRECTION ( 'NONE',  ( 2.636779683484747277E-16, 0.000000000000000000, -1.000000000000000000 ) ) ;
#5739 = CARTESIAN_POINT ( 'NONE',  ( 25.04830257789195258, -14.18254904685663043, 16.14356805116307569 ) ) ;
#5740 = ORIENTED_EDGE ( 'NONE', *, *, #3216, .T. ) ;
#5741 = CARTESIAN_POINT ( 'NONE',  ( -24.05125041000885489, -14.00074568976503642, 17.73586206894129447 ) ) ;
#5742 = CARTESIAN_POINT ( 'NONE',  ( 30.00000000000001776, -13.74772708486757189, -1.999999999999793499 ) ) ;
#5743 = CARTESIAN_POINT ( 'NONE',  ( 17.48119773328093984, 14.26088648406188675, 24.08558966321786698 ) ) ;
#5744 = CARTESIAN_POINT ( 'NONE',  ( 16.49999999999992895, 11.75000000000001066, 10.00000000000011369 ) ) ;
#5745 = CARTESIAN_POINT ( 'NONE',  ( 32.00000000000000000, 0.000000000000000000, 0.000000000000000000 ) ) ;
#5746 = ORIENTED_EDGE ( 'NONE', *, *, #2779, .F. ) ;
#5747 = CARTESIAN_POINT ( 'NONE',  ( -26.11047627222563250, -18.30500675775089192, 8.497039882706127756 ) ) ;
#5748 = LINE ( 'NONE', #2424, #2634 ) ;
#5749 = EDGE_CURVE ( 'NONE', #1876, #5345, #664, .T. ) ;
#5750 = CARTESIAN_POINT ( 'NONE',  ( -25.89120863779257675, -17.05180052781620859, 11.30899348554955353 ) ) ;
#5751 = DIRECTION ( 'NONE',  ( 6.980527267330673326E-15, 1.387778780781445984E-17, -1.000000000000000000 ) ) ;
#5752 = ORIENTED_EDGE ( 'NONE', *, *, #1515, .T. ) ;
#5753 = VERTEX_POINT ( 'NONE', #4626 ) ;
#5754 = CYLINDRICAL_SURFACE ( 'NONE', #3788, 0.7500000000000006661 ) ;
#5755 = LINE ( 'NONE', #1632, #3003 ) ;
#5756 = FACE_OUTER_BOUND ( 'NONE', #3975, .T. ) ;
#5757 = VERTEX_POINT ( 'NONE', #3177 ) ;
#5758 = ORIENTED_EDGE ( 'NONE', *, *, #1879, .F. ) ;
#5759 = EDGE_LOOP ( 'NONE', ( #1055, #3238, #2696, #4719 ) ) ;
#5760 = CARTESIAN_POINT ( 'NONE',  ( 16.49999999999896616, -11.75000000000089173, 26.05163142684187960 ) ) ;
#5761 = ADVANCED_FACE ( 'NONE', ( #3652 ), #5950, .T. ) ;
#5762 = AXIS2_PLACEMENT_3D ( 'NONE', #686, #3095, #3066 ) ;
#5763 = LINE ( 'NONE', #299, #1672 ) ;
#5764 = DIRECTION ( 'NONE',  ( 0.000000000000000000, 0.000000000000000000, -1.000000000000000000 ) ) ;
#5765 = EDGE_CURVE ( 'NONE', #2837, #2890, #3210, .T. ) ;
#5766 = ORIENTED_EDGE ( 'NONE', *, *, #2399, .T. ) ;
#5767 = CARTESIAN_POINT ( 'NONE',  ( -22.30383839649333311, -15.29986607026412493, 18.90759178047287392 ) ) ;
#5768 = CARTESIAN_POINT ( 'NONE',  ( 22.48013361204226612, -17.04911772189955954, 17.11777032042864022 ) ) ;
#5769 = CARTESIAN_POINT ( 'NONE',  ( 6.499999999999998224, -30.04579837514712182, 12.00000000000023270 ) ) ;
#5770 = CARTESIAN_POINT ( 'NONE',  ( 16.49999999999879563, -11.61173869472660769, 26.11399106606614140 ) ) ;
#5771 = CARTESIAN_POINT ( 'NONE',  ( -23.07767849924407599, 17.67664539154931447, 15.62517044012603051 ) ) ;
#5772 = ORIENTED_EDGE ( 'NONE', *, *, #5666, .F. ) ;
#5773 = CARTESIAN_POINT ( 'NONE',  ( -25.83600183967357111, -18.50809232237344304, 8.887155760642009739 ) ) ;
#5774 = CARTESIAN_POINT ( 'NONE',  ( 24.15033273060354091, -19.01497865018097144, 12.02767299455894268 ) ) ;
#5775 = CARTESIAN_POINT ( 'NONE',  ( 28.99999999999998224, -7.500000000000007105, 3.000000000000002665 ) ) ;
#5776 = DIRECTION ( 'NONE',  ( 6.980527267330673326E-15, 1.387778780781445984E-17, -1.000000000000000000 ) ) ;
#5777 = ORIENTED_EDGE ( 'NONE', *, *, #4137, .T. ) ;
#5778 = ORIENTED_EDGE ( 'NONE', *, *, #2995, .F. ) ;
#5779 = CARTESIAN_POINT ( 'NONE',  ( -17.50000000000007105, 11.74999999999998224, 9.999999999999884537 ) ) ;
#5780 = LINE ( 'NONE', #5813, #2225 ) ;
#5781 = CARTESIAN_POINT ( 'NONE',  ( -15.00000000000037659, 1.301042606982605321E-17, 53.99999999999990052 ) ) ;
#5782 = ORIENTED_EDGE ( 'NONE', *, *, #4364, .F. ) ;
#5783 = EDGE_LOOP ( 'NONE', ( #3522, #1828, #5370, #4922 ) ) ;
#5784 = ORIENTED_EDGE ( 'NONE', *, *, #3787, .T. ) ;
#5785 = AXIS2_PLACEMENT_3D ( 'NONE', #3119, #1811, #3676 ) ;
#5786 = CARTESIAN_POINT ( 'NONE',  ( 19.94396371519674460, 12.28812320066217545, 23.24336376539119087 ) ) ;
#5787 = AXIS2_PLACEMENT_3D ( 'NONE', #5941, #5004, #5093 ) ;
#5788 = ADVANCED_FACE ( 'NONE', ( #7 ), #5052, .F. ) ;
#5789 = CARTESIAN_POINT ( 'NONE',  ( 17.49999999999978328, -11.74999999999998224, 30.31288913245536065 ) ) ;
#5790 = DIRECTION ( 'NONE',  ( 0.000000000000000000, 1.000000000000000000, 0.000000000000000000 ) ) ;
#5791 = AXIS2_PLACEMENT_3D ( 'NONE', #4275, #1530, #5147 ) ;
#5792 = AXIS2_PLACEMENT_3D ( 'NONE', #3534, #3597, #432 ) ;
#5793 = VERTEX_POINT ( 'NONE', #464 ) ;
#5794 = CARTESIAN_POINT ( 'NONE',  ( -30.89518444143390141, 0.000000000000000000, -2.000000000000210054 ) ) ;
#5795 = CARTESIAN_POINT ( 'NONE',  ( 25.02503938224922919, -17.82159152200474139, 12.04931448893287715 ) ) ;
#5796 = CIRCLE ( 'NONE', #3196, 2.499999999999998668 ) ;
#5797 = ADVANCED_FACE ( 'NONE', ( #4235 ), #625, .T. ) ;
#5798 = CARTESIAN_POINT ( 'NONE',  ( -18.50000000000024158, -11.75000000000001066, 30.31288913245511907 ) ) ;
#5799 = VECTOR ( 'NONE', #4596, 1000.000000000000000 ) ;
#5800 = DIRECTION ( 'NONE',  ( -1.000000000000000000, 8.673617379884035472E-19, -6.994405055138486205E-15 ) ) ;
#5801 = AXIS2_PLACEMENT_3D ( 'NONE', #3832, #1541, #1154 ) ;
#5802 = VERTEX_POINT ( 'NONE', #1935 ) ;
#5803 = DIRECTION ( 'NONE',  ( 0.000000000000000000, 0.000000000000000000, 1.000000000000000000 ) ) ;
#5804 = AXIS2_PLACEMENT_3D ( 'NONE', #5566, #4130, #4556 ) ;
#5805 = CARTESIAN_POINT ( 'NONE',  ( 21.68230239462671705, -17.70019856499947508, 17.49454690838562954 ) ) ;
#5806 = CARTESIAN_POINT ( 'NONE',  ( -22.13759665443993896, -13.80891001984688238, 33.00100000000008293 ) ) ;
#5807 = CARTESIAN_POINT ( 'NONE',  ( -22.18677324489577884, -16.00000000000000711, 18.45933620094657002 ) ) ;
#5808 = CARTESIAN_POINT ( 'NONE',  ( -28.99999999999999645, 7.499999999999978684, -4.999999999999990230 ) ) ;
#5809 = ORIENTED_EDGE ( 'NONE', *, *, #44, .T. ) ;
#5810 = ORIENTED_EDGE ( 'NONE', *, *, #1436, .T. ) ;
#5811 = AXIS2_PLACEMENT_3D ( 'NONE', #3458, #292, #3434 ) ;
#5812 = CARTESIAN_POINT ( 'NONE',  ( -31.00000000000000000, -13.96424004376894956, -2.081668171172168513E-13 ) ) ;
#5813 = CARTESIAN_POINT ( 'NONE',  ( 28.99999999999999645, -12.00000000000001066, -4.499999999999573674 ) ) ;
#5814 = ORIENTED_EDGE ( 'NONE', *, *, #5543, .T. ) ;
#5815 = EDGE_LOOP ( 'NONE', ( #5220, #3853, #4375, #5071 ) ) ;
#5816 = ORIENTED_EDGE ( 'NONE', *, *, #3583, .T. ) ;
#5817 = DIRECTION ( 'NONE',  ( -1.000000000000000000, 8.673617379884035472E-19, -6.994405055138486205E-15 ) ) ;
#5818 = CIRCLE ( 'NONE', #4668, 3.799999999999999378 ) ;
#5819 = ORIENTED_EDGE ( 'NONE', *, *, #1924, .F. ) ;
#5820 = LINE ( 'NONE', #4977, #4268 ) ;
#5821 = CYLINDRICAL_SURFACE ( 'NONE', #1688, 1.000000000000000888 ) ;
#5822 = ADVANCED_FACE ( 'NONE', ( #3295 ), #552, .F. ) ;
#5823 = CIRCLE ( 'NONE', #5532, 0.7500000000000006661 ) ;
#5824 = ORIENTED_EDGE ( 'NONE', *, *, #5060, .T. ) ;
#5825 = CARTESIAN_POINT ( 'NONE',  ( 1.409462824231155764E-14, -2.775557561562891351E-14, -1.999999999999988010 ) ) ;
#5826 = DIRECTION ( 'NONE',  ( 1.000000000000000000, 0.000000000000000000, 0.000000000000000000 ) ) ;
#5827 = CARTESIAN_POINT ( 'NONE',  ( -20.00000000000017764, -11.75000000000001066, 23.47205785609759943 ) ) ;
#5828 = DIRECTION ( 'NONE',  ( -1.000000000000000000, 0.000000000000000000, -6.938893903907222067E-15 ) ) ;
#5829 = EDGE_CURVE ( 'NONE', #4469, #3068, #5823, .T. ) ;
#5830 = ORIENTED_EDGE ( 'NONE', *, *, #4066, .F. ) ;
#5831 = SPHERICAL_SURFACE ( 'NONE', #4165, 35.00000000000000000 ) ;
#5832 = CARTESIAN_POINT ( 'NONE',  ( 26.11938615819289566, -18.29756560546538324, 8.485671705542287668 ) ) ;
#5833 = CARTESIAN_POINT ( 'NONE',  ( 24.18677324489565095, -15.99999999999998579, 1.804112415015879378E-13 ) ) ;
#5834 = CARTESIAN_POINT ( 'NONE',  ( -22.27139094022216170, -16.59264478691363465, 17.82460552390928044 ) ) ;
#5835 = DIRECTION ( 'NONE',  ( 6.980527267330673326E-15, 1.387778780781445984E-17, -1.000000000000000000 ) ) ;
#5836 = ORIENTED_EDGE ( 'NONE', *, *, #1408, .F. ) ;
#5837 = ORIENTED_EDGE ( 'NONE', *, *, #339, .F. ) ;
#5838 = EDGE_CURVE ( 'NONE', #4383, #1400, #5104, .T. ) ;
#5839 = CARTESIAN_POINT ( 'NONE',  ( -15.01037586223947962, -12.01041897727159125, 26.82273454042928407 ) ) ;
#5840 = EDGE_CURVE ( 'NONE', #729, #20, #983, .T. ) ;
#5841 = CARTESIAN_POINT ( 'NONE',  ( -29.00000000000000000, -12.00000000000001066, -2.499999999999571898 ) ) ;
#5842 = ORIENTED_EDGE ( 'NONE', *, *, #4573, .T. ) ;
#5843 = CARTESIAN_POINT ( 'NONE',  ( 22.83150744060719717, -14.52607868939880831, 18.88719894670850508 ) ) ;
#5844 = VERTEX_POINT ( 'NONE', #5618 ) ;
#5845 = VERTEX_POINT ( 'NONE', #890 ) ;
#5846 = CARTESIAN_POINT ( 'NONE',  ( 19.99999999999983302, 11.74999999999997868, 23.47205785609789430 ) ) ;
#5847 = EDGE_CURVE ( 'NONE', #1044, #853, #3701, .T. ) ;
#5848 = EDGE_CURVE ( 'NONE', #379, #4590, #192, .T. ) ;
#5849 = DIRECTION ( 'NONE',  ( 0.000000000000000000, 0.000000000000000000, 1.000000000000000000 ) ) ;
#5850 = CARTESIAN_POINT ( 'NONE',  ( -28.99999999999999645, 7.499999999999978684, -4.999999999999990230 ) ) ;
#5851 = ORIENTED_EDGE ( 'NONE', *, *, #767, .F. ) ;
#5852 = VERTEX_POINT ( 'NONE', #5290 ) ;
#5853 = DIRECTION ( 'NONE',  ( -1.000000000000000000, 0.000000000000000000, -6.938893903907197612E-15 ) ) ;
#5854 = DIRECTION ( 'NONE',  ( 6.980527267330673326E-15, 1.387778780781445984E-17, -1.000000000000000000 ) ) ;
#5855 = DIRECTION ( 'NONE',  ( 0.000000000000000000, 1.000000000000000000, 0.000000000000000000 ) ) ;
#5856 = CARTESIAN_POINT ( 'NONE',  ( -26.03107027619943992, 16.77946233070628068, 11.39495789729351571 ) ) ;
#5857 = ORIENTED_EDGE ( 'NONE', *, *, #5612, .F. ) ;
#5858 = DIRECTION ( 'NONE',  ( 0.000000000000000000, 1.000000000000000000, -8.465450562766819607E-16 ) ) ;
#5859 = FACE_OUTER_BOUND ( 'NONE', #3162, .T. ) ;
#5860 = DIRECTION ( 'NONE',  ( 6.980527267330673326E-15, 1.387778780781445984E-17, -1.000000000000000000 ) ) ;
#5861 = EDGE_CURVE ( 'NONE', #4602, #3863, #270, .T. ) ;
#5862 = FACE_BOUND ( 'NONE', #1386, .T. ) ;
#5863 = EDGE_CURVE ( 'NONE', #1280, #4854, #2417, .T. ) ;
#5864 = CARTESIAN_POINT ( 'NONE',  ( -24.93677324489565805, 15.99999999999998579, -1.717792574851273710E-13 ) ) ;
#5865 = ORIENTED_EDGE ( 'NONE', *, *, #1855, .T. ) ;
#5866 = ORIENTED_EDGE ( 'NONE', *, *, #680, .T. ) ;
#5867 = CARTESIAN_POINT ( 'NONE',  ( 23.10837497958285169, -13.19360980952725804, 19.51935851181970349 ) ) ;
#5868 = CARTESIAN_POINT ( 'NONE',  ( -28.99999999999999645, 10.50000000000000888, -2.499999999999571898 ) ) ;
#5869 = FACE_OUTER_BOUND ( 'NONE', #2883, .T. ) ;
#5870 = VERTEX_POINT ( 'NONE', #5677 ) ;
#5871 = EDGE_CURVE ( 'NONE', #5017, #1432, #709, .T. ) ;
#5872 = CARTESIAN_POINT ( 'NONE',  ( 22.62057658780930325, -14.75187046293317650, 18.96584106222990584 ) ) ;
#5873 = VERTEX_POINT ( 'NONE', #5264 ) ;
#5874 = ORIENTED_EDGE ( 'NONE', *, *, #2317, .T. ) ;
#5875 = CARTESIAN_POINT ( 'NONE',  ( 27.18677324489564384, 16.17902644124547962, 9.393503763518893379 ) ) ;
#5876 = DIRECTION ( 'NONE',  ( -0.8439597323689256303, 0.5364065343932449270, -5.761016663718976361E-15 ) ) ;
#5877 = DIRECTION ( 'NONE',  ( -1.000000000000000000, 0.000000000000000000, 0.000000000000000000 ) ) ;
#5878 = VECTOR ( 'NONE', #5855, 1000.000000000000000 ) ;
#5879 = PRODUCT_DEFINITION_SHAPE ( 'NONE', 'NONE',  #3757 ) ;
#5880 = AXIS2_PLACEMENT_3D ( 'NONE', #1413, #5561, #1438 ) ;
#5881 = ORIENTED_EDGE ( 'NONE', *, *, #4109, .F. ) ;
#5882 = CARTESIAN_POINT ( 'NONE',  ( -21.33298685285006613, 15.07484961840027715, 33.00100000000008293 ) ) ;
#5883 = CARTESIAN_POINT ( 'NONE',  ( 22.90954322807404964, -17.55408512101273644, 16.00602358976795259 ) ) ;
#5884 = CARTESIAN_POINT ( 'NONE',  ( -19.91502058360528693, 12.39627825335812261, 23.21043387401232394 ) ) ;
#5885 = VECTOR ( 'NONE', #4825, 1000.000000000000000 ) ;
#5886 = LINE ( 'NONE', #3558, #5887 ) ;
#5887 = VECTOR ( 'NONE', #1761, 1000.000000000000000 ) ;
#5888 = ORIENTED_EDGE ( 'NONE', *, *, #3725, .T. ) ;
#5889 = CARTESIAN_POINT ( 'NONE',  ( 28.99999999999999289, 12.49999999999998401, 3.000000000000002665 ) ) ;
#5890 = CARTESIAN_POINT ( 'NONE',  ( 25.08958097987014213, -18.86625005102891706, 10.18318482827431382 ) ) ;
#5891 = CARTESIAN_POINT ( 'NONE',  ( 19.11041078201514765, 13.66221785191146232, 15.00000000000013856 ) ) ;
#5892 = LINE ( 'NONE', #2212, #5247 ) ;
#5893 = APPROVAL_PERSON_ORGANIZATION ( #4667, #5089, #4123 ) ;
#5894 = CARTESIAN_POINT ( 'NONE',  ( 2.168404344971008868E-16, 0.000000000000000000, 27.99999999999999645 ) ) ;
#5895 = EDGE_CURVE ( 'NONE', #31, #1262, #1085, .T. ) ;
#5896 = DIRECTION ( 'NONE',  ( -0.8439597323689256303, 0.5364065343932449270, -1.561251128379126077E-17 ) ) ;
#5897 = ORIENTED_EDGE ( 'NONE', *, *, #346, .F. ) ;
#5898 = PLANE ( 'NONE',  #4638 ) ;
#5899 = VECTOR ( 'NONE', #2467, 1000.000000000000000 ) ;
#5900 = CC_DESIGN_PERSON_AND_ORGANIZATION_ASSIGNMENT ( #3751, #2305, ( #3290 ) ) ;
#5901 = VECTOR ( 'NONE', #3841, 1000.000000000000000 ) ;
#5902 = CARTESIAN_POINT ( 'NONE',  ( -15.00000000000020073, -11.88079253252310430, 26.88618844170160926 ) ) ;
#5903 = CARTESIAN_POINT ( 'NONE',  ( 24.18677324489563318, 15.99999999999995914, 2.000000000000168310 ) ) ;
#5904 = PLANE ( 'NONE',  #3337 ) ;
#5905 = EDGE_LOOP ( 'NONE', ( #5252, #1063, #353, #5472 ) ) ;
#5906 = CIRCLE ( 'NONE', #2819, 0.7500000000000006661 ) ;
#5907 = VERTEX_POINT ( 'NONE', #254 ) ;
#5908 = CARTESIAN_POINT ( 'NONE',  ( 1.106004666544570891E-12, -19.39355563066157728, 26.70000000000845830 ) ) ;
#5909 = EDGE_CURVE ( 'NONE', #1280, #3698, #1137, .T. ) ;
#5910 = CIRCLE ( 'NONE', #2926, 0.7500000000000006661 ) ;
#5911 = EDGE_LOOP ( 'NONE', ( #1190, #5214, #5183, #5857 ) ) ;
#5912 = CARTESIAN_POINT ( 'NONE',  ( -15.00000000000020428, -11.75000000000001066, 26.94322734937286512 ) ) ;
#5913 = CARTESIAN_POINT ( 'NONE',  ( -29.00000000000000000, 0.000000000000000000, 0.000000000000000000 ) ) ;
#5914 = CARTESIAN_POINT ( 'NONE',  ( -30.00000000000000000, -7.500000000000007105, -4.999999999999990230 ) ) ;
#5915 = VECTOR ( 'NONE', #4748, 1000.000000000000000 ) ;
#5916 = EDGE_CURVE ( 'NONE', #4739, #5412, #127, .T. ) ;
#5917 = ORIENTED_EDGE ( 'NONE', *, *, #3204, .T. ) ;
#5918 = DIRECTION ( 'NONE',  ( 0.000000000000000000, 0.000000000000000000, -1.000000000000000000 ) ) ;
#5919 = VECTOR ( 'NONE', #109, 1000.000000000000000 ) ;
#5920 = ADVANCED_FACE ( 'NONE', ( #3385 ), #1521, .F. ) ;
#5921 = CARTESIAN_POINT ( 'NONE',  ( 23.50470215044848743, 14.11293190573293188, 18.36841021428660881 ) ) ;
#5922 = LINE ( 'NONE', #5463, #2407 ) ;
#5923 = ADVANCED_FACE ( 'NONE', ( #650 ), #2486, .T. ) ;
#5924 = ORIENTED_EDGE ( 'NONE', *, *, #763, .T. ) ;
#5925 = FACE_OUTER_BOUND ( 'NONE', #1032, .T. ) ;
#5926 = CARTESIAN_POINT ( 'NONE',  ( -22.00000000000002132, -7.500000000000007105, -1.526556658859590243E-13 ) ) ;
#5927 = CARTESIAN_POINT ( 'NONE',  ( -30.89518444143390141, 0.000000000000000000, -2.000000000000210054 ) ) ;
#5928 = DIRECTION ( 'NONE',  ( 1.000000000000000000, 0.000000000000000000, 0.000000000000000000 ) ) ;
#5929 = CARTESIAN_POINT ( 'NONE',  ( 26.18677324489558700, -15.99999999999995914, 12.13478088061019378 ) ) ;
#5930 = ORIENTED_EDGE ( 'NONE', *, *, #4780, .F. ) ;
#5931 = DIRECTION ( 'NONE',  ( -1.000000000000000000, 0.000000000000000000, -6.938893903907222067E-15 ) ) ;
#5932 = DIRECTION ( 'NONE',  ( 0.000000000000000000, 1.000000000000000000, 0.000000000000000000 ) ) ;
#5933 = CARTESIAN_POINT ( 'NONE',  ( -0.6862852270366648355, -1.079772634003745013, 0.000000000000000000 ) ) ;
#5934 = CARTESIAN_POINT ( 'NONE',  ( -28.99999999999999645, -9.499999999999980460, -4.499999999999573674 ) ) ;
#5935 = ORIENTED_EDGE ( 'NONE', *, *, #1214, .T. ) ;
#5936 = EDGE_LOOP ( 'NONE', ( #5569, #3959, #3687, #2451 ) ) ;
#5937 = CARTESIAN_POINT ( 'NONE',  ( 26.11047627222544776, 18.30500675775093100, 8.497039882706639347 ) ) ;
#5938 = CARTESIAN_POINT ( 'NONE',  ( -19.76035871207628247, -10.67123425837290540, 24.18032295361449613 ) ) ;
#5939 = DIRECTION ( 'NONE',  ( 0.9986295347545742773, -1.925929944387235853E-34, -0.05233595624293679166 ) ) ;
#5940 = EDGE_CURVE ( 'NONE', #4384, #5383, #3633, .T. ) ;
#5941 = CARTESIAN_POINT ( 'NONE',  ( -24.18677324489588187, -16.00000000000001421, 33.00100000000008293 ) ) ;
#5942 = ORIENTED_EDGE ( 'NONE', *, *, #950, .F. ) ;
#5943 = CARTESIAN_POINT ( 'NONE',  ( 29.99999999999999645, 10.50000000000000888, -2.499999999999571898 ) ) ;
#5944 = CARTESIAN_POINT ( 'NONE',  ( 24.29931272366000172, 13.99932034011227167, 17.39559601323362159 ) ) ;
#5945 = DIRECTION ( 'NONE',  ( -6.980527267330673326E-15, -1.387778780781445984E-17, 1.000000000000000000 ) ) ;
#5946 = VERTEX_POINT ( 'NONE', #5318 ) ;
#5947 = DIRECTION ( 'NONE',  ( 6.994405055138486205E-15, 1.387778780781445984E-17, -1.000000000000000000 ) ) ;
#5948 = CARTESIAN_POINT ( 'NONE',  ( 17.50000000000000000, -2.561244371712104526E-14, 35.00000000000000000 ) ) ;
#5949 = CARTESIAN_POINT ( 'NONE',  ( 30.89518444143392628, -2.775557561562891351E-14, -1.999999999999779732 ) ) ;
#5950 = PLANE ( 'NONE',  #4773 ) ;
#5951 = FACE_OUTER_BOUND ( 'NONE', #3484, .T. ) ;
#5952 = VERTEX_POINT ( 'NONE', #5769 ) ;
#5953 = PLANE ( 'NONE',  #884 ) ;
#5954 = CARTESIAN_POINT ( 'NONE',  ( -19.00321569633905483, -13.75249424044104885, 23.21136732482078102 ) ) ;
#5955 = PERSON_AND_ORGANIZATION ( #4717, #985 ) ;
#5956 = CARTESIAN_POINT ( 'NONE',  ( 19.99999999999983302, 11.74999999999997868, 23.47205785609789430 ) ) ;
#5957 = CARTESIAN_POINT ( 'NONE',  ( 22.18677324489552305, -16.00000000000001066, 18.45933620094687910 ) ) ;
#5958 = ORIENTED_EDGE ( 'NONE', *, *, #5523, .T. ) ;
#5959 = EDGE_LOOP ( 'NONE', ( #1261, #2935, #5042, #246 ) ) ;
#5960 = CARTESIAN_POINT ( 'NONE',  ( 21.18677324489551594, 15.99999999999998224, 19.59899587911024099 ) ) ;
#5961 = DIRECTION ( 'NONE',  ( 0.000000000000000000, 1.000000000000000000, 0.000000000000000000 ) ) ;
#5962 = FACE_OUTER_BOUND ( 'NONE', #2614, .T. ) ;
#5963 = DIRECTION ( 'NONE',  ( -1.000000000000000000, 8.673617379884035472E-19, -6.994405055138486205E-15 ) ) ;
#5964 = EDGE_CURVE ( 'NONE', #4993, #3811, #1183, .T. ) ;
#5965 = EDGE_CURVE ( 'NONE', #3352, #5682, #739, .T. ) ;
#5966 = CIRCLE ( 'NONE', #2217, 33.00000000000000000 ) ;
#5967 = ORIENTED_EDGE ( 'NONE', *, *, #2032, .F. ) ;
#5968 = CYLINDRICAL_SURFACE ( 'NONE', #1851, 7.499999999999999112 ) ;
#5969 = CARTESIAN_POINT ( 'NONE',  ( 26.00249012756176370, 15.13618962937927925, 13.56251046439532892 ) ) ;
#5970 = LINE ( 'NONE', #1359, #2699 ) ;
ENDSEC;
END-ISO-10303-21;
