ISO-10303-21;
HEADER;
FILE_DESCRIPTION (( 'STEP AP203' ),
    '1' );
FILE_NAME ('DIZUO.STEP',
    '2026-08-20T03:36:15',
    ( '' ),
    ( '' ),
    'SwSTEP 2.0',
    'SolidWorks 2026',
    '' );
FILE_SCHEMA (( 'CONFIG_CONTROL_DESIGN' ));
ENDSEC;

DATA;
#1 = EDGE_LOOP ( 'NONE', ( #2942, #3466, #1866, #5734, #1741, #572, #723, #4998 ) ) ;
#2 = VECTOR ( 'NONE', #3623, 1000.000000000000000 ) ;
#3 = ORIENTED_EDGE ( 'NONE', *, *, #5987, .T. ) ;
#4 = DIRECTION ( 'NONE',  ( -1.000000000000000000, 0.000000000000000000, 1.239088197126291063E-16 ) ) ;
#5 = CARTESIAN_POINT ( 'NONE',  ( 30.00000000000001776, 3.000000000000000000, -24.00000000000001066 ) ) ;
#6 = AXIS2_PLACEMENT_3D ( 'NONE', #6111, #270, #3804 ) ;
#7 = DIRECTION ( 'NONE',  ( 0.000000000000000000, 1.000000000000000000, -0.000000000000000000 ) ) ;
#8 = VECTOR ( 'NONE', #6059, 1000.000000000000000 ) ;
#9 = FACE_OUTER_BOUND ( 'NONE', #63, .T. ) ;
#10 = ADVANCED_FACE ( 'NONE', ( #4937 ), #630, .F. ) ;
#11 = ORIENTED_EDGE ( 'NONE', *, *, #2458, .F. ) ;
#12 = CYLINDRICAL_SURFACE ( 'NONE', #585, 3.000000000000000888 ) ;
#13 = ORIENTED_EDGE ( 'NONE', *, *, #3825, .F. ) ;
#14 = AXIS2_PLACEMENT_3D ( 'NONE', #3524, #2208, #1592 ) ;
#15 = CIRCLE ( 'NONE', #5822, 1.000000000000000888 ) ;
#16 = DIRECTION ( 'NONE',  ( -0.000000000000000000, 1.000000000000000000, -0.000000000000000000 ) ) ;
#17 = DIRECTION ( 'NONE',  ( 0.000000000000000000, -1.000000000000000000, 0.000000000000000000 ) ) ;
#18 = CIRCLE ( 'NONE', #2196, 3.000000000000009770 ) ;
#19 = LINE ( 'NONE', #2858, #3143 ) ;
#20 = LINE ( 'NONE', #4814, #1991 ) ;
#21 = AXIS2_PLACEMENT_3D ( 'NONE', #3447, #2446, #1046 ) ;
#22 = EDGE_LOOP ( 'NONE', ( #215, #854 ) ) ;
#23 = CIRCLE ( 'NONE', #1594, 1.000000000000000888 ) ;
#24 = ORIENTED_EDGE ( 'NONE', *, *, #2120, .F. ) ;
#25 = VERTEX_POINT ( 'NONE', #4098 ) ;
#26 = FACE_OUTER_BOUND ( 'NONE', #1221, .T. ) ;
#27 = VECTOR ( 'NONE', #1887, 1000.000000000000000 ) ;
#28 = DIRECTION ( 'NONE',  ( 1.000000000000000000, -0.000000000000000000, 0.000000000000000000 ) ) ;
#29 = CIRCLE ( 'NONE', #812, 4.999999999999997335 ) ;
#30 = CARTESIAN_POINT ( 'NONE',  ( -77.50000000000000000, 2.000000000000000000, -57.50000000000000711 ) ) ;
#31 = EDGE_CURVE ( 'NONE', #3631, #269, #484, .T. ) ;
#32 = CIRCLE ( 'NONE', #1387, 2.000000000000005329 ) ;
#33 = ORIENTED_EDGE ( 'NONE', *, *, #1289, .T. ) ;
#34 = DIRECTION ( 'NONE',  ( 0.000000000000000000, -0.000000000000000000, 1.000000000000000000 ) ) ;
#35 = LINE ( 'NONE', #5264, #898 ) ;
#36 = ORIENTED_EDGE ( 'NONE', *, *, #179, .F. ) ;
#37 = VERTEX_POINT ( 'NONE', #814 ) ;
#38 = ADVANCED_FACE ( 'NONE', ( #3672 ), #2233, .F. ) ;
#39 = CARTESIAN_POINT ( 'NONE',  ( 6.999999999999992006, 0.000000000000000000, 22.00000000000000000 ) ) ;
#40 = LINE ( 'NONE', #5698, #1892 ) ;
#41 = CARTESIAN_POINT ( 'NONE',  ( -9.999999999999987566, 2.000000000000000000, 45.49999999999998579 ) ) ;
#42 = CYLINDRICAL_SURFACE ( 'NONE', #3092, 5.000000000000004441 ) ;
#43 = ORIENTED_EDGE ( 'NONE', *, *, #680, .F. ) ;
#44 = DIRECTION ( 'NONE',  ( -0.000000000000000000, -1.000000000000000000, -0.000000000000000000 ) ) ;
#45 = ORIENTED_EDGE ( 'NONE', *, *, #3247, .F. ) ;
#46 = CARTESIAN_POINT ( 'NONE',  ( -9.000000000000000000, 5.000000000000000000, 12.99999999999999822 ) ) ;
#47 = PLANE ( 'NONE',  #1094 ) ;
#48 = EDGE_CURVE ( 'NONE', #5789, #5904, #1740, .T. ) ;
#49 = DIRECTION ( 'NONE',  ( 2.478176394252582127E-16, -0.000000000000000000, 1.000000000000000000 ) ) ;
#50 = DIRECTION ( 'NONE',  ( 0.000000000000000000, 1.000000000000000000, -0.000000000000000000 ) ) ;
#51 = ORIENTED_EDGE ( 'NONE', *, *, #4188, .F. ) ;
#52 = ORIENTED_EDGE ( 'NONE', *, *, #571, .T. ) ;
#53 = VERTEX_POINT ( 'NONE', #1241 ) ;
#54 = CARTESIAN_POINT ( 'NONE',  ( 30.00000000000001421, 8.500000000000000000, 39.49999999999999289 ) ) ;
#55 = CARTESIAN_POINT ( 'NONE',  ( -59.99999999999997158, 11.00000000000000178, -52.00000000000000711 ) ) ;
#56 = ADVANCED_FACE ( 'NONE', ( #4190 ), #4067, .T. ) ;
#57 = VERTEX_POINT ( 'NONE', #903 ) ;
#58 = CARTESIAN_POINT ( 'NONE',  ( -59.99999999999997158, -2.000000000000000000, -49.00000000000000000 ) ) ;
#59 = ORIENTED_EDGE ( 'NONE', *, *, #3329, .T. ) ;
#60 = CARTESIAN_POINT ( 'NONE',  ( -54.50000000000001421, 5.500000000000000000, -26.20000000000000284 ) ) ;
#61 = CARTESIAN_POINT ( 'NONE',  ( 7.000000000000011546, 17.00000000000000000, 42.49999999999999289 ) ) ;
#62 = ORIENTED_EDGE ( 'NONE', *, *, #5267, .F. ) ;
#63 = EDGE_LOOP ( 'NONE', ( #1815, #2585, #5475, #3545 ) ) ;
#64 = EDGE_CURVE ( 'NONE', #1820, #4737, #868, .T. ) ;
#65 = CARTESIAN_POINT ( 'NONE',  ( 8.000000000000024869, 1.734723475976807094E-15, 57.49999999999999289 ) ) ;
#66 = DIRECTION ( 'NONE',  ( -0.000000000000000000, 0.000000000000000000, 1.000000000000000000 ) ) ;
#67 = LINE ( 'NONE', #3473, #5530 ) ;
#68 = DIRECTION ( 'NONE',  ( 2.238352872228138170E-16, 0.000000000000000000, 1.000000000000000000 ) ) ;
#69 = EDGE_CURVE ( 'NONE', #4057, #4756, #4144, .T. ) ;
#70 = ORIENTED_EDGE ( 'NONE', *, *, #4226, .T. ) ;
#71 = ORIENTED_EDGE ( 'NONE', *, *, #3288, .T. ) ;
#72 = CARTESIAN_POINT ( 'NONE',  ( -59.99999999999997158, 9.000000000000001776, 39.99999999999999289 ) ) ;
#73 = DIRECTION ( 'NONE',  ( 0.000000000000000000, 1.000000000000000000, -0.000000000000000000 ) ) ;
#74 = DIRECTION ( 'NONE',  ( 0.000000000000000000, 0.000000000000000000, 1.000000000000000000 ) ) ;
#75 = DIRECTION ( 'NONE',  ( 0.000000000000000000, 0.000000000000000000, -1.000000000000000000 ) ) ;
#76 = EDGE_CURVE ( 'NONE', #4816, #4631, #4940, .T. ) ;
#77 = VERTEX_POINT ( 'NONE', #3134 ) ;
#78 = EDGE_CURVE ( 'NONE', #2190, #5070, #5608, .T. ) ;
#79 = ORIENTED_EDGE ( 'NONE', *, *, #4435, .T. ) ;
#80 = EDGE_LOOP ( 'NONE', ( #5306, #3417, #5765, #5656, #2401, #1147 ) ) ;
#81 = DIRECTION ( 'NONE',  ( -0.000000000000000000, -1.000000000000000000, -0.000000000000000000 ) ) ;
#82 = CARTESIAN_POINT ( 'NONE',  ( 56.50000000000000711, 2.000000000000000000, -24.00000000000000711 ) ) ;
#83 = AXIS2_PLACEMENT_3D ( 'NONE', #1083, #106, #1524 ) ;
#84 = ORIENTED_EDGE ( 'NONE', *, *, #2999, .F. ) ;
#85 = ADVANCED_FACE ( 'NONE', ( #5982 ), #3167, .F. ) ;
#86 = AXIS2_PLACEMENT_3D ( 'NONE', #1853, #2321, #1802 ) ;
#87 = CARTESIAN_POINT ( 'NONE',  ( -59.99999999999997158, 7.000000000000000888, 39.99999999999999289 ) ) ;
#88 = LINE ( 'NONE', #1511, #607 ) ;
#89 = VECTOR ( 'NONE', #3930, 1000.000000000000000 ) ;
#90 = APPROVAL_STATUS ( 'not_yet_approved' ) ;
#91 = VERTEX_POINT ( 'NONE', #2168 ) ;
#92 = ORIENTED_EDGE ( 'NONE', *, *, #3224, .T. ) ;
#93 = CARTESIAN_POINT ( 'NONE',  ( 77.50000000000002842, 2.000000000000000000, 39.99999999999987210 ) ) ;
#94 = CARTESIAN_POINT ( 'NONE',  ( 8.999999999999994671, 0.000000000000000000, 39.99999999999997868 ) ) ;
#95 = DIRECTION ( 'NONE',  ( 1.000000000000000000, 0.000000000000000000, -0.000000000000000000 ) ) ;
#96 = DIRECTION ( 'NONE',  ( 1.110223024625156383E-14, -1.000000000000000000, 0.000000000000000000 ) ) ;
#97 = VECTOR ( 'NONE', #5819, 1000.000000000000000 ) ;
#98 = CIRCLE ( 'NONE', #488, 2.999999999999999112 ) ;
#99 = ORIENTED_EDGE ( 'NONE', *, *, #437, .T. ) ;
#100 = ORIENTED_EDGE ( 'NONE', *, *, #916, .T. ) ;
#101 = DIRECTION ( 'NONE',  ( -1.000000000000000000, 0.000000000000000000, 0.000000000000000000 ) ) ;
#102 = AXIS2_PLACEMENT_3D ( 'NONE', #4301, #5269, #5672 ) ;
#103 = ADVANCED_FACE ( 'NONE', ( #5121 ), #4624, .F. ) ;
#104 = VECTOR ( 'NONE', #5470, 1000.000000000000000 ) ;
#105 = DIRECTION ( 'NONE',  ( 0.000000000000000000, 0.000000000000000000, 1.000000000000000000 ) ) ;
#106 = DIRECTION ( 'NONE',  ( -0.000000000000000000, -1.000000000000000000, -0.000000000000000000 ) ) ;
#107 = FACE_OUTER_BOUND ( 'NONE', #4232, .T. ) ;
#108 = AXIS2_PLACEMENT_3D ( 'NONE', #5254, #2494, #1530 ) ;
#109 = CIRCLE ( 'NONE', #3075, 4.000000000000003553 ) ;
#110 = ORIENTED_EDGE ( 'NONE', *, *, #635, .F. ) ;
#111 = ORIENTED_EDGE ( 'NONE', *, *, #5178, .F. ) ;
#112 = ORIENTED_EDGE ( 'NONE', *, *, #5987, .F. ) ;
#113 = CARTESIAN_POINT ( 'NONE',  ( 59.50000000000001421, 5.500000000000000000, -24.00000000000000711 ) ) ;
#114 = EDGE_CURVE ( 'NONE', #4182, #2096, #1376, .T. ) ;
#115 = DIRECTION ( 'NONE',  ( -1.000000000000000000, 0.000000000000000000, 3.182978855003317025E-17 ) ) ;
#116 = AXIS2_PLACEMENT_3D ( 'NONE', #3420, #1460, #4284 ) ;
#117 = CARTESIAN_POINT ( 'NONE',  ( 25.00000000000001066, 15.00000000000000178, 40.49999999999999289 ) ) ;
#118 = CC_DESIGN_DATE_AND_TIME_ASSIGNMENT ( #1063, #3375, ( #3028 ) ) ;
#119 = AXIS2_PLACEMENT_3D ( 'NONE', #4858, #612, #2500 ) ;
#120 = VERTEX_POINT ( 'NONE', #3205 ) ;
#121 = DIRECTION ( 'NONE',  ( 0.000000000000000000, 0.000000000000000000, 1.000000000000000000 ) ) ;
#122 = CIRCLE ( 'NONE', #1999, 3.000000000000002665 ) ;
#123 = ADVANCED_FACE ( 'NONE', ( #5094 ), #2673, .F. ) ;
#124 = AXIS2_PLACEMENT_3D ( 'NONE', #2121, #2052, #5899 ) ;
#125 = CARTESIAN_POINT ( 'NONE',  ( -8.999999999999994671, 0.000000000000000000, 39.99999999999997868 ) ) ;
#126 = AXIS2_PLACEMENT_3D ( 'NONE', #4990, #739, #4518 ) ;
#127 = ORIENTED_EDGE ( 'NONE', *, *, #2922, .F. ) ;
#128 = EDGE_LOOP ( 'NONE', ( #3479, #2399, #3933, #4313 ) ) ;
#129 = LINE ( 'NONE', #3899, #1182 ) ;
#130 = FACE_OUTER_BOUND ( 'NONE', #2317, .T. ) ;
#131 = DIRECTION ( 'NONE',  ( 1.000000000000000000, 0.000000000000000000, 0.000000000000000000 ) ) ;
#132 = CARTESIAN_POINT ( 'NONE',  ( 7.999999999999992895, -2.000000000000000000, 22.00000000000000000 ) ) ;
#133 = ORIENTED_EDGE ( 'NONE', *, *, #4193, .T. ) ;
#134 = VERTEX_POINT ( 'NONE', #4563 ) ;
#135 = DIRECTION ( 'NONE',  ( 1.000000000000000000, 0.000000000000000000, 0.000000000000000000 ) ) ;
#136 = DIRECTION ( 'NONE',  ( -0.000000000000000000, -1.000000000000000000, -0.000000000000000000 ) ) ;
#137 = CARTESIAN_POINT ( 'NONE',  ( 9.999999999999998224, 12.00000000000000000, 22.00000000000000000 ) ) ;
#138 = CARTESIAN_POINT ( 'NONE',  ( 56.50000000000000711, 3.000000000000000000, 6.999999999999980460 ) ) ;
#139 = EDGE_LOOP ( 'NONE', ( #2304, #1397, #2132, #5191 ) ) ;
#140 = EDGE_LOOP ( 'NONE', ( #4083, #2289, #3308, #1363, #616, #3673, #4688, #1261 ) ) ;
#141 = ORIENTED_EDGE ( 'NONE', *, *, #5979, .T. ) ;
#142 = DIRECTION ( 'NONE',  ( 0.000000000000000000, 0.000000000000000000, -1.000000000000000000 ) ) ;
#143 = EDGE_CURVE ( 'NONE', #1028, #2114, #4155, .T. ) ;
#144 = CARTESIAN_POINT ( 'NONE',  ( 54.50000000000000711, 3.000000000000000000, -24.00000000000001066 ) ) ;
#145 = CARTESIAN_POINT ( 'NONE',  ( -37.00000000000000000, 4.500000000000000888, -18.00000000000001066 ) ) ;
#146 = ADVANCED_FACE ( 'NONE', ( #3728 ), #2205, .F. ) ;
#147 = ORIENTED_EDGE ( 'NONE', *, *, #3713, .F. ) ;
#148 = DIRECTION ( 'NONE',  ( 0.000000000000000000, 0.000000000000000000, -1.000000000000000000 ) ) ;
#149 = CARTESIAN_POINT ( 'NONE',  ( 30.00000000000001421, 14.00000000000000178, 27.50000000000000000 ) ) ;
#150 = DIRECTION ( 'NONE',  ( -0.000000000000000000, -1.000000000000000000, -0.000000000000000000 ) ) ;
#151 = ORIENTED_EDGE ( 'NONE', *, *, #5673, .F. ) ;
#152 = ADVANCED_FACE ( 'NONE', ( #5583 ), #1335, .F. ) ;
#153 = CARTESIAN_POINT ( 'NONE',  ( 59.99999999999998579, 2.000000000000000000, -43.99999999999998579 ) ) ;
#154 = ORIENTED_EDGE ( 'NONE', *, *, #1007, .F. ) ;
#155 = DIRECTION ( 'NONE',  ( 0.000000000000000000, -1.000000000000000000, 0.000000000000000000 ) ) ;
#156 = CARTESIAN_POINT ( 'NONE',  ( -54.50000000000001421, 7.500000000000000000, -27.00000000000000355 ) ) ;
#157 = CARTESIAN_POINT ( 'NONE',  ( -8.000000000000000000, 5.000000000000000000, 22.00000000000000000 ) ) ;
#158 = DIRECTION ( 'NONE',  ( 0.000000000000000000, 0.000000000000000000, -1.000000000000000000 ) ) ;
#159 = ORIENTED_EDGE ( 'NONE', *, *, #2388, .F. ) ;
#160 = ADVANCED_FACE ( 'NONE', ( #5703 ), #4746, .T. ) ;
#161 = ORIENTED_EDGE ( 'NONE', *, *, #1077, .F. ) ;
#162 = FACE_OUTER_BOUND ( 'NONE', #1873, .T. ) ;
#163 = DIRECTION ( 'NONE',  ( 0.000000000000000000, 1.000000000000000000, 0.000000000000000000 ) ) ;
#164 = DIRECTION ( 'NONE',  ( 0.000000000000000000, 0.000000000000000000, -1.000000000000000000 ) ) ;
#165 = FACE_OUTER_BOUND ( 'NONE', #1109, .T. ) ;
#166 = VERTEX_POINT ( 'NONE', #1923 ) ;
#167 = DIRECTION ( 'NONE',  ( -0.000000000000000000, -1.000000000000000000, -0.000000000000000000 ) ) ;
#168 = EDGE_LOOP ( 'NONE', ( #2418, #4715, #2160, #4075 ) ) ;
#169 = CARTESIAN_POINT ( 'NONE',  ( -54.49999999999997868, 3.000000000000000000, -28.00000000000001066 ) ) ;
#170 = DIRECTION ( 'NONE',  ( 0.000000000000000000, -1.000000000000000000, 0.000000000000000000 ) ) ;
#171 = LINE ( 'NONE', #1095, #5715 ) ;
#172 = ADVANCED_FACE ( 'NONE', ( #3300 ), #4214, .F. ) ;
#173 = ORIENTED_EDGE ( 'NONE', *, *, #6039, .F. ) ;
#174 = CARTESIAN_POINT ( 'NONE',  ( -54.49999999999999289, 2.000000000000000000, 11.99999999999999645 ) ) ;
#175 = DIRECTION ( 'NONE',  ( 0.000000000000000000, 0.000000000000000000, 1.000000000000000000 ) ) ;
#176 = EDGE_CURVE ( 'NONE', #292, #526, #201, .T. ) ;
#177 = DIRECTION ( 'NONE',  ( 0.000000000000000000, -1.000000000000000000, 0.000000000000000000 ) ) ;
#178 =( NAMED_UNIT ( * ) PLANE_ANGLE_UNIT ( ) SI_UNIT ( $, .RADIAN. ) );
#179 = EDGE_CURVE ( 'NONE', #717, #4713, #5631, .T. ) ;
#180 = VECTOR ( 'NONE', #1998, 1000.000000000000000 ) ;
#181 = EDGE_LOOP ( 'NONE', ( #501, #70, #1179, #200 ) ) ;
#182 = LINE ( 'NONE', #2058, #1177 ) ;
#183 = VERTEX_POINT ( 'NONE', #930 ) ;
#184 = CYLINDRICAL_SURFACE ( 'NONE', #2868, 6.999999999999999112 ) ;
#185 = EDGE_CURVE ( 'NONE', #3580, #4817, #5846, .T. ) ;
#186 = CARTESIAN_POINT ( 'NONE',  ( -37.00000000000000000, 2.000000000000000000, -26.00000000000001066 ) ) ;
#187 = AXIS2_PLACEMENT_3D ( 'NONE', #5978, #2258, #1737 ) ;
#188 = CARTESIAN_POINT ( 'NONE',  ( 0.000000000000000000, 17.00000000000000000, 0.000000000000000000 ) ) ;
#189 = CARTESIAN_POINT ( 'NONE',  ( -7.999999999999996447, 7.000000000000000000, 25.00000000000000000 ) ) ;
#190 = EDGE_LOOP ( 'NONE', ( #198, #3539 ) ) ;
#191 = ORIENTED_EDGE ( 'NONE', *, *, #754, .F. ) ;
#192 = CARTESIAN_POINT ( 'NONE',  ( 59.99999999999997158, -2.000000000000000000, 32.99999999999998579 ) ) ;
#193 = DIRECTION ( 'NONE',  ( 0.000000000000000000, -1.000000000000000000, 0.000000000000000000 ) ) ;
#194 = VECTOR ( 'NONE', #314, 1000.000000000000000 ) ;
#195 = CARTESIAN_POINT ( 'NONE',  ( -54.49999999999999289, 2.000000000000000000, 11.99999999999999645 ) ) ;
#196 = EDGE_CURVE ( 'NONE', #4020, #5452, #5829, .T. ) ;
#197 = DIRECTION ( 'NONE',  ( 0.000000000000000000, 0.000000000000000000, -1.000000000000000000 ) ) ;
#198 = ORIENTED_EDGE ( 'NONE', *, *, #5257, .F. ) ;
#199 = ORIENTED_EDGE ( 'NONE', *, *, #6074, .T. ) ;
#200 = ORIENTED_EDGE ( 'NONE', *, *, #4426, .T. ) ;
#201 = CIRCLE ( 'NONE', #1074, 5.000000000000004441 ) ;
#202 = FACE_OUTER_BOUND ( 'NONE', #5194, .T. ) ;
#203 = DIRECTION ( 'NONE',  ( 0.000000000000000000, -1.000000000000000000, 0.000000000000000000 ) ) ;
#204 = CARTESIAN_POINT ( 'NONE',  ( 59.99999999999997158, 0.000000000000000000, 34.99999999999999289 ) ) ;
#205 = VECTOR ( 'NONE', #751, 1000.000000000000000 ) ;
#206 = VECTOR ( 'NONE', #5596, 1000.000000000000000 ) ;
#207 = ORIENTED_EDGE ( 'NONE', *, *, #974, .F. ) ;
#208 = CARTESIAN_POINT ( 'NONE',  ( -9.999999999999992895, 15.75735931288071434, 27.50000000000000000 ) ) ;
#209 = DIRECTION ( 'NONE',  ( 0.000000000000000000, -1.000000000000000000, 0.000000000000000000 ) ) ;
#210 = VECTOR ( 'NONE', #325, 1000.000000000000000 ) ;
#211 = AXIS2_PLACEMENT_3D ( 'NONE', #1259, #3196, #6030 ) ;
#212 = CYLINDRICAL_SURFACE ( 'NONE', #217, 5.000000000000004441 ) ;
#213 = APPROVAL_ROLE ( '' ) ;
#214 = VECTOR ( 'NONE', #3575, 1000.000000000000000 ) ;
#215 = ORIENTED_EDGE ( 'NONE', *, *, #5110, .T. ) ;
#216 = CARTESIAN_POINT ( 'NONE',  ( 9.000000000000001776, 5.000000000000000000, 8.999999999999994671 ) ) ;
#217 = AXIS2_PLACEMENT_3D ( 'NONE', #1631, #4449, #2095 ) ;
#218 = ORIENTED_EDGE ( 'NONE', *, *, #5112, .F. ) ;
#219 = CARTESIAN_POINT ( 'NONE',  ( 59.99999999999997158, 2.000000000000000000, 34.99999999999999289 ) ) ;
#220 = AXIS2_PLACEMENT_3D ( 'NONE', #5852, #4959, #712 ) ;
#221 = DIRECTION ( 'NONE',  ( 0.000000000000000000, 1.000000000000000000, 0.000000000000000000 ) ) ;
#222 = DIRECTION ( 'NONE',  ( 0.000000000000000000, 0.000000000000000000, -1.000000000000000000 ) ) ;
#223 = FACE_OUTER_BOUND ( 'NONE', #2426, .T. ) ;
#224 = EDGE_CURVE ( 'NONE', #2451, #730, #392, .T. ) ;
#225 = ORIENTED_EDGE ( 'NONE', *, *, #3660, .T. ) ;
#226 = ORIENTED_EDGE ( 'NONE', *, *, #6007, .F. ) ;
#227 = CARTESIAN_POINT ( 'NONE',  ( 30.00000000000001421, 4.000000000000000000, 33.50000000000000000 ) ) ;
#228 = DIRECTION ( 'NONE',  ( 0.000000000000000000, 0.000000000000000000, 1.000000000000000000 ) ) ;
#229 = LINE ( 'NONE', #5863, #2250 ) ;
#230 = FACE_OUTER_BOUND ( 'NONE', #1, .T. ) ;
#231 = EDGE_LOOP ( 'NONE', ( #6089, #5324, #3317, #5510, #4380, #4526 ) ) ;
#232 = VERTEX_POINT ( 'NONE', #4393 ) ;
#233 = ORIENTED_EDGE ( 'NONE', *, *, #4832, .T. ) ;
#234 = EDGE_CURVE ( 'NONE', #244, #4300, #1429, .T. ) ;
#235 = DIRECTION ( 'NONE',  ( 0.000000000000000000, 0.000000000000000000, -1.000000000000000000 ) ) ;
#236 = FACE_BOUND ( 'NONE', #4033, .T. ) ;
#237 = DIRECTION ( 'NONE',  ( 0.000000000000000000, -1.000000000000000000, 0.000000000000000000 ) ) ;
#238 = ORIENTED_EDGE ( 'NONE', *, *, #3185, .F. ) ;
#239 = CARTESIAN_POINT ( 'NONE',  ( 8.000000000000024869, 10.00000000000000000, 55.49999999999999289 ) ) ;
#240 = EDGE_CURVE ( 'NONE', #25, #1466, #466, .T. ) ;
#241 = DIRECTION ( 'NONE',  ( 0.000000000000000000, 1.000000000000000000, 0.000000000000000000 ) ) ;
#242 = FACE_OUTER_BOUND ( 'NONE', #181, .T. ) ;
#243 = PLANE ( 'NONE',  #1281 ) ;
#244 = VERTEX_POINT ( 'NONE', #2531 ) ;
#245 = PLANE ( 'NONE',  #4749 ) ;
#246 = DIRECTION ( 'NONE',  ( 0.000000000000000000, 1.000000000000000000, 0.000000000000000000 ) ) ;
#247 = CARTESIAN_POINT ( 'NONE',  ( 59.99999999999997158, -2.000000000000000000, 45.00000000000000000 ) ) ;
#248 = DIRECTION ( 'NONE',  ( 0.000000000000000000, 0.000000000000000000, -1.000000000000000000 ) ) ;
#249 = ADVANCED_FACE ( 'NONE', ( #3818 ), #12, .T. ) ;
#250 = ORIENTED_EDGE ( 'NONE', *, *, #2538, .F. ) ;
#251 = ORIENTED_EDGE ( 'NONE', *, *, #4654, .F. ) ;
#252 = CARTESIAN_POINT ( 'NONE',  ( 59.99999999999998579, 9.000000000000001776, -48.99999999999998579 ) ) ;
#253 = CARTESIAN_POINT ( 'NONE',  ( 56.69999999999998153, 7.500000000000000000, 6.999999999999995559 ) ) ;
#254 = EDGE_CURVE ( 'NONE', #3979, #1935, #988, .T. ) ;
#255 = CARTESIAN_POINT ( 'NONE',  ( 8.999999999999996447, 10.00000000000000000, 12.99999999999999822 ) ) ;
#256 = DIRECTION ( 'NONE',  ( -0.000000000000000000, -1.000000000000000000, -0.000000000000000000 ) ) ;
#257 = ORIENTED_EDGE ( 'NONE', *, *, #1646, .T. ) ;
#258 = EDGE_LOOP ( 'NONE', ( #3986, #1438, #608, #2000, #2199, #5140, #357, #1670 ) ) ;
#259 = VERTEX_POINT ( 'NONE', #2352 ) ;
#260 = CARTESIAN_POINT ( 'NONE',  ( 56.50000000000000711, 2.000000000000000000, 6.999999999999992006 ) ) ;
#261 = CARTESIAN_POINT ( 'NONE',  ( 59.50000000000001421, 2.000000000000000000, -24.00000000000000711 ) ) ;
#262 = CARTESIAN_POINT ( 'NONE',  ( 37.00000000000000000, 4.500000000000000888, -18.00000000000001066 ) ) ;
#263 = VERTEX_POINT ( 'NONE', #3792 ) ;
#264 = CARTESIAN_POINT ( 'NONE',  ( -9.999999999999989342, 2.000000000000000000, 27.50000000000000000 ) ) ;
#265 = LINE ( 'NONE', #5837, #3271 ) ;
#266 = DIRECTION ( 'NONE',  ( -2.891205793294676354E-16, 0.000000000000000000, -1.000000000000000000 ) ) ;
#267 = EDGE_CURVE ( 'NONE', #3126, #1248, #5383, .T. ) ;
#268 = DIRECTION ( 'NONE',  ( -1.000000000000000000, 0.000000000000000000, -0.000000000000000000 ) ) ;
#269 = VERTEX_POINT ( 'NONE', #5679 ) ;
#270 = DIRECTION ( 'NONE',  ( 0.000000000000000000, -0.000000000000000000, 1.000000000000000000 ) ) ;
#271 = CARTESIAN_POINT ( 'NONE',  ( 59.99999999999997158, 7.000000000000000888, 39.99999999999999289 ) ) ;
#272 = DIRECTION ( 'NONE',  ( -0.000000000000000000, -1.000000000000000000, -0.000000000000000000 ) ) ;
#273 = AXIS2_PLACEMENT_3D ( 'NONE', #3174, #4073, #5467 ) ;
#274 = CARTESIAN_POINT ( 'NONE',  ( 59.99999999999997158, 7.000000000000000888, 35.99999999999999289 ) ) ;
#275 = ORIENTED_EDGE ( 'NONE', *, *, #1463, .T. ) ;
#276 = EDGE_LOOP ( 'NONE', ( #924, #3868, #2700, #5281, #389, #3833, #1051, #2563, #2834, #2254, #2973, #4592 ) ) ;
#277 = VECTOR ( 'NONE', #4595, 1000.000000000000000 ) ;
#278 = DIRECTION ( 'NONE',  ( 1.000000000000000000, 0.000000000000000000, -0.000000000000000000 ) ) ;
#279 = DIRECTION ( 'NONE',  ( 1.000000000000000000, 0.000000000000000000, 0.000000000000000000 ) ) ;
#280 = DIRECTION ( 'NONE',  ( -2.891205793294676354E-16, -0.000000000000000000, -1.000000000000000000 ) ) ;
#281 = DIRECTION ( 'NONE',  ( 1.000000000000000000, 0.000000000000000000, 0.000000000000000000 ) ) ;
#282 = VECTOR ( 'NONE', #4961, 1000.000000000000000 ) ;
#283 = ORIENTED_EDGE ( 'NONE', *, *, #3382, .T. ) ;
#284 = EDGE_CURVE ( 'NONE', #134, #3398, #3325, .T. ) ;
#285 = DIRECTION ( 'NONE',  ( 0.000000000000000000, 0.000000000000000000, 1.000000000000000000 ) ) ;
#286 = ORIENTED_EDGE ( 'NONE', *, *, #2346, .F. ) ;
#287 = PLANE ( 'NONE',  #5036 ) ;
#288 = DIRECTION ( 'NONE',  ( -0.000000000000000000, 1.000000000000000000, -0.000000000000000000 ) ) ;
#289 = DIRECTION ( 'NONE',  ( 0.000000000000000000, 0.000000000000000000, -1.000000000000000000 ) ) ;
#290 = CIRCLE ( 'NONE', #3948, 2.200000000000000622 ) ;
#291 = VECTOR ( 'NONE', #2892, 1000.000000000000000 ) ;
#292 = VERTEX_POINT ( 'NONE', #153 ) ;
#293 = CARTESIAN_POINT ( 'NONE',  ( -8.999999999999998224, 0.000000000000000000, 19.99999999999999645 ) ) ;
#294 = EDGE_CURVE ( 'NONE', #5286, #4808, #454, .T. ) ;
#295 = DIRECTION ( 'NONE',  ( 0.000000000000000000, 1.000000000000000000, 0.000000000000000000 ) ) ;
#296 = AXIS2_PLACEMENT_3D ( 'NONE', #5620, #1698, #3772 ) ;
#297 = VECTOR ( 'NONE', #1191, 1000.000000000000000 ) ;
#298 = DIRECTION ( 'NONE',  ( 1.000000000000000000, 0.000000000000000000, 0.000000000000000000 ) ) ;
#299 = CIRCLE ( 'NONE', #1187, 6.999999999999999112 ) ;
#300 = AXIS2_PLACEMENT_3D ( 'NONE', #3020, #2140, #3549 ) ;
#301 = DIRECTION ( 'NONE',  ( -0.000000000000000000, 1.000000000000000000, -0.000000000000000000 ) ) ;
#302 = EDGE_LOOP ( 'NONE', ( #1946, #1300 ) ) ;
#303 = DIRECTION ( 'NONE',  ( 0.000000000000000000, -1.000000000000000000, 0.000000000000000000 ) ) ;
#304 = EDGE_CURVE ( 'NONE', #1576, #2451, #182, .T. ) ;
#305 = AXIS2_PLACEMENT_3D ( 'NONE', #2508, #4399, #158 ) ;
#306 = FACE_OUTER_BOUND ( 'NONE', #765, .T. ) ;
#307 = VECTOR ( 'NONE', #3394, 1000.000000000000000 ) ;
#308 = CARTESIAN_POINT ( 'NONE',  ( -36.99999999999999289, 3.000000000000000000, -26.00000000000001066 ) ) ;
#309 = CARTESIAN_POINT ( 'NONE',  ( 6.999999999999999112, 14.00000000000000178, -2.023844055306275469E-15 ) ) ;
#310 = ORGANIZATION ( '未', '未', '' ) ;
#311 = EDGE_LOOP ( 'NONE', ( #4844, #4134 ) ) ;
#312 = ORIENTED_EDGE ( 'NONE', *, *, #2654, .T. ) ;
#313 = AXIS2_PLACEMENT_3D ( 'NONE', #3439, #2100, #1137 ) ;
#314 = DIRECTION ( 'NONE',  ( -0.000000000000000000, -1.000000000000000000, -0.000000000000000000 ) ) ;
#315 = ADVANCED_FACE ( 'NONE', ( #3560 ), #2125, .F. ) ;
#316 = LINE ( 'NONE', #2201, #1792 ) ;
#317 = AXIS2_PLACEMENT_3D ( 'NONE', #5953, #3702, #3636 ) ;
#318 = CARTESIAN_POINT ( 'NONE',  ( -9.999999999999992895, 14.00000000000000178, 27.50000000000000000 ) ) ;
#319 = CIRCLE ( 'NONE', #4972, 2.000000000000000000 ) ;
#320 = ADVANCED_FACE ( 'NONE', ( #2628 ), #4046, .T. ) ;
#321 = VERTEX_POINT ( 'NONE', #216 ) ;
#322 = AXIS2_PLACEMENT_3D ( 'NONE', #5628, #5599, #4206 ) ;
#323 = DIRECTION ( 'NONE',  ( 0.000000000000000000, -1.000000000000000000, 0.000000000000000000 ) ) ;
#324 = ORIENTED_EDGE ( 'NONE', *, *, #2056, .T. ) ;
#325 = DIRECTION ( 'NONE',  ( -0.000000000000000000, -1.000000000000000000, -0.000000000000000000 ) ) ;
#326 = CYLINDRICAL_SURFACE ( 'NONE', #14, 2.999999999999998224 ) ;
#327 = FACE_OUTER_BOUND ( 'NONE', #698, .T. ) ;
#328 = ORIENTED_EDGE ( 'NONE', *, *, #2411, .F. ) ;
#329 = DIRECTION ( 'NONE',  ( 0.000000000000000000, 0.000000000000000000, -1.000000000000000000 ) ) ;
#330 = ORIENTED_EDGE ( 'NONE', *, *, #776, .F. ) ;
#331 = EDGE_CURVE ( 'NONE', #3039, #4486, #2656, .T. ) ;
#332 = CARTESIAN_POINT ( 'NONE',  ( 10.99999999999999822, 12.00000000000000000, 12.99999999999999467 ) ) ;
#333 = MANIFOLD_SOLID_BREP ( '\X2\52079664\X0\-\X2\62c94f38\X0\8', #4149 ) ;
#334 = CARTESIAN_POINT ( 'NONE',  ( 59.99999999999997158, 7.000000000000000888, 40.99999999999999289 ) ) ;
#335 = ADVANCED_FACE ( 'NONE', ( #5994 ), #5010, .F. ) ;
#336 = LINE ( 'NONE', #2218, #882 ) ;
#337 = VERTEX_POINT ( 'NONE', #2151 ) ;
#338 = DIRECTION ( 'NONE',  ( 2.238352872228141129E-16, 0.000000000000000000, 1.000000000000000000 ) ) ;
#339 = CARTESIAN_POINT ( 'NONE',  ( 59.99999999999998579, 12.00000000000000000, -44.99999999999998579 ) ) ;
#340 = DIRECTION ( 'NONE',  ( 0.000000000000000000, 0.000000000000000000, 1.000000000000000000 ) ) ;
#341 = DIRECTION ( 'NONE',  ( -2.602085213965208275E-15, 0.000000000000000000, 1.000000000000000000 ) ) ;
#342 = EDGE_CURVE ( 'NONE', #5597, #1308, #336, .T. ) ;
#343 = ORIENTED_EDGE ( 'NONE', *, *, #2827, .F. ) ;
#344 = ORIENTED_EDGE ( 'NONE', *, *, #2458, .T. ) ;
#345 = DIRECTION ( 'NONE',  ( 1.000000000000000000, 0.000000000000000000, 0.000000000000000000 ) ) ;
#346 = DIRECTION ( 'NONE',  ( -0.000000000000000000, 1.000000000000000000, -0.000000000000000000 ) ) ;
#347 = LINE ( 'NONE', #255, #2853 ) ;
#348 = DIRECTION ( 'NONE',  ( -1.000000000000000000, 0.000000000000000000, -0.000000000000000000 ) ) ;
#349 = EDGE_CURVE ( 'NONE', #646, #5128, #4487, .T. ) ;
#350 = VERTEX_POINT ( 'NONE', #5410 ) ;
#351 = DIRECTION ( 'NONE',  ( 0.000000000000000000, 0.000000000000000000, 1.000000000000000000 ) ) ;
#352 = EDGE_LOOP ( 'NONE', ( #4118, #5463, #2709, #5273 ) ) ;
#353 = FACE_OUTER_BOUND ( 'NONE', #844, .T. ) ;
#354 = LINE ( 'NONE', #5985, #4561 ) ;
#355 = CARTESIAN_POINT ( 'NONE',  ( -59.50000000000000000, 5.500000000000000000, -24.00000000000000711 ) ) ;
#356 = ORIENTED_EDGE ( 'NONE', *, *, #2370, .F. ) ;
#357 = ORIENTED_EDGE ( 'NONE', *, *, #1270, .F. ) ;
#358 = DIRECTION ( 'NONE',  ( 1.000000000000000000, -0.000000000000000000, -0.000000000000000000 ) ) ;
#359 = VERTEX_POINT ( 'NONE', #1661 ) ;
#360 = CARTESIAN_POINT ( 'NONE',  ( -59.99999999999997158, 11.00000000000000178, 39.99999999999999289 ) ) ;
#361 = EDGE_CURVE ( 'NONE', #3960, #3391, #4110, .T. ) ;
#362 = CYLINDRICAL_SURFACE ( 'NONE', #6032, 2.999999999999999112 ) ;
#363 = ADVANCED_FACE ( 'NONE', ( #3095 ), #5040, .F. ) ;
#364 = ORIENTED_EDGE ( 'NONE', *, *, #890, .T. ) ;
#365 = ADVANCED_FACE ( 'NONE', ( #2188 ), #243, .F. ) ;
#366 = PLANE ( 'NONE',  #3291 ) ;
#367 = EDGE_CURVE ( 'NONE', #1760, #1318, #3653, .T. ) ;
#368 = CARTESIAN_POINT ( 'NONE',  ( 10.99999999999999822, 12.00000000000000000, 23.00000000000000000 ) ) ;
#369 = LINE ( 'NONE', #1206, #1106 ) ;
#370 = ORIENTED_EDGE ( 'NONE', *, *, #855, .F. ) ;
#371 = ORIENTED_EDGE ( 'NONE', *, *, #2891, .F. ) ;
#372 = ADVANCED_FACE ( 'NONE', ( #1724 ), #4583, .T. ) ;
#373 = DIRECTION ( 'NONE',  ( 1.000000000000000000, 0.000000000000000000, 0.000000000000000000 ) ) ;
#374 = FACE_OUTER_BOUND ( 'NONE', #1037, .T. ) ;
#375 = CIRCLE ( 'NONE', #4227, 1.000000000000000888 ) ;
#376 = CARTESIAN_POINT ( 'NONE',  ( -9.999999999999987566, 2.000000000000000000, 57.49999999999999289 ) ) ;
#377 = DIRECTION ( 'NONE',  ( 1.239088197126291063E-16, 0.000000000000000000, 1.000000000000000000 ) ) ;
#378 = EDGE_LOOP ( 'NONE', ( #3081, #5251, #3807, #4372 ) ) ;
#379 = CARTESIAN_POINT ( 'NONE',  ( -59.99999999999997158, -2.000000000000000000, 39.99999999999999289 ) ) ;
#380 = ORIENTED_EDGE ( 'NONE', *, *, #4525, .T. ) ;
#381 = CARTESIAN_POINT ( 'NONE',  ( 59.99999999999998579, 0.000000000000000000, -41.99999999999997868 ) ) ;
#382 = CARTESIAN_POINT ( 'NONE',  ( -54.50000000000000000, 5.500000000000000000, -29.00000000000000711 ) ) ;
#383 = EDGE_CURVE ( 'NONE', #1133, #4199, #98, .T. ) ;
#384 = CARTESIAN_POINT ( 'NONE',  ( -5.999999999999986677, 10.00000000000000000, 55.49999999999999289 ) ) ;
#385 = EDGE_LOOP ( 'NONE', ( #3397, #1604, #4394, #1076 ) ) ;
#386 = ORIENTED_EDGE ( 'NONE', *, *, #5809, .F. ) ;
#387 = EDGE_CURVE ( 'NONE', #521, #4842, #2097, .T. ) ;
#388 = LINE ( 'NONE', #423, #1404 ) ;
#389 = ORIENTED_EDGE ( 'NONE', *, *, #6088, .F. ) ;
#390 = LINE ( 'NONE', #3714, #591 ) ;
#391 = AXIS2_PLACEMENT_3D ( 'NONE', #1022, #958, #4245 ) ;
#392 = CIRCLE ( 'NONE', #6027, 6.999999999999999112 ) ;
#393 = CARTESIAN_POINT ( 'NONE',  ( -11.00000000000000178, 12.00000000000000000, 23.00000000000000000 ) ) ;
#394 = VERTEX_POINT ( 'NONE', #4513 ) ;
#395 = AXIS2_PLACEMENT_3D ( 'NONE', #1727, #5660, #1255 ) ;
#396 = AXIS2_PLACEMENT_3D ( 'NONE', #360, #3241, #941 ) ;
#397 = DIRECTION ( 'NONE',  ( 0.000000000000000000, 0.000000000000000000, 1.000000000000000000 ) ) ;
#398 = CARTESIAN_POINT ( 'NONE',  ( 6.000000000000023981, 10.00000000000000000, 55.49999999999999289 ) ) ;
#399 = CIRCLE ( 'NONE', #4658, 5.000000000000004441 ) ;
#400 = ORIENTED_EDGE ( 'NONE', *, *, #2684, .F. ) ;
#401 = VERTEX_POINT ( 'NONE', #5473 ) ;
#402 = ADVANCED_FACE ( 'NONE', ( #1634 ), #3532, .F. ) ;
#403 = CARTESIAN_POINT ( 'NONE',  ( -7.999999999999996447, 7.000000000000000000, 25.00000000000000000 ) ) ;
#404 = VECTOR ( 'NONE', #3484, 1000.000000000000000 ) ;
#405 = CARTESIAN_POINT ( 'NONE',  ( 77.49999999999998579, 2.000000000000000000, -57.50000000000000711 ) ) ;
#406 = DIRECTION ( 'NONE',  ( 0.000000000000000000, 0.000000000000000000, -1.000000000000000000 ) ) ;
#407 = APPROVAL_PERSON_ORGANIZATION ( #1723, #5145, #790 ) ;
#408 = FACE_OUTER_BOUND ( 'NONE', #2561, .T. ) ;
#409 = ADVANCED_FACE ( 'NONE', ( #4984 ), #734, .F. ) ;
#410 = AXIS2_PLACEMENT_3D ( 'NONE', #2009, #3813, #3347 ) ;
#411 = VERTEX_POINT ( 'NONE', #3245 ) ;
#412 = CARTESIAN_POINT ( 'NONE',  ( -7.999999999999998224, 10.00000000000000000, 20.99999999999999645 ) ) ;
#413 = ORIENTED_EDGE ( 'NONE', *, *, #5649, .F. ) ;
#414 = CARTESIAN_POINT ( 'NONE',  ( -6.999999999999999112, 0.000000000000000000, 39.99999999999999289 ) ) ;
#415 = AXIS2_PLACEMENT_3D ( 'NONE', #2448, #5650, #1434 ) ;
#416 = DIRECTION ( 'NONE',  ( 0.000000000000000000, 1.000000000000000000, 0.000000000000000000 ) ) ;
#417 = VECTOR ( 'NONE', #1597, 1000.000000000000000 ) ;
#418 = DIRECTION ( 'NONE',  ( -0.000000000000000000, -1.000000000000000000, -0.000000000000000000 ) ) ;
#419 = EDGE_LOOP ( 'NONE', ( #920, #950, #3390, #5844 ) ) ;
#420 = AXIS2_PLACEMENT_3D ( 'NONE', #1988, #1551, #3883 ) ;
#421 = VERTEX_POINT ( 'NONE', #1347 ) ;
#422 = EDGE_CURVE ( 'NONE', #937, #3553, #4141, .T. ) ;
#423 = CARTESIAN_POINT ( 'NONE',  ( 28.00000000000001066, 7.500000000000000000, 30.00000000000000000 ) ) ;
#424 = ORIENTED_EDGE ( 'NONE', *, *, #5932, .F. ) ;
#425 = DIRECTION ( 'NONE',  ( 2.478176394252582127E-16, -0.000000000000000000, -1.000000000000000000 ) ) ;
#426 = EDGE_CURVE ( 'NONE', #5802, #1704, #1843, .T. ) ;
#427 = CARTESIAN_POINT ( 'NONE',  ( 10.00000000000001599, 14.00000000000000178, 57.49999999999999289 ) ) ;
#428 = ORIENTED_EDGE ( 'NONE', *, *, #3172, .F. ) ;
#429 = DIRECTION ( 'NONE',  ( 0.000000000000000000, -1.000000000000000000, 0.000000000000000000 ) ) ;
#430 = CARTESIAN_POINT ( 'NONE',  ( 30.00000000000002842, 2.000000000000937916, -26.00000000000001066 ) ) ;
#431 = ORIENTED_EDGE ( 'NONE', *, *, #1346, .T. ) ;
#432 = ORIENTED_EDGE ( 'NONE', *, *, #571, .F. ) ;
#433 = DIRECTION ( 'NONE',  ( 0.000000000000000000, 0.000000000000000000, -1.000000000000000000 ) ) ;
#434 = CARTESIAN_POINT ( 'NONE',  ( -7.999999999999989342, 12.00000000000000000, 29.50000000000000000 ) ) ;
#435 = DIRECTION ( 'NONE',  ( 0.000000000000000000, 0.000000000000000000, -1.000000000000000000 ) ) ;
#436 = LINE ( 'NONE', #2322, #5939 ) ;
#437 = EDGE_CURVE ( 'NONE', #2468, #1308, #692, .T. ) ;
#438 = EDGE_LOOP ( 'NONE', ( #1410, #4891, #371, #542, #631, #4809, #24, #5665 ) ) ;
#439 = DIRECTION ( 'NONE',  ( 1.239088197126291063E-16, 0.000000000000000000, 1.000000000000000000 ) ) ;
#440 = EDGE_LOOP ( 'NONE', ( #1847, #4413, #413, #4645 ) ) ;
#441 = CARTESIAN_POINT ( 'NONE',  ( -59.99999999999997158, -2.000000000000000000, 34.99999999999999289 ) ) ;
#442 = EDGE_CURVE ( 'NONE', #1641, #3960, #2245, .T. ) ;
#443 = DIRECTION ( 'NONE',  ( 0.000000000000000000, 1.000000000000000000, 0.000000000000000000 ) ) ;
#444 = DIRECTION ( 'NONE',  ( 0.000000000000000000, 1.000000000000000000, 0.000000000000000000 ) ) ;
#445 = FACE_OUTER_BOUND ( 'NONE', #963, .T. ) ;
#446 = ORIENTED_EDGE ( 'NONE', *, *, #5999, .T. ) ;
#447 = ORIENTED_EDGE ( 'NONE', *, *, #2172, .T. ) ;
#448 = DIRECTION ( 'NONE',  ( 0.000000000000000000, 1.000000000000000000, 0.000000000000000000 ) ) ;
#449 = ORIENTED_EDGE ( 'NONE', *, *, #4316, .T. ) ;
#450 = DIRECTION ( 'NONE',  ( -0.000000000000000000, 1.000000000000000000, -0.000000000000000000 ) ) ;
#451 = ADVANCED_FACE ( 'NONE', ( #1416, #5624, #2282, #883, #3189, #1377 ), #6024, .T. ) ;
#452 = FACE_OUTER_BOUND ( 'NONE', #3181, .T. ) ;
#453 = EDGE_CURVE ( 'NONE', #6052, #4872, #4646, .T. ) ;
#454 =( BOUNDED_CURVE ( )  B_SPLINE_CURVE ( 3, ( #3925, #1567, #2324, #4893 ),
 .UNSPECIFIED., .F., .F. ) 
 B_SPLINE_CURVE_WITH_KNOTS ( ( 4, 4 ),
 ( 1.570796326794896558, 3.141592653589793116 ),
 .UNSPECIFIED. ) 
 CURVE ( )  GEOMETRIC_REPRESENTATION_ITEM ( )  RATIONAL_B_SPLINE_CURVE ( ( 1.000000000000000000, 0.8047378541243649375, 0.8047378541243649375, 1.000000000000000000 ) ) 
 REPRESENTATION_ITEM ( '' )  );
#455 = CARTESIAN_POINT ( 'NONE',  ( 28.00000000000001066, 12.00000000000000178, 39.49999999999999289 ) ) ;
#456 = ORIENTED_EDGE ( 'NONE', *, *, #4621, .T. ) ;
#457 = ADVANCED_FACE ( 'NONE', ( #919 ), #3219, .F. ) ;
#458 = CARTESIAN_POINT ( 'NONE',  ( 54.49999999999996447, 7.500000000000000000, -24.00000000000000355 ) ) ;
#459 = ORIENTED_EDGE ( 'NONE', *, *, #2141, .T. ) ;
#460 = VERTEX_POINT ( 'NONE', #1908 ) ;
#461 = CARTESIAN_POINT ( 'NONE',  ( 54.49999999999996447, 7.500000000000000000, -24.00000000000000355 ) ) ;
#462 = CARTESIAN_POINT ( 'NONE',  ( -59.99999999999997158, 7.000000000000000888, 39.99999999999999289 ) ) ;
#463 = DIRECTION ( 'NONE',  ( 0.000000000000000000, 0.000000000000000000, -1.000000000000000000 ) ) ;
#464 = CARTESIAN_POINT ( 'NONE',  ( 59.99999999999998579, 0.000000000000000000, -44.99999999999998579 ) ) ;
#465 = EDGE_LOOP ( 'NONE', ( #5409, #1483, #1282, #4148 ) ) ;
#466 = LINE ( 'NONE', #4281, #3163 ) ;
#467 = EDGE_LOOP ( 'NONE', ( #2152, #4605, #79, #2226, #533, #3639, #4295, #3710, #330, #2246, #1148, #328, #3454, #939, #1595, #2539, #2325, #2409, #3008, #2983 ) ) ;
#468 = CARTESIAN_POINT ( 'NONE',  ( 28.00000000000001066, 8.500000000000000000, 33.50000000000000000 ) ) ;
#469 = DIRECTION ( 'NONE',  ( 0.000000000000000000, 1.000000000000000000, -0.000000000000000000 ) ) ;
#470 = DIRECTION ( 'NONE',  ( -1.000000000000000000, -0.000000000000000000, -0.000000000000000000 ) ) ;
#471 = CARTESIAN_POINT ( 'NONE',  ( 54.50000000000000000, 5.500000000000000000, -29.00000000000001066 ) ) ;
#472 = AXIS2_PLACEMENT_3D ( 'NONE', #4571, #820, #4533 ) ;
#473 = EDGE_CURVE ( 'NONE', #2893, #2900, #5570, .T. ) ;
#474 = ORIENTED_EDGE ( 'NONE', *, *, #3268, .F. ) ;
#475 = VERTEX_POINT ( 'NONE', #4178 ) ;
#476 = ORIENTED_EDGE ( 'NONE', *, *, #871, .T. ) ;
#477 = CARTESIAN_POINT ( 'NONE',  ( -9.000000000000000000, 5.500000000000000000, 12.99999999999999822 ) ) ;
#478 = CARTESIAN_POINT ( 'NONE',  ( -54.49999999999996447, 3.000000000000000000, -28.00000000000001066 ) ) ;
#479 = ADVANCED_FACE ( 'NONE', ( #4610 ), #362, .F. ) ;
#480 = VERTEX_POINT ( 'NONE', #1819 ) ;
#481 = FACE_OUTER_BOUND ( 'NONE', #4508, .T. ) ;
#482 = ORIENTED_EDGE ( 'NONE', *, *, #2842, .F. ) ;
#483 = VECTOR ( 'NONE', #425, 1000.000000000000000 ) ;
#484 = CIRCLE ( 'NONE', #1372, 5.000000000000004441 ) ;
#485 = DIRECTION ( 'NONE',  ( 0.000000000000000000, 0.000000000000000000, -1.000000000000000000 ) ) ;
#486 = DIRECTION ( 'NONE',  ( -0.000000000000000000, 1.000000000000000000, -0.000000000000000000 ) ) ;
#487 = ORIENTED_EDGE ( 'NONE', *, *, #4357, .F. ) ;
#488 = AXIS2_PLACEMENT_3D ( 'NONE', #2562, #4455, #3597 ) ;
#489 = ADVANCED_FACE ( 'NONE', ( #481 ), #853, .F. ) ;
#490 = ORIENTED_EDGE ( 'NONE', *, *, #728, .F. ) ;
#491 = CARTESIAN_POINT ( 'NONE',  ( -59.99999999999997158, -2.000000000000000000, -42.00000000000000000 ) ) ;
#492 = DIRECTION ( 'NONE',  ( 1.000000000000000000, 0.000000000000000000, 0.000000000000000000 ) ) ;
#493 = CIRCLE ( 'NONE', #3367, 3.500000000000003109 ) ;
#494 = CARTESIAN_POINT ( 'NONE',  ( -54.49999999999998579, 5.500000000000000000, 8.999999999999996447 ) ) ;
#495 = AXIS2_PLACEMENT_3D ( 'NONE', #5434, #700, #5406 ) ;
#496 = CARTESIAN_POINT ( 'NONE',  ( 59.50000000000001421, 5.500000000000000000, 6.999999999999992006 ) ) ;
#497 = EDGE_CURVE ( 'NONE', #3598, #3410, #2965, .T. ) ;
#498 = ORIENTED_EDGE ( 'NONE', *, *, #3616, .T. ) ;
#499 = EDGE_CURVE ( 'NONE', #232, #825, #4638, .T. ) ;
#500 = DIRECTION ( 'NONE',  ( 0.000000000000000000, -1.000000000000000000, 0.000000000000000000 ) ) ;
#501 = ORIENTED_EDGE ( 'NONE', *, *, #3059, .F. ) ;
#502 = AXIS2_PLACEMENT_3D ( 'NONE', #3266, #416, #3303 ) ;
#503 = VECTOR ( 'NONE', #3944, 1000.000000000000000 ) ;
#504 = CARTESIAN_POINT ( 'NONE',  ( -77.49999999999997158, 2.000000000000000000, 39.99999999999987921 ) ) ;
#505 = LINE ( 'NONE', #561, #3183 ) ;
#506 = AXIS2_PLACEMENT_3D ( 'NONE', #309, #763, #2662 ) ;
#507 = CARTESIAN_POINT ( 'NONE',  ( -54.50000000000003553, 5.500000000000000000, -24.00000000000000355 ) ) ;
#508 = CARTESIAN_POINT ( 'NONE',  ( 59.99999999999998579, 11.00000000000000178, -52.00000000000000000 ) ) ;
#509 = CIRCLE ( 'NONE', #1491, 6.999999999999999112 ) ;
#510 = ORIENTED_EDGE ( 'NONE', *, *, #5573, .T. ) ;
#511 = CC_DESIGN_SECURITY_CLASSIFICATION ( #2481, ( #1690 ) ) ;
#512 = VECTOR ( 'NONE', #910, 1000.000000000000000 ) ;
#513 = ORIENTED_EDGE ( 'NONE', *, *, #1848, .T. ) ;
#514 = EDGE_LOOP ( 'NONE', ( #233, #400, #4066, #2098 ) ) ;
#515 = CYLINDRICAL_SURFACE ( 'NONE', #3864, 4.000000000000003553 ) ;
#516 = VECTOR ( 'NONE', #2033, 1000.000000000000000 ) ;
#517 = LINE ( 'NONE', #2903, #791 ) ;
#518 = AXIS2_PLACEMENT_3D ( 'NONE', #2706, #1709, #348 ) ;
#519 = EDGE_CURVE ( 'NONE', #3854, #5553, #3715, .T. ) ;
#520 = FACE_OUTER_BOUND ( 'NONE', #1521, .T. ) ;
#521 = VERTEX_POINT ( 'NONE', #5135 ) ;
#522 = EDGE_CURVE ( 'NONE', #525, #1170, #2338, .T. ) ;
#523 = CARTESIAN_POINT ( 'NONE',  ( -59.99999999999997158, 0.000000000000000000, 39.99999999999999289 ) ) ;
#524 = LINE ( 'NONE', #4297, #1495 ) ;
#525 = VERTEX_POINT ( 'NONE', #4351 ) ;
#526 = VERTEX_POINT ( 'NONE', #4769 ) ;
#527 = LINE ( 'NONE', #3346, #2373 ) ;
#528 = EDGE_CURVE ( 'NONE', #57, #3716, #4414, .T. ) ;
#529 = CARTESIAN_POINT ( 'NONE',  ( 0.000000000000000000, 15.00000000000000178, 0.000000000000000000 ) ) ;
#530 = DIRECTION ( 'NONE',  ( -0.000000000000000000, 1.000000000000000000, -0.000000000000000000 ) ) ;
#531 = ADVANCED_FACE ( 'NONE', ( #520, #3431 ), #547, .F. ) ;
#532 = LINE ( 'NONE', #1829, #2094 ) ;
#533 = ORIENTED_EDGE ( 'NONE', *, *, #2703, .F. ) ;
#534 = CARTESIAN_POINT ( 'NONE',  ( 28.00000000000001066, 1.734723475976807094E-15, 43.50000000000000000 ) ) ;
#535 = ORIENTED_EDGE ( 'NONE', *, *, #5365, .F. ) ;
#536 = LINE ( 'NONE', #2014, #1573 ) ;
#537 = CARTESIAN_POINT ( 'NONE',  ( -57.50000000000003553, 7.500000000000000000, -23.99999999999997868 ) ) ;
#538 = DIRECTION ( 'NONE',  ( -0.000000000000000000, 0.000000000000000000, 1.000000000000000000 ) ) ;
#539 = ADVANCED_FACE ( 'NONE', ( #1936 ), #574, .T. ) ;
#540 = CARTESIAN_POINT ( 'NONE',  ( -54.50000000000000711, 7.500000000000000000, 9.199999999999999289 ) ) ;
#541 = ORIENTED_EDGE ( 'NONE', *, *, #3469, .F. ) ;
#542 = ORIENTED_EDGE ( 'NONE', *, *, #4385, .F. ) ;
#543 = EDGE_LOOP ( 'NONE', ( #5983, #4697, #598, #3111, #3590, #3290 ) ) ;
#544 = DIRECTION ( 'NONE',  ( 1.000000000000000000, 0.000000000000000000, 0.000000000000000000 ) ) ;
#545 = CARTESIAN_POINT ( 'NONE',  ( 54.49999999999997868, 7.500000000000000000, 9.199999999999995737 ) ) ;
#546 = VERTEX_POINT ( 'NONE', #2405 ) ;
#547 = PLANE ( 'NONE',  #3170 ) ;
#548 = FACE_OUTER_BOUND ( 'NONE', #5005, .T. ) ;
#549 = EDGE_CURVE ( 'NONE', #1641, #1864, #4652, .T. ) ;
#550 = VERTEX_POINT ( 'NONE', #640 ) ;
#551 = ORIENTED_EDGE ( 'NONE', *, *, #1744, .T. ) ;
#552 = FACE_OUTER_BOUND ( 'NONE', #1905, .T. ) ;
#553 = LINE ( 'NONE', #2438, #4072 ) ;
#554 = CYLINDRICAL_SURFACE ( 'NONE', #6114, 3.000000000000002665 ) ;
#555 = DIRECTION ( 'NONE',  ( -4.476705744456282257E-16, 0.000000000000000000, -1.000000000000000000 ) ) ;
#556 = EDGE_CURVE ( 'NONE', #5286, #3526, #3893, .T. ) ;
#557 = EDGE_LOOP ( 'NONE', ( #1417, #674 ) ) ;
#558 = ORIENTED_EDGE ( 'NONE', *, *, #426, .T. ) ;
#559 = ADVANCED_FACE ( 'NONE', ( #5312 ), #4389, .F. ) ;
#560 = CYLINDRICAL_SURFACE ( 'NONE', #4246, 4.999999999999997335 ) ;
#561 = CARTESIAN_POINT ( 'NONE',  ( -77.50000000000000000, 2.000000000000000000, -57.50000000000000711 ) ) ;
#562 = CARTESIAN_POINT ( 'NONE',  ( 54.50000000000000711, 3.000000000000000000, -24.00000000000001066 ) ) ;
#563 = CARTESIAN_POINT ( 'NONE',  ( 8.000000000000024869, 10.00000000000000000, 57.49999999999999289 ) ) ;
#564 = ORIENTED_EDGE ( 'NONE', *, *, #2086, .T. ) ;
#565 = ORIENTED_EDGE ( 'NONE', *, *, #1886, .T. ) ;
#566 = ORIENTED_EDGE ( 'NONE', *, *, #4089, .F. ) ;
#567 = EDGE_CURVE ( 'NONE', #1026, #77, #3370, .T. ) ;
#568 = CARTESIAN_POINT ( 'NONE',  ( 59.99999999999997158, 9.000000000000001776, 43.00000000000000000 ) ) ;
#569 = DIRECTION ( 'NONE',  ( -0.000000000000000000, -1.000000000000000000, -0.000000000000000000 ) ) ;
#570 = VECTOR ( 'NONE', #5986, 1000.000000000000000 ) ;
#571 = EDGE_CURVE ( 'NONE', #1340, #6090, #5287, .T. ) ;
#572 = ORIENTED_EDGE ( 'NONE', *, *, #4131, .T. ) ;
#573 = AXIS2_PLACEMENT_3D ( 'NONE', #4996, #1306, #4558 ) ;
#574 = PLANE ( 'NONE',  #1785 ) ;
#575 = DIRECTION ( 'NONE',  ( -0.000000000000000000, 1.000000000000000000, 0.000000000000000000 ) ) ;
#576 = AXIS2_PLACEMENT_3D ( 'NONE', #3695, #4268, #6086 ) ;
#577 = PERSON_AND_ORGANIZATION_ROLE ( 'creator' ) ;
#578 = EDGE_LOOP ( 'NONE', ( #2864, #3252, #173, #5085 ) ) ;
#579 = ORIENTED_EDGE ( 'NONE', *, *, #497, .F. ) ;
#580 = DIRECTION ( 'NONE',  ( 0.000000000000000000, 0.000000000000000000, 1.000000000000000000 ) ) ;
#581 = PLANE ( 'NONE',  #4570 ) ;
#582 = CARTESIAN_POINT ( 'NONE',  ( 59.99999999999998579, 0.000000000000000000, -52.99999999999999289 ) ) ;
#583 = CARTESIAN_POINT ( 'NONE',  ( 59.99999999999998579, 7.000000000000000888, -47.99999999999998579 ) ) ;
#584 = VECTOR ( 'NONE', #3847, 1000.000000000000000 ) ;
#585 = AXIS2_PLACEMENT_3D ( 'NONE', #4714, #1455, #3353 ) ;
#586 = ADVANCED_FACE ( 'NONE', ( #5691 ), #3919, .T. ) ;
#587 = ORIENTED_EDGE ( 'NONE', *, *, #1630, .T. ) ;
#588 = ORIENTED_EDGE ( 'NONE', *, *, #2694, .F. ) ;
#589 = CARTESIAN_POINT ( 'NONE',  ( -59.99999999999997158, 0.000000000000000000, 39.99999999999999289 ) ) ;
#590 = CIRCLE ( 'NONE', #3068, 1.000000000000000888 ) ;
#591 = VECTOR ( 'NONE', #2744, 1000.000000000000000 ) ;
#592 = FACE_OUTER_BOUND ( 'NONE', #3613, .T. ) ;
#593 = EDGE_CURVE ( 'NONE', #1064, #2817, #972, .T. ) ;
#594 = DIRECTION ( 'NONE',  ( -1.000000000000000000, -0.000000000000000000, -0.000000000000000000 ) ) ;
#595 = PLANE ( 'NONE',  #3692 ) ;
#596 = AXIS2_PLACEMENT_3D ( 'NONE', #3457, #170, #1004 ) ;
#597 = AXIS2_PLACEMENT_3D ( 'NONE', #917, #5992, #2777 ) ;
#598 = ORIENTED_EDGE ( 'NONE', *, *, #3745, .T. ) ;
#599 = ORIENTED_EDGE ( 'NONE', *, *, #5081, .F. ) ;
#600 = EDGE_LOOP ( 'NONE', ( #3892, #4254, #923, #5061 ) ) ;
#601 = LINE ( 'NONE', #3400, #2584 ) ;
#602 = VECTOR ( 'NONE', #2971, 1000.000000000000000 ) ;
#603 = DIRECTION ( 'NONE',  ( 0.000000000000000000, 0.000000000000000000, -1.000000000000000000 ) ) ;
#604 = AXIS2_PLACEMENT_3D ( 'NONE', #4122, #2729, #3160 ) ;
#605 = DIRECTION ( 'NONE',  ( -0.000000000000000000, 1.000000000000000000, -0.000000000000000000 ) ) ;
#606 = ADVANCED_FACE ( 'NONE', ( #1101 ), #2871, .F. ) ;
#607 = VECTOR ( 'NONE', #1104, 1000.000000000000000 ) ;
#608 = ORIENTED_EDGE ( 'NONE', *, *, #829, .F. ) ;
#609 = AXIS2_PLACEMENT_3D ( 'NONE', #6038, #5020, #1764 ) ;
#610 = DIRECTION ( 'NONE',  ( -0.000000000000000000, -1.000000000000000000, -0.000000000000000000 ) ) ;
#611 = AXIS2_PLACEMENT_3D ( 'NONE', #1268, #2296, #3815 ) ;
#612 = DIRECTION ( 'NONE',  ( 0.000000000000000000, -1.000000000000000000, 0.000000000000000000 ) ) ;
#613 = ADVANCED_FACE ( 'NONE', ( #1534 ), #2906, .F. ) ;
#614 = PERSON_AND_ORGANIZATION_ROLE ( 'design_supplier' ) ;
#615 = VECTOR ( 'NONE', #3222, 1000.000000000000000 ) ;
#616 = ORIENTED_EDGE ( 'NONE', *, *, #5601, .F. ) ;
#617 = ORIENTED_EDGE ( 'NONE', *, *, #69, .T. ) ;
#618 = CARTESIAN_POINT ( 'NONE',  ( -59.99999999999997158, 2.000000000000000000, -44.00000000000000711 ) ) ;
#619 = LINE ( 'NONE', #737, #2889 ) ;
#620 = DIRECTION ( 'NONE',  ( 0.000000000000000000, 1.000000000000000000, 0.000000000000000000 ) ) ;
#621 = FACE_OUTER_BOUND ( 'NONE', #3645, .T. ) ;
#622 = VERTEX_POINT ( 'NONE', #1060 ) ;
#623 = ORIENTED_EDGE ( 'NONE', *, *, #5375, .T. ) ;
#624 = FACE_BOUND ( 'NONE', #3644, .T. ) ;
#625 = CARTESIAN_POINT ( 'NONE',  ( 59.99999999999998579, -2.000000000000000000, -48.99999999999998579 ) ) ;
#626 = ADVANCED_FACE ( 'NONE', ( #2997 ), #4320, .F. ) ;
#627 = DIRECTION ( 'NONE',  ( -0.000000000000000000, 1.000000000000000000, -0.000000000000000000 ) ) ;
#628 = CARTESIAN_POINT ( 'NONE',  ( 59.99999999999998579, 11.00000000000000178, -43.99999999999998579 ) ) ;
#629 = ORIENTED_EDGE ( 'NONE', *, *, #2718, .T. ) ;
#630 = CYLINDRICAL_SURFACE ( 'NONE', #777, 4.000000000000003553 ) ;
#631 = ORIENTED_EDGE ( 'NONE', *, *, #4765, .F. ) ;
#632 = EDGE_CURVE ( 'NONE', #3898, #1114, #1510, .T. ) ;
#633 = CARTESIAN_POINT ( 'NONE',  ( 30.00000000000000000, 4.500000000000000888, -29.00000000000000711 ) ) ;
#634 = FACE_OUTER_BOUND ( 'NONE', #5749, .T. ) ;
#635 = EDGE_CURVE ( 'NONE', #1979, #3168, #2932, .T. ) ;
#636 = FACE_OUTER_BOUND ( 'NONE', #4342, .T. ) ;
#637 = ORIENTED_EDGE ( 'NONE', *, *, #1159, .F. ) ;
#638 = CARTESIAN_POINT ( 'NONE',  ( -59.99999999999984368, 2.000000000000000000, 57.49999999999999289 ) ) ;
#639 = ADVANCED_FACE ( 'NONE', ( #5900 ), #1657, .F. ) ;
#640 = CARTESIAN_POINT ( 'NONE',  ( -59.99999999999997158, 0.000000000000000000, -53.00000000000000711 ) ) ;
#641 = PRODUCT_RELATED_PRODUCT_CATEGORY ( 'detail', '', ( #1506 ) ) ;
#642 = DIRECTION ( 'NONE',  ( 1.000000000000000000, 0.000000000000000000, 0.000000000000000000 ) ) ;
#643 = DIRECTION ( 'NONE',  ( 1.000000000000000000, 0.000000000000000000, 0.000000000000000000 ) ) ;
#644 = ORIENTED_EDGE ( 'NONE', *, *, #3988, .F. ) ;
#645 = DIRECTION ( 'NONE',  ( 0.000000000000000000, 0.000000000000000000, 1.000000000000000000 ) ) ;
#646 = VERTEX_POINT ( 'NONE', #1251 ) ;
#647 = DIRECTION ( 'NONE',  ( -1.000000000000000000, -0.000000000000000000, -0.000000000000000000 ) ) ;
#648 = ADVANCED_FACE ( 'NONE', ( #4538, #667 ), #1629, .F. ) ;
#649 = CARTESIAN_POINT ( 'NONE',  ( 54.50000000000000000, 5.500000000000000000, -26.00000000000001066 ) ) ;
#650 = DIRECTION ( 'NONE',  ( -0.000000000000000000, -1.000000000000000000, -0.000000000000000000 ) ) ;
#651 = DIRECTION ( 'NONE',  ( 0.000000000000000000, 0.000000000000000000, 1.000000000000000000 ) ) ;
#652 = EDGE_LOOP ( 'NONE', ( #510, #1180 ) ) ;
#653 = ORIENTED_EDGE ( 'NONE', *, *, #4493, .T. ) ;
#654 = DIRECTION ( 'NONE',  ( 0.000000000000000000, 1.000000000000000000, 0.000000000000000000 ) ) ;
#655 = DIRECTION ( 'NONE',  ( -1.000000000000000000, 0.000000000000000000, 0.000000000000000000 ) ) ;
#656 = DIRECTION ( 'NONE',  ( -1.000000000000000000, 0.000000000000000000, -0.000000000000000000 ) ) ;
#657 = CARTESIAN_POINT ( 'NONE',  ( 59.99999999999997158, 11.00000000000000178, 43.00000000000000000 ) ) ;
#658 = VERTEX_POINT ( 'NONE', #4577 ) ;
#659 = ORIENTED_EDGE ( 'NONE', *, *, #1125, .F. ) ;
#660 = ORIENTED_EDGE ( 'NONE', *, *, #1535, .T. ) ;
#661 = CARTESIAN_POINT ( 'NONE',  ( 37.00000000000000000, 4.500000000000000888, -18.00000000000001066 ) ) ;
#662 = PLANE ( 'NONE',  #2576 ) ;
#663 = CARTESIAN_POINT ( 'NONE',  ( -7.999999999999996447, 7.000000000000000000, 24.00000000000000000 ) ) ;
#664 = EDGE_CURVE ( 'NONE', #4325, #359, #3593, .T. ) ;
#665 = EDGE_LOOP ( 'NONE', ( #199, #2299, #3729, #735 ) ) ;
#666 = DIRECTION ( 'NONE',  ( -1.000000000000000000, -0.000000000000000000, -0.000000000000000000 ) ) ;
#667 = FACE_OUTER_BOUND ( 'NONE', #2841, .T. ) ;
#668 = CIRCLE ( 'NONE', #3741, 4.000000000000003553 ) ;
#669 = DIRECTION ( 'NONE',  ( 0.000000000000000000, 1.000000000000000000, 0.000000000000000000 ) ) ;
#670 = EDGE_CURVE ( 'NONE', #3168, #3885, #3372, .T. ) ;
#671 = DIRECTION ( 'NONE',  ( 0.000000000000000000, 0.000000000000000000, 1.000000000000000000 ) ) ;
#672 = ORIENTED_EDGE ( 'NONE', *, *, #2891, .T. ) ;
#673 = DIRECTION ( 'NONE',  ( 0.000000000000000000, 0.000000000000000000, -1.000000000000000000 ) ) ;
#674 = ORIENTED_EDGE ( 'NONE', *, *, #3433, .F. ) ;
#675 = CARTESIAN_POINT ( 'NONE',  ( 59.99999999999997158, -2.000000000000000000, 34.99999999999999289 ) ) ;
#676 = CARTESIAN_POINT ( 'NONE',  ( 57.49999999999996447, 7.500000000000000000, -23.99999999999998224 ) ) ;
#677 = CIRCLE ( 'NONE', #4140, 4.999999999999997335 ) ;
#678 = DIRECTION ( 'NONE',  ( 0.000000000000000000, 0.000000000000000000, 1.000000000000000000 ) ) ;
#679 = DIRECTION ( 'NONE',  ( 1.000000000000000000, 0.000000000000000000, -3.182978855003317025E-17 ) ) ;
#680 = EDGE_CURVE ( 'NONE', #6104, #1473, #1156, .T. ) ;
#681 = VERTEX_POINT ( 'NONE', #3142 ) ;
#682 = ORIENTED_EDGE ( 'NONE', *, *, #1047, .F. ) ;
#683 = CARTESIAN_POINT ( 'NONE',  ( -9.000000000000000000, 10.00000000000000000, 12.99999999999999822 ) ) ;
#684 = AXIS2_PLACEMENT_3D ( 'NONE', #2665, #5603, #2256 ) ;
#685 = CARTESIAN_POINT ( 'NONE',  ( -54.49999999999999289, 3.000000000000000000, 10.99999999999999467 ) ) ;
#686 = CARTESIAN_POINT ( 'NONE',  ( 28.00000000000001066, 8.500000000000000000, 39.49999999999999289 ) ) ;
#687 = EDGE_CURVE ( 'NONE', #1341, #3243, #1287, .T. ) ;
#688 = ORIENTED_EDGE ( 'NONE', *, *, #2527, .T. ) ;
#689 = ORIENTED_EDGE ( 'NONE', *, *, #4704, .F. ) ;
#690 = ORIENTED_EDGE ( 'NONE', *, *, #3897, .T. ) ;
#691 = CIRCLE ( 'NONE', #4348, 2.200000000000000622 ) ;
#692 = CIRCLE ( 'NONE', #1476, 3.000000000000001776 ) ;
#693 = DIRECTION ( 'NONE',  ( -0.000000000000000000, -1.000000000000000000, -0.000000000000000000 ) ) ;
#694 = DIRECTION ( 'NONE',  ( 0.000000000000000000, -0.000000000000000000, -1.000000000000000000 ) ) ;
#695 = DIRECTION ( 'NONE',  ( 0.000000000000000000, 0.000000000000000000, -1.000000000000000000 ) ) ;
#696 = VECTOR ( 'NONE', #5586, 1000.000000000000000 ) ;
#697 = AXIS2_PLACEMENT_3D ( 'NONE', #5593, #1285, #4224 ) ;
#698 = EDGE_LOOP ( 'NONE', ( #1123, #3913, #3018, #5316 ) ) ;
#699 = CARTESIAN_POINT ( 'NONE',  ( -59.99999999999997158, 0.000000000000000000, -56.00000000000000000 ) ) ;
#700 = DIRECTION ( 'NONE',  ( 0.000000000000000000, 1.000000000000000000, -0.000000000000000000 ) ) ;
#701 = AXIS2_PLACEMENT_3D ( 'NONE', #5767, #2857, #5737 ) ;
#702 = AXIS2_PLACEMENT_3D ( 'NONE', #2902, #2365, #142 ) ;
#703 = DIRECTION ( 'NONE',  ( 0.000000000000000000, 0.000000000000000000, 1.000000000000000000 ) ) ;
#704 = VECTOR ( 'NONE', #5116, 1000.000000000000000 ) ;
#705 = ORIENTED_EDGE ( 'NONE', *, *, #5257, .T. ) ;
#706 = DIRECTION ( 'NONE',  ( 0.000000000000000000, 0.000000000000000000, -1.000000000000000000 ) ) ;
#707 = CIRCLE ( 'NONE', #415, 6.999999999999999112 ) ;
#708 = ORIENTED_EDGE ( 'NONE', *, *, #4331, .T. ) ;
#709 = ADVANCED_FACE ( 'NONE', ( #5964 ), #2182, .T. ) ;
#710 = DIRECTION ( 'NONE',  ( 1.000000000000000000, 0.000000000000000000, 0.000000000000000000 ) ) ;
#711 = VECTOR ( 'NONE', #2651, 1000.000000000000000 ) ;
#712 = DIRECTION ( 'NONE',  ( 0.000000000000000000, 0.000000000000000000, 1.000000000000000000 ) ) ;
#713 = LINE ( 'NONE', #833, #3845 ) ;
#714 = FACE_OUTER_BOUND ( 'NONE', #5974, .T. ) ;
#715 = AXIS2_PLACEMENT_3D ( 'NONE', #2821, #4305, #954 ) ;
#716 = ORIENTED_EDGE ( 'NONE', *, *, #5288, .T. ) ;
#717 = VERTEX_POINT ( 'NONE', #4044 ) ;
#718 = ADVANCED_FACE ( 'NONE', ( #1720 ), #2093, .T. ) ;
#719 = DIRECTION ( 'NONE',  ( 0.000000000000000000, 1.000000000000000000, -0.000000000000000000 ) ) ;
#720 = DIRECTION ( 'NONE',  ( 0.000000000000000000, 0.000000000000000000, -1.000000000000000000 ) ) ;
#721 = DIRECTION ( 'NONE',  ( 0.000000000000000000, 0.000000000000000000, 1.000000000000000000 ) ) ;
#722 = LINE ( 'NONE', #2543, #1507 ) ;
#723 = ORIENTED_EDGE ( 'NONE', *, *, #6058, .T. ) ;
#724 = ORIENTED_EDGE ( 'NONE', *, *, #836, .F. ) ;
#725 = ORIENTED_EDGE ( 'NONE', *, *, #3340, .F. ) ;
#726 = CARTESIAN_POINT ( 'NONE',  ( -77.50000000000000000, 0.000000000000000000, -57.50000000000000711 ) ) ;
#727 = DIRECTION ( 'NONE',  ( 0.000000000000000000, 1.000000000000000000, 0.000000000000000000 ) ) ;
#728 = EDGE_CURVE ( 'NONE', #1234, #753, #3556, .T. ) ;
#729 = DIRECTION ( 'NONE',  ( 0.000000000000000000, 1.000000000000000000, 0.000000000000000000 ) ) ;
#730 = VERTEX_POINT ( 'NONE', #2122 ) ;
#731 = DIRECTION ( 'NONE',  ( 0.000000000000000000, 1.000000000000000000, -0.000000000000000000 ) ) ;
#732 = DIRECTION ( 'NONE',  ( 0.000000000000000000, 0.000000000000000000, 1.000000000000000000 ) ) ;
#733 = DIRECTION ( 'NONE',  ( -0.000000000000000000, -1.000000000000000000, -0.000000000000000000 ) ) ;
#734 = PLANE ( 'NONE',  #3761 ) ;
#735 = ORIENTED_EDGE ( 'NONE', *, *, #2172, .F. ) ;
#736 = DIRECTION ( 'NONE',  ( -0.000000000000000000, -1.000000000000000000, -0.000000000000000000 ) ) ;
#737 = CARTESIAN_POINT ( 'NONE',  ( -59.99999999999997158, -2.000000000000000000, 46.99999999999999289 ) ) ;
#738 = LINE ( 'NONE', #3602, #5722 ) ;
#739 = DIRECTION ( 'NONE',  ( 0.000000000000000000, -1.000000000000000000, 0.000000000000000000 ) ) ;
#740 = EDGE_LOOP ( 'NONE', ( #3999, #2490, #474, #5848, #1824, #1444, #3096, #161, #5161, #3905, #386, #3045 ) ) ;
#741 = ORIENTED_EDGE ( 'NONE', *, *, #6088, .T. ) ;
#742 = CARTESIAN_POINT ( 'NONE',  ( -59.99999999999997158, 2.000000000000000000, -49.00000000000000000 ) ) ;
#743 = DIRECTION ( 'NONE',  ( 4.476705744456282257E-16, 0.000000000000000000, 1.000000000000000000 ) ) ;
#744 = CARTESIAN_POINT ( 'NONE',  ( 6.999999999999993783, 5.000000000000000000, 22.00000000000000000 ) ) ;
#745 = CARTESIAN_POINT ( 'NONE',  ( 59.99999999999998579, -2.000000000000000000, -43.99999999999998579 ) ) ;
#746 = EDGE_CURVE ( 'NONE', #1026, #1311, #2577, .T. ) ;
#747 = EDGE_LOOP ( 'NONE', ( #5186, #2210 ) ) ;
#748 = ORIENTED_EDGE ( 'NONE', *, *, #2247, .T. ) ;
#749 = ORIENTED_EDGE ( 'NONE', *, *, #1035, .T. ) ;
#750 = DIRECTION ( 'NONE',  ( 0.000000000000000000, -1.000000000000000000, 0.000000000000000000 ) ) ;
#751 = DIRECTION ( 'NONE',  ( 1.239088197126291063E-16, 0.000000000000000000, 1.000000000000000000 ) ) ;
#752 = DIRECTION ( 'NONE',  ( 0.000000000000000000, -1.000000000000000000, 0.000000000000000000 ) ) ;
#753 = VERTEX_POINT ( 'NONE', #4016 ) ;
#754 = EDGE_CURVE ( 'NONE', #166, #2353, #1223, .T. ) ;
#755 = FACE_OUTER_BOUND ( 'NONE', #168, .T. ) ;
#756 = DIRECTION ( 'NONE',  ( -1.000000000000000000, 0.000000000000000000, 0.000000000000000000 ) ) ;
#757 = CYLINDRICAL_SURFACE ( 'NONE', #5655, 1.000000000000000888 ) ;
#758 = CARTESIAN_POINT ( 'NONE',  ( 0.000000000000000000, 5.000000000000000000, 0.000000000000000000 ) ) ;
#759 = EDGE_LOOP ( 'NONE', ( #4213, #3877 ) ) ;
#760 = CARTESIAN_POINT ( 'NONE',  ( 7.999999999999992895, 0.000000000000000000, 20.99999999999999645 ) ) ;
#761 = CYLINDRICAL_SURFACE ( 'NONE', #5662, 4.999999999999997335 ) ;
#762 = CARTESIAN_POINT ( 'NONE',  ( -54.50000000000003553, 7.500000000000000000, 7.000000000000000000 ) ) ;
#763 = DIRECTION ( 'NONE',  ( 2.891205793294679312E-16, -0.000000000000000000, 1.000000000000000000 ) ) ;
#764 = ORIENTED_EDGE ( 'NONE', *, *, #1575, .T. ) ;
#765 = EDGE_LOOP ( 'NONE', ( #1761, #6077, #5777, #558 ) ) ;
#766 = VECTOR ( 'NONE', #2580, 1000.000000000000000 ) ;
#767 = CARTESIAN_POINT ( 'NONE',  ( 77.50000000000002842, 2.000000000000000000, 39.99999999999987210 ) ) ;
#768 = CARTESIAN_POINT ( 'NONE',  ( 25.00000000000001421, 12.00000000000000000, 29.50000000000000000 ) ) ;
#769 = DIRECTION ( 'NONE',  ( 0.000000000000000000, -1.000000000000000000, 0.000000000000000000 ) ) ;
#770 = LINE ( 'NONE', #4560, #2488 ) ;
#771 = CIRCLE ( 'NONE', #5816, 6.999999999999999112 ) ;
#772 = VERTEX_POINT ( 'NONE', #1130 ) ;
#773 = DIRECTION ( 'NONE',  ( -1.000000000000000000, 0.000000000000000000, 0.000000000000000000 ) ) ;
#774 = ORIENTED_EDGE ( 'NONE', *, *, #4316, .F. ) ;
#775 = CARTESIAN_POINT ( 'NONE',  ( -54.50000000000000711, 7.500000000000000000, 9.999999999999998224 ) ) ;
#776 = EDGE_CURVE ( 'NONE', #4408, #842, #3118, .T. ) ;
#777 = AXIS2_PLACEMENT_3D ( 'NONE', #2516, #167, #3942 ) ;
#778 = CARTESIAN_POINT ( 'NONE',  ( 28.00000000000001421, 1.734723475976807094E-15, 29.50000000000000000 ) ) ;
#779 = LINE ( 'NONE', #4132, #6103 ) ;
#780 = CIRCLE ( 'NONE', #1964, 4.999999999999997335 ) ;
#781 = AXIS2_PLACEMENT_3D ( 'NONE', #4419, #1857, #3757 ) ;
#782 = ORIENTED_EDGE ( 'NONE', *, *, #5229, .T. ) ;
#783 = CARTESIAN_POINT ( 'NONE',  ( -59.99999999999997158, 11.00000000000000178, 39.99999999999999289 ) ) ;
#784 = DIRECTION ( 'NONE',  ( 0.000000000000000000, -0.000000000000000000, -1.000000000000000000 ) ) ;
#785 = EDGE_CURVE ( 'NONE', #4999, #91, #265, .T. ) ;
#786 = VECTOR ( 'NONE', #2838, 1000.000000000000000 ) ;
#787 = VECTOR ( 'NONE', #1032, 1000.000000000000000 ) ;
#788 = EDGE_CURVE ( 'NONE', #1352, #4241, #4755, .T. ) ;
#789 = CARTESIAN_POINT ( 'NONE',  ( -59.50000000000000000, 5.500000000000000000, -24.00000000000000711 ) ) ;
#790 = APPROVAL_ROLE ( '' ) ;
#791 = VECTOR ( 'NONE', #1093, 1000.000000000000000 ) ;
#792 = AXIS2_PLACEMENT_3D ( 'NONE', #4818, #3828, #1440 ) ;
#793 = DIRECTION ( 'NONE',  ( 0.000000000000000000, 0.000000000000000000, 1.000000000000000000 ) ) ;
#794 = ORIENTED_EDGE ( 'NONE', *, *, #1656, .T. ) ;
#795 = LINE ( 'NONE', #3098, #4447 ) ;
#796 = CIRCLE ( 'NONE', #5664, 17.50000000000000000 ) ;
#797 = DIRECTION ( 'NONE',  ( 0.000000000000000000, 0.000000000000000000, 1.000000000000000000 ) ) ;
#798 = EDGE_CURVE ( 'NONE', #4418, #717, #2685, .T. ) ;
#799 = CIRCLE ( 'NONE', #21, 3.000000000000009770 ) ;
#800 = CARTESIAN_POINT ( 'NONE',  ( 0.000000000000000000, 14.00000000000000178, 30.50000000000000000 ) ) ;
#801 = CARTESIAN_POINT ( 'NONE',  ( -54.50000000000001421, 5.500000000000000000, -27.00000000000000355 ) ) ;
#802 = VECTOR ( 'NONE', #3316, 1000.000000000000000 ) ;
#803 = CIRCLE ( 'NONE', #2979, 3.500000000000003109 ) ;
#804 = ORIENTED_EDGE ( 'NONE', *, *, #1532, .F. ) ;
#805 = ORIENTED_EDGE ( 'NONE', *, *, #2320, .T. ) ;
#806 = CIRCLE ( 'NONE', #410, 1.000000000000000888 ) ;
#807 = LINE ( 'NONE', #3722, #1773 ) ;
#808 = DIRECTION ( 'NONE',  ( 0.000000000000000000, 1.000000000000000000, 0.000000000000000000 ) ) ;
#809 = VECTOR ( 'NONE', #1239, 1000.000000000000000 ) ;
#810 = DIRECTION ( 'NONE',  ( 0.000000000000000000, 0.000000000000000000, 1.000000000000000000 ) ) ;
#811 = DIRECTION ( 'NONE',  ( 1.000000000000000000, -0.000000000000000000, -0.000000000000000000 ) ) ;
#812 = AXIS2_PLACEMENT_3D ( 'NONE', #1249, #3525, #5801 ) ;
#813 = EDGE_LOOP ( 'NONE', ( #5503, #4535, #3072, #4930, #3734, #3127, #2832, #6071, #3269, #4221, #1929, #2045 ) ) ;
#814 = CARTESIAN_POINT ( 'NONE',  ( -5.999999999999986677, 12.00000000000000000, 57.49999999999999289 ) ) ;
#815 = ORIENTED_EDGE ( 'NONE', *, *, #5193, .T. ) ;
#816 = CARTESIAN_POINT ( 'NONE',  ( 54.49999999999997868, 7.500000000000000000, 6.999999999999996447 ) ) ;
#817 = ADVANCED_FACE ( 'NONE', ( #1599 ), #5875, .F. ) ;
#818 = CARTESIAN_POINT ( 'NONE',  ( 30.00000000000001421, 4.000000000000000000, 39.49999999999999289 ) ) ;
#819 = PRODUCT_DEFINITION_SHAPE ( 'NONE', 'NONE',  #3028 ) ;
#820 = DIRECTION ( 'NONE',  ( -0.000000000000000000, -1.000000000000000000, -0.000000000000000000 ) ) ;
#821 = EDGE_LOOP ( 'NONE', ( #5130, #4574, #4407, #2882 ) ) ;
#822 = EDGE_CURVE ( 'NONE', #4953, #5093, #2073, .T. ) ;
#823 = ORIENTED_EDGE ( 'NONE', *, *, #3403, .F. ) ;
#824 = CYLINDRICAL_SURFACE ( 'NONE', #1996, 5.000000000000005329 ) ;
#825 = VERTEX_POINT ( 'NONE', #3738 ) ;
#826 = DIRECTION ( 'NONE',  ( 0.000000000000000000, 0.000000000000000000, 1.000000000000000000 ) ) ;
#827 = EDGE_CURVE ( 'NONE', #4128, #5893, #2676, .T. ) ;
#828 = ADVANCED_FACE ( 'NONE', ( #5077 ), #5567, .F. ) ;
#829 = EDGE_CURVE ( 'NONE', #3493, #4590, #6109, .T. ) ;
#830 = CARTESIAN_POINT ( 'NONE',  ( 54.49999999999997868, 5.500000000000000000, 6.999999999999996447 ) ) ;
#831 = VERTEX_POINT ( 'NONE', #2809 ) ;
#832 = DIRECTION ( 'NONE',  ( 0.000000000000000000, -1.000000000000000000, 0.000000000000000000 ) ) ;
#833 = CARTESIAN_POINT ( 'NONE',  ( -59.99999999999997158, 9.000000000000001776, -54.00000000000000000 ) ) ;
#834 = FACE_BOUND ( 'NONE', #5086, .T. ) ;
#835 = ORIENTED_EDGE ( 'NONE', *, *, #2027, .F. ) ;
#836 = EDGE_CURVE ( 'NONE', #2701, #1088, #390, .T. ) ;
#837 = ORIENTED_EDGE ( 'NONE', *, *, #5699, .T. ) ;
#838 = DIRECTION ( 'NONE',  ( -0.000000000000000000, -0.000000000000000000, 1.000000000000000000 ) ) ;
#839 = DIRECTION ( 'NONE',  ( 1.000000000000000000, 0.000000000000000000, 0.000000000000000000 ) ) ;
#840 = CARTESIAN_POINT ( 'NONE',  ( 28.00000000000001066, 12.00000000000000000, 40.49999999999999289 ) ) ;
#841 = CARTESIAN_POINT ( 'NONE',  ( -6.999999999999999112, 0.000000000000000000, 23.00000000000000000 ) ) ;
#842 = VERTEX_POINT ( 'NONE', #3275 ) ;
#843 = CARTESIAN_POINT ( 'NONE',  ( -54.49999999999999289, 3.000000000000000000, -24.00000000000000711 ) ) ;
#844 = EDGE_LOOP ( 'NONE', ( #1937, #5891, #2586, #6045 ) ) ;
#845 = DIRECTION ( 'NONE',  ( -0.000000000000000000, 1.000000000000000000, -0.000000000000000000 ) ) ;
#846 = LINE ( 'NONE', #4194, #5347 ) ;
#847 = CARTESIAN_POINT ( 'NONE',  ( -57.50000000000003553, 5.500000000000000000, -23.99999999999997868 ) ) ;
#848 = VERTEX_POINT ( 'NONE', #2308 ) ;
#849 = ORIENTED_EDGE ( 'NONE', *, *, #798, .F. ) ;
#850 = CARTESIAN_POINT ( 'NONE',  ( -5.999999999999986677, 10.00000000000000000, 57.49999999999999289 ) ) ;
#851 = ORIENTED_EDGE ( 'NONE', *, *, #1033, .F. ) ;
#852 = LINE ( 'NONE', #4635, #1685 ) ;
#853 = PLANE ( 'NONE',  #3265 ) ;
#854 = ORIENTED_EDGE ( 'NONE', *, *, #822, .T. ) ;
#855 = EDGE_CURVE ( 'NONE', #5431, #5063, #3771, .T. ) ;
#856 = DIRECTION ( 'NONE',  ( 0.000000000000000000, 1.000000000000000000, 0.000000000000000000 ) ) ;
#857 = LINE ( 'NONE', #430, #1984 ) ;
#858 = ORIENTED_EDGE ( 'NONE', *, *, #2552, .T. ) ;
#859 = ORIENTED_EDGE ( 'NONE', *, *, #1921, .T. ) ;
#860 = CARTESIAN_POINT ( 'NONE',  ( 57.49999999999996447, 7.500000000000000000, -23.99999999999998224 ) ) ;
#861 = DIRECTION ( 'NONE',  ( 0.000000000000000000, 0.000000000000000000, 1.000000000000000000 ) ) ;
#862 = AXIS2_PLACEMENT_3D ( 'NONE', #5429, #729, #2956 ) ;
#863 = CARTESIAN_POINT ( 'NONE',  ( 54.49999999999996447, 5.500000000000000000, -24.00000000000000355 ) ) ;
#864 = EDGE_CURVE ( 'NONE', #480, #772, #1345, .T. ) ;
#865 = CARTESIAN_POINT ( 'NONE',  ( -4.999999999999990230, 15.00000000000000178, 32.50000000000000000 ) ) ;
#866 = ORIENTED_EDGE ( 'NONE', *, *, #4286, .F. ) ;
#867 = AXIS2_PLACEMENT_3D ( 'NONE', #5636, #5605, #2295 ) ;
#868 = LINE ( 'NONE', #3612, #1067 ) ;
#869 = ORIENTED_EDGE ( 'NONE', *, *, #1780, .F. ) ;
#871 = EDGE_CURVE ( 'NONE', #3204, #4786, #4162, .T. ) ;
#870 = CARTESIAN_POINT ( 'NONE',  ( 37.00000000000002132, 3.000000000000000000, -24.00000000000001066 ) ) ;
#872 = DIRECTION ( 'NONE',  ( -1.000000000000000000, 0.000000000000000000, 0.000000000000000000 ) ) ;
#873 = CARTESIAN_POINT ( 'NONE',  ( 59.99999999999998579, 7.000000000000000888, -44.99999999999998579 ) ) ;
#874 = CIRCLE ( 'NONE', #6016, 2.000000000000000888 ) ;
#875 = ADVANCED_FACE ( 'NONE', ( #1750 ), #6057, .F. ) ;
#876 = VERTEX_POINT ( 'NONE', #6023 ) ;
#877 = ORIENTED_EDGE ( 'NONE', *, *, #5527, .T. ) ;
#878 = CARTESIAN_POINT ( 'NONE',  ( 59.99999999999997158, 11.00000000000000178, 39.99999999999999289 ) ) ;
#879 = VERTEX_POINT ( 'NONE', #2836 ) ;
#880 = DIRECTION ( 'NONE',  ( -0.000000000000000000, -1.000000000000000000, -0.000000000000000000 ) ) ;
#881 = AXIS2_PLACEMENT_3D ( 'NONE', #5610, #3676, #5028 ) ;
#882 = VECTOR ( 'NONE', #5903, 1000.000000000000000 ) ;
#883 = FACE_BOUND ( 'NONE', #3855, .T. ) ;
#884 = ORIENTED_EDGE ( 'NONE', *, *, #3287, .F. ) ;
#885 = VECTOR ( 'NONE', #3870, 1000.000000000000000 ) ;
#886 = AXIS2_PLACEMENT_3D ( 'NONE', #87, #3338, #2958 ) ;
#887 = CARTESIAN_POINT ( 'NONE',  ( 0.000000000000000000, 12.00000000000000000, 0.000000000000000000 ) ) ;
#888 = CARTESIAN_POINT ( 'NONE',  ( 8.000000000000023093, 13.75735931288071434, 43.50000000000000000 ) ) ;
#889 = CIRCLE ( 'NONE', #4952, 2.200000000000000622 ) ;
#890 = EDGE_CURVE ( 'NONE', #411, #4617, #1840, .T. ) ;
#891 = EDGE_LOOP ( 'NONE', ( #2799, #858 ) ) ;
#892 = VECTOR ( 'NONE', #2851, 1000.000000000000000 ) ;
#893 = ORIENTED_EDGE ( 'NONE', *, *, #1532, .T. ) ;
#894 = LINE ( 'NONE', #5019, #6026 ) ;
#895 = VECTOR ( 'NONE', #1174, 1000.000000000000000 ) ;
#896 = LINE ( 'NONE', #2792, #3086 ) ;
#897 = DIRECTION ( 'NONE',  ( 0.000000000000000000, 1.000000000000000000, 0.000000000000000000 ) ) ;
#898 = VECTOR ( 'NONE', #4358, 1000.000000000000000 ) ;
#899 = DIRECTION ( 'NONE',  ( 1.000000000000000000, 0.000000000000000000, 0.000000000000000000 ) ) ;
#900 = AXIS2_PLACEMENT_3D ( 'NONE', #523, #1034, #2933 ) ;
#901 = VECTOR ( 'NONE', #3962, 1000.000000000000000 ) ;
#902 = EDGE_LOOP ( 'NONE', ( #1606, #2740, #688, #2797 ) ) ;
#903 = CARTESIAN_POINT ( 'NONE',  ( 54.49999999999994316, 7.500000000000000000, -27.00000000000000355 ) ) ;
#904 = ORIENTED_EDGE ( 'NONE', *, *, #5970, .F. ) ;
#905 = CARTESIAN_POINT ( 'NONE',  ( -59.99999999999997158, 0.000000000000000000, -49.00000000000000000 ) ) ;
#906 = AXIS2_PLACEMENT_3D ( 'NONE', #2947, #2514, #4473 ) ;
#907 = DIRECTION ( 'NONE',  ( 2.478176394252582127E-16, -0.000000000000000000, -1.000000000000000000 ) ) ;
#908 = CIRCLE ( 'NONE', #3389, 3.000000000000002665 ) ;
#909 = FACE_OUTER_BOUND ( 'NONE', #385, .T. ) ;
#910 = DIRECTION ( 'NONE',  ( -1.445602896647338917E-16, 0.000000000000000000, -1.000000000000000000 ) ) ;
#911 = VERTEX_POINT ( 'NONE', #5166 ) ;
#912 = CIRCLE ( 'NONE', #5956, 4.000000000000003553 ) ;
#913 = EDGE_LOOP ( 'NONE', ( #3001, #5000 ) ) ;
#914 = CARTESIAN_POINT ( 'NONE',  ( 54.50000000000000000, 2.000000000000000000, 6.999999999999993783 ) ) ;
#915 = EDGE_LOOP ( 'NONE', ( #5543, #5717, #3272, #4906 ) ) ;
#916 = EDGE_CURVE ( 'NONE', #4135, #937, #1373, .T. ) ;
#917 = CARTESIAN_POINT ( 'NONE',  ( -59.99999999999997158, 0.000000000000000000, 39.99999999999999289 ) ) ;
#918 = LINE ( 'NONE', #5477, #5635 ) ;
#919 = FACE_OUTER_BOUND ( 'NONE', #2206, .T. ) ;
#920 = ORIENTED_EDGE ( 'NONE', *, *, #5214, .T. ) ;
#921 = PLANE ( 'NONE',  #3945 ) ;
#922 = DIRECTION ( 'NONE',  ( -0.000000000000000000, 1.000000000000000000, -0.000000000000000000 ) ) ;
#923 = ORIENTED_EDGE ( 'NONE', *, *, #5321, .T. ) ;
#924 = ORIENTED_EDGE ( 'NONE', *, *, #3283, .F. ) ;
#925 = CARTESIAN_POINT ( 'NONE',  ( -59.99999999999997158, 7.000000000000000888, 40.99999999999999289 ) ) ;
#926 = CARTESIAN_POINT ( 'NONE',  ( 0.000000000000000000, 15.00000000000000178, 55.49999999999999289 ) ) ;
#927 = LINE ( 'NONE', #41, #5231 ) ;
#928 = DIRECTION ( 'NONE',  ( -0.000000000000000000, -1.000000000000000000, -0.000000000000000000 ) ) ;
#929 = ORIENTED_EDGE ( 'NONE', *, *, #3256, .T. ) ;
#930 = CARTESIAN_POINT ( 'NONE',  ( -54.50000000000000000, 2.000000000000000000, -29.00000000000000711 ) ) ;
#931 = EDGE_LOOP ( 'NONE', ( #5080, #4821, #1490, #3683, #3491, #2852 ) ) ;
#932 = DIRECTION ( 'NONE',  ( -0.000000000000000000, -1.000000000000000000, -0.000000000000000000 ) ) ;
#933 = DIRECTION ( 'NONE',  ( 0.000000000000000000, 1.000000000000000000, -0.000000000000000000 ) ) ;
#934 = ADVANCED_FACE ( 'NONE', ( #4138, #2215 ), #5531, .T. ) ;
#935 = DIRECTION ( 'NONE',  ( 1.000000000000000000, 0.000000000000000000, 0.000000000000000000 ) ) ;
#936 = DIRECTION ( 'NONE',  ( 0.000000000000000000, 1.000000000000000000, 0.000000000000000000 ) ) ;
#937 = VERTEX_POINT ( 'NONE', #3182 ) ;
#938 = ORIENTED_EDGE ( 'NONE', *, *, #788, .T. ) ;
#939 = ORIENTED_EDGE ( 'NONE', *, *, #4812, .F. ) ;
#940 = ORIENTED_EDGE ( 'NONE', *, *, #497, .T. ) ;
#941 = DIRECTION ( 'NONE',  ( 0.000000000000000000, 0.000000000000000000, 1.000000000000000000 ) ) ;
#942 = CARTESIAN_POINT ( 'NONE',  ( -7.999999999999998224, 5.000000000000000000, 20.99999999999999645 ) ) ;
#943 = EDGE_CURVE ( 'NONE', #5553, #3210, #2278, .T. ) ;
#944 = DIRECTION ( 'NONE',  ( 1.000000000000000000, 0.000000000000000000, -2.846725704167071744E-16 ) ) ;
#945 = ORIENTED_EDGE ( 'NONE', *, *, #4323, .F. ) ;
#946 = CARTESIAN_POINT ( 'NONE',  ( -59.99999999999997158, 7.000000000000000888, 44.00000000000000000 ) ) ;
#947 = EDGE_CURVE ( 'NONE', #134, #53, #3216, .T. ) ;
#948 = CARTESIAN_POINT ( 'NONE',  ( 9.000000000000001776, 7.000000000000000000, 24.00000000000000000 ) ) ;
#949 = ORIENTED_EDGE ( 'NONE', *, *, #1346, .F. ) ;
#950 = ORIENTED_EDGE ( 'NONE', *, *, #473, .T. ) ;
#951 = LINE ( 'NONE', #2847, #2072 ) ;
#952 = DIRECTION ( 'NONE',  ( -0.000000000000000000, -1.000000000000000000, -0.000000000000000000 ) ) ;
#953 = FACE_OUTER_BOUND ( 'NONE', #1090, .T. ) ;
#954 = DIRECTION ( 'NONE',  ( 0.000000000000000000, 0.000000000000000000, 1.000000000000000000 ) ) ;
#955 = VERTEX_POINT ( 'NONE', #3687 ) ;
#956 = DIRECTION ( 'NONE',  ( 0.000000000000000000, 0.000000000000000000, -1.000000000000000000 ) ) ;
#957 = VERTEX_POINT ( 'NONE', #5104 ) ;
#958 = DIRECTION ( 'NONE',  ( 1.000000000000000000, 0.000000000000000000, -2.238352872228141129E-16 ) ) ;
#959 = FACE_OUTER_BOUND ( 'NONE', #231, .T. ) ;
#960 = CARTESIAN_POINT ( 'NONE',  ( 5.000000000000023981, 15.00000000000000178, 55.49999999999999289 ) ) ;
#961 = CYLINDRICAL_SURFACE ( 'NONE', #4668, 2.000000000000000000 ) ;
#962 = AXIS2_PLACEMENT_3D ( 'NONE', #2329, #5612, #1861 ) ;
#963 = EDGE_LOOP ( 'NONE', ( #3361, #835, #1849, #2733 ) ) ;
#964 = ORIENTED_EDGE ( 'NONE', *, *, #4609, .T. ) ;
#965 = EDGE_LOOP ( 'NONE', ( #5075, #3811, #4363, #370, #1115, #4436 ) ) ;
#966 = EDGE_CURVE ( 'NONE', #4272, #550, #852, .T. ) ;
#967 = FACE_OUTER_BOUND ( 'NONE', #4255, .T. ) ;
#968 = VECTOR ( 'NONE', #4186, 1000.000000000000000 ) ;
#969 = PLANE ( 'NONE',  #2279 ) ;
#970 = CIRCLE ( 'NONE', #1167, 3.000000000000000000 ) ;
#971 = EDGE_CURVE ( 'NONE', #3391, #5590, #2378, .T. ) ;
#972 = LINE ( 'NONE', #1474, #5049 ) ;
#973 = VERTEX_POINT ( 'NONE', #1468 ) ;
#974 = EDGE_CURVE ( 'NONE', #3333, #1336, #4317, .T. ) ;
#975 = VECTOR ( 'NONE', #5766, 1000.000000000000000 ) ;
#976 = DIRECTION ( 'NONE',  ( 0.000000000000000000, 1.000000000000000000, 0.000000000000000000 ) ) ;
#977 = CARTESIAN_POINT ( 'NONE',  ( -7.999999999999986677, 10.00000000000000000, 57.49999999999999289 ) ) ;
#978 = VECTOR ( 'NONE', #2883, 1000.000000000000000 ) ;
#979 = ORIENTED_EDGE ( 'NONE', *, *, #1422, .T. ) ;
#980 = VERTEX_POINT ( 'NONE', #568 ) ;
#981 = CARTESIAN_POINT ( 'NONE',  ( 28.00000000000001066, 7.500000000000000000, 39.49999999999999289 ) ) ;
#982 = EDGE_CURVE ( 'NONE', #825, #1088, #5440, .T. ) ;
#983 = DIRECTION ( 'NONE',  ( 0.000000000000000000, 1.000000000000000000, 0.000000000000000000 ) ) ;
#984 = AXIS2_PLACEMENT_3D ( 'NONE', #3235, #4601, #1402 ) ;
#985 = CARTESIAN_POINT ( 'NONE',  ( 59.99999999999998579, -2.000000000000000000, -48.99999999999998579 ) ) ;
#986 = CARTESIAN_POINT ( 'NONE',  ( 8.000000000000021316, 1.734723475976807094E-15, 43.50000000000000000 ) ) ;
#987 = ORIENTED_EDGE ( 'NONE', *, *, #2806, .T. ) ;
#988 = LINE ( 'NONE', #3506, #291 ) ;
#989 = EDGE_LOOP ( 'NONE', ( #5376, #3884, #1930, #5170, #4290, #218, #3033, #4956, #5817, #4315, #2400, #4264, #2167, #6018 ) ) ;
#990 = AXIS2_PLACEMENT_3D ( 'NONE', #3752, #808, #3200 ) ;
#991 = CIRCLE ( 'NONE', #3155, 4.000000000000003553 ) ;
#992 = CARTESIAN_POINT ( 'NONE',  ( -7.999999999999986677, 12.00000000000000000, 55.49999999999999289 ) ) ;
#993 = CARTESIAN_POINT ( 'NONE',  ( 59.99999999999998579, -2.000000000000000000, -48.99999999999998579 ) ) ;
#994 = LINE ( 'NONE', #2897, #5805 ) ;
#995 = DIRECTION ( 'NONE',  ( 0.000000000000000000, 0.000000000000000000, 1.000000000000000000 ) ) ;
#996 = AXIS2_PLACEMENT_3D ( 'NONE', #1256, #6028, #3655 ) ;
#997 = EDGE_LOOP ( 'NONE', ( #1448, #2343, #2754, #4406 ) ) ;
#998 = LOCAL_TIME ( 11, 36, 15.00000000000000000, #4581 ) ;
#999 = VECTOR ( 'NONE', #733, 1000.000000000000000 ) ;
#1000 = VERTEX_POINT ( 'NONE', #4383 ) ;
#1001 = VERTEX_POINT ( 'NONE', #1933 ) ;
#1002 = DIRECTION ( 'NONE',  ( -0.000000000000000000, -1.000000000000000000, -0.000000000000000000 ) ) ;
#1003 = VECTOR ( 'NONE', #5478, 1000.000000000000000 ) ;
#1004 = DIRECTION ( 'NONE',  ( 0.000000000000000000, 0.000000000000000000, 1.000000000000000000 ) ) ;
#1005 = ADVANCED_FACE ( 'NONE', ( #2454 ), #1529, .F. ) ;
#1006 = CIRCLE ( 'NONE', #4475, 2.200000000000000622 ) ;
#1007 = EDGE_CURVE ( 'NONE', #1509, #2115, #5256, .T. ) ;
#1008 = ORIENTED_EDGE ( 'NONE', *, *, #4759, .T. ) ;
#1009 = DIRECTION ( 'NONE',  ( -0.000000000000000000, -1.000000000000000000, -0.000000000000000000 ) ) ;
#1010 = CARTESIAN_POINT ( 'NONE',  ( 54.49999999999999289, 3.000000000000000000, -28.00000000000001066 ) ) ;
#1011 = EDGE_CURVE ( 'NONE', #4126, #3981, #1880, .T. ) ;
#1012 = APPLICATION_PROTOCOL_DEFINITION ( 'international standard', 'config_control_design', 1994, #6034 ) ;
#1013 = ORIENTED_EDGE ( 'NONE', *, *, #522, .F. ) ;
#1014 = ORIENTED_EDGE ( 'NONE', *, *, #196, .F. ) ;
#1015 = CARTESIAN_POINT ( 'NONE',  ( 54.50000000000000711, 2.000000000000000000, 8.999999999999991118 ) ) ;
#1016 = CYLINDRICAL_SURFACE ( 'NONE', #2285, 1.000000000000000888 ) ;
#1017 = CARTESIAN_POINT ( 'NONE',  ( -58.50000000000000000, 0.000000000000000000, 6.999999999999980460 ) ) ;
#1018 = DIRECTION ( 'NONE',  ( 0.000000000000000000, 0.000000000000000000, 1.000000000000000000 ) ) ;
#1019 = ADVANCED_FACE ( 'NONE', ( #4760 ), #1029, .F. ) ;
#1020 = ORIENTED_EDGE ( 'NONE', *, *, #4654, .T. ) ;
#1021 = EDGE_LOOP ( 'NONE', ( #3166, #5305, #513, #4456 ) ) ;
#1022 = CARTESIAN_POINT ( 'NONE',  ( -57.50000000000003553, 7.500000000000000000, -23.99999999999997868 ) ) ;
#1023 = CARTESIAN_POINT ( 'NONE',  ( 10.99999999999999822, 12.00000000000000000, 23.00000000000000000 ) ) ;
#1024 = DIRECTION ( 'NONE',  ( -0.000000000000000000, -1.000000000000000000, -0.000000000000000000 ) ) ;
#1025 = CARTESIAN_POINT ( 'NONE',  ( -30.00000000000000000, 2.000000000000000000, -29.00000000000000711 ) ) ;
#1026 = VERTEX_POINT ( 'NONE', #4847 ) ;
#1027 = ORIENTED_EDGE ( 'NONE', *, *, #3923, .F. ) ;
#1028 = VERTEX_POINT ( 'NONE', #2427 ) ;
#1029 = CYLINDRICAL_SURFACE ( 'NONE', #1291, 1.000000000000000888 ) ;
#1030 = DIRECTION ( 'NONE',  ( 0.000000000000000000, 0.000000000000000000, 1.000000000000000000 ) ) ;
#1031 = ORIENTED_EDGE ( 'NONE', *, *, #2924, .T. ) ;
#1032 = DIRECTION ( 'NONE',  ( -1.110223024625156383E-14, 1.000000000000000000, 0.000000000000000000 ) ) ;
#1033 = EDGE_CURVE ( 'NONE', #3869, #4128, #5335, .T. ) ;
#1034 = DIRECTION ( 'NONE',  ( 0.000000000000000000, -1.000000000000000000, 0.000000000000000000 ) ) ;
#1035 = EDGE_CURVE ( 'NONE', #3513, #5258, #4259, .T. ) ;
#1036 = EDGE_LOOP ( 'NONE', ( #2726, #4611, #4922, #2510, #1027, #3619, #487, #1662 ) ) ;
#1037 = EDGE_LOOP ( 'NONE', ( #5757, #1883 ) ) ;
#1038 = ADVANCED_FACE ( 'NONE', ( #4726 ), #2021, .T. ) ;
#1039 = DIRECTION ( 'NONE',  ( 1.000000000000000000, 0.000000000000000000, 0.000000000000000000 ) ) ;
#1040 = CARTESIAN_POINT ( 'NONE',  ( -9.000000000000001776, 0.000000000000000000, 10.99999999999999467 ) ) ;
#1041 = DIRECTION ( 'NONE',  ( 0.000000000000000000, 0.000000000000000000, -1.000000000000000000 ) ) ;
#1042 = CARTESIAN_POINT ( 'NONE',  ( -54.49999999999997868, 2.000000000000000000, -28.00000000000001066 ) ) ;
#1043 = ORIENTED_EDGE ( 'NONE', *, *, #5979, .F. ) ;
#1044 = ORIENTED_EDGE ( 'NONE', *, *, #4812, .T. ) ;
#1045 = DIRECTION ( 'NONE',  ( 1.000000000000000000, 0.000000000000000000, -0.000000000000000000 ) ) ;
#1046 = DIRECTION ( 'NONE',  ( 0.000000000000000000, 0.000000000000000000, 1.000000000000000000 ) ) ;
#1047 = EDGE_CURVE ( 'NONE', #3435, #4634, #5344, .T. ) ;
#1048 = CARTESIAN_POINT ( 'NONE',  ( 10.99999999999999822, 12.00000000000000000, 12.99999999999999467 ) ) ;
#1049 = DIRECTION ( 'NONE',  ( 0.000000000000000000, 0.000000000000000000, 1.000000000000000000 ) ) ;
#1050 = ORIENTED_EDGE ( 'NONE', *, *, #5484, .T. ) ;
#1051 = ORIENTED_EDGE ( 'NONE', *, *, #2238, .F. ) ;
#1052 = ORIENTED_EDGE ( 'NONE', *, *, #3776, .F. ) ;
#1053 = DIRECTION ( 'NONE',  ( 0.000000000000000000, 0.000000000000000000, -1.000000000000000000 ) ) ;
#1054 = DIRECTION ( 'NONE',  ( -0.000000000000000000, -1.000000000000000000, 0.000000000000000000 ) ) ;
#1055 = ADVANCED_FACE ( 'NONE', ( #26 ), #3365, .F. ) ;
#1056 = CYLINDRICAL_SURFACE ( 'NONE', #1258, 3.000000000000002665 ) ;
#1057 = VECTOR ( 'NONE', #5561, 1000.000000000000000 ) ;
#1058 = ORIENTED_EDGE ( 'NONE', *, *, #3407, .F. ) ;
#1059 = AXIS2_PLACEMENT_3D ( 'NONE', #5513, #1765, #3608 ) ;
#1060 = CARTESIAN_POINT ( 'NONE',  ( 9.000000000000007105, 0.000000000000000000, 10.99999999999999467 ) ) ;
#1061 = LINE ( 'NONE', #125, #3486 ) ;
#1062 = AXIS2_PLACEMENT_3D ( 'NONE', #157, #2915, #1609 ) ;
#1063 = DATE_AND_TIME ( #2501, #2284 ) ;
#1064 = VERTEX_POINT ( 'NONE', #477 ) ;
#1065 = ORIENTED_EDGE ( 'NONE', *, *, #1011, .T. ) ;
#1066 = EDGE_CURVE ( 'NONE', #359, #3777, #601, .T. ) ;
#1067 = VECTOR ( 'NONE', #2298, 1000.000000000000000 ) ;
#1068 = CARTESIAN_POINT ( 'NONE',  ( 59.99999999999997158, 12.00000000000000000, 35.99999999999999289 ) ) ;
#1069 = LINE ( 'NONE', #3509, #3587 ) ;
#1070 = CARTESIAN_POINT ( 'NONE',  ( -59.99999999999997158, 7.000000000000000888, -49.00000000000000000 ) ) ;
#1071 = EDGE_CURVE ( 'NONE', #5317, #3126, #3914, .T. ) ;
#1072 = CARTESIAN_POINT ( 'NONE',  ( 37.00000000000002842, 2.000000000000000000, -18.00000000000001066 ) ) ;
#1073 = VECTOR ( 'NONE', #16, 1000.000000000000000 ) ;
#1074 = AXIS2_PLACEMENT_3D ( 'NONE', #2854, #3467, #956 ) ;
#1075 =( BOUNDED_CURVE ( )  B_SPLINE_CURVE ( 3, ( #2062, #6082, #1228, #4699 ),
 .UNSPECIFIED., .F., .F. ) 
 B_SPLINE_CURVE_WITH_KNOTS ( ( 4, 4 ),
 ( 1.570796326794896558, 3.141592653589793116 ),
 .UNSPECIFIED. ) 
 CURVE ( )  GEOMETRIC_REPRESENTATION_ITEM ( )  RATIONAL_B_SPLINE_CURVE ( ( 1.000000000000000000, 0.8047378541243649375, 0.8047378541243649375, 1.000000000000000000 ) ) 
 REPRESENTATION_ITEM ( '' )  );
#1076 = ORIENTED_EDGE ( 'NONE', *, *, #5901, .F. ) ;
#1077 = EDGE_CURVE ( 'NONE', #1114, #1980, #5689, .T. ) ;
#1078 = EDGE_LOOP ( 'NONE', ( #2919, #4938, #938, #1956 ) ) ;
#1079 = DIRECTION ( 'NONE',  ( 0.000000000000000000, 0.000000000000000000, 1.000000000000000000 ) ) ;
#1080 = AXIS2_PLACEMENT_3D ( 'NONE', #3995, #5385, #1636 ) ;
#1081 = VECTOR ( 'NONE', #4982, 1000.000000000000000 ) ;
#1082 = LINE ( 'NONE', #537, #1296 ) ;
#1083 = CARTESIAN_POINT ( 'NONE',  ( -54.50000000000003553, 7.500000000000000000, -24.00000000000000355 ) ) ;
#1084 = DIRECTION ( 'NONE',  ( 0.000000000000000000, 1.000000000000000000, 0.000000000000000000 ) ) ;
#1085 = ADVANCED_FACE ( 'NONE', ( #967 ), #515, .F. ) ;
#1086 = AXIS2_PLACEMENT_3D ( 'NONE', #3021, #203, #2085 ) ;
#1087 = VECTOR ( 'NONE', #3495, 1000.000000000000000 ) ;
#1088 = VERTEX_POINT ( 'NONE', #4530 ) ;
#1089 = ORIENTED_EDGE ( 'NONE', *, *, #2822, .F. ) ;
#1090 = EDGE_LOOP ( 'NONE', ( #4371, #1559 ) ) ;
#1091 = DIRECTION ( 'NONE',  ( -0.000000000000000000, 1.000000000000000000, -0.000000000000000000 ) ) ;
#1092 = AXIS2_PLACEMENT_3D ( 'NONE', #3323, #3754, #1920 ) ;
#1093 = DIRECTION ( 'NONE',  ( 0.000000000000000000, -1.000000000000000000, 0.000000000000000000 ) ) ;
#1094 = AXIS2_PLACEMENT_3D ( 'NONE', #4875, #2356, #4248 ) ;
#1095 = CARTESIAN_POINT ( 'NONE',  ( -0.000000000000000000, 5.000000000000000000, 8.999999999999994671 ) ) ;
#1096 = AXIS2_PLACEMENT_3D ( 'NONE', #1158, #4951, #4541 ) ;
#1097 = ORIENTED_EDGE ( 'NONE', *, *, #442, .T. ) ;
#1098 = EDGE_CURVE ( 'NONE', #5070, #5566, #4856, .T. ) ;
#1099 = AXIS2_PLACEMENT_3D ( 'NONE', #462, #5785, #4828 ) ;
#1100 = DIRECTION ( 'NONE',  ( 0.000000000000000000, 0.000000000000000000, -1.000000000000000000 ) ) ;
#1101 = FACE_OUTER_BOUND ( 'NONE', #3758, .T. ) ;
#1102 = VECTOR ( 'NONE', #4840, 1000.000000000000000 ) ;
#1103 = VECTOR ( 'NONE', #5082, 1000.000000000000000 ) ;
#1104 = DIRECTION ( 'NONE',  ( 0.000000000000000000, 0.000000000000000000, 1.000000000000000000 ) ) ;
#1105 = PERSON_AND_ORGANIZATION ( #5087, #310 ) ;
#1106 = VECTOR ( 'NONE', #1731, 1000.000000000000000 ) ;
#1107 = EDGE_LOOP ( 'NONE', ( #2650, #4519 ) ) ;
#1108 = DIRECTION ( 'NONE',  ( -0.000000000000000000, 1.000000000000000000, -0.000000000000000000 ) ) ;
#1109 = EDGE_LOOP ( 'NONE', ( #5192, #5600, #2509, #1970, #2390, #690 ) ) ;
#1110 = DIRECTION ( 'NONE',  ( 0.000000000000000000, -1.000000000000000000, 0.000000000000000000 ) ) ;
#1111 = CARTESIAN_POINT ( 'NONE',  ( -54.50000000000000000, 5.500000000000000000, -29.00000000000000711 ) ) ;
#1112 = CARTESIAN_POINT ( 'NONE',  ( -9.999999999999989342, 17.00000000000000000, 27.50000000000000000 ) ) ;
#1113 = CARTESIAN_POINT ( 'NONE',  ( 59.99999999999998579, 12.00000000000000000, -52.99999999999999289 ) ) ;
#1114 = VERTEX_POINT ( 'NONE', #633 ) ;
#1115 = ORIENTED_EDGE ( 'NONE', *, *, #6113, .T. ) ;
#1116 = DIRECTION ( 'NONE',  ( -4.270088556250607616E-16, -0.000000000000000000, -1.000000000000000000 ) ) ;
#1117 = EDGE_CURVE ( 'NONE', #3332, #2253, #5493, .T. ) ;
#1118 = CARTESIAN_POINT ( 'NONE',  ( -9.000000000000000000, -2.000000000000000000, 12.99999999999999822 ) ) ;
#1119 = DIRECTION ( 'NONE',  ( 1.000000000000000000, 0.000000000000000000, 0.000000000000000000 ) ) ;
#1120 = PLANE ( 'NONE',  #906 ) ;
#1121 = ORIENTED_EDGE ( 'NONE', *, *, #3310, .T. ) ;
#1122 = ORIENTED_EDGE ( 'NONE', *, *, #1729, .F. ) ;
#1123 = ORIENTED_EDGE ( 'NONE', *, *, #1229, .F. ) ;
#1124 = DIRECTION ( 'NONE',  ( 1.000000000000000000, 0.000000000000000000, 0.000000000000000000 ) ) ;
#1125 = EDGE_CURVE ( 'NONE', #2114, #1028, #5153, .T. ) ;
#1126 = DIRECTION ( 'NONE',  ( 1.000000000000000000, 0.000000000000000000, -0.000000000000000000 ) ) ;
#1127 = CARTESIAN_POINT ( 'NONE',  ( -37.00000000000000000, 3.000000000000000000, -28.00000000000001066 ) ) ;
#1128 = ORIENTED_EDGE ( 'NONE', *, *, #1138, .T. ) ;
#1129 = DIRECTION ( 'NONE',  ( -2.238352872228138170E-16, 0.000000000000000000, -1.000000000000000000 ) ) ;
#1130 = CARTESIAN_POINT ( 'NONE',  ( -8.999999999999998224, 7.000000000000000000, 24.00000000000000000 ) ) ;
#1131 = EDGE_CURVE ( 'NONE', #4757, #5017, #5959, .T. ) ;
#1132 = LINE ( 'NONE', #3029, #2593 ) ;
#1133 = VERTEX_POINT ( 'NONE', #3112 ) ;
#1134 = DIRECTION ( 'NONE',  ( 1.000000000000000000, 0.000000000000000000, 0.000000000000000000 ) ) ;
#1135 = ORIENTED_EDGE ( 'NONE', *, *, #3477, .F. ) ;
#1136 = CARTESIAN_POINT ( 'NONE',  ( 58.50000000000000711, 3.000000000000000000, 6.999999999999980460 ) ) ;
#1137 = DIRECTION ( 'NONE',  ( 0.000000000000000000, 0.000000000000000000, -1.000000000000000000 ) ) ;
#1138 = EDGE_CURVE ( 'NONE', #263, #1200, #2176, .T. ) ;
#1139 = FACE_OUTER_BOUND ( 'NONE', #1164, .T. ) ;
#1140 = CARTESIAN_POINT ( 'NONE',  ( 59.99999999999998579, 11.00000000000000178, -48.99999999999998579 ) ) ;
#1141 = VERTEX_POINT ( 'NONE', #3983 ) ;
#1142 = ORIENTED_EDGE ( 'NONE', *, *, #4910, .F. ) ;
#1143 = DIRECTION ( 'NONE',  ( 0.000000000000000000, 1.000000000000000000, 0.000000000000000000 ) ) ;
#1144 = LINE ( 'NONE', #2040, #5651 ) ;
#1145 = CARTESIAN_POINT ( 'NONE',  ( 7.999999999999998224, 10.00000000000000000, 19.99999999999999645 ) ) ;
#1146 = DIRECTION ( 'NONE',  ( -1.000000000000000000, 0.000000000000000000, -2.365532012695645349E-14 ) ) ;
#1147 = ORIENTED_EDGE ( 'NONE', *, *, #1066, .T. ) ;
#1148 = ORIENTED_EDGE ( 'NONE', *, *, #4509, .F. ) ;
#1149 = ORIENTED_EDGE ( 'NONE', *, *, #2368, .T. ) ;
#1150 = CARTESIAN_POINT ( 'NONE',  ( -59.99999999999997158, 12.00000000000000000, 44.00000000000000000 ) ) ;
#1151 = CARTESIAN_POINT ( 'NONE',  ( 28.00000000000001421, 12.00000000000000000, 29.50000000000000000 ) ) ;
#1152 = DIRECTION ( 'NONE',  ( 0.000000000000000000, 0.000000000000000000, -1.000000000000000000 ) ) ;
#1153 = ADVANCED_FACE ( 'NONE', ( #2588 ), #3614, .T. ) ;
#1154 = ORIENTED_EDGE ( 'NONE', *, *, #5859, .F. ) ;
#1155 = LINE ( 'NONE', #4946, #3876 ) ;
#1156 = LINE ( 'NONE', #3951, #4252 ) ;
#1157 = AXIS2_PLACEMENT_3D ( 'NONE', #3947, #2023, #3890 ) ;
#1158 = CARTESIAN_POINT ( 'NONE',  ( 59.99999999999998579, 9.000000000000001776, -48.99999999999998579 ) ) ;
#1159 = EDGE_CURVE ( 'NONE', #4543, #5396, #3774, .T. ) ;
#1160 = AXIS2_PLACEMENT_3D ( 'NONE', #2668, #4029, #2164 ) ;
#1161 = VERTEX_POINT ( 'NONE', #4069 ) ;
#1162 = EDGE_CURVE ( 'NONE', #4360, #3783, #2645, .T. ) ;
#1163 = CARTESIAN_POINT ( 'NONE',  ( -9.000000000000000000, -2.000000000000000000, 12.99999999999999822 ) ) ;
#1164 = EDGE_LOOP ( 'NONE', ( #2985, #5613, #5652, #3423 ) ) ;
#1165 = DIRECTION ( 'NONE',  ( -0.000000000000000000, -1.000000000000000000, -0.000000000000000000 ) ) ;
#1166 = CARTESIAN_POINT ( 'NONE',  ( 56.69999999999998153, 7.500000000000000000, 6.999999999999995559 ) ) ;
#1167 = AXIS2_PLACEMENT_3D ( 'NONE', #3440, #5786, #131 ) ;
#1168 = DIRECTION ( 'NONE',  ( -0.000000000000000000, -1.000000000000000000, 0.000000000000000000 ) ) ;
#1169 = DIRECTION ( 'NONE',  ( 0.000000000000000000, -1.000000000000000000, 0.000000000000000000 ) ) ;
#1170 = VERTEX_POINT ( 'NONE', #3522 ) ;
#1171 = EDGE_CURVE ( 'NONE', #1248, #6052, #4939, .T. ) ;
#1172 = VERTEX_POINT ( 'NONE', #4035 ) ;
#1173 = CARTESIAN_POINT ( 'NONE',  ( 10.00000000000001243, 17.00000000000000000, 45.50000000000000000 ) ) ;
#1174 = DIRECTION ( 'NONE',  ( 1.000000000000000000, 0.000000000000000000, 0.000000000000000000 ) ) ;
#1175 = AXIS2_PLACEMENT_3D ( 'NONE', #589, #4810, #5645 ) ;
#1176 = CARTESIAN_POINT ( 'NONE',  ( 59.99999999999998579, 11.00000000000000178, -48.99999999999998579 ) ) ;
#1177 = VECTOR ( 'NONE', #2030, 1000.000000000000000 ) ;
#1178 = DIRECTION ( 'NONE',  ( 0.000000000000000000, -0.000000000000000000, -1.000000000000000000 ) ) ;
#1179 = ORIENTED_EDGE ( 'NONE', *, *, #5178, .T. ) ;
#1180 = ORIENTED_EDGE ( 'NONE', *, *, #2980, .T. ) ;
#1181 = ORIENTED_EDGE ( 'NONE', *, *, #827, .F. ) ;
#1182 = VECTOR ( 'NONE', #3927, 1000.000000000000000 ) ;
#1183 = AXIS2_PLACEMENT_3D ( 'NONE', #3503, #4484, #5378 ) ;
#1184 = CARTESIAN_POINT ( 'NONE',  ( -11.00000000000000000, 2.000000000000000000, 11.99999999999999645 ) ) ;
#1185 = DIRECTION ( 'NONE',  ( 1.000000000000000000, 1.110223024625156383E-14, 0.000000000000000000 ) ) ;
#1186 = DIRECTION ( 'NONE',  ( -0.000000000000000000, -1.000000000000000000, -0.000000000000000000 ) ) ;
#1187 = AXIS2_PLACEMENT_3D ( 'NONE', #5714, #3366, #603 ) ;
#1188 = AXIS2_PLACEMENT_3D ( 'NONE', #1859, #3759, #5984 ) ;
#1189 = VERTEX_POINT ( 'NONE', #4409 ) ;
#1190 = DIRECTION ( 'NONE',  ( 0.000000000000000000, 1.000000000000000000, -0.000000000000000000 ) ) ;
#1191 = DIRECTION ( 'NONE',  ( 1.000000000000000000, 0.000000000000000000, 0.000000000000000000 ) ) ;
#1192 = AXIS2_PLACEMENT_3D ( 'NONE', #1834, #5522, #1276 ) ;
#1193 = ADVANCED_FACE ( 'NONE', ( #202 ), #287, .T. ) ;
#1194 = VECTOR ( 'NONE', #1603, 1000.000000000000000 ) ;
#1195 = CIRCLE ( 'NONE', #4572, 5.000000000000004441 ) ;
#1196 = DIRECTION ( 'NONE',  ( 0.000000000000000000, 0.000000000000000000, -1.000000000000000000 ) ) ;
#1197 = AXIS2_PLACEMENT_3D ( 'NONE', #271, #2063, #1608 ) ;
#1198 = CARTESIAN_POINT ( 'NONE',  ( 30.00000000000001421, 17.00000000000000000, 42.49999999999999289 ) ) ;
#1199 = VECTOR ( 'NONE', #3331, 1000.000000000000000 ) ;
#1200 = VERTEX_POINT ( 'NONE', #2548 ) ;
#1201 = CARTESIAN_POINT ( 'NONE',  ( -6.999999999999999112, 0.000000000000000000, 23.00000000000000000 ) ) ;
#1202 = CIRCLE ( 'NONE', #2695, 4.000000000000003553 ) ;
#1203 = EDGE_CURVE ( 'NONE', #4307, #1217, #2083, .T. ) ;
#1204 = LINE ( 'NONE', #2534, #5948 ) ;
#1205 = PLANE ( 'NONE',  #2756 ) ;
#1206 = CARTESIAN_POINT ( 'NONE',  ( -4.999999999999990230, 15.00000000000000178, 29.50000000000000000 ) ) ;
#1207 = VECTOR ( 'NONE', #4971, 1000.000000000000000 ) ;
#1208 = ORIENTED_EDGE ( 'NONE', *, *, #5024, .F. ) ;
#1209 = ORIENTED_EDGE ( 'NONE', *, *, #3104, .T. ) ;
#1210 = CYLINDRICAL_SURFACE ( 'NONE', #4343, 4.999999999999998224 ) ;
#1211 = DIRECTION ( 'NONE',  ( 0.000000000000000000, 0.000000000000000000, -1.000000000000000000 ) ) ;
#1212 = DIRECTION ( 'NONE',  ( -0.000000000000000000, 1.000000000000000000, -0.000000000000000000 ) ) ;
#1213 = EDGE_CURVE ( 'NONE', #5704, #5764, #2619, .T. ) ;
#1214 = DIRECTION ( 'NONE',  ( 0.000000000000000000, 0.000000000000000000, -1.000000000000000000 ) ) ;
#1215 = EDGE_LOOP ( 'NONE', ( #1832, #5912, #3430, #5642 ) ) ;
#1216 = EDGE_LOOP ( 'NONE', ( #3507, #4784, #4169, #2264 ) ) ;
#1217 = VERTEX_POINT ( 'NONE', #5830 ) ;
#1218 = PLANE ( 'NONE',  #2079 ) ;
#1219 = CARTESIAN_POINT ( 'NONE',  ( -59.99999999999997158, 0.000000000000000000, 46.99999999999999289 ) ) ;
#1220 = DIRECTION ( 'NONE',  ( 1.000000000000000000, 0.000000000000000000, 0.000000000000000000 ) ) ;
#1221 = EDGE_LOOP ( 'NONE', ( #2573, #1865, #1242, #4745 ) ) ;
#1222 = CARTESIAN_POINT ( 'NONE',  ( -59.50000000000000000, 5.500000000000000000, -24.00000000000000711 ) ) ;
#1223 = LINE ( 'NONE', #2054, #4454 ) ;
#1224 = DIRECTION ( 'NONE',  ( -0.000000000000000000, 1.000000000000000000, -0.000000000000000000 ) ) ;
#1225 = DATE_AND_TIME ( #2124, #5944 ) ;
#1226 = CARTESIAN_POINT ( 'NONE',  ( 5.999999999999993783, 0.000000000000000000, 24.00000000000000000 ) ) ;
#1227 = VERTEX_POINT ( 'NONE', #2171 ) ;
#1228 = CARTESIAN_POINT ( 'NONE',  ( 30.00000000000001066, 15.75735931288071434, 45.50000000000000000 ) ) ;
#1229 = EDGE_CURVE ( 'NONE', #2096, #4182, #15, .T. ) ;
#1230 = LINE ( 'NONE', #1699, #3690 ) ;
#1231 = FACE_OUTER_BOUND ( 'NONE', #128, .T. ) ;
#1232 = DIRECTION ( 'NONE',  ( 0.000000000000000000, 0.000000000000000000, 1.000000000000000000 ) ) ;
#1233 = ADVANCED_FACE ( 'NONE', ( #1681 ), #1218, .F. ) ;
#1234 = VERTEX_POINT ( 'NONE', #1184 ) ;
#1235 = ORIENTED_EDGE ( 'NONE', *, *, #4708, .T. ) ;
#1236 = CARTESIAN_POINT ( 'NONE',  ( 54.50000000000000711, 3.000000000000000000, 6.999999999999993783 ) ) ;
#1237 = DIRECTION ( 'NONE',  ( 0.000000000000000000, 0.000000000000000000, -1.000000000000000000 ) ) ;
#1238 = PLANE ( 'NONE',  #1160 ) ;
#1239 = DIRECTION ( 'NONE',  ( -0.000000000000000000, -1.000000000000000000, -0.000000000000000000 ) ) ;
#1240 = ORIENTED_EDGE ( 'NONE', *, *, #3283, .T. ) ;
#1241 = CARTESIAN_POINT ( 'NONE',  ( 28.00000000000001421, 1.734723475976807094E-15, 29.50000000000000000 ) ) ;
#1242 = ORIENTED_EDGE ( 'NONE', *, *, #3978, .F. ) ;
#1243 = EDGE_CURVE ( 'NONE', #6117, #4843, #4977, .T. ) ;
#1244 = LINE ( 'NONE', #441, #1275 ) ;
#1245 = CARTESIAN_POINT ( 'NONE',  ( -7.999999999999996447, 7.000000000000000000, 24.00000000000000000 ) ) ;
#1246 = CYLINDRICAL_SURFACE ( 'NONE', #3650, 4.999999999999997335 ) ;
#1247 = EDGE_CURVE ( 'NONE', #4504, #5595, #991, .T. ) ;
#1248 = VERTEX_POINT ( 'NONE', #5064 ) ;
#1249 = CARTESIAN_POINT ( 'NONE',  ( -54.50000000000000000, 2.000000000000000000, -24.00000000000000711 ) ) ;
#1250 = EDGE_CURVE ( 'NONE', #3505, #550, #109, .T. ) ;
#1251 = CARTESIAN_POINT ( 'NONE',  ( -54.49999999999996447, 3.000000000000000000, -28.00000000000001066 ) ) ;
#1252 = DIRECTION ( 'NONE',  ( 0.000000000000000000, 1.000000000000000000, 0.000000000000000000 ) ) ;
#1253 = DIRECTION ( 'NONE',  ( -1.000000000000000000, 0.000000000000000000, 2.168404344971008868E-16 ) ) ;
#1254 = VERTEX_POINT ( 'NONE', #3706 ) ;
#1255 = DIRECTION ( 'NONE',  ( 0.000000000000000000, 0.000000000000000000, 1.000000000000000000 ) ) ;
#1256 = CARTESIAN_POINT ( 'NONE',  ( 30.00000000000001421, 17.00000000000000000, 45.50000000000000000 ) ) ;
#1257 = LINE ( 'NONE', #5046, #4235 ) ;
#1258 = AXIS2_PLACEMENT_3D ( 'NONE', #3916, #1186, #1152 ) ;
#1259 = CARTESIAN_POINT ( 'NONE',  ( 59.99999999999997158, -2.000000000000000000, 39.99999999999999289 ) ) ;
#1260 = EDGE_CURVE ( 'NONE', #2941, #5280, #1977, .T. ) ;
#1261 = ORIENTED_EDGE ( 'NONE', *, *, #687, .F. ) ;
#1262 = VERTEX_POINT ( 'NONE', #1833 ) ;
#1263 = VECTOR ( 'NONE', #463, 1000.000000000000000 ) ;
#1264 = LINE ( 'NONE', #3159, #978 ) ;
#1265 = PLANE ( 'NONE',  #609 ) ;
#1266 = EDGE_CURVE ( 'NONE', #1311, #1026, #3574, .T. ) ;
#1267 = DIRECTION ( 'NONE',  ( -1.000000000000000000, 0.000000000000000000, 0.000000000000000000 ) ) ;
#1268 = CARTESIAN_POINT ( 'NONE',  ( -59.99999999999997158, 11.00000000000000178, -49.00000000000000000 ) ) ;
#1269 = AXIS2_PLACEMENT_3D ( 'NONE', #6029, #5174, #3221 ) ;
#1270 = EDGE_CURVE ( 'NONE', #1399, #4728, #3171, .T. ) ;
#1271 = ORIENTED_EDGE ( 'NONE', *, *, #2530, .F. ) ;
#1272 = CARTESIAN_POINT ( 'NONE',  ( -11.00000000000000000, 5.500000000000000000, 11.49999999999999645 ) ) ;
#1273 = ORIENTED_EDGE ( 'NONE', *, *, #2618, .F. ) ;
#1274 = DIRECTION ( 'NONE',  ( 0.000000000000000000, 0.000000000000000000, -1.000000000000000000 ) ) ;
#1275 = VECTOR ( 'NONE', #845, 1000.000000000000000 ) ;
#1276 = DIRECTION ( 'NONE',  ( 0.000000000000000000, 0.000000000000000000, -1.000000000000000000 ) ) ;
#1277 = ADVANCED_FACE ( 'NONE', ( #4192 ), #3641, .F. ) ;
#1278 = FACE_OUTER_BOUND ( 'NONE', #2392, .T. ) ;
#1279 = ORIENTED_EDGE ( 'NONE', *, *, #4051, .F. ) ;
#1280 = VECTOR ( 'NONE', #4402, 1000.000000000000000 ) ;
#1281 = AXIS2_PLACEMENT_3D ( 'NONE', #758, #2690, #4542 ) ;
#1282 = ORIENTED_EDGE ( 'NONE', *, *, #2732, .T. ) ;
#1283 = LINE ( 'NONE', #6106, #1504 ) ;
#1284 = ORIENTED_EDGE ( 'NONE', *, *, #4051, .T. ) ;
#1285 = DIRECTION ( 'NONE',  ( 0.000000000000000000, 1.000000000000000000, 0.000000000000000000 ) ) ;
#1286 = VECTOR ( 'NONE', #5293, 1000.000000000000000 ) ;
#1287 = CIRCLE ( 'NONE', #3675, 2.000000000000005329 ) ;
#1288 = DIRECTION ( 'NONE',  ( -0.000000000000000000, 1.000000000000000000, -0.000000000000000000 ) ) ;
#1289 = EDGE_CURVE ( 'NONE', #3039, #4474, #5154, .T. ) ;
#1290 = VECTOR ( 'NONE', #3829, 1000.000000000000000 ) ;
#1291 = AXIS2_PLACEMENT_3D ( 'NONE', #1995, #3426, #1053 ) ;
#1292 = CARTESIAN_POINT ( 'NONE',  ( -59.50000000000000000, 5.500000000000000000, -24.00000000000000711 ) ) ;
#1293 = ORIENTED_EDGE ( 'NONE', *, *, #4450, .T. ) ;
#1294 = ADVANCED_FACE ( 'NONE', ( #3207, #2207 ), #6099, .T. ) ;
#1295 = LINE ( 'NONE', #5996, #6049 ) ;
#1296 = VECTOR ( 'NONE', #2420, 1000.000000000000000 ) ;
#1297 = DIRECTION ( 'NONE',  ( -0.000000000000000000, 0.000000000000000000, -1.000000000000000000 ) ) ;
#1298 = DIRECTION ( 'NONE',  ( -0.000000000000000000, -1.000000000000000000, -0.000000000000000000 ) ) ;
#1299 = VECTOR ( 'NONE', #3894, 1000.000000000000000 ) ;
#1300 = ORIENTED_EDGE ( 'NONE', *, *, #5668, .T. ) ;
#1301 = EDGE_LOOP ( 'NONE', ( #4220, #1334 ) ) ;
#1302 = VECTOR ( 'NONE', #492, 1000.000000000000000 ) ;
#1303 = DIRECTION ( 'NONE',  ( -0.000000000000000000, 0.000000000000000000, 1.000000000000000000 ) ) ;
#1304 = CARTESIAN_POINT ( 'NONE',  ( 6.999999999999993783, -2.000000000000000000, 22.00000000000000000 ) ) ;
#1305 = AXIS2_PLACEMENT_3D ( 'NONE', #1803, #5458, #1214 ) ;
#1306 = DIRECTION ( 'NONE',  ( 0.000000000000000000, 1.000000000000000000, 0.000000000000000000 ) ) ;
#1307 = DIRECTION ( 'NONE',  ( -0.000000000000000000, -1.000000000000000000, -0.000000000000000000 ) ) ;
#1308 = VERTEX_POINT ( 'NONE', #2765 ) ;
#1309 = EDGE_CURVE ( 'NONE', #5904, #1064, #6046, .T. ) ;
#1310 = CARTESIAN_POINT ( 'NONE',  ( -6.999999999999999112, -2.000000000000000000, 23.00000000000000000 ) ) ;
#1311 = VERTEX_POINT ( 'NONE', #1808 ) ;
#1312 = CARTESIAN_POINT ( 'NONE',  ( 8.000000000000000000, 7.000000000000000000, 25.00000000000000000 ) ) ;
#1313 = DIRECTION ( 'NONE',  ( 0.000000000000000000, 0.000000000000000000, -1.000000000000000000 ) ) ;
#1314 = CARTESIAN_POINT ( 'NONE',  ( -9.000000000000000000, 5.000000000000000000, 8.999999999999994671 ) ) ;
#1315 = EDGE_LOOP ( 'NONE', ( #3782, #1528, #3442, #3949, #4707, #1855, #4438, #1621, #3191, #1526, #3712, #2522 ) ) ;
#1316 = VERTEX_POINT ( 'NONE', #4100 ) ;
#1317 = FACE_OUTER_BOUND ( 'NONE', #4792, .T. ) ;
#1318 = VERTEX_POINT ( 'NONE', #1312 ) ;
#1319 = EDGE_CURVE ( 'NONE', #3716, #5885, #4600, .T. ) ;
#1320 = CARTESIAN_POINT ( 'NONE',  ( -8.999999999999998224, 7.000000000000000000, 24.00000000000000000 ) ) ;
#1321 = DIRECTION ( 'NONE',  ( 0.000000000000000000, 0.000000000000000000, -1.000000000000000000 ) ) ;
#1322 = ORIENTED_EDGE ( 'NONE', *, *, #4042, .T. ) ;
#1323 = EDGE_CURVE ( 'NONE', #2788, #3838, #1244, .T. ) ;
#1324 = CARTESIAN_POINT ( 'NONE',  ( -59.99999999999997158, -2.000000000000000000, -56.00000000000000000 ) ) ;
#1325 = CARTESIAN_POINT ( 'NONE',  ( 58.50000000000000711, 0.000000000000000000, -23.99999999999999289 ) ) ;
#1326 = LINE ( 'NONE', #1446, #4079 ) ;
#1327 = EDGE_LOOP ( 'NONE', ( #5351, #1368, #159, #3671 ) ) ;
#1328 = ORIENTED_EDGE ( 'NONE', *, *, #1726, .F. ) ;
#1329 = FACE_OUTER_BOUND ( 'NONE', #2610, .T. ) ;
#1330 = ADVANCED_FACE ( 'NONE', ( #353 ), #5585, .F. ) ;
#1331 = PLANE ( 'NONE',  #1694 ) ;
#1332 = CYLINDRICAL_SURFACE ( 'NONE', #867, 3.500000000000003109 ) ;
#1333 = LINE ( 'NONE', #1676, #1801 ) ;
#1334 = ORIENTED_EDGE ( 'NONE', *, *, #4354, .T. ) ;
#1335 = PLANE ( 'NONE',  #781 ) ;
#1336 = VERTEX_POINT ( 'NONE', #381 ) ;
#1337 = CARTESIAN_POINT ( 'NONE',  ( 56.50000000000000711, 5.500000000000000000, -24.00000000000000711 ) ) ;
#1338 = CARTESIAN_POINT ( 'NONE',  ( -37.00000000000000000, 2.000000000000000000, -28.00000000000001066 ) ) ;
#1339 = FACE_OUTER_BOUND ( 'NONE', #5680, .T. ) ;
#1340 = VERTEX_POINT ( 'NONE', #4129 ) ;
#1341 = VERTEX_POINT ( 'NONE', #1337 ) ;
#1342 = DIRECTION ( 'NONE',  ( 0.000000000000000000, -1.000000000000000000, 0.000000000000000000 ) ) ;
#1343 = ORIENTED_EDGE ( 'NONE', *, *, #3536, .F. ) ;
#1344 = EDGE_CURVE ( 'NONE', #5858, #5597, #3161, .T. ) ;
#1345 = LINE ( 'NONE', #1320, #1381 ) ;
#1346 = EDGE_CURVE ( 'NONE', #5797, #4631, #4216, .T. ) ;
#1347 = CARTESIAN_POINT ( 'NONE',  ( 59.50000000000001421, 5.500000000000000000, -24.00000000000000711 ) ) ;
#1348 = ORIENTED_EDGE ( 'NONE', *, *, #1994, .T. ) ;
#1349 = CARTESIAN_POINT ( 'NONE',  ( -7.999999999999986677, 10.00000000000000000, 55.49999999999999289 ) ) ;
#1350 = EDGE_CURVE ( 'NONE', #2020, #394, #4661, .T. ) ;
#1351 = DIRECTION ( 'NONE',  ( 0.000000000000000000, -1.000000000000000000, 0.000000000000000000 ) ) ;
#1352 = VERTEX_POINT ( 'NONE', #6072 ) ;
#1353 = VERTEX_POINT ( 'NONE', #3327 ) ;
#1354 = CARTESIAN_POINT ( 'NONE',  ( 30.00000000000001421, 2.000000000000000000, 27.50000000000000000 ) ) ;
#1355 = DIRECTION ( 'NONE',  ( 4.270088556250607616E-16, 0.000000000000000000, 1.000000000000000000 ) ) ;
#1356 = VECTOR ( 'NONE', #3236, 1000.000000000000000 ) ;
#1357 = CARTESIAN_POINT ( 'NONE',  ( -54.50000000000003553, 7.500000000000000000, 7.000000000000000000 ) ) ;
#1358 = DIRECTION ( 'NONE',  ( 1.000000000000000000, -0.000000000000000000, -0.000000000000000000 ) ) ;
#1359 = EDGE_CURVE ( 'NONE', #2817, #5566, #5300, .T. ) ;
#1360 = ORIENTED_EDGE ( 'NONE', *, *, #549, .F. ) ;
#1361 = VECTOR ( 'NONE', #5422, 1000.000000000000000 ) ;
#1362 = DIRECTION ( 'NONE',  ( -0.000000000000000000, -0.000000000000000000, 1.000000000000000000 ) ) ;
#1363 = ORIENTED_EDGE ( 'NONE', *, *, #4629, .F. ) ;
#1364 = DIRECTION ( 'NONE',  ( 1.000000000000000000, -0.000000000000000000, -0.000000000000000000 ) ) ;
#1365 = DIRECTION ( 'NONE',  ( -0.000000000000000000, 0.000000000000000000, 1.000000000000000000 ) ) ;
#1366 = LINE ( 'NONE', #960, #1757 ) ;
#1367 = CIRCLE ( 'NONE', #1062, 1.000000000000000888 ) ;
#1368 = ORIENTED_EDGE ( 'NONE', *, *, #5119, .F. ) ;
#1369 = ORIENTED_EDGE ( 'NONE', *, *, #3407, .T. ) ;
#1370 = FACE_BOUND ( 'NONE', #6063, .T. ) ;
#1371 = VERTEX_POINT ( 'NONE', #1982 ) ;
#1372 = AXIS2_PLACEMENT_3D ( 'NONE', #2263, #6010, #5150 ) ;
#1373 = LINE ( 'NONE', #332, #5934 ) ;
#1374 = DIRECTION ( 'NONE',  ( 0.000000000000000000, -0.000000000000000000, 1.000000000000000000 ) ) ;
#1375 = CIRCLE ( 'NONE', #5532, 5.000000000000004441 ) ;
#1376 = CIRCLE ( 'NONE', #4448, 1.000000000000000888 ) ;
#1377 = FACE_OUTER_BOUND ( 'NONE', #813, .T. ) ;
#1378 = EDGE_CURVE ( 'NONE', #1844, #3838, #2564, .T. ) ;
#1379 = EDGE_LOOP ( 'NONE', ( #4721, #3425, #1725, #2681 ) ) ;
#1380 = AXIS2_PLACEMENT_3D ( 'NONE', #4923, #155, #1540 ) ;
#1381 = VECTOR ( 'NONE', #5658, 1000.000000000000000 ) ;
#1382 = DIRECTION ( 'NONE',  ( 0.000000000000000000, 0.000000000000000000, 1.000000000000000000 ) ) ;
#1383 = DIRECTION ( 'NONE',  ( 0.000000000000000000, 0.000000000000000000, 1.000000000000000000 ) ) ;
#1384 = VECTOR ( 'NONE', #727, 1000.000000000000000 ) ;
#1385 = VECTOR ( 'NONE', #693, 1000.000000000000000 ) ;
#1386 = ORIENTED_EDGE ( 'NONE', *, *, #3938, .F. ) ;
#1387 = AXIS2_PLACEMENT_3D ( 'NONE', #3658, #3125, #5084 ) ;
#1388 = ORIENTED_EDGE ( 'NONE', *, *, #1378, .T. ) ;
#1389 = EDGE_CURVE ( 'NONE', #4474, #4907, #3392, .T. ) ;
#1390 = CARTESIAN_POINT ( 'NONE',  ( 28.00000000000001066, 8.500000000000000000, 33.50000000000000000 ) ) ;
#1391 = CIRCLE ( 'NONE', #4860, 3.000000000000002665 ) ;
#1392 = CARTESIAN_POINT ( 'NONE',  ( -10.00000000000000000, 7.000000000000000000, 23.00000000000000000 ) ) ;
#1393 = FACE_OUTER_BOUND ( 'NONE', #2006, .T. ) ;
#1394 = CARTESIAN_POINT ( 'NONE',  ( -59.99999999999997158, 12.00000000000000000, -45.00000000000000000 ) ) ;
#1395 = CIRCLE ( 'NONE', #900, 4.999999999999997335 ) ;
#1396 = VECTOR ( 'NONE', #6066, 1000.000000000000000 ) ;
#1397 = ORIENTED_EDGE ( 'NONE', *, *, #2310, .F. ) ;
#1398 = DIRECTION ( 'NONE',  ( -0.000000000000000000, 0.000000000000000000, -1.000000000000000000 ) ) ;
#1399 = VERTEX_POINT ( 'NONE', #992 ) ;
#1400 = CARTESIAN_POINT ( 'NONE',  ( -59.99999999999997158, 2.000000000000000000, -54.00000000000000000 ) ) ;
#1401 = AXIS2_PLACEMENT_3D ( 'NONE', #5739, #5279, #2830 ) ;
#1402 = DIRECTION ( 'NONE',  ( 0.000000000000000000, 0.000000000000000000, -1.000000000000000000 ) ) ;
#1403 = ADVANCED_FACE ( 'NONE', ( #2479 ), #560, .T. ) ;
#1404 = VECTOR ( 'NONE', #358, 1000.000000000000000 ) ;
#1405 = CARTESIAN_POINT ( 'NONE',  ( -58.50000000000000000, 3.000000000000000000, 6.999999999999980460 ) ) ;
#1406 = LINE ( 'NONE', #3852, #1199 ) ;
#1407 = EDGE_LOOP ( 'NONE', ( #1613, #2782, #748, #207 ) ) ;
#1408 = VECTOR ( 'NONE', #922, 1000.000000000000000 ) ;
#1409 = VERTEX_POINT ( 'NONE', #504 ) ;
#1410 = ORIENTED_EDGE ( 'NONE', *, *, #3310, .F. ) ;
#1411 = ORIENTED_EDGE ( 'NONE', *, *, #4109, .T. ) ;
#1412 = DIRECTION ( 'NONE',  ( 0.000000000000000000, 0.000000000000000000, -1.000000000000000000 ) ) ;
#1413 = DIRECTION ( 'NONE',  ( 0.000000000000000000, 1.000000000000000000, 0.000000000000000000 ) ) ;
#1414 = EDGE_CURVE ( 'NONE', #2587, #5520, #4787, .T. ) ;
#1415 = ORIENTED_EDGE ( 'NONE', *, *, #1734, .T. ) ;
#1416 = FACE_BOUND ( 'NONE', #467, .T. ) ;
#1417 = ORIENTED_EDGE ( 'NONE', *, *, #5214, .F. ) ;
#1418 = FACE_OUTER_BOUND ( 'NONE', #4657, .T. ) ;
#1419 = FACE_OUTER_BOUND ( 'NONE', #3251, .T. ) ;
#1420 = ORIENTED_EDGE ( 'NONE', *, *, #2822, .T. ) ;
#1421 = VERTEX_POINT ( 'NONE', #1400 ) ;
#1422 = EDGE_CURVE ( 'NONE', #5070, #3749, #536, .T. ) ;
#1423 = DIRECTION ( 'NONE',  ( -0.000000000000000000, 1.000000000000000000, -0.000000000000000000 ) ) ;
#1424 = DIRECTION ( 'NONE',  ( -1.110223024625156383E-14, 1.000000000000000000, 0.000000000000000000 ) ) ;
#1425 = CARTESIAN_POINT ( 'NONE',  ( 59.99999999999998579, 11.00000000000000178, -48.99999999999998579 ) ) ;
#1426 = CYLINDRICAL_SURFACE ( 'NONE', #2294, 4.000000000000003553 ) ;
#1427 = EDGE_CURVE ( 'NONE', #5280, #4020, #1925, .T. ) ;
#1428 = ORIENTED_EDGE ( 'NONE', *, *, #361, .T. ) ;
#1429 = LINE ( 'NONE', #3959, #4950 ) ;
#1430 = ORIENTED_EDGE ( 'NONE', *, *, #1427, .T. ) ;
#1431 = CARTESIAN_POINT ( 'NONE',  ( -58.50000000000000000, 0.000000000000000000, 6.999999999999964473 ) ) ;
#1432 = PLANE ( 'NONE',  #2478 ) ;
#1433 = LINE ( 'NONE', #1461, #1558 ) ;
#1434 = DIRECTION ( 'NONE',  ( 0.000000000000000000, 0.000000000000000000, 1.000000000000000000 ) ) ;
#1435 = ADVANCED_FACE ( 'NONE', ( #3302 ), #2445, .F. ) ;
#1436 = ORIENTED_EDGE ( 'NONE', *, *, #2421, .F. ) ;
#1437 = ADVANCED_FACE ( 'NONE', ( #3419 ), #4748, .T. ) ;
#1438 = ORIENTED_EDGE ( 'NONE', *, *, #3717, .T. ) ;
#1439 = ORIENTED_EDGE ( 'NONE', *, *, #1508, .F. ) ;
#1440 = DIRECTION ( 'NONE',  ( 0.000000000000000000, 0.000000000000000000, 1.000000000000000000 ) ) ;
#1441 = CARTESIAN_POINT ( 'NONE',  ( 59.99999999999997158, 9.000000000000001776, 39.99999999999999289 ) ) ;
#1442 = ADVANCED_FACE ( 'NONE', ( #2355 ), #2419, .F. ) ;
#1443 = CARTESIAN_POINT ( 'NONE',  ( -5.999999999999999112, 5.000000000000000000, 23.00000000000000000 ) ) ;
#1444 = ORIENTED_EDGE ( 'NONE', *, *, #2999, .T. ) ;
#1445 = CARTESIAN_POINT ( 'NONE',  ( -59.99999999999997158, 11.00000000000000178, 36.99999999999999289 ) ) ;
#1446 = CARTESIAN_POINT ( 'NONE',  ( -77.50000000000000000, 2.000000000000000000, -57.50000000000000711 ) ) ;
#1447 = ORIENTED_EDGE ( 'NONE', *, *, #3618, .T. ) ;
#1448 = ORIENTED_EDGE ( 'NONE', *, *, #1656, .F. ) ;
#1449 = FACE_OUTER_BOUND ( 'NONE', #3260, .T. ) ;
#1450 = DIRECTION ( 'NONE',  ( 0.000000000000000000, 0.000000000000000000, -1.000000000000000000 ) ) ;
#1451 = DIRECTION ( 'NONE',  ( 0.000000000000000000, 1.000000000000000000, 0.000000000000000000 ) ) ;
#1452 = CARTESIAN_POINT ( 'NONE',  ( -59.99999999999997158, 12.00000000000000000, 39.99999999999999289 ) ) ;
#1453 = ADVANCED_FACE ( 'NONE', ( #1458 ), #2920, .T. ) ;
#1454 = ORIENTED_EDGE ( 'NONE', *, *, #4157, .T. ) ;
#1455 = DIRECTION ( 'NONE',  ( -2.891205793294676354E-16, 0.000000000000000000, -1.000000000000000000 ) ) ;
#1456 = VERTEX_POINT ( 'NONE', #1431 ) ;
#1457 = VECTOR ( 'NONE', #1496, 1000.000000000000000 ) ;
#1458 = FACE_OUTER_BOUND ( 'NONE', #1216, .T. ) ;
#1459 = EDGE_CURVE ( 'NONE', #1088, #4543, #5213, .T. ) ;
#1460 = DIRECTION ( 'NONE',  ( 0.000000000000000000, 1.000000000000000000, -0.000000000000000000 ) ) ;
#1461 = CARTESIAN_POINT ( 'NONE',  ( 59.50000000000001421, 5.500000000000000000, -24.00000000000000711 ) ) ;
#1462 = CARTESIAN_POINT ( 'NONE',  ( -9.000000000000001776, 5.000000000000000000, 1.301042606982605124E-15 ) ) ;
#1463 = EDGE_CURVE ( 'NONE', #1481, #475, #4716, .T. ) ;
#1464 = CIRCLE ( 'NONE', #3348, 2.999999999999999112 ) ;
#1465 = ORIENTED_EDGE ( 'NONE', *, *, #5707, .F. ) ;
#1466 = VERTEX_POINT ( 'NONE', #3355 ) ;
#1467 = ORIENTED_EDGE ( 'NONE', *, *, #3816, .F. ) ;
#1468 = CARTESIAN_POINT ( 'NONE',  ( -59.99999999999997158, -2.000000000000000000, -56.00000000000000000 ) ) ;
#1469 = EDGE_CURVE ( 'NONE', #2587, #2430, #5243, .T. ) ;
#1470 = CIRCLE ( 'NONE', #3750, 2.999999999999999112 ) ;
#1471 = CARTESIAN_POINT ( 'NONE',  ( 9.000000000000007105, 3.000000000000000000, 10.99999999999999467 ) ) ;
#1472 = AXIS2_PLACEMENT_3D ( 'NONE', #1770, #3261, #2763 ) ;
#1473 = VERTEX_POINT ( 'NONE', #3820 ) ;
#1474 = CARTESIAN_POINT ( 'NONE',  ( -9.000000000000000000, -2.000000000000000000, 12.99999999999999822 ) ) ;
#1475 = ORIENTED_EDGE ( 'NONE', *, *, #5218, .T. ) ;
#1476 = AXIS2_PLACEMENT_3D ( 'NONE', #830, #5079, #2746 ) ;
#1477 = EDGE_CURVE ( 'NONE', #2204, #5136, #5705, .T. ) ;
#1478 = CARTESIAN_POINT ( 'NONE',  ( 57.49999999999996447, 5.500000000000000000, -23.99999999999998224 ) ) ;
#1479 = COORDINATED_UNIVERSAL_TIME_OFFSET ( 8, 0, .AHEAD. ) ;
#1480 = AXIS2_PLACEMENT_3D ( 'NONE', #3812, #5443, #4489 ) ;
#1481 = VERTEX_POINT ( 'NONE', #5735 ) ;
#1482 = VECTOR ( 'NONE', #4228, 1000.000000000000000 ) ;
#1483 = ORIENTED_EDGE ( 'NONE', *, *, #2075, .T. ) ;
#1484 = CARTESIAN_POINT ( 'NONE',  ( -59.99999999999997158, 0.000000000000000000, 44.99999999999999289 ) ) ;
#1485 = DIRECTION ( 'NONE',  ( 1.000000000000000000, -0.000000000000000000, 0.000000000000000000 ) ) ;
#1486 = CARTESIAN_POINT ( 'NONE',  ( 10.00000000000001243, 17.00000000000000000, 45.50000000000000000 ) ) ;
#1487 = AXIS2_PLACEMENT_3D ( 'NONE', #4263, #4675, #5535 ) ;
#1488 = CARTESIAN_POINT ( 'NONE',  ( -56.49999999999999289, 5.500000000000000000, -24.00000000000000711 ) ) ;
#1489 = ORIENTED_EDGE ( 'NONE', *, *, #4991, .F. ) ;
#1490 = ORIENTED_EDGE ( 'NONE', *, *, #4493, .F. ) ;
#1491 = AXIS2_PLACEMENT_3D ( 'NONE', #3076, #193, #4967 ) ;
#1492 = VECTOR ( 'NONE', #3050, 1000.000000000000000 ) ;
#1493 = CARTESIAN_POINT ( 'NONE',  ( 8.999999999999996447, -2.000000000000000000, 12.99999999999999822 ) ) ;
#1494 = LINE ( 'NONE', #3821, #3376 ) ;
#1495 = VECTOR ( 'NONE', #4679, 1000.000000000000000 ) ;
#1496 = DIRECTION ( 'NONE',  ( -0.000000000000000000, 1.000000000000000000, -0.000000000000000000 ) ) ;
#1497 = DIRECTION ( 'NONE',  ( -1.000000000000000000, 0.000000000000000000, 0.000000000000000000 ) ) ;
#1498 = AXIS2_PLACEMENT_3D ( 'NONE', #4649, #1827, #861 ) ;
#1499 = ORIENTED_EDGE ( 'NONE', *, *, #519, .T. ) ;
#1500 = AXIS2_PLACEMENT_3D ( 'NONE', #2525, #2003, #4773 ) ;
#1501 = ORIENTED_EDGE ( 'NONE', *, *, #1693, .F. ) ;
#1502 = ORIENTED_EDGE ( 'NONE', *, *, #383, .F. ) ;
#1503 = DIRECTION ( 'NONE',  ( -1.000000000000000000, 0.000000000000000000, 0.000000000000000000 ) ) ;
#1504 = VECTOR ( 'NONE', #5616, 1000.000000000000000 ) ;
#1505 = CARTESIAN_POINT ( 'NONE',  ( -59.99999999999997158, 9.000000000000001776, 39.99999999999999289 ) ) ;
#1506 = PRODUCT ( 'DIZUO', 'DIZUO', '', ( #2559 ) ) ;
#1507 = VECTOR ( 'NONE', #3939, 1000.000000000000000 ) ;
#1508 = EDGE_CURVE ( 'NONE', #259, #4543, #2511, .T. ) ;
#1509 = VERTEX_POINT ( 'NONE', #227 ) ;
#1510 = LINE ( 'NONE', #3405, #787 ) ;
#1511 = CARTESIAN_POINT ( 'NONE',  ( 58.50000000000000711, 3.000000000000000000, 6.999999999999980460 ) ) ;
#1512 = ORIENTED_EDGE ( 'NONE', *, *, #5433, .T. ) ;
#1513 = EDGE_CURVE ( 'NONE', #1421, #2019, #780, .T. ) ;
#1514 = ORIENTED_EDGE ( 'NONE', *, *, #1260, .F. ) ;
#1515 = CARTESIAN_POINT ( 'NONE',  ( -59.99999999999997158, 12.00000000000000000, -49.00000000000000000 ) ) ;
#1516 = CARTESIAN_POINT ( 'NONE',  ( -59.49999999999999289, 2.000000000000000000, 6.999999999999992006 ) ) ;
#1517 = LINE ( 'NONE', #1017, #2859 ) ;
#1518 = DIRECTION ( 'NONE',  ( 0.000000000000000000, 1.000000000000000000, 0.000000000000000000 ) ) ;
#1519 = EDGE_LOOP ( 'NONE', ( #1993, #1825, #5625, #6079, #1527, #6107, #599, #5492, #4833 ) ) ;
#1520 = EDGE_CURVE ( 'NONE', #2587, #321, #4430, .T. ) ;
#1521 = EDGE_LOOP ( 'NONE', ( #3083, #4040 ) ) ;
#1522 = DIRECTION ( 'NONE',  ( 0.000000000000000000, 0.000000000000000000, -1.000000000000000000 ) ) ;
#1523 = LINE ( 'NONE', #3907, #5159 ) ;
#1524 = DIRECTION ( 'NONE',  ( 0.000000000000000000, 0.000000000000000000, -1.000000000000000000 ) ) ;
#1525 = CYLINDRICAL_SURFACE ( 'NONE', #4676, 3.500000000000003109 ) ;
#1526 = ORIENTED_EDGE ( 'NONE', *, *, #1203, .F. ) ;
#1527 = ORIENTED_EDGE ( 'NONE', *, *, #1414, .F. ) ;
#1528 = ORIENTED_EDGE ( 'NONE', *, *, #349, .F. ) ;
#1529 = CYLINDRICAL_SURFACE ( 'NONE', #2473, 2.999999999999999112 ) ;
#1530 = DIRECTION ( 'NONE',  ( 0.000000000000000000, 0.000000000000000000, 1.000000000000000000 ) ) ;
#1531 = DIRECTION ( 'NONE',  ( -2.891205793294679312E-16, -0.000000000000000000, -1.000000000000000000 ) ) ;
#1532 = EDGE_CURVE ( 'NONE', #4747, #4816, #1614, .T. ) ;
#1533 = EDGE_LOOP ( 'NONE', ( #4801, #2845, #1360, #5517 ) ) ;
#1534 = FACE_OUTER_BOUND ( 'NONE', #1519, .T. ) ;
#1535 = EDGE_CURVE ( 'NONE', #525, #911, #2575, .T. ) ;
#1536 = ADVANCED_FACE ( 'NONE', ( #2071 ), #1642, .F. ) ;
#1537 = CARTESIAN_POINT ( 'NONE',  ( 59.99999999999997158, -2.000000000000000000, 39.99999999999999289 ) ) ;
#1538 = VERTEX_POINT ( 'NONE', #1578 ) ;
#1539 = ORIENTED_EDGE ( 'NONE', *, *, #2759, .T. ) ;
#1540 = DIRECTION ( 'NONE',  ( 0.000000000000000000, 0.000000000000000000, -1.000000000000000000 ) ) ;
#1541 = ADVANCED_FACE ( 'NONE', ( #162 ), #1210, .T. ) ;
#1542 = DIRECTION ( 'NONE',  ( 0.000000000000000000, -1.000000000000000000, 0.000000000000000000 ) ) ;
#1543 = CARTESIAN_POINT ( 'NONE',  ( 10.99999999999999822, 12.00000000000000000, 12.99999999999999467 ) ) ;
#1544 = CARTESIAN_POINT ( 'NONE',  ( -54.50000000000000711, 5.500000000000000000, 10.00000000000000000 ) ) ;
#1545 = ORIENTED_EDGE ( 'NONE', *, *, #5183, .F. ) ;
#1546 = ORIENTED_EDGE ( 'NONE', *, *, #1726, .T. ) ;
#1547 = DIRECTION ( 'NONE',  ( 0.000000000000000000, 0.000000000000000000, -1.000000000000000000 ) ) ;
#1548 = CARTESIAN_POINT ( 'NONE',  ( 0.000000000000000000, 7.000000000000000000, 0.000000000000000000 ) ) ;
#1549 = DIRECTION ( 'NONE',  ( -0.000000000000000000, -1.000000000000000000, -0.000000000000000000 ) ) ;
#1550 = EDGE_CURVE ( 'NONE', #5879, #2242, #3483, .T. ) ;
#1551 = DIRECTION ( 'NONE',  ( -0.000000000000000000, -1.000000000000000000, -0.000000000000000000 ) ) ;
#1552 = ORIENTED_EDGE ( 'NONE', *, *, #2178, .T. ) ;
#1553 = ORIENTED_EDGE ( 'NONE', *, *, #5516, .F. ) ;
#1554 = ORIENTED_EDGE ( 'NONE', *, *, #5484, .F. ) ;
#1555 = DIRECTION ( 'NONE',  ( 0.000000000000000000, -1.000000000000000000, 0.000000000000000000 ) ) ;
#1556 = CARTESIAN_POINT ( 'NONE',  ( 28.00000000000001066, 12.00000000000000000, 33.50000000000000000 ) ) ;
#1557 = FACE_OUTER_BOUND ( 'NONE', #578, .T. ) ;
#1558 = VECTOR ( 'NONE', #4195, 1000.000000000000000 ) ;
#1559 = ORIENTED_EDGE ( 'NONE', *, *, #4349, .T. ) ;
#1560 = AXIS2_PLACEMENT_3D ( 'NONE', #4620, #3667, #810 ) ;
#1561 = DIRECTION ( 'NONE',  ( -0.000000000000000000, -1.000000000000000000, -0.000000000000000000 ) ) ;
#1562 = DIRECTION ( 'NONE',  ( 0.000000000000000000, -0.000000000000000000, 1.000000000000000000 ) ) ;
#1563 = CIRCLE ( 'NONE', #2455, 1.999999999999998224 ) ;
#1564 = APPROVAL_DATE_TIME ( #2464, #2569 ) ;
#1565 = ADVANCED_FACE ( 'NONE', ( #2611, #4496 ), #4994, .T. ) ;
#1566 = ORIENTED_EDGE ( 'NONE', *, *, #4913, .T. ) ;
#1567 = CARTESIAN_POINT ( 'NONE',  ( 28.75735931288073033, 17.00000000000000000, 28.74264068711927678 ) ) ;
#1568 = ORIENTED_EDGE ( 'NONE', *, *, #3053, .T. ) ;
#1569 = LINE ( 'NONE', #3064, #2170 ) ;
#1570 = CARTESIAN_POINT ( 'NONE',  ( -59.99999999999997158, 9.000000000000001776, -49.00000000000000000 ) ) ;
#1571 = CYLINDRICAL_SURFACE ( 'NONE', #3656, 3.000000000000002665 ) ;
#1572 = CYLINDRICAL_SURFACE ( 'NONE', #4579, 1.000000000000000888 ) ;
#1573 = VECTOR ( 'NONE', #2856, 1000.000000000000000 ) ;
#1574 = AXIS2_PLACEMENT_3D ( 'NONE', #843, #1831, #2734 ) ;
#1575 = EDGE_CURVE ( 'NONE', #4552, #4437, #3952, .T. ) ;
#1576 = VERTEX_POINT ( 'NONE', #192 ) ;
#1577 = ORIENTED_EDGE ( 'NONE', *, *, #4783, .F. ) ;
#1578 = CARTESIAN_POINT ( 'NONE',  ( 54.50000000000000000, 5.500000000000000000, 8.999999999999996447 ) ) ;
#1579 = VECTOR ( 'NONE', #4554, 1000.000000000000000 ) ;
#1580 = AXIS2_PLACEMENT_3D ( 'NONE', #1443, #1009, #121 ) ;
#1581 = CARTESIAN_POINT ( 'NONE',  ( -59.99999999999997158, -2.000000000000000000, 44.99999999999999289 ) ) ;
#1582 = CARTESIAN_POINT ( 'NONE',  ( -58.50000000000000000, 3.000000000000000000, -23.99999999999999289 ) ) ;
#1583 = CARTESIAN_POINT ( 'NONE',  ( -59.99999999999997158, 0.000000000000000000, 39.99999999999999289 ) ) ;
#1584 = AXIS2_PLACEMENT_3D ( 'NONE', #1441, #3336, #2867 ) ;
#1585 = VECTOR ( 'NONE', #1124, 1000.000000000000000 ) ;
#1586 = ORIENTED_EDGE ( 'NONE', *, *, #1171, .T. ) ;
#1587 = ORIENTED_EDGE ( 'NONE', *, *, #1842, .F. ) ;
#1588 = VERTEX_POINT ( 'NONE', #5915 ) ;
#1589 = ADVANCED_FACE ( 'NONE', ( #4001 ), #1671, .F. ) ;
#1590 = CARTESIAN_POINT ( 'NONE',  ( 30.00000000000001421, 7.500000000000000000, 39.49999999999999289 ) ) ;
#1591 = CIRCLE ( 'NONE', #1902, 1.000000000000000888 ) ;
#1592 = DIRECTION ( 'NONE',  ( 0.000000000000000000, 0.000000000000000000, -1.000000000000000000 ) ) ;
#1593 = CYLINDRICAL_SURFACE ( 'NONE', #1157, 2.000000000000001776 ) ;
#1594 = AXIS2_PLACEMENT_3D ( 'NONE', #5248, #4753, #995 ) ;
#1595 = ORIENTED_EDGE ( 'NONE', *, *, #4323, .T. ) ;
#1596 = CIRCLE ( 'NONE', #1197, 4.000000000000003553 ) ;
#1597 = DIRECTION ( 'NONE',  ( -0.000000000000000000, -1.000000000000000000, -0.000000000000000000 ) ) ;
#1598 = EDGE_CURVE ( 'NONE', #1796, #955, #2637, .T. ) ;
#1599 = FACE_OUTER_BOUND ( 'NONE', #1679, .T. ) ;
#1600 = VECTOR ( 'NONE', #281, 1000.000000000000000 ) ;
#1601 = CIRCLE ( 'NONE', #5073, 6.999999999999999112 ) ;
#1602 = CARTESIAN_POINT ( 'NONE',  ( 59.99999999999998579, 7.000000000000000888, -47.99999999999998579 ) ) ;
#1603 = DIRECTION ( 'NONE',  ( 0.000000000000000000, 0.000000000000000000, 1.000000000000000000 ) ) ;
#1604 = ORIENTED_EDGE ( 'NONE', *, *, #4416, .F. ) ;
#1605 = CARTESIAN_POINT ( 'NONE',  ( -7.999999999999989342, 1.734723475976807094E-15, 29.50000000000000000 ) ) ;
#1606 = ORIENTED_EDGE ( 'NONE', *, *, #1138, .F. ) ;
#1607 = DIRECTION ( 'NONE',  ( 0.000000000000000000, 0.000000000000000000, -1.000000000000000000 ) ) ;
#1608 = DIRECTION ( 'NONE',  ( 0.000000000000000000, 0.000000000000000000, 1.000000000000000000 ) ) ;
#1609 = DIRECTION ( 'NONE',  ( 0.000000000000000000, 0.000000000000000000, 1.000000000000000000 ) ) ;
#1610 = CARTESIAN_POINT ( 'NONE',  ( -54.50000000000000711, 7.500000000000000000, 9.999999999999998224 ) ) ;
#1611 = EDGE_CURVE ( 'NONE', #3398, #3777, #5911, .T. ) ;
#1612 = EDGE_LOOP ( 'NONE', ( #2502, #3380 ) ) ;
#1613 = ORIENTED_EDGE ( 'NONE', *, *, #4354, .F. ) ;
#1614 = LINE ( 'NONE', #4521, #2367 ) ;
#1615 = PLANE ( 'NONE',  #3680 ) ;
#1616 = EDGE_CURVE ( 'NONE', #3979, #5657, #1375, .T. ) ;
#1617 = CARTESIAN_POINT ( 'NONE',  ( 37.00000000000000000, 4.500000000000000888, -26.00000000000001066 ) ) ;
#1618 = CARTESIAN_POINT ( 'NONE',  ( -59.99999999999997158, -2.000000000000000000, -54.00000000000000000 ) ) ;
#1619 = VERTEX_POINT ( 'NONE', #4873 ) ;
#1620 = ORIENTED_EDGE ( 'NONE', *, *, #5294, .T. ) ;
#1621 = ORIENTED_EDGE ( 'NONE', *, *, #5751, .F. ) ;
#1622 = DIRECTION ( 'NONE',  ( 1.000000000000000000, 0.000000000000000000, -0.000000000000000000 ) ) ;
#1623 = CARTESIAN_POINT ( 'NONE',  ( 54.49999999999995737, 5.500000000000000000, 9.999999999999996447 ) ) ;
#1624 = EDGE_CURVE ( 'NONE', #658, #4160, #3041, .T. ) ;
#1625 = CARTESIAN_POINT ( 'NONE',  ( 59.99999999999998579, 0.000000000000000000, -48.99999999999998579 ) ) ;
#1626 = ADVANCED_FACE ( 'NONE', ( #624, #2039 ), #4902, .T. ) ;
#1627 = ORIENTED_EDGE ( 'NONE', *, *, #1323, .F. ) ;
#1628 = CARTESIAN_POINT ( 'NONE',  ( -9.999999999999989342, 14.00000000000000178, 27.50000000000000000 ) ) ;
#1629 = PLANE ( 'NONE',  #1971 ) ;
#1630 = EDGE_CURVE ( 'NONE', #5926, #4160, #290, .T. ) ;
#1631 = CARTESIAN_POINT ( 'NONE',  ( 59.99999999999998579, -2.000000000000000000, -48.99999999999998579 ) ) ;
#1632 = EDGE_CURVE ( 'NONE', #937, #5904, #3663, .T. ) ;
#1633 = ORIENTED_EDGE ( 'NONE', *, *, #982, .F. ) ;
#1634 = FACE_OUTER_BOUND ( 'NONE', #4623, .T. ) ;
#1635 = ORIENTED_EDGE ( 'NONE', *, *, #4874, .T. ) ;
#1636 = DIRECTION ( 'NONE',  ( 0.000000000000000000, 0.000000000000000000, 1.000000000000000000 ) ) ;
#1637 = FACE_OUTER_BOUND ( 'NONE', #4894, .T. ) ;
#1638 = LINE ( 'NONE', #3066, #282 ) ;
#1639 = CARTESIAN_POINT ( 'NONE',  ( -59.99999999999997158, 2.000000000000000000, 39.99999999999999289 ) ) ;
#1640 = ORIENTED_EDGE ( 'NONE', *, *, #2566, .T. ) ;
#1641 = VERTEX_POINT ( 'NONE', #6065 ) ;
#1642 = PLANE ( 'NONE',  #3063 ) ;
#1643 = DIRECTION ( 'NONE',  ( -0.000000000000000000, -1.000000000000000000, -0.000000000000000000 ) ) ;
#1644 = DIRECTION ( 'NONE',  ( 1.000000000000000000, 0.000000000000000000, 0.000000000000000000 ) ) ;
#1645 = DIRECTION ( 'NONE',  ( 1.734723475976806848E-16, 0.000000000000000000, -1.000000000000000000 ) ) ;
#1646 = EDGE_CURVE ( 'NONE', #4090, #1001, #5052, .T. ) ;
#1647 = ORIENTED_EDGE ( 'NONE', *, *, #4704, .T. ) ;
#1648 = ORIENTED_EDGE ( 'NONE', *, *, #2837, .F. ) ;
#1649 = VERTEX_POINT ( 'NONE', #5088 ) ;
#1650 = EDGE_CURVE ( 'NONE', #2816, #5789, #4618, .T. ) ;
#1651 = DIRECTION ( 'NONE',  ( 0.000000000000000000, 0.000000000000000000, -1.000000000000000000 ) ) ;
#1652 = CARTESIAN_POINT ( 'NONE',  ( 10.99999999999999645, 5.500000000000000000, 11.99999999999999645 ) ) ;
#1653 = DIRECTION ( 'NONE',  ( 1.000000000000000000, 0.000000000000000000, 0.000000000000000000 ) ) ;
#1654 = ORIENTED_EDGE ( 'NONE', *, *, #2177, .F. ) ;
#1655 = CARTESIAN_POINT ( 'NONE',  ( -59.99999999999997158, 0.000000000000000000, -45.00000000000000000 ) ) ;
#1656 = EDGE_CURVE ( 'NONE', #4360, #5298, #2267, .T. ) ;
#1657 = CYLINDRICAL_SURFACE ( 'NONE', #1183, 3.000000000000009770 ) ;
#1658 = AXIS2_PLACEMENT_3D ( 'NONE', #3498, #5310, #5337 ) ;
#1659 = DIRECTION ( 'NONE',  ( 1.000000000000000000, 0.000000000000000000, -2.891205793294676354E-16 ) ) ;
#1660 = CIRCLE ( 'NONE', #1560, 3.500000000000003109 ) ;
#1661 = CARTESIAN_POINT ( 'NONE',  ( 25.00000000000001421, 15.00000000000000178, 32.50000000000000000 ) ) ;
#1662 = ORIENTED_EDGE ( 'NONE', *, *, #4832, .F. ) ;
#1663 = CARTESIAN_POINT ( 'NONE',  ( 37.00000000000000000, 4.500000000000000888, -29.00000000000000711 ) ) ;
#1664 = EDGE_CURVE ( 'NONE', #37, #3513, #807, .T. ) ;
#1665 = LINE ( 'NONE', #1111, #901 ) ;
#1666 = AXIS2_PLACEMENT_3D ( 'NONE', #4614, #2722, #1382 ) ;
#1667 = FACE_OUTER_BOUND ( 'NONE', #5866, .T. ) ;
#1668 = CARTESIAN_POINT ( 'NONE',  ( -37.00000000000000000, 2.000000000000000000, -18.00000000000001066 ) ) ;
#1669 = ORIENTED_EDGE ( 'NONE', *, *, #982, .T. ) ;
#1670 = ORIENTED_EDGE ( 'NONE', *, *, #4568, .T. ) ;
#1671 = CYLINDRICAL_SURFACE ( 'NONE', #2060, 2.199999999999997957 ) ;
#1672 = LINE ( 'NONE', #5888, #404 ) ;
#1673 = VECTOR ( 'NONE', #135, 1000.000000000000000 ) ;
#1674 = DIRECTION ( 'NONE',  ( 0.000000000000000000, 1.000000000000000000, 0.000000000000000000 ) ) ;
#1675 = AXIS2_PLACEMENT_3D ( 'NONE', #2602, #3120, #793 ) ;
#1676 = CARTESIAN_POINT ( 'NONE',  ( 58.50000000000000711, 3.000000000000000000, -23.99999999999999289 ) ) ;
#1677 = ORIENTED_EDGE ( 'NONE', *, *, #4874, .F. ) ;
#1678 = EDGE_LOOP ( 'NONE', ( #1386, #3926, #45, #3533 ) ) ;
#1679 = EDGE_LOOP ( 'NONE', ( #1881, #2635, #2825, #1014 ) ) ;
#1680 = AXIS2_PLACEMENT_3D ( 'NONE', #2565, #4864, #4957 ) ;
#1681 = FACE_OUTER_BOUND ( 'NONE', #5173, .T. ) ;
#1682 = DIRECTION ( 'NONE',  ( 1.000000000000000000, 0.000000000000000000, 0.000000000000000000 ) ) ;
#1683 = LINE ( 'NONE', #262, #2050 ) ;
#1684 = AXIS2_PLACEMENT_3D ( 'NONE', #2220, #4113, #1374 ) ;
#1685 = VECTOR ( 'NONE', #1002, 1000.000000000000000 ) ;
#1686 = ORIENTED_EDGE ( 'NONE', *, *, #3242, .T. ) ;
#1687 = CARTESIAN_POINT ( 'NONE',  ( -59.99999999999997158, 0.000000000000000000, 39.99999999999999289 ) ) ;
#1688 = CARTESIAN_POINT ( 'NONE',  ( 54.49999999999997868, 7.500000000000000000, 6.999999999999996447 ) ) ;
#1689 = VECTOR ( 'NONE', #5277, 1000.000000000000000 ) ;
#1690 = PRODUCT_DEFINITION_FORMATION_WITH_SPECIFIED_SOURCE ( '�', '', #1506, .NOT_KNOWN. ) ;
#1691 = VECTOR ( 'NONE', #2217, 1000.000000000000000 ) ;
#1692 = FACE_OUTER_BOUND ( 'NONE', #378, .T. ) ;
#1693 = EDGE_CURVE ( 'NONE', #5242, #269, #5578, .T. ) ;
#1694 = AXIS2_PLACEMENT_3D ( 'NONE', #405, #2293, #1355 ) ;
#1695 = DIRECTION ( 'NONE',  ( 0.000000000000000000, 0.000000000000000000, 1.000000000000000000 ) ) ;
#1696 = VECTOR ( 'NONE', #811, 1000.000000000000000 ) ;
#1697 = VERTEX_POINT ( 'NONE', #2702 ) ;
#1698 = DIRECTION ( 'NONE',  ( -0.000000000000000000, -1.000000000000000000, -0.000000000000000000 ) ) ;
#1699 = CARTESIAN_POINT ( 'NONE',  ( -36.99999999999999289, 3.000000000000000000, -24.00000000000001066 ) ) ;
#1700 = CARTESIAN_POINT ( 'NONE',  ( -10.00000000000000000, 12.00000000000000000, 22.00000000000000000 ) ) ;
#1701 = CARTESIAN_POINT ( 'NONE',  ( -59.99999999999997158, 7.000000000000000888, -49.00000000000000000 ) ) ;
#1702 = VECTOR ( 'NONE', #679, 1000.000000000000000 ) ;
#1703 = EDGE_CURVE ( 'NONE', #3869, #5461, #4544, .T. ) ;
#1704 = VERTEX_POINT ( 'NONE', #1354 ) ;
#1705 = ORIENTED_EDGE ( 'NONE', *, *, #2027, .T. ) ;
#1706 = CARTESIAN_POINT ( 'NONE',  ( -10.00000000000000000, 12.00000000000000000, 23.00000000000000000 ) ) ;
#1707 = LINE ( 'NONE', #5820, #5445 ) ;
#1708 = CYLINDRICAL_SURFACE ( 'NONE', #5132, 3.000000000000002665 ) ;
#1709 = DIRECTION ( 'NONE',  ( 0.000000000000000000, 0.000000000000000000, -1.000000000000000000 ) ) ;
#1710 = ADVANCED_FACE ( 'NONE', ( #1329 ), #3254, .F. ) ;
#1711 = ORIENTED_EDGE ( 'NONE', *, *, #5551, .T. ) ;
#1712 = DIRECTION ( 'NONE',  ( -1.000000000000000000, 0.000000000000000000, -0.000000000000000000 ) ) ;
#1713 = ORIENTED_EDGE ( 'NONE', *, *, #3433, .T. ) ;
#1714 = CARTESIAN_POINT ( 'NONE',  ( -9.999999999999984013, 17.00000000000000000, 57.49999999999999289 ) ) ;
#1715 = CARTESIAN_POINT ( 'NONE',  ( -7.999999999999989342, 10.00000000000000000, 29.50000000000000000 ) ) ;
#1716 = DIRECTION ( 'NONE',  ( 0.000000000000000000, -1.000000000000000000, 0.000000000000000000 ) ) ;
#1717 =( BOUNDED_CURVE ( )  B_SPLINE_CURVE ( 3, ( #5924, #4978, #4911, #1151 ),
 .UNSPECIFIED., .F., .F. ) 
 B_SPLINE_CURVE_WITH_KNOTS ( ( 4, 4 ),
 ( 1.570796326794896558, 3.141592653589793116 ),
 .UNSPECIFIED. ) 
 CURVE ( )  GEOMETRIC_REPRESENTATION_ITEM ( )  RATIONAL_B_SPLINE_CURVE ( ( 1.000000000000000000, 0.8047378541243649375, 0.8047378541243649375, 1.000000000000000000 ) ) 
 REPRESENTATION_ITEM ( '' )  );
#1718 = ORIENTED_EDGE ( 'NONE', *, *, #1125, .T. ) ;
#1719 = CARTESIAN_POINT ( 'NONE',  ( 28.00000000000001066, 4.000000000000000000, 39.49999999999999289 ) ) ;
#1720 = FACE_OUTER_BOUND ( 'NONE', #2553, .T. ) ;
#1721 = CARTESIAN_POINT ( 'NONE',  ( -5.999999999999999112, 0.000000000000000000, 23.00000000000000000 ) ) ;
#1722 = EDGE_CURVE ( 'NONE', #1980, #4680, #4121, .T. ) ;
#1723 = PERSON_AND_ORGANIZATION ( #5087, #310 ) ;
#1724 = FACE_OUTER_BOUND ( 'NONE', #3581, .T. ) ;
#1725 = ORIENTED_EDGE ( 'NONE', *, *, #3891, .F. ) ;
#1726 = EDGE_CURVE ( 'NONE', #3749, #4387, #894, .T. ) ;
#1727 = CARTESIAN_POINT ( 'NONE',  ( -59.99999999999997158, 7.000000000000000888, 39.99999999999999289 ) ) ;
#1728 = CARTESIAN_POINT ( 'NONE',  ( -59.99999999999997158, -2.000000000000000000, -49.00000000000000000 ) ) ;
#1729 = EDGE_CURVE ( 'NONE', #5339, #3598, #6002, .T. ) ;
#1730 = DIRECTION ( 'NONE',  ( 0.000000000000000000, 1.000000000000000000, 0.000000000000000000 ) ) ;
#1731 = DIRECTION ( 'NONE',  ( -1.239088197126291063E-16, 0.000000000000000000, -1.000000000000000000 ) ) ;
#1732 = ORIENTED_EDGE ( 'NONE', *, *, #4691, .T. ) ;
#1733 = EDGE_LOOP ( 'NONE', ( #5252, #6025, #4993, #689 ) ) ;
#1734 = EDGE_CURVE ( 'NONE', #1796, #5317, #5115, .T. ) ;
#1735 = LINE ( 'NONE', #860, #3956 ) ;
#1736 = FACE_OUTER_BOUND ( 'NONE', #1315, .T. ) ;
#1737 = DIRECTION ( 'NONE',  ( 0.000000000000000000, 0.000000000000000000, -1.000000000000000000 ) ) ;
#1738 = FACE_OUTER_BOUND ( 'NONE', #3861, .T. ) ;
#1739 = ORIENTED_EDGE ( 'NONE', *, *, #5056, .T. ) ;
#1740 = LINE ( 'NONE', #1272, #4240 ) ;
#1741 = ORIENTED_EDGE ( 'NONE', *, *, #5621, .F. ) ;
#1742 = CARTESIAN_POINT ( 'NONE',  ( -54.50000000000001421, 5.500000000000000000, -27.00000000000000355 ) ) ;
#1743 = CARTESIAN_POINT ( 'NONE',  ( -59.99999999999997158, 2.000000000000000000, -49.00000000000000000 ) ) ;
#1744 = EDGE_CURVE ( 'NONE', #5597, #3314, #1735, .T. ) ;
#1745 = DIRECTION ( 'NONE',  ( 0.000000000000000000, -1.000000000000000000, 0.000000000000000000 ) ) ;
#1746 = ORIENTED_EDGE ( 'NONE', *, *, #2320, .F. ) ;
#1747 = ORIENTED_EDGE ( 'NONE', *, *, #3490, .F. ) ;
#1748 = CYLINDRICAL_SURFACE ( 'NONE', #4370, 3.000000000000009770 ) ;
#1749 = EDGE_LOOP ( 'NONE', ( #3970, #3521 ) ) ;
#1750 = FACE_OUTER_BOUND ( 'NONE', #2068, .T. ) ;
#1751 = CARTESIAN_POINT ( 'NONE',  ( 59.99999999999998579, 9.000000000000001776, -53.99999999999999289 ) ) ;
#1752 = VECTOR ( 'NONE', #3115, 1000.000000000000000 ) ;
#1753 = DIRECTION ( 'NONE',  ( 2.168404344971008868E-16, 0.000000000000000000, 1.000000000000000000 ) ) ;
#1754 = EDGE_LOOP ( 'NONE', ( #851, #3054, #3837, #1181 ) ) ;
#1755 = LINE ( 'NONE', #2721, #2595 ) ;
#1756 = CARTESIAN_POINT ( 'NONE',  ( -54.50000000000003553, 5.500000000000000000, -24.00000000000000355 ) ) ;
#1757 = VECTOR ( 'NONE', #49, 1000.000000000000000 ) ;
#1758 = ADVANCED_FACE ( 'NONE', ( #4092 ), #4682, .F. ) ;
#1759 = DIRECTION ( 'NONE',  ( 0.000000000000000000, -0.000000000000000000, -1.000000000000000000 ) ) ;
#1760 = VERTEX_POINT ( 'NONE', #403 ) ;
#1761 = ORIENTED_EDGE ( 'NONE', *, *, #6050, .F. ) ;
#1762 = CIRCLE ( 'NONE', #5914, 1.000000000000000888 ) ;
#1763 = CARTESIAN_POINT ( 'NONE',  ( -56.49999999999999289, 2.000000000000000000, -24.00000000000000711 ) ) ;
#1764 = DIRECTION ( 'NONE',  ( 0.000000000000000000, -0.000000000000000000, 1.000000000000000000 ) ) ;
#1765 = DIRECTION ( 'NONE',  ( 0.000000000000000000, -0.000000000000000000, 1.000000000000000000 ) ) ;
#1766 = DIRECTION ( 'NONE',  ( 1.000000000000000000, 0.000000000000000000, 0.000000000000000000 ) ) ;
#1767 = EDGE_CURVE ( 'NONE', #1028, #3824, #4184, .T. ) ;
#1768 = AXIS2_PLACEMENT_3D ( 'NONE', #1486, #3385, #2606 ) ;
#1769 = VERTEX_POINT ( 'NONE', #1706 ) ;
#1770 = CARTESIAN_POINT ( 'NONE',  ( 59.99999999999998579, 7.000000000000000888, -48.99999999999998579 ) ) ;
#1771 = ORIENTED_EDGE ( 'NONE', *, *, #2861, .F. ) ;
#1772 = DIRECTION ( 'NONE',  ( 0.000000000000000000, 0.000000000000000000, 1.000000000000000000 ) ) ;
#1773 = VECTOR ( 'NONE', #345, 1000.000000000000000 ) ;
#1774 = CYLINDRICAL_SURFACE ( 'NONE', #1192, 17.50000000000000000 ) ;
#1775 = LINE ( 'NONE', #3679, #1057 ) ;
#1776 = ORIENTED_EDGE ( 'NONE', *, *, #6022, .T. ) ;
#1777 = VECTOR ( 'NONE', #2007, 1000.000000000000000 ) ;
#1778 = AXIS2_PLACEMENT_3D ( 'NONE', #5641, #5185, #6097 ) ;
#1779 = VERTEX_POINT ( 'NONE', #5485 ) ;
#1780 = EDGE_CURVE ( 'NONE', #1839, #2905, #1264, .T. ) ;
#1781 = CARTESIAN_POINT ( 'NONE',  ( -11.00000000000000178, 12.00000000000000000, 22.00000000000000000 ) ) ;
#1782 = ORIENTED_EDGE ( 'NONE', *, *, #3337, .F. ) ;
#1783 = DIRECTION ( 'NONE',  ( 2.238352872228138170E-16, 0.000000000000000000, 1.000000000000000000 ) ) ;
#1784 = CIRCLE ( 'NONE', #4855, 4.000000000000003553 ) ;
#1785 = AXIS2_PLACEMENT_3D ( 'NONE', #3461, #4854, #2524 ) ;
#1786 = EDGE_CURVE ( 'NONE', #2057, #2664, #493, .T. ) ;
#1787 = VECTOR ( 'NONE', #6014, 1000.000000000000000 ) ;
#1788 = AXIS2_PLACEMENT_3D ( 'NONE', #1816, #5131, #2243 ) ;
#1789 = CARTESIAN_POINT ( 'NONE',  ( -59.99999999999997158, 0.000000000000000000, 39.99999999999999289 ) ) ;
#1790 = ORIENTED_EDGE ( 'NONE', *, *, #4700, .T. ) ;
#1791 = FACE_OUTER_BOUND ( 'NONE', #3682, .T. ) ;
#1792 = VECTOR ( 'NONE', #952, 1000.000000000000000 ) ;
#1793 = CARTESIAN_POINT ( 'NONE',  ( -59.99999999999997158, -2.000000000000000000, 39.99999999999999289 ) ) ;
#1794 = DIRECTION ( 'NONE',  ( -0.000000000000000000, -1.000000000000000000, -0.000000000000000000 ) ) ;
#1795 = VECTOR ( 'NONE', #5408, 1000.000000000000000 ) ;
#1796 = VERTEX_POINT ( 'NONE', #93 ) ;
#1797 = ORIENTED_EDGE ( 'NONE', *, *, #6092, .F. ) ;
#1798 = CIRCLE ( 'NONE', #5262, 5.000000000000004441 ) ;
#1799 = DIRECTION ( 'NONE',  ( -1.000000000000000000, 0.000000000000000000, 0.000000000000000000 ) ) ;
#1800 = DIRECTION ( 'NONE',  ( -2.478176394252582127E-16, 0.000000000000000000, 1.000000000000000000 ) ) ;
#1801 = VECTOR ( 'NONE', #256, 1000.000000000000000 ) ;
#1802 = DIRECTION ( 'NONE',  ( 0.000000000000000000, 0.000000000000000000, -1.000000000000000000 ) ) ;
#1803 = CARTESIAN_POINT ( 'NONE',  ( -54.49999999999999289, 3.000000000000000000, 6.999999999999993783 ) ) ;
#1804 = EDGE_CURVE ( 'NONE', #5858, #2468, #2912, .T. ) ;
#1805 = ORIENTED_EDGE ( 'NONE', *, *, #943, .F. ) ;
#1806 = DIRECTION ( 'NONE',  ( -0.000000000000000000, 1.000000000000000000, -0.000000000000000000 ) ) ;
#1807 = VERTEX_POINT ( 'NONE', #1884 ) ;
#1808 = CARTESIAN_POINT ( 'NONE',  ( 59.99999999999997158, 11.00000000000000178, 43.00000000000000000 ) ) ;
#1809 = EDGE_CURVE ( 'NONE', #1538, #5988, #4804, .T. ) ;
#1810 = CARTESIAN_POINT ( 'NONE',  ( 59.99999999999990763, 0.000000000000000000, 57.49999999999999289 ) ) ;
#1811 = CARTESIAN_POINT ( 'NONE',  ( -58.50000000000000000, 3.000000000000000000, 6.999999999999980460 ) ) ;
#1812 = ORIENTED_EDGE ( 'NONE', *, *, #4841, .F. ) ;
#1813 = ORIENTED_EDGE ( 'NONE', *, *, #3640, .T. ) ;
#1814 = FACE_OUTER_BOUND ( 'NONE', #891, .T. ) ;
#1815 = ORIENTED_EDGE ( 'NONE', *, *, #2265, .F. ) ;
#1816 = CARTESIAN_POINT ( 'NONE',  ( 6.000000000000021316, 10.00000000000000000, 43.50000000000000000 ) ) ;
#1817 = EDGE_CURVE ( 'NONE', #2119, #658, #691, .T. ) ;
#1818 = EDGE_CURVE ( 'NONE', #6054, #1262, #527, .T. ) ;
#1819 = CARTESIAN_POINT ( 'NONE',  ( -8.999999999999998224, 2.000000000000000000, 24.00000000000000000 ) ) ;
#1820 = VERTEX_POINT ( 'NONE', #925 ) ;
#1821 = ADVANCED_FACE ( 'NONE', ( #552 ), #4709, .F. ) ;
#1822 = DIRECTION ( 'NONE',  ( 2.238352872228141129E-16, 0.000000000000000000, 1.000000000000000000 ) ) ;
#1823 = CARTESIAN_POINT ( 'NONE',  ( 54.49999999999999289, 3.000000000000000000, 8.999999999999994671 ) ) ;
#1824 = ORIENTED_EDGE ( 'NONE', *, *, #1693, .T. ) ;
#1825 = ORIENTED_EDGE ( 'NONE', *, *, #754, .T. ) ;
#1826 = CARTESIAN_POINT ( 'NONE',  ( -6.999999999999984901, 14.00000000000000178, 57.49999999999999289 ) ) ;
#1827 = DIRECTION ( 'NONE',  ( 0.000000000000000000, 1.000000000000000000, 0.000000000000000000 ) ) ;
#1828 = CARTESIAN_POINT ( 'NONE',  ( 37.00000000000002132, 3.000000000000000000, -28.00000000000001066 ) ) ;
#1829 = CARTESIAN_POINT ( 'NONE',  ( 27.00000000000001421, 17.00000000000000000, 27.50000000000000000 ) ) ;
#1830 = ORIENTED_EDGE ( 'NONE', *, *, #6074, .F. ) ;
#1831 = DIRECTION ( 'NONE',  ( -0.000000000000000000, -1.000000000000000000, -0.000000000000000000 ) ) ;
#1832 = ORIENTED_EDGE ( 'NONE', *, *, #2557, .F. ) ;
#1833 = CARTESIAN_POINT ( 'NONE',  ( 29.99999999999998579, 3.000000000000000000, -26.00000000000001066 ) ) ;
#1834 = CARTESIAN_POINT ( 'NONE',  ( -59.99999999999997158, 2.000000000000000000, 39.99999999999999289 ) ) ;
#1835 = DIRECTION ( 'NONE',  ( 0.000000000000000000, 0.000000000000000000, -1.000000000000000000 ) ) ;
#1836 = ORIENTED_EDGE ( 'NONE', *, *, #4841, .T. ) ;
#1837 = ORIENTED_EDGE ( 'NONE', *, *, #1729, .T. ) ;
#1838 = DIRECTION ( 'NONE',  ( 0.000000000000000000, 1.000000000000000000, 0.000000000000000000 ) ) ;
#1839 = VERTEX_POINT ( 'NONE', #2345 ) ;
#1840 = LINE ( 'NONE', #5618, #4462 ) ;
#1841 = CARTESIAN_POINT ( 'NONE',  ( 28.00000000000001421, 8.500000000000000000, 30.00000000000000000 ) ) ;
#1842 = EDGE_CURVE ( 'NONE', #259, #2515, #5834, .T. ) ;
#1843 = LINE ( 'NONE', #5171, #1482 ) ;
#1844 = VERTEX_POINT ( 'NONE', #1484 ) ;
#1845 = PLANE ( 'NONE',  #2784 ) ;
#1846 = CARTESIAN_POINT ( 'NONE',  ( -54.50000000000000000, 2.000000000000000000, -29.00000000000000711 ) ) ;
#1847 = ORIENTED_EDGE ( 'NONE', *, *, #5776, .T. ) ;
#1848 = EDGE_CURVE ( 'NONE', #5093, #4722, #2412, .T. ) ;
#1849 = ORIENTED_EDGE ( 'NONE', *, *, #4629, .T. ) ;
#1850 = PLANE ( 'NONE',  #4153 ) ;
#1851 = DIRECTION ( 'NONE',  ( -1.000000000000000000, 0.000000000000000000, 4.476705744456282257E-16 ) ) ;
#1852 = VECTOR ( 'NONE', #4849, 1000.000000000000000 ) ;
#1853 = CARTESIAN_POINT ( 'NONE',  ( -54.50000000000000000, 5.500000000000000000, -24.00000000000000711 ) ) ;
#1854 = PLANE ( 'NONE',  #2180 ) ;
#1855 = ORIENTED_EDGE ( 'NONE', *, *, #1389, .F. ) ;
#1856 = CIRCLE ( 'NONE', #2351, 6.999999999999999112 ) ;
#1857 = DIRECTION ( 'NONE',  ( 0.000000000000000000, 0.000000000000000000, -1.000000000000000000 ) ) ;
#1858 = EDGE_LOOP ( 'NONE', ( #3819, #1284, #660, #3531 ) ) ;
#1859 = CARTESIAN_POINT ( 'NONE',  ( -59.99999999999997158, -2.000000000000000000, -49.00000000000000000 ) ) ;
#1860 = CARTESIAN_POINT ( 'NONE',  ( 59.99999999999998579, -2.000000000000000000, -48.99999999999998579 ) ) ;
#1861 = DIRECTION ( 'NONE',  ( 0.000000000000000000, -0.000000000000000000, -1.000000000000000000 ) ) ;
#1862 = CIRCLE ( 'NONE', #2660, 1.000000000000000888 ) ;
#1863 = DIRECTION ( 'NONE',  ( -0.000000000000000000, -0.000000000000000000, 1.000000000000000000 ) ) ;
#1864 = VERTEX_POINT ( 'NONE', #5759 ) ;
#1865 = ORIENTED_EDGE ( 'NONE', *, *, #5688, .F. ) ;
#1866 = ORIENTED_EDGE ( 'NONE', *, *, #916, .F. ) ;
#1867 = EDGE_LOOP ( 'NONE', ( #4229, #4529, #716, #133 ) ) ;
#1868 = DIRECTION ( 'NONE',  ( 0.000000000000000000, -1.000000000000000000, 0.000000000000000000 ) ) ;
#1869 = LINE ( 'NONE', #5012, #786 ) ;
#1870 = VECTOR ( 'NONE', #2800, 1000.000000000000000 ) ;
#1871 = AXIS2_PLACEMENT_3D ( 'NONE', #5349, #500, #645 ) ;
#1872 = DIRECTION ( 'NONE',  ( 2.891205793294679312E-16, -0.000000000000000000, 1.000000000000000000 ) ) ;
#1873 = EDGE_LOOP ( 'NONE', ( #3345, #5686, #147, #6105 ) ) ;
#1874 = AXIS2_PLACEMENT_3D ( 'NONE', #2032, #2533, #580 ) ;
#1875 = AXIS2_PLACEMENT_3D ( 'NONE', #1688, #3027, #756 ) ;
#1876 = EDGE_CURVE ( 'NONE', #2126, #5431, #2465, .T. ) ;
#1877 = CARTESIAN_POINT ( 'NONE',  ( -59.99999999999997158, 9.000000000000001776, 40.99999999999999289 ) ) ;
#1878 = DIRECTION ( 'NONE',  ( -0.000000000000000000, 0.000000000000000000, 1.000000000000000000 ) ) ;
#1879 = CIRCLE ( 'NONE', #2175, 6.999999999999999112 ) ;
#1880 = CIRCLE ( 'NONE', #3277, 4.000000000000003553 ) ;
#1881 = ORIENTED_EDGE ( 'NONE', *, *, #1427, .F. ) ;
#1882 = VECTOR ( 'NONE', #5388, 1000.000000000000000 ) ;
#1883 = ORIENTED_EDGE ( 'NONE', *, *, #2346, .T. ) ;
#1884 = CARTESIAN_POINT ( 'NONE',  ( -59.99999999999997158, 0.000000000000000000, 35.99999999999999289 ) ) ;
#1885 = VECTOR ( 'NONE', #5682, 1000.000000000000000 ) ;
#1886 = EDGE_CURVE ( 'NONE', #1839, #5258, #2318, .T. ) ;
#1887 = DIRECTION ( 'NONE',  ( 0.000000000000000000, 0.000000000000000000, 1.000000000000000000 ) ) ;
#1888 = CARTESIAN_POINT ( 'NONE',  ( 59.99999999999998579, 9.000000000000001776, -49.99999999999998579 ) ) ;
#1889 = ADVANCED_FACE ( 'NONE', ( #1449 ), #4779, .F. ) ;
#1890 = DIRECTION ( 'NONE',  ( 0.000000000000000000, 0.000000000000000000, 1.000000000000000000 ) ) ;
#1891 = AXIS2_PLACEMENT_3D ( 'NONE', #3622, #1659, #266 ) ;
#1892 = VECTOR ( 'NONE', #983, 1000.000000000000000 ) ;
#1893 = VERTEX_POINT ( 'NONE', #4209 ) ;
#1894 = DIRECTION ( 'NONE',  ( -1.000000000000000000, -0.000000000000000000, -0.000000000000000000 ) ) ;
#1895 = ORIENTED_EDGE ( 'NONE', *, *, #4759, .F. ) ;
#1896 = CARTESIAN_POINT ( 'NONE',  ( -54.49999999999997868, 3.000000000000000000, -28.00000000000001066 ) ) ;
#1897 = VECTOR ( 'NONE', #2231, 1000.000000000000000 ) ;
#1898 = CARTESIAN_POINT ( 'NONE',  ( 59.99999999999998579, 11.00000000000000178, -45.99999999999997868 ) ) ;
#1899 = CARTESIAN_POINT ( 'NONE',  ( 7.999999999999992895, 0.000000000000000000, 22.00000000000000000 ) ) ;
#1900 = ADVANCED_FACE ( 'NONE', ( #6091 ), #1850, .F. ) ;
#1901 = CARTESIAN_POINT ( 'NONE',  ( -30.00000000000000000, 4.500000000000000888, -29.00000000000000711 ) ) ;
#1902 = AXIS2_PLACEMENT_3D ( 'NONE', #3603, #1298, #341 ) ;
#1903 = VERTEX_POINT ( 'NONE', #39 ) ;
#1904 = ORIENTED_EDGE ( 'NONE', *, *, #5832, .T. ) ;
#1905 = EDGE_LOOP ( 'NONE', ( #4825, #6069, #3082, #2112 ) ) ;
#1906 = DIRECTION ( 'NONE',  ( -4.270088556250607616E-16, -0.000000000000000000, -1.000000000000000000 ) ) ;
#1907 = CARTESIAN_POINT ( 'NONE',  ( 30.00000000000001421, 3.000000000000937916, -28.00000000000001066 ) ) ;
#1908 = CARTESIAN_POINT ( 'NONE',  ( 59.99999999999998579, 9.000000000000001776, -52.00000000000000000 ) ) ;
#1909 = EDGE_LOOP ( 'NONE', ( #2323, #2453, #5555, #2771 ) ) ;
#1910 = ADVANCED_FACE ( 'NONE', ( #3751, #3381 ), #3292, .T. ) ;
#1911 = FACE_OUTER_BOUND ( 'NONE', #1749, .T. ) ;
#1912 = CARTESIAN_POINT ( 'NONE',  ( 5.000000000000021316, 15.00000000000000178, 40.49999999999999289 ) ) ;
#1913 = EDGE_CURVE ( 'NONE', #2934, #4680, #951, .T. ) ;
#1914 = VERTEX_POINT ( 'NONE', #491 ) ;
#1915 = ORIENTED_EDGE ( 'NONE', *, *, #1616, .F. ) ;
#1916 = DIRECTION ( 'NONE',  ( 0.000000000000000000, 0.000000000000000000, -1.000000000000000000 ) ) ;
#1917 = ADVANCED_FACE ( 'NONE', ( #2382 ), #4274, .F. ) ;
#1918 = DIRECTION ( 'NONE',  ( 0.000000000000000000, 1.000000000000000000, 0.000000000000000000 ) ) ;
#1919 = CARTESIAN_POINT ( 'NONE',  ( 7.999999999999998224, 0.000000000000000000, 19.99999999999999645 ) ) ;
#1920 = DIRECTION ( 'NONE',  ( 0.000000000000000000, 0.000000000000000000, 1.000000000000000000 ) ) ;
#1921 = EDGE_CURVE ( 'NONE', #1576, #879, #3567, .T. ) ;
#1922 = ORIENTED_EDGE ( 'NONE', *, *, #567, .F. ) ;
#1923 = CARTESIAN_POINT ( 'NONE',  ( 8.999999999999991118, 0.000000000000000000, 19.99999999999999645 ) ) ;
#1924 = EDGE_LOOP ( 'NONE', ( #1586, #5744, #5384, #3768 ) ) ;
#1925 = LINE ( 'NONE', #5681, #1073 ) ;
#1926 = DIRECTION ( 'NONE',  ( 0.000000000000000000, -1.000000000000000000, 0.000000000000000000 ) ) ;
#1927 = PLANE ( 'NONE',  #4424 ) ;
#1928 = CARTESIAN_POINT ( 'NONE',  ( 59.99999999999998579, 2.000000000000000000, -48.99999999999998579 ) ) ;
#1929 = ORIENTED_EDGE ( 'NONE', *, *, #4089, .T. ) ;
#1930 = ORIENTED_EDGE ( 'NONE', *, *, #1309, .T. ) ;
#1931 = ORIENTED_EDGE ( 'NONE', *, *, #3848, .F. ) ;
#1932 = ADVANCED_FACE ( 'NONE', ( #3004 ), #2127, .T. ) ;
#1933 = CARTESIAN_POINT ( 'NONE',  ( 30.00000000000000000, 4.500000000000000888, -26.00000000000001066 ) ) ;
#1934 = DIRECTION ( 'NONE',  ( 0.000000000000000000, 1.000000000000000000, 0.000000000000000000 ) ) ;
#1935 = VERTEX_POINT ( 'NONE', #219 ) ;
#1936 = FACE_OUTER_BOUND ( 'NONE', #5368, .T. ) ;
#1937 = ORIENTED_EDGE ( 'NONE', *, *, #5405, .F. ) ;
#1938 = CARTESIAN_POINT ( 'NONE',  ( -59.99999999999984368, 0.000000000000000000, 57.49999999999999289 ) ) ;
#1939 = DIRECTION ( 'NONE',  ( -0.000000000000000000, -1.000000000000000000, 0.000000000000000000 ) ) ;
#1940 = ORIENTED_EDGE ( 'NONE', *, *, #1007, .T. ) ;
#1941 = ORIENTED_EDGE ( 'NONE', *, *, #3917, .F. ) ;
#1942 = DIRECTION ( 'NONE',  ( -1.000000000000000000, 0.000000000000000000, -0.000000000000000000 ) ) ;
#1943 = DIRECTION ( 'NONE',  ( 0.000000000000000000, -1.000000000000000000, 0.000000000000000000 ) ) ;
#1944 = FACE_OUTER_BOUND ( 'NONE', #2574, .T. ) ;
#1945 = DIRECTION ( 'NONE',  ( 1.000000000000000000, -0.000000000000000000, -0.000000000000000000 ) ) ;
#1946 = ORIENTED_EDGE ( 'NONE', *, *, #2230, .T. ) ;
#1947 = ORIENTED_EDGE ( 'NONE', *, *, #3194, .F. ) ;
#1948 = VECTOR ( 'NONE', #418, 1000.000000000000000 ) ;
#1949 = CARTESIAN_POINT ( 'NONE',  ( -30.00000000000000000, 4.500000000000000888, -18.00000000000001066 ) ) ;
#1950 = LINE ( 'NONE', #2977, #3971 ) ;
#1951 = EDGE_CURVE ( 'NONE', #4802, #4737, #5537, .T. ) ;
#1952 = CARTESIAN_POINT ( 'NONE',  ( -59.99999999999997158, 0.000000000000000000, -54.00000000000000000 ) ) ;
#1953 = CARTESIAN_POINT ( 'NONE',  ( -7.999999999999989342, 12.00000000000000000, 29.50000000000000000 ) ) ;
#1954 = CIRCLE ( 'NONE', #4038, 6.999999999999999112 ) ;
#1955 = EDGE_LOOP ( 'NONE', ( #5221, #1620, #5981, #5382 ) ) ;
#1956 = ORIENTED_EDGE ( 'NONE', *, *, #4096, .T. ) ;
#1957 = ORIENTED_EDGE ( 'NONE', *, *, #3755, .F. ) ;
#1958 = DIRECTION ( 'NONE',  ( 1.000000000000000000, 0.000000000000000000, 0.000000000000000000 ) ) ;
#1959 = AXIS2_PLACEMENT_3D ( 'NONE', #1700, #2129, #2697 ) ;
#1960 = DIRECTION ( 'NONE',  ( -0.000000000000000000, 1.000000000000000000, -0.000000000000000000 ) ) ;
#1961 = ADVANCED_FACE ( 'NONE', ( #4458 ), #245, .F. ) ;
#1962 = VERTEX_POINT ( 'NONE', #2099 ) ;
#1963 = DIRECTION ( 'NONE',  ( 1.000000000000000000, 0.000000000000000000, 0.000000000000000000 ) ) ;
#1964 = AXIS2_PLACEMENT_3D ( 'NONE', #742, #719, #1547 ) ;
#1965 = VECTOR ( 'NONE', #6083, 1000.000000000000000 ) ;
#1966 = CARTESIAN_POINT ( 'NONE',  ( -59.99999999999997158, 0.000000000000000000, 39.99999999999999289 ) ) ;
#1967 = EDGE_CURVE ( 'NONE', #5958, #1353, #5905, .T. ) ;
#1968 = CALENDAR_DATE ( 2026, 20, 8 ) ;
#1969 = AXIS2_PLACEMENT_3D ( 'NONE', #1515, #5727, #433 ) ;
#1970 = ORIENTED_EDGE ( 'NONE', *, *, #1632, .T. ) ;
#1971 = AXIS2_PLACEMENT_3D ( 'NONE', #3528, #295, #5035 ) ;
#1972 = ORIENTED_EDGE ( 'NONE', *, *, #2493, .T. ) ;
#1973 = DIRECTION ( 'NONE',  ( -0.000000000000000000, -1.000000000000000000, -0.000000000000000000 ) ) ;
#1974 = CARTESIAN_POINT ( 'NONE',  ( 58.50000000000000711, 0.000000000000000000, 6.999999999999980460 ) ) ;
#1975 = AXIS2_PLACEMENT_3D ( 'NONE', #1245, #288, #4569 ) ;
#1976 = FACE_BOUND ( 'NONE', #4215, .T. ) ;
#1977 = CIRCLE ( 'NONE', #1188, 4.999999999999997335 ) ;
#1978 = LINE ( 'NONE', #3874, #5363 ) ;
#1979 = VERTEX_POINT ( 'NONE', #3034 ) ;
#1980 = VERTEX_POINT ( 'NONE', #1663 ) ;
#1981 = CIRCLE ( 'NONE', #604, 3.000000000000002665 ) ;
#1982 = CARTESIAN_POINT ( 'NONE',  ( -5.999999999999998224, 0.000000000000000000, 24.00000000000000000 ) ) ;
#1983 = CARTESIAN_POINT ( 'NONE',  ( 28.00000000000001066, 7.500000000000000000, 30.00000000000000000 ) ) ;
#1984 = VECTOR ( 'NONE', #4642, 1000.000000000000000 ) ;
#1985 = CIRCLE ( 'NONE', #5066, 5.000000000000004441 ) ;
#1986 = EDGE_CURVE ( 'NONE', #1466, #1254, #5929, .T. ) ;
#1987 = CARTESIAN_POINT ( 'NONE',  ( 28.00000000000001066, 1.734723475976807094E-15, 43.50000000000000000 ) ) ;
#1988 = CARTESIAN_POINT ( 'NONE',  ( -59.99999999999997158, 11.00000000000000178, -49.00000000000000000 ) ) ;
#1989 = VECTOR ( 'NONE', #1485, 1000.000000000000000 ) ;
#1990 = ORIENTED_EDGE ( 'NONE', *, *, #5723, .T. ) ;
#1991 = VECTOR ( 'NONE', #4312, 1000.000000000000000 ) ;
#1992 = ORIENTED_EDGE ( 'NONE', *, *, #1266, .F. ) ;
#1993 = ORIENTED_EDGE ( 'NONE', *, *, #3132, .T. ) ;
#1994 = EDGE_CURVE ( 'NONE', #1473, #6090, #590, .T. ) ;
#1995 = CARTESIAN_POINT ( 'NONE',  ( -5.999999999999999112, -2.000000000000000000, 23.00000000000000000 ) ) ;
#1996 = AXIS2_PLACEMENT_3D ( 'NONE', #2213, #2275, #3214 ) ;
#1997 = DIRECTION ( 'NONE',  ( 1.000000000000000000, 0.000000000000000000, 0.000000000000000000 ) ) ;
#1998 = DIRECTION ( 'NONE',  ( -0.000000000000000000, -1.000000000000000000, -0.000000000000000000 ) ) ;
#1999 = AXIS2_PLACEMENT_3D ( 'NONE', #2582, #5423, #2077 ) ;
#2000 = ORIENTED_EDGE ( 'NONE', *, *, #6085, .T. ) ;
#2001 = CARTESIAN_POINT ( 'NONE',  ( 54.49999999999996447, 7.500000000000000000, -24.00000000000000355 ) ) ;
#2002 = CC_DESIGN_DATE_AND_TIME_ASSIGNMENT ( #1225, #3145, ( #2481 ) ) ;
#2003 = DIRECTION ( 'NONE',  ( -0.000000000000000000, 1.000000000000000000, -0.000000000000000000 ) ) ;
#2004 = DIRECTION ( 'NONE',  ( 0.000000000000000000, 0.000000000000000000, -1.000000000000000000 ) ) ;
#2005 = EDGE_LOOP ( 'NONE', ( #1776, #4091, #5240, #5710 ) ) ;
#2006 = EDGE_LOOP ( 'NONE', ( #2935, #2435, #2609, #6060 ) ) ;
#2007 = DIRECTION ( 'NONE',  ( 0.000000000000000000, 1.000000000000000000, 0.000000000000000000 ) ) ;
#2008 = EDGE_CURVE ( 'NONE', #5988, #5879, #3563, .T. ) ;
#2009 = CARTESIAN_POINT ( 'NONE',  ( -59.99999999999997158, 9.000000000000001776, -49.00000000000000000 ) ) ;
#2010 = DIRECTION ( 'NONE',  ( 0.000000000000000000, 0.000000000000000000, 1.000000000000000000 ) ) ;
#2011 = DIRECTION ( 'NONE',  ( -1.000000000000000000, -1.110223024625156383E-14, 0.000000000000000000 ) ) ;
#2012 = ORIENTED_EDGE ( 'NONE', *, *, #3256, .F. ) ;
#2013 = VERTEX_POINT ( 'NONE', #675 ) ;
#2014 = CARTESIAN_POINT ( 'NONE',  ( -8.999999999999998224, 10.00000000000000000, 20.99999999999999645 ) ) ;
#2015 = CARTESIAN_POINT ( 'NONE',  ( 28.00000000000001066, 8.500000000000000000, 43.00000000000000000 ) ) ;
#2016 = LINE ( 'NONE', #5302, #2948 ) ;
#2017 = DIRECTION ( 'NONE',  ( 0.000000000000000000, 0.000000000000000000, 1.000000000000000000 ) ) ;
#2018 = ORIENTED_EDGE ( 'NONE', *, *, #3648, .F. ) ;
#2019 = VERTEX_POINT ( 'NONE', #618 ) ;
#2020 = VERTEX_POINT ( 'NONE', #1201 ) ;
#2021 = CYLINDRICAL_SURFACE ( 'NONE', #2363, 5.000000000000004441 ) ;
#2022 = LINE ( 'NONE', #5747, #2078 ) ;
#2023 = DIRECTION ( 'NONE',  ( -0.000000000000000000, -1.000000000000000000, -0.000000000000000000 ) ) ;
#2024 = ORIENTED_EDGE ( 'NONE', *, *, #5821, .T. ) ;
#2025 = DIRECTION ( 'NONE',  ( -0.000000000000000000, -1.000000000000000000, -0.000000000000000000 ) ) ;
#2026 = CARTESIAN_POINT ( 'NONE',  ( 27.00000000000001421, 17.00000000000000000, 42.49999999999999289 ) ) ;
#2027 = EDGE_CURVE ( 'NONE', #1588, #4713, #5412, .T. ) ;
#2028 = PERSON_AND_ORGANIZATION ( #5087, #310 ) ;
#2029 = ORIENTED_EDGE ( 'NONE', *, *, #2870, .T. ) ;
#2030 = DIRECTION ( 'NONE',  ( -0.000000000000000000, 1.000000000000000000, -0.000000000000000000 ) ) ;
#2031 = ORIENTED_EDGE ( 'NONE', *, *, #2198, .F. ) ;
#2032 = CARTESIAN_POINT ( 'NONE',  ( 59.99999999999997158, 11.00000000000000178, 39.99999999999999289 ) ) ;
#2033 = DIRECTION ( 'NONE',  ( -1.000000000000000000, 0.000000000000000000, -0.000000000000000000 ) ) ;
#2034 = CYLINDRICAL_SURFACE ( 'NONE', #4440, 1.000000000000000888 ) ;
#2035 = CARTESIAN_POINT ( 'NONE',  ( 59.99999999999990763, 2.000000000000000000, 57.49999999999999289 ) ) ;
#2036 = EDGE_CURVE ( 'NONE', #5017, #1807, #4055, .T. ) ;
#2037 = ORIENTED_EDGE ( 'NONE', *, *, #3342, .F. ) ;
#2038 = ORIENTED_EDGE ( 'NONE', *, *, #4853, .T. ) ;
#2039 = FACE_OUTER_BOUND ( 'NONE', #5389, .T. ) ;
#2040 = CARTESIAN_POINT ( 'NONE',  ( 59.99999999999990763, 2.000000000000000000, 57.49999999999999289 ) ) ;
#2041 = DIRECTION ( 'NONE',  ( 0.000000000000000000, 0.000000000000000000, 1.000000000000000000 ) ) ;
#2042 = PLANE ( 'NONE',  #5661 ) ;
#2043 = EDGE_CURVE ( 'NONE', #5490, #4208, #1569, .T. ) ;
#2044 = ORIENTED_EDGE ( 'NONE', *, *, #2907, .T. ) ;
#2045 = ORIENTED_EDGE ( 'NONE', *, *, #947, .T. ) ;
#2046 = ORIENTED_EDGE ( 'NONE', *, *, #6112, .F. ) ;
#2047 = CARTESIAN_POINT ( 'NONE',  ( -37.00000000000000000, 2.000000000000000000, -18.00000000000001066 ) ) ;
#2048 = CARTESIAN_POINT ( 'NONE',  ( -77.49999999999997158, 2.000000000000000000, 39.99999999999987921 ) ) ;
#2049 = DIRECTION ( 'NONE',  ( 0.000000000000000000, -1.000000000000000000, 0.000000000000000000 ) ) ;
#2050 = VECTOR ( 'NONE', #2270, 1000.000000000000000 ) ;
#2051 = EDGE_LOOP ( 'NONE', ( #5051, #551, #2477, #1686, #2466, #312, #5442, #2890 ) ) ;
#2052 = DIRECTION ( 'NONE',  ( 0.000000000000000000, 0.000000000000000000, -1.000000000000000000 ) ) ;
#2053 = AXIS2_PLACEMENT_3D ( 'NONE', #1357, #530, #2850 ) ;
#2054 = CARTESIAN_POINT ( 'NONE',  ( 8.999999999999998224, 10.00000000000000000, 19.99999999999999645 ) ) ;
#2055 = DIRECTION ( 'NONE',  ( 0.000000000000000000, 0.000000000000000000, -1.000000000000000000 ) ) ;
#2056 = EDGE_CURVE ( 'NONE', #5657, #3979, #2066, .T. ) ;
#2057 = VERTEX_POINT ( 'NONE', #2469 ) ;
#2058 = CARTESIAN_POINT ( 'NONE',  ( 59.99999999999997158, -2.000000000000000000, 32.99999999999999289 ) ) ;
#2059 = ORIENTED_EDGE ( 'NONE', *, *, #3558, .F. ) ;
#2060 = AXIS2_PLACEMENT_3D ( 'NONE', #3972, #5861, #3572 ) ;
#2061 = ADVANCED_FACE ( 'NONE', ( #5810 ), #184, .T. ) ;
#2062 = CARTESIAN_POINT ( 'NONE',  ( 27.00000000000001421, 17.00000000000000000, 42.49999999999999289 ) ) ;
#2063 = DIRECTION ( 'NONE',  ( -0.000000000000000000, -1.000000000000000000, -0.000000000000000000 ) ) ;
#2064 = DIRECTION ( 'NONE',  ( 0.000000000000000000, -0.000000000000000000, 1.000000000000000000 ) ) ;
#2065 = LINE ( 'NONE', #1113, #3179 ) ;
#2066 = CIRCLE ( 'NONE', #1874, 5.000000000000004441 ) ;
#2067 = AXIS2_PLACEMENT_3D ( 'NONE', #1163, #1253, #1753 ) ;
#2068 = EDGE_LOOP ( 'NONE', ( #2762, #1577, #2307, #3512 ) ) ;
#2069 = ORIENTED_EDGE ( 'NONE', *, *, #78, .F. ) ;
#2070 = EDGE_CURVE ( 'NONE', #831, #2242, #129, .T. ) ;
#2071 = FACE_OUTER_BOUND ( 'NONE', #5176, .T. ) ;
#2072 = VECTOR ( 'NONE', #4739, 1000.000000000000000 ) ;
#2073 = CIRCLE ( 'NONE', #697, 1.000000000000000888 ) ;
#2074 = FACE_OUTER_BOUND ( 'NONE', #2642, .T. ) ;
#2075 = EDGE_CURVE ( 'NONE', #4953, #3519, #3508, .T. ) ;
#2076 = LINE ( 'NONE', #1987, #5524 ) ;
#2077 = DIRECTION ( 'NONE',  ( 0.000000000000000000, 0.000000000000000000, 1.000000000000000000 ) ) ;
#2078 = VECTOR ( 'NONE', #4384, 1000.000000000000000 ) ;
#2079 = AXIS2_PLACEMENT_3D ( 'NONE', #5894, #5002, #5427 ) ;
#2080 = ORIENTED_EDGE ( 'NONE', *, *, #1786, .T. ) ;
#2081 = EDGE_LOOP ( 'NONE', ( #5403, #4901, #4482, #127 ) ) ;
#2082 = EDGE_LOOP ( 'NONE', ( #2743, #3686 ) ) ;
#2083 = LINE ( 'NONE', #169, #1585 ) ;
#2084 = AXIS2_PLACEMENT_3D ( 'NONE', #1072, #2011, #96 ) ;
#2085 = DIRECTION ( 'NONE',  ( 0.000000000000000000, 0.000000000000000000, 1.000000000000000000 ) ) ;
#2086 = EDGE_CURVE ( 'NONE', #4842, #5228, #1075, .T. ) ;
#2087 = CIRCLE ( 'NONE', #2686, 1.000000000000000888 ) ;
#2088 = LINE ( 'NONE', #2118, #1852 ) ;
#2089 = CC_DESIGN_APPROVAL ( #2569, ( #3028 ) ) ;
#2090 = VECTOR ( 'NONE', #4983, 1000.000000000000000 ) ;
#2091 = ORIENTED_EDGE ( 'NONE', *, *, #2111, .F. ) ;
#2092 = DIRECTION ( 'NONE',  ( 0.000000000000000000, 0.000000000000000000, -1.000000000000000000 ) ) ;
#2093 = PLANE ( 'NONE',  #5741 ) ;
#2094 = VECTOR ( 'NONE', #3790, 1000.000000000000000 ) ;
#2095 = DIRECTION ( 'NONE',  ( 0.000000000000000000, 0.000000000000000000, 1.000000000000000000 ) ) ;
#2096 = VERTEX_POINT ( 'NONE', #2967 ) ;
#2097 = LINE ( 'NONE', #1198, #2572 ) ;
#2098 = ORIENTED_EDGE ( 'NONE', *, *, #342, .T. ) ;
#2099 = CARTESIAN_POINT ( 'NONE',  ( -59.99999999999997158, 7.000000000000000888, 38.99999999999999289 ) ) ;
#2100 = DIRECTION ( 'NONE',  ( 0.000000000000000000, -1.000000000000000000, 0.000000000000000000 ) ) ;
#2101 = CARTESIAN_POINT ( 'NONE',  ( 10.99999999999999822, 5.500000000000000000, 12.99999999999999467 ) ) ;
#2102 = ADVANCED_FACE ( 'NONE', ( #3625 ), #4515, .T. ) ;
#2103 = CARTESIAN_POINT ( 'NONE',  ( 28.00000000000001066, 8.500000000000000000, 43.00000000000000000 ) ) ;
#2104 = ADVANCED_FACE ( 'NONE', ( #3312 ), #3739, .F. ) ;
#2105 = ORIENTED_EDGE ( 'NONE', *, *, #966, .T. ) ;
#2106 = VERTEX_POINT ( 'NONE', #760 ) ;
#2107 = CARTESIAN_POINT ( 'NONE',  ( 54.49999999999995026, 7.500000000000000000, -26.20000000000000284 ) ) ;
#2108 = LINE ( 'NONE', #1581, #5941 ) ;
#2109 = DIRECTION ( 'NONE',  ( 0.000000000000000000, -1.000000000000000000, 0.000000000000000000 ) ) ;
#2110 = CARTESIAN_POINT ( 'NONE',  ( -54.50000000000003553, 7.500000000000000000, -24.00000000000000355 ) ) ;
#2111 = EDGE_CURVE ( 'NONE', #5220, #5425, #918, .T. ) ;
#2112 = ORIENTED_EDGE ( 'NONE', *, *, #966, .F. ) ;
#2113 = CC_DESIGN_PERSON_AND_ORGANIZATION_ASSIGNMENT ( #3895, #3434, ( #1690 ) ) ;
#2114 = VERTEX_POINT ( 'NONE', #2153 ) ;
#2115 = VERTEX_POINT ( 'NONE', #3122 ) ;
#2116 = CARTESIAN_POINT ( 'NONE',  ( -59.99999999999997158, 7.000000000000000888, -49.00000000000000000 ) ) ;
#2117 = DIRECTION ( 'NONE',  ( -2.478176394252582127E-16, 0.000000000000000000, -1.000000000000000000 ) ) ;
#2118 = CARTESIAN_POINT ( 'NONE',  ( 10.99999999999999822, 2.000000000000000000, 23.00000000000000000 ) ) ;
#2119 = VERTEX_POINT ( 'NONE', #2810 ) ;
#2120 = EDGE_CURVE ( 'NONE', #658, #2290, #1869, .T. ) ;
#2121 = CARTESIAN_POINT ( 'NONE',  ( -8.999999999999998224, 7.000000000000000000, 25.00000000000000000 ) ) ;
#2122 = CARTESIAN_POINT ( 'NONE',  ( 59.99999999999997158, 0.000000000000000000, 46.99999999999999289 ) ) ;
#2123 = CARTESIAN_POINT ( 'NONE',  ( 10.99999999999999645, 5.500000000000000000, 11.99999999999999645 ) ) ;
#2124 = CALENDAR_DATE ( 2026, 20, 8 ) ;
#2125 = CYLINDRICAL_SURFACE ( 'NONE', #1675, 5.000000000000004441 ) ;
#2126 = VERTEX_POINT ( 'NONE', #1841 ) ;
#2127 = PLANE ( 'NONE',  #1680 ) ;
#2128 = FACE_OUTER_BOUND ( 'NONE', #2846, .T. ) ;
#2129 = DIRECTION ( 'NONE',  ( 0.000000000000000000, 1.000000000000000000, 0.000000000000000000 ) ) ;
#2130 = CYLINDRICAL_SURFACE ( 'NONE', #506, 2.999999999999999112 ) ;
#2131 = VERTEX_POINT ( 'NONE', #4257 ) ;
#2132 = ORIENTED_EDGE ( 'NONE', *, *, #1876, .F. ) ;
#2133 = DIRECTION ( 'NONE',  ( 0.000000000000000000, -0.000000000000000000, 1.000000000000000000 ) ) ;
#2134 = LINE ( 'NONE', #4497, #2281 ) ;
#2135 = CARTESIAN_POINT ( 'NONE',  ( 59.99999999999997158, -2.000000000000000000, 45.00000000000000000 ) ) ;
#2136 = CARTESIAN_POINT ( 'NONE',  ( -7.999999999999989342, 13.75735931288071612, 29.50000000000000000 ) ) ;
#2137 = EDGE_LOOP ( 'NONE', ( #1546, #482, #4444, #979 ) ) ;
#2138 = ORIENTED_EDGE ( 'NONE', *, *, #2252, .T. ) ;
#2139 = ORIENTED_EDGE ( 'NONE', *, *, #974, .T. ) ;
#2140 = DIRECTION ( 'NONE',  ( 0.000000000000000000, 1.000000000000000000, 0.000000000000000000 ) ) ;
#2141 = EDGE_CURVE ( 'NONE', #2119, #5926, #795, .T. ) ;
#2142 = LINE ( 'NONE', #5960, #4352 ) ;
#2143 = CARTESIAN_POINT ( 'NONE',  ( 54.50000000000000711, 3.000000000000000000, -24.00000000000001066 ) ) ;
#2144 = ORIENTED_EDGE ( 'NONE', *, *, #1289, .F. ) ;
#2145 = LINE ( 'NONE', #3987, #4273 ) ;
#2146 = CARTESIAN_POINT ( 'NONE',  ( 54.50000000000000711, 3.000000000000000000, -24.00000000000001066 ) ) ;
#2147 = AXIS2_PLACEMENT_3D ( 'NONE', #3459, #3428, #4481 ) ;
#2148 = EDGE_CURVE ( 'NONE', #3243, #4486, #4986, .T. ) ;
#2149 = LINE ( 'NONE', #4045, #5261 ) ;
#2150 = VECTOR ( 'NONE', #5548, 1000.000000000000000 ) ;
#2151 = CARTESIAN_POINT ( 'NONE',  ( -37.00000000000000000, 2.000000000000000000, -29.00000000000000711 ) ) ;
#2152 = ORIENTED_EDGE ( 'NONE', *, *, #5527, .F. ) ;
#2153 = CARTESIAN_POINT ( 'NONE',  ( -59.99999999999997158, -2.000000000000000000, 46.99999999999999289 ) ) ;
#2154 = CYLINDRICAL_SURFACE ( 'NONE', #313, 1.000000000000000888 ) ;
#2155 = AXIS2_PLACEMENT_3D ( 'NONE', #4989, #3124, #340 ) ;
#2156 = EDGE_CURVE ( 'NONE', #4617, #2776, #5197, .T. ) ;
#2157 = CARTESIAN_POINT ( 'NONE',  ( -54.49999999999999289, 5.500000000000000000, 6.999999999999993783 ) ) ;
#2158 = DIRECTION ( 'NONE',  ( -0.000000000000000000, -1.000000000000000000, -0.000000000000000000 ) ) ;
#2159 = ORIENTED_EDGE ( 'NONE', *, *, #3079, .F. ) ;
#2160 = ORIENTED_EDGE ( 'NONE', *, *, #6113, .F. ) ;
#2161 = DIRECTION ( 'NONE',  ( -0.000000000000000000, 1.000000000000000000, -0.000000000000000000 ) ) ;
#2162 = CARTESIAN_POINT ( 'NONE',  ( 8.000000000000021316, 1.734723475976807094E-15, 43.50000000000000000 ) ) ;
#2163 = VECTOR ( 'NONE', #3199, 1000.000000000000000 ) ;
#2164 = DIRECTION ( 'NONE',  ( 0.000000000000000000, -0.000000000000000000, 1.000000000000000000 ) ) ;
#2165 = AXIS2_PLACEMENT_3D ( 'NONE', #6044, #1806, #3704 ) ;
#2166 = CARTESIAN_POINT ( 'NONE',  ( -59.99999999999997158, 0.000000000000000000, -44.00000000000000711 ) ) ;
#2167 = ORIENTED_EDGE ( 'NONE', *, *, #5089, .T. ) ;
#2168 = CARTESIAN_POINT ( 'NONE',  ( 54.49999999999999289, 5.500000000000000000, 11.99999999999999645 ) ) ;
#2169 = ORIENTED_EDGE ( 'NONE', *, *, #1459, .T. ) ;
#2170 = VECTOR ( 'NONE', #5850, 1000.000000000000000 ) ;
#2171 = CARTESIAN_POINT ( 'NONE',  ( -58.50000000000000000, -0.000000000000000000, -23.99999999999999289 ) ) ;
#2172 = EDGE_CURVE ( 'NONE', #2131, #3398, #2693, .T. ) ;
#2173 = FACE_OUTER_BOUND ( 'NONE', #4392, .T. ) ;
#2174 = CYLINDRICAL_SURFACE ( 'NONE', #3445, 1.000000000000000888 ) ;
#2175 = AXIS2_PLACEMENT_3D ( 'NONE', #1860, #3762, #3642 ) ;
#2176 = CIRCLE ( 'NONE', #300, 4.999999999999997335 ) ;
#2177 = EDGE_CURVE ( 'NONE', #1820, #1962, #5244, .T. ) ;
#2178 = EDGE_CURVE ( 'NONE', #25, #831, #4251, .T. ) ;
#2179 = ORIENTED_EDGE ( 'NONE', *, *, #2672, .F. ) ;
#2180 = AXIS2_PLACEMENT_3D ( 'NONE', #986, #4743, #2386 ) ;
#2181 = PLANE ( 'NONE',  #3784 ) ;
#2182 = CYLINDRICAL_SURFACE ( 'NONE', #3568, 2.999999999999999112 ) ;
#2183 = EDGE_CURVE ( 'NONE', #1141, #4437, #2191, .T. ) ;
#2184 = AXIS2_PLACEMENT_3D ( 'NONE', #253, #3042, #743 ) ;
#2185 = CIRCLE ( 'NONE', #1500, 2.200000000000000622 ) ;
#2186 = FACE_OUTER_BOUND ( 'NONE', #4244, .T. ) ;
#2187 = VECTOR ( 'NONE', #3005, 1000.000000000000000 ) ;
#2188 = FACE_OUTER_BOUND ( 'NONE', #5712, .T. ) ;
#2189 = AXIS2_PLACEMENT_3D ( 'NONE', #3726, #4712, #899 ) ;
#2190 = VERTEX_POINT ( 'NONE', #942 ) ;
#2191 = LINE ( 'NONE', #4050, #5435 ) ;
#2192 = AXIS2_PLACEMENT_3D ( 'NONE', #2683, #4222, #3620 ) ;
#2193 = PLANE ( 'NONE',  #996 ) ;
#2194 = DIRECTION ( 'NONE',  ( 1.000000000000000000, 0.000000000000000000, -0.000000000000000000 ) ) ;
#2195 = FACE_OUTER_BOUND ( 'NONE', #4928, .T. ) ;
#2196 = AXIS2_PLACEMENT_3D ( 'NONE', #4653, #4239, #1890 ) ;
#2197 = ORIENTED_EDGE ( 'NONE', *, *, #5024, .T. ) ;
#2198 = EDGE_CURVE ( 'NONE', #2764, #5219, #5343, .T. ) ;
#2199 = ORIENTED_EDGE ( 'NONE', *, *, #2870, .F. ) ;
#2200 = DIRECTION ( 'NONE',  ( 0.000000000000000000, 1.000000000000000000, 0.000000000000000000 ) ) ;
#2201 = CARTESIAN_POINT ( 'NONE',  ( -9.999999999999984013, 17.00000000000000000, 57.49999999999999289 ) ) ;
#2202 = FACE_BOUND ( 'NONE', #5141, .T. ) ;
#2203 = DIRECTION ( 'NONE',  ( 0.000000000000000000, 0.000000000000000000, 1.000000000000000000 ) ) ;
#2204 = VERTEX_POINT ( 'NONE', #4727 ) ;
#2205 = CYLINDRICAL_SURFACE ( 'NONE', #2165, 5.000000000000004441 ) ;
#2206 = EDGE_LOOP ( 'NONE', ( #5867, #3853, #2105, #6056 ) ) ;
#2207 = FACE_BOUND ( 'NONE', #438, .T. ) ;
#2208 = DIRECTION ( 'NONE',  ( -0.000000000000000000, -1.000000000000000000, -0.000000000000000000 ) ) ;
#2209 = DIRECTION ( 'NONE',  ( 0.000000000000000000, -0.000000000000000000, -1.000000000000000000 ) ) ;
#2210 = ORIENTED_EDGE ( 'NONE', *, *, #2265, .T. ) ;
#2211 = EDGE_CURVE ( 'NONE', #646, #4408, #3599, .T. ) ;
#2212 = EDGE_LOOP ( 'NONE', ( #4203, #3703, #5798, #4863 ) ) ;
#2213 = CARTESIAN_POINT ( 'NONE',  ( 54.50000000000000000, 5.500000000000000000, 6.999999999999993783 ) ) ;
#2214 = ORIENTED_EDGE ( 'NONE', *, *, #5751, .T. ) ;
#2215 = FACE_OUTER_BOUND ( 'NONE', #913, .T. ) ;
#2216 = EDGE_CURVE ( 'NONE', #1217, #3924, #2366, .T. ) ;
#2217 = DIRECTION ( 'NONE',  ( -0.000000000000000000, -1.000000000000000000, -0.000000000000000000 ) ) ;
#2218 = CARTESIAN_POINT ( 'NONE',  ( 57.49999999999997868, 7.500000000000000000, 6.999999999999975131 ) ) ;
#2219 = EDGE_LOOP ( 'NONE', ( #343, #4381 ) ) ;
#2220 = CARTESIAN_POINT ( 'NONE',  ( -59.99999999999997158, 11.00000000000000178, -49.00000000000000000 ) ) ;
#2221 = ADVANCED_FACE ( 'NONE', ( #452, #2630 ), #4585, .T. ) ;
#2222 = DIRECTION ( 'NONE',  ( -0.000000000000000000, -1.000000000000000000, -0.000000000000000000 ) ) ;
#2223 = DIRECTION ( 'NONE',  ( 0.000000000000000000, 1.000000000000000000, 0.000000000000000000 ) ) ;
#2224 = CARTESIAN_POINT ( 'NONE',  ( -59.99999999999997158, 0.000000000000000000, 39.99999999999999289 ) ) ;
#2225 = ORIENTED_EDGE ( 'NONE', *, *, #1804, .T. ) ;
#2226 = ORIENTED_EDGE ( 'NONE', *, *, #3132, .F. ) ;
#2227 = CARTESIAN_POINT ( 'NONE',  ( -11.00000000000000000, 12.00000000000000000, 12.99999999999999822 ) ) ;
#2228 = DIRECTION ( 'NONE',  ( -1.000000000000000000, 0.000000000000000000, -0.000000000000000000 ) ) ;
#2229 = LINE ( 'NONE', #4154, #2150 ) ;
#2230 = EDGE_CURVE ( 'NONE', #5576, #3727, #2778, .T. ) ;
#2231 = DIRECTION ( 'NONE',  ( 0.000000000000000000, 1.000000000000000000, 0.000000000000000000 ) ) ;
#2232 = ORIENTED_EDGE ( 'NONE', *, *, #367, .F. ) ;
#2233 = PLANE ( 'NONE',  #2260 ) ;
#2234 = EDGE_LOOP ( 'NONE', ( #111, #4308, #5291, #3197 ) ) ;
#2235 = CARTESIAN_POINT ( 'NONE',  ( 59.99999999999998579, 0.000000000000000000, -48.99999999999998579 ) ) ;
#2236 = PLANE ( 'NONE',  #4555 ) ;
#2237 = DIRECTION ( 'NONE',  ( -0.000000000000000000, -1.000000000000000000, -0.000000000000000000 ) ) ;
#2238 = EDGE_CURVE ( 'NONE', #3039, #4090, #2022, .T. ) ;
#2239 = ORIENTED_EDGE ( 'NONE', *, *, #5558, .T. ) ;
#2240 = ORIENTED_EDGE ( 'NONE', *, *, #2880, .F. ) ;
#2241 = DIRECTION ( 'NONE',  ( 0.000000000000000000, 1.000000000000000000, 0.000000000000000000 ) ) ;
#2242 = VERTEX_POINT ( 'NONE', #1471 ) ;
#2243 = DIRECTION ( 'NONE',  ( -1.000000000000000000, 0.000000000000000000, 0.000000000000000000 ) ) ;
#2244 = VECTOR ( 'NONE', #470, 1000.000000000000000 ) ;
#2245 = LINE ( 'NONE', #5663, #4944 ) ;
#2246 = ORIENTED_EDGE ( 'NONE', *, *, #6022, .F. ) ;
#2247 = EDGE_CURVE ( 'NONE', #546, #1336, #299, .T. ) ;
#2248 = LINE ( 'NONE', #3627, #3779 ) ;
#2249 = DIRECTION ( 'NONE',  ( 0.000000000000000000, -1.000000000000000000, 0.000000000000000000 ) ) ;
#2250 = VECTOR ( 'NONE', #1024, 1000.000000000000000 ) ;
#2251 = PLANE ( 'NONE',  #3595 ) ;
#2252 = EDGE_CURVE ( 'NONE', #2701, #259, #517, .T. ) ;
#2253 = VERTEX_POINT ( 'NONE', #3915 ) ;
#2254 = ORIENTED_EDGE ( 'NONE', *, *, #3670, .T. ) ;
#2255 = AXIS2_PLACEMENT_3D ( 'NONE', #2507, #3873, #4398 ) ;
#2256 = DIRECTION ( 'NONE',  ( 0.000000000000000000, 0.000000000000000000, -1.000000000000000000 ) ) ;
#2257 = PLANE ( 'NONE',  #5068 ) ;
#2258 = DIRECTION ( 'NONE',  ( 0.000000000000000000, 1.000000000000000000, -0.000000000000000000 ) ) ;
#2259 = CARTESIAN_POINT ( 'NONE',  ( -8.000000000000000000, 0.000000000000000000, 20.99999999999999645 ) ) ;
#2260 = AXIS2_PLACEMENT_3D ( 'NONE', #5957, #2708, #1712 ) ;
#2261 = EDGE_CURVE ( 'NONE', #4387, #2106, #2456, .T. ) ;
#2262 = EDGE_LOOP ( 'NONE', ( #3149, #2159 ) ) ;
#2263 = CARTESIAN_POINT ( 'NONE',  ( 54.50000000000000000, 2.000000000000000000, -24.00000000000000711 ) ) ;
#2264 = ORIENTED_EDGE ( 'NONE', *, *, #4109, .F. ) ;
#2265 = EDGE_CURVE ( 'NONE', #4757, #4179, #5439, .T. ) ;
#2266 = DIRECTION ( 'NONE',  ( -0.000000000000000000, -1.000000000000000000, -0.000000000000000000 ) ) ;
#2267 = CIRCLE ( 'NONE', #3659, 3.000000000000000000 ) ;
#2268 = AXIS2_PLACEMENT_3D ( 'NONE', #3313, #2311, #3691 ) ;
#2269 = DIRECTION ( 'NONE',  ( -1.000000000000000000, 0.000000000000000000, 0.000000000000000000 ) ) ;
#2270 = DIRECTION ( 'NONE',  ( 0.000000000000000000, 0.000000000000000000, -1.000000000000000000 ) ) ;
#2271 = ORIENTED_EDGE ( 'NONE', *, *, #3217, .F. ) ;
#2272 = VECTOR ( 'NONE', #1973, 1000.000000000000000 ) ;
#2273 = VECTOR ( 'NONE', #3621, 1000.000000000000000 ) ;
#2274 = ORIENTED_EDGE ( 'NONE', *, *, #4349, .F. ) ;
#2275 = DIRECTION ( 'NONE',  ( -0.000000000000000000, -1.000000000000000000, -0.000000000000000000 ) ) ;
#2276 = ORIENTED_EDGE ( 'NONE', *, *, #2980, .F. ) ;
#2277 = EDGE_CURVE ( 'NONE', #842, #4736, #1784, .T. ) ;
#2278 = LINE ( 'NONE', #4672, #3474 ) ;
#2279 = AXIS2_PLACEMENT_3D ( 'NONE', #545, #3889, #115 ) ;
#2280 = AXIS2_PLACEMENT_3D ( 'NONE', #2625, #5499, #732 ) ;
#2281 = VECTOR ( 'NONE', #4028, 1000.000000000000000 ) ;
#2282 = FACE_BOUND ( 'NONE', #3756, .T. ) ;
#2283 = EDGE_LOOP ( 'NONE', ( #3238, #1713, #1149, #2276 ) ) ;
#2284 = LOCAL_TIME ( 11, 36, 15.00000000000000000, #1479 ) ;
#2285 = AXIS2_PLACEMENT_3D ( 'NONE', #4780, #3900, #2937 ) ;
#2286 = CARTESIAN_POINT ( 'NONE',  ( -59.99999999999997158, -2.000000000000000000, 39.99999999999999289 ) ) ;
#2287 = DIRECTION ( 'NONE',  ( -0.000000000000000000, 1.000000000000000000, -0.000000000000000000 ) ) ;
#2288 = CIRCLE ( 'NONE', #3875, 4.000000000000003553 ) ;
#2289 = ORIENTED_EDGE ( 'NONE', *, *, #5865, .F. ) ;
#2290 = VERTEX_POINT ( 'NONE', #5309 ) ;
#2291 = VECTOR ( 'NONE', #4015, 1000.000000000000000 ) ;
#2292 = DIRECTION ( 'NONE',  ( 0.000000000000000000, -0.000000000000000000, 1.000000000000000000 ) ) ;
#2293 = DIRECTION ( 'NONE',  ( -1.000000000000000000, 0.000000000000000000, 4.270088556250607616E-16 ) ) ;
#2294 = AXIS2_PLACEMENT_3D ( 'NONE', #1452, #5701, #5208 ) ;
#2295 = DIRECTION ( 'NONE',  ( 0.000000000000000000, 0.000000000000000000, -1.000000000000000000 ) ) ;
#2296 = DIRECTION ( 'NONE',  ( 0.000000000000000000, 1.000000000000000000, 0.000000000000000000 ) ) ;
#2297 = VERTEX_POINT ( 'NONE', #3946 ) ;
#2298 = DIRECTION ( 'NONE',  ( 0.000000000000000000, 1.000000000000000000, 0.000000000000000000 ) ) ;
#2299 = ORIENTED_EDGE ( 'NONE', *, *, #4170, .F. ) ;
#2300 = DIRECTION ( 'NONE',  ( 0.000000000000000000, 0.000000000000000000, -1.000000000000000000 ) ) ;
#2301 = CARTESIAN_POINT ( 'NONE',  ( 54.49999999999997868, 5.500000000000000000, -26.20000000000000284 ) ) ;
#2302 = ADVANCED_FACE ( 'NONE', ( #4346 ), #4848, .F. ) ;
#2303 = CARTESIAN_POINT ( 'NONE',  ( 54.49999999999999289, 3.000000000000000000, -28.00000000000001066 ) ) ;
#2304 = ORIENTED_EDGE ( 'NONE', *, *, #4958, .T. ) ;
#2305 = ORIENTED_EDGE ( 'NONE', *, *, #1616, .T. ) ;
#2306 = PLANE ( 'NONE',  #4176 ) ;
#2307 = ORIENTED_EDGE ( 'NONE', *, *, #6085, .F. ) ;
#2308 = CARTESIAN_POINT ( 'NONE',  ( -77.50000000000000000, 2.000000000000000000, -57.50000000000000711 ) ) ;
#2309 = ADVANCED_FACE ( 'NONE', ( #5284 ), #969, .T. ) ;
#2310 = EDGE_CURVE ( 'NONE', #5431, #4625, #4318, .T. ) ;
#2311 = DIRECTION ( 'NONE',  ( 0.000000000000000000, -1.000000000000000000, 0.000000000000000000 ) ) ;
#2312 = ORIENTED_EDGE ( 'NONE', *, *, #2328, .T. ) ;
#2313 = EDGE_CURVE ( 'NONE', #5452, #4020, #5643, .T. ) ;
#2314 = CARTESIAN_POINT ( 'NONE',  ( -56.70000000000003126, 7.500000000000000000, 7.000000000000022204 ) ) ;
#2315 = LINE ( 'NONE', #3809, #5449 ) ;
#2316 = ORIENTED_EDGE ( 'NONE', *, *, #4087, .F. ) ;
#2317 = EDGE_LOOP ( 'NONE', ( #3736, #3354, #1790, #5782 ) ) ;
#2318 = LINE ( 'NONE', #65, #4948 ) ;
#2319 = FACE_OUTER_BOUND ( 'NONE', #965, .T. ) ;
#2320 = EDGE_CURVE ( 'NONE', #1341, #4564, #2990, .T. ) ;
#2321 = DIRECTION ( 'NONE',  ( -0.000000000000000000, -1.000000000000000000, -0.000000000000000000 ) ) ;
#2322 = CARTESIAN_POINT ( 'NONE',  ( -30.00000000000000000, 2.000000000000000000, -18.00000000000001066 ) ) ;
#2323 = ORIENTED_EDGE ( 'NONE', *, *, #2277, .T. ) ;
#2324 = CARTESIAN_POINT ( 'NONE',  ( 30.00000000000001066, 15.75735931288071434, 27.50000000000000000 ) ) ;
#2325 = ORIENTED_EDGE ( 'NONE', *, *, #1350, .F. ) ;
#2326 = DIRECTION ( 'NONE',  ( 0.000000000000000000, 1.000000000000000000, 0.000000000000000000 ) ) ;
#2327 = DIRECTION ( 'NONE',  ( 1.000000000000000000, 0.000000000000000000, 0.000000000000000000 ) ) ;
#2328 = EDGE_CURVE ( 'NONE', #1409, #6052, #2930, .T. ) ;
#2329 = CARTESIAN_POINT ( 'NONE',  ( 59.99999999999998579, -2.000000000000000000, -48.99999999999998579 ) ) ;
#2330 = CARTESIAN_POINT ( 'NONE',  ( -59.49999999999999289, 5.500000000000000000, 6.999999999999992006 ) ) ;
#2331 = ORIENTED_EDGE ( 'NONE', *, *, #632, .T. ) ;
#2332 = ORIENTED_EDGE ( 'NONE', *, *, #3184, .F. ) ;
#2333 = CARTESIAN_POINT ( 'NONE',  ( -6.999999999999992006, 17.00000000000000000, 30.50000000000000000 ) ) ;
#2334 = ORIENTED_EDGE ( 'NONE', *, *, #3550, .T. ) ;
#2335 = EDGE_CURVE ( 'NONE', #3444, #5331, #399, .T. ) ;
#2336 = DIRECTION ( 'NONE',  ( 0.000000000000000000, 1.000000000000000000, 0.000000000000000000 ) ) ;
#2337 = CARTESIAN_POINT ( 'NONE',  ( -56.70000000000003126, 5.500000000000000000, 7.000000000000022204 ) ) ;
#2338 = LINE ( 'NONE', #427, #3860 ) ;
#2339 = ORIENTED_EDGE ( 'NONE', *, *, #3609, .F. ) ;
#2340 = EDGE_CURVE ( 'NONE', #2776, #5425, #889, .T. ) ;
#2341 = CARTESIAN_POINT ( 'NONE',  ( -30.00000000000000000, 2.000000000000000000, -18.00000000000001066 ) ) ;
#2342 = LINE ( 'NONE', #2876, #2699 ) ;
#2343 = ORIENTED_EDGE ( 'NONE', *, *, #5495, .F. ) ;
#2344 = ORIENTED_EDGE ( 'NONE', *, *, #5649, .T. ) ;
#2345 = CARTESIAN_POINT ( 'NONE',  ( 8.000000000000024869, 1.734723475976807094E-15, 57.49999999999999289 ) ) ;
#2346 = EDGE_CURVE ( 'NONE', #4453, #5742, #4258, .T. ) ;
#2347 = CARTESIAN_POINT ( 'NONE',  ( -59.49999999999999289, 5.500000000000000000, 6.999999999999992006 ) ) ;
#2348 = FACE_OUTER_BOUND ( 'NONE', #276, .T. ) ;
#2349 = DIRECTION ( 'NONE',  ( 0.000000000000000000, 0.000000000000000000, -1.000000000000000000 ) ) ;
#2350 = ORIENTED_EDGE ( 'NONE', *, *, #5788, .T. ) ;
#2351 = AXIS2_PLACEMENT_3D ( 'NONE', #985, #4277, #435 ) ;
#2352 = CARTESIAN_POINT ( 'NONE',  ( 28.00000000000001066, 7.500000000000000000, 43.00000000000000000 ) ) ;
#2353 = VERTEX_POINT ( 'NONE', #4819 ) ;
#2354 = ADVANCED_BREP_SHAPE_REPRESENTATION ( 'DIZUO', ( #333, #5065 ), #3584 ) ;
#2355 = FACE_OUTER_BOUND ( 'NONE', #139, .T. ) ;
#2356 = DIRECTION ( 'NONE',  ( -3.182978855003317025E-17, 0.000000000000000000, -1.000000000000000000 ) ) ;
#2357 = DIRECTION ( 'NONE',  ( 1.000000000000000000, -0.000000000000000000, -0.000000000000000000 ) ) ;
#2358 = AXIS2_PLACEMENT_3D ( 'NONE', #1756, #5942, #5882 ) ;
#2359 = CARTESIAN_POINT ( 'NONE',  ( -54.49999999999999289, 4.500000000000000888, -26.00000000000001066 ) ) ;
#2360 = ORIENTED_EDGE ( 'NONE', *, *, #4435, .F. ) ;
#2361 = EDGE_LOOP ( 'NONE', ( #1514, #5772 ) ) ;
#2362 = VERTEX_POINT ( 'NONE', #2955 ) ;
#2363 = AXIS2_PLACEMENT_3D ( 'NONE', #2929, #81, #4256 ) ;
#2364 = ADVANCED_FACE ( 'NONE', ( #634 ), #2519, .T. ) ;
#2365 = DIRECTION ( 'NONE',  ( 0.000000000000000000, 1.000000000000000000, -0.000000000000000000 ) ) ;
#2366 = LINE ( 'NONE', #1907, #2680 ) ;
#2367 = VECTOR ( 'NONE', #5886, 1000.000000000000000 ) ;
#2368 = EDGE_CURVE ( 'NONE', #1649, #4973, #4761, .T. ) ;
#2369 = AXIS2_PLACEMENT_3D ( 'NONE', #5211, #1398, #5241 ) ;
#2370 = EDGE_CURVE ( 'NONE', #53, #5063, #4479, .T. ) ;
#2371 = DIRECTION ( 'NONE',  ( 0.000000000000000000, 0.000000000000000000, -1.000000000000000000 ) ) ;
#2372 = ORIENTED_EDGE ( 'NONE', *, *, #2774, .F. ) ;
#2373 = VECTOR ( 'NONE', #1039, 1000.000000000000000 ) ;
#2374 = CARTESIAN_POINT ( 'NONE',  ( 59.99999999999997158, 9.000000000000001776, 40.99999999999999289 ) ) ;
#2375 = ADVANCED_FACE ( 'NONE', ( #3615 ), #326, .T. ) ;
#2376 = CARTESIAN_POINT ( 'NONE',  ( 30.00000000000000000, 4.500000000000000888, -18.00000000000001066 ) ) ;
#2377 = VECTOR ( 'NONE', #4410, 1000.000000000000000 ) ;
#2378 = CIRCLE ( 'NONE', #702, 1.000000000000000888 ) ;
#2379 = ORIENTED_EDGE ( 'NONE', *, *, #2313, .F. ) ;
#2380 = CIRCLE ( 'NONE', #1092, 5.000000000000004441 ) ;
#2381 = ORIENTED_EDGE ( 'NONE', *, *, #3630, .F. ) ;
#2382 = FACE_OUTER_BOUND ( 'NONE', #3009, .T. ) ;
#2383 = AXIS2_PLACEMENT_3D ( 'NONE', #4619, #3227, #3634 ) ;
#2384 = DIRECTION ( 'NONE',  ( 0.000000000000000000, -0.000000000000000000, 1.000000000000000000 ) ) ;
#2385 = CARTESIAN_POINT ( 'NONE',  ( -58.50000000000000000, 3.000000000000000000, -23.99999999999999289 ) ) ;
#2386 = DIRECTION ( 'NONE',  ( -2.478176394252582127E-16, 0.000000000000000000, -1.000000000000000000 ) ) ;
#2387 = VECTOR ( 'NONE', #2398, 1000.000000000000000 ) ;
#2388 = EDGE_CURVE ( 'NONE', #359, #5063, #1717, .T. ) ;
#2389 = CIRCLE ( 'NONE', #1498, 1.000000000000000888 ) ;
#2390 = ORIENTED_EDGE ( 'NONE', *, *, #48, .F. ) ;
#2391 = DIRECTION ( 'NONE',  ( 0.000000000000000000, 0.000000000000000000, 1.000000000000000000 ) ) ;
#2392 = EDGE_LOOP ( 'NONE', ( #251, #823, #3220, #364 ) ) ;
#2393 = DIRECTION ( 'NONE',  ( 1.445602896647339163E-16, 0.000000000000000000, 1.000000000000000000 ) ) ;
#2394 = CIRCLE ( 'NONE', #317, 3.000000000000000000 ) ;
#2395 = CARTESIAN_POINT ( 'NONE',  ( 5.000000000000021316, 15.00000000000000178, 40.49999999999999289 ) ) ;
#2396 = VECTOR ( 'NONE', #5074, 1000.000000000000000 ) ;
#2397 = DIRECTION ( 'NONE',  ( 0.000000000000000000, 0.000000000000000000, -1.000000000000000000 ) ) ;
#2398 = DIRECTION ( 'NONE',  ( -1.000000000000000000, 0.000000000000000000, 0.000000000000000000 ) ) ;
#2399 = ORIENTED_EDGE ( 'NONE', *, *, #5614, .F. ) ;
#2400 = ORIENTED_EDGE ( 'NONE', *, *, #2904, .T. ) ;
#2401 = ORIENTED_EDGE ( 'NONE', *, *, #664, .T. ) ;
#2402 = CARTESIAN_POINT ( 'NONE',  ( 77.49999999999998579, 0.000000000000000000, -57.50000000000000711 ) ) ;
#2403 = CARTESIAN_POINT ( 'NONE',  ( 59.99999999999998579, 11.00000000000000178, -48.99999999999998579 ) ) ;
#2404 = VERTEX_POINT ( 'NONE', #2678 ) ;
#2405 = CARTESIAN_POINT ( 'NONE',  ( 59.99999999999998579, 0.000000000000000000, -55.99999999999999289 ) ) ;
#2406 = ORIENTED_EDGE ( 'NONE', *, *, #4660, .T. ) ;
#2407 = DIRECTION ( 'NONE',  ( 2.478176394252582127E-16, 0.000000000000000000, -1.000000000000000000 ) ) ;
#2408 = CARTESIAN_POINT ( 'NONE',  ( -59.99999999999997158, -2.000000000000000000, -44.00000000000000711 ) ) ;
#2409 = ORIENTED_EDGE ( 'NONE', *, *, #4987, .T. ) ;
#2410 = ORIENTED_EDGE ( 'NONE', *, *, #5638, .T. ) ;
#2411 = EDGE_CURVE ( 'NONE', #4495, #1456, #3773, .T. ) ;
#2412 = LINE ( 'NONE', #5697, #885 ) ;
#2413 = CARTESIAN_POINT ( 'NONE',  ( 8.000000000000021316, 1.734723475976807094E-15, 43.50000000000000000 ) ) ;
#2414 = DIRECTION ( 'NONE',  ( 0.000000000000000000, 0.000000000000000000, -1.000000000000000000 ) ) ;
#2415 = CARTESIAN_POINT ( 'NONE',  ( 59.99999999999997158, 0.000000000000000000, 39.99999999999999289 ) ) ;
#2416 = VERTEX_POINT ( 'NONE', #1219 ) ;
#2417 = DIRECTION ( 'NONE',  ( -0.000000000000000000, -0.000000000000000000, -1.000000000000000000 ) ) ;
#2418 = ORIENTED_EDGE ( 'NONE', *, *, #3796, .T. ) ;
#2419 = CYLINDRICAL_SURFACE ( 'NONE', #2865, 3.500000000000003109 ) ;
#2420 = DIRECTION ( 'NONE',  ( 2.238352872228141129E-16, 0.000000000000000000, 1.000000000000000000 ) ) ;
#2421 = EDGE_CURVE ( 'NONE', #681, #4999, #3984, .T. ) ;
#2422 = FACE_OUTER_BOUND ( 'NONE', #2434, .T. ) ;
#2423 = LINE ( 'NONE', #3305, #5462 ) ;
#2424 = ORIENTED_EDGE ( 'NONE', *, *, #143, .T. ) ;
#2425 = ORIENTED_EDGE ( 'NONE', *, *, #1664, .T. ) ;
#2426 = EDGE_LOOP ( 'NONE', ( #2169, #1439, #2808, #4706 ) ) ;
#2427 = CARTESIAN_POINT ( 'NONE',  ( -59.99999999999997158, -2.000000000000000000, 32.99999999999999289 ) ) ;
#2428 = DIRECTION ( 'NONE',  ( 0.000000000000000000, 0.000000000000000000, -1.000000000000000000 ) ) ;
#2429 = EDGE_CURVE ( 'NONE', #4728, #5995, #2620, .T. ) ;
#2430 = VERTEX_POINT ( 'NONE', #3113 ) ;
#2431 = DIRECTION ( 'NONE',  ( -2.168404344971008868E-16, 0.000000000000000000, -1.000000000000000000 ) ) ;
#2432 = DIRECTION ( 'NONE',  ( 0.000000000000000000, -1.000000000000000000, 0.000000000000000000 ) ) ;
#2433 = LINE ( 'NONE', #3000, #1194 ) ;
#2434 = EDGE_LOOP ( 'NONE', ( #1388, #5177 ) ) ;
#2435 = ORIENTED_EDGE ( 'NONE', *, *, #304, .T. ) ;
#2436 = EDGE_CURVE ( 'NONE', #4234, #3631, #3497, .T. ) ;
#2437 = DIRECTION ( 'NONE',  ( 1.000000000000000000, 0.000000000000000000, -0.000000000000000000 ) ) ;
#2438 = CARTESIAN_POINT ( 'NONE',  ( 59.99999999999998579, -2.000000000000000000, -55.99999999999998579 ) ) ;
#2439 = DIRECTION ( 'NONE',  ( 0.000000000000000000, 0.000000000000000000, -1.000000000000000000 ) ) ;
#2440 = CARTESIAN_POINT ( 'NONE',  ( 56.69999999999998153, 5.500000000000000000, 6.999999999999995559 ) ) ;
#2441 = ADVANCED_FACE ( 'NONE', ( #2173 ), #662, .T. ) ;
#2442 = EDGE_LOOP ( 'NONE', ( #3770, #5203 ) ) ;
#2443 = ORIENTED_EDGE ( 'NONE', *, *, #4725, .F. ) ;
#2444 = AXIS2_PLACEMENT_3D ( 'NONE', #145, #237, #2550 ) ;
#2445 = PLANE ( 'NONE',  #391 ) ;
#2446 = DIRECTION ( 'NONE',  ( 0.000000000000000000, 1.000000000000000000, 0.000000000000000000 ) ) ;
#2447 = LINE ( 'NONE', #5889, #5419 ) ;
#2448 = CARTESIAN_POINT ( 'NONE',  ( -59.99999999999997158, -2.000000000000000000, -49.00000000000000000 ) ) ;
#2449 = ADVANCED_FACE ( 'NONE', ( #2646, #4941, #236, #2590, #4071, #4506 ), #5003, .F. ) ;
#2450 = CIRCLE ( 'NONE', #5619, 1.000000000000000888 ) ;
#2451 = VERTEX_POINT ( 'NONE', #2549 ) ;
#2452 = EDGE_LOOP ( 'NONE', ( #5937, #2031 ) ) ;
#2453 = ORIENTED_EDGE ( 'NONE', *, *, #5474, .F. ) ;
#2454 = FACE_OUTER_BOUND ( 'NONE', #5322, .T. ) ;
#2455 = AXIS2_PLACEMENT_3D ( 'NONE', #2157, #2223, #3997 ) ;
#2456 = LINE ( 'NONE', #4292, #5053 ) ;
#2457 = ORIENTED_EDGE ( 'NONE', *, *, #5668, .F. ) ;
#2458 = EDGE_CURVE ( 'NONE', #4590, #2131, #2142, .T. ) ;
#2459 = CARTESIAN_POINT ( 'NONE',  ( -9.999999999999989342, 17.00000000000000000, 30.50000000000000000 ) ) ;
#2460 = VECTOR ( 'NONE', #1116, 1000.000000000000000 ) ;
#2461 = EDGE_CURVE ( 'NONE', #772, #1760, #5740, .T. ) ;
#2462 = AXIS2_PLACEMENT_3D ( 'NONE', #5878, #5441, #268 ) ;
#2463 = DIRECTION ( 'NONE',  ( 0.000000000000000000, 0.000000000000000000, -1.000000000000000000 ) ) ;
#2464 = DATE_AND_TIME ( #3835, #4361 ) ;
#2465 = CIRCLE ( 'NONE', #5736, 3.500000000000003109 ) ;
#2466 = ORIENTED_EDGE ( 'NONE', *, *, #383, .T. ) ;
#2467 = AXIS2_PLACEMENT_3D ( 'NONE', #4107, #1868, #1412 ) ;
#2468 = VERTEX_POINT ( 'NONE', #1623 ) ;
#2469 = CARTESIAN_POINT ( 'NONE',  ( 28.00000000000001066, 4.000000000000000000, 33.50000000000000000 ) ) ;
#2470 = LINE ( 'NONE', #5180, #3871 ) ;
#2471 = AXIS2_PLACEMENT_3D ( 'NONE', #1743, #933, #4627 ) ;
#2472 = CARTESIAN_POINT ( 'NONE',  ( 59.99999999999998579, 9.000000000000001776, -47.99999999999998579 ) ) ;
#2473 = AXIS2_PLACEMENT_3D ( 'NONE', #3455, #5253, #4794 ) ;
#2474 = CARTESIAN_POINT ( 'NONE',  ( 10.00000000000002309, 2.000000000000000000, 57.49999999999999289 ) ) ;
#2475 = CIRCLE ( 'NONE', #4766, 5.000000000000004441 ) ;
#2476 = EDGE_LOOP ( 'NONE', ( #4253, #476, #1475, #286 ) ) ;
#2477 = ORIENTED_EDGE ( 'NONE', *, *, #4732, .T. ) ;
#2478 = AXIS2_PLACEMENT_3D ( 'NONE', #1023, #4811, #105 ) ;
#2479 = FACE_OUTER_BOUND ( 'NONE', #4797, .T. ) ;
#2480 = DIRECTION ( 'NONE',  ( 0.000000000000000000, 0.000000000000000000, 1.000000000000000000 ) ) ;
#2481 = SECURITY_CLASSIFICATION ( '', '', #4391 ) ;
#2482 = VECTOR ( 'NONE', #3504, 1000.000000000000000 ) ;
#2483 = LINE ( 'NONE', #195, #5718 ) ;
#2484 =( BOUNDED_CURVE ( )  B_SPLINE_CURVE ( 3, ( #4231, #888, #2844, #1912 ),
 .UNSPECIFIED., .F., .F. ) 
 B_SPLINE_CURVE_WITH_KNOTS ( ( 4, 4 ),
 ( 0.000000000000000000, 1.570796326794896780 ),
 .UNSPECIFIED. ) 
 CURVE ( )  GEOMETRIC_REPRESENTATION_ITEM ( )  RATIONAL_B_SPLINE_CURVE ( ( 1.000000000000000000, 0.8047378541243649375, 0.8047378541243649375, 1.000000000000000000 ) ) 
 REPRESENTATION_ITEM ( '' )  );
#2485 = LINE ( 'NONE', #138, #2598 ) ;
#2486 = VECTOR ( 'NONE', #66, 1000.000000000000000 ) ;
#2487 = VERTEX_POINT ( 'NONE', #4036 ) ;
#2488 = VECTOR ( 'NONE', #2203, 1000.000000000000000 ) ;
#2489 = ORIENTED_EDGE ( 'NONE', *, *, #4929, .F. ) ;
#2490 = ORIENTED_EDGE ( 'NONE', *, *, #5970, .T. ) ;
#2491 = DIRECTION ( 'NONE',  ( 1.000000000000000000, 0.000000000000000000, -0.000000000000000000 ) ) ;
#2492 = AXIS2_PLACEMENT_3D ( 'NONE', #914, #1838, #6055 ) ;
#2493 = EDGE_CURVE ( 'NONE', #3924, #3898, #5870, .T. ) ;
#2494 = DIRECTION ( 'NONE',  ( -0.000000000000000000, -1.000000000000000000, -0.000000000000000000 ) ) ;
#2495 = CARTESIAN_POINT ( 'NONE',  ( 59.99999999999997158, 9.000000000000001776, 45.00000000000000000 ) ) ;
#2496 = AXIS2_PLACEMENT_3D ( 'NONE', #4615, #4147, #5015 ) ;
#2497 = EDGE_LOOP ( 'NONE', ( #4379, #5696, #5860, #2144, #5584, #3817 ) ) ;
#2498 = DIRECTION ( 'NONE',  ( 0.000000000000000000, 0.000000000000000000, -1.000000000000000000 ) ) ;
#2499 = ADVANCED_FACE ( 'NONE', ( #3137 ), #5400, .F. ) ;
#2500 = DIRECTION ( 'NONE',  ( 0.000000000000000000, 0.000000000000000000, -1.000000000000000000 ) ) ;
#2501 = CALENDAR_DATE ( 2026, 20, 8 ) ;
#2502 = ORIENTED_EDGE ( 'NONE', *, *, #1513, .F. ) ;
#2503 = ORIENTED_EDGE ( 'NONE', *, *, #1767, .F. ) ;
#2504 = DIRECTION ( 'NONE',  ( -0.000000000000000000, -1.000000000000000000, 0.000000000000000000 ) ) ;
#2505 = DIRECTION ( 'NONE',  ( 0.000000000000000000, 1.000000000000000000, 0.000000000000000000 ) ) ;
#2506 = EDGE_CURVE ( 'NONE', #5280, #2941, #3371, .T. ) ;
#2507 = CARTESIAN_POINT ( 'NONE',  ( -8.000000000000000000, -2.000000000000000000, 22.00000000000000000 ) ) ;
#2508 = CARTESIAN_POINT ( 'NONE',  ( 60.00000000000002132, 2.000000000000000000, 39.99999999999999289 ) ) ;
#2509 = ORIENTED_EDGE ( 'NONE', *, *, #422, .F. ) ;
#2510 = ORIENTED_EDGE ( 'NONE', *, *, #3831, .F. ) ;
#2511 = LINE ( 'NONE', #5420, #4443 ) ;
#2512 = DIRECTION ( 'NONE',  ( -0.000000000000000000, 1.000000000000000000, -0.000000000000000000 ) ) ;
#2513 = CARTESIAN_POINT ( 'NONE',  ( 56.69999999999998153, 7.500000000000000000, 6.999999999999975131 ) ) ;
#2514 = DIRECTION ( 'NONE',  ( 1.577021341797097560E-16, -0.000000000000000000, 1.000000000000000000 ) ) ;
#2515 = VERTEX_POINT ( 'NONE', #4662 ) ;
#2516 = CARTESIAN_POINT ( 'NONE',  ( 59.99999999999998579, 12.00000000000000000, -48.99999999999998579 ) ) ;
#2517 = VERTEX_POINT ( 'NONE', #4717 ) ;
#2518 = DIRECTION ( 'NONE',  ( 0.000000000000000000, 0.000000000000000000, -1.000000000000000000 ) ) ;
#2519 = CYLINDRICAL_SURFACE ( 'NONE', #1584, 5.000000000000004441 ) ;
#2520 = LINE ( 'NONE', #5374, #3244 ) ;
#2521 = ADVANCED_FACE ( 'NONE', ( #6073 ), #2236, .F. ) ;
#2522 = ORIENTED_EDGE ( 'NONE', *, *, #5923, .F. ) ;
#2523 = LINE ( 'NONE', #293, #417 ) ;
#2524 = DIRECTION ( 'NONE',  ( -2.238352872228141129E-16, 0.000000000000000000, -1.000000000000000000 ) ) ;
#2525 = CARTESIAN_POINT ( 'NONE',  ( 54.49999999999997868, 5.500000000000000000, 6.999999999999996447 ) ) ;
#2526 = CYLINDRICAL_SURFACE ( 'NONE', #3485, 3.000000000000009770 ) ;
#2527 = EDGE_CURVE ( 'NONE', #2019, #1421, #3175, .T. ) ;
#2528 = EDGE_CURVE ( 'NONE', #3398, #232, #4690, .T. ) ;
#2529 = ORIENTED_EDGE ( 'NONE', *, *, #1047, .T. ) ;
#2530 = EDGE_CURVE ( 'NONE', #3333, #1779, #1879, .T. ) ;
#2531 = CARTESIAN_POINT ( 'NONE',  ( 6.999999999999993783, 5.000000000000000000, 23.00000000000000000 ) ) ;
#2532 = ORIENTED_EDGE ( 'NONE', *, *, #3831, .T. ) ;
#2533 = DIRECTION ( 'NONE',  ( 0.000000000000000000, 1.000000000000000000, 0.000000000000000000 ) ) ;
#2534 = CARTESIAN_POINT ( 'NONE',  ( 54.49999999999997868, 3.000000000000000000, 10.99999999999999645 ) ) ;
#2535 = CARTESIAN_POINT ( 'NONE',  ( 56.50000000000000711, 3.000000000000000000, -23.99999999999999289 ) ) ;
#2536 = LINE ( 'NONE', #1544, #1702 ) ;
#2537 = VERTEX_POINT ( 'NONE', #382 ) ;
#2538 = EDGE_CURVE ( 'NONE', #5396, #1509, #5067, .T. ) ;
#2539 = ORIENTED_EDGE ( 'NONE', *, *, #2994, .T. ) ;
#2540 = CARTESIAN_POINT ( 'NONE',  ( 9.000000000000021316, 3.000000000000000000, -24.00000000000003197 ) ) ;
#2541 = CARTESIAN_POINT ( 'NONE',  ( 10.00000000000000178, 7.000000000000000000, 24.00000000000000000 ) ) ;
#2542 = CARTESIAN_POINT ( 'NONE',  ( -56.70000000000003126, 7.500000000000000000, 6.999999999999978684 ) ) ;
#2543 = CARTESIAN_POINT ( 'NONE',  ( 59.99999999999997158, -2.000000000000000000, 34.99999999999999289 ) ) ;
#2544 = ORIENTED_EDGE ( 'NONE', *, *, #1422, .F. ) ;
#2545 = AXIS2_PLACEMENT_3D ( 'NONE', #3330, #3763, #4692 ) ;
#2546 = EDGE_LOOP ( 'NONE', ( #1097, #1428, #5483, #4695 ) ) ;
#2547 = ORIENTED_EDGE ( 'NONE', *, *, #5081, .T. ) ;
#2548 = CARTESIAN_POINT ( 'NONE',  ( -59.99999999999997158, 11.00000000000000178, -54.00000000000000000 ) ) ;
#2549 = CARTESIAN_POINT ( 'NONE',  ( 59.99999999999997158, 0.000000000000000000, 32.99999999999998579 ) ) ;
#2550 = DIRECTION ( 'NONE',  ( 0.000000000000000000, -0.000000000000000000, -1.000000000000000000 ) ) ;
#2551 = AXIS2_PLACEMENT_3D ( 'NONE', #1919, #7, #2414 ) ;
#2552 = EDGE_CURVE ( 'NONE', #1979, #4401, #3074, .T. ) ;
#2553 = EDGE_LOOP ( 'NONE', ( #4314, #2657, #5702, #2615, #5348, #5311, #33, #3156, #3121, #1566, #1552, #2813 ) ) ;
#2554 = CARTESIAN_POINT ( 'NONE',  ( 59.99999999999998579, 11.00000000000000178, -53.99999999999999289 ) ) ;
#2555 = AXIS2_PLACEMENT_3D ( 'NONE', #137, #5768, #5366 ) ;
#2556 = CARTESIAN_POINT ( 'NONE',  ( 54.50000000000000000, 5.500000000000000000, -24.00000000000000711 ) ) ;
#2557 = EDGE_CURVE ( 'NONE', #4160, #4815, #5646, .T. ) ;
#2558 = LINE ( 'NONE', #3144, #1691 ) ;
#2559 = MECHANICAL_CONTEXT ( 'NONE', #5488, 'mechanical' ) ;
#2560 = EDGE_CURVE ( 'NONE', #1340, #480, #3674, .T. ) ;
#2561 = EDGE_LOOP ( 'NONE', ( #565, #3697, #2601, #344, #2332, #869 ) ) ;
#2562 = CARTESIAN_POINT ( 'NONE',  ( -54.50000000000003553, 7.500000000000000000, -24.00000000000000355 ) ) ;
#2563 = ORIENTED_EDGE ( 'NONE', *, *, #331, .T. ) ;
#2564 = CIRCLE ( 'NONE', #1175, 4.999999999999997335 ) ;
#2565 = CARTESIAN_POINT ( 'NONE',  ( 0.000000000000000000, 5.000000000000000000, 0.000000000000000000 ) ) ;
#2566 = EDGE_CURVE ( 'NONE', #1935, #1619, #4161, .T. ) ;
#2567 = LINE ( 'NONE', #156, #516 ) ;
#2568 = FACE_OUTER_BOUND ( 'NONE', #2283, .T. ) ;
#2569 = APPROVAL ( #90, '未' ) ;
#2570 = CARTESIAN_POINT ( 'NONE',  ( 30.00000000000001421, 2.000000000000000000, 45.50000000000000000 ) ) ;
#2571 = VECTOR ( 'NONE', #736, 1000.000000000000000 ) ;
#2572 = VECTOR ( 'NONE', #3993, 1000.000000000000000 ) ;
#2573 = ORIENTED_EDGE ( 'NONE', *, *, #2436, .T. ) ;
#2574 = EDGE_LOOP ( 'NONE', ( #141, #1279, #5282, #3624 ) ) ;
#2575 = LINE ( 'NONE', #1173, #97 ) ;
#2576 = AXIS2_PLACEMENT_3D ( 'NONE', #5494, #1185, #3085 ) ;
#2577 = CIRCLE ( 'NONE', #2280, 3.000000000000009770 ) ;
#2578 = CARTESIAN_POINT ( 'NONE',  ( -54.50000000000000000, 5.500000000000000000, -24.00000000000000711 ) ) ;
#2579 = EDGE_CURVE ( 'NONE', #3898, #5234, #846, .T. ) ;
#2580 = DIRECTION ( 'NONE',  ( -0.000000000000000000, 1.000000000000000000, -0.000000000000000000 ) ) ;
#2581 = ADVANCED_FACE ( 'NONE', ( #6048 ), #1774, .T. ) ;
#2582 = CARTESIAN_POINT ( 'NONE',  ( -59.99999999999997158, 11.00000000000000178, 39.99999999999999289 ) ) ;
#2583 = CIRCLE ( 'NONE', #4166, 1.000000000000000888 ) ;
#2584 = VECTOR ( 'NONE', #3802, 1000.000000000000000 ) ;
#2585 = ORIENTED_EDGE ( 'NONE', *, *, #1131, .T. ) ;
#2586 = ORIENTED_EDGE ( 'NONE', *, *, #1951, .T. ) ;
#2587 = VERTEX_POINT ( 'NONE', #2737 ) ;
#2588 = FACE_OUTER_BOUND ( 'NONE', #5720, .T. ) ;
#2589 = CC_DESIGN_APPROVAL ( #5407, ( #1690 ) ) ;
#2590 = FACE_BOUND ( 'NONE', #1612, .T. ) ;
#2591 = AXIS2_PLACEMENT_3D ( 'NONE', #3700, #4152, #3664 ) ;
#2592 = FACE_OUTER_BOUND ( 'NONE', #3800, .T. ) ;
#2593 = VECTOR ( 'NONE', #4917, 1000.000000000000000 ) ;
#2594 = ORIENTED_EDGE ( 'NONE', *, *, #1876, .T. ) ;
#2595 = VECTOR ( 'NONE', #4613, 1000.000000000000000 ) ;
#2596 = DIRECTION ( 'NONE',  ( 1.000000000000000000, 0.000000000000000000, 0.000000000000000000 ) ) ;
#2597 = DIRECTION ( 'NONE',  ( 0.000000000000000000, 0.000000000000000000, 1.000000000000000000 ) ) ;
#2598 = VECTOR ( 'NONE', #2017, 1000.000000000000000 ) ;
#2599 = LINE ( 'NONE', #3093, #999 ) ;
#2600 = APPROVAL_DATE_TIME ( #3991, #5145 ) ;
#2601 = ORIENTED_EDGE ( 'NONE', *, *, #829, .T. ) ;
#2602 = CARTESIAN_POINT ( 'NONE',  ( 59.99999999999997158, -2.000000000000000000, 39.99999999999999289 ) ) ;
#2603 = VERTEX_POINT ( 'NONE', #1810 ) ;
#2604 = DIRECTION ( 'NONE',  ( 1.000000000000000000, 0.000000000000000000, 0.000000000000000000 ) ) ;
#2605 = CARTESIAN_POINT ( 'NONE',  ( 10.99999999999999822, 12.00000000000000000, 22.00000000000000000 ) ) ;
#2606 = DIRECTION ( 'NONE',  ( 2.891205793294679312E-16, 0.000000000000000000, 1.000000000000000000 ) ) ;
#2607 = FACE_OUTER_BOUND ( 'NONE', #5725, .T. ) ;
#2608 = ADVANCED_FACE ( 'NONE', ( #3677 ), #4164, .F. ) ;
#2609 = ORIENTED_EDGE ( 'NONE', *, *, #224, .T. ) ;
#2610 = EDGE_LOOP ( 'NONE', ( #3911, #2012, #2964, #5542 ) ) ;
#2611 = FACE_BOUND ( 'NONE', #5397, .T. ) ;
#2612 = FACE_OUTER_BOUND ( 'NONE', #2966, .T. ) ;
#2613 = CYLINDRICAL_SURFACE ( 'NONE', #573, 1.000000000000000888 ) ;
#2614 = LINE ( 'NONE', #4005, #4369 ) ;
#2615 = ORIENTED_EDGE ( 'NONE', *, *, #5401, .F. ) ;
#2616 = ORIENTED_EDGE ( 'NONE', *, *, #4177, .F. ) ;
#2617 = ORIENTED_EDGE ( 'NONE', *, *, #1414, .T. ) ;
#2618 = EDGE_CURVE ( 'NONE', #475, #4126, #354, .T. ) ;
#2619 = LINE ( 'NONE', #4909, #503 ) ;
#2620 = LINE ( 'NONE', #1715, #205 ) ;
#2621 = CARTESIAN_POINT ( 'NONE',  ( 9.999999999999998224, 12.00000000000000000, 23.00000000000000000 ) ) ;
#2622 = EDGE_LOOP ( 'NONE', ( #1732, #5877, #4908, #2692 ) ) ;
#2623 = PLANE ( 'NONE',  #124 ) ;
#2624 = EDGE_CURVE ( 'NONE', #3981, #1456, #3173, .T. ) ;
#2625 = CARTESIAN_POINT ( 'NONE',  ( 59.99999999999997158, 11.00000000000000178, 39.99999999999999289 ) ) ;
#2626 = CARTESIAN_POINT ( 'NONE',  ( -10.00000000000000000, 12.00000000000000000, 22.00000000000000000 ) ) ;
#2627 = COORDINATED_UNIVERSAL_TIME_OFFSET ( 8, 0, .AHEAD. ) ;
#2628 = FACE_OUTER_BOUND ( 'NONE', #1407, .T. ) ;
#2629 = ORIENTED_EDGE ( 'NONE', *, *, #2654, .F. ) ;
#2630 = FACE_BOUND ( 'NONE', #557, .T. ) ;
#2631 = DIRECTION ( 'NONE',  ( 0.000000000000000000, 0.000000000000000000, -1.000000000000000000 ) ) ;
#2632 = DIRECTION ( 'NONE',  ( -0.000000000000000000, 1.000000000000000000, -0.000000000000000000 ) ) ;
#2633 = LINE ( 'NONE', #5540, #5157 ) ;
#2634 = EDGE_CURVE ( 'NONE', #2115, #2297, #2828, .T. ) ;
#2635 = ORIENTED_EDGE ( 'NONE', *, *, #2506, .T. ) ;
#2636 = ORIENTED_EDGE ( 'NONE', *, *, #5460, .T. ) ;
#2637 = LINE ( 'NONE', #2976, #2460 ) ;
#2638 = DIRECTION ( 'NONE',  ( -1.000000000000000000, 0.000000000000000000, -0.000000000000000000 ) ) ;
#2639 = ADVANCED_FACE ( 'NONE', ( #3707 ), #5559, .T. ) ;
#2640 = CARTESIAN_POINT ( 'NONE',  ( -30.00000000000000000, 3.000000000000000000, -28.00000000000001066 ) ) ;
#2641 = FACE_OUTER_BOUND ( 'NONE', #4189, .T. ) ;
#2642 = EDGE_LOOP ( 'NONE', ( #2872, #4034, #1121, #459 ) ) ;
#2643 = ORIENTED_EDGE ( 'NONE', *, *, #5707, .T. ) ;
#2644 = VERTEX_POINT ( 'NONE', #1338 ) ;
#2645 = LINE ( 'NONE', #1714, #1492 ) ;
#2646 = FACE_BOUND ( 'NONE', #190, .T. ) ;
#2647 = EDGE_CURVE ( 'NONE', #1371, #1641, #4217, .T. ) ;
#2648 = CYLINDRICAL_SURFACE ( 'NONE', #472, 2.000000000000001776 ) ;
#2649 = EDGE_CURVE ( 'NONE', #4199, #2517, #1494, .T. ) ;
#2650 = ORIENTED_EDGE ( 'NONE', *, *, #2916, .T. ) ;
#2651 = DIRECTION ( 'NONE',  ( 1.000000000000000000, 0.000000000000000000, 0.000000000000000000 ) ) ;
#2652 = CARTESIAN_POINT ( 'NONE',  ( -54.49999999999999289, 2.000000000000000000, 8.999999999999992895 ) ) ;
#2653 = CYLINDRICAL_SURFACE ( 'NONE', #4567, 6.999999999999999112 ) ;
#2654 = EDGE_CURVE ( 'NONE', #4199, #4747, #1082, .T. ) ;
#2655 = AXIS2_PLACEMENT_3D ( 'NONE', #4876, #627, #2041 ) ;
#2656 = LINE ( 'NONE', #5502, #2669 ) ;
#2657 = ORIENTED_EDGE ( 'NONE', *, *, #2008, .F. ) ;
#2658 = CARTESIAN_POINT ( 'NONE',  ( 28.00000000000001066, 12.00000000000000000, 43.50000000000000000 ) ) ;
#2659 = DIRECTION ( 'NONE',  ( 0.000000000000000000, 0.000000000000000000, -1.000000000000000000 ) ) ;
#2660 = AXIS2_PLACEMENT_3D ( 'NONE', #5201, #3248, #5109 ) ;
#2661 = DIRECTION ( 'NONE',  ( 0.000000000000000000, -1.000000000000000000, 0.000000000000000000 ) ) ;
#2662 = DIRECTION ( 'NONE',  ( 1.000000000000000000, 0.000000000000000000, -2.891205793294679312E-16 ) ) ;
#2663 = VERTEX_POINT ( 'NONE', #2395 ) ;
#2664 = VERTEX_POINT ( 'NONE', #1983 ) ;
#2665 = CARTESIAN_POINT ( 'NONE',  ( 59.99999999999998579, -2.000000000000000000, -48.99999999999998579 ) ) ;
#2666 = DIRECTION ( 'NONE',  ( 0.000000000000000000, 0.000000000000000000, -1.000000000000000000 ) ) ;
#2667 = VECTOR ( 'NONE', #2894, 1000.000000000000000 ) ;
#2668 = CARTESIAN_POINT ( 'NONE',  ( 59.99999999999997158, 11.00000000000000178, 39.99999999999999289 ) ) ;
#2669 = VECTOR ( 'NONE', #5936, 1000.000000000000000 ) ;
#2670 = CARTESIAN_POINT ( 'NONE',  ( -37.00000000000000000, 5.500000000000000000, -29.00000000000000711 ) ) ;
#2671 = ORIENTED_EDGE ( 'NONE', *, *, #5601, .T. ) ;
#2672 = EDGE_CURVE ( 'NONE', #5461, #5893, #2921, .T. ) ;
#2673 = CYLINDRICAL_SURFACE ( 'NONE', #1574, 4.000000000000003553 ) ;
#2674 = ORIENTED_EDGE ( 'NONE', *, *, #5688, .T. ) ;
#2675 = VECTOR ( 'NONE', #1165, 1000.000000000000000 ) ;
#2676 = CIRCLE ( 'NONE', #2467, 5.000000000000004441 ) ;
#2677 = DIRECTION ( 'NONE',  ( 0.000000000000000000, 0.000000000000000000, -1.000000000000000000 ) ) ;
#2678 = CARTESIAN_POINT ( 'NONE',  ( -30.00000000000000000, 2.000000000000000000, -28.00000000000001066 ) ) ;
#2679 = DIRECTION ( 'NONE',  ( -0.000000000000000000, -1.000000000000000000, -0.000000000000000000 ) ) ;
#2680 = VECTOR ( 'NONE', #3150, 1000.000000000000000 ) ;
#2681 = ORIENTED_EDGE ( 'NONE', *, *, #2624, .T. ) ;
#2682 = VECTOR ( 'NONE', #68, 1000.000000000000000 ) ;
#2683 = CARTESIAN_POINT ( 'NONE',  ( -59.99999999999997158, 11.00000000000000178, 39.99999999999999289 ) ) ;
#2684 = EDGE_CURVE ( 'NONE', #3314, #1697, #5706, .T. ) ;
#2685 = LINE ( 'NONE', #2652, #5436 ) ;
#2686 = AXIS2_PLACEMENT_3D ( 'NONE', #3936, #4469, #228 ) ;
#2687 = VECTOR ( 'NONE', #5379, 1000.000000000000000 ) ;
#2688 = LINE ( 'NONE', #5437, #1795 ) ;
#2689 = CIRCLE ( 'NONE', #5851, 5.000000000000004441 ) ;
#2690 = DIRECTION ( 'NONE',  ( 0.000000000000000000, 1.000000000000000000, 0.000000000000000000 ) ) ;
#2691 = CIRCLE ( 'NONE', #5265, 1.000000000000000888 ) ;
#2692 = ORIENTED_EDGE ( 'NONE', *, *, #1243, .T. ) ;
#2693 = LINE ( 'NONE', #2658, #3465 ) ;
#2694 = EDGE_CURVE ( 'NONE', #5742, #4453, #1391, .T. ) ;
#2695 = AXIS2_PLACEMENT_3D ( 'NONE', #4105, #1342, #3239 ) ;
#2696 = CARTESIAN_POINT ( 'NONE',  ( 5.999999999999991118, 0.000000000000000000, 24.00000000000000000 ) ) ;
#2697 = DIRECTION ( 'NONE',  ( 0.000000000000000000, 0.000000000000000000, 1.000000000000000000 ) ) ;
#2698 = DIRECTION ( 'NONE',  ( 0.000000000000000000, 0.000000000000000000, -1.000000000000000000 ) ) ;
#2699 = VECTOR ( 'NONE', #486, 1000.000000000000000 ) ;
#2700 = ORIENTED_EDGE ( 'NONE', *, *, #3224, .F. ) ;
#2701 = VERTEX_POINT ( 'NONE', #2015 ) ;
#2702 = CARTESIAN_POINT ( 'NONE',  ( 57.49999999999996447, 5.500000000000000000, -23.99999999999998224 ) ) ;
#2703 = EDGE_CURVE ( 'NONE', #1254, #622, #1523, .T. ) ;
#2704 = FACE_OUTER_BOUND ( 'NONE', #514, .T. ) ;
#2705 = CARTESIAN_POINT ( 'NONE',  ( -4.999999999999990230, 15.00000000000000178, 32.50000000000000000 ) ) ;
#2706 = CARTESIAN_POINT ( 'NONE',  ( -59.99999999999984368, 2.000000000000000000, 57.49999999999999289 ) ) ;
#2707 = EDGE_LOOP ( 'NONE', ( #535, #3769, #4731, #151 ) ) ;
#2708 = DIRECTION ( 'NONE',  ( 0.000000000000000000, 0.000000000000000000, -1.000000000000000000 ) ) ;
#2709 = ORIENTED_EDGE ( 'NONE', *, *, #4146, .F. ) ;
#2710 = DIRECTION ( 'NONE',  ( 0.000000000000000000, -1.000000000000000000, 0.000000000000000000 ) ) ;
#2711 = CARTESIAN_POINT ( 'NONE',  ( 28.00000000000001421, 12.00000000000000000, 29.50000000000000000 ) ) ;
#2712 = FACE_OUTER_BOUND ( 'NONE', #3213, .T. ) ;
#2713 = ORIENTED_EDGE ( 'NONE', *, *, #3287, .T. ) ;
#2714 = EDGE_LOOP ( 'NONE', ( #4280, #4464, #3878, #2457 ) ) ;
#2715 = FACE_OUTER_BOUND ( 'NONE', #652, .T. ) ;
#2716 = ORIENTED_EDGE ( 'NONE', *, *, #2261, .F. ) ;
#2717 = CARTESIAN_POINT ( 'NONE',  ( 28.00000000000001421, 1.734723475976807094E-15, 29.50000000000000000 ) ) ;
#2718 = EDGE_CURVE ( 'NONE', #1914, #4634, #1950, .T. ) ;
#2719 = DIRECTION ( 'NONE',  ( 0.000000000000000000, 1.000000000000000000, -0.000000000000000000 ) ) ;
#2720 = ORIENTED_EDGE ( 'NONE', *, *, #5568, .F. ) ;
#2721 = CARTESIAN_POINT ( 'NONE',  ( 8.000000000000000000, 7.000000000000000000, 25.00000000000000000 ) ) ;
#2722 = DIRECTION ( 'NONE',  ( 0.000000000000000000, 1.000000000000000000, 0.000000000000000000 ) ) ;
#2723 = ADVANCED_FACE ( 'NONE', ( #4375 ), #3328, .F. ) ;
#2724 = CARTESIAN_POINT ( 'NONE',  ( 59.99999999999998579, 0.000000000000000000, -43.99999999999998579 ) ) ;
#2725 = ADVANCED_FACE ( 'NONE', ( #959 ), #3850, .F. ) ;
#2726 = ORIENTED_EDGE ( 'NONE', *, *, #437, .F. ) ;
#2727 = ORIENTED_EDGE ( 'NONE', *, *, #5334, .F. ) ;
#2728 = CARTESIAN_POINT ( 'NONE',  ( 54.49999999999996447, 5.500000000000000000, -24.00000000000000355 ) ) ;
#2729 = DIRECTION ( 'NONE',  ( 0.000000000000000000, 1.000000000000000000, 0.000000000000000000 ) ) ;
#2730 = LINE ( 'NONE', #2135, #6009 ) ;
#2731 = LINE ( 'NONE', #841, #5456 ) ;
#2732 = EDGE_CURVE ( 'NONE', #3519, #4722, #4065, .T. ) ;
#2733 = ORIENTED_EDGE ( 'NONE', *, *, #798, .T. ) ;
#2734 = DIRECTION ( 'NONE',  ( 0.000000000000000000, 0.000000000000000000, -1.000000000000000000 ) ) ;
#2735 = ORIENTED_EDGE ( 'NONE', *, *, #3443, .F. ) ;
#2736 = CARTESIAN_POINT ( 'NONE',  ( 54.49999999999997868, 7.500000000000000000, 6.999999999999996447 ) ) ;
#2737 = CARTESIAN_POINT ( 'NONE',  ( 8.999999999999996447, 5.000000000000000000, 12.99999999999999822 ) ) ;
#2738 = DIRECTION ( 'NONE',  ( 0.000000000000000000, 0.000000000000000000, -1.000000000000000000 ) ) ;
#2739 = ADVANCED_FACE ( 'NONE', ( #4751 ), #1432, .F. ) ;
#2740 = ORIENTED_EDGE ( 'NONE', *, *, #2837, .T. ) ;
#2741 = ORIENTED_EDGE ( 'NONE', *, *, #3578, .T. ) ;
#2742 = DIRECTION ( 'NONE',  ( -0.000000000000000000, -1.000000000000000000, -0.000000000000000000 ) ) ;
#2743 = ORIENTED_EDGE ( 'NONE', *, *, #4920, .F. ) ;
#2744 = DIRECTION ( 'NONE',  ( 1.000000000000000000, -0.000000000000000000, -0.000000000000000000 ) ) ;
#2745 = CIRCLE ( 'NONE', #4829, 6.999999999999999112 ) ;
#2746 = DIRECTION ( 'NONE',  ( 0.000000000000000000, 0.000000000000000000, -1.000000000000000000 ) ) ;
#2747 = EDGE_CURVE ( 'NONE', #848, #1248, #505, .T. ) ;
#2748 = ORIENTED_EDGE ( 'NONE', *, *, #1229, .T. ) ;
#2749 = EDGE_CURVE ( 'NONE', #2926, #772, #5552, .T. ) ;
#2750 = DIRECTION ( 'NONE',  ( 0.000000000000000000, 1.000000000000000000, 0.000000000000000000 ) ) ;
#2751 = CIRCLE ( 'NONE', #4931, 17.50000000000000355 ) ;
#2752 = CYLINDRICAL_SURFACE ( 'NONE', #322, 1.000000000000000888 ) ;
#2753 = ORIENTED_EDGE ( 'NONE', *, *, #5001, .F. ) ;
#2754 = ORIENTED_EDGE ( 'NONE', *, *, #3475, .F. ) ;
#2755 = EDGE_CURVE ( 'NONE', #3885, #3168, #3482, .T. ) ;
#2756 = AXIS2_PLACEMENT_3D ( 'NONE', #4053, #2194, #1297 ) ;
#2757 = CARTESIAN_POINT ( 'NONE',  ( 54.50000000000000000, 5.500000000000000000, -29.00000000000001066 ) ) ;
#2758 = CARTESIAN_POINT ( 'NONE',  ( 37.00000000000002132, 3.000000000000000000, -26.00000000000001066 ) ) ;
#2759 = EDGE_CURVE ( 'NONE', #77, #980, #799, .T. ) ;
#2760 = DIRECTION ( 'NONE',  ( 0.000000000000000000, 0.000000000000000000, 1.000000000000000000 ) ) ;
#2761 = FACE_OUTER_BOUND ( 'NONE', #2622, .T. ) ;
#2762 = ORIENTED_EDGE ( 'NONE', *, *, #1035, .F. ) ;
#2763 = DIRECTION ( 'NONE',  ( 0.000000000000000000, 0.000000000000000000, 1.000000000000000000 ) ) ;
#2764 = VERTEX_POINT ( 'NONE', #2945 ) ;
#2765 = CARTESIAN_POINT ( 'NONE',  ( 57.49999999999997868, 5.500000000000000000, 6.999999999999975131 ) ) ;
#2766 = AXIS2_PLACEMENT_3D ( 'NONE', #4565, #5123, #1772 ) ;
#2767 = AXIS2_PLACEMENT_3D ( 'NONE', #5199, #6116, #2371 ) ;
#2768 = DIRECTION ( 'NONE',  ( 0.000000000000000000, -0.000000000000000000, 1.000000000000000000 ) ) ;
#2769 = ADVANCED_FACE ( 'NONE', ( #592 ), #47, .F. ) ;
#2770 = FACE_OUTER_BOUND ( 'NONE', #4885, .T. ) ;
#2771 = ORIENTED_EDGE ( 'NONE', *, *, #3928, .T. ) ;
#2772 = VECTOR ( 'NONE', #3226, 1000.000000000000000 ) ;
#2773 = EDGE_LOOP ( 'NONE', ( #5275, #5212, #3720, #5577, #5200 ) ) ;
#2774 = EDGE_CURVE ( 'NONE', #2764, #876, #3356, .T. ) ;
#2775 = CARTESIAN_POINT ( 'NONE',  ( -59.99999999999997158, 9.000000000000001776, -49.00000000000000000 ) ) ;
#2776 = VERTEX_POINT ( 'NONE', #3973 ) ;
#2777 = DIRECTION ( 'NONE',  ( 0.000000000000000000, -0.000000000000000000, -1.000000000000000000 ) ) ;
#2778 = CIRCLE ( 'NONE', #5933, 5.000000000000004441 ) ;
#2779 = VECTOR ( 'NONE', #3730, 1000.000000000000000 ) ;
#2780 = VECTOR ( 'NONE', #5188, 1000.000000000000000 ) ;
#2781 = DIRECTION ( 'NONE',  ( -2.846725704167071744E-16, 0.000000000000000000, -1.000000000000000000 ) ) ;
#2782 = ORIENTED_EDGE ( 'NONE', *, *, #3194, .T. ) ;
#2783 = AXIS2_PLACEMENT_3D ( 'NONE', #398, #1878, #5175 ) ;
#2784 = AXIS2_PLACEMENT_3D ( 'NONE', #2341, #3744, #4230 ) ;
#2785 = CARTESIAN_POINT ( 'NONE',  ( 6.000000000000023093, 12.00000000000000000, 55.49999999999998579 ) ) ;
#2786 = CARTESIAN_POINT ( 'NONE',  ( 9.999999999999998224, 2.000000000000000000, 22.00000000000000000 ) ) ;
#2787 = CIRCLE ( 'NONE', #5855, 3.000000000000002665 ) ;
#2788 = VERTEX_POINT ( 'NONE', #3011 ) ;
#2789 = ORIENTED_EDGE ( 'NONE', *, *, #3298, .T. ) ;
#2790 = CIRCLE ( 'NONE', #5754, 1.999999999999998224 ) ;
#2791 = CARTESIAN_POINT ( 'NONE',  ( -59.99999999999997158, -2.000000000000000000, 32.99999999999999289 ) ) ;
#2792 = CARTESIAN_POINT ( 'NONE',  ( -30.00000000000000000, 3.000000000000000000, -28.00000000000001066 ) ) ;
#2793 = CIRCLE ( 'NONE', #5647, 3.000000000000009770 ) ;
#2794 = DIRECTION ( 'NONE',  ( -1.000000000000000000, 0.000000000000000000, -0.000000000000000000 ) ) ;
#2795 = CARTESIAN_POINT ( 'NONE',  ( -56.49999999999999289, 2.000000000000000000, 6.999999999999992006 ) ) ;
#2796 = ADVANCED_FACE ( 'NONE', ( #2612 ), #1615, .F. ) ;
#2797 = ORIENTED_EDGE ( 'NONE', *, *, #4604, .F. ) ;
#2798 = CARTESIAN_POINT ( 'NONE',  ( -77.50000000000000000, 0.000000000000000000, -57.50000000000000711 ) ) ;
#2799 = ORIENTED_EDGE ( 'NONE', *, *, #3630, .T. ) ;
#2800 = DIRECTION ( 'NONE',  ( -1.000000000000000000, 0.000000000000000000, -0.000000000000000000 ) ) ;
#2801 = CARTESIAN_POINT ( 'NONE',  ( -59.99999999999997158, 9.000000000000001776, -49.00000000000000000 ) ) ;
#2802 = CARTESIAN_POINT ( 'NONE',  ( -54.50000000000000000, 5.500000000000000000, -26.00000000000000711 ) ) ;
#2803 = DIRECTION ( 'NONE',  ( 1.000000000000000000, 0.000000000000000000, 0.000000000000000000 ) ) ;
#2804 = EDGE_LOOP ( 'NONE', ( #1931, #1135 ) ) ;
#2805 = ORIENTED_EDGE ( 'NONE', *, *, #5495, .T. ) ;
#2806 = EDGE_CURVE ( 'NONE', #3204, #4453, #1707, .T. ) ;
#2807 = PLANE ( 'NONE',  #5857 ) ;
#2808 = ORIENTED_EDGE ( 'NONE', *, *, #2252, .F. ) ;
#2809 = CARTESIAN_POINT ( 'NONE',  ( 54.49999999999997868, 3.000000000000000000, 10.99999999999999645 ) ) ;
#2810 = CARTESIAN_POINT ( 'NONE',  ( 56.69999999999996732, 7.500000000000000000, -23.99999999999998224 ) ) ;
#2811 = EDGE_CURVE ( 'NONE', #6104, #1161, #2583, .T. ) ;
#2812 = DIRECTION ( 'NONE',  ( 1.000000000000000000, -0.000000000000000000, 0.000000000000000000 ) ) ;
#2813 = ORIENTED_EDGE ( 'NONE', *, *, #2070, .T. ) ;
#2814 = LINE ( 'NONE', #2785, #5163 ) ;
#2815 = DIRECTION ( 'NONE',  ( 1.000000000000000000, 0.000000000000000000, 0.000000000000000000 ) ) ;
#2816 = VERTEX_POINT ( 'NONE', #5486 ) ;
#2817 = VERTEX_POINT ( 'NONE', #683 ) ;
#2818 = CARTESIAN_POINT ( 'NONE',  ( -54.49999999999999289, 5.500000000000000000, 11.99999999999999645 ) ) ;
#2819 = CARTESIAN_POINT ( 'NONE',  ( -59.99999999999997158, 2.000000000000000000, 44.99999999999999289 ) ) ;
#2820 = DIRECTION ( 'NONE',  ( 0.000000000000000000, 1.000000000000000000, -0.000000000000000000 ) ) ;
#2821 = CARTESIAN_POINT ( 'NONE',  ( -59.99999999999997158, 9.000000000000001776, -49.00000000000000000 ) ) ;
#2822 = EDGE_CURVE ( 'NONE', #5764, #2603, #1144, .T. ) ;
#2823 = ORIENTED_EDGE ( 'NONE', *, *, #3523, .T. ) ;
#2824 = DIRECTION ( 'NONE',  ( 0.000000000000000000, -1.000000000000000000, 0.000000000000000000 ) ) ;
#2825 = ORIENTED_EDGE ( 'NONE', *, *, #6007, .T. ) ;
#2826 = CARTESIAN_POINT ( 'NONE',  ( 30.00000000000001421, 8.500000000000000000, 43.00000000000000000 ) ) ;
#2827 = EDGE_CURVE ( 'NONE', #730, #2451, #509, .T. ) ;
#2828 = LINE ( 'NONE', #5155, #1787 ) ;
#2829 = LINE ( 'NONE', #3395, #2244 ) ;
#2830 = DIRECTION ( 'NONE',  ( 0.000000000000000000, 0.000000000000000000, 1.000000000000000000 ) ) ;
#2831 = ADVANCED_FACE ( 'NONE', ( #2074 ), #3542, .T. ) ;
#2832 = ORIENTED_EDGE ( 'NONE', *, *, #1071, .F. ) ;
#2833 = ORIENTED_EDGE ( 'NONE', *, *, #3480, .T. ) ;
#2834 = ORIENTED_EDGE ( 'NONE', *, *, #2148, .F. ) ;
#2835 = EDGE_LOOP ( 'NONE', ( #5868, #4702 ) ) ;
#2836 = CARTESIAN_POINT ( 'NONE',  ( 59.99999999999997158, -2.000000000000000000, 46.99999999999999289 ) ) ;
#2837 = EDGE_CURVE ( 'NONE', #263, #2019, #5421, .T. ) ;
#2838 = DIRECTION ( 'NONE',  ( -1.000000000000000000, 0.000000000000000000, 0.000000000000000000 ) ) ;
#2839 = ORIENTED_EDGE ( 'NONE', *, *, #5849, .T. ) ;
#2840 = CARTESIAN_POINT ( 'NONE',  ( -59.99999999999997158, 11.00000000000000178, -46.00000000000000000 ) ) ;
#2841 = EDGE_LOOP ( 'NONE', ( #782, #617 ) ) ;
#2842 = EDGE_CURVE ( 'NONE', #2190, #4387, #4403, .T. ) ;
#2843 = DIRECTION ( 'NONE',  ( 0.000000000000000000, 0.000000000000000000, 1.000000000000000000 ) ) ;
#2844 = CARTESIAN_POINT ( 'NONE',  ( 6.757359312880734770, 15.00000000000000000, 42.25735931288071612 ) ) ;
#2845 = ORIENTED_EDGE ( 'NONE', *, *, #5413, .F. ) ;
#2846 = EDGE_LOOP ( 'NONE', ( #5771, #945, #541, #3024, #2069 ) ) ;
#2847 = CARTESIAN_POINT ( 'NONE',  ( 37.00000000000002842, 2.000000000000000000, -18.00000000000001066 ) ) ;
#2848 = FACE_OUTER_BOUND ( 'NONE', #80, .T. ) ;
#2849 = AXIS2_PLACEMENT_3D ( 'NONE', #4037, #2679, #289 ) ;
#2850 = DIRECTION ( 'NONE',  ( -1.000000000000000000, 0.000000000000000000, 0.000000000000000000 ) ) ;
#2851 = DIRECTION ( 'NONE',  ( -0.000000000000000000, -1.000000000000000000, -0.000000000000000000 ) ) ;
#2852 = ORIENTED_EDGE ( 'NONE', *, *, #4416, .T. ) ;
#2853 = VECTOR ( 'NONE', #4094, 1000.000000000000000 ) ;
#2854 = CARTESIAN_POINT ( 'NONE',  ( 59.99999999999998579, 2.000000000000000000, -48.99999999999998579 ) ) ;
#2855 = EDGE_LOOP ( 'NONE', ( #1677, #5602 ) ) ;
#2856 = DIRECTION ( 'NONE',  ( 1.000000000000000000, 0.000000000000000000, 0.000000000000000000 ) ) ;
#2857 = DIRECTION ( 'NONE',  ( 0.000000000000000000, 1.000000000000000000, 0.000000000000000000 ) ) ;
#2858 = CARTESIAN_POINT ( 'NONE',  ( 10.99999999999999645, 5.500000000000000000, 12.99999999999999645 ) ) ;
#2859 = VECTOR ( 'NONE', #2439, 1000.000000000000000 ) ;
#2860 = CARTESIAN_POINT ( 'NONE',  ( 54.50000000000000000, 5.500000000000000000, -24.00000000000000711 ) ) ;
#2861 = EDGE_CURVE ( 'NONE', #1133, #5885, #2134, .T. ) ;
#2862 = ORIENTED_EDGE ( 'NONE', *, *, #2056, .F. ) ;
#2863 = EDGE_LOOP ( 'NONE', ( #3198, #1501, #4293, #2674 ) ) ;
#2864 = ORIENTED_EDGE ( 'NONE', *, *, #2370, .T. ) ;
#2865 = AXIS2_PLACEMENT_3D ( 'NONE', #468, #4283, #1522 ) ;
#2866 = CARTESIAN_POINT ( 'NONE',  ( 30.00000000000001421, 7.500000000000000000, 33.50000000000000000 ) ) ;
#2867 = DIRECTION ( 'NONE',  ( 0.000000000000000000, 0.000000000000000000, -1.000000000000000000 ) ) ;
#2868 = AXIS2_PLACEMENT_3D ( 'NONE', #4364, #5784, #3961 ) ;
#2869 = VECTOR ( 'NONE', #1108, 1000.000000000000000 ) ;
#2870 = EDGE_CURVE ( 'NONE', #1893, #4985, #5916, .T. ) ;
#2871 = CYLINDRICAL_SURFACE ( 'NONE', #2874, 3.000000000000002665 ) ;
#2872 = ORIENTED_EDGE ( 'NONE', *, *, #5745, .F. ) ;
#2873 = VECTOR ( 'NONE', #5466, 1000.000000000000000 ) ;
#2874 = AXIS2_PLACEMENT_3D ( 'NONE', #5260, #4294, #5719 ) ;
#2875 = LINE ( 'NONE', #1478, #1299 ) ;
#2876 = CARTESIAN_POINT ( 'NONE',  ( -7.999999999999989342, 1.734723475976807094E-15, 29.50000000000000000 ) ) ;
#2877 = AXIS2_PLACEMENT_3D ( 'NONE', #1505, #1934, #3427 ) ;
#2878 = VECTOR ( 'NONE', #1906, 1000.000000000000000 ) ;
#2879 = ORIENTED_EDGE ( 'NONE', *, *, #1213, .F. ) ;
#2880 = EDGE_CURVE ( 'NONE', #2926, #3969, #1672, .T. ) ;
#2881 = CIRCLE ( 'NONE', #126, 4.000000000000003553 ) ;
#2882 = ORIENTED_EDGE ( 'NONE', *, *, #5474, .T. ) ;
#2883 = DIRECTION ( 'NONE',  ( -2.478176394252582127E-16, -0.000000000000000000, -1.000000000000000000 ) ) ;
#2884 = AXIS2_PLACEMENT_3D ( 'NONE', #5301, #17, #5326 ) ;
#2885 = LINE ( 'NONE', #2413, #5353 ) ;
#2886 = CARTESIAN_POINT ( 'NONE',  ( -54.49999999999996447, -0.000000000000000000, -28.00000000000001066 ) ) ;
#2887 = CARTESIAN_POINT ( 'NONE',  ( -8.999999999999998224, 10.00000000000000000, 19.99999999999999645 ) ) ;
#2888 = AXIS2_PLACEMENT_3D ( 'NONE', #3315, #5721, #1562 ) ;
#2889 = VECTOR ( 'NONE', #4397, 1000.000000000000000 ) ;
#2890 = ORIENTED_EDGE ( 'NONE', *, *, #3609, .T. ) ;
#2891 = EDGE_CURVE ( 'NONE', #5220, #1352, #3106, .T. ) ;
#2892 = DIRECTION ( 'NONE',  ( -0.000000000000000000, -1.000000000000000000, -0.000000000000000000 ) ) ;
#2893 = VERTEX_POINT ( 'NONE', #4062 ) ;
#2894 = DIRECTION ( 'NONE',  ( -0.000000000000000000, 1.000000000000000000, -0.000000000000000000 ) ) ;
#2895 = AXIS2_PLACEMENT_3D ( 'NONE', #5581, #377, #1766 ) ;
#2896 = DIRECTION ( 'NONE',  ( 0.000000000000000000, -0.000000000000000000, -1.000000000000000000 ) ) ;
#2897 = CARTESIAN_POINT ( 'NONE',  ( -10.00000000000000000, 12.00000000000000000, 23.00000000000000000 ) ) ;
#2898 = LINE ( 'NONE', #1953, #2387 ) ;
#2899 = ORIENTED_EDGE ( 'NONE', *, *, #1162, .F. ) ;
#2900 = VERTEX_POINT ( 'NONE', #5455 ) ;
#2901 = ORIENTED_EDGE ( 'NONE', *, *, #4929, .T. ) ;
#2902 = CARTESIAN_POINT ( 'NONE',  ( 5.999999999999993783, 0.000000000000000000, 23.00000000000000000 ) ) ;
#2903 = CARTESIAN_POINT ( 'NONE',  ( 28.00000000000001066, 8.500000000000000000, 43.00000000000000000 ) ) ;
#2904 = EDGE_CURVE ( 'NONE', #5242, #2537, #4995, .T. ) ;
#2905 = VERTEX_POINT ( 'NONE', #2162 ) ;
#2906 = PLANE ( 'NONE',  #4851 ) ;
#2907 = EDGE_CURVE ( 'NONE', #4008, #5339, #2975, .T. ) ;
#2908 = LINE ( 'NONE', #5755, #2482 ) ;
#2909 = APPROVAL_ROLE ( '' ) ;
#2910 = ORIENTED_EDGE ( 'NONE', *, *, #1260, .T. ) ;
#2911 = ORIENTED_EDGE ( 'NONE', *, *, #687, .T. ) ;
#2912 = LINE ( 'NONE', #5633, #2272 ) ;
#2913 = ADVANCED_FACE ( 'NONE', ( #3129 ), #4903, .T. ) ;
#2914 = LINE ( 'NONE', #94, #4965 ) ;
#2915 = DIRECTION ( 'NONE',  ( 0.000000000000000000, 1.000000000000000000, 0.000000000000000000 ) ) ;
#2916 = EDGE_CURVE ( 'NONE', #5692, #1141, #2087, .T. ) ;
#2917 = DIRECTION ( 'NONE',  ( 1.000000000000000000, 0.000000000000000000, -0.000000000000000000 ) ) ;
#2918 = EDGE_LOOP ( 'NONE', ( #2862, #5417, #4975, #5204 ) ) ;
#2919 = ORIENTED_EDGE ( 'NONE', *, *, #4853, .F. ) ;
#2920 = CYLINDRICAL_SURFACE ( 'NONE', #5430, 4.999999999999997335 ) ;
#2921 = LINE ( 'NONE', #5215, #1689 ) ;
#2922 = EDGE_CURVE ( 'NONE', #3424, #1844, #2108, .T. ) ;
#2923 = CARTESIAN_POINT ( 'NONE',  ( 59.99999999999998579, 0.000000000000000000, -48.99999999999998579 ) ) ;
#2924 = EDGE_CURVE ( 'NONE', #1172, #3332, #5843, .T. ) ;
#2925 = DIRECTION ( 'NONE',  ( 0.000000000000000000, 0.000000000000000000, -1.000000000000000000 ) ) ;
#2926 = VERTEX_POINT ( 'NONE', #1392 ) ;
#2927 = ORIENTED_EDGE ( 'NONE', *, *, #4732, .F. ) ;
#2928 = EDGE_LOOP ( 'NONE', ( #3632, #5815, #4501, #1922 ) ) ;
#2929 = CARTESIAN_POINT ( 'NONE',  ( 59.99999999999998579, 9.000000000000001776, -48.99999999999998579 ) ) ;
#2930 = LINE ( 'NONE', #2048, #3573 ) ;
#2931 = ORIENTED_EDGE ( 'NONE', *, *, #3026, .T. ) ;
#2932 = LINE ( 'NONE', #5803, #1081 ) ;
#2933 = DIRECTION ( 'NONE',  ( 0.000000000000000000, 0.000000000000000000, -1.000000000000000000 ) ) ;
#2934 = VERTEX_POINT ( 'NONE', #5634 ) ;
#2935 = ORIENTED_EDGE ( 'NONE', *, *, #1921, .F. ) ;
#2936 = CARTESIAN_POINT ( 'NONE',  ( 28.00000000000001066, 7.500000000000000000, 33.50000000000000000 ) ) ;
#2937 = DIRECTION ( 'NONE',  ( 0.000000000000000000, 0.000000000000000000, 1.000000000000000000 ) ) ;
#2938 = LINE ( 'NONE', #5762, #89 ) ;
#2939 = DIRECTION ( 'NONE',  ( -0.000000000000000000, -1.000000000000000000, -0.000000000000000000 ) ) ;
#2940 = ADVANCED_FACE ( 'NONE', ( #1736 ), #5144, .F. ) ;
#2941 = VERTEX_POINT ( 'NONE', #6093 ) ;
#2942 = ORIENTED_EDGE ( 'NONE', *, *, #1309, .F. ) ;
#2943 = VECTOR ( 'NONE', #4628, 1000.000000000000000 ) ;
#2944 = CARTESIAN_POINT ( 'NONE',  ( -59.99999999999997158, 9.000000000000001776, 39.99999999999999289 ) ) ;
#2945 = CARTESIAN_POINT ( 'NONE',  ( 59.99999999999998579, 11.00000000000000178, -45.99999999999997868 ) ) ;
#2946 = LINE ( 'NONE', #3013, #6110 ) ;
#2947 = CARTESIAN_POINT ( 'NONE',  ( 10.99999999999999822, 12.00000000000000000, 12.99999999999999467 ) ) ;
#2948 = VECTOR ( 'NONE', #1119, 1000.000000000000000 ) ;
#2949 = VERTEX_POINT ( 'NONE', #434 ) ;
#2950 = ORIENTED_EDGE ( 'NONE', *, *, #5723, .F. ) ;
#2951 = ORIENTED_EDGE ( 'NONE', *, *, #1213, .T. ) ;
#2952 = ADVANCED_FACE ( 'NONE', ( #2319 ), #4683, .F. ) ;
#2953 = CARTESIAN_POINT ( 'NONE',  ( 59.99999999999998579, -2.000000000000000000, -53.99999999999999289 ) ) ;
#2954 = VECTOR ( 'NONE', #650, 1000.000000000000000 ) ;
#2955 = CARTESIAN_POINT ( 'NONE',  ( -37.00000000000000000, 4.500000000000000888, -26.00000000000001066 ) ) ;
#2956 = DIRECTION ( 'NONE',  ( 1.000000000000000000, 0.000000000000000000, 0.000000000000000000 ) ) ;
#2957 = ORIENTED_EDGE ( 'NONE', *, *, #2183, .T. ) ;
#2958 = DIRECTION ( 'NONE',  ( 0.000000000000000000, 0.000000000000000000, 1.000000000000000000 ) ) ;
#2959 = VECTOR ( 'NONE', #3633, 1000.000000000000000 ) ;
#2960 = AXIS2_PLACEMENT_3D ( 'NONE', #5807, #4785, #4243 ) ;
#2961 = CARTESIAN_POINT ( 'NONE',  ( -30.00000000000000000, 3.000000000000000000, -24.00000000000001066 ) ) ;
#2962 = APPROVAL_DATE_TIME ( #3867, #5407 ) ;
#2963 = VECTOR ( 'NONE', #3438, 1000.000000000000000 ) ;
#2964 = ORIENTED_EDGE ( 'NONE', *, *, #2178, .F. ) ;
#2965 = CIRCLE ( 'NONE', #1487, 2.000000000000001776 ) ;
#2966 = EDGE_LOOP ( 'NONE', ( #4584, #2617, #3281, #5050 ) ) ;
#2967 = CARTESIAN_POINT ( 'NONE',  ( -59.99999999999997158, 7.000000000000000888, -50.00000000000000000 ) ) ;
#2968 = CARTESIAN_POINT ( 'NONE',  ( 7.999999999999992895, 5.000000000000000000, 22.00000000000000000 ) ) ;
#2969 = AXIS2_PLACEMENT_3D ( 'NONE', #5044, #5938, #5969 ) ;
#2970 = DIRECTION ( 'NONE',  ( 0.000000000000000000, 1.000000000000000000, 0.000000000000000000 ) ) ;
#2971 = DIRECTION ( 'NONE',  ( 1.000000000000000000, -0.000000000000000000, 0.000000000000000000 ) ) ;
#2972 = VECTOR ( 'NONE', #4088, 1000.000000000000000 ) ;
#2973 = ORIENTED_EDGE ( 'NONE', *, *, #5516, .T. ) ;
#2974 = ORIENTED_EDGE ( 'NONE', *, *, #4591, .F. ) ;
#2975 = CIRCLE ( 'NONE', #4768, 1.999999999999998224 ) ;
#2976 = CARTESIAN_POINT ( 'NONE',  ( 77.49999999999998579, 2.000000000000000000, -57.50000000000000711 ) ) ;
#2977 = CARTESIAN_POINT ( 'NONE',  ( -59.99999999999997158, -2.000000000000000000, -42.00000000000000000 ) ) ;
#2978 = CIRCLE ( 'NONE', #5654, 4.000000000000003553 ) ;
#2979 = AXIS2_PLACEMENT_3D ( 'NONE', #3058, #298, #1196 ) ;
#2980 = EDGE_CURVE ( 'NONE', #2900, #4973, #1981, .T. ) ;
#2981 = DIRECTION ( 'NONE',  ( -0.000000000000000000, -1.000000000000000000, -0.000000000000000000 ) ) ;
#2982 = FACE_OUTER_BOUND ( 'NONE', #302, .T. ) ;
#2983 = ORIENTED_EDGE ( 'NONE', *, *, #971, .T. ) ;
#2984 = CIRCLE ( 'NONE', #4974, 1.000000000000000888 ) ;
#2985 = ORIENTED_EDGE ( 'NONE', *, *, #971, .F. ) ;
#2986 = ORIENTED_EDGE ( 'NONE', *, *, #6080, .T. ) ;
#2987 =( BOUNDED_CURVE ( )  B_SPLINE_CURVE ( 3, ( #1628, #208, #4041, #5432 ),
 .UNSPECIFIED., .F., .F. ) 
 B_SPLINE_CURVE_WITH_KNOTS ( ( 4, 4 ),
 ( 0.000000000000000000, 1.570796326794896558 ),
 .UNSPECIFIED. ) 
 CURVE ( )  GEOMETRIC_REPRESENTATION_ITEM ( )  RATIONAL_B_SPLINE_CURVE ( ( 1.000000000000000000, 0.8047378541243649375, 0.8047378541243649375, 1.000000000000000000 ) ) 
 REPRESENTATION_ITEM ( '' )  );
#2988 = DIRECTION ( 'NONE',  ( -0.000000000000000000, -1.000000000000000000, -0.000000000000000000 ) ) ;
#2989 = CIRCLE ( 'NONE', #5954, 1.000000000000000888 ) ;
#2990 = LINE ( 'NONE', #82, #1290 ) ;
#2991 = CARTESIAN_POINT ( 'NONE',  ( 7.000000000000016875, 17.00000000000000000, 57.49999999999999289 ) ) ;
#2992 = UNCERTAINTY_MEASURE_WITH_UNIT (LENGTH_MEASURE( 1.000000000000000082E-05 ), #5842, 'distance_accuracy_value', 'NONE');
#2993 = AXIS2_PLACEMENT_3D ( 'NONE', #5232, #1351, #2815 ) ;
#2994 = EDGE_CURVE ( 'NONE', #5509, #394, #5060, .T. ) ;
#2995 = ORIENTED_EDGE ( 'NONE', *, *, #864, .F. ) ;
#2996 = CARTESIAN_POINT ( 'NONE',  ( 59.99999999999997158, 9.000000000000001776, 38.99999999999999289 ) ) ;
#2997 = FACE_OUTER_BOUND ( 'NONE', #600, .T. ) ;
#2998 = CARTESIAN_POINT ( 'NONE',  ( -54.49999999999999289, 3.000000000000000000, -24.00000000000000711 ) ) ;
#2999 = EDGE_CURVE ( 'NONE', #269, #4680, #5090, .T. ) ;
#3000 = CARTESIAN_POINT ( 'NONE',  ( -6.999999999999999112, 5.000000000000000000, 23.00000000000000000 ) ) ;
#3001 = ORIENTED_EDGE ( 'NONE', *, *, #3648, .T. ) ;
#3002 = CARTESIAN_POINT ( 'NONE',  ( 59.99999999999997158, 0.000000000000000000, 39.99999999999999289 ) ) ;
#3003 = ORIENTED_EDGE ( 'NONE', *, *, #3640, .F. ) ;
#3004 = FACE_OUTER_BOUND ( 'NONE', #4665, .T. ) ;
#3005 = DIRECTION ( 'NONE',  ( -4.476705744456282257E-16, 0.000000000000000000, -1.000000000000000000 ) ) ;
#3006 = CARTESIAN_POINT ( 'NONE',  ( 54.49999999999999289, 3.000000000000000000, -26.00000000000001066 ) ) ;
#3007 = DIRECTION ( 'NONE',  ( 0.000000000000000000, 1.000000000000000000, 0.000000000000000000 ) ) ;
#3008 = ORIENTED_EDGE ( 'NONE', *, *, #4376, .F. ) ;
#3009 = EDGE_LOOP ( 'NONE', ( #4158, #2957, #1008, #2489 ) ) ;
#3010 = CARTESIAN_POINT ( 'NONE',  ( 25.00000000000001066, 15.00000000000000178, 40.49999999999999289 ) ) ;
#3011 = CARTESIAN_POINT ( 'NONE',  ( -59.99999999999997158, -2.000000000000000000, 34.99999999999999289 ) ) ;
#3012 = ADVANCED_FACE ( 'NONE', ( #2704 ), #2257, .F. ) ;
#3013 = CARTESIAN_POINT ( 'NONE',  ( 8.000000000000021316, 15.00000000000000178, 40.49999999999999289 ) ) ;
#3014 = DIRECTION ( 'NONE',  ( 0.000000000000000000, -1.000000000000000000, 0.000000000000000000 ) ) ;
#3015 = ORIENTED_EDGE ( 'NONE', *, *, #6119, .T. ) ;
#3016 = ADVANCED_FACE ( 'NONE', ( #4210, #5977 ), #1265, .T. ) ;
#3017 = ORIENTED_EDGE ( 'NONE', *, *, #4573, .T. ) ;
#3018 = ORIENTED_EDGE ( 'NONE', *, *, #3079, .T. ) ;
#3019 = EDGE_CURVE ( 'NONE', #879, #730, #4594, .T. ) ;
#3020 = CARTESIAN_POINT ( 'NONE',  ( -59.99999999999997158, 11.00000000000000178, -49.00000000000000000 ) ) ;
#3021 = CARTESIAN_POINT ( 'NONE',  ( -59.99999999999997158, -2.000000000000000000, -49.00000000000000000 ) ) ;
#3022 = EDGE_CURVE ( 'NONE', #4737, #4802, #2389, .T. ) ;
#3023 = FACE_OUTER_BOUND ( 'NONE', #2476, .T. ) ;
#3024 = ORIENTED_EDGE ( 'NONE', *, *, #1098, .F. ) ;
#3025 = PLANE ( 'NONE',  #5358 ) ;
#3026 = EDGE_CURVE ( 'NONE', #4300, #1903, #5547, .T. ) ;
#3027 = DIRECTION ( 'NONE',  ( -0.000000000000000000, 1.000000000000000000, -0.000000000000000000 ) ) ;
#3028 = PRODUCT_DEFINITION ( '�', '', #1690, #4039 ) ;
#3029 = CARTESIAN_POINT ( 'NONE',  ( 30.00000000000001421, 17.00000000000000000, 45.50000000000000000 ) ) ;
#3030 = APPLICATION_PROTOCOL_DEFINITION ( 'international standard', 'config_control_design', 1994, #5488 ) ;
#3031 = ORIENTED_EDGE ( 'NONE', *, *, #4826, .T. ) ;
#3032 = CARTESIAN_POINT ( 'NONE',  ( 59.99999999999998579, 9.000000000000001776, -48.99999999999998579 ) ) ;
#3033 = ORIENTED_EDGE ( 'NONE', *, *, #785, .T. ) ;
#3034 = CARTESIAN_POINT ( 'NONE',  ( -59.99999999999997158, 11.00000000000000178, 44.99999999999999289 ) ) ;
#3035 = ADVANCED_FACE ( 'NONE', ( #3724, #374 ), #5579, .T. ) ;
#3036 = LINE ( 'NONE', #1166, #2187 ) ;
#3037 = DIRECTION ( 'NONE',  ( 0.000000000000000000, -0.000000000000000000, 1.000000000000000000 ) ) ;
#3038 = FACE_OUTER_BOUND ( 'NONE', #2497, .T. ) ;
#3039 = VERTEX_POINT ( 'NONE', #2758 ) ;
#3040 = ORIENTED_EDGE ( 'NONE', *, *, #349, .T. ) ;
#3041 = LINE ( 'NONE', #2107, #1280 ) ;
#3042 = DIRECTION ( 'NONE',  ( -1.000000000000000000, 0.000000000000000000, 4.476705744456282257E-16 ) ) ;
#3043 = DIRECTION ( 'NONE',  ( 5.204170427930416550E-15, 0.000000000000000000, 1.000000000000000000 ) ) ;
#3044 = CARTESIAN_POINT ( 'NONE',  ( 30.00000000000001421, 4.000000000000000000, 39.49999999999999289 ) ) ;
#3045 = ORIENTED_EDGE ( 'NONE', *, *, #4331, .F. ) ;
#3046 = VECTOR ( 'NONE', #5871, 1000.000000000000000 ) ;
#3047 = ADVANCED_FACE ( 'NONE', ( #5604 ), #1331, .F. ) ;
#3048 = VERTEX_POINT ( 'NONE', #3255 ) ;
#3049 = ORIENTED_EDGE ( 'NONE', *, *, #6119, .F. ) ;
#3050 = DIRECTION ( 'NONE',  ( 1.000000000000000000, 0.000000000000000000, 0.000000000000000000 ) ) ;
#3051 = CARTESIAN_POINT ( 'NONE',  ( -59.99999999999997158, 2.000000000000000000, 39.99999999999999289 ) ) ;
#3052 = DIRECTION ( 'NONE',  ( 0.000000000000000000, -1.000000000000000000, 0.000000000000000000 ) ) ;
#3053 = EDGE_CURVE ( 'NONE', #2404, #4307, #896, .T. ) ;
#3054 = ORIENTED_EDGE ( 'NONE', *, *, #1703, .T. ) ;
#3055 = LINE ( 'NONE', #5963, #3496 ) ;
#3056 = CIRCLE ( 'NONE', #2358, 2.200000000000000622 ) ;
#3057 = CARTESIAN_POINT ( 'NONE',  ( 27.00000000000001421, 14.00000000000000178, 0.000000000000000000 ) ) ;
#3058 = CARTESIAN_POINT ( 'NONE',  ( 30.00000000000001421, 8.500000000000000000, 33.50000000000000000 ) ) ;
#3059 = EDGE_CURVE ( 'NONE', #5298, #4208, #316, .T. ) ;
#3060 = ORIENTED_EDGE ( 'NONE', *, *, #2560, .T. ) ;
#3061 = CARTESIAN_POINT ( 'NONE',  ( 28.00000000000001066, 7.500000000000000000, 33.50000000000000000 ) ) ;
#3062 = ORIENTED_EDGE ( 'NONE', *, *, #3458, .F. ) ;
#3063 = AXIS2_PLACEMENT_3D ( 'NONE', #3073, #5391, #278 ) ;
#3064 = CARTESIAN_POINT ( 'NONE',  ( -59.99999999999984368, 2.000000000000000000, 57.49999999999999289 ) ) ;
#3065 = CYLINDRICAL_SURFACE ( 'NONE', #3188, 1.000000000000000888 ) ;
#3066 = CARTESIAN_POINT ( 'NONE',  ( -59.99999999999997158, 7.000000000000000888, -48.00000000000000000 ) ) ;
#3067 = LINE ( 'NONE', #1668, #2972 ) ;
#3068 = AXIS2_PLACEMENT_3D ( 'NONE', #4421, #2504, #3534 ) ;
#3069 = AXIS2_PLACEMENT_3D ( 'NONE', #3649, #450, #826 ) ;
#3070 = ADVANCED_FACE ( 'NONE', ( #130 ), #1016, .F. ) ;
#3071 = ORIENTED_EDGE ( 'NONE', *, *, #5089, .F. ) ;
#3072 = ORIENTED_EDGE ( 'NONE', *, *, #3104, .F. ) ;
#3073 = CARTESIAN_POINT ( 'NONE',  ( -77.50000000000000000, 2.000000000000000000, -57.50000000000000711 ) ) ;
#3074 = CIRCLE ( 'NONE', #502, 4.999999999999997335 ) ;
#3075 = AXIS2_PLACEMENT_3D ( 'NONE', #905, #5096, #2677 ) ;
#3076 = CARTESIAN_POINT ( 'NONE',  ( 59.99999999999997158, 0.000000000000000000, 39.99999999999999289 ) ) ;
#3077 = DIRECTION ( 'NONE',  ( 0.000000000000000000, 1.000000000000000000, 0.000000000000000000 ) ) ;
#3078 = FACE_OUTER_BOUND ( 'NONE', #4014, .T. ) ;
#3079 = EDGE_CURVE ( 'NONE', #3048, #3225, #806, .T. ) ;
#3080 = VECTOR ( 'NONE', #73, 1000.000000000000000 ) ;
#3081 = ORIENTED_EDGE ( 'NONE', *, *, #304, .F. ) ;
#3082 = ORIENTED_EDGE ( 'NONE', *, *, #1250, .T. ) ;
#3083 = ORIENTED_EDGE ( 'NONE', *, *, #4764, .T. ) ;
#3084 = CARTESIAN_POINT ( 'NONE',  ( 10.99999999999999822, 12.00000000000000000, 22.00000000000000000 ) ) ;
#3085 = DIRECTION ( 'NONE',  ( -1.110223024625156383E-14, 1.000000000000000000, 0.000000000000000000 ) ) ;
#3086 = VECTOR ( 'NONE', #4557, 1000.000000000000000 ) ;
#3087 = CYLINDRICAL_SURFACE ( 'NONE', #5126, 1.000000000000000888 ) ;
#3088 = AXIS2_PLACEMENT_3D ( 'NONE', #5931, #669, #3119 ) ;
#3089 = EDGE_LOOP ( 'NONE', ( #940, #1553, #2044, #1837 ) ) ;
#3090 = DIRECTION ( 'NONE',  ( 0.000000000000000000, 1.000000000000000000, 0.000000000000000000 ) ) ;
#3091 = CARTESIAN_POINT ( 'NONE',  ( -11.00000000000000178, 2.000000000000000000, 23.00000000000000000 ) ) ;
#3092 = AXIS2_PLACEMENT_3D ( 'NONE', #3259, #928, #5182 ) ;
#3093 = CARTESIAN_POINT ( 'NONE',  ( 77.49999999999998579, 2.000000000000000000, -57.50000000000000711 ) ) ;
#3094 = CALENDAR_DATE ( 2026, 20, 8 ) ;
#3095 = FACE_OUTER_BOUND ( 'NONE', #1858, .T. ) ;
#3096 = ORIENTED_EDGE ( 'NONE', *, *, #1722, .F. ) ;
#3097 = EDGE_CURVE ( 'NONE', #4179, #4757, #4267, .T. ) ;
#3098 = CARTESIAN_POINT ( 'NONE',  ( 56.69999999999996732, 7.500000000000000000, -23.99999999999998224 ) ) ;
#3099 = CARTESIAN_POINT ( 'NONE',  ( -59.99999999999997158, 9.000000000000001776, -48.00000000000000000 ) ) ;
#3100 = CYLINDRICAL_SURFACE ( 'NONE', #6021, 2.999999999999999112 ) ;
#3101 = DIRECTION ( 'NONE',  ( 0.000000000000000000, 1.000000000000000000, -0.000000000000000000 ) ) ;
#3102 = VERTEX_POINT ( 'NONE', #5236 ) ;
#3103 = ORIENTED_EDGE ( 'NONE', *, *, #64, .T. ) ;
#3104 = EDGE_CURVE ( 'NONE', #4872, #4817, #4303, .T. ) ;
#3105 = CARTESIAN_POINT ( 'NONE',  ( 28.00000000000001066, 13.75735931288071434, 43.50000000000000000 ) ) ;
#3106 = LINE ( 'NONE', #4933, #214 ) ;
#3107 = CARTESIAN_POINT ( 'NONE',  ( -59.99999999999997158, 0.000000000000000000, -49.00000000000000000 ) ) ;
#3108 = CARTESIAN_POINT ( 'NONE',  ( 28.00000000000001066, 12.00000000000000000, 33.50000000000000000 ) ) ;
#3109 = ORIENTED_EDGE ( 'NONE', *, *, #2148, .T. ) ;
#3110 = ORIENTED_EDGE ( 'NONE', *, *, #3268, .T. ) ;
#3111 = ORIENTED_EDGE ( 'NONE', *, *, #2421, .T. ) ;
#3112 = CARTESIAN_POINT ( 'NONE',  ( -54.50000000000001421, 7.500000000000000000, -27.00000000000000355 ) ) ;
#3113 = CARTESIAN_POINT ( 'NONE',  ( -9.000000000000000000, 5.000000000000000000, 12.99999999999999822 ) ) ;
#3114 = ADVANCED_FACE ( 'NONE', ( #3413 ), #3320, .F. ) ;
#3115 = DIRECTION ( 'NONE',  ( -0.000000000000000000, 1.000000000000000000, -0.000000000000000000 ) ) ;
#3116 = ORIENTED_EDGE ( 'NONE', *, *, #1842, .T. ) ;
#3117 = CARTESIAN_POINT ( 'NONE',  ( -59.99999999999997158, -2.000000000000000000, 44.99999999999999289 ) ) ;
#3118 = LINE ( 'NONE', #3989, #297 ) ;
#3119 = DIRECTION ( 'NONE',  ( 1.000000000000000000, 0.000000000000000000, 0.000000000000000000 ) ) ;
#3120 = DIRECTION ( 'NONE',  ( -0.000000000000000000, 1.000000000000000000, -0.000000000000000000 ) ) ;
#3121 = ORIENTED_EDGE ( 'NONE', *, *, #3858, .T. ) ;
#3122 = CARTESIAN_POINT ( 'NONE',  ( 30.00000000000001421, 7.500000000000000000, 30.00000000000000000 ) ) ;
#3123 = CARTESIAN_POINT ( 'NONE',  ( 59.99999999999998579, 11.00000000000000178, -52.00000000000000000 ) ) ;
#3124 = DIRECTION ( 'NONE',  ( -0.000000000000000000, 1.000000000000000000, -0.000000000000000000 ) ) ;
#3125 = DIRECTION ( 'NONE',  ( 0.000000000000000000, 1.000000000000000000, 0.000000000000000000 ) ) ;
#3126 = VERTEX_POINT ( 'NONE', #5206 ) ;
#3127 = ORIENTED_EDGE ( 'NONE', *, *, #267, .F. ) ;
#3128 = DIRECTION ( 'NONE',  ( -0.000000000000000000, -1.000000000000000000, -0.000000000000000000 ) ) ;
#3129 = FACE_OUTER_BOUND ( 'NONE', #3698, .T. ) ;
#3130 = CARTESIAN_POINT ( 'NONE',  ( -9.000000000000001776, 3.000000000000000000, 10.99999999999999467 ) ) ;
#3131 = CARTESIAN_POINT ( 'NONE',  ( -54.49999999999999289, 2.000000000000000000, -26.00000000000001066 ) ) ;
#3132 = EDGE_CURVE ( 'NONE', #622, #166, #2914, .T. ) ;
#3133 = ORIENTED_EDGE ( 'NONE', *, *, #442, .F. ) ;
#3134 = CARTESIAN_POINT ( 'NONE',  ( 59.99999999999997158, 9.000000000000001776, 36.99999999999998579 ) ) ;
#3135 = VERTEX_POINT ( 'NONE', #1040 ) ;
#3136 = DIRECTION ( 'NONE',  ( 0.000000000000000000, 0.000000000000000000, -1.000000000000000000 ) ) ;
#3137 = FACE_OUTER_BOUND ( 'NONE', #3826, .T. ) ;
#3138 = DIRECTION ( 'NONE',  ( 0.000000000000000000, -1.000000000000000000, 0.000000000000000000 ) ) ;
#3139 = ORIENTED_EDGE ( 'NONE', *, *, #2755, .F. ) ;
#3140 = ADVANCED_FACE ( 'NONE', ( #2848 ), #581, .F. ) ;
#3141 = CARTESIAN_POINT ( 'NONE',  ( -54.49999999999997868, 3.000000000000000000, -26.00000000000001066 ) ) ;
#3142 = CARTESIAN_POINT ( 'NONE',  ( 10.99999999999999645, 2.000000000000000000, 11.99999999999999645 ) ) ;
#3143 = VECTOR ( 'NONE', #2357, 1000.000000000000000 ) ;
#3144 = CARTESIAN_POINT ( 'NONE',  ( 59.50000000000001421, 5.500000000000000000, 6.999999999999992006 ) ) ;
#3145 = DATE_TIME_ROLE ( 'classification_date' ) ;
#3146 = VECTOR ( 'NONE', #1674, 1000.000000000000000 ) ;
#3147 = EDGE_CURVE ( 'NONE', #1962, #4802, #40, .T. ) ;
#3148 = CARTESIAN_POINT ( 'NONE',  ( -54.49999999999997868, 3.000000000000000000, -28.00000000000001066 ) ) ;
#3149 = ORIENTED_EDGE ( 'NONE', *, *, #3321, .F. ) ;
#3150 = DIRECTION ( 'NONE',  ( 1.110223024625156383E-14, -1.000000000000000000, 0.000000000000000000 ) ) ;
#3151 = FACE_BOUND ( 'NONE', #5826, .T. ) ;
#3152 = VECTOR ( 'NONE', #1822, 1000.000000000000000 ) ;
#3153 = DIRECTION ( 'NONE',  ( 0.000000000000000000, 0.000000000000000000, -1.000000000000000000 ) ) ;
#3154 = FACE_OUTER_BOUND ( 'NONE', #2442, .T. ) ;
#3155 = AXIS2_PLACEMENT_3D ( 'NONE', #2235, #2710, #3234 ) ;
#3156 = ORIENTED_EDGE ( 'NONE', *, *, #1389, .T. ) ;
#3157 = ORIENTED_EDGE ( 'NONE', *, *, #4765, .T. ) ;
#3158 = EDGE_CURVE ( 'NONE', #1217, #1262, #3840, .T. ) ;
#3159 = CARTESIAN_POINT ( 'NONE',  ( 8.000000000000021316, 1.734723475976807094E-15, 43.50000000000000000 ) ) ;
#3160 = DIRECTION ( 'NONE',  ( 0.000000000000000000, 0.000000000000000000, 1.000000000000000000 ) ) ;
#3161 = CIRCLE ( 'NONE', #5332, 3.000000000000001776 ) ;
#3162 = DIRECTION ( 'NONE',  ( 0.000000000000000000, 0.000000000000000000, 1.000000000000000000 ) ) ;
#3163 = VECTOR ( 'NONE', #44, 1000.000000000000000 ) ;
#3164 = DIRECTION ( 'NONE',  ( -2.478176394252582127E-16, 0.000000000000000000, -1.000000000000000000 ) ) ;
#3165 = EDGE_CURVE ( 'NONE', #3721, #4607, #5728, .T. ) ;
#3166 = ORIENTED_EDGE ( 'NONE', *, *, #2075, .F. ) ;
#3167 = PLANE ( 'NONE',  #3668 ) ;
#3168 = VERTEX_POINT ( 'NONE', #2819 ) ;
#3169 = VECTOR ( 'NONE', #647, 1000.000000000000000 ) ;
#3170 = AXIS2_PLACEMENT_3D ( 'NONE', #58, #4822, #175 ) ;
#3171 = LINE ( 'NONE', #6013, #2779 ) ;
#3172 = EDGE_CURVE ( 'NONE', #5461, #3869, #2689, .T. ) ;
#3173 = LINE ( 'NONE', #4130, #2780 ) ;
#3174 = CARTESIAN_POINT ( 'NONE',  ( -59.99999999999997158, 0.000000000000000000, 39.99999999999999289 ) ) ;
#3175 = CIRCLE ( 'NONE', #2471, 4.999999999999997335 ) ;
#3176 = AXIS2_PLACEMENT_3D ( 'NONE', #113, #1503, #3857 ) ;
#3177 = ORIENTED_EDGE ( 'NONE', *, *, #5760, .T. ) ;
#3178 = ORIENTED_EDGE ( 'NONE', *, *, #267, .T. ) ;
#3179 = VECTOR ( 'NONE', #3538, 1000.000000000000000 ) ;
#3180 = LINE ( 'NONE', #3141, #4575 ) ;
#3181 = EDGE_LOOP ( 'NONE', ( #1711, #1128 ) ) ;
#3182 = CARTESIAN_POINT ( 'NONE',  ( -11.00000000000000000, 12.00000000000000000, 12.99999999999999822 ) ) ;
#3183 = VECTOR ( 'NONE', #5792, 1000.000000000000000 ) ;
#3184 = EDGE_CURVE ( 'NONE', #2905, #2131, #2885, .T. ) ;
#3185 = EDGE_CURVE ( 'NONE', #2126, #2297, #2470, .T. ) ;
#3186 = AXIS2_PLACEMENT_3D ( 'NONE', #3187, #936, #4693 ) ;
#3187 = CARTESIAN_POINT ( 'NONE',  ( 59.99999999999997158, 9.000000000000001776, 39.99999999999999289 ) ) ;
#3188 = AXIS2_PLACEMENT_3D ( 'NONE', #4022, #221, #4422 ) ;
#3189 = FACE_BOUND ( 'NONE', #2804, .T. ) ;
#3190 = AXIS2_PLACEMENT_3D ( 'NONE', #1928, #50, #2925 ) ;
#3191 = ORIENTED_EDGE ( 'NONE', *, *, #2216, .F. ) ;
#3192 = EDGE_CURVE ( 'NONE', #5184, #3210, #4366, .T. ) ;
#3193 = DIRECTION ( 'NONE',  ( -0.000000000000000000, -1.000000000000000000, -0.000000000000000000 ) ) ;
#3194 = EDGE_CURVE ( 'NONE', #1779, #546, #553, .T. ) ;
#3195 = DIRECTION ( 'NONE',  ( 0.000000000000000000, 0.000000000000000000, -1.000000000000000000 ) ) ;
#3196 = DIRECTION ( 'NONE',  ( -0.000000000000000000, 1.000000000000000000, 0.000000000000000000 ) ) ;
#3197 = ORIENTED_EDGE ( 'NONE', *, *, #4188, .T. ) ;
#3198 = ORIENTED_EDGE ( 'NONE', *, *, #31, .T. ) ;
#3199 = DIRECTION ( 'NONE',  ( -1.000000000000000000, 0.000000000000000000, 0.000000000000000000 ) ) ;
#3200 = DIRECTION ( 'NONE',  ( 0.000000000000000000, 0.000000000000000000, 1.000000000000000000 ) ) ;
#3201 = CARTESIAN_POINT ( 'NONE',  ( -59.99999999999997158, 7.000000000000000888, -53.00000000000000711 ) ) ;
#3202 = CARTESIAN_POINT ( 'NONE',  ( -54.50000000000001421, 5.500000000000000000, 9.199999999999997513 ) ) ;
#3203 = EDGE_CURVE ( 'NONE', #4736, #1466, #4327, .T. ) ;
#3204 = VERTEX_POINT ( 'NONE', #3872 ) ;
#3205 = CARTESIAN_POINT ( 'NONE',  ( 59.99999999999997158, 7.000000000000000888, 44.00000000000000000 ) ) ;
#3206 = ORIENTED_EDGE ( 'NONE', *, *, #3184, .T. ) ;
#3207 = FACE_OUTER_BOUND ( 'NONE', #2051, .T. ) ;
#3208 = DIRECTION ( 'NONE',  ( -0.000000000000000000, -1.000000000000000000, -0.000000000000000000 ) ) ;
#3209 = DIRECTION ( 'NONE',  ( -0.000000000000000000, 0.000000000000000000, 1.000000000000000000 ) ) ;
#3210 = VERTEX_POINT ( 'NONE', #1516 ) ;
#3211 = EDGE_CURVE ( 'NONE', #2934, #4474, #3787, .T. ) ;
#3212 = ADVANCED_FACE ( 'NONE', ( #4490 ), #3065, .F. ) ;
#3213 = EDGE_LOOP ( 'NONE', ( #1648, #5783, #5825, #5678 ) ) ;
#3214 = DIRECTION ( 'NONE',  ( 0.000000000000000000, 0.000000000000000000, -1.000000000000000000 ) ) ;
#3215 = ORIENTED_EDGE ( 'NONE', *, *, #528, .T. ) ;
#3216 = LINE ( 'NONE', #2717, #483 ) ;
#3217 = EDGE_CURVE ( 'NONE', #5958, #120, #1596, .T. ) ;
#3218 = EDGE_LOOP ( 'NONE', ( #4724, #6064, #3647, #4514 ) ) ;
#3219 = CYLINDRICAL_SURFACE ( 'NONE', #2767, 4.000000000000003553 ) ;
#3220 = ORIENTED_EDGE ( 'NONE', *, *, #5373, .T. ) ;
#3221 = DIRECTION ( 'NONE',  ( 0.000000000000000000, 0.000000000000000000, -1.000000000000000000 ) ) ;
#3222 = DIRECTION ( 'NONE',  ( -2.891205793294679312E-16, 0.000000000000000000, -1.000000000000000000 ) ) ;
#3223 = ORIENTED_EDGE ( 'NONE', *, *, #1459, .F. ) ;
#3224 = EDGE_CURVE ( 'NONE', #6054, #2204, #1069, .T. ) ;
#3225 = VERTEX_POINT ( 'NONE', #3099 ) ;
#3226 = DIRECTION ( 'NONE',  ( -0.000000000000000000, -1.000000000000000000, -0.000000000000000000 ) ) ;
#3227 = DIRECTION ( 'NONE',  ( -0.000000000000000000, -1.000000000000000000, 0.000000000000000000 ) ) ;
#3228 = CYLINDRICAL_SURFACE ( 'NONE', #5034, 6.999999999999999112 ) ;
#3229 = LINE ( 'NONE', #5489, #4074 ) ;
#3230 = ADVANCED_FACE ( 'NONE', ( #3996 ), #4052, .F. ) ;
#3231 = ORIENTED_EDGE ( 'NONE', *, *, #2538, .T. ) ;
#3232 = CARTESIAN_POINT ( 'NONE',  ( -54.50000000000003553, 5.500000000000000000, 7.000000000000000000 ) ) ;
#3233 = ORIENTED_EDGE ( 'NONE', *, *, #2335, .F. ) ;
#3234 = DIRECTION ( 'NONE',  ( 0.000000000000000000, 0.000000000000000000, -1.000000000000000000 ) ) ;
#3235 = CARTESIAN_POINT ( 'NONE',  ( -7.999999999999996447, 2.000000000000000000, 24.00000000000000000 ) ) ;
#3236 = DIRECTION ( 'NONE',  ( 0.000000000000000000, 0.000000000000000000, -1.000000000000000000 ) ) ;
#3237 = ORIENTED_EDGE ( 'NONE', *, *, #2842, .T. ) ;
#3238 = ORIENTED_EDGE ( 'NONE', *, *, #473, .F. ) ;
#3239 = DIRECTION ( 'NONE',  ( 0.000000000000000000, 0.000000000000000000, -1.000000000000000000 ) ) ;
#3240 = ORIENTED_EDGE ( 'NONE', *, *, #4820, .F. ) ;
#3241 = DIRECTION ( 'NONE',  ( 0.000000000000000000, 1.000000000000000000, 0.000000000000000000 ) ) ;
#3242 = EDGE_CURVE ( 'NONE', #57, #1133, #2567, .T. ) ;
#3243 = VERTEX_POINT ( 'NONE', #649 ) ;
#3244 = VECTOR ( 'NONE', #1531, 1000.000000000000000 ) ;
#3245 = CARTESIAN_POINT ( 'NONE',  ( -56.70000000000003837, 7.500000000000000000, -23.99999999999998579 ) ) ;
#3246 = ORIENTED_EDGE ( 'NONE', *, *, #499, .T. ) ;
#3247 = EDGE_CURVE ( 'NONE', #4387, #4300, #3977, .T. ) ;
#3248 = DIRECTION ( 'NONE',  ( 0.000000000000000000, 1.000000000000000000, 0.000000000000000000 ) ) ;
#3249 = AXIS2_PLACEMENT_3D ( 'NONE', #562, #4377, #4338 ) ;
#3250 = CARTESIAN_POINT ( 'NONE',  ( 8.757359312880726776, 17.00000000000000000, 44.25735931288071612 ) ) ;
#3251 = EDGE_LOOP ( 'NONE', ( #5497, #3793, #2901, #764 ) ) ;
#3252 = ORIENTED_EDGE ( 'NONE', *, *, #5119, .T. ) ;
#3253 = CIRCLE ( 'NONE', #576, 4.999999999999997335 ) ;
#3254 = CYLINDRICAL_SURFACE ( 'NONE', #5731, 4.000000000000000888 ) ;
#3255 = CARTESIAN_POINT ( 'NONE',  ( -59.99999999999997158, 9.000000000000001776, -50.00000000000000000 ) ) ;
#3256 = EDGE_CURVE ( 'NONE', #831, #1254, #1204, .T. ) ;
#3257 = CARTESIAN_POINT ( 'NONE',  ( -54.49999999999999289, 2.000000000000000000, -26.00000000000001066 ) ) ;
#3258 = ADVANCED_FACE ( 'NONE', ( #2128 ), #2154, .F. ) ;
#3259 = CARTESIAN_POINT ( 'NONE',  ( 59.99999999999997158, 9.000000000000001776, 39.99999999999999289 ) ) ;
#3260 = EDGE_LOOP ( 'NONE', ( #1436, #2833, #5299, #5464 ) ) ;
#3261 = DIRECTION ( 'NONE',  ( -0.000000000000000000, -1.000000000000000000, -0.000000000000000000 ) ) ;
#3262 = ORIENTED_EDGE ( 'NONE', *, *, #5849, .F. ) ;
#3263 = CARTESIAN_POINT ( 'NONE',  ( 59.99999999999997158, 11.00000000000000178, 39.99999999999999289 ) ) ;
#3264 = VECTOR ( 'NONE', #2266, 1000.000000000000000 ) ;
#3265 = AXIS2_PLACEMENT_3D ( 'NONE', #4701, #3775, #4202 ) ;
#3266 = CARTESIAN_POINT ( 'NONE',  ( -59.99999999999997158, 11.00000000000000178, 39.99999999999999289 ) ) ;
#3267 = CYLINDRICAL_SURFACE ( 'NONE', #4429, 2.999999999999999112 ) ;
#3268 = EDGE_CURVE ( 'NONE', #2537, #183, #1665, .T. ) ;
#3269 = ORIENTED_EDGE ( 'NONE', *, *, #5460, .F. ) ;
#3270 = AXIS2_PLACEMENT_3D ( 'NONE', #5880, #1110, #2604 ) ;
#3271 = VECTOR ( 'NONE', #5928, 1000.000000000000000 ) ;
#3272 = ORIENTED_EDGE ( 'NONE', *, *, #1817, .T. ) ;
#3273 = LINE ( 'NONE', #4696, #5169 ) ;
#3274 = ORIENTED_EDGE ( 'NONE', *, *, #5267, .T. ) ;
#3275 = CARTESIAN_POINT ( 'NONE',  ( 54.49999999999999289, 0.000000000000000000, -28.00000000000001066 ) ) ;
#3276 = CARTESIAN_POINT ( 'NONE',  ( 59.99999999999997158, 0.000000000000000000, 39.99999999999999289 ) ) ;
#3277 = AXIS2_PLACEMENT_3D ( 'NONE', #4344, #1555, #544 ) ;
#3278 = CIRCLE ( 'NONE', #305, 17.50000000000000355 ) ;
#3279 = AXIS2_PLACEMENT_3D ( 'NONE', #768, #1800, #839 ) ;
#3280 = DIRECTION ( 'NONE',  ( -1.734723475976806848E-16, -0.000000000000000000, 1.000000000000000000 ) ) ;
#3281 = ORIENTED_EDGE ( 'NONE', *, *, #3920, .F. ) ;
#3282 = VECTOR ( 'NONE', #575, 1000.000000000000000 ) ;
#3283 = EDGE_CURVE ( 'NONE', #2362, #4632, #3471, .T. ) ;
#3284 = AXIS2_PLACEMENT_3D ( 'NONE', #4276, #4741, #5270 ) ;
#3285 = FACE_OUTER_BOUND ( 'NONE', #4758, .T. ) ;
#3286 = LINE ( 'NONE', #2376, #5845 ) ;
#3287 = EDGE_CURVE ( 'NONE', #2114, #2416, #619, .T. ) ;
#3288 = EDGE_CURVE ( 'NONE', #3135, #4495, #5318, .T. ) ;
#3289 = ORIENTED_EDGE ( 'NONE', *, *, #4385, .T. ) ;
#3290 = ORIENTED_EDGE ( 'NONE', *, *, #4531, .F. ) ;
#3291 = AXIS2_PLACEMENT_3D ( 'NONE', #1222, #4077, #1129 ) ;
#3292 = PLANE ( 'NONE',  #102 ) ;
#3293 = ADVANCED_FACE ( 'NONE', ( #1637 ), #4866, .F. ) ;
#3294 = CARTESIAN_POINT ( 'NONE',  ( -59.99999999999984368, 0.000000000000000000, 57.49999999999999289 ) ) ;
#3295 = VECTOR ( 'NONE', #4735, 1000.000000000000000 ) ;
#3296 = CARTESIAN_POINT ( 'NONE',  ( -59.99999999999997158, 0.000000000000000000, 24.00000000000000000 ) ) ;
#3297 = CARTESIAN_POINT ( 'NONE',  ( 59.99999999999997158, 0.000000000000000000, 45.00000000000000000 ) ) ;
#3298 = EDGE_CURVE ( 'NONE', #2515, #2057, #5414, .T. ) ;
#3299 = EDGE_LOOP ( 'NONE', ( #5806, #5095, #4196, #2312 ) ) ;
#3300 = FACE_OUTER_BOUND ( 'NONE', #4964, .T. ) ;
#3301 = ORIENTED_EDGE ( 'NONE', *, *, #1520, .F. ) ;
#3302 = FACE_OUTER_BOUND ( 'NONE', #5426, .T. ) ;
#3303 = DIRECTION ( 'NONE',  ( 0.000000000000000000, 0.000000000000000000, 1.000000000000000000 ) ) ;
#3304 = DIRECTION ( 'NONE',  ( -1.000000000000000000, 0.000000000000000000, 0.000000000000000000 ) ) ;
#3305 = CARTESIAN_POINT ( 'NONE',  ( -59.99999999999997158, 11.00000000000000178, 36.99999999999999289 ) ) ;
#3306 = EDGE_LOOP ( 'NONE', ( #3604, #5687, #4553, #1415 ) ) ;
#3307 = EDGE_LOOP ( 'NONE', ( #1812, #2091, #672, #5266 ) ) ;
#3308 = ORIENTED_EDGE ( 'NONE', *, *, #4157, .F. ) ;
#3309 = ORIENTED_EDGE ( 'NONE', *, *, #1951, .F. ) ;
#3310 = EDGE_CURVE ( 'NONE', #4241, #2119, #3036, .T. ) ;
#3311 = DIRECTION ( 'NONE',  ( 0.000000000000000000, 0.000000000000000000, 1.000000000000000000 ) ) ;
#3312 = FACE_OUTER_BOUND ( 'NONE', #740, .T. ) ;
#3313 = CARTESIAN_POINT ( 'NONE',  ( -59.99999999999997158, 0.000000000000000000, 39.99999999999999289 ) ) ;
#3314 = VERTEX_POINT ( 'NONE', #676 ) ;
#3315 = CARTESIAN_POINT ( 'NONE',  ( 59.99999999999997158, 7.000000000000000888, 39.99999999999999289 ) ) ;
#3316 = DIRECTION ( 'NONE',  ( -0.000000000000000000, -1.000000000000000000, -0.000000000000000000 ) ) ;
#3317 = ORIENTED_EDGE ( 'NONE', *, *, #2811, .T. ) ;
#3318 = EDGE_LOOP ( 'NONE', ( #5945, #2443 ) ) ;
#3319 = DIRECTION ( 'NONE',  ( 0.000000000000000000, 0.000000000000000000, -1.000000000000000000 ) ) ;
#3320 = CYLINDRICAL_SURFACE ( 'NONE', #3284, 1.000000000000000888 ) ;
#3321 = EDGE_CURVE ( 'NONE', #3225, #3048, #5560, .T. ) ;
#3322 = LINE ( 'NONE', #2385, #5812 ) ;
#3323 = CARTESIAN_POINT ( 'NONE',  ( 59.99999999999997158, 0.000000000000000000, 39.99999999999999289 ) ) ;
#3324 = ORIENTED_EDGE ( 'NONE', *, *, #556, .T. ) ;
#3325 = LINE ( 'NONE', #534, #2869 ) ;
#3326 = ORIENTED_EDGE ( 'NONE', *, *, #176, .T. ) ;
#3327 = CARTESIAN_POINT ( 'NONE',  ( 59.99999999999997158, 0.000000000000000000, 35.99999999999999289 ) ) ;
#3328 = CYLINDRICAL_SURFACE ( 'NONE', #5748, 5.000000000000004441 ) ;
#3329 = EDGE_CURVE ( 'NONE', #879, #1576, #5453, .T. ) ;
#3330 = CARTESIAN_POINT ( 'NONE',  ( -59.99999999999997158, 0.000000000000000000, 39.99999999999999289 ) ) ;
#3331 = DIRECTION ( 'NONE',  ( -0.000000000000000000, -1.000000000000000000, -0.000000000000000000 ) ) ;
#3332 = VERTEX_POINT ( 'NONE', #2605 ) ;
#3333 = VERTEX_POINT ( 'NONE', #3564 ) ;
#3334 = ORIENTED_EDGE ( 'NONE', *, *, #2043, .F. ) ;
#3335 = CARTESIAN_POINT ( 'NONE',  ( -54.50000000000000000, 4.500000000000000888, -29.00000000000000711 ) ) ;
#3336 = DIRECTION ( 'NONE',  ( -0.000000000000000000, -1.000000000000000000, -0.000000000000000000 ) ) ;
#3337 = EDGE_CURVE ( 'NONE', #5128, #4632, #1230, .T. ) ;
#3338 = DIRECTION ( 'NONE',  ( 0.000000000000000000, 1.000000000000000000, 0.000000000000000000 ) ) ;
#3339 = ORIENTED_EDGE ( 'NONE', *, *, #342, .F. ) ;
#3340 = EDGE_CURVE ( 'NONE', #2362, #5920, #2248, .T. ) ;
#3341 = CARTESIAN_POINT ( 'NONE',  ( -59.99999999999997158, 9.000000000000001776, 38.99999999999999289 ) ) ;
#3342 = EDGE_CURVE ( 'NONE', #973, #3435, #5572, .T. ) ;
#3343 = CARTESIAN_POINT ( 'NONE',  ( 7.000000000000012434, 17.00000000000000000, 45.50000000000000000 ) ) ;
#3344 = ORIENTED_EDGE ( 'NONE', *, *, #2216, .T. ) ;
#3345 = ORIENTED_EDGE ( 'NONE', *, *, #4991, .T. ) ;
#3346 = CARTESIAN_POINT ( 'NONE',  ( -54.49999999999997868, 3.000000000000000000, -26.00000000000001066 ) ) ;
#3347 = DIRECTION ( 'NONE',  ( 0.000000000000000000, 0.000000000000000000, 1.000000000000000000 ) ) ;
#3348 = AXIS2_PLACEMENT_3D ( 'NONE', #863, #1451, #2760 ) ;
#3349 = LINE ( 'NONE', #5146, #1263 ) ;
#3350 = DIRECTION ( 'NONE',  ( 0.000000000000000000, 0.000000000000000000, -1.000000000000000000 ) ) ;
#3351 = ORIENTED_EDGE ( 'NONE', *, *, #3618, .F. ) ;
#3352 = VECTOR ( 'NONE', #5446, 1000.000000000000000 ) ;
#3353 = DIRECTION ( 'NONE',  ( -1.000000000000000000, 0.000000000000000000, 2.891205793294674875E-16 ) ) ;
#3354 = ORIENTED_EDGE ( 'NONE', *, *, #114, .F. ) ;
#3355 = CARTESIAN_POINT ( 'NONE',  ( 58.50000000000000711, 0.000000000000000000, 6.999999999999980460 ) ) ;
#3356 = LINE ( 'NONE', #1898, #1885 ) ;
#3357 = ADVANCED_FACE ( 'NONE', ( #4547 ), #4114, .T. ) ;
#3358 = FACE_OUTER_BOUND ( 'NONE', #1301, .T. ) ;
#3359 = LINE ( 'NONE', #2359, #3974 ) ;
#3360 = ORIENTED_EDGE ( 'NONE', *, *, #2634, .T. ) ;
#3361 = ORIENTED_EDGE ( 'NONE', *, *, #179, .T. ) ;
#3362 = ORIENTED_EDGE ( 'NONE', *, *, #3477, .T. ) ;
#3363 = VECTOR ( 'NONE', #3906, 1000.000000000000000 ) ;
#3364 = ADVANCED_FACE ( 'NONE', ( #306, #3151 ), #2193, .F. ) ;
#3365 = PLANE ( 'NONE',  #3176 ) ;
#3366 = DIRECTION ( 'NONE',  ( 0.000000000000000000, -1.000000000000000000, 0.000000000000000000 ) ) ;
#3367 = AXIS2_PLACEMENT_3D ( 'NONE', #2936, #5179, #4326 ) ;
#3368 = VECTOR ( 'NONE', #3280, 1000.000000000000000 ) ;
#3369 = ORIENTED_EDGE ( 'NONE', *, *, #1804, .F. ) ;
#3370 = LINE ( 'NONE', #3832, #3958 ) ;
#3371 = CIRCLE ( 'NONE', #1086, 4.999999999999997335 ) ;
#3372 = CIRCLE ( 'NONE', #495, 4.999999999999997335 ) ;
#3373 = EDGE_CURVE ( 'NONE', #6117, #1341, #5505, .T. ) ;
#3374 = CARTESIAN_POINT ( 'NONE',  ( -54.50000000000000000, 5.500000000000000000, -24.00000000000000711 ) ) ;
#3375 = DATE_TIME_ROLE ( 'creation_date' ) ;
#3376 = VECTOR ( 'NONE', #136, 1000.000000000000000 ) ;
#3377 = VECTOR ( 'NONE', #750, 1000.000000000000000 ) ;
#3378 = EDGE_LOOP ( 'NONE', ( #5102, #3654, #3071, #1499 ) ) ;
#3379 = LOCAL_TIME ( 11, 36, 15.00000000000000000, #4800 ) ;
#3380 = ORIENTED_EDGE ( 'NONE', *, *, #2527, .F. ) ;
#3381 = FACE_OUTER_BOUND ( 'NONE', #4639, .T. ) ;
#3382 = EDGE_CURVE ( 'NONE', #5219, #460, #5971, .T. ) ;
#3383 = VECTOR ( 'NONE', #1424, 1000.000000000000000 ) ;
#3384 = DIRECTION ( 'NONE',  ( -0.000000000000000000, 1.000000000000000000, -0.000000000000000000 ) ) ;
#3385 = DIRECTION ( 'NONE',  ( -1.000000000000000000, 0.000000000000000000, 2.891205793294679312E-16 ) ) ;
#3386 = FACE_OUTER_BOUND ( 'NONE', #4026, .T. ) ;
#3387 = VECTOR ( 'NONE', #1863, 1000.000000000000000 ) ;
#3388 = ADVANCED_FACE ( 'NONE', ( #1791 ), #761, .F. ) ;
#3389 = AXIS2_PLACEMENT_3D ( 'NONE', #4536, #4915, #5874 ) ;
#3390 = ORIENTED_EDGE ( 'NONE', *, *, #5573, .F. ) ;
#3391 = VERTEX_POINT ( 'NONE', #2696 ) ;
#3392 = LINE ( 'NONE', #1896, #1673 ) ;
#3393 = CIRCLE ( 'NONE', #611, 4.999999999999997335 ) ;
#3394 = DIRECTION ( 'NONE',  ( -0.000000000000000000, -1.000000000000000000, -0.000000000000000000 ) ) ;
#3395 = CARTESIAN_POINT ( 'NONE',  ( 10.00000000000001243, 14.00000000000000178, 45.50000000000000000 ) ) ;
#3396 = DIRECTION ( 'NONE',  ( 0.000000000000000000, 1.000000000000000000, 0.000000000000000000 ) ) ;
#3397 = ORIENTED_EDGE ( 'NONE', *, *, #4568, .F. ) ;
#3398 = VERTEX_POINT ( 'NONE', #4586 ) ;
#3399 = ORIENTED_EDGE ( 'NONE', *, *, #3147, .F. ) ;
#3400 = CARTESIAN_POINT ( 'NONE',  ( 25.00000000000001066, 15.00000000000000178, 43.50000000000000000 ) ) ;
#3401 = DIRECTION ( 'NONE',  ( 0.000000000000000000, -1.000000000000000000, 0.000000000000000000 ) ) ;
#3402 = EDGE_CURVE ( 'NONE', #4057, #5595, #3694, .T. ) ;
#3403 = EDGE_CURVE ( 'NONE', #2290, #4815, #1295, .T. ) ;
#3404 = ORIENTED_EDGE ( 'NONE', *, *, #3666, .T. ) ;
#3405 = CARTESIAN_POINT ( 'NONE',  ( 29.99999999999997868, 5.500000000000937916, -29.00000000000000711 ) ) ;
#3406 = CARTESIAN_POINT ( 'NONE',  ( -7.999999999999989342, 1.734723475976807094E-15, 29.50000000000000000 ) ) ;
#3407 = EDGE_CURVE ( 'NONE', #6090, #1318, #1755, .T. ) ;
#3408 = PERSON_AND_ORGANIZATION ( #5087, #310 ) ;
#3409 = ADVANCED_FACE ( 'NONE', ( #5940 ), #366, .F. ) ;
#3410 = VERTEX_POINT ( 'NONE', #4510 ) ;
#3411 = ORIENTED_EDGE ( 'NONE', *, *, #2411, .T. ) ;
#3412 = DIRECTION ( 'NONE',  ( 1.000000000000000000, 0.000000000000000000, 0.000000000000000000 ) ) ;
#3413 = FACE_OUTER_BOUND ( 'NONE', #4852, .T. ) ;
#3414 = CARTESIAN_POINT ( 'NONE',  ( 5.999999999999993783, -2.000000000000000000, 23.00000000000000000 ) ) ;
#3415 = LINE ( 'NONE', #1042, #602 ) ;
#3416 = EDGE_CURVE ( 'NONE', #1161, #2926, #5377, .T. ) ;
#3417 = ORIENTED_EDGE ( 'NONE', *, *, #4003, .T. ) ;
#3418 = VERTEX_POINT ( 'NONE', #264 ) ;
#3419 = FACE_OUTER_BOUND ( 'NONE', #1215, .T. ) ;
#3420 = CARTESIAN_POINT ( 'NONE',  ( -59.99999999999997158, 2.000000000000000000, 39.99999999999999289 ) ) ;
#3421 = CARTESIAN_POINT ( 'NONE',  ( 8.999999999999996447, -2.000000000000000000, 12.99999999999999822 ) ) ;
#3422 = LINE ( 'NONE', #657, #1102 ) ;
#3423 = ORIENTED_EDGE ( 'NONE', *, *, #4826, .F. ) ;
#3424 = VERTEX_POINT ( 'NONE', #3117 ) ;
#3425 = ORIENTED_EDGE ( 'NONE', *, *, #4382, .F. ) ;
#3426 = DIRECTION ( 'NONE',  ( 0.000000000000000000, -1.000000000000000000, 0.000000000000000000 ) ) ;
#3427 = DIRECTION ( 'NONE',  ( 0.000000000000000000, 0.000000000000000000, 1.000000000000000000 ) ) ;
#3428 = DIRECTION ( 'NONE',  ( 0.000000000000000000, 0.000000000000000000, -1.000000000000000000 ) ) ;
#3429 = ADVANCED_FACE ( 'NONE', ( #755 ), #3025, .F. ) ;
#3430 = ORIENTED_EDGE ( 'NONE', *, *, #2120, .T. ) ;
#3431 = FACE_BOUND ( 'NONE', #2361, .T. ) ;
#3432 = DIRECTION ( 'NONE',  ( 1.000000000000000000, 0.000000000000000000, 2.478176394252582127E-16 ) ) ;
#3433 = EDGE_CURVE ( 'NONE', #2893, #1649, #908, .T. ) ;
#3434 = PERSON_AND_ORGANIZATION_ROLE ( 'creator' ) ;
#3435 = VERTEX_POINT ( 'NONE', #699 ) ;
#3436 = ORIENTED_EDGE ( 'NONE', *, *, #5413, .T. ) ;
#3437 = EDGE_CURVE ( 'NONE', #4486, #4564, #2790, .T. ) ;
#3438 = DIRECTION ( 'NONE',  ( -0.000000000000000000, -1.000000000000000000, -0.000000000000000000 ) ) ;
#3439 = CARTESIAN_POINT ( 'NONE',  ( -7.999999999999998224, -2.000000000000000000, 19.99999999999999645 ) ) ;
#3440 = CARTESIAN_POINT ( 'NONE',  ( -4.999999999999986677, 12.00000000000000000, 55.49999999999999289 ) ) ;
#3441 = CARTESIAN_POINT ( 'NONE',  ( -59.99999999999997158, 9.000000000000001776, 36.99999999999999289 ) ) ;
#3442 = ORIENTED_EDGE ( 'NONE', *, *, #2211, .T. ) ;
#3443 = EDGE_CURVE ( 'NONE', #955, #848, #2145, .T. ) ;
#3444 = VERTEX_POINT ( 'NONE', #2554 ) ;
#3445 = AXIS2_PLACEMENT_3D ( 'NONE', #5069, #6015, #3617 ) ;
#3446 = CARTESIAN_POINT ( 'NONE',  ( 26.75735931288072678, 15.00000000000000000, 42.25735931288071612 ) ) ;
#3447 = CARTESIAN_POINT ( 'NONE',  ( 59.99999999999997158, 9.000000000000001776, 39.99999999999999289 ) ) ;
#3448 = EDGE_CURVE ( 'NONE', #5509, #2190, #3055, .T. ) ;
#3449 = FACE_OUTER_BOUND ( 'NONE', #4778, .T. ) ;
#3450 = CARTESIAN_POINT ( 'NONE',  ( -59.99999999999997158, 12.00000000000000000, 35.99999999999999289 ) ) ;
#3451 = VECTOR ( 'NONE', #280, 1000.000000000000000 ) ;
#3452 = ORIENTED_EDGE ( 'NONE', *, *, #3342, .T. ) ;
#3453 = ORIENTED_EDGE ( 'NONE', *, *, #69, .F. ) ;
#3454 = ORIENTED_EDGE ( 'NONE', *, *, #3288, .F. ) ;
#3455 = CARTESIAN_POINT ( 'NONE',  ( 5.000000000000022204, 12.00000000000000000, 43.50000000000000000 ) ) ;
#3456 = CIRCLE ( 'NONE', #5133, 2.999999999999998224 ) ;
#3457 = CARTESIAN_POINT ( 'NONE',  ( -59.99999999999997158, 0.000000000000000000, -49.00000000000000000 ) ) ;
#3458 = EDGE_CURVE ( 'NONE', #957, #1473, #2989, .T. ) ;
#3459 = CARTESIAN_POINT ( 'NONE',  ( -7.999999999999989342, 1.734723475976807094E-15, 29.50000000000000000 ) ) ;
#3460 = ORIENTED_EDGE ( 'NONE', *, *, #5401, .T. ) ;
#3461 = CARTESIAN_POINT ( 'NONE',  ( -56.70000000000003126, 7.500000000000000000, 7.000000000000022204 ) ) ;
#3462 = AXIS2_PLACEMENT_3D ( 'NONE', #3879, #5187, #1045 ) ;
#3463 = DIRECTION ( 'NONE',  ( -1.000000000000000000, -0.000000000000000000, -0.000000000000000000 ) ) ;
#3464 = COORDINATED_UNIVERSAL_TIME_OFFSET ( 8, 0, .AHEAD. ) ;
#3465 = VECTOR ( 'NONE', #28, 1000.000000000000000 ) ;
#3466 = ORIENTED_EDGE ( 'NONE', *, *, #1632, .F. ) ;
#3467 = DIRECTION ( 'NONE',  ( 0.000000000000000000, 1.000000000000000000, -0.000000000000000000 ) ) ;
#3468 = EDGE_LOOP ( 'NONE', ( #2305, #324 ) ) ;
#3469 = EDGE_CURVE ( 'NONE', #5566, #350, #2523, .T. ) ;
#3470 = CARTESIAN_POINT ( 'NONE',  ( 59.99999999999997158, 7.000000000000000888, 38.99999999999999289 ) ) ;
#3471 = LINE ( 'NONE', #186, #5750 ) ;
#3472 = VECTOR ( 'NONE', #3586, 1000.000000000000000 ) ;
#3473 = CARTESIAN_POINT ( 'NONE',  ( -54.49999999999999289, 3.000000000000000000, 10.99999999999999467 ) ) ;
#3474 = VECTOR ( 'NONE', #1783, 1000.000000000000000 ) ;
#3475 = EDGE_CURVE ( 'NONE', #3102, #3526, #2987, .T. ) ;
#3476 = DIRECTION ( 'NONE',  ( 0.000000000000000000, 0.000000000000000000, 1.000000000000000000 ) ) ;
#3477 = EDGE_CURVE ( 'NONE', #3824, #2416, #1601, .T. ) ;
#3478 = VECTOR ( 'NONE', #4368, 1000.000000000000000 ) ;
#3479 = ORIENTED_EDGE ( 'NONE', *, *, #294, .T. ) ;
#3480 = EDGE_CURVE ( 'NONE', #681, #2487, #5404, .T. ) ;
#3481 = ORIENTED_EDGE ( 'NONE', *, *, #426, .F. ) ;
#3482 = CIRCLE ( 'NONE', #116, 4.999999999999997335 ) ;
#3483 = LINE ( 'NONE', #2540, #3363 ) ;
#3484 = DIRECTION ( 'NONE',  ( 0.000000000000000000, -1.000000000000000000, 0.000000000000000000 ) ) ;
#3485 = AXIS2_PLACEMENT_3D ( 'NONE', #5381, #150, #2004 ) ;
#3486 = VECTOR ( 'NONE', #5346, 1000.000000000000000 ) ;
#3487 = DIRECTION ( 'NONE',  ( 0.000000000000000000, 1.000000000000000000, -0.000000000000000000 ) ) ;
#3488 = CARTESIAN_POINT ( 'NONE',  ( 27.00000000000001421, 17.00000000000000000, 30.50000000000000000 ) ) ;
#3489 = AXIS2_PLACEMENT_3D ( 'NONE', #3929, #5444, #3535 ) ;
#3490 = EDGE_CURVE ( 'NONE', #911, #5802, #1155, .T. ) ;
#3491 = ORIENTED_EDGE ( 'NONE', *, *, #6039, .T. ) ;
#3492 = CIRCLE ( 'NONE', #3190, 5.000000000000004441 ) ;
#3493 = VERTEX_POINT ( 'NONE', #239 ) ;
#3494 = ORIENTED_EDGE ( 'NONE', *, *, #3402, .T. ) ;
#3495 = DIRECTION ( 'NONE',  ( 2.846725704167071744E-16, 0.000000000000000000, 1.000000000000000000 ) ) ;
#3496 = VECTOR ( 'NONE', #1190, 1000.000000000000000 ) ;
#3497 = LINE ( 'NONE', #261, #3472 ) ;
#3498 = CARTESIAN_POINT ( 'NONE',  ( 5.000000000000023981, 12.00000000000000000, 55.49999999999999289 ) ) ;
#3499 = AXIS2_PLACEMENT_3D ( 'NONE', #2795, #4686, #1018 ) ;
#3500 = ORIENTED_EDGE ( 'NONE', *, *, #143, .F. ) ;
#3501 = ADVANCED_FACE ( 'NONE', ( #5927 ), #2623, .F. ) ;
#3502 = DIRECTION ( 'NONE',  ( 0.000000000000000000, 0.000000000000000000, -1.000000000000000000 ) ) ;
#3503 = CARTESIAN_POINT ( 'NONE',  ( 59.99999999999998579, 11.00000000000000178, -48.99999999999998579 ) ) ;
#3504 = DIRECTION ( 'NONE',  ( 1.000000000000000000, 0.000000000000000000, -3.182978855003317025E-17 ) ) ;
#3505 = VERTEX_POINT ( 'NONE', #1655 ) ;
#3506 = CARTESIAN_POINT ( 'NONE',  ( 59.99999999999997158, 9.000000000000001776, 34.99999999999999289 ) ) ;
#3507 = ORIENTED_EDGE ( 'NONE', *, *, #2552, .F. ) ;
#3508 = LINE ( 'NONE', #3470, #1777 ) ;
#3509 = CARTESIAN_POINT ( 'NONE',  ( -30.00000000000000000, 2.000000000000000000, -26.00000000000001066 ) ) ;
#3510 = DIRECTION ( 'NONE',  ( 0.000000000000000000, 0.000000000000000000, -1.000000000000000000 ) ) ;
#3511 = DIRECTION ( 'NONE',  ( 0.000000000000000000, 0.000000000000000000, 1.000000000000000000 ) ) ;
#3512 = ORIENTED_EDGE ( 'NONE', *, *, #5534, .F. ) ;
#3513 = VERTEX_POINT ( 'NONE', #3554 ) ;
#3514 = ADVANCED_FACE ( 'NONE', ( #5006 ), #2181, .F. ) ;
#3515 = CARTESIAN_POINT ( 'NONE',  ( 59.99999999999997158, 11.00000000000000178, 39.99999999999999289 ) ) ;
#3516 = CARTESIAN_POINT ( 'NONE',  ( -54.50000000000000000, 5.500000000000000000, -29.00000000000000711 ) ) ;
#3517 = LINE ( 'NONE', #5393, #3746 ) ;
#3518 = CARTESIAN_POINT ( 'NONE',  ( -56.49999999999999289, 5.500000000000000000, -24.00000000000000711 ) ) ;
#3519 = VERTEX_POINT ( 'NONE', #2996 ) ;
#3520 = ORIENTED_EDGE ( 'NONE', *, *, #1734, .F. ) ;
#3521 = ORIENTED_EDGE ( 'NONE', *, *, #6108, .T. ) ;
#3522 = CARTESIAN_POINT ( 'NONE',  ( 10.00000000000001599, 14.00000000000000178, 57.49999999999999289 ) ) ;
#3523 = EDGE_CURVE ( 'NONE', #5490, #4872, #4886, .T. ) ;
#3524 = CARTESIAN_POINT ( 'NONE',  ( -54.50000000000003553, 7.500000000000000000, 7.000000000000000000 ) ) ;
#3525 = DIRECTION ( 'NONE',  ( 0.000000000000000000, 1.000000000000000000, 0.000000000000000000 ) ) ;
#3526 = VERTEX_POINT ( 'NONE', #2333 ) ;
#3527 = DIRECTION ( 'NONE',  ( 0.000000000000000000, -1.000000000000000000, 0.000000000000000000 ) ) ;
#3528 = CARTESIAN_POINT ( 'NONE',  ( 59.99999999999998579, 7.000000000000000888, -48.99999999999998579 ) ) ;
#3529 = ADVANCED_FACE ( 'NONE', ( #4136, #3735 ), #2807, .F. ) ;
#3530 = CARTESIAN_POINT ( 'NONE',  ( -54.49999999999999289, 2.000000000000000000, 11.99999999999999289 ) ) ;
#3531 = ORIENTED_EDGE ( 'NONE', *, *, #3490, .T. ) ;
#3532 = CYLINDRICAL_SURFACE ( 'NONE', #3562, 3.500000000000003109 ) ;
#3533 = ORIENTED_EDGE ( 'NONE', *, *, #2261, .T. ) ;
#3534 = DIRECTION ( 'NONE',  ( 0.000000000000000000, 0.000000000000000000, -1.000000000000000000 ) ) ;
#3535 = DIRECTION ( 'NONE',  ( 1.000000000000000000, 0.000000000000000000, 0.000000000000000000 ) ) ;
#3536 = EDGE_CURVE ( 'NONE', #3410, #4632, #3180, .T. ) ;
#3537 = CYLINDRICAL_SURFACE ( 'NONE', #2155, 6.999999999999999112 ) ;
#3538 = DIRECTION ( 'NONE',  ( -0.000000000000000000, -1.000000000000000000, -0.000000000000000000 ) ) ;
#3539 = ORIENTED_EDGE ( 'NONE', *, *, #176, .F. ) ;
#3540 = ORIENTED_EDGE ( 'NONE', *, *, #5795, .T. ) ;
#3541 = DIRECTION ( 'NONE',  ( 1.000000000000000000, -0.000000000000000000, -0.000000000000000000 ) ) ;
#3542 = PLANE ( 'NONE',  #2184 ) ;
#3543 = CARTESIAN_POINT ( 'NONE',  ( 9.000000000000007105, 3.000000000000000000, 10.99999999999999467 ) ) ;
#3544 = DIRECTION ( 'NONE',  ( 1.000000000000000000, -0.000000000000000000, -0.000000000000000000 ) ) ;
#3545 = ORIENTED_EDGE ( 'NONE', *, *, #5321, .F. ) ;
#3546 = AXIS2_PLACEMENT_3D ( 'NONE', #3588, #1745, #2209 ) ;
#3547 = EDGE_LOOP ( 'NONE', ( #13, #1154, #5770, #4992 ) ) ;
#3548 = ORIENTED_EDGE ( 'NONE', *, *, #4725, .T. ) ;
#3549 = DIRECTION ( 'NONE',  ( 0.000000000000000000, 0.000000000000000000, 1.000000000000000000 ) ) ;
#3550 = EDGE_CURVE ( 'NONE', #5995, #37, #319, .T. ) ;
#3551 = DIRECTION ( 'NONE',  ( 0.000000000000000000, 0.000000000000000000, -1.000000000000000000 ) ) ;
#3552 = ADVANCED_FACE ( 'NONE', ( #5164 ), #1748, .F. ) ;
#3553 = VERTEX_POINT ( 'NONE', #1781 ) ;
#3554 = CARTESIAN_POINT ( 'NONE',  ( 6.000000000000023093, 12.00000000000000000, 57.49999999999999289 ) ) ;
#3555 = AXIS2_PLACEMENT_3D ( 'NONE', #1112, #2010, #95 ) ;
#3556 = LINE ( 'NONE', #3091, #2273 ) ;
#3557 = DIRECTION ( 'NONE',  ( 0.000000000000000000, 1.000000000000000000, -0.000000000000000000 ) ) ;
#3558 = EDGE_CURVE ( 'NONE', #2664, #2115, #388, .T. ) ;
#3559 = CC_DESIGN_PERSON_AND_ORGANIZATION_ASSIGNMENT ( #5314, #614, ( #1690 ) ) ;
#3560 = FACE_OUTER_BOUND ( 'NONE', #2714, .T. ) ;
#3561 = ORIENTED_EDGE ( 'NONE', *, *, #746, .F. ) ;
#3562 = AXIS2_PLACEMENT_3D ( 'NONE', #3061, #4955, #706 ) ;
#3563 = LINE ( 'NONE', #4895, #3169 ) ;
#3564 = CARTESIAN_POINT ( 'NONE',  ( 59.99999999999998579, -2.000000000000000000, -41.99999999999997868 ) ) ;
#3565 = FACE_OUTER_BOUND ( 'NONE', #4025, .T. ) ;
#3566 = PLANE ( 'NONE',  #211 ) ;
#3567 = CIRCLE ( 'NONE', #3665, 6.999999999999999112 ) ;
#3568 = AXIS2_PLACEMENT_3D ( 'NONE', #3057, #4947, #4446 ) ;
#3569 = ORIENTED_EDGE ( 'NONE', *, *, #3022, .T. ) ;
#3570 = ADVANCED_FACE ( 'NONE', ( #1317 ), #824, .T. ) ;
#3571 = ORIENTED_EDGE ( 'NONE', *, *, #1247, .T. ) ;
#3572 = DIRECTION ( 'NONE',  ( 0.000000000000000000, 0.000000000000000000, -1.000000000000000000 ) ) ;
#3573 = VECTOR ( 'NONE', #569, 1000.000000000000000 ) ;
#3574 = CIRCLE ( 'NONE', #4659, 3.000000000000009770 ) ;
#3575 = DIRECTION ( 'NONE',  ( 1.000000000000000000, 0.000000000000000000, -3.182978855003317025E-17 ) ) ;
#3576 = CARTESIAN_POINT ( 'NONE',  ( 59.50000000000001421, 2.000000000000000000, 6.999999999999992006 ) ) ;
#3577 = CARTESIAN_POINT ( 'NONE',  ( 8.999999999999996447, 5.500000000000000000, 12.99999999999999822 ) ) ;
#3578 = EDGE_CURVE ( 'NONE', #5595, #4504, #1202, .T. ) ;
#3579 = VECTOR ( 'NONE', #279, 1000.000000000000000 ) ;
#3580 = VERTEX_POINT ( 'NONE', #3646 ) ;
#3581 = EDGE_LOOP ( 'NONE', ( #2274, #964, #3326, #4031 ) ) ;
#3582 = ORIENTED_EDGE ( 'NONE', *, *, #2861, .T. ) ;
#3583 = DIRECTION ( 'NONE',  ( 0.000000000000000000, 0.000000000000000000, -1.000000000000000000 ) ) ;
#3584 =( GEOMETRIC_REPRESENTATION_CONTEXT ( 3 ) GLOBAL_UNCERTAINTY_ASSIGNED_CONTEXT ( ( #2992 ) ) GLOBAL_UNIT_ASSIGNED_CONTEXT ( ( #5842, #178, #3955 ) ) REPRESENTATION_CONTEXT ( 'NONE', 'WORKASPACE' ) );
#3585 = VECTOR ( 'NONE', #3463, 1000.000000000000000 ) ;
#3586 = DIRECTION ( 'NONE',  ( 0.000000000000000000, 0.000000000000000000, -1.000000000000000000 ) ) ;
#3587 = VECTOR ( 'NONE', #2505, 1000.000000000000000 ) ;
#3588 = CARTESIAN_POINT ( 'NONE',  ( 54.50000000000000711, 3.000000000000000000, -24.00000000000001066 ) ) ;
#3589 = AXIS2_PLACEMENT_3D ( 'NONE', #5533, #1288, #4877 ) ;
#3590 = ORIENTED_EDGE ( 'NONE', *, *, #5112, .T. ) ;
#3591 = AXIS2_PLACEMENT_3D ( 'NONE', #878, #4198, #5101 ) ;
#3592 = DIRECTION ( 'NONE',  ( 0.000000000000000000, 0.000000000000000000, -1.000000000000000000 ) ) ;
#3593 = LINE ( 'NONE', #4511, #104 ) ;
#3594 = ADVANCED_FACE ( 'NONE', ( #3685, #2715 ), #2306, .T. ) ;
#3595 = AXIS2_PLACEMENT_3D ( 'NONE', #2224, #1169, #1759 ) ;
#3596 = LINE ( 'NONE', #789, #5350 ) ;
#3597 = DIRECTION ( 'NONE',  ( 0.000000000000000000, 0.000000000000000000, -1.000000000000000000 ) ) ;
#3598 = VERTEX_POINT ( 'NONE', #5528 ) ;
#3599 = LINE ( 'NONE', #478, #5152 ) ;
#3600 = ADVANCED_FACE ( 'NONE', ( #4606 ), #5129, .F. ) ;
#3601 = DIRECTION ( 'NONE',  ( 0.000000000000000000, 0.000000000000000000, -1.000000000000000000 ) ) ;
#3602 = CARTESIAN_POINT ( 'NONE',  ( 59.99999999999998579, 9.000000000000001776, -43.99999999999998579 ) ) ;
#3603 = CARTESIAN_POINT ( 'NONE',  ( 5.999999999999993783, 5.000000000000000000, 23.00000000000000000 ) ) ;
#3604 = ORIENTED_EDGE ( 'NONE', *, *, #1071, .T. ) ;
#3605 = ORIENTED_EDGE ( 'NONE', *, *, #5438, .F. ) ;
#3606 = DIRECTION ( 'NONE',  ( -0.000000000000000000, 1.000000000000000000, -0.000000000000000000 ) ) ;
#3607 = CARTESIAN_POINT ( 'NONE',  ( -8.999999999999998224, 5.000000000000000000, 20.99999999999999645 ) ) ;
#3608 = DIRECTION ( 'NONE',  ( 1.000000000000000000, 0.000000000000000000, -0.000000000000000000 ) ) ;
#3609 = EDGE_CURVE ( 'NONE', #5797, #5858, #1283, .T. ) ;
#3610 = CARTESIAN_POINT ( 'NONE',  ( -59.99999999999984368, 2.000000000000000000, 57.49999999999999289 ) ) ;
#3611 = ORIENTED_EDGE ( 'NONE', *, *, #2560, .F. ) ;
#3612 = CARTESIAN_POINT ( 'NONE',  ( -59.99999999999997158, 7.000000000000000888, 40.99999999999999289 ) ) ;
#3613 = EDGE_LOOP ( 'NONE', ( #837, #3369, #2339, #431 ) ) ;
#3614 = PLANE ( 'NONE',  #3681 ) ;
#3615 = FACE_OUTER_BOUND ( 'NONE', #4341, .T. ) ;
#3616 = EDGE_CURVE ( 'NONE', #120, #1189, #3273, .T. ) ;
#3617 = DIRECTION ( 'NONE',  ( 0.000000000000000000, 0.000000000000000000, 1.000000000000000000 ) ) ;
#3618 = EDGE_CURVE ( 'NONE', #2487, #4234, #4870, .T. ) ;
#3619 = ORIENTED_EDGE ( 'NONE', *, *, #1319, .F. ) ;
#3620 = DIRECTION ( 'NONE',  ( 0.000000000000000000, 0.000000000000000000, 1.000000000000000000 ) ) ;
#3621 = DIRECTION ( 'NONE',  ( -1.734723475976806848E-16, -0.000000000000000000, 1.000000000000000000 ) ) ;
#3622 = CARTESIAN_POINT ( 'NONE',  ( -9.999999999999987566, 17.00000000000000000, 45.49999999999998579 ) ) ;
#3623 = DIRECTION ( 'NONE',  ( -0.000000000000000000, -1.000000000000000000, 0.000000000000000000 ) ) ;
#3624 = ORIENTED_EDGE ( 'NONE', *, *, #387, .F. ) ;
#3625 = FACE_OUTER_BOUND ( 'NONE', #2863, .T. ) ;
#3626 = ADVANCED_FACE ( 'NONE', ( #1814, #1370 ), #3711, .T. ) ;
#3627 = CARTESIAN_POINT ( 'NONE',  ( -37.00000000000000000, 4.500000000000000888, -18.00000000000001066 ) ) ;
#3628 = DIRECTION ( 'NONE',  ( 0.000000000000000000, 0.000000000000000000, -1.000000000000000000 ) ) ;
#3629 = FACE_OUTER_BOUND ( 'NONE', #5536, .T. ) ;
#3630 = EDGE_CURVE ( 'NONE', #4401, #1979, #5459, .T. ) ;
#3631 = VERTEX_POINT ( 'NONE', #5498 ) ;
#3632 = ORIENTED_EDGE ( 'NONE', *, *, #746, .T. ) ;
#3633 = DIRECTION ( 'NONE',  ( 1.110223024625156383E-14, -1.000000000000000000, 0.000000000000000000 ) ) ;
#3634 = DIRECTION ( 'NONE',  ( 0.000000000000000000, 0.000000000000000000, -1.000000000000000000 ) ) ;
#3635 = PLANE ( 'NONE',  #1059 ) ;
#3636 = DIRECTION ( 'NONE',  ( -1.000000000000000000, -1.156482317317871331E-15, 0.000000000000000000 ) ) ;
#3637 = EDGE_LOOP ( 'NONE', ( #5424, #4793, #2197, #3404 ) ) ;
#3638 = CARTESIAN_POINT ( 'NONE',  ( 54.49999999999997868, 7.500000000000000000, 6.999999999999996447 ) ) ;
#3639 = ORIENTED_EDGE ( 'NONE', *, *, #1986, .F. ) ;
#3640 = EDGE_CURVE ( 'NONE', #183, #5553, #29, .T. ) ;
#3641 = CYLINDRICAL_SURFACE ( 'NONE', #881, 2.200000000000000622 ) ;
#3642 = DIRECTION ( 'NONE',  ( 0.000000000000000000, 0.000000000000000000, -1.000000000000000000 ) ) ;
#3643 = FACE_OUTER_BOUND ( 'NONE', #4288, .T. ) ;
#3644 = EDGE_LOOP ( 'NONE', ( #5027, #5617 ) ) ;
#3645 = EDGE_LOOP ( 'NONE', ( #1293, #3520, #1465, #1420 ) ) ;
#3646 = CARTESIAN_POINT ( 'NONE',  ( -7.999999999999989342, 1.734723475976807094E-15, 29.50000000000000000 ) ) ;
#3647 = ORIENTED_EDGE ( 'NONE', *, *, #5375, .F. ) ;
#3648 = EDGE_CURVE ( 'NONE', #5893, #4128, #1798, .T. ) ;
#3649 = CARTESIAN_POINT ( 'NONE',  ( -59.99999999999997158, -2.000000000000000000, 39.99999999999999289 ) ) ;
#3650 = AXIS2_PLACEMENT_3D ( 'NONE', #5004, #2237, #2738 ) ;
#3651 = CYLINDRICAL_SURFACE ( 'NONE', #3589, 6.999999999999999112 ) ;
#3652 = AXIS2_PLACEMENT_3D ( 'NONE', #3257, #406, #2794 ) ;
#3653 = LINE ( 'NONE', #5967, #5245 ) ;
#3654 = ORIENTED_EDGE ( 'NONE', *, *, #3192, .F. ) ;
#3655 = DIRECTION ( 'NONE',  ( 0.000000000000000000, 0.000000000000000000, 1.000000000000000000 ) ) ;
#3656 = AXIS2_PLACEMENT_3D ( 'NONE', #4367, #3842, #3510 ) ;
#3657 = DIRECTION ( 'NONE',  ( 0.000000000000000000, 0.000000000000000000, -1.000000000000000000 ) ) ;
#3658 = CARTESIAN_POINT ( 'NONE',  ( 54.50000000000000000, 5.500000000000000000, 6.999999999999993783 ) ) ;
#3659 = AXIS2_PLACEMENT_3D ( 'NONE', #1826, #838, #4059 ) ;
#3660 = EDGE_CURVE ( 'NONE', #5128, #2644, #3985, .T. ) ;
#3661 = ORIENTED_EDGE ( 'NONE', *, *, #4970, .F. ) ;
#3662 = ORIENTED_EDGE ( 'NONE', *, *, #1913, .T. ) ;
#3663 = LINE ( 'NONE', #2227, #194 ) ;
#3664 = DIRECTION ( 'NONE',  ( 0.000000000000000000, -0.000000000000000000, 1.000000000000000000 ) ) ;
#3665 = AXIS2_PLACEMENT_3D ( 'NONE', #4021, #4395, #5352 ) ;
#3666 = EDGE_CURVE ( 'NONE', #5704, #911, #2520, .T. ) ;
#3667 = DIRECTION ( 'NONE',  ( 1.000000000000000000, 0.000000000000000000, -0.000000000000000000 ) ) ;
#3668 = AXIS2_PLACEMENT_3D ( 'NONE', #5026, #5062, #4598 ) ;
#3669 = LINE ( 'NONE', #5515, #5071 ) ;
#3670 = EDGE_CURVE ( 'NONE', #3243, #4008, #4012, .T. ) ;
#3671 = ORIENTED_EDGE ( 'NONE', *, *, #664, .F. ) ;
#3672 = FACE_OUTER_BOUND ( 'NONE', #1867, .T. ) ;
#3673 = ORIENTED_EDGE ( 'NONE', *, *, #2907, .F. ) ;
#3674 = CIRCLE ( 'NONE', #984, 1.000000000000000888 ) ;
#3675 = AXIS2_PLACEMENT_3D ( 'NONE', #2556, #241, #2597 ) ;
#3676 = DIRECTION ( 'NONE',  ( -0.000000000000000000, -1.000000000000000000, -0.000000000000000000 ) ) ;
#3677 = FACE_OUTER_BOUND ( 'NONE', #258, .T. ) ;
#3678 = EDGE_CURVE ( 'NONE', #5657, #1619, #4942, .T. ) ;
#3679 = CARTESIAN_POINT ( 'NONE',  ( 30.00000000000001421, 14.00000000000000178, 45.50000000000000000 ) ) ;
#3680 = AXIS2_PLACEMENT_3D ( 'NONE', #1118, #720, #2638 ) ;
#3681 = AXIS2_PLACEMENT_3D ( 'NONE', #661, #4881, #2518 ) ;
#3682 = EDGE_LOOP ( 'NONE', ( #2910, #1430, #2379, #226 ) ) ;
#3683 = ORIENTED_EDGE ( 'NONE', *, *, #185, .F. ) ;
#3684 = CC_DESIGN_APPROVAL ( #5145, ( #2481 ) ) ;
#3685 = FACE_BOUND ( 'NONE', #2262, .T. ) ;
#3686 = ORIENTED_EDGE ( 'NONE', *, *, #2036, .F. ) ;
#3687 = CARTESIAN_POINT ( 'NONE',  ( 77.49999999999998579, 2.000000000000000000, -57.50000000000000711 ) ) ;
#3688 = CIRCLE ( 'NONE', #3088, 4.999999999999997335 ) ;
#3689 = ADVANCED_FACE ( 'NONE', ( #1557 ), #4411, .F. ) ;
#3690 = VECTOR ( 'NONE', #4143, 1000.000000000000000 ) ;
#3691 = DIRECTION ( 'NONE',  ( 0.000000000000000000, -0.000000000000000000, -1.000000000000000000 ) ) ;
#3692 = AXIS2_PLACEMENT_3D ( 'NONE', #1583, #3014, #1178 ) ;
#3693 = ORIENTED_EDGE ( 'NONE', *, *, #5788, .F. ) ;
#3694 = LINE ( 'NONE', #339, #4674 ) ;
#3695 = CARTESIAN_POINT ( 'NONE',  ( -59.99999999999997158, -2.000000000000000000, 39.99999999999999289 ) ) ;
#3696 = DIRECTION ( 'NONE',  ( 1.000000000000000000, 0.000000000000000000, 0.000000000000000000 ) ) ;
#3697 = ORIENTED_EDGE ( 'NONE', *, *, #5534, .T. ) ;
#3698 = EDGE_LOOP ( 'NONE', ( #1947, #1271, #2139, #5041 ) ) ;
#3699 = CARTESIAN_POINT ( 'NONE',  ( -54.49999999999999289, 4.500000000000000888, -26.00000000000001066 ) ) ;
#3700 = CARTESIAN_POINT ( 'NONE',  ( -59.99999999999997158, 9.000000000000001776, 39.99999999999999289 ) ) ;
#3701 = PLANE ( 'NONE',  #4734 ) ;
#3702 = DIRECTION ( 'NONE',  ( -0.000000000000000000, -0.000000000000000000, 1.000000000000000000 ) ) ;
#3703 = ORIENTED_EDGE ( 'NONE', *, *, #4897, .T. ) ;
#3704 = DIRECTION ( 'NONE',  ( 0.000000000000000000, 0.000000000000000000, 1.000000000000000000 ) ) ;
#3705 = ORIENTED_EDGE ( 'NONE', *, *, #1967, .T. ) ;
#3706 = CARTESIAN_POINT ( 'NONE',  ( 54.49999999999997868, 0.000000000000000000, 10.99999999999999645 ) ) ;
#3707 = FACE_OUTER_BOUND ( 'NONE', #902, .T. ) ;
#3708 = LINE ( 'NONE', #1811, #1356 ) ;
#3709 = ORIENTED_EDGE ( 'NONE', *, *, #31, .F. ) ;
#3710 = ORIENTED_EDGE ( 'NONE', *, *, #2277, .F. ) ;
#3711 = PLANE ( 'NONE',  #4076 ) ;
#3712 = ORIENTED_EDGE ( 'NONE', *, *, #3053, .F. ) ;
#3713 = EDGE_CURVE ( 'NONE', #5184, #2816, #3836, .T. ) ;
#3714 = CARTESIAN_POINT ( 'NONE',  ( 28.00000000000001066, 8.500000000000000000, 43.00000000000000000 ) ) ;
#3715 = LINE ( 'NONE', #1292, #206 ) ;
#3716 = VERTEX_POINT ( 'NONE', #4442 ) ;
#3717 = EDGE_CURVE ( 'NONE', #4607, #4590, #4527, .T. ) ;
#3718 = FACE_OUTER_BOUND ( 'NONE', #1078, .T. ) ;
#3719 = LINE ( 'NONE', #1846, #3295 ) ;
#3720 = ORIENTED_EDGE ( 'NONE', *, *, #6080, .F. ) ;
#3721 = VERTEX_POINT ( 'NONE', #5402 ) ;
#3722 = CARTESIAN_POINT ( 'NONE',  ( -9.999999999999984013, 12.00000000000000000, 57.49999999999999289 ) ) ;
#3723 = ADVANCED_FACE ( 'NONE', ( #3023 ), #1056, .F. ) ;
#3724 = FACE_BOUND ( 'NONE', #4000, .T. ) ;
#3725 = CARTESIAN_POINT ( 'NONE',  ( -6.999999999999984901, 17.00000000000000000, 57.49999999999999289 ) ) ;
#3726 = CARTESIAN_POINT ( 'NONE',  ( 54.50000000000000000, 5.500000000000000000, 6.999999999999993783 ) ) ;
#3727 = VERTEX_POINT ( 'NONE', #204 ) ;
#3728 = FACE_OUTER_BOUND ( 'NONE', #1955, .T. ) ;
#3729 = ORIENTED_EDGE ( 'NONE', *, *, #1611, .F. ) ;
#3730 = DIRECTION ( 'NONE',  ( 0.000000000000000000, -1.000000000000000000, 0.000000000000000000 ) ) ;
#3731 = CARTESIAN_POINT ( 'NONE',  ( 0.000000000000000000, 0.000000000000000000, 55.49999999999999289 ) ) ;
#3732 = DIRECTION ( 'NONE',  ( -1.239088197126291063E-16, 0.000000000000000000, -1.000000000000000000 ) ) ;
#3733 = ORIENTED_EDGE ( 'NONE', *, *, #5142, .F. ) ;
#3734 = ORIENTED_EDGE ( 'NONE', *, *, #1171, .F. ) ;
#3735 = FACE_OUTER_BOUND ( 'NONE', #747, .T. ) ;
#3736 = ORIENTED_EDGE ( 'NONE', *, *, #4233, .F. ) ;
#3737 = ADVANCED_FACE ( 'NONE', ( #636 ), #3087, .T. ) ;
#3738 = CARTESIAN_POINT ( 'NONE',  ( 30.00000000000001421, 12.00000000000000178, 39.49999999999999289 ) ) ;
#3739 = PLANE ( 'NONE',  #6 ) ;
#3740 = ADVANCED_FACE ( 'NONE', ( #2592 ), #4386, .T. ) ;
#3741 = AXIS2_PLACEMENT_3D ( 'NONE', #2143, #1716, #1220 ) ;
#3742 = DIRECTION ( 'NONE',  ( 1.000000000000000000, 0.000000000000000000, 0.000000000000000000 ) ) ;
#3743 = ORIENTED_EDGE ( 'NONE', *, *, #4910, .T. ) ;
#3744 = DIRECTION ( 'NONE',  ( -1.000000000000000000, 0.000000000000000000, 0.000000000000000000 ) ) ;
#3745 = EDGE_CURVE ( 'NONE', #2253, #681, #2088, .T. ) ;
#3746 = VECTOR ( 'NONE', #4904, 1000.000000000000000 ) ;
#3747 = LINE ( 'NONE', #2408, #1408 ) ;
#3748 = ORIENTED_EDGE ( 'NONE', *, *, #2247, .F. ) ;
#3749 = VERTEX_POINT ( 'NONE', #5897 ) ;
#3750 = AXIS2_PLACEMENT_3D ( 'NONE', #458, #2750, #2843 ) ;
#3751 = FACE_BOUND ( 'NONE', #140, .T. ) ;
#3752 = CARTESIAN_POINT ( 'NONE',  ( 9.999999999999998224, 12.00000000000000000, 22.00000000000000000 ) ) ;
#3753 = LINE ( 'NONE', #5237, #968 ) ;
#3754 = DIRECTION ( 'NONE',  ( 0.000000000000000000, -1.000000000000000000, 0.000000000000000000 ) ) ;
#3755 = EDGE_CURVE ( 'NONE', #3918, #321, #171, .T. ) ;
#3756 = EDGE_LOOP ( 'NONE', ( #2316, #3748 ) ) ;
#3757 = DIRECTION ( 'NONE',  ( -1.000000000000000000, 0.000000000000000000, -0.000000000000000000 ) ) ;
#3758 = EDGE_LOOP ( 'NONE', ( #3799, #987, #588, #4428 ) ) ;
#3759 = DIRECTION ( 'NONE',  ( 0.000000000000000000, -1.000000000000000000, 0.000000000000000000 ) ) ;
#3760 = AXIS2_PLACEMENT_3D ( 'NONE', #816, #5556, #4689 ) ;
#3761 = AXIS2_PLACEMENT_3D ( 'NONE', #30, #944, #2781 ) ;
#3762 = DIRECTION ( 'NONE',  ( 0.000000000000000000, -1.000000000000000000, 0.000000000000000000 ) ) ;
#3763 = DIRECTION ( 'NONE',  ( 0.000000000000000000, -1.000000000000000000, 0.000000000000000000 ) ) ;
#3764 = CARTESIAN_POINT ( 'NONE',  ( 30.00000000000001421, 14.00000000000000178, 45.50000000000000000 ) ) ;
#3765 = ORIENTED_EDGE ( 'NONE', *, *, #4193, .F. ) ;
#3766 = VECTOR ( 'NONE', #338, 1000.000000000000000 ) ;
#3767 = AXIS2_PLACEMENT_3D ( 'NONE', #2001, #610, #2498 ) ;
#3768 = ORIENTED_EDGE ( 'NONE', *, *, #2747, .T. ) ;
#3769 = ORIENTED_EDGE ( 'NONE', *, *, #1266, .T. ) ;
#3770 = ORIENTED_EDGE ( 'NONE', *, *, #2313, .T. ) ;
#3771 = LINE ( 'NONE', #6081, #4056 ) ;
#3772 = DIRECTION ( 'NONE',  ( 0.000000000000000000, 0.000000000000000000, -1.000000000000000000 ) ) ;
#3773 = CIRCLE ( 'NONE', #4452, 4.000000000000003553 ) ;
#3774 = CIRCLE ( 'NONE', #4167, 3.500000000000003109 ) ;
#3775 = DIRECTION ( 'NONE',  ( 1.000000000000000000, -0.000000000000000000, 0.000000000000000000 ) ) ;
#3776 = EDGE_CURVE ( 'NONE', #1318, #6104, #5909, .T. ) ;
#3777 = VERTEX_POINT ( 'NONE', #117 ) ;
#3778 = CIRCLE ( 'NONE', #5753, 1.000000000000000888 ) ;
#3779 = VECTOR ( 'NONE', #3601, 1000.000000000000000 ) ;
#3780 = DIRECTION ( 'NONE',  ( 0.000000000000000000, 0.000000000000000000, 1.000000000000000000 ) ) ;
#3781 = CARTESIAN_POINT ( 'NONE',  ( 8.000000000000000000, 2.000000000000000000, 25.00000000000000000 ) ) ;
#3782 = ORIENTED_EDGE ( 'NONE', *, *, #3660, .F. ) ;
#3783 = VERTEX_POINT ( 'NONE', #2991 ) ;
#3784 = AXIS2_PLACEMENT_3D ( 'NONE', #1719, #5340, #1100 ) ;
#3785 = ADVANCED_FACE ( 'NONE', ( #5833 ), #1593, .F. ) ;
#3786 = DIRECTION ( 'NONE',  ( -1.000000000000000000, 0.000000000000000000, 0.000000000000000000 ) ) ;
#3787 = LINE ( 'NONE', #5674, #3383 ) ;
#3788 = CIRCLE ( 'NONE', #2993, 4.000000000000003553 ) ;
#3789 = PLANE ( 'NONE',  #3652 ) ;
#3790 = DIRECTION ( 'NONE',  ( 0.000000000000000000, 0.000000000000000000, -1.000000000000000000 ) ) ;
#3791 = ORIENTED_EDGE ( 'NONE', *, *, #4671, .T. ) ;
#3792 = CARTESIAN_POINT ( 'NONE',  ( -59.99999999999997158, 11.00000000000000178, -44.00000000000000711 ) ) ;
#3793 = ORIENTED_EDGE ( 'NONE', *, *, #2916, .F. ) ;
#3794 = CARTESIAN_POINT ( 'NONE',  ( -8.999999999999994671, 3.000000000000000000, -24.00000000000000000 ) ) ;
#3795 = DIRECTION ( 'NONE',  ( -1.000000000000000000, 0.000000000000000000, 0.000000000000000000 ) ) ;
#3796 = EDGE_CURVE ( 'NONE', #4625, #825, #4884, .T. ) ;
#3797 = DIRECTION ( 'NONE',  ( -0.000000000000000000, -1.000000000000000000, 0.000000000000000000 ) ) ;
#3798 = CARTESIAN_POINT ( 'NONE',  ( 10.99999999999999645, 5.500000000000000000, 11.49999999999999645 ) ) ;
#3799 = ORIENTED_EDGE ( 'NONE', *, *, #5334, .T. ) ;
#3800 = EDGE_LOOP ( 'NONE', ( #815, #4282, #708, #5592 ) ) ;
#3801 = EDGE_LOOP ( 'NONE', ( #866, #71, #5525, #1273 ) ) ;
#3802 = DIRECTION ( 'NONE',  ( -2.478176394252582127E-16, -0.000000000000000000, 1.000000000000000000 ) ) ;
#3803 = ADVANCED_FACE ( 'NONE', ( #3643 ), #5961, .T. ) ;
#3804 = DIRECTION ( 'NONE',  ( 1.000000000000000000, 0.000000000000000000, -0.000000000000000000 ) ) ;
#3805 = ADVANCED_FACE ( 'NONE', ( #2712 ), #1246, .T. ) ;
#3806 = DIRECTION ( 'NONE',  ( -1.000000000000000000, 0.000000000000000000, 0.000000000000000000 ) ) ;
#3807 = ORIENTED_EDGE ( 'NONE', *, *, #3019, .T. ) ;
#3808 = CARTESIAN_POINT ( 'NONE',  ( -59.99999999999997158, -2.000000000000000000, -49.00000000000000000 ) ) ;
#3809 = CARTESIAN_POINT ( 'NONE',  ( -11.00000000000000178, 12.00000000000000000, 22.00000000000000000 ) ) ;
#3810 = ORIENTED_EDGE ( 'NONE', *, *, #2043, .T. ) ;
#3811 = ORIENTED_EDGE ( 'NONE', *, *, #1066, .F. ) ;
#3812 = CARTESIAN_POINT ( 'NONE',  ( 59.99999999999998579, 7.000000000000000888, -48.99999999999998579 ) ) ;
#3813 = DIRECTION ( 'NONE',  ( 0.000000000000000000, 1.000000000000000000, 0.000000000000000000 ) ) ;
#3814 = FACE_OUTER_BOUND ( 'NONE', #5134, .T. ) ;
#3815 = DIRECTION ( 'NONE',  ( 0.000000000000000000, 0.000000000000000000, 1.000000000000000000 ) ) ;
#3816 = EDGE_CURVE ( 'NONE', #4090, #1980, #1683, .T. ) ;
#3817 = ORIENTED_EDGE ( 'NONE', *, *, #3816, .T. ) ;
#3818 = FACE_OUTER_BOUND ( 'NONE', #997, .T. ) ;
#3819 = ORIENTED_EDGE ( 'NONE', *, *, #5105, .F. ) ;
#3820 = CARTESIAN_POINT ( 'NONE',  ( 9.000000000000001776, 2.000000000000000000, 24.00000000000000000 ) ) ;
#3821 = CARTESIAN_POINT ( 'NONE',  ( -57.50000000000003553, 7.500000000000000000, -23.99999999999997868 ) ) ;
#3822 = CARTESIAN_POINT ( 'NONE',  ( -8.999999999999998224, -2.000000000000000000, 20.99999999999999645 ) ) ;
#3823 = LINE ( 'NONE', #5709, #6053 ) ;
#3824 = VERTEX_POINT ( 'NONE', #4165 ) ;
#3825 = EDGE_CURVE ( 'NONE', #1893, #4728, #4630, .T. ) ;
#3826 = EDGE_LOOP ( 'NONE', ( #3992, #6033, #4488, #929 ) ) ;
#3827 = ORIENTED_EDGE ( 'NONE', *, *, #4115, .F. ) ;
#3828 = DIRECTION ( 'NONE',  ( 0.000000000000000000, -1.000000000000000000, 0.000000000000000000 ) ) ;
#3829 = DIRECTION ( 'NONE',  ( -0.000000000000000000, -1.000000000000000000, -0.000000000000000000 ) ) ;
#3830 = ORIENTED_EDGE ( 'NONE', *, *, #3373, .T. ) ;
#3831 = EDGE_CURVE ( 'NONE', #2517, #4816, #4102, .T. ) ;
#3832 = CARTESIAN_POINT ( 'NONE',  ( 59.99999999999997158, 11.00000000000000178, 36.99999999999998579 ) ) ;
#3833 = ORIENTED_EDGE ( 'NONE', *, *, #1646, .F. ) ;
#3834 = DIRECTION ( 'NONE',  ( 0.000000000000000000, 0.000000000000000000, 1.000000000000000000 ) ) ;
#3835 = CALENDAR_DATE ( 2026, 20, 8 ) ;
#3836 = CIRCLE ( 'NONE', #862, 4.999999999999997335 ) ;
#3837 = ORIENTED_EDGE ( 'NONE', *, *, #2672, .T. ) ;
#3838 = VERTEX_POINT ( 'NONE', #4602 ) ;
#3839 = DIRECTION ( 'NONE',  ( 1.239088197126291063E-16, 0.000000000000000000, 1.000000000000000000 ) ) ;
#3840 = LINE ( 'NONE', #5, #2486 ) ;
#3841 = VECTOR ( 'NONE', #1549, 1000.000000000000000 ) ;
#3842 = DIRECTION ( 'NONE',  ( -0.000000000000000000, -1.000000000000000000, -0.000000000000000000 ) ) ;
#3843 = CARTESIAN_POINT ( 'NONE',  ( 10.99999999999999645, 5.500000000000000000, 12.99999999999999645 ) ) ;
#3844 = ORIENTED_EDGE ( 'NONE', *, *, #1319, .T. ) ;
#3845 = VECTOR ( 'NONE', #4587, 1000.000000000000000 ) ;
#3846 = ORIENTED_EDGE ( 'NONE', *, *, #2747, .F. ) ;
#3847 = DIRECTION ( 'NONE',  ( 0.000000000000000000, 0.000000000000000000, -1.000000000000000000 ) ) ;
#3848 = EDGE_CURVE ( 'NONE', #2416, #3824, #4032, .T. ) ;
#3849 = EDGE_CURVE ( 'NONE', #1161, #1172, #5098, .T. ) ;
#3850 = PLANE ( 'NONE',  #5255 ) ;
#3851 = LINE ( 'NONE', #5738, #1457 ) ;
#3852 = CARTESIAN_POINT ( 'NONE',  ( -9.999999999999989342, 17.00000000000000000, 27.50000000000000000 ) ) ;
#3853 = ORIENTED_EDGE ( 'NONE', *, *, #5965, .F. ) ;
#3854 = VERTEX_POINT ( 'NONE', #355 ) ;
#3855 = EDGE_LOOP ( 'NONE', ( #6076, #682 ) ) ;
#3856 = VECTOR ( 'NONE', #4836, 1000.000000000000000 ) ;
#3857 = DIRECTION ( 'NONE',  ( 0.000000000000000000, 0.000000000000000000, 1.000000000000000000 ) ) ;
#3858 = EDGE_CURVE ( 'NONE', #4907, #1316, #668, .T. ) ;
#3859 = DIRECTION ( 'NONE',  ( -1.000000000000000000, 0.000000000000000000, 0.000000000000000000 ) ) ;
#3860 = VECTOR ( 'NONE', #1872, 1000.000000000000000 ) ;
#3861 = EDGE_LOOP ( 'NONE', ( #2899, #794, #4168, #3334, #2823, #1209, #653, #2334, #2425, #749, #5268, #2636, #1089, #2879, #1208, #1050 ) ) ;
#3862 = CARTESIAN_POINT ( 'NONE',  ( -59.99999999999997158, 12.00000000000000000, 39.99999999999999289 ) ) ;
#3863 = AXIS2_PLACEMENT_3D ( 'NONE', #5124, #469, #1313 ) ;
#3864 = AXIS2_PLACEMENT_3D ( 'NONE', #4291, #2988, #3583 ) ;
#3865 = EDGE_CURVE ( 'NONE', #2013, #4694, #4133, .T. ) ;
#3866 = LINE ( 'NONE', #1602, #4471 ) ;
#3867 = DATE_AND_TIME ( #1968, #3379 ) ;
#3868 = ORIENTED_EDGE ( 'NONE', *, *, #5193, .F. ) ;
#3869 = VERTEX_POINT ( 'NONE', #5523 ) ;
#3870 = DIRECTION ( 'NONE',  ( 0.000000000000000000, 1.000000000000000000, 0.000000000000000000 ) ) ;
#3871 = VECTOR ( 'NONE', #4710, 1000.000000000000000 ) ;
#3872 = CARTESIAN_POINT ( 'NONE',  ( -59.99999999999997158, 11.00000000000000178, 43.00000000000000000 ) ) ;
#3873 = DIRECTION ( 'NONE',  ( 0.000000000000000000, 1.000000000000000000, 0.000000000000000000 ) ) ;
#3874 = CARTESIAN_POINT ( 'NONE',  ( -30.00000000000000000, 5.500000000000000000, -29.00000000000000711 ) ) ;
#3875 = AXIS2_PLACEMENT_3D ( 'NONE', #2998, #5841, #5289 ) ;
#3876 = VECTOR ( 'NONE', #2596, 1000.000000000000000 ) ;
#3877 = ORIENTED_EDGE ( 'NONE', *, *, #3578, .F. ) ;
#3878 = ORIENTED_EDGE ( 'NONE', *, *, #4302, .T. ) ;
#3879 = CARTESIAN_POINT ( 'NONE',  ( 54.49999999999997868, 7.500000000000000000, -26.20000000000000284 ) ) ;
#3880 = CIRCLE ( 'NONE', #2189, 5.000000000000004441 ) ;
#3881 = CARTESIAN_POINT ( 'NONE',  ( -59.99999999999997158, 9.000000000000001776, 39.99999999999999289 ) ) ;
#3882 = FACE_OUTER_BOUND ( 'NONE', #2773, .T. ) ;
#3883 = DIRECTION ( 'NONE',  ( 0.000000000000000000, 0.000000000000000000, -1.000000000000000000 ) ) ;
#3884 = ORIENTED_EDGE ( 'NONE', *, *, #48, .T. ) ;
#3885 = VERTEX_POINT ( 'NONE', #5925 ) ;
#3886 = ORIENTED_EDGE ( 'NONE', *, *, #2811, .F. ) ;
#3887 = DIRECTION ( 'NONE',  ( 0.000000000000000000, 0.000000000000000000, -1.000000000000000000 ) ) ;
#3888 = ADVANCED_FACE ( 'NONE', ( #1339 ), #2648, .F. ) ;
#3889 = DIRECTION ( 'NONE',  ( -3.182978855003317025E-17, 0.000000000000000000, -1.000000000000000000 ) ) ;
#3890 = DIRECTION ( 'NONE',  ( 0.000000000000000000, 0.000000000000000000, -1.000000000000000000 ) ) ;
#3891 = EDGE_CURVE ( 'NONE', #3981, #4142, #3708, .T. ) ;
#3892 = ORIENTED_EDGE ( 'NONE', *, *, #1131, .F. ) ;
#3893 = LINE ( 'NONE', #2459, #5249 ) ;
#3894 = DIRECTION ( 'NONE',  ( -4.476705744456282257E-16, 0.000000000000000000, -1.000000000000000000 ) ) ;
#3895 = PERSON_AND_ORGANIZATION ( #5087, #310 ) ;
#3896 = ORIENTED_EDGE ( 'NONE', *, *, #5809, .T. ) ;
#3897 = EDGE_CURVE ( 'NONE', #5789, #1234, #779, .T. ) ;
#3898 = VERTEX_POINT ( 'NONE', #4507 ) ;
#3899 = CARTESIAN_POINT ( 'NONE',  ( -54.49999999999997868, 3.000000000000000000, 10.99999999999999467 ) ) ;
#3900 = DIRECTION ( 'NONE',  ( 0.000000000000000000, 1.000000000000000000, 0.000000000000000000 ) ) ;
#3901 = FACE_OUTER_BOUND ( 'NONE', #311, .T. ) ;
#3902 = DIRECTION ( 'NONE',  ( 0.000000000000000000, 0.000000000000000000, -1.000000000000000000 ) ) ;
#3903 = ORIENTED_EDGE ( 'NONE', *, *, #4671, .F. ) ;
#3904 = ADVANCED_FACE ( 'NONE', ( #1278 ), #5030, .F. ) ;
#3905 = ORIENTED_EDGE ( 'NONE', *, *, #2579, .T. ) ;
#3906 = DIRECTION ( 'NONE',  ( -4.336808689942016750E-16, 0.000000000000000000, 1.000000000000000000 ) ) ;
#3907 = CARTESIAN_POINT ( 'NONE',  ( -54.49999999999997868, 0.000000000000000000, 10.99999999999999467 ) ) ;
#3908 = FACE_OUTER_BOUND ( 'NONE', #2212, .T. ) ;
#3909 = FACE_OUTER_BOUND ( 'NONE', #419, .T. ) ;
#3910 = ADVANCED_FACE ( 'NONE', ( #327 ), #2174, .F. ) ;
#3911 = ORIENTED_EDGE ( 'NONE', *, *, #1986, .T. ) ;
#3912 = ORIENTED_EDGE ( 'NONE', *, *, #2436, .F. ) ;
#3913 = ORIENTED_EDGE ( 'NONE', *, *, #4233, .T. ) ;
#3914 = LINE ( 'NONE', #2402, #2878 ) ;
#3915 = CARTESIAN_POINT ( 'NONE',  ( 10.99999999999999822, 2.000000000000000000, 22.00000000000000000 ) ) ;
#3916 = CARTESIAN_POINT ( 'NONE',  ( -59.99999999999997158, 11.00000000000000178, 39.99999999999999289 ) ) ;
#3917 = EDGE_CURVE ( 'NONE', #4808, #5228, #1775, .T. ) ;
#3918 = VERTEX_POINT ( 'NONE', #1314 ) ;
#3919 = CYLINDRICAL_SURFACE ( 'NONE', #3767, 2.999999999999999112 ) ;
#3920 = EDGE_CURVE ( 'NONE', #1064, #5520, #19, .T. ) ;
#3921 = PLANE ( 'NONE',  #4362 ) ;
#3922 = PERSON_AND_ORGANIZATION_ROLE ( 'classification_officer' ) ;
#3923 = EDGE_CURVE ( 'NONE', #5885, #2517, #5225, .T. ) ;
#3924 = VERTEX_POINT ( 'NONE', #4249 ) ;
#3925 = CARTESIAN_POINT ( 'NONE',  ( 27.00000000000001421, 17.00000000000000000, 30.50000000000000000 ) ) ;
#3926 = ORIENTED_EDGE ( 'NONE', *, *, #3026, .F. ) ;
#3927 = DIRECTION ( 'NONE',  ( -1.000000000000000000, 0.000000000000000000, 0.000000000000000000 ) ) ;
#3928 = EDGE_CURVE ( 'NONE', #4907, #842, #4719, .T. ) ;
#3929 = CARTESIAN_POINT ( 'NONE',  ( -54.50000000000001421, 7.500000000000000000, -27.00000000000000355 ) ) ;
#3930 = DIRECTION ( 'NONE',  ( -0.000000000000000000, 1.000000000000000000, -0.000000000000000000 ) ) ;
#3931 = CARTESIAN_POINT ( 'NONE',  ( 59.50000000000001421, 5.500000000000000000, -24.00000000000000711 ) ) ;
#3932 = EDGE_LOOP ( 'NONE', ( #3957, #4562, #2927, #5025 ) ) ;
#3933 = ORIENTED_EDGE ( 'NONE', *, *, #3475, .T. ) ;
#3934 = AXIS2_PLACEMENT_3D ( 'NONE', #507, #444, #2397 ) ;
#3935 = DIRECTION ( 'NONE',  ( -0.000000000000000000, -1.000000000000000000, -0.000000000000000000 ) ) ;
#3936 = CARTESIAN_POINT ( 'NONE',  ( 59.99999999999998579, 7.000000000000000888, -48.99999999999998579 ) ) ;
#3937 = CARTESIAN_POINT ( 'NONE',  ( 59.99999999999998579, 0.000000000000000000, -53.99999999999999289 ) ) ;
#3938 = EDGE_CURVE ( 'NONE', #1903, #2106, #375, .T. ) ;
#3939 = DIRECTION ( 'NONE',  ( -0.000000000000000000, 1.000000000000000000, -0.000000000000000000 ) ) ;
#3940 = CIRCLE ( 'NONE', #5226, 4.000000000000003553 ) ;
#3941 = EDGE_LOOP ( 'NONE', ( #3231, #62, #5106, #5369 ) ) ;
#3942 = DIRECTION ( 'NONE',  ( 0.000000000000000000, 0.000000000000000000, -1.000000000000000000 ) ) ;
#3943 = ORIENTED_EDGE ( 'NONE', *, *, #4146, .T. ) ;
#3944 = DIRECTION ( 'NONE',  ( 1.000000000000000000, 0.000000000000000000, 0.000000000000000000 ) ) ;
#3945 = AXIS2_PLACEMENT_3D ( 'NONE', #887, #856, #34 ) ;
#3946 = CARTESIAN_POINT ( 'NONE',  ( 30.00000000000001421, 8.500000000000000000, 30.00000000000000000 ) ) ;
#3947 = CARTESIAN_POINT ( 'NONE',  ( -54.49999999999999289, 2.000000000000000000, -24.00000000000000711 ) ) ;
#3948 = AXIS2_PLACEMENT_3D ( 'NONE', #2728, #3606, #1799 ) ;
#3949 = ORIENTED_EDGE ( 'NONE', *, *, #776, .T. ) ;
#3950 = CARTESIAN_POINT ( 'NONE',  ( 28.00000000000001066, 12.00000000000000000, 39.49999999999999289 ) ) ;
#3951 = CARTESIAN_POINT ( 'NONE',  ( 9.000000000000001776, 7.000000000000000000, 24.00000000000000000 ) ) ;
#3952 = CIRCLE ( 'NONE', #5139, 1.000000000000000888 ) ;
#3953 = AXIS2_PLACEMENT_3D ( 'NONE', #3032, #4921, #673 ) ;
#3954 = CARTESIAN_POINT ( 'NONE',  ( -7.999999999999986677, 1.734723475976807094E-15, 57.49999999999999289 ) ) ;
#3955 =( NAMED_UNIT ( * ) SI_UNIT ( $, .STERADIAN. ) SOLID_ANGLE_UNIT ( ) );
#3956 = VECTOR ( 'NONE', #4648, 1000.000000000000000 ) ;
#3957 = ORIENTED_EDGE ( 'NONE', *, *, #4357, .T. ) ;
#3958 = VECTOR ( 'NONE', #2025, 1000.000000000000000 ) ;
#3959 = CARTESIAN_POINT ( 'NONE',  ( 6.999999999999993783, 5.000000000000000000, 23.00000000000000000 ) ) ;
#3960 = VERTEX_POINT ( 'NONE', #5708 ) ;
#3961 = DIRECTION ( 'NONE',  ( 0.000000000000000000, 0.000000000000000000, 1.000000000000000000 ) ) ;
#3962 = DIRECTION ( 'NONE',  ( -0.000000000000000000, -1.000000000000000000, -0.000000000000000000 ) ) ;
#3963 = AXIS2_PLACEMENT_3D ( 'NONE', #3051, #4441, #694 ) ;
#3964 = CYLINDRICAL_SURFACE ( 'NONE', #2255, 1.000000000000000888 ) ;
#3965 = AXIS2_PLACEMENT_3D ( 'NONE', #5869, #5371, #4009 ) ;
#3966 = DIRECTION ( 'NONE',  ( 0.000000000000000000, 1.000000000000000000, 0.000000000000000000 ) ) ;
#3967 = VECTOR ( 'NONE', #5481, 1000.000000000000000 ) ;
#3968 = ADVANCED_FACE ( 'NONE', ( #3358, #5683 ), #4752, .T. ) ;
#3969 = VERTEX_POINT ( 'NONE', #6075 ) ;
#3970 = ORIENTED_EDGE ( 'NONE', *, *, #3217, .T. ) ;
#3971 = VECTOR ( 'NONE', #4336, 1000.000000000000000 ) ;
#3972 = CARTESIAN_POINT ( 'NONE',  ( -54.50000000000003553, 7.500000000000000000, 7.000000000000000000 ) ) ;
#3973 = CARTESIAN_POINT ( 'NONE',  ( -56.70000000000003126, 5.500000000000000000, 6.999999999999978684 ) ) ;
#3974 = VECTOR ( 'NONE', #1497, 1000.000000000000000 ) ;
#3975 = DIRECTION ( 'NONE',  ( 5.204170427930416550E-15, 0.000000000000000000, -1.000000000000000000 ) ) ;
#3976 = DIRECTION ( 'NONE',  ( -0.000000000000000000, 1.000000000000000000, -0.000000000000000000 ) ) ;
#3977 = CIRCLE ( 'NONE', #4673, 1.000000000000000888 ) ;
#3978 = EDGE_CURVE ( 'NONE', #5653, #421, #1433, .T. ) ;
#3979 = VERTEX_POINT ( 'NONE', #5247 ) ;
#3980 = ORIENTED_EDGE ( 'NONE', *, *, #1809, .T. ) ;
#3981 = VERTEX_POINT ( 'NONE', #5158 ) ;
#3982 = ADVANCED_FACE ( 'NONE', ( #909 ), #3267, .F. ) ;
#3983 = CARTESIAN_POINT ( 'NONE',  ( 59.99999999999998579, 7.000000000000000888, -49.99999999999998579 ) ) ;
#3984 = LINE ( 'NONE', #1652, #1384 ) ;
#3985 = LINE ( 'NONE', #1127, #3046 ) ;
#3986 = ORIENTED_EDGE ( 'NONE', *, *, #3165, .T. ) ;
#3987 = CARTESIAN_POINT ( 'NONE',  ( -77.50000000000000000, 2.000000000000000000, -57.50000000000000711 ) ) ;
#3988 = EDGE_CURVE ( 'NONE', #1769, #2926, #994, .T. ) ;
#3989 = CARTESIAN_POINT ( 'NONE',  ( -54.49999999999997868, -0.000000000000000000, -28.00000000000001066 ) ) ;
#3990 = DIRECTION ( 'NONE',  ( 0.000000000000000000, -1.000000000000000000, 0.000000000000000000 ) ) ;
#3991 = DATE_AND_TIME ( #3094, #998 ) ;
#3992 = ORIENTED_EDGE ( 'NONE', *, *, #2703, .T. ) ;
#3993 = DIRECTION ( 'NONE',  ( 1.000000000000000000, -0.000000000000000000, 0.000000000000000000 ) ) ;
#3994 = ORIENTED_EDGE ( 'NONE', *, *, #387, .T. ) ;
#3995 = CARTESIAN_POINT ( 'NONE',  ( -59.99999999999997158, 9.000000000000001776, 39.99999999999999289 ) ) ;
#3996 = FACE_OUTER_BOUND ( 'NONE', #5418, .T. ) ;
#3997 = DIRECTION ( 'NONE',  ( 0.000000000000000000, 0.000000000000000000, -1.000000000000000000 ) ) ;
#3998 = LINE ( 'NONE', #4831, #5345 ) ;
#3999 = ORIENTED_EDGE ( 'NONE', *, *, #5433, .F. ) ;
#4000 = EDGE_LOOP ( 'NONE', ( #5913, #3309 ) ) ;
#4001 = FACE_OUTER_BOUND ( 'NONE', #4183, .T. ) ;
#4002 = CARTESIAN_POINT ( 'NONE',  ( -9.999999999999984013, 12.00000000000000000, 55.49999999999999289 ) ) ;
#4003 = EDGE_CURVE ( 'NONE', #2663, #4607, #1366, .T. ) ;
#4004 = CARTESIAN_POINT ( 'NONE',  ( -59.99999999999997158, 7.000000000000000888, -48.00000000000000000 ) ) ;
#4005 = CARTESIAN_POINT ( 'NONE',  ( 10.99999999999999822, 12.00000000000000000, 23.00000000000000000 ) ) ;
#4006 = ORIENTED_EDGE ( 'NONE', *, *, #3480, .F. ) ;
#4007 = ORIENTED_EDGE ( 'NONE', *, *, #4003, .F. ) ;
#4008 = VERTEX_POINT ( 'NONE', #2802 ) ;
#4009 = DIRECTION ( 'NONE',  ( 0.000000000000000000, 0.000000000000000000, 1.000000000000000000 ) ) ;
#4010 = DIRECTION ( 'NONE',  ( -0.000000000000000000, -1.000000000000000000, -0.000000000000000000 ) ) ;
#4011 = ADVANCED_FACE ( 'NONE', ( #4789 ), #1927, .F. ) ;
#4012 = LINE ( 'NONE', #4912, #6004 ) ;
#4013 = ADVANCED_FACE ( 'NONE', ( #5189, #2422 ), #4311, .T. ) ;
#4014 = EDGE_LOOP ( 'NONE', ( #1669, #724, #774, #3246 ) ) ;
#4015 = DIRECTION ( 'NONE',  ( -1.000000000000000000, -0.000000000000000000, -0.000000000000000000 ) ) ;
#4016 = CARTESIAN_POINT ( 'NONE',  ( -11.00000000000000178, 2.000000000000000000, 22.00000000000000000 ) ) ;
#4017 = DIRECTION ( 'NONE',  ( 0.000000000000000000, 0.000000000000000000, -1.000000000000000000 ) ) ;
#4018 = ADVANCED_FACE ( 'NONE', ( #5216 ), #6101, .F. ) ;
#4019 = DIRECTION ( 'NONE',  ( 1.000000000000000000, 0.000000000000000000, 0.000000000000000000 ) ) ;
#4020 = VERTEX_POINT ( 'NONE', #1952 ) ;
#4021 = CARTESIAN_POINT ( 'NONE',  ( 59.99999999999997158, -2.000000000000000000, 39.99999999999999289 ) ) ;
#4022 = CARTESIAN_POINT ( 'NONE',  ( -9.999999999999998224, 7.000000000000000000, 24.00000000000000000 ) ) ;
#4023 = LINE ( 'NONE', #5908, #3352 ) ;
#4024 = CARTESIAN_POINT ( 'NONE',  ( 59.99999999999998579, 12.00000000000000000, -48.99999999999998579 ) ) ;
#4025 = EDGE_LOOP ( 'NONE', ( #2503, #659, #2713, #5671 ) ) ;
#4026 = EDGE_LOOP ( 'NONE', ( #5526, #1122, #2671, #1705 ) ) ;
#4027 = DIRECTION ( 'NONE',  ( 0.000000000000000000, 0.000000000000000000, -1.000000000000000000 ) ) ;
#4028 = DIRECTION ( 'NONE',  ( -0.000000000000000000, -1.000000000000000000, -0.000000000000000000 ) ) ;
#4029 = DIRECTION ( 'NONE',  ( 0.000000000000000000, 1.000000000000000000, 0.000000000000000000 ) ) ;
#4030 = LINE ( 'NONE', #5550, #1696 ) ;
#4031 = ORIENTED_EDGE ( 'NONE', *, *, #5103, .F. ) ;
#4032 = CIRCLE ( 'NONE', #273, 6.999999999999999112 ) ;
#4033 = EDGE_LOOP ( 'NONE', ( #432, #3060, #3943, #3791, #490, #3765, #1489, #1805, #3003, #904, #3262, #4271, #2410, #4666, #5919, #2214, #3662, #84, #3709, #3912, #3351, #4006, #5120, #2986, #4476, #1348 ) ) ;
#4034 = ORIENTED_EDGE ( 'NONE', *, *, #4096, .F. ) ;
#4035 = CARTESIAN_POINT ( 'NONE',  ( 9.999999999999998224, 12.00000000000000000, 23.00000000000000000 ) ) ;
#4036 = CARTESIAN_POINT ( 'NONE',  ( 54.49999999999999289, 2.000000000000000000, 11.99999999999999645 ) ) ;
#4037 = CARTESIAN_POINT ( 'NONE',  ( -54.50000000000003553, 7.500000000000000000, -24.00000000000000355 ) ) ;
#4038 = AXIS2_PLACEMENT_3D ( 'NONE', #3107, #769, #5057 ) ;
#4039 = DESIGN_CONTEXT ( 'detailed design', #6034, 'design' ) ;
#4040 = ORIENTED_EDGE ( 'NONE', *, *, #5142, .T. ) ;
#4041 = CARTESIAN_POINT ( 'NONE',  ( -8.757359312880707236, 17.00000000000000000, 28.74264068711927678 ) ) ;
#4042 = EDGE_CURVE ( 'NONE', #2664, #2126, #3851, .T. ) ;
#4043 = AXIS2_PLACEMENT_3D ( 'NONE', #1070, #2970, #3037 ) ;
#4044 = CARTESIAN_POINT ( 'NONE',  ( -54.49999999999999289, 3.000000000000000000, 8.999999999999994671 ) ) ;
#4045 = CARTESIAN_POINT ( 'NONE',  ( 9.000000000000001776, -2.000000000000000000, 8.999999999999994671 ) ) ;
#4046 = CYLINDRICAL_SURFACE ( 'NONE', #4247, 6.999999999999999112 ) ;
#4047 = ORIENTED_EDGE ( 'NONE', *, *, #4278, .F. ) ;
#4048 = VECTOR ( 'NONE', #4932, 1000.000000000000000 ) ;
#4049 = VECTOR ( 'NONE', #4528, 1000.000000000000000 ) ;
#4050 = CARTESIAN_POINT ( 'NONE',  ( 59.99999999999998579, 7.000000000000000888, -49.99999999999998579 ) ) ;
#4051 = EDGE_CURVE ( 'NONE', #5228, #525, #2829, .T. ) ;
#4052 = CYLINDRICAL_SURFACE ( 'NONE', #4772, 4.000000000000003553 ) ;
#4053 = CARTESIAN_POINT ( 'NONE',  ( 6.999999999999993783, -2.000000000000000000, 23.00000000000000000 ) ) ;
#4054 = CARTESIAN_POINT ( 'NONE',  ( 56.69999999999996732, 5.500000000000000000, -23.99999999999998224 ) ) ;
#4055 = CIRCLE ( 'NONE', #1380, 4.000000000000003553 ) ;
#4056 = VECTOR ( 'NONE', #4608, 1000.000000000000000 ) ;
#4057 = VERTEX_POINT ( 'NONE', #873 ) ;
#4058 = ORIENTED_EDGE ( 'NONE', *, *, #1033, .T. ) ;
#4059 = DIRECTION ( 'NONE',  ( -1.000000000000000000, 0.000000000000000000, 0.000000000000000000 ) ) ;
#4060 = VECTOR ( 'NONE', #907, 1000.000000000000000 ) ;
#4061 = VECTOR ( 'NONE', #5773, 1000.000000000000000 ) ;
#4062 = CARTESIAN_POINT ( 'NONE',  ( -59.99999999999997158, 11.00000000000000178, -46.00000000000000000 ) ) ;
#4063 = LINE ( 'NONE', #5952, #277 ) ;
#4064 = CARTESIAN_POINT ( 'NONE',  ( 54.50000000000000711, 2.000000000000000000, 6.999999999999992006 ) ) ;
#4065 = CIRCLE ( 'NONE', #701, 1.000000000000000888 ) ;
#4066 = ORIENTED_EDGE ( 'NONE', *, *, #1744, .F. ) ;
#4067 = CYLINDRICAL_SURFACE ( 'NONE', #4839, 3.000000000000001776 ) ;
#4068 = ORIENTED_EDGE ( 'NONE', *, *, #294, .F. ) ;
#4069 = CARTESIAN_POINT ( 'NONE',  ( 10.00000000000000178, 7.000000000000000000, 23.00000000000000000 ) ) ;
#4070 = AXIS2_PLACEMENT_3D ( 'NONE', #1966, #177, #2055 ) ;
#4071 = FACE_BOUND ( 'NONE', #5250, .T. ) ;
#4072 = VECTOR ( 'NONE', #4237, 1000.000000000000000 ) ;
#4073 = DIRECTION ( 'NONE',  ( 0.000000000000000000, -1.000000000000000000, 0.000000000000000000 ) ) ;
#4074 = VECTOR ( 'NONE', #5980, 1000.000000000000000 ) ;
#4075 = ORIENTED_EDGE ( 'NONE', *, *, #2310, .T. ) ;
#4076 = AXIS2_PLACEMENT_3D ( 'NONE', #783, #448, #5591 ) ;
#4077 = DIRECTION ( 'NONE',  ( 1.000000000000000000, 0.000000000000000000, -2.238352872228138170E-16 ) ) ;
#4078 = DIRECTION ( 'NONE',  ( 0.000000000000000000, -1.000000000000000000, 0.000000000000000000 ) ) ;
#4079 = VECTOR ( 'NONE', #5138, 1000.000000000000000 ) ;
#4080 = CARTESIAN_POINT ( 'NONE',  ( 59.99999999999997158, -2.000000000000000000, 39.99999999999999289 ) ) ;
#4081 = ADVANCED_FACE ( 'NONE', ( #2770 ), #4663, .T. ) ;
#4082 = CARTESIAN_POINT ( 'NONE',  ( 59.99999999999998579, -2.000000000000000000, -48.99999999999998579 ) ) ;
#4083 = ORIENTED_EDGE ( 'NONE', *, *, #3373, .F. ) ;
#4084 = CARTESIAN_POINT ( 'NONE',  ( 54.50000000000000711, 2.000000000000000000, -26.00000000000001066 ) ) ;
#4085 = CARTESIAN_POINT ( 'NONE',  ( 56.50000000000000711, 5.500000000000000000, -24.00000000000000711 ) ) ;
#4086 = CARTESIAN_POINT ( 'NONE',  ( -10.00000000000000000, 2.000000000000000000, 22.00000000000000000 ) ) ;
#4087 = EDGE_CURVE ( 'NONE', #1336, #546, #2745, .T. ) ;
#4088 = DIRECTION ( 'NONE',  ( 0.000000000000000000, 0.000000000000000000, -1.000000000000000000 ) ) ;
#4089 = EDGE_CURVE ( 'NONE', #2905, #134, #2076, .T. ) ;
#4090 = VERTEX_POINT ( 'NONE', #1617 ) ;
#4091 = ORIENTED_EDGE ( 'NONE', *, *, #2211, .F. ) ;
#4092 = FACE_OUTER_BOUND ( 'NONE', #2546, .T. ) ;
#4093 = CARTESIAN_POINT ( 'NONE',  ( -54.49999999999997868, 3.000000000000000000, -28.00000000000001066 ) ) ;
#4094 = DIRECTION ( 'NONE',  ( -2.168404344971008868E-16, -0.000000000000000000, -1.000000000000000000 ) ) ;
#4095 = LINE ( 'NONE', #3131, #809 ) ;
#4096 = EDGE_CURVE ( 'NONE', #4241, #5122, #5327, .T. ) ;
#4097 = EDGE_LOOP ( 'NONE', ( #4677, #3233, #4324, #705 ) ) ;
#4098 = CARTESIAN_POINT ( 'NONE',  ( 58.50000000000000711, 3.000000000000000000, 6.999999999999980460 ) ) ;
#4099 = EDGE_LOOP ( 'NONE', ( #5921, #4119, #2350, #3571 ) ) ;
#4100 = CARTESIAN_POINT ( 'NONE',  ( 58.50000000000000711, 3.000000000000000000, -23.99999999999999289 ) ) ;
#4101 = DIRECTION ( 'NONE',  ( -1.000000000000000000, 0.000000000000000000, 0.000000000000000000 ) ) ;
#4102 = LINE ( 'NONE', #847, #570 ) ;
#4103 = EDGE_LOOP ( 'NONE', ( #52, #1369, #2232, #1990 ) ) ;
#4104 = ORIENTED_EDGE ( 'NONE', *, *, #4388, .F. ) ;
#4105 = CARTESIAN_POINT ( 'NONE',  ( 59.99999999999998579, 0.000000000000000000, -48.99999999999998579 ) ) ;
#4106 = ORIENTED_EDGE ( 'NONE', *, *, #2649, .T. ) ;
#4107 = CARTESIAN_POINT ( 'NONE',  ( 59.99999999999998579, 0.000000000000000000, -48.99999999999998579 ) ) ;
#4108 = DIRECTION ( 'NONE',  ( 0.000000000000000000, 0.000000000000000000, -1.000000000000000000 ) ) ;
#4109 = EDGE_CURVE ( 'NONE', #4401, #3885, #3517, .T. ) ;
#4110 = LINE ( 'NONE', #1226, #2 ) ;
#4111 = ORIENTED_EDGE ( 'NONE', *, *, #3443, .T. ) ;
#4112 = ADVANCED_FACE ( 'NONE', ( #3449 ), #4404, .T. ) ;
#4113 = DIRECTION ( 'NONE',  ( 0.000000000000000000, 1.000000000000000000, 0.000000000000000000 ) ) ;
#4114 = CYLINDRICAL_SURFACE ( 'NONE', #4466, 1.000000000000000888 ) ;
#4115 = EDGE_CURVE ( 'NONE', #2353, #3749, #2450, .T. ) ;
#4116 = CARTESIAN_POINT ( 'NONE',  ( -56.70000000000003837, 5.500000000000000000, -23.99999999999998579 ) ) ;
#4117 = FACE_BOUND ( 'NONE', #2835, .T. ) ;
#4118 = ORIENTED_EDGE ( 'NONE', *, *, #2749, .F. ) ;
#4119 = ORIENTED_EDGE ( 'NONE', *, *, #5229, .F. ) ;
#4120 = ADVANCED_FACE ( 'NONE', ( #3882 ), #4934, .T. ) ;
#4121 = LINE ( 'NONE', #4151, #2959 ) ;
#4122 = CARTESIAN_POINT ( 'NONE',  ( -59.99999999999997158, 9.000000000000001776, -49.00000000000000000 ) ) ;
#4123 = CC_DESIGN_PERSON_AND_ORGANIZATION_ASSIGNMENT ( #4890, #4451, ( #1506 ) ) ;
#4124 = FACE_OUTER_BOUND ( 'NONE', #3801, .T. ) ;
#4125 = FACE_OUTER_BOUND ( 'NONE', #3547, .T. ) ;
#4126 = VERTEX_POINT ( 'NONE', #685 ) ;
#4127 = DIRECTION ( 'NONE',  ( 0.000000000000000000, 1.000000000000000000, 0.000000000000000000 ) ) ;
#4128 = VERTEX_POINT ( 'NONE', #3937 ) ;
#4129 = CARTESIAN_POINT ( 'NONE',  ( -7.999999999999996447, 2.000000000000000000, 25.00000000000000000 ) ) ;
#4130 = CARTESIAN_POINT ( 'NONE',  ( -58.50000000000000000, 3.000000000000000000, 6.999999999999964473 ) ) ;
#4131 = EDGE_CURVE ( 'NONE', #5520, #1000, #4838, .T. ) ;
#4132 = CARTESIAN_POINT ( 'NONE',  ( -10.99999999999999645, 5.500000000000000000, 11.99999999999999645 ) ) ;
#4133 = CIRCLE ( 'NONE', #5518, 5.000000000000004441 ) ;
#4134 = ORIENTED_EDGE ( 'NONE', *, *, #4298, .T. ) ;
#4135 = VERTEX_POINT ( 'NONE', #1048 ) ;
#4136 = FACE_BOUND ( 'NONE', #5564, .T. ) ;
#4137 = ORIENTED_EDGE ( 'NONE', *, *, #2566, .F. ) ;
#4138 = FACE_BOUND ( 'NONE', #759, .T. ) ;
#4139 = CIRCLE ( 'NONE', #2053, 2.200000000000000622 ) ;
#4140 = AXIS2_PLACEMENT_3D ( 'NONE', #1793, #2249, #6061 ) ;
#4141 = LINE ( 'NONE', #393, #3368 ) ;
#4142 = VERTEX_POINT ( 'NONE', #1582 ) ;
#4143 = DIRECTION ( 'NONE',  ( 0.000000000000000000, 0.000000000000000000, 1.000000000000000000 ) ) ;
#4144 = CIRCLE ( 'NONE', #1472, 4.000000000000003553 ) ;
#4145 = CYLINDRICAL_SURFACE ( 'NONE', #5323, 4.999999999999997335 ) ;
#4146 = EDGE_CURVE ( 'NONE', #480, #3969, #1762, .T. ) ;
#4147 = DIRECTION ( 'NONE',  ( 0.000000000000000000, -1.000000000000000000, 0.000000000000000000 ) ) ;
#4148 = ORIENTED_EDGE ( 'NONE', *, *, #1848, .F. ) ;
#4149 = CLOSED_SHELL ( 'NONE', ( #3600, #5380, #3552, #606, #1330, #1917, #3910, #4718, #1453, #372, #2639, #5589, #146, #4470, #2723, #320, #3388, #5274, #828, #4112, #3230, #1821, #5907, #5569, #3364, #3140, #451, #2449, #1626, #3594, #1565, #3035, #626, #10, #457, #1085, #3803, #4261, #2796, #1889, #38, #5341, #152, #4396, #2104, #2940, #718, #4204, #3888, #3785, #5626, #5198, #85, #5472, #489, #1910, #409, #2581, #5448, #5716, #3047, #1536, #5895, #4684, #4740, #531, #2061, #817, #3968, #2913, #5007, #5873, #5021, #315, #4013, #5887, #934, #5359, #3016, #3570, #1055, #2102, #4457, #3409, #1541, #1294, #56, #3012, #586, #3293, #4081, #1435, #2375, #2769, #4767, #2831, #1277, #1437, #3904, #539, #1589, #2309, #2302, #123, #4018, #5479, #2499, #1710, #1961, #1153, #5677, #2441, #3740, #1193, #4796, #5285, #2739, #4774, #3501, #2725, #335, #613, #4011, #2521, #103, #4640, #1758, #365, #1932, #3357, #3114, #4120, #5016, #3737, #3212, #4612, #5780, #3258, #4480, #4539, #1019, #2364, #3805, #1038, #1403, #4803, #4266, #4578, #3070, #648, #6012, #3529, #559, #3626, #3723, #4412, #639, #2221, #4540, #4275, #6115, #4588, #363, #4548, #5076, #4582, #1900, #3689, #4888, #1233, #5666, #160, #2608, #1005, #3982, #4242, #479, #2952, #5856, #4500, #709, #249, #4644, #875, #5476, #402, #3514, #4467, #5818, #5303, #3429, #1442, #172 ) ) ;
#4150 = ORIENTED_EDGE ( 'NONE', *, *, #2177, .T. ) ;
#4151 = CARTESIAN_POINT ( 'NONE',  ( 36.99999999999998579, 5.500000000001015188, -29.00000000000000711 ) ) ;
#4152 = DIRECTION ( 'NONE',  ( 0.000000000000000000, 1.000000000000000000, 0.000000000000000000 ) ) ;
#4153 = AXIS2_PLACEMENT_3D ( 'NONE', #5205, #4, #3839 ) ;
#4154 = CARTESIAN_POINT ( 'NONE',  ( -54.50000000000000000, 4.500000000000000888, -29.00000000000000711 ) ) ;
#4155 = CIRCLE ( 'NONE', #4750, 6.999999999999999112 ) ;
#4156 = CARTESIAN_POINT ( 'NONE',  ( -59.99999999999984368, 0.000000000000000000, 57.49999999999999289 ) ) ;
#4157 = EDGE_CURVE ( 'NONE', #4418, #1538, #2016, .T. ) ;
#4158 = ORIENTED_EDGE ( 'NONE', *, *, #5398, .F. ) ;
#4159 = DIRECTION ( 'NONE',  ( 0.000000000000000000, 0.000000000000000000, -1.000000000000000000 ) ) ;
#4160 = VERTEX_POINT ( 'NONE', #4472 ) ;
#4161 = CIRCLE ( 'NONE', #3863, 5.000000000000004441 ) ;
#4162 = CIRCLE ( 'NONE', #396, 3.000000000000002665 ) ;
#4163 = DIRECTION ( 'NONE',  ( 0.000000000000000000, 1.000000000000000000, 0.000000000000000000 ) ) ;
#4164 = PLANE ( 'NONE',  #6037 ) ;
#4165 = CARTESIAN_POINT ( 'NONE',  ( -59.99999999999997158, 0.000000000000000000, 32.99999999999999289 ) ) ;
#4166 = AXIS2_PLACEMENT_3D ( 'NONE', #2541, #4522, #1211 ) ;
#4167 = AXIS2_PLACEMENT_3D ( 'NONE', #1590, #1622, #5399 ) ;
#4168 = ORIENTED_EDGE ( 'NONE', *, *, #3059, .T. ) ;
#4169 = ORIENTED_EDGE ( 'NONE', *, *, #670, .T. ) ;
#4170 = EDGE_CURVE ( 'NONE', #3777, #2663, #2946, .T. ) ;
#4171 = APPROVAL_PERSON_ORGANIZATION ( #4859, #2569, #213 ) ;
#4172 = DIRECTION ( 'NONE',  ( 0.000000000000000000, 1.000000000000000000, 0.000000000000000000 ) ) ;
#4173 = VERTEX_POINT ( 'NONE', #2542 ) ;
#4174 = CARTESIAN_POINT ( 'NONE',  ( -59.99999999999997158, -2.000000000000000000, -49.00000000000000000 ) ) ;
#4175 = AXIS2_PLACEMENT_3D ( 'NONE', #3374, #4321, #642 ) ;
#4176 = AXIS2_PLACEMENT_3D ( 'NONE', #2775, #4172, #5033 ) ;
#4177 = EDGE_CURVE ( 'NONE', #4173, #2776, #229, .T. ) ;
#4178 = CARTESIAN_POINT ( 'NONE',  ( -9.000000000000001776, 3.000000000000000000, 10.99999999999999467 ) ) ;
#4179 = VERTEX_POINT ( 'NONE', #4432 ) ;
#4180 = CARTESIAN_POINT ( 'NONE',  ( -57.50000000000002842, 7.500000000000000000, 6.999999999999979572 ) ) ;
#4181 = CARTESIAN_POINT ( 'NONE',  ( 59.99999999999997158, 7.000000000000000888, 39.99999999999999289 ) ) ;
#4182 = VERTEX_POINT ( 'NONE', #4004 ) ;
#4183 = EDGE_LOOP ( 'NONE', ( #6084, #2616, #3289, #6043 ) ) ;
#4184 = LINE ( 'NONE', #2791, #4850 ) ;
#4185 = DIRECTION ( 'NONE',  ( 4.476705744456282257E-16, 0.000000000000000000, 1.000000000000000000 ) ) ;
#4186 = DIRECTION ( 'NONE',  ( 1.239088197126291063E-16, -0.000000000000000000, 1.000000000000000000 ) ) ;
#4187 = CARTESIAN_POINT ( 'NONE',  ( -59.50000000000000000, 2.000000000000000000, -24.00000000000000711 ) ) ;
#4188 = EDGE_CURVE ( 'NONE', #1704, #3418, #2447, .T. ) ;
#4189 = EDGE_LOOP ( 'NONE', ( #3411, #4299, #5370, #3017 ) ) ;
#4190 = FACE_OUTER_BOUND ( 'NONE', #5329, .T. ) ;
#4191 = EDGE_LOOP ( 'NONE', ( #4880, #1647, #3015, #3436 ) ) ;
#4192 = FACE_OUTER_BOUND ( 'NONE', #915, .T. ) ;
#4193 = EDGE_CURVE ( 'NONE', #5032, #1234, #2483, .T. ) ;
#4194 = CARTESIAN_POINT ( 'NONE',  ( -54.50000000000000000, 2.000000000000000000, -29.00000000000000711 ) ) ;
#4195 = DIRECTION ( 'NONE',  ( 0.000000000000000000, 0.000000000000000000, -1.000000000000000000 ) ) ;
#4196 = ORIENTED_EDGE ( 'NONE', *, *, #5760, .F. ) ;
#4197 = ORIENTED_EDGE ( 'NONE', *, *, #3242, .F. ) ;
#4198 = DIRECTION ( 'NONE',  ( -0.000000000000000000, -1.000000000000000000, -0.000000000000000000 ) ) ;
#4199 = VERTEX_POINT ( 'NONE', #5278 ) ;
#4200 = DIRECTION ( 'NONE',  ( -0.000000000000000000, 1.000000000000000000, -0.000000000000000000 ) ) ;
#4201 = ORIENTED_EDGE ( 'NONE', *, *, #4115, .T. ) ;
#4202 = DIRECTION ( 'NONE',  ( 0.000000000000000000, 0.000000000000000000, -1.000000000000000000 ) ) ;
#4203 = ORIENTED_EDGE ( 'NONE', *, *, #1818, .F. ) ;
#4204 = ADVANCED_FACE ( 'NONE', ( #3908 ), #4813, .T. ) ;
#4205 = LINE ( 'NONE', #368, #4333 ) ;
#4206 = DIRECTION ( 'NONE',  ( 0.000000000000000000, 0.000000000000000000, 1.000000000000000000 ) ) ;
#4207 = EDGE_LOOP ( 'NONE', ( #4914, #5411, #1044, #4400, #4687, #3743, #1545, #456, #5615 ) ) ;
#4208 = VERTEX_POINT ( 'NONE', #376 ) ;
#4209 = CARTESIAN_POINT ( 'NONE',  ( -5.999999999999986677, 12.00000000000000000, 55.49999999999999289 ) ) ;
#4210 = FACE_OUTER_BOUND ( 'NONE', #989, .T. ) ;
#4211 = DIRECTION ( 'NONE',  ( -0.000000000000000000, -1.000000000000000000, -0.000000000000000000 ) ) ;
#4212 = CARTESIAN_POINT ( 'NONE',  ( 59.99999999999997158, 11.00000000000000178, 45.00000000000000000 ) ) ;
#4213 = ORIENTED_EDGE ( 'NONE', *, *, #1247, .F. ) ;
#4214 = PLANE ( 'NONE',  #2369 ) ;
#4215 = EDGE_LOOP ( 'NONE', ( #5872, #2748 ) ) ;
#4216 = LINE ( 'NONE', #775, #3264 ) ;
#4217 = LINE ( 'NONE', #6100, #3080 ) ;
#4218 = DIRECTION ( 'NONE',  ( -1.000000000000000000, 0.000000000000000000, 0.000000000000000000 ) ) ;
#4219 = CARTESIAN_POINT ( 'NONE',  ( -54.49999999999999289, 2.000000000000000000, 6.999999999999992006 ) ) ;
#4220 = ORIENTED_EDGE ( 'NONE', *, *, #2530, .T. ) ;
#4221 = ORIENTED_EDGE ( 'NONE', *, *, #1780, .T. ) ;
#4222 = DIRECTION ( 'NONE',  ( 0.000000000000000000, 1.000000000000000000, 0.000000000000000000 ) ) ;
#4223 = EDGE_LOOP ( 'NONE', ( #2344, #5724 ) ) ;
#4224 = DIRECTION ( 'NONE',  ( 0.000000000000000000, 0.000000000000000000, 1.000000000000000000 ) ) ;
#4225 = DIRECTION ( 'NONE',  ( 1.000000000000000000, 0.000000000000000000, 0.000000000000000000 ) ) ;
#4226 = EDGE_CURVE ( 'NONE', #5298, #3102, #6005, .T. ) ;
#4227 = AXIS2_PLACEMENT_3D ( 'NONE', #1899, #3797, #1835 ) ;
#4228 = DIRECTION ( 'NONE',  ( 0.000000000000000000, 0.000000000000000000, -1.000000000000000000 ) ) ;
#4229 = ORIENTED_EDGE ( 'NONE', *, *, #3897, .F. ) ;
#4230 = DIRECTION ( 'NONE',  ( 0.000000000000000000, 0.000000000000000000, 1.000000000000000000 ) ) ;
#4231 = CARTESIAN_POINT ( 'NONE',  ( 8.000000000000021316, 12.00000000000000000, 43.50000000000000000 ) ) ;
#4232 = EDGE_LOOP ( 'NONE', ( #3733, #3452, #2529, #4919 ) ) ;
#4233 = EDGE_CURVE ( 'NONE', #2096, #3048, #4063, .T. ) ;
#4234 = VERTEX_POINT ( 'NONE', #3576 ) ;
#4235 = VECTOR ( 'NONE', #2632, 1000.000000000000000 ) ;
#4236 = DIRECTION ( 'NONE',  ( -0.000000000000000000, 1.000000000000000000, -0.000000000000000000 ) ) ;
#4237 = DIRECTION ( 'NONE',  ( -0.000000000000000000, 1.000000000000000000, -0.000000000000000000 ) ) ;
#4238 = CARTESIAN_POINT ( 'NONE',  ( -59.99999999999997158, 11.00000000000000178, 34.99999999999999289 ) ) ;
#4239 = DIRECTION ( 'NONE',  ( 0.000000000000000000, 1.000000000000000000, 0.000000000000000000 ) ) ;
#4240 = VECTOR ( 'NONE', #1362, 1000.000000000000000 ) ;
#4241 = VERTEX_POINT ( 'NONE', #5487 ) ;
#4242 = ADVANCED_FACE ( 'NONE', ( #4498 ), #1708, .F. ) ;
#4243 = DIRECTION ( 'NONE',  ( 0.000000000000000000, 0.000000000000000000, 1.000000000000000000 ) ) ;
#4244 = EDGE_LOOP ( 'NONE', ( #1797, #3903, #2240, #644, #5018 ) ) ;
#4245 = DIRECTION ( 'NONE',  ( -2.238352872228141129E-16, 0.000000000000000000, -1.000000000000000000 ) ) ;
#4246 = AXIS2_PLACEMENT_3D ( 'NONE', #72, #932, #5276 ) ;
#4247 = AXIS2_PLACEMENT_3D ( 'NONE', #4082, #301, #1695 ) ;
#4248 = DIRECTION ( 'NONE',  ( -1.000000000000000000, 0.000000000000000000, 3.182978855003317025E-17 ) ) ;
#4249 = CARTESIAN_POINT ( 'NONE',  ( 30.00000000000002842, 2.000000000000000000, -28.00000000000001066 ) ) ;
#4250 = DIRECTION ( 'NONE',  ( -0.000000000000000000, -1.000000000000000000, -0.000000000000000000 ) ) ;
#4251 = CIRCLE ( 'NONE', #4650, 4.000000000000003553 ) ;
#4252 = VECTOR ( 'NONE', #209, 1000.000000000000000 ) ;
#4253 = ORIENTED_EDGE ( 'NONE', *, *, #2806, .F. ) ;
#4254 = ORIENTED_EDGE ( 'NONE', *, *, #3097, .F. ) ;
#4255 = EDGE_LOOP ( 'NONE', ( #4900, #2271, #3705, #1635 ) ) ;
#4256 = DIRECTION ( 'NONE',  ( 0.000000000000000000, 0.000000000000000000, -1.000000000000000000 ) ) ;
#4257 = CARTESIAN_POINT ( 'NONE',  ( 8.000000000000021316, 12.00000000000000000, 43.50000000000000000 ) ) ;
#4258 = CIRCLE ( 'NONE', #2877, 3.000000000000002665 ) ;
#4259 = CIRCLE ( 'NONE', #5839, 2.000000000000000000 ) ;
#4260 = VECTOR ( 'NONE', #5447, 1000.000000000000000 ) ;
#4261 = ADVANCED_FACE ( 'NONE', ( #4124 ), #3635, .F. ) ;
#4262 = AXIS2_PLACEMENT_3D ( 'NONE', #625, #2512, #5392 ) ;
#4263 = CARTESIAN_POINT ( 'NONE',  ( -54.49999999999999289, 3.000000000000000000, -24.00000000000000711 ) ) ;
#4264 = ORIENTED_EDGE ( 'NONE', *, *, #4820, .T. ) ;
#4265 = AXIS2_PLACEMENT_3D ( 'NONE', #2786, #1939, #5111 ) ;
#4266 = ADVANCED_FACE ( 'NONE', ( #4969 ), #2613, .F. ) ;
#4267 = CIRCLE ( 'NONE', #1099, 4.000000000000003553 ) ;
#4268 = DIRECTION ( 'NONE',  ( 0.000000000000000000, -1.000000000000000000, 0.000000000000000000 ) ) ;
#4269 = DIRECTION ( 'NONE',  ( 0.000000000000000000, 0.000000000000000000, -1.000000000000000000 ) ) ;
#4270 = AXIS2_PLACEMENT_3D ( 'NONE', #4064, #1307, #5059 ) ;
#4271 = ORIENTED_EDGE ( 'NONE', *, *, #5923, .T. ) ;
#4272 = VERTEX_POINT ( 'NONE', #3201 ) ;
#4273 = VECTOR ( 'NONE', #666, 1000.000000000000000 ) ;
#4274 = CYLINDRICAL_SURFACE ( 'NONE', #1480, 1.000000000000000888 ) ;
#4275 = ADVANCED_FACE ( 'NONE', ( #5091, #2202 ), #1238, .T. ) ;
#4276 = CARTESIAN_POINT ( 'NONE',  ( 10.00000000000000178, 12.00000000000000000, 24.00000000000000000 ) ) ;
#4277 = DIRECTION ( 'NONE',  ( 0.000000000000000000, -1.000000000000000000, 0.000000000000000000 ) ) ;
#4278 = EDGE_CURVE ( 'NONE', #2353, #1000, #347, .T. ) ;
#4279 = CARTESIAN_POINT ( 'NONE',  ( 59.99999999999997158, 9.000000000000001776, 39.99999999999999289 ) ) ;
#4280 = ORIENTED_EDGE ( 'NONE', *, *, #5294, .F. ) ;
#4281 = CARTESIAN_POINT ( 'NONE',  ( 58.50000000000000711, 3.000000000000000000, 6.999999999999980460 ) ) ;
#4282 = ORIENTED_EDGE ( 'NONE', *, *, #3340, .T. ) ;
#4283 = DIRECTION ( 'NONE',  ( 1.000000000000000000, -0.000000000000000000, -0.000000000000000000 ) ) ;
#4284 = DIRECTION ( 'NONE',  ( 0.000000000000000000, 0.000000000000000000, -1.000000000000000000 ) ) ;
#4285 = DIRECTION ( 'NONE',  ( 0.000000000000000000, -1.000000000000000000, 0.000000000000000000 ) ) ;
#4286 = EDGE_CURVE ( 'NONE', #3135, #475, #5022, .T. ) ;
#4287 = CARTESIAN_POINT ( 'NONE',  ( -59.99999999999997158, 11.00000000000000178, -49.00000000000000000 ) ) ;
#4288 = EDGE_LOOP ( 'NONE', ( #4334, #275, #4597, #1065, #5468, #5968, #3040, #5796, #1343, #579, #4104, #36 ) ) ;
#4289 = EDGE_LOOP ( 'NONE', ( #5962, #2951, #2643, #4670, #4111, #446, #3177, #3810, #5898, #51, #3481, #1747 ) ) ;
#4290 = ORIENTED_EDGE ( 'NONE', *, *, #5621, .T. ) ;
#4291 = CARTESIAN_POINT ( 'NONE',  ( 59.99999999999997158, 12.00000000000000000, 39.99999999999999289 ) ) ;
#4292 = CARTESIAN_POINT ( 'NONE',  ( 7.999999999999998224, 0.000000000000000000, 20.99999999999999645 ) ) ;
#4293 = ORIENTED_EDGE ( 'NONE', *, *, #5209, .F. ) ;
#4294 = DIRECTION ( 'NONE',  ( -0.000000000000000000, -1.000000000000000000, -0.000000000000000000 ) ) ;
#4295 = ORIENTED_EDGE ( 'NONE', *, *, #3203, .F. ) ;
#4296 = CARTESIAN_POINT ( 'NONE',  ( 56.50000000000000711, 3.000000000000000000, 6.999999999999992006 ) ) ;
#4297 = CARTESIAN_POINT ( 'NONE',  ( -9.000000000000000000, 10.00000000000000000, 12.99999999999999822 ) ) ;
#4298 = EDGE_CURVE ( 'NONE', #401, #4272, #3940, .T. ) ;
#4299 = ORIENTED_EDGE ( 'NONE', *, *, #2624, .F. ) ;
#4300 = VERTEX_POINT ( 'NONE', #744 ) ;
#4301 = CARTESIAN_POINT ( 'NONE',  ( 54.50000000000000000, 5.500000000000000000, 6.999999999999993783 ) ) ;
#4302 = EDGE_CURVE ( 'NONE', #4694, #5576, #2730, .T. ) ;
#4303 = LINE ( 'NONE', #3294, #1302 ) ;
#4304 = CYLINDRICAL_SURFACE ( 'NONE', #86, 4.999999999999997335 ) ;
#4305 = DIRECTION ( 'NONE',  ( 0.000000000000000000, 1.000000000000000000, 0.000000000000000000 ) ) ;
#4306 = EDGE_CURVE ( 'NONE', #4634, #3435, #1954, .T. ) ;
#4307 = VERTEX_POINT ( 'NONE', #2640 ) ;
#4308 = ORIENTED_EDGE ( 'NONE', *, *, #5614, .T. ) ;
#4309 = DIRECTION ( 'NONE',  ( 0.000000000000000000, 0.000000000000000000, -1.000000000000000000 ) ) ;
#4310 = DIRECTION ( 'NONE',  ( 0.000000000000000000, 0.000000000000000000, 1.000000000000000000 ) ) ;
#4311 = PLANE ( 'NONE',  #2545 ) ;
#4312 = DIRECTION ( 'NONE',  ( -0.000000000000000000, -1.000000000000000000, -0.000000000000000000 ) ) ;
#4313 = ORIENTED_EDGE ( 'NONE', *, *, #556, .F. ) ;
#4314 = ORIENTED_EDGE ( 'NONE', *, *, #1550, .F. ) ;
#4315 = ORIENTED_EDGE ( 'NONE', *, *, #5209, .T. ) ;
#4316 = EDGE_CURVE ( 'NONE', #232, #2701, #1660, .T. ) ;
#4317 = LINE ( 'NONE', #5713, #4061 ) ;
#4318 = LINE ( 'NONE', #1556, #2377 ) ;
#4319 = ORIENTED_EDGE ( 'NONE', *, *, #2156, .T. ) ;
#4320 = CYLINDRICAL_SURFACE ( 'NONE', #5637, 4.000000000000003553 ) ;
#4321 = DIRECTION ( 'NONE',  ( 0.000000000000000000, 1.000000000000000000, 0.000000000000000000 ) ) ;
#4322 = AXIS2_PLACEMENT_3D ( 'NONE', #384, #3209, #5587 ) ;
#4323 = EDGE_CURVE ( 'NONE', #350, #5509, #5031, .T. ) ;
#4324 = ORIENTED_EDGE ( 'NONE', *, *, #5103, .T. ) ;
#4325 = VERTEX_POINT ( 'NONE', #2705 ) ;
#4326 = DIRECTION ( 'NONE',  ( 0.000000000000000000, 0.000000000000000000, -1.000000000000000000 ) ) ;
#4327 = LINE ( 'NONE', #1974, #27 ) ;
#4328 = CIRCLE ( 'NONE', #4534, 5.000000000000004441 ) ;
#4329 = FACE_OUTER_BOUND ( 'NONE', #2234, .T. ) ;
#4330 = CARTESIAN_POINT ( 'NONE',  ( 54.49999999999999289, 5.500000000000000000, 11.99999999999999645 ) ) ;
#4331 = EDGE_CURVE ( 'NONE', #5920, #5136, #2229, .T. ) ;
#4332 = ORIENTED_EDGE ( 'NONE', *, *, #1243, .F. ) ;
#4333 = VECTOR ( 'NONE', #485, 1000.000000000000000 ) ;
#4334 = ORIENTED_EDGE ( 'NONE', *, *, #5795, .F. ) ;
#4335 = DIRECTION ( 'NONE',  ( -0.000000000000000000, -1.000000000000000000, -0.000000000000000000 ) ) ;
#4336 = DIRECTION ( 'NONE',  ( -0.000000000000000000, 1.000000000000000000, -0.000000000000000000 ) ) ;
#4337 = EDGE_CURVE ( 'NONE', #622, #2242, #6040, .T. ) ;
#4338 = DIRECTION ( 'NONE',  ( 0.000000000000000000, -0.000000000000000000, -1.000000000000000000 ) ) ;
#4339 = DIRECTION ( 'NONE',  ( 1.000000000000000000, -0.000000000000000000, -0.000000000000000000 ) ) ;
#4340 = EDGE_LOOP ( 'NONE', ( #428, #5390 ) ) ;
#4341 = EDGE_LOOP ( 'NONE', ( #5685, #949, #2974, #893 ) ) ;
#4342 = EDGE_LOOP ( 'NONE', ( #2950, #5632, #2995, #3611 ) ) ;
#4343 = AXIS2_PLACEMENT_3D ( 'NONE', #4966, #3935, #4027 ) ;
#4344 = CARTESIAN_POINT ( 'NONE',  ( -54.49999999999999289, 3.000000000000000000, 6.999999999999993783 ) ) ;
#4345 =( BOUNDED_CURVE ( )  B_SPLINE_CURVE ( 3, ( #61, #3250, #4705, #6062 ),
 .UNSPECIFIED., .F., .F. ) 
 B_SPLINE_CURVE_WITH_KNOTS ( ( 4, 4 ),
 ( 1.570796326794896780, 3.141592653589793116 ),
 .UNSPECIFIED. ) 
 CURVE ( )  GEOMETRIC_REPRESENTATION_ITEM ( )  RATIONAL_B_SPLINE_CURVE ( ( 1.000000000000000000, 0.8047378541243650485, 0.8047378541243650485, 1.000000000000000000 ) ) 
 REPRESENTATION_ITEM ( '' )  );
#4346 = FACE_OUTER_BOUND ( 'NONE', #1909, .T. ) ;
#4347 = DIRECTION ( 'NONE',  ( 0.000000000000000000, 0.000000000000000000, -1.000000000000000000 ) ) ;
#4348 = AXIS2_PLACEMENT_3D ( 'NONE', #461, #1423, #3786 ) ;
#4349 = EDGE_CURVE ( 'NONE', #5331, #3444, #4328, .T. ) ;
#4350 = ORIENTED_EDGE ( 'NONE', *, *, #422, .T. ) ;
#4351 = CARTESIAN_POINT ( 'NONE',  ( 10.00000000000001243, 14.00000000000000178, 45.50000000000000000 ) ) ;
#4352 = VECTOR ( 'NONE', #2117, 1000.000000000000000 ) ;
#4353 = VECTOR ( 'NONE', #1274, 1000.000000000000000 ) ;
#4354 = EDGE_CURVE ( 'NONE', #1779, #3333, #1856, .T. ) ;
#4355 = VECTOR ( 'NONE', #1945, 1000.000000000000000 ) ;
#4356 = CARTESIAN_POINT ( 'NONE',  ( 59.99999999999997158, 7.000000000000000888, 38.99999999999999289 ) ) ;
#4357 = EDGE_CURVE ( 'NONE', #1697, #3716, #1464, .T. ) ;
#4358 = DIRECTION ( 'NONE',  ( -0.000000000000000000, -0.000000000000000000, 1.000000000000000000 ) ) ;
#4359 = VECTOR ( 'NONE', #655, 1000.000000000000000 ) ;
#4360 = VERTEX_POINT ( 'NONE', #3725 ) ;
#4361 = LOCAL_TIME ( 11, 36, 15.00000000000000000, #3464 ) ;
#4362 = AXIS2_PLACEMENT_3D ( 'NONE', #5804, #3432, #2407 ) ;
#4363 = ORIENTED_EDGE ( 'NONE', *, *, #2388, .T. ) ;
#4364 = CARTESIAN_POINT ( 'NONE',  ( -59.99999999999997158, -2.000000000000000000, -49.00000000000000000 ) ) ;
#4365 = VECTOR ( 'NONE', #346, 1000.000000000000000 ) ;
#4366 = LINE ( 'NONE', #2347, #5259 ) ;
#4367 = CARTESIAN_POINT ( 'NONE',  ( -59.99999999999997158, 11.00000000000000178, -49.00000000000000000 ) ) ;
#4368 = DIRECTION ( 'NONE',  ( 0.000000000000000000, -1.000000000000000000, 0.000000000000000000 ) ) ;
#4369 = VECTOR ( 'NONE', #4499, 1000.000000000000000 ) ;
#4370 = AXIS2_PLACEMENT_3D ( 'NONE', #4633, #2742, #329 ) ;
#4371 = ORIENTED_EDGE ( 'NONE', *, *, #2335, .T. ) ;
#4372 = ORIENTED_EDGE ( 'NONE', *, *, #2827, .T. ) ;
#4373 = CARTESIAN_POINT ( 'NONE',  ( -9.000000000000000000, 10.00000000000000000, 12.99999999999999822 ) ) ;
#4374 = CIRCLE ( 'NONE', #4559, 3.000000000000009770 ) ;
#4375 = FACE_OUTER_BOUND ( 'NONE', #4878, .T. ) ;
#4376 = EDGE_CURVE ( 'NONE', #3391, #1371, #4742, .T. ) ;
#4377 = DIRECTION ( 'NONE',  ( 0.000000000000000000, -1.000000000000000000, 0.000000000000000000 ) ) ;
#4378 = CARTESIAN_POINT ( 'NONE',  ( 77.50000000000002842, 0.000000000000000000, 39.99999999999987210 ) ) ;
#4379 = ORIENTED_EDGE ( 'NONE', *, *, #1722, .T. ) ;
#4380 = ORIENTED_EDGE ( 'NONE', *, *, #2749, .T. ) ;
#4381 = ORIENTED_EDGE ( 'NONE', *, *, #224, .F. ) ;
#4382 = EDGE_CURVE ( 'NONE', #4142, #1227, #3322, .T. ) ;
#4383 = CARTESIAN_POINT ( 'NONE',  ( 8.999999999999996447, 10.00000000000000000, 12.99999999999999822 ) ) ;
#4384 = DIRECTION ( 'NONE',  ( -1.110223024625156383E-14, 1.000000000000000000, 0.000000000000000000 ) ) ;
#4385 = EDGE_CURVE ( 'NONE', #4173, #5220, #4139, .T. ) ;
#4386 = PLANE ( 'NONE',  #2444 ) ;
#4387 = VERTEX_POINT ( 'NONE', #4711 ) ;
#4388 = EDGE_CURVE ( 'NONE', #4713, #3598, #3349, .T. ) ;
#4389 = CYLINDRICAL_SURFACE ( 'NONE', #886, 1.000000000000000888 ) ;
#4390 = LINE ( 'NONE', #3406, #3585 ) ;
#4391 = SECURITY_CLASSIFICATION_LEVEL ( 'unclassified' ) ;
#4392 = EDGE_LOOP ( 'NONE', ( #2331, #2046, #741, #4879, #3344, #1972 ) ) ;
#4393 = CARTESIAN_POINT ( 'NONE',  ( 28.00000000000001066, 12.00000000000000178, 39.49999999999999289 ) ) ;
#4394 = ORIENTED_EDGE ( 'NONE', *, *, #5507, .F. ) ;
#4395 = DIRECTION ( 'NONE',  ( 0.000000000000000000, -1.000000000000000000, 0.000000000000000000 ) ) ;
#4396 = ADVANCED_FACE ( 'NONE', ( #2348 ), #3789, .F. ) ;
#4397 = DIRECTION ( 'NONE',  ( -0.000000000000000000, 1.000000000000000000, -0.000000000000000000 ) ) ;
#4398 = DIRECTION ( 'NONE',  ( 0.000000000000000000, 0.000000000000000000, 1.000000000000000000 ) ) ;
#4399 = DIRECTION ( 'NONE',  ( 0.000000000000000000, 1.000000000000000000, -0.000000000000000000 ) ) ;
#4400 = ORIENTED_EDGE ( 'NONE', *, *, #4286, .T. ) ;
#4401 = VERTEX_POINT ( 'NONE', #4238 ) ;
#4402 = DIRECTION ( 'NONE',  ( -0.000000000000000000, -1.000000000000000000, -0.000000000000000000 ) ) ;
#4403 = LINE ( 'NONE', #3607, #895 ) ;
#4404 = CYLINDRICAL_SURFACE ( 'NONE', #2655, 6.999999999999999112 ) ;
#4405 = CARTESIAN_POINT ( 'NONE',  ( -9.999999999999984013, 14.00000000000000178, 57.49999999999999289 ) ) ;
#4406 = ORIENTED_EDGE ( 'NONE', *, *, #4226, .F. ) ;
#4407 = ORIENTED_EDGE ( 'NONE', *, *, #4913, .F. ) ;
#4408 = VERTEX_POINT ( 'NONE', #2886 ) ;
#4409 = CARTESIAN_POINT ( 'NONE',  ( 59.99999999999997158, 0.000000000000000000, 44.00000000000000000 ) ) ;
#4410 = DIRECTION ( 'NONE',  ( 1.000000000000000000, -0.000000000000000000, -0.000000000000000000 ) ) ;
#4411 = PLANE ( 'NONE',  #2147 ) ;
#4412 = ADVANCED_FACE ( 'NONE', ( #953, #5117 ), #3701, .T. ) ;
#4413 = ORIENTED_EDGE ( 'NONE', *, *, #2774, .T. ) ;
#4414 = LINE ( 'NONE', #5342, #5338 ) ;
#4415 = DIRECTION ( 'NONE',  ( 0.000000000000000000, 1.000000000000000000, 0.000000000000000000 ) ) ;
#4416 = EDGE_CURVE ( 'NONE', #2949, #1399, #3753, .T. ) ;
#4417 = CARTESIAN_POINT ( 'NONE',  ( 0.000000000000000000, 0.000000000000000000, 0.000000000000000000 ) ) ;
#4418 = VERTEX_POINT ( 'NONE', #494 ) ;
#4419 = CARTESIAN_POINT ( 'NONE',  ( 10.99999999999999822, 12.00000000000000000, 23.00000000000000000 ) ) ;
#4420 = ORIENTED_EDGE ( 'NONE', *, *, #234, .T. ) ;
#4421 = CARTESIAN_POINT ( 'NONE',  ( 8.000000000000000000, 2.000000000000000000, 24.00000000000000000 ) ) ;
#4422 = DIRECTION ( 'NONE',  ( 0.000000000000000000, 0.000000000000000000, 1.000000000000000000 ) ) ;
#4423 = LINE ( 'NONE', #1543, #2954 ) ;
#4424 = AXIS2_PLACEMENT_3D ( 'NONE', #3822, #538, #935 ) ;
#4425 = LINE ( 'NONE', #189, #3478 ) ;
#4426 = EDGE_CURVE ( 'NONE', #3418, #4208, #927, .T. ) ;
#4427 = EDGE_LOOP ( 'NONE', ( #564, #1941, #4068, #2720 ) ) ;
#4428 = ORIENTED_EDGE ( 'NONE', *, *, #5218, .F. ) ;
#4429 = AXIS2_PLACEMENT_3D ( 'NONE', #5648, #3732, #4218 ) ;
#4430 = LINE ( 'NONE', #5325, #4048 ) ;
#4431 = DIRECTION ( 'NONE',  ( -0.000000000000000000, -1.000000000000000000, -0.000000000000000000 ) ) ;
#4432 = CARTESIAN_POINT ( 'NONE',  ( -59.99999999999997158, 7.000000000000000888, 35.99999999999999289 ) ) ;
#4433 = DIRECTION ( 'NONE',  ( 1.000000000000000000, -0.000000000000000000, 1.734723475976806848E-16 ) ) ;
#4434 = VECTOR ( 'NONE', #4781, 1000.000000000000000 ) ;
#4435 = EDGE_CURVE ( 'NONE', #2106, #166, #4636, .T. ) ;
#4436 = ORIENTED_EDGE ( 'NONE', *, *, #2528, .F. ) ;
#4437 = VERTEX_POINT ( 'NONE', #1888 ) ;
#4438 = ORIENTED_EDGE ( 'NONE', *, *, #3211, .F. ) ;
#4439 = DIRECTION ( 'NONE',  ( 0.000000000000000000, 0.000000000000000000, 1.000000000000000000 ) ) ;
#4440 = AXIS2_PLACEMENT_3D ( 'NONE', #3414, #4806, #1041 ) ;
#4441 = DIRECTION ( 'NONE',  ( 0.000000000000000000, -1.000000000000000000, 0.000000000000000000 ) ) ;
#4442 = CARTESIAN_POINT ( 'NONE',  ( 54.49999999999994316, 5.500000000000000000, -27.00000000000000355 ) ) ;
#4443 = VECTOR ( 'NONE', #3541, 1000.000000000000000 ) ;
#4444 = ORIENTED_EDGE ( 'NONE', *, *, #78, .T. ) ;
#4445 = CARTESIAN_POINT ( 'NONE',  ( 10.00000000000000178, 2.000000000000000000, 24.00000000000000000 ) ) ;
#4446 = DIRECTION ( 'NONE',  ( 1.000000000000000000, 0.000000000000000000, 0.000000000000000000 ) ) ;
#4447 = VECTOR ( 'NONE', #5168, 1000.000000000000000 ) ;
#4448 = AXIS2_PLACEMENT_3D ( 'NONE', #6070, #4127, #285 ) ;
#4449 = DIRECTION ( 'NONE',  ( -0.000000000000000000, 1.000000000000000000, -0.000000000000000000 ) ) ;
#4450 = EDGE_CURVE ( 'NONE', #2603, #5317, #2751, .T. ) ;
#4451 = PERSON_AND_ORGANIZATION_ROLE ( 'design_owner' ) ;
#4452 = AXIS2_PLACEMENT_3D ( 'NONE', #5428, #5831, #1682 ) ;
#4453 = VERTEX_POINT ( 'NONE', #5675 ) ;
#4454 = VECTOR ( 'NONE', #5008, 1000.000000000000000 ) ;
#4455 = DIRECTION ( 'NONE',  ( 0.000000000000000000, 1.000000000000000000, 0.000000000000000000 ) ) ;
#4456 = ORIENTED_EDGE ( 'NONE', *, *, #5156, .T. ) ;
#4457 = ADVANCED_FACE ( 'NONE', ( #3814 ), #4304, .T. ) ;
#4458 = FACE_OUTER_BOUND ( 'NONE', #821, .T. ) ;
#4459 = DIRECTION ( 'NONE',  ( -0.000000000000000000, -1.000000000000000000, -0.000000000000000000 ) ) ;
#4460 = AXIS2_PLACEMENT_3D ( 'NONE', #4093, #2666, #2228 ) ;
#4461 = CARTESIAN_POINT ( 'NONE',  ( 37.00000000000002842, 2.000000000000000000, -29.00000000000000711 ) ) ;
#4462 = VECTOR ( 'NONE', #880, 1000.000000000000000 ) ;
#4463 = DIRECTION ( 'NONE',  ( 0.000000000000000000, -1.000000000000000000, 0.000000000000000000 ) ) ;
#4464 = ORIENTED_EDGE ( 'NONE', *, *, #3865, .T. ) ;
#4465 = EDGE_LOOP ( 'NONE', ( #5451, #2547, #1957, #1142, #3540, #849, #1454, #3980 ) ) ;
#4466 = AXIS2_PLACEMENT_3D ( 'NONE', #5013, #832, #5538 ) ;
#4467 = ADVANCED_FACE ( 'NONE', ( #6094 ), #1332, .F. ) ;
#4468 = CARTESIAN_POINT ( 'NONE',  ( 59.99999999999998579, 9.000000000000001776, -48.99999999999998579 ) ) ;
#4469 = DIRECTION ( 'NONE',  ( 0.000000000000000000, 1.000000000000000000, 0.000000000000000000 ) ) ;
#4470 = ADVANCED_FACE ( 'NONE', ( #1393 ), #3228, .T. ) ;
#4471 = VECTOR ( 'NONE', #976, 1000.000000000000000 ) ;
#4472 = CARTESIAN_POINT ( 'NONE',  ( 54.49999999999995026, 5.500000000000000000, -26.20000000000000284 ) ) ;
#4473 = DIRECTION ( 'NONE',  ( 1.000000000000000000, 0.000000000000000000, -1.577021341797097560E-16 ) ) ;
#4474 = VERTEX_POINT ( 'NONE', #1828 ) ;
#4475 = AXIS2_PLACEMENT_3D ( 'NONE', #2110, #3976, #1146 ) ;
#4476 = ORIENTED_EDGE ( 'NONE', *, *, #3458, .T. ) ;
#4477 = EDGE_LOOP ( 'NONE', ( #4137, #424 ) ) ;
#4478 = DIRECTION ( 'NONE',  ( 1.000000000000000000, -0.000000000000000000, 0.000000000000000000 ) ) ;
#4479 = LINE ( 'NONE', #778, #2873 ) ;
#4480 = ADVANCED_FACE ( 'NONE', ( #4925 ), #3964, .T. ) ;
#4481 = DIRECTION ( 'NONE',  ( -1.000000000000000000, 0.000000000000000000, -0.000000000000000000 ) ) ;
#4482 = ORIENTED_EDGE ( 'NONE', *, *, #1378, .F. ) ;
#4483 = CARTESIAN_POINT ( 'NONE',  ( 54.50000000000000711, 3.000000000000000000, -24.00000000000001066 ) ) ;
#4484 = DIRECTION ( 'NONE',  ( -0.000000000000000000, -1.000000000000000000, -0.000000000000000000 ) ) ;
#4485 = CARTESIAN_POINT ( 'NONE',  ( 28.00000000000001421, 12.00000000000000000, 29.50000000000000000 ) ) ;
#4486 = VERTEX_POINT ( 'NONE', #3006 ) ;
#4487 = LINE ( 'NONE', #3148, #5043 ) ;
#4488 = ORIENTED_EDGE ( 'NONE', *, *, #2070, .F. ) ;
#4489 = DIRECTION ( 'NONE',  ( 0.000000000000000000, 0.000000000000000000, 1.000000000000000000 ) ) ;
#4490 = FACE_OUTER_BOUND ( 'NONE', #352, .T. ) ;
#4491 = CARTESIAN_POINT ( 'NONE',  ( 5.000000000000023981, 15.00000000000000178, 55.49999999999999289 ) ) ;
#4492 = CARTESIAN_POINT ( 'NONE',  ( 9.000000000000001776, 3.000000000000000000, 8.999999999999994671 ) ) ;
#4493 = EDGE_CURVE ( 'NONE', #4817, #5995, #2938, .T. ) ;
#4494 = ORIENTED_EDGE ( 'NONE', *, *, #871, .F. ) ;
#4495 = VERTEX_POINT ( 'NONE', #5853 ) ;
#4496 = FACE_OUTER_BOUND ( 'NONE', #4223, .T. ) ;
#4497 = CARTESIAN_POINT ( 'NONE',  ( -54.50000000000001421, 7.500000000000000000, -27.00000000000000355 ) ) ;
#4498 = FACE_OUTER_BOUND ( 'NONE', #665, .T. ) ;
#4499 = DIRECTION ( 'NONE',  ( 1.000000000000000000, -0.000000000000000000, -0.000000000000000000 ) ) ;
#4500 = ADVANCED_FACE ( 'NONE', ( #1944 ), #554, .T. ) ;
#4501 = ORIENTED_EDGE ( 'NONE', *, *, #2759, .F. ) ;
#4502 = CC_DESIGN_PERSON_AND_ORGANIZATION_ASSIGNMENT ( #2028, #3922, ( #2481 ) ) ;
#4503 = ORIENTED_EDGE ( 'NONE', *, *, #4306, .T. ) ;
#4504 = VERTEX_POINT ( 'NONE', #582 ) ;
#4505 = CARTESIAN_POINT ( 'NONE',  ( -59.99999999999997158, -2.000000000000000000, 39.99999999999999289 ) ) ;
#4506 = FACE_OUTER_BOUND ( 'NONE', #4289, .T. ) ;
#4507 = CARTESIAN_POINT ( 'NONE',  ( 30.00000000000000711, 2.000000000000000000, -29.00000000000000711 ) ) ;
#4508 = EDGE_LOOP ( 'NONE', ( #3460, #4332, #3830, #805 ) ) ;
#4509 = EDGE_CURVE ( 'NONE', #1456, #1227, #1517, .T. ) ;
#4510 = CARTESIAN_POINT ( 'NONE',  ( -54.49999999999997868, 3.000000000000000000, -26.00000000000001066 ) ) ;
#4511 = CARTESIAN_POINT ( 'NONE',  ( 28.00000000000001421, 15.00000000000000178, 32.50000000000000000 ) ) ;
#4512 = CARTESIAN_POINT ( 'NONE',  ( -7.999999999999998224, 10.00000000000000000, 20.99999999999999645 ) ) ;
#4513 = CARTESIAN_POINT ( 'NONE',  ( -6.999999999999999112, 0.000000000000000000, 22.00000000000000000 ) ) ;
#4514 = ORIENTED_EDGE ( 'NONE', *, *, #3988, .T. ) ;
#4515 = CYLINDRICAL_SURFACE ( 'NONE', #296, 5.000000000000004441 ) ;
#4516 = CARTESIAN_POINT ( 'NONE',  ( -54.49999999999997868, 0.000000000000000000, 10.99999999999999467 ) ) ;
#4517 = DIRECTION ( 'NONE',  ( 1.000000000000000000, 0.000000000000000000, 0.000000000000000000 ) ) ;
#4518 = DIRECTION ( 'NONE',  ( 0.000000000000000000, 0.000000000000000000, -1.000000000000000000 ) ) ;
#4519 = ORIENTED_EDGE ( 'NONE', *, *, #5398, .T. ) ;
#4520 = ORIENTED_EDGE ( 'NONE', *, *, #3437, .T. ) ;
#4521 = CARTESIAN_POINT ( 'NONE',  ( -57.50000000000002842, 7.500000000000000000, 6.999999999999979572 ) ) ;
#4522 = DIRECTION ( 'NONE',  ( 0.000000000000000000, -1.000000000000000000, 0.000000000000000000 ) ) ;
#4523 = CARTESIAN_POINT ( 'NONE',  ( -59.99999999999997158, 7.000000000000000888, -49.00000000000000000 ) ) ;
#4524 = CYLINDRICAL_SURFACE ( 'NONE', #4270, 2.000000000000000000 ) ;
#4525 = EDGE_CURVE ( 'NONE', #5307, #2190, #1367, .T. ) ;
#4526 = ORIENTED_EDGE ( 'NONE', *, *, #2461, .T. ) ;
#4527 = CIRCLE ( 'NONE', #1658, 3.000000000000000000 ) ;
#4528 = DIRECTION ( 'NONE',  ( 0.000000000000000000, 1.000000000000000000, -0.000000000000000000 ) ) ;
#4529 = ORIENTED_EDGE ( 'NONE', *, *, #1650, .F. ) ;
#4530 = CARTESIAN_POINT ( 'NONE',  ( 30.00000000000001421, 8.500000000000000000, 43.00000000000000000 ) ) ;
#4531 = EDGE_CURVE ( 'NONE', #4135, #4681, #4423, .T. ) ;
#4532 = DIRECTION ( 'NONE',  ( 0.000000000000000000, 0.000000000000000000, -1.000000000000000000 ) ) ;
#4533 = DIRECTION ( 'NONE',  ( 0.000000000000000000, 0.000000000000000000, -1.000000000000000000 ) ) ;
#4534 = AXIS2_PLACEMENT_3D ( 'NONE', #1176, #3077, #721 ) ;
#4535 = ORIENTED_EDGE ( 'NONE', *, *, #185, .T. ) ;
#4536 = CARTESIAN_POINT ( 'NONE',  ( -59.99999999999997158, 11.00000000000000178, -49.00000000000000000 ) ) ;
#4537 = AXIS2_PLACEMENT_3D ( 'NONE', #4086, #1168, #3657 ) ;
#4538 = FACE_BOUND ( 'NONE', #1107, .T. ) ;
#4539 = ADVANCED_FACE ( 'NONE', ( #1139 ), #2034, .F. ) ;
#4540 = ADVANCED_FACE ( 'NONE', ( #2568 ), #1571, .F. ) ;
#4541 = DIRECTION ( 'NONE',  ( 0.000000000000000000, 0.000000000000000000, 1.000000000000000000 ) ) ;
#4542 = DIRECTION ( 'NONE',  ( 0.000000000000000000, -0.000000000000000000, 1.000000000000000000 ) ) ;
#4543 = VERTEX_POINT ( 'NONE', #4898 ) ;
#4544 = CIRCLE ( 'NONE', #684, 5.000000000000004441 ) ;
#4545 = VECTOR ( 'NONE', #439, 1000.000000000000000 ) ;
#4546 = CARTESIAN_POINT ( 'NONE',  ( 54.50000000000000711, 3.000000000000000000, 6.999999999999993783 ) ) ;
#4547 = FACE_OUTER_BOUND ( 'NONE', #5808, .T. ) ;
#4548 = ADVANCED_FACE ( 'NONE', ( #4329 ), #5296, .F. ) ;
#4549 = CARTESIAN_POINT ( 'NONE',  ( 7.999999999999998224, -2.000000000000000000, 19.99999999999999645 ) ) ;
#4550 = CARTESIAN_POINT ( 'NONE',  ( -5.999999999999986677, 12.00000000000000000, 55.49999999999999289 ) ) ;
#4551 = AXIS2_PLACEMENT_3D ( 'NONE', #2818, #3319, #1942 ) ;
#4552 = VERTEX_POINT ( 'NONE', #2472 ) ;
#4553 = ORIENTED_EDGE ( 'NONE', *, *, #1598, .F. ) ;
#4554 = DIRECTION ( 'NONE',  ( -0.000000000000000000, -1.000000000000000000, -0.000000000000000000 ) ) ;
#4555 = AXIS2_PLACEMENT_3D ( 'NONE', #5611, #443, #2768 ) ;
#4556 = AXIS2_PLACEMENT_3D ( 'NONE', #54, #2491, #5746 ) ;
#4557 = DIRECTION ( 'NONE',  ( 0.000000000000000000, 1.000000000000000000, 0.000000000000000000 ) ) ;
#4558 = DIRECTION ( 'NONE',  ( 0.000000000000000000, 0.000000000000000000, 1.000000000000000000 ) ) ;
#4559 = AXIS2_PLACEMENT_3D ( 'NONE', #4279, #1518, #3511 ) ;
#4560 = CARTESIAN_POINT ( 'NONE',  ( 6.999999999999992006, 0.000000000000000000, 39.99999999999999289 ) ) ;
#4561 = VECTOR ( 'NONE', #872, 1000.000000000000000 ) ;
#4562 = ORIENTED_EDGE ( 'NONE', *, *, #528, .F. ) ;
#4563 = CARTESIAN_POINT ( 'NONE',  ( 28.00000000000001066, 0.000000000000000000, 43.50000000000000000 ) ) ;
#4564 = VERTEX_POINT ( 'NONE', #2535 ) ;
#4565 = CARTESIAN_POINT ( 'NONE',  ( -59.99999999999997158, 7.000000000000000888, 39.99999999999999289 ) ) ;
#4566 = CIRCLE ( 'NONE', #4265, 1.000000000000000888 ) ;
#4567 = AXIS2_PLACEMENT_3D ( 'NONE', #4080, #1224, #703 ) ;
#4568 = EDGE_CURVE ( 'NONE', #1399, #3721, #970, .T. ) ;
#4569 = DIRECTION ( 'NONE',  ( 0.000000000000000000, 0.000000000000000000, -1.000000000000000000 ) ) ;
#4570 = AXIS2_PLACEMENT_3D ( 'NONE', #529, #1918, #2384 ) ;
#4571 = CARTESIAN_POINT ( 'NONE',  ( 54.50000000000000711, 2.000000000000000000, -24.00000000000000711 ) ) ;
#4572 = AXIS2_PLACEMENT_3D ( 'NONE', #2860, #3396, #2803 ) ;
#4573 = EDGE_CURVE ( 'NONE', #4126, #4495, #67, .T. ) ;
#4574 = ORIENTED_EDGE ( 'NONE', *, *, #240, .F. ) ;
#4575 = VECTOR ( 'NONE', #4669, 1000.000000000000000 ) ;
#4576 = DIRECTION ( 'NONE',  ( 0.000000000000000000, 0.000000000000000000, -1.000000000000000000 ) ) ;
#4577 = CARTESIAN_POINT ( 'NONE',  ( 54.49999999999995026, 7.500000000000000000, -26.20000000000000284 ) ) ;
#4578 = ADVANCED_FACE ( 'NONE', ( #1976, #3901 ), #5319, .F. ) ;
#4579 = AXIS2_PLACEMENT_3D ( 'NONE', #132, #3966, #3476 ) ;
#4580 = DIRECTION ( 'NONE',  ( 2.238352872228138170E-16, 0.000000000000000000, 1.000000000000000000 ) ) ;
#4581 = COORDINATED_UNIVERSAL_TIME_OFFSET ( 8, 0, .AHEAD. ) ;
#4582 = ADVANCED_FACE ( 'NONE', ( #4867 ), #5355, .T. ) ;
#4583 = CYLINDRICAL_SURFACE ( 'NONE', #3953, 5.000000000000004441 ) ;
#4584 = ORIENTED_EDGE ( 'NONE', *, *, #1469, .F. ) ;
#4585 = PLANE ( 'NONE',  #1684 ) ;
#4586 = CARTESIAN_POINT ( 'NONE',  ( 28.00000000000001066, 12.00000000000000000, 43.50000000000000000 ) ) ;
#4587 = DIRECTION ( 'NONE',  ( -0.000000000000000000, -1.000000000000000000, -0.000000000000000000 ) ) ;
#4588 = ADVANCED_FACE ( 'NONE', ( #5271 ), #5729, .F. ) ;
#4589 = CARTESIAN_POINT ( 'NONE',  ( 59.99999999999997158, 2.000000000000000000, 39.99999999999999289 ) ) ;
#4590 = VERTEX_POINT ( 'NONE', #5972 ) ;
#4591 = EDGE_CURVE ( 'NONE', #4747, #5797, #3456, .T. ) ;
#4592 = ORIENTED_EDGE ( 'NONE', *, *, #3536, .T. ) ;
#4593 = DIRECTION ( 'NONE',  ( -0.000000000000000000, -1.000000000000000000, -0.000000000000000000 ) ) ;
#4594 = LINE ( 'NONE', #5512, #4365 ) ;
#4595 = DIRECTION ( 'NONE',  ( 0.000000000000000000, 1.000000000000000000, 0.000000000000000000 ) ) ;
#4596 = CYLINDRICAL_SURFACE ( 'NONE', #1305, 4.000000000000000888 ) ;
#4597 = ORIENTED_EDGE ( 'NONE', *, *, #2618, .T. ) ;
#4598 = DIRECTION ( 'NONE',  ( 1.000000000000000000, 0.000000000000000000, -0.000000000000000000 ) ) ;
#4599 = ORIENTED_EDGE ( 'NONE', *, *, #1967, .F. ) ;
#4600 = LINE ( 'NONE', #1742, #1870 ) ;
#4601 = DIRECTION ( 'NONE',  ( -0.000000000000000000, -1.000000000000000000, 0.000000000000000000 ) ) ;
#4602 = CARTESIAN_POINT ( 'NONE',  ( -59.99999999999997158, 0.000000000000000000, 34.99999999999999289 ) ) ;
#4603 = ORIENTED_EDGE ( 'NONE', *, *, #6058, .F. ) ;
#4604 = EDGE_CURVE ( 'NONE', #1200, #1421, #713, .T. ) ;
#4605 = ORIENTED_EDGE ( 'NONE', *, *, #3938, .T. ) ;
#4606 = FACE_OUTER_BOUND ( 'NONE', #2928, .T. ) ;
#4607 = VERTEX_POINT ( 'NONE', #4491 ) ;
#4608 = DIRECTION ( 'NONE',  ( 2.478176394252582127E-16, -0.000000000000000000, -1.000000000000000000 ) ) ;
#4609 = EDGE_CURVE ( 'NONE', #5331, #292, #738, .T. ) ;
#4610 = FACE_OUTER_BOUND ( 'NONE', #1327, .T. ) ;
#4611 = ORIENTED_EDGE ( 'NONE', *, *, #5699, .F. ) ;
#4612 = ADVANCED_FACE ( 'NONE', ( #1667 ), #5506, .F. ) ;
#4613 = DIRECTION ( 'NONE',  ( -0.000000000000000000, 1.000000000000000000, -0.000000000000000000 ) ) ;
#4614 = CARTESIAN_POINT ( 'NONE',  ( 59.99999999999997158, 7.000000000000000888, 39.99999999999999289 ) ) ;
#4615 = CARTESIAN_POINT ( 'NONE',  ( -59.99999999999997158, -2.000000000000000000, 39.99999999999999289 ) ) ;
#4616 = ORIENTED_EDGE ( 'NONE', *, *, #855, .T. ) ;
#4617 = VERTEX_POINT ( 'NONE', #4116 ) ;
#4618 = LINE ( 'NONE', #5949, #4943 ) ;
#4619 = CARTESIAN_POINT ( 'NONE',  ( -8.000000000000000000, 0.000000000000000000, 22.00000000000000000 ) ) ;
#4620 = CARTESIAN_POINT ( 'NONE',  ( 28.00000000000001066, 8.500000000000000000, 39.49999999999999289 ) ) ;
#4621 = EDGE_CURVE ( 'NONE', #2430, #1064, #1257, .T. ) ;
#4622 = CARTESIAN_POINT ( 'NONE',  ( -7.999999999999989342, 12.00000000000000000, 29.50000000000000000 ) ) ;
#4623 = EDGE_LOOP ( 'NONE', ( #1940, #2059, #5360, #3274 ) ) ;
#4624 = PLANE ( 'NONE',  #4846 ) ;
#4625 = VERTEX_POINT ( 'NONE', #5014 ) ;
#4626 = CARTESIAN_POINT ( 'NONE',  ( 10.99999999999999645, 5.500000000000000000, 12.99999999999999645 ) ) ;
#4627 = DIRECTION ( 'NONE',  ( 0.000000000000000000, 0.000000000000000000, -1.000000000000000000 ) ) ;
#4628 = DIRECTION ( 'NONE',  ( -0.000000000000000000, -0.000000000000000000, 1.000000000000000000 ) ) ;
#4629 = EDGE_CURVE ( 'NONE', #1588, #4418, #1563, .T. ) ;
#4630 = CIRCLE ( 'NONE', #4322, 2.000000000000000000 ) ;
#4631 = VERTEX_POINT ( 'NONE', #5997 ) ;
#4632 = VERTEX_POINT ( 'NONE', #308 ) ;
#4633 = CARTESIAN_POINT ( 'NONE',  ( 59.99999999999998579, 11.00000000000000178, -48.99999999999998579 ) ) ;
#4634 = VERTEX_POINT ( 'NONE', #5415 ) ;
#4635 = CARTESIAN_POINT ( 'NONE',  ( -59.99999999999997158, 12.00000000000000000, -53.00000000000000711 ) ) ;
#4636 = CIRCLE ( 'NONE', #2551, 1.000000000000000888 ) ;
#4637 = AXIS2_PLACEMENT_3D ( 'NONE', #4549, #2661, #3628 ) ;
#4638 = LINE ( 'NONE', #455, #8 ) ;
#4639 = EDGE_LOOP ( 'NONE', ( #1836, #2038, #5160, #587, #4945, #1020, #4319, #5151 ) ) ;
#4640 = ADVANCED_FACE ( 'NONE', ( #5480 ), #1205, .F. ) ;
#4641 = LINE ( 'NONE', #2314, #3152 ) ;
#4642 = DIRECTION ( 'NONE',  ( 1.110223024625156383E-14, -1.000000000000000000, 0.000000000000000000 ) ) ;
#4643 = VECTOR ( 'NONE', #2393, 1000.000000000000000 ) ;
#4644 = ADVANCED_FACE ( 'NONE', ( #1231 ), #3100, .T. ) ;
#4645 = ORIENTED_EDGE ( 'NONE', *, *, #3382, .F. ) ;
#4646 = CIRCLE ( 'NONE', #5732, 17.50000000000000000 ) ;
#4647 = ORIENTED_EDGE ( 'NONE', *, *, #2198, .T. ) ;
#4648 = DIRECTION ( 'NONE',  ( -4.476705744456282257E-16, 0.000000000000000000, -1.000000000000000000 ) ) ;
#4649 = CARTESIAN_POINT ( 'NONE',  ( -59.99999999999997158, 9.000000000000001776, 39.99999999999999289 ) ) ;
#4650 = AXIS2_PLACEMENT_3D ( 'NONE', #4546, #303, #4225 ) ;
#4651 = CARTESIAN_POINT ( 'NONE',  ( 59.99999999999997158, -2.000000000000000000, 39.99999999999999289 ) ) ;
#4652 = CIRCLE ( 'NONE', #1580, 1.000000000000000888 ) ;
#4653 = CARTESIAN_POINT ( 'NONE',  ( 59.99999999999998579, 9.000000000000001776, -48.99999999999998579 ) ) ;
#4654 = EDGE_CURVE ( 'NONE', #4815, #4617, #3056, .T. ) ;
#4655 = ORIENTED_EDGE ( 'NONE', *, *, #5568, .T. ) ;
#4656 = DIRECTION ( 'NONE',  ( 0.000000000000000000, 1.000000000000000000, 0.000000000000000000 ) ) ;
#4657 = EDGE_LOOP ( 'NONE', ( #3896, #5743, #1568, #6035, #92, #5695 ) ) ;
#4658 = AXIS2_PLACEMENT_3D ( 'NONE', #2403, #5774, #1030 ) ;
#4659 = AXIS2_PLACEMENT_3D ( 'NONE', #3263, #4163, #5521 ) ;
#4660 = EDGE_CURVE ( 'NONE', #3553, #1769, #5622, .T. ) ;
#4661 = LINE ( 'NONE', #414, #5239 ) ;
#4662 = CARTESIAN_POINT ( 'NONE',  ( 28.00000000000001066, 4.000000000000000000, 39.49999999999999289 ) ) ;
#4663 = CYLINDRICAL_SURFACE ( 'NONE', #83, 2.999999999999999112 ) ;
#4664 = AXIS2_PLACEMENT_3D ( 'NONE', #2801, #3208, #5097 ) ;
#4665 = EDGE_LOOP ( 'NONE', ( #5330, #5127, #4936, #3301 ) ) ;
#4666 = ORIENTED_EDGE ( 'NONE', *, *, #2579, .F. ) ;
#4667 = CIRCLE ( 'NONE', #2783, 2.000000000000000888 ) ;
#4668 = AXIS2_PLACEMENT_3D ( 'NONE', #4219, #4250, #75 ) ;
#4669 = DIRECTION ( 'NONE',  ( 1.000000000000000000, 0.000000000000000000, 0.000000000000000000 ) ) ;
#4670 = ORIENTED_EDGE ( 'NONE', *, *, #1598, .T. ) ;
#4671 = EDGE_CURVE ( 'NONE', #3969, #753, #4834, .T. ) ;
#4672 = CARTESIAN_POINT ( 'NONE',  ( -59.50000000000000000, 2.000000000000000000, -24.00000000000000711 ) ) ;
#4673 = AXIS2_PLACEMENT_3D ( 'NONE', #2968, #246, #4988 ) ;
#4674 = VECTOR ( 'NONE', #2222, 1000.000000000000000 ) ;
#4675 = DIRECTION ( 'NONE',  ( 0.000000000000000000, -1.000000000000000000, 0.000000000000000000 ) ) ;
#4676 = AXIS2_PLACEMENT_3D ( 'NONE', #686, #3544, #197 ) ;
#4677 = ORIENTED_EDGE ( 'NONE', *, *, #4609, .F. ) ;
#4678 = DIRECTION ( 'NONE',  ( 2.478176394252582127E-16, -0.000000000000000000, 1.000000000000000000 ) ) ;
#4679 = DIRECTION ( 'NONE',  ( -1.000000000000000000, -0.000000000000000000, -0.000000000000000000 ) ) ;
#4680 = VERTEX_POINT ( 'NONE', #4461 ) ;
#4681 = VERTEX_POINT ( 'NONE', #2101 ) ;
#4682 = PLANE ( 'NONE',  #5048 ) ;
#4683 = CYLINDRICAL_SURFACE ( 'NONE', #3279, 2.999999999999999112 ) ;
#4684 = ADVANCED_FACE ( 'NONE', ( #3565 ), #3537, .T. ) ;
#4685 = DIRECTION ( 'NONE',  ( 2.891205793294675861E-16, 0.000000000000000000, 1.000000000000000000 ) ) ;
#4686 = DIRECTION ( 'NONE',  ( -1.000000000000000000, 0.000000000000000000, 0.000000000000000000 ) ) ;
#4687 = ORIENTED_EDGE ( 'NONE', *, *, #1463, .F. ) ;
#4688 = ORIENTED_EDGE ( 'NONE', *, *, #3670, .F. ) ;
#4689 = DIRECTION ( 'NONE',  ( 0.000000000000000000, -0.000000000000000000, 1.000000000000000000 ) ) ;
#4690 = LINE ( 'NONE', #2711, #4060 ) ;
#4691 = EDGE_CURVE ( 'NONE', #4843, #5988, #874, .T. ) ;
#4692 = DIRECTION ( 'NONE',  ( 0.000000000000000000, -0.000000000000000000, -1.000000000000000000 ) ) ;
#4693 = DIRECTION ( 'NONE',  ( 0.000000000000000000, 0.000000000000000000, 1.000000000000000000 ) ) ;
#4694 = VERTEX_POINT ( 'NONE', #247 ) ;
#4695 = ORIENTED_EDGE ( 'NONE', *, *, #2647, .T. ) ;
#4696 = CARTESIAN_POINT ( 'NONE',  ( 59.99999999999997158, 12.00000000000000000, 44.00000000000000000 ) ) ;
#4697 = ORIENTED_EDGE ( 'NONE', *, *, #1117, .T. ) ;
#4698 = DIRECTION ( 'NONE',  ( -1.000000000000000000, 0.000000000000000000, 1.577021341797097560E-16 ) ) ;
#4699 = CARTESIAN_POINT ( 'NONE',  ( 30.00000000000001421, 14.00000000000000178, 45.50000000000000000 ) ) ;
#4700 = EDGE_CURVE ( 'NONE', #4182, #3225, #1638, .T. ) ;
#4701 = CARTESIAN_POINT ( 'NONE',  ( 56.50000000000000711, 2.000000000000000000, 6.999999999999992006 ) ) ;
#4702 = ORIENTED_EDGE ( 'NONE', *, *, #1250, .F. ) ;
#4703 = FACE_BOUND ( 'NONE', #22, .T. ) ;
#4704 = EDGE_CURVE ( 'NONE', #394, #5307, #4023, .T. ) ;
#4705 = CARTESIAN_POINT ( 'NONE',  ( 10.00000000000001243, 15.75735931288071434, 45.50000000000000000 ) ) ;
#4706 = ORIENTED_EDGE ( 'NONE', *, *, #836, .T. ) ;
#4707 = ORIENTED_EDGE ( 'NONE', *, *, #3928, .F. ) ;
#4708 = EDGE_CURVE ( 'NONE', #3332, #4135, #4205, .T. ) ;
#4709 = CYLINDRICAL_SURFACE ( 'NONE', #1969, 4.000000000000003553 ) ;
#4710 = DIRECTION ( 'NONE',  ( 1.000000000000000000, -0.000000000000000000, -0.000000000000000000 ) ) ;
#4711 = CARTESIAN_POINT ( 'NONE',  ( 7.999999999999998224, 5.000000000000000000, 20.99999999999999645 ) ) ;
#4712 = DIRECTION ( 'NONE',  ( 0.000000000000000000, 1.000000000000000000, 0.000000000000000000 ) ) ;
#4713 = VERTEX_POINT ( 'NONE', #5627 ) ;
#4714 = CARTESIAN_POINT ( 'NONE',  ( -7.000000000000000888, 14.00000000000000178, 2.023844055306273892E-15 ) ) ;
#4715 = ORIENTED_EDGE ( 'NONE', *, *, #499, .F. ) ;
#4716 = LINE ( 'NONE', #3794, #4643 ) ;
#4717 = CARTESIAN_POINT ( 'NONE',  ( -57.50000000000003553, 5.500000000000000000, -23.99999999999997868 ) ) ;
#4718 = ADVANCED_FACE ( 'NONE', ( #5574 ), #5230, .F. ) ;
#4719 = LINE ( 'NONE', #2303, #1948 ) ;
#4720 = DIRECTION ( 'NONE',  ( -0.000000000000000000, -1.000000000000000000, -0.000000000000000000 ) ) ;
#4721 = ORIENTED_EDGE ( 'NONE', *, *, #4509, .T. ) ;
#4722 = VERTEX_POINT ( 'NONE', #2374 ) ;
#4723 = ORIENTED_EDGE ( 'NONE', *, *, #1159, .T. ) ;
#4724 = ORIENTED_EDGE ( 'NONE', *, *, #3416, .F. ) ;
#4725 = EDGE_CURVE ( 'NONE', #2788, #3424, #677, .T. ) ;
#4726 = FACE_OUTER_BOUND ( 'NONE', #4097, .T. ) ;
#4727 = CARTESIAN_POINT ( 'NONE',  ( -30.00000000000000000, 4.500000000000000888, -26.00000000000001066 ) ) ;
#4728 = VERTEX_POINT ( 'NONE', #1349 ) ;
#4729 = EDGE_CURVE ( 'NONE', #3424, #2788, #3253, .T. ) ;
#4730 = CARTESIAN_POINT ( 'NONE',  ( -7.999999999999989342, 12.00000000000000000, 32.50000000000000000 ) ) ;
#4731 = ORIENTED_EDGE ( 'NONE', *, *, #567, .T. ) ;
#4732 = EDGE_CURVE ( 'NONE', #3314, #57, #1470, .T. ) ;
#4733 = CARTESIAN_POINT ( 'NONE',  ( 59.99999999999998579, 7.000000000000000888, -52.99999999999999289 ) ) ;
#4734 = AXIS2_PLACEMENT_3D ( 'NONE', #1425, #897, #5207 ) ;
#4735 = DIRECTION ( 'NONE',  ( -1.000000000000000000, 0.000000000000000000, 0.000000000000000000 ) ) ;
#4736 = VERTEX_POINT ( 'NONE', #1325 ) ;
#4737 = VERTEX_POINT ( 'NONE', #1877 ) ;
#4738 = AXIS2_PLACEMENT_3D ( 'NONE', #188, #620, #2064 ) ;
#4739 = DIRECTION ( 'NONE',  ( 0.000000000000000000, 0.000000000000000000, -1.000000000000000000 ) ) ;
#4740 = ADVANCED_FACE ( 'NONE', ( #3285 ), #4145, .F. ) ;
#4741 = DIRECTION ( 'NONE',  ( 0.000000000000000000, 1.000000000000000000, 0.000000000000000000 ) ) ;
#4742 = LINE ( 'NONE', #3296, #4434 ) ;
#4743 = DIRECTION ( 'NONE',  ( 1.000000000000000000, 0.000000000000000000, -2.478176394252582127E-16 ) ) ;
#4744 = AXIS2_PLACEMENT_3D ( 'NONE', #252, #5791, #2133 ) ;
#4745 = ORIENTED_EDGE ( 'NONE', *, *, #5001, .T. ) ;
#4746 = PLANE ( 'NONE',  #1778 ) ;
#4747 = VERTEX_POINT ( 'NONE', #4180 ) ;
#4748 = PLANE ( 'NONE',  #3462 ) ;
#4749 = AXIS2_PLACEMENT_3D ( 'NONE', #1136, #710, #1607 ) ;
#4750 = AXIS2_PLACEMENT_3D ( 'NONE', #379, #323, #4159 ) ;
#4751 = FACE_OUTER_BOUND ( 'NONE', #543, .T. ) ;
#4752 = PLANE ( 'NONE',  #962 ) ;
#4753 = DIRECTION ( 'NONE',  ( 0.000000000000000000, 1.000000000000000000, 0.000000000000000000 ) ) ;
#4754 = AXIS2_PLACEMENT_3D ( 'NONE', #981, #2437, #5235 ) ;
#4755 = CIRCLE ( 'NONE', #1875, 2.200000000000000622 ) ;
#4756 = VERTEX_POINT ( 'NONE', #4733 ) ;
#4757 = VERTEX_POINT ( 'NONE', #946 ) ;
#4758 = EDGE_LOOP ( 'NONE', ( #1627, #3548, #5588, #5607 ) ) ;
#4759 = EDGE_CURVE ( 'NONE', #4437, #4552, #1862, .T. ) ;
#4760 = FACE_OUTER_BOUND ( 'NONE', #1533, .T. ) ;
#4761 = LINE ( 'NONE', #55, #5541 ) ;
#4762 = VECTOR ( 'NONE', #2269, 1000.000000000000000 ) ;
#4763 = AXIS2_PLACEMENT_3D ( 'NONE', #4505, #5465, #1651 ) ;
#4764 = EDGE_CURVE ( 'NONE', #1914, #973, #771, .T. ) ;
#4765 = EDGE_CURVE ( 'NONE', #411, #4173, #4641, .T. ) ;
#4766 = AXIS2_PLACEMENT_3D ( 'NONE', #4589, #3101, #248 ) ;
#4767 = ADVANCED_FACE ( 'NONE', ( #3718 ), #5137, .F. ) ;
#4768 = AXIS2_PLACEMENT_3D ( 'NONE', #2578, #163, #1237 ) ;
#4769 = CARTESIAN_POINT ( 'NONE',  ( 59.99999999999998579, 2.000000000000000000, -53.99999999999999289 ) ) ;
#4770 = ORIENTED_EDGE ( 'NONE', *, *, #2649, .F. ) ;
#4771 = CIRCLE ( 'NONE', #119, 4.000000000000003553 ) ;
#4772 = AXIS2_PLACEMENT_3D ( 'NONE', #4896, #5386, #5811 ) ;
#4773 = DIRECTION ( 'NONE',  ( -1.000000000000000000, 0.000000000000000000, 0.000000000000000000 ) ) ;
#4774 = ADVANCED_FACE ( 'NONE', ( #5598 ), #921, .T. ) ;
#4775 = CARTESIAN_POINT ( 'NONE',  ( -30.00000000000000000, 3.000000000000000000, -26.00000000000001066 ) ) ;
#4776 = CIRCLE ( 'NONE', #5951, 4.000000000000003553 ) ;
#4777 = VERTEX_POINT ( 'NONE', #5667 ) ;
#4778 = EDGE_LOOP ( 'NONE', ( #3500, #5149, #3362, #884 ) ) ;
#4779 = PLANE ( 'NONE',  #4551 ) ;
#4780 = CARTESIAN_POINT ( 'NONE',  ( -59.99999999999997158, 7.000000000000000888, -49.00000000000000000 ) ) ;
#4781 = DIRECTION ( 'NONE',  ( -1.000000000000000000, 0.000000000000000000, -0.000000000000000000 ) ) ;
#4782 = LINE ( 'NONE', #3843, #4857 ) ;
#4783 = EDGE_CURVE ( 'NONE', #4985, #3513, #2814, .T. ) ;
#4784 = ORIENTED_EDGE ( 'NONE', *, *, #635, .T. ) ;
#4785 = DIRECTION ( 'NONE',  ( 0.000000000000000000, -1.000000000000000000, 0.000000000000000000 ) ) ;
#4786 = VERTEX_POINT ( 'NONE', #1445 ) ;
#4787 = LINE ( 'NONE', #1493, #2667 ) ;
#4788 = DIRECTION ( 'NONE',  ( 0.000000000000000000, 1.000000000000000000, 0.000000000000000000 ) ) ;
#4789 = FACE_OUTER_BOUND ( 'NONE', #2137, .T. ) ;
#4790 = CARTESIAN_POINT ( 'NONE',  ( 56.69999999999998153, 5.500000000000000000, 6.999999999999975131 ) ) ;
#4791 = ORIENTED_EDGE ( 'NONE', *, *, #5673, .T. ) ;
#4792 = EDGE_LOOP ( 'NONE', ( #1447, #2753, #5100, #2024 ) ) ;
#4793 = ORIENTED_EDGE ( 'NONE', *, *, #522, .T. ) ;
#4794 = DIRECTION ( 'NONE',  ( 1.000000000000000000, 0.000000000000000000, 0.000000000000000000 ) ) ;
#4795 = DIRECTION ( 'NONE',  ( 0.000000000000000000, -1.000000000000000000, 0.000000000000000000 ) ) ;
#4796 = ADVANCED_FACE ( 'NONE', ( #1418 ), #1845, .T. ) ;
#4797 = EDGE_LOOP ( 'NONE', ( #110, #2381, #1411, #5582 ) ) ;
#4798 = DIRECTION ( 'NONE',  ( 1.000000000000000000, 0.000000000000000000, -2.168404344971008868E-16 ) ) ;
#4799 = LINE ( 'NONE', #5313, #4968 ) ;
#4800 = COORDINATED_UNIVERSAL_TIME_OFFSET ( 8, 0, .AHEAD. ) ;
#4801 = ORIENTED_EDGE ( 'NONE', *, *, #4987, .F. ) ;
#4802 = VERTEX_POINT ( 'NONE', #3341 ) ;
#4803 = ADVANCED_FACE ( 'NONE', ( #4703, #1911 ), #6118, .F. ) ;
#4804 = LINE ( 'NONE', #1015, #1286 ) ;
#4805 = DIRECTION ( 'NONE',  ( -0.000000000000000000, -1.000000000000000000, -0.000000000000000000 ) ) ;
#4806 = DIRECTION ( 'NONE',  ( 0.000000000000000000, -1.000000000000000000, 0.000000000000000000 ) ) ;
#4807 = LINE ( 'NONE', #4330, #4260 ) ;
#4808 = VERTEX_POINT ( 'NONE', #149 ) ;
#4809 = ORIENTED_EDGE ( 'NONE', *, *, #5373, .F. ) ;
#4810 = DIRECTION ( 'NONE',  ( 0.000000000000000000, -1.000000000000000000, 0.000000000000000000 ) ) ;
#4811 = DIRECTION ( 'NONE',  ( -1.000000000000000000, 0.000000000000000000, 0.000000000000000000 ) ) ;
#4812 = EDGE_CURVE ( 'NONE', #350, #3135, #1061, .T. ) ;
#4813 = PLANE ( 'NONE',  #3249 ) ;
#4814 = CARTESIAN_POINT ( 'NONE',  ( 54.49999999999995026, 7.500000000000000000, 9.199999999999995737 ) ) ;
#4815 = VERTEX_POINT ( 'NONE', #60 ) ;
#4816 = VERTEX_POINT ( 'NONE', #4823 ) ;
#4817 = VERTEX_POINT ( 'NONE', #3954 ) ;
#4818 = CARTESIAN_POINT ( 'NONE',  ( -59.99999999999997158, 0.000000000000000000, -49.00000000000000000 ) ) ;
#4819 = CARTESIAN_POINT ( 'NONE',  ( 8.999999999999998224, 10.00000000000000000, 19.99999999999999645 ) ) ;
#4820 = EDGE_CURVE ( 'NONE', #2537, #3854, #4862, .T. ) ;
#4821 = ORIENTED_EDGE ( 'NONE', *, *, #2429, .T. ) ;
#4822 = DIRECTION ( 'NONE',  ( -0.000000000000000000, 1.000000000000000000, 0.000000000000000000 ) ) ;
#4823 = CARTESIAN_POINT ( 'NONE',  ( -57.50000000000002842, 5.500000000000000000, 6.999999999999979572 ) ) ;
#4824 = ORIENTED_EDGE ( 'NONE', *, *, #4764, .F. ) ;
#4825 = ORIENTED_EDGE ( 'NONE', *, *, #4298, .F. ) ;
#4826 = EDGE_CURVE ( 'NONE', #5590, #244, #4889, .T. ) ;
#4827 = CARTESIAN_POINT ( 'NONE',  ( -56.49999999999999289, 2.000000000000000000, 6.999999999999992006 ) ) ;
#4828 = DIRECTION ( 'NONE',  ( 0.000000000000000000, 0.000000000000000000, 1.000000000000000000 ) ) ;
#4829 = AXIS2_PLACEMENT_3D ( 'NONE', #2923, #2109, #164 ) ;
#4830 = CARTESIAN_POINT ( 'NONE',  ( 0.000000000000000000, 14.00000000000000178, 42.49999999999999289 ) ) ;
#4831 = CARTESIAN_POINT ( 'NONE',  ( -54.49999999999997868, 3.000000000000000000, 8.999999999999994671 ) ) ;
#4832 = EDGE_CURVE ( 'NONE', #1308, #1697, #2875, .T. ) ;
#4833 = ORIENTED_EDGE ( 'NONE', *, *, #4337, .F. ) ;
#4834 = CIRCLE ( 'NONE', #4537, 1.000000000000000888 ) ;
#4835 = ORIENTED_EDGE ( 'NONE', *, *, #4958, .F. ) ;
#4836 = DIRECTION ( 'NONE',  ( 0.000000000000000000, -1.000000000000000000, 0.000000000000000000 ) ) ;
#4837 = DIRECTION ( 'NONE',  ( -0.000000000000000000, 1.000000000000000000, -0.000000000000000000 ) ) ;
#4838 = LINE ( 'NONE', #3421, #766 ) ;
#4839 = AXIS2_PLACEMENT_3D ( 'NONE', #3638, #5491, #5554 ) ;
#4840 = DIRECTION ( 'NONE',  ( -0.000000000000000000, -1.000000000000000000, -0.000000000000000000 ) ) ;
#4841 = EDGE_CURVE ( 'NONE', #5425, #4777, #2908, .T. ) ;
#4842 = VERTEX_POINT ( 'NONE', #2026 ) ;
#4843 = VERTEX_POINT ( 'NONE', #4296 ) ;
#4844 = ORIENTED_EDGE ( 'NONE', *, *, #5965, .T. ) ;
#4845 = AXIS2_PLACEMENT_3D ( 'NONE', #6036, #2200, #2292 ) ;
#4846 = AXIS2_PLACEMENT_3D ( 'NONE', #1310, #773, #351 ) ;
#4847 = CARTESIAN_POINT ( 'NONE',  ( 59.99999999999997158, 11.00000000000000178, 36.99999999999998579 ) ) ;
#4848 = CYLINDRICAL_SURFACE ( 'NONE', #5545, 4.000000000000000000 ) ;
#4849 = DIRECTION ( 'NONE',  ( 0.000000000000000000, 0.000000000000000000, -1.000000000000000000 ) ) ;
#4850 = VECTOR ( 'NONE', #2161, 1000.000000000000000 ) ;
#4851 = AXIS2_PLACEMENT_3D ( 'NONE', #4887, #4798, #2431 ) ;
#4852 = EDGE_LOOP ( 'NONE', ( #3661, #3886, #4871, #3062 ) ) ;
#4853 = EDGE_CURVE ( 'NONE', #4777, #5122, #2185, .T. ) ;
#4854 = DIRECTION ( 'NONE',  ( 1.000000000000000000, 0.000000000000000000, -2.238352872228141129E-16 ) ) ;
#4855 = AXIS2_PLACEMENT_3D ( 'NONE', #5224, #4795, #1997 ) ;
#4856 = CIRCLE ( 'NONE', #3965, 1.000000000000000888 ) ;
#4857 = VECTOR ( 'NONE', #1358, 1000.000000000000000 ) ;
#4858 = CARTESIAN_POINT ( 'NONE',  ( 59.99999999999997158, 0.000000000000000000, 39.99999999999999289 ) ) ;
#4859 = PERSON_AND_ORGANIZATION ( #5087, #310 ) ;
#4860 = AXIS2_PLACEMENT_3D ( 'NONE', #3881, #4788, #2480 ) ;
#4861 = ORIENTED_EDGE ( 'NONE', *, *, #1994, .F. ) ;
#4862 = CIRCLE ( 'NONE', #4175, 4.999999999999997335 ) ;
#4863 = ORIENTED_EDGE ( 'NONE', *, *, #3158, .T. ) ;
#4864 = DIRECTION ( 'NONE',  ( 0.000000000000000000, -1.000000000000000000, 0.000000000000000000 ) ) ;
#4865 = VECTOR ( 'NONE', #2631, 1000.000000000000000 ) ;
#4866 = PLANE ( 'NONE',  #3489 ) ;
#4867 = FACE_OUTER_BOUND ( 'NONE', #4980, .T. ) ;
#4868 = DIRECTION ( 'NONE',  ( 0.000000000000000000, 0.000000000000000000, -1.000000000000000000 ) ) ;
#4869 = CIRCLE ( 'NONE', #715, 3.000000000000002665 ) ;
#4870 = CIRCLE ( 'NONE', #2492, 5.000000000000004441 ) ;
#4871 = ORIENTED_EDGE ( 'NONE', *, *, #680, .T. ) ;
#4872 = VERTEX_POINT ( 'NONE', #1938 ) ;
#4873 = CARTESIAN_POINT ( 'NONE',  ( 59.99999999999997158, 2.000000000000000000, 45.00000000000000000 ) ) ;
#4874 = EDGE_CURVE ( 'NONE', #1353, #1189, #4771, .T. ) ;
#4875 = CARTESIAN_POINT ( 'NONE',  ( -54.50000000000000711, 7.500000000000000000, 10.00000000000000000 ) ) ;
#4876 = CARTESIAN_POINT ( 'NONE',  ( -59.99999999999997158, -2.000000000000000000, 39.99999999999999289 ) ) ;
#4877 = DIRECTION ( 'NONE',  ( 0.000000000000000000, 0.000000000000000000, 1.000000000000000000 ) ) ;
#4878 = EDGE_LOOP ( 'NONE', ( #5884, #4058, #2018, #2179 ) ) ;
#4879 = ORIENTED_EDGE ( 'NONE', *, *, #3158, .F. ) ;
#4880 = ORIENTED_EDGE ( 'NONE', *, *, #1350, .T. ) ;
#4881 = DIRECTION ( 'NONE',  ( 0.000000000000000000, -1.000000000000000000, -0.000000000000000000 ) ) ;
#4882 = EDGE_CURVE ( 'NONE', #4694, #2013, #1985, .T. ) ;
#4883 = CARTESIAN_POINT ( 'NONE',  ( -54.50000000000003553, 5.500000000000000000, 7.000000000000000000 ) ) ;
#4884 = LINE ( 'NONE', #5125, #2943 ) ;
#4885 = EDGE_LOOP ( 'NONE', ( #5630, #4770, #1502, #3582 ) ) ;
#4886 = LINE ( 'NONE', #638, #2396 ) ;
#4887 = CARTESIAN_POINT ( 'NONE',  ( 8.999999999999996447, -2.000000000000000000, 12.99999999999999822 ) ) ;
#4888 = ADVANCED_FACE ( 'NONE', ( #548 ), #3921, .F. ) ;
#4889 = LINE ( 'NONE', #5263, #3282 ) ;
#4890 = PERSON_AND_ORGANIZATION ( #5087, #310 ) ;
#4891 = ORIENTED_EDGE ( 'NONE', *, *, #788, .F. ) ;
#4892 = EDGE_CURVE ( 'NONE', #53, #3580, #4390, .T. ) ;
#4893 = CARTESIAN_POINT ( 'NONE',  ( 30.00000000000001421, 14.00000000000000178, 27.50000000000000000 ) ) ;
#4894 = EDGE_LOOP ( 'NONE', ( #3844, #1771, #4197, #3215 ) ) ;
#4895 = CARTESIAN_POINT ( 'NONE',  ( -54.49999999999997868, 3.000000000000000000, 8.999999999999994671 ) ) ;
#4896 = CARTESIAN_POINT ( 'NONE',  ( 59.99999999999997158, 12.00000000000000000, 39.99999999999999289 ) ) ;
#4897 = EDGE_CURVE ( 'NONE', #6054, #4307, #5779, .T. ) ;
#4898 = CARTESIAN_POINT ( 'NONE',  ( 30.00000000000001421, 7.500000000000000000, 43.00000000000000000 ) ) ;
#4899 = FACE_OUTER_BOUND ( 'NONE', #1678, .T. ) ;
#4900 = ORIENTED_EDGE ( 'NONE', *, *, #3616, .F. ) ;
#4901 = ORIENTED_EDGE ( 'NONE', *, *, #1323, .T. ) ;
#4902 = PLANE ( 'NONE',  #4845 ) ;
#4903 = CYLINDRICAL_SURFACE ( 'NONE', #4262, 6.999999999999999112 ) ;
#4904 = DIRECTION ( 'NONE',  ( -0.000000000000000000, -1.000000000000000000, -0.000000000000000000 ) ) ;
#4905 = CARTESIAN_POINT ( 'NONE',  ( -6.999999999999999112, 5.000000000000000000, 22.00000000000000000 ) ) ;
#4906 = ORIENTED_EDGE ( 'NONE', *, *, #1624, .T. ) ;
#4907 = VERTEX_POINT ( 'NONE', #1010 ) ;
#4908 = ORIENTED_EDGE ( 'NONE', *, *, #5865, .T. ) ;
#4909 = CARTESIAN_POINT ( 'NONE',  ( -59.99999999999984368, 2.000000000000000000, 57.49999999999999289 ) ) ;
#4910 = EDGE_CURVE ( 'NONE', #1481, #3918, #4799, .T. ) ;
#4911 = CARTESIAN_POINT ( 'NONE',  ( 28.00000000000001066, 13.75735931288071434, 29.50000000000000000 ) ) ;
#4912 = CARTESIAN_POINT ( 'NONE',  ( -54.50000000000000000, 5.500000000000000000, -26.00000000000001066 ) ) ;
#4913 = EDGE_CURVE ( 'NONE', #1316, #25, #88, .T. ) ;
#4914 = ORIENTED_EDGE ( 'NONE', *, *, #1359, .T. ) ;
#4915 = DIRECTION ( 'NONE',  ( 0.000000000000000000, 1.000000000000000000, 0.000000000000000000 ) ) ;
#4916 = DIRECTION ( 'NONE',  ( -0.000000000000000000, -1.000000000000000000, -0.000000000000000000 ) ) ;
#4917 = DIRECTION ( 'NONE',  ( -0.000000000000000000, -1.000000000000000000, -0.000000000000000000 ) ) ;
#4918 = EDGE_CURVE ( 'NONE', #4142, #646, #2288, .T. ) ;
#4919 = ORIENTED_EDGE ( 'NONE', *, *, #2718, .F. ) ;
#4920 = EDGE_CURVE ( 'NONE', #1807, #5017, #5450, .T. ) ;
#4921 = DIRECTION ( 'NONE',  ( -0.000000000000000000, -1.000000000000000000, -0.000000000000000000 ) ) ;
#4922 = ORIENTED_EDGE ( 'NONE', *, *, #76, .F. ) ;
#4923 = CARTESIAN_POINT ( 'NONE',  ( -59.99999999999997158, 0.000000000000000000, 39.99999999999999289 ) ) ;
#4924 = CARTESIAN_POINT ( 'NONE',  ( 28.00000000000001066, 4.000000000000000000, 39.49999999999999289 ) ) ;
#4925 = FACE_OUTER_BOUND ( 'NONE', #1733, .T. ) ;
#4926 = AXIS2_PLACEMENT_3D ( 'NONE', #1405, #3304, #74 ) ;
#4927 = PLANE ( 'NONE',  #5058 ) ;
#4928 = EDGE_LOOP ( 'NONE', ( #59, #859 ) ) ;
#4929 = EDGE_CURVE ( 'NONE', #5692, #4552, #3866, .T. ) ;
#4930 = ORIENTED_EDGE ( 'NONE', *, *, #453, .F. ) ;
#4931 = AXIS2_PLACEMENT_3D ( 'NONE', #5700, #2820, #5580 ) ;
#4932 = DIRECTION ( 'NONE',  ( 4.336808689942016750E-16, 0.000000000000000000, -1.000000000000000000 ) ) ;
#4933 = CARTESIAN_POINT ( 'NONE',  ( 54.49999999999997868, 7.500000000000000000, 9.199999999999995737 ) ) ;
#4934 = CYLINDRICAL_SURFACE ( 'NONE', #2555, 1.000000000000000888 ) ;
#4935 = LINE ( 'NONE', #5367, #1207 ) ;
#4936 = ORIENTED_EDGE ( 'NONE', *, *, #3755, .T. ) ;
#4937 = FACE_OUTER_BOUND ( 'NONE', #4099, .T. ) ;
#4938 = ORIENTED_EDGE ( 'NONE', *, *, #5223, .F. ) ;
#4939 = LINE ( 'NONE', #726, #1087 ) ;
#4940 = CIRCLE ( 'NONE', #5726, 2.999999999999998224 ) ;
#4941 = FACE_BOUND ( 'NONE', #4477, .T. ) ;
#4942 = LINE ( 'NONE', #2495, #180 ) ;
#4943 = VECTOR ( 'NONE', #373, 1000.000000000000000 ) ;
#4944 = VECTOR ( 'NONE', #3742, 1000.000000000000000 ) ;
#4945 = ORIENTED_EDGE ( 'NONE', *, *, #2557, .T. ) ;
#4946 = CARTESIAN_POINT ( 'NONE',  ( 10.00000000000001243, 2.000000000000000000, 45.50000000000000000 ) ) ;
#4947 = DIRECTION ( 'NONE',  ( 0.000000000000000000, -0.000000000000000000, 1.000000000000000000 ) ) ;
#4948 = VECTOR ( 'NONE', #4236, 1000.000000000000000 ) ;
#4949 = EDGE_CURVE ( 'NONE', #3838, #1844, #1395, .T. ) ;
#4950 = VECTOR ( 'NONE', #2417, 1000.000000000000000 ) ;
#4951 = DIRECTION ( 'NONE',  ( 0.000000000000000000, 1.000000000000000000, 0.000000000000000000 ) ) ;
#4952 = AXIS2_PLACEMENT_3D ( 'NONE', #4883, #1960, #3859 ) ;
#4953 = VERTEX_POINT ( 'NONE', #4356 ) ;
#4954 = VECTOR ( 'NONE', #1963, 1000.000000000000000 ) ;
#4955 = DIRECTION ( 'NONE',  ( 1.000000000000000000, -0.000000000000000000, -0.000000000000000000 ) ) ;
#4956 = ORIENTED_EDGE ( 'NONE', *, *, #5594, .T. ) ;
#4957 = DIRECTION ( 'NONE',  ( 0.000000000000000000, -0.000000000000000000, -1.000000000000000000 ) ) ;
#4958 = EDGE_CURVE ( 'NONE', #2297, #4625, #803, .T. ) ;
#4959 = DIRECTION ( 'NONE',  ( 0.000000000000000000, -1.000000000000000000, 0.000000000000000000 ) ) ;
#4960 = VECTOR ( 'NONE', #5950, 1000.000000000000000 ) ;
#4961 = DIRECTION ( 'NONE',  ( 0.000000000000000000, 1.000000000000000000, 0.000000000000000000 ) ) ;
#4962 = PLANE ( 'NONE',  #2496 ) ;
#4963 = ORIENTED_EDGE ( 'NONE', *, *, #3678, .F. ) ;
#4964 = EDGE_LOOP ( 'NONE', ( #3360, #238, #5292, #5640 ) ) ;
#4965 = VECTOR ( 'NONE', #5295, 1000.000000000000000 ) ;
#4966 = CARTESIAN_POINT ( 'NONE',  ( -54.49999999999999289, 5.500000000000000000, 6.999999999999993783 ) ) ;
#4967 = DIRECTION ( 'NONE',  ( 0.000000000000000000, 0.000000000000000000, 1.000000000000000000 ) ) ;
#4968 = VECTOR ( 'NONE', #4415, 1000.000000000000000 ) ;
#4969 = FACE_OUTER_BOUND ( 'NONE', #1021, .T. ) ;
#4970 = EDGE_CURVE ( 'NONE', #1161, #957, #2688, .T. ) ;
#4971 = DIRECTION ( 'NONE',  ( -0.000000000000000000, -1.000000000000000000, -0.000000000000000000 ) ) ;
#4972 = AXIS2_PLACEMENT_3D ( 'NONE', #850, #4576, #6019 ) ;
#4973 = VERTEX_POINT ( 'NONE', #5500 ) ;
#4974 = AXIS2_PLACEMENT_3D ( 'NONE', #5328, #1084, #6041 ) ;
#4975 = ORIENTED_EDGE ( 'NONE', *, *, #5932, .T. ) ;
#4976 = EDGE_LOOP ( 'NONE', ( #2037, #4824, #629, #4503 ) ) ;
#4977 = LINE ( 'NONE', #260, #210 ) ;
#4978 = CARTESIAN_POINT ( 'NONE',  ( 26.75735931288073033, 15.00000000000000000, 30.74264068711928743 ) ) ;
#4979 = CARTESIAN_POINT ( 'NONE',  ( 8.000000000000000000, 7.000000000000000000, 24.00000000000000000 ) ) ;
#4980 = EDGE_LOOP ( 'NONE', ( #3324, #2805, #5670, #3, #3994, #4655 ) ) ;
#4981 = DIRECTION ( 'NONE',  ( 0.000000000000000000, -0.000000000000000000, 1.000000000000000000 ) ) ;
#4982 = DIRECTION ( 'NONE',  ( -0.000000000000000000, -1.000000000000000000, -0.000000000000000000 ) ) ;
#4983 = DIRECTION ( 'NONE',  ( -0.000000000000000000, -1.000000000000000000, -0.000000000000000000 ) ) ;
#4984 = FACE_OUTER_BOUND ( 'NONE', #1924, .T. ) ;
#4985 = VERTEX_POINT ( 'NONE', #5009 ) ;
#4986 = LINE ( 'NONE', #4084, #2571 ) ;
#4987 = EDGE_CURVE ( 'NONE', #2020, #1371, #3778, .T. ) ;
#4988 = DIRECTION ( 'NONE',  ( 0.000000000000000000, 0.000000000000000000, 1.000000000000000000 ) ) ;
#4989 = CARTESIAN_POINT ( 'NONE',  ( -59.99999999999997158, -2.000000000000000000, 39.99999999999999289 ) ) ;
#4990 = CARTESIAN_POINT ( 'NONE',  ( -59.99999999999997158, 0.000000000000000000, -49.00000000000000000 ) ) ;
#4991 = EDGE_CURVE ( 'NONE', #3210, #5032, #3688, .T. ) ;
#4992 = ORIENTED_EDGE ( 'NONE', *, *, #2429, .F. ) ;
#4993 = ORIENTED_EDGE ( 'NONE', *, *, #4525, .F. ) ;
#4994 = PLANE ( 'NONE',  #4744 ) ;
#4995 = LINE ( 'NONE', #3516, #4359 ) ;
#4996 = CARTESIAN_POINT ( 'NONE',  ( 59.99999999999997158, 7.000000000000000888, 39.99999999999999289 ) ) ;
#4997 = LINE ( 'NONE', #4156, #1600 ) ;
#4998 = ORIENTED_EDGE ( 'NONE', *, *, #593, .F. ) ;
#4999 = VERTEX_POINT ( 'NONE', #2123 ) ;
#5000 = ORIENTED_EDGE ( 'NONE', *, *, #827, .T. ) ;
#5001 = EDGE_CURVE ( 'NONE', #5653, #4234, #2558, .T. ) ;
#5002 = DIRECTION ( 'NONE',  ( 0.000000000000000000, 0.000000000000000000, 1.000000000000000000 ) ) ;
#5003 = PLANE ( 'NONE',  #3963 ) ;
#5004 = CARTESIAN_POINT ( 'NONE',  ( -59.99999999999997158, 9.000000000000001776, -49.00000000000000000 ) ) ;
#5005 = EDGE_LOOP ( 'NONE', ( #5711, #449, #2138, #3116, #2789, #2080, #1322, #2594, #4616, #356, #5609, #5108 ) ) ;
#5006 = FACE_OUTER_BOUND ( 'NONE', #3941, .T. ) ;
#5007 = ADVANCED_FACE ( 'NONE', ( #5037 ), #212, .F. ) ;
#5008 = DIRECTION ( 'NONE',  ( -0.000000000000000000, 1.000000000000000000, 0.000000000000000000 ) ) ;
#5009 = CARTESIAN_POINT ( 'NONE',  ( 6.000000000000023093, 12.00000000000000000, 55.49999999999999289 ) ) ;
#5010 = PLANE ( 'NONE',  #2067 ) ;
#5011 = ORIENTED_EDGE ( 'NONE', *, *, #519, .F. ) ;
#5012 = CARTESIAN_POINT ( 'NONE',  ( 54.49999999999997868, 7.500000000000000000, -26.20000000000000284 ) ) ;
#5013 = CARTESIAN_POINT ( 'NONE',  ( 8.000000000000000000, 7.000000000000000000, 24.00000000000000000 ) ) ;
#5014 = CARTESIAN_POINT ( 'NONE',  ( 30.00000000000001421, 12.00000000000000000, 33.50000000000000000 ) ) ;
#5015 = DIRECTION ( 'NONE',  ( 0.000000000000000000, -0.000000000000000000, -1.000000000000000000 ) ) ;
#5016 = ADVANCED_FACE ( 'NONE', ( #2186 ), #757, .T. ) ;
#5017 = VERTEX_POINT ( 'NONE', #5902 ) ;
#5018 = ORIENTED_EDGE ( 'NONE', *, *, #4660, .F. ) ;
#5019 = CARTESIAN_POINT ( 'NONE',  ( 7.999999999999998224, 0.000000000000000000, 20.99999999999999645 ) ) ;
#5020 = DIRECTION ( 'NONE',  ( 0.000000000000000000, 1.000000000000000000, 0.000000000000000000 ) ) ;
#5021 = ADVANCED_FACE ( 'NONE', ( #1692 ), #2653, .T. ) ;
#5022 = LINE ( 'NONE', #3130, #3146 ) ;
#5023 = CYLINDRICAL_SURFACE ( 'NONE', #2895, 2.000000000000000000 ) ;
#5024 = EDGE_CURVE ( 'NONE', #1170, #5704, #5876, .T. ) ;
#5025 = ORIENTED_EDGE ( 'NONE', *, *, #2684, .T. ) ;
#5026 = CARTESIAN_POINT ( 'NONE',  ( -54.49999999999999289, 2.000000000000000000, 8.999999999999991118 ) ) ;
#5027 = ORIENTED_EDGE ( 'NONE', *, *, #5156, .F. ) ;
#5028 = DIRECTION ( 'NONE',  ( 0.000000000000000000, 0.000000000000000000, -1.000000000000000000 ) ) ;
#5029 = CARTESIAN_POINT ( 'NONE',  ( -54.49999999999997868, 3.000000000000000000, 10.99999999999999467 ) ) ;
#5030 = CYLINDRICAL_SURFACE ( 'NONE', #2849, 2.200000000000000622 ) ;
#5031 = CIRCLE ( 'NONE', #187, 1.000000000000000888 ) ;
#5032 = VERTEX_POINT ( 'NONE', #3530 ) ;
#5033 = DIRECTION ( 'NONE',  ( 0.000000000000000000, -0.000000000000000000, 1.000000000000000000 ) ) ;
#5034 = AXIS2_PLACEMENT_3D ( 'NONE', #4651, #5181, #6067 ) ;
#5035 = DIRECTION ( 'NONE',  ( 0.000000000000000000, -0.000000000000000000, 1.000000000000000000 ) ) ;
#5036 = AXIS2_PLACEMENT_3D ( 'NONE', #2047, #4478, #235 ) ;
#5037 = FACE_OUTER_BOUND ( 'NONE', #1754, .T. ) ;
#5038 = EDGE_CURVE ( 'NONE', #876, #460, #5557, .T. ) ;
#5039 = SHAPE_DEFINITION_REPRESENTATION ( #819, #2354 ) ;
#5040 = PLANE ( 'NONE',  #2462 ) ;
#5041 = ORIENTED_EDGE ( 'NONE', *, *, #4087, .T. ) ;
#5042 = VECTOR ( 'NONE', #101, 1000.000000000000000 ) ;
#5043 = VECTOR ( 'NONE', #4019, 1000.000000000000000 ) ;
#5044 = CARTESIAN_POINT ( 'NONE',  ( 59.99999999999998579, 11.00000000000000178, -48.99999999999998579 ) ) ;
#5045 = DIRECTION ( 'NONE',  ( -0.000000000000000000, 1.000000000000000000, -0.000000000000000000 ) ) ;
#5046 = CARTESIAN_POINT ( 'NONE',  ( -9.000000000000000000, -2.000000000000000000, 12.99999999999999822 ) ) ;
#5047 = LINE ( 'NONE', #4550, #3967 ) ;
#5048 = AXIS2_PLACEMENT_3D ( 'NONE', #5511, #1303, #5976 ) ;
#5049 = VECTOR ( 'NONE', #5778, 1000.000000000000000 ) ;
#5050 = ORIENTED_EDGE ( 'NONE', *, *, #4621, .F. ) ;
#5051 = ORIENTED_EDGE ( 'NONE', *, *, #1344, .T. ) ;
#5052 = LINE ( 'NONE', #3699, #2163 ) ;
#5053 = VECTOR ( 'NONE', #1054, 1000.000000000000000 ) ;
#5054 = VECTOR ( 'NONE', #5222, 1000.000000000000000 ) ;
#5055 = CARTESIAN_POINT ( 'NONE',  ( 57.49999999999996447, 7.500000000000000000, -23.99999999999998224 ) ) ;
#5056 = EDGE_CURVE ( 'NONE', #955, #3126, #2599, .T. ) ;
#5057 = DIRECTION ( 'NONE',  ( 0.000000000000000000, 0.000000000000000000, 1.000000000000000000 ) ) ;
#5058 = AXIS2_PLACEMENT_3D ( 'NONE', #2103, #5416, #2917 ) ;
#5059 = DIRECTION ( 'NONE',  ( 0.000000000000000000, 0.000000000000000000, -1.000000000000000000 ) ) ;
#5060 = CIRCLE ( 'NONE', #2383, 1.000000000000000888 ) ;
#5061 = ORIENTED_EDGE ( 'NONE', *, *, #4920, .T. ) ;
#5062 = DIRECTION ( 'NONE',  ( 0.000000000000000000, 0.000000000000000000, 1.000000000000000000 ) ) ;
#5063 = VERTEX_POINT ( 'NONE', #4485 ) ;
#5064 = CARTESIAN_POINT ( 'NONE',  ( -77.50000000000000000, 0.000000000000000000, -57.50000000000000711 ) ) ;
#5065 = AXIS2_PLACEMENT_3D ( 'NONE', #4417, #671, #643 ) ;
#5066 = AXIS2_PLACEMENT_3D ( 'NONE', #1537, #2432, #3834 ) ;
#5067 = LINE ( 'NONE', #818, #696 ) ;
#5068 = AXIS2_PLACEMENT_3D ( 'NONE', #5055, #1851, #4185 ) ;
#5069 = CARTESIAN_POINT ( 'NONE',  ( -59.99999999999997158, 7.000000000000000888, -49.00000000000000000 ) ) ;
#5070 = VERTEX_POINT ( 'NONE', #4512 ) ;
#5071 = VECTOR ( 'NONE', #3164, 1000.000000000000000 ) ;
#5072 = ORIENTED_EDGE ( 'NONE', *, *, #234, .F. ) ;
#5073 = AXIS2_PLACEMENT_3D ( 'NONE', #1687, #3527, #3502 ) ;
#5074 = DIRECTION ( 'NONE',  ( -0.000000000000000000, -1.000000000000000000, -0.000000000000000000 ) ) ;
#5075 = ORIENTED_EDGE ( 'NONE', *, *, #1611, .T. ) ;
#5076 = ADVANCED_FACE ( 'NONE', ( #242 ), #5966, .F. ) ;
#5077 = FACE_OUTER_BOUND ( 'NONE', #2081, .T. ) ;
#5078 = LINE ( 'NONE', #1462, #512 ) ;
#5079 = DIRECTION ( 'NONE',  ( 0.000000000000000000, 1.000000000000000000, 0.000000000000000000 ) ) ;
#5080 = ORIENTED_EDGE ( 'NONE', *, *, #1270, .T. ) ;
#5081 = EDGE_CURVE ( 'NONE', #5879, #321, #2149, .T. ) ;
#5082 = DIRECTION ( 'NONE',  ( -0.000000000000000000, -1.000000000000000000, -0.000000000000000000 ) ) ;
#5083 = DIRECTION ( 'NONE',  ( 0.000000000000000000, -1.000000000000000000, 0.000000000000000000 ) ) ;
#5084 = DIRECTION ( 'NONE',  ( 0.000000000000000000, 0.000000000000000000, 1.000000000000000000 ) ) ;
#5085 = ORIENTED_EDGE ( 'NONE', *, *, #4892, .F. ) ;
#5086 = EDGE_LOOP ( 'NONE', ( #5790, #5233 ) ) ;
#5087 = PERSON ( '未', '未', '未', ('未'), ('未'), ('未') ) ;
#5088 = CARTESIAN_POINT ( 'NONE',  ( -59.99999999999997158, 11.00000000000000178, -52.00000000000000711 ) ) ;
#5089 = EDGE_CURVE ( 'NONE', #3854, #5184, #3596, .T. ) ;
#5090 = LINE ( 'NONE', #6003, #704 ) ;
#5091 = FACE_OUTER_BOUND ( 'NONE', #3468, .T. ) ;
#5092 = CARTESIAN_POINT ( 'NONE',  ( -6.757359312880706348, 14.99999999999999822, 30.74264068711928743 ) ) ;
#5093 = VERTEX_POINT ( 'NONE', #334 ) ;
#5094 = FACE_OUTER_BOUND ( 'NONE', #2005, .T. ) ;
#5095 = ORIENTED_EDGE ( 'NONE', *, *, #3523, .F. ) ;
#5096 = DIRECTION ( 'NONE',  ( 0.000000000000000000, -1.000000000000000000, 0.000000000000000000 ) ) ;
#5097 = DIRECTION ( 'NONE',  ( 0.000000000000000000, 0.000000000000000000, -1.000000000000000000 ) ) ;
#5098 = LINE ( 'NONE', #2621, #1752 ) ;
#5099 = ORIENTED_EDGE ( 'NONE', *, *, #3717, .F. ) ;
#5100 = ORIENTED_EDGE ( 'NONE', *, *, #5594, .F. ) ;
#5101 = DIRECTION ( 'NONE',  ( 0.000000000000000000, 0.000000000000000000, -1.000000000000000000 ) ) ;
#5102 = ORIENTED_EDGE ( 'NONE', *, *, #943, .T. ) ;
#5103 = EDGE_CURVE ( 'NONE', #3444, #526, #5993, .T. ) ;
#5104 = CARTESIAN_POINT ( 'NONE',  ( 10.00000000000000178, 2.000000000000000000, 23.00000000000000000 ) ) ;
#5105 = EDGE_CURVE ( 'NONE', #5228, #5802, #1132, .T. ) ;
#5106 = ORIENTED_EDGE ( 'NONE', *, *, #3298, .F. ) ;
#5107 = DIRECTION ( 'NONE',  ( 0.000000000000000000, 0.000000000000000000, -1.000000000000000000 ) ) ;
#5108 = ORIENTED_EDGE ( 'NONE', *, *, #284, .T. ) ;
#5109 = DIRECTION ( 'NONE',  ( 0.000000000000000000, 0.000000000000000000, 1.000000000000000000 ) ) ;
#5110 = EDGE_CURVE ( 'NONE', #5093, #4953, #23, .T. ) ;
#5111 = DIRECTION ( 'NONE',  ( 0.000000000000000000, 0.000000000000000000, -1.000000000000000000 ) ) ;
#5112 = EDGE_CURVE ( 'NONE', #4999, #4681, #5217, .T. ) ;
#5113 = ORIENTED_EDGE ( 'NONE', *, *, #3247, .T. ) ;
#5114 = ORIENTED_EDGE ( 'NONE', *, *, #5038, .F. ) ;
#5115 = LINE ( 'NONE', #767, #1579 ) ;
#5116 = DIRECTION ( 'NONE',  ( -1.000000000000000000, 0.000000000000000000, 0.000000000000000000 ) ) ;
#5117 = FACE_BOUND ( 'NONE', #2452, .T. ) ;
#5118 = DIRECTION ( 'NONE',  ( -0.000000000000000000, -1.000000000000000000, -0.000000000000000000 ) ) ;
#5119 = EDGE_CURVE ( 'NONE', #5063, #2949, #2898, .T. ) ;
#5120 = ORIENTED_EDGE ( 'NONE', *, *, #3745, .F. ) ;
#5121 = FACE_OUTER_BOUND ( 'NONE', #4191, .T. ) ;
#5122 = VERTEX_POINT ( 'NONE', #4790 ) ;
#5123 = DIRECTION ( 'NONE',  ( 0.000000000000000000, 1.000000000000000000, 0.000000000000000000 ) ) ;
#5124 = CARTESIAN_POINT ( 'NONE',  ( 59.99999999999997158, 2.000000000000000000, 39.99999999999999289 ) ) ;
#5125 = CARTESIAN_POINT ( 'NONE',  ( 30.00000000000001421, 12.00000000000000000, 39.49999999999999289 ) ) ;
#5126 = AXIS2_PLACEMENT_3D ( 'NONE', #663, #2049, #3551 ) ;
#5127 = ORIENTED_EDGE ( 'NONE', *, *, #5183, .T. ) ;
#5128 = VERTEX_POINT ( 'NONE', #5684 ) ;
#5129 = CYLINDRICAL_SURFACE ( 'NONE', #3591, 3.000000000000009770 ) ;
#5130 = ORIENTED_EDGE ( 'NONE', *, *, #3203, .T. ) ;
#5131 = DIRECTION ( 'NONE',  ( -2.478176394252582127E-16, 0.000000000000000000, -1.000000000000000000 ) ) ;
#5132 = AXIS2_PLACEMENT_3D ( 'NONE', #840, #1267, #5457 ) ;
#5133 = AXIS2_PLACEMENT_3D ( 'NONE', #762, #1730, #3153 ) ;
#5134 = EDGE_LOOP ( 'NONE', ( #1813, #5011, #3240, #3110 ) ) ;
#5135 = CARTESIAN_POINT ( 'NONE',  ( 7.000000000000011546, 17.00000000000000000, 42.49999999999999289 ) ) ;
#5136 = VERTEX_POINT ( 'NONE', #1901 ) ;
#5137 = CYLINDRICAL_SURFACE ( 'NONE', #1269, 2.200000000000001510 ) ;
#5138 = DIRECTION ( 'NONE',  ( 2.846725704167071744E-16, 0.000000000000000000, 1.000000000000000000 ) ) ;
#5139 = AXIS2_PLACEMENT_3D ( 'NONE', #4468, #654, #5362 ) ;
#5140 = ORIENTED_EDGE ( 'NONE', *, *, #3825, .T. ) ;
#5141 = EDGE_LOOP ( 'NONE', ( #3561, #1992 ) ) ;
#5142 = EDGE_CURVE ( 'NONE', #973, #1914, #707, .T. ) ;
#5143 = DIRECTION ( 'NONE',  ( 0.000000000000000000, 0.000000000000000000, -1.000000000000000000 ) ) ;
#5144 = PLANE ( 'NONE',  #4460 ) ;
#5145 = APPROVAL ( #5501, '未' ) ;
#5146 = CARTESIAN_POINT ( 'NONE',  ( -56.49999999999999289, 3.000000000000000000, 6.999999999999980460 ) ) ;
#5147 = AXIS2_PLACEMENT_3D ( 'NONE', #4174, #4200, #3311 ) ;
#5148 = FACE_OUTER_BOUND ( 'NONE', #2918, .T. ) ;
#5149 = ORIENTED_EDGE ( 'NONE', *, *, #1767, .T. ) ;
#5150 = DIRECTION ( 'NONE',  ( 1.000000000000000000, 0.000000000000000000, 0.000000000000000000 ) ) ;
#5151 = ORIENTED_EDGE ( 'NONE', *, *, #2340, .T. ) ;
#5152 = VECTOR ( 'NONE', #5504, 1000.000000000000000 ) ;
#5153 = CIRCLE ( 'NONE', #4763, 6.999999999999999112 ) ;
#5154 = LINE ( 'NONE', #870, #4353 ) ;
#5155 = CARTESIAN_POINT ( 'NONE',  ( 30.00000000000001421, 8.500000000000000000, 30.00000000000000000 ) ) ;
#5156 = EDGE_CURVE ( 'NONE', #4722, #3519, #5847, .T. ) ;
#5157 = VECTOR ( 'NONE', #3696, 1000.000000000000000 ) ;
#5158 = CARTESIAN_POINT ( 'NONE',  ( -58.50000000000000000, 3.000000000000000000, 6.999999999999964473 ) ) ;
#5159 = VECTOR ( 'NONE', #3795, 1000.000000000000000 ) ;
#5160 = ORIENTED_EDGE ( 'NONE', *, *, #5745, .T. ) ;
#5161 = ORIENTED_EDGE ( 'NONE', *, *, #632, .F. ) ;
#5162 = APPROVAL_PERSON_ORGANIZATION ( #3408, #5407, #2909 ) ;
#5163 = VECTOR ( 'NONE', #4678, 1000.000000000000000 ) ;
#5164 = FACE_OUTER_BOUND ( 'NONE', #440, .T. ) ;
#5165 = ORIENTED_EDGE ( 'NONE', *, *, #254, .T. ) ;
#5166 = CARTESIAN_POINT ( 'NONE',  ( 10.00000000000000888, 2.000000000000000000, 45.50000000000000000 ) ) ;
#5167 = VECTOR ( 'NONE', #5881, 1000.000000000000000 ) ;
#5168 = DIRECTION ( 'NONE',  ( -0.000000000000000000, -1.000000000000000000, -0.000000000000000000 ) ) ;
#5169 = VECTOR ( 'NONE', #5565, 1000.000000000000000 ) ;
#5170 = ORIENTED_EDGE ( 'NONE', *, *, #3920, .T. ) ;
#5171 = CARTESIAN_POINT ( 'NONE',  ( 30.00000000000001421, 2.000000000000000000, 45.50000000000000000 ) ) ;
#5172 = VECTOR ( 'NONE', #555, 1000.000000000000000 ) ;
#5173 = EDGE_LOOP ( 'NONE', ( #3206, #447, #5955, #566 ) ) ;
#5174 = DIRECTION ( 'NONE',  ( -0.000000000000000000, -1.000000000000000000, -0.000000000000000000 ) ) ;
#5175 = DIRECTION ( 'NONE',  ( 1.000000000000000000, 0.000000000000000000, 0.000000000000000000 ) ) ;
#5176 = EDGE_LOOP ( 'NONE', ( #3178, #3846, #2735, #1739 ) ) ;
#5177 = ORIENTED_EDGE ( 'NONE', *, *, #4949, .T. ) ;
#5178 = EDGE_CURVE ( 'NONE', #3102, #3418, #1406, .T. ) ;
#5179 = DIRECTION ( 'NONE',  ( 1.000000000000000000, 0.000000000000000000, 0.000000000000000000 ) ) ;
#5180 = CARTESIAN_POINT ( 'NONE',  ( 28.00000000000001066, 8.500000000000000000, 30.00000000000000000 ) ) ;
#5181 = DIRECTION ( 'NONE',  ( -0.000000000000000000, 1.000000000000000000, -0.000000000000000000 ) ) ;
#5182 = DIRECTION ( 'NONE',  ( 0.000000000000000000, 0.000000000000000000, -1.000000000000000000 ) ) ;
#5183 = EDGE_CURVE ( 'NONE', #2430, #3918, #5078, .T. ) ;
#5184 = VERTEX_POINT ( 'NONE', #2330 ) ;
#5185 = DIRECTION ( 'NONE',  ( 0.000000000000000000, -1.000000000000000000, 0.000000000000000000 ) ) ;
#5186 = ORIENTED_EDGE ( 'NONE', *, *, #3097, .T. ) ;
#5187 = DIRECTION ( 'NONE',  ( 0.000000000000000000, -0.000000000000000000, 1.000000000000000000 ) ) ;
#5188 = DIRECTION ( 'NONE',  ( -0.000000000000000000, -1.000000000000000000, -0.000000000000000000 ) ) ;
#5189 = FACE_BOUND ( 'NONE', #2082, .T. ) ;
#5190 = DIRECTION ( 'NONE',  ( 0.000000000000000000, 1.000000000000000000, 0.000000000000000000 ) ) ;
#5191 = ORIENTED_EDGE ( 'NONE', *, *, #3185, .T. ) ;
#5192 = ORIENTED_EDGE ( 'NONE', *, *, #728, .T. ) ;
#5193 = EDGE_CURVE ( 'NONE', #2204, #2362, #3359, .T. ) ;
#5194 = EDGE_LOOP ( 'NONE', ( #1512, #725, #1240, #1782, #225, #2839 ) ) ;
#5195 = ORIENTED_EDGE ( 'NONE', *, *, #1344, .F. ) ;
#5196 = CARTESIAN_POINT ( 'NONE',  ( 8.000000000000024869, 0.000000000000000000, 55.49999999999999289 ) ) ;
#5197 = LINE ( 'NONE', #2337, #3766 ) ;
#5198 = ADVANCED_FACE ( 'NONE', ( #445 ), #961, .F. ) ;
#5199 = CARTESIAN_POINT ( 'NONE',  ( -59.99999999999997158, 12.00000000000000000, -49.00000000000000000 ) ) ;
#5200 = ORIENTED_EDGE ( 'NONE', *, *, #2924, .F. ) ;
#5201 = CARTESIAN_POINT ( 'NONE',  ( 59.99999999999998579, 9.000000000000001776, -48.99999999999998579 ) ) ;
#5202 = CARTESIAN_POINT ( 'NONE',  ( -77.49999999999997158, 0.000000000000000000, 39.99999999999987921 ) ) ;
#5203 = ORIENTED_EDGE ( 'NONE', *, *, #196, .T. ) ;
#5204 = ORIENTED_EDGE ( 'NONE', *, *, #254, .F. ) ;
#5205 = CARTESIAN_POINT ( 'NONE',  ( -7.999999999999989342, 1.734723475976807094E-15, 29.50000000000000000 ) ) ;
#5206 = CARTESIAN_POINT ( 'NONE',  ( 77.49999999999998579, 0.000000000000000000, -57.50000000000000711 ) ) ;
#5207 = DIRECTION ( 'NONE',  ( 0.000000000000000000, -0.000000000000000000, 1.000000000000000000 ) ) ;
#5208 = DIRECTION ( 'NONE',  ( 0.000000000000000000, 0.000000000000000000, -1.000000000000000000 ) ) ;
#5209 = EDGE_CURVE ( 'NONE', #421, #5242, #1195, .T. ) ;
#5210 = EDGE_LOOP ( 'NONE', ( #3399, #1654, #3103, #3569 ) ) ;
#5211 = CARTESIAN_POINT ( 'NONE',  ( 28.00000000000001066, 8.500000000000000000, 30.00000000000000000 ) ) ;
#5212 = ORIENTED_EDGE ( 'NONE', *, *, #4970, .T. ) ;
#5213 = LINE ( 'NONE', #2826, #3856 ) ;
#5214 = EDGE_CURVE ( 'NONE', #1649, #2893, #2787, .T. ) ;
#5215 = CARTESIAN_POINT ( 'NONE',  ( 59.99999999999998579, -2.000000000000000000, -43.99999999999998579 ) ) ;
#5216 = FACE_OUTER_BOUND ( 'NONE', #1379, .T. ) ;
#5217 = LINE ( 'NONE', #3798, #3387 ) ;
#5218 = EDGE_CURVE ( 'NONE', #4786, #5742, #2423, .T. ) ;
#5219 = VERTEX_POINT ( 'NONE', #508 ) ;
#5220 = VERTEX_POINT ( 'NONE', #540 ) ;
#5221 = ORIENTED_EDGE ( 'NONE', *, *, #4882, .T. ) ;
#5222 = DIRECTION ( 'NONE',  ( 1.000000000000000000, 0.000000000000000000, 0.000000000000000000 ) ) ;
#5223 = EDGE_CURVE ( 'NONE', #1352, #4777, #20, .T. ) ;
#5224 = CARTESIAN_POINT ( 'NONE',  ( 54.50000000000000711, 0.000000000000000000, -24.00000000000001066 ) ) ;
#5225 = CIRCLE ( 'NONE', #3934, 2.999999999999999112 ) ;
#5226 = AXIS2_PLACEMENT_3D ( 'NONE', #4523, #5917, #3162 ) ;
#5227 = CARTESIAN_POINT ( 'NONE',  ( -8.999999999999998224, 2.000000000000000000, 25.00000000000000000 ) ) ;
#5228 = VERTEX_POINT ( 'NONE', #3764 ) ;
#5229 = EDGE_CURVE ( 'NONE', #4756, #4057, #5357, .T. ) ;
#5230 = CYLINDRICAL_SURFACE ( 'NONE', #1666, 1.000000000000000888 ) ;
#5231 = VECTOR ( 'NONE', #4685, 1000.000000000000000 ) ;
#5232 = CARTESIAN_POINT ( 'NONE',  ( -54.49999999999999289, -0.000000000000000000, -24.00000000000000711 ) ) ;
#5233 = ORIENTED_EDGE ( 'NONE', *, *, #3865, .F. ) ;
#5234 = VERTEX_POINT ( 'NONE', #1025 ) ;
#5235 = DIRECTION ( 'NONE',  ( 0.000000000000000000, 0.000000000000000000, 1.000000000000000000 ) ) ;
#5236 = CARTESIAN_POINT ( 'NONE',  ( -9.999999999999989342, 14.00000000000000178, 27.50000000000000000 ) ) ;
#5237 = CARTESIAN_POINT ( 'NONE',  ( -7.999999999999986677, 12.00000000000000000, 55.49999999999999289 ) ) ;
#5238 = CARTESIAN_POINT ( 'NONE',  ( 30.00000000000001421, 14.00000000000000178, 27.50000000000000000 ) ) ;
#5239 = VECTOR ( 'NONE', #2300, 1000.000000000000000 ) ;
#5240 = ORIENTED_EDGE ( 'NONE', *, *, #4918, .F. ) ;
#5241 = DIRECTION ( 'NONE',  ( -1.000000000000000000, 0.000000000000000000, 0.000000000000000000 ) ) ;
#5242 = VERTEX_POINT ( 'NONE', #471 ) ;
#5243 = LINE ( 'NONE', #46, #5042 ) ;
#5244 = CIRCLE ( 'NONE', #395, 1.000000000000000888 ) ;
#5245 = VECTOR ( 'NONE', #1134, 1000.000000000000000 ) ;
#5246 = CARTESIAN_POINT ( 'NONE',  ( 57.49999999999996447, 7.500000000000000000, -23.99999999999998224 ) ) ;
#5247 = CARTESIAN_POINT ( 'NONE',  ( 59.99999999999997158, 11.00000000000000178, 34.99999999999999289 ) ) ;
#5248 = CARTESIAN_POINT ( 'NONE',  ( 59.99999999999997158, 7.000000000000000888, 39.99999999999999289 ) ) ;
#5249 = VECTOR ( 'NONE', #3806, 1000.000000000000000 ) ;
#5250 = EDGE_LOOP ( 'NONE', ( #3139, #5623 ) ) ;
#5251 = ORIENTED_EDGE ( 'NONE', *, *, #3329, .F. ) ;
#5252 = ORIENTED_EDGE ( 'NONE', *, *, #2994, .F. ) ;
#5253 = DIRECTION ( 'NONE',  ( 2.478176394252582127E-16, -0.000000000000000000, 1.000000000000000000 ) ) ;
#5254 = CARTESIAN_POINT ( 'NONE',  ( -59.99999999999997158, 7.000000000000000888, 39.99999999999999289 ) ) ;
#5255 = AXIS2_PLACEMENT_3D ( 'NONE', #1548, #1926, #2896 ) ;
#5256 = CIRCLE ( 'NONE', #5546, 3.500000000000003109 ) ;
#5257 = EDGE_CURVE ( 'NONE', #526, #292, #3492, .T. ) ;
#5258 = VERTEX_POINT ( 'NONE', #563 ) ;
#5259 = VECTOR ( 'NONE', #4805, 1000.000000000000000 ) ;
#5260 = CARTESIAN_POINT ( 'NONE',  ( -59.99999999999997158, 11.00000000000000178, 39.99999999999999289 ) ) ;
#5261 = VECTOR ( 'NONE', #1252, 1000.000000000000000 ) ;
#5262 = AXIS2_PLACEMENT_3D ( 'NONE', #1625, #3052, #695 ) ;
#5263 = CARTESIAN_POINT ( 'NONE',  ( 6.999999999999993783, 5.000000000000000000, 23.00000000000000000 ) ) ;
#5264 = CARTESIAN_POINT ( 'NONE',  ( 28.00000000000001066, 12.00000000000000000, 39.49999999999999289 ) ) ;
#5265 = AXIS2_PLACEMENT_3D ( 'NONE', #5769, #5304, #1049 ) ;
#5266 = ORIENTED_EDGE ( 'NONE', *, *, #5223, .T. ) ;
#5267 = EDGE_CURVE ( 'NONE', #2057, #1509, #3823, .T. ) ;
#5268 = ORIENTED_EDGE ( 'NONE', *, *, #1886, .F. ) ;
#5269 = DIRECTION ( 'NONE',  ( 0.000000000000000000, 1.000000000000000000, 0.000000000000000000 ) ) ;
#5270 = DIRECTION ( 'NONE',  ( 0.000000000000000000, 0.000000000000000000, 1.000000000000000000 ) ) ;
#5271 = FACE_OUTER_BOUND ( 'NONE', #3637, .T. ) ;
#5272 = PLANE ( 'NONE',  #3499 ) ;
#5273 = ORIENTED_EDGE ( 'NONE', *, *, #864, .T. ) ;
#5274 = ADVANCED_FACE ( 'NONE', ( #107 ), #3651, .T. ) ;
#5275 = ORIENTED_EDGE ( 'NONE', *, *, #3849, .F. ) ;
#5276 = DIRECTION ( 'NONE',  ( 0.000000000000000000, 0.000000000000000000, -1.000000000000000000 ) ) ;
#5277 = DIRECTION ( 'NONE',  ( -0.000000000000000000, 1.000000000000000000, -0.000000000000000000 ) ) ;
#5278 = CARTESIAN_POINT ( 'NONE',  ( -57.50000000000003553, 7.500000000000000000, -23.99999999999997868 ) ) ;
#5279 = DIRECTION ( 'NONE',  ( -0.000000000000000000, -1.000000000000000000, -0.000000000000000000 ) ) ;
#5280 = VERTEX_POINT ( 'NONE', #1618 ) ;
#5281 = ORIENTED_EDGE ( 'NONE', *, *, #1818, .T. ) ;
#5282 = ORIENTED_EDGE ( 'NONE', *, *, #2086, .F. ) ;
#5283 = DIRECTION ( 'NONE',  ( -1.000000000000000000, 0.000000000000000000, 0.000000000000000000 ) ) ;
#5284 = FACE_OUTER_BOUND ( 'NONE', #3307, .T. ) ;
#5285 = ADVANCED_FACE ( 'NONE', ( #165 ), #2042, .F. ) ;
#5286 = VERTEX_POINT ( 'NONE', #3488 ) ;
#5287 = LINE ( 'NONE', #5227, #4954 ) ;
#5288 = EDGE_CURVE ( 'NONE', #2816, #5032, #4935, .T. ) ;
#5289 = DIRECTION ( 'NONE',  ( 1.000000000000000000, 0.000000000000000000, 0.000000000000000000 ) ) ;
#5290 = APPROVAL_STATUS ( 'not_yet_approved' ) ;
#5291 = ORIENTED_EDGE ( 'NONE', *, *, #6050, .T. ) ;
#5292 = ORIENTED_EDGE ( 'NONE', *, *, #4042, .F. ) ;
#5293 = DIRECTION ( 'NONE',  ( -0.000000000000000000, -1.000000000000000000, -0.000000000000000000 ) ) ;
#5294 = EDGE_CURVE ( 'NONE', #2013, #3727, #722, .T. ) ;
#5295 = DIRECTION ( 'NONE',  ( 2.168404344971008868E-16, 0.000000000000000000, 1.000000000000000000 ) ) ;
#5296 = PLANE ( 'NONE',  #3555 ) ;
#5297 = CARTESIAN_POINT ( 'NONE',  ( 60.00000000000002132, 2.000000000000000000, 39.99999999999999289 ) ) ;
#5298 = VERTEX_POINT ( 'NONE', #4405 ) ;
#5299 = ORIENTED_EDGE ( 'NONE', *, *, #5821, .F. ) ;
#5300 = LINE ( 'NONE', #4373, #975 ) ;
#5301 = CARTESIAN_POINT ( 'NONE',  ( -9.999999999999998224, 7.000000000000000000, 24.00000000000000000 ) ) ;
#5302 = CARTESIAN_POINT ( 'NONE',  ( -54.49999999999999289, 5.500000000000000000, 8.999999999999996447 ) ) ;
#5303 = ADVANCED_FACE ( 'NONE', ( #3078 ), #1525, .F. ) ;
#5304 = DIRECTION ( 'NONE',  ( 0.000000000000000000, 1.000000000000000000, 0.000000000000000000 ) ) ;
#5305 = ORIENTED_EDGE ( 'NONE', *, *, #5110, .F. ) ;
#5306 = ORIENTED_EDGE ( 'NONE', *, *, #4170, .T. ) ;
#5307 = VERTEX_POINT ( 'NONE', #4905 ) ;
#5308 = CARTESIAN_POINT ( 'NONE',  ( 6.000000000000023981, 10.00000000000000000, 57.49999999999999289 ) ) ;
#5309 = CARTESIAN_POINT ( 'NONE',  ( -54.50000000000001421, 7.500000000000000000, -26.20000000000000284 ) ) ;
#5310 = DIRECTION ( 'NONE',  ( 0.000000000000000000, -0.000000000000000000, -1.000000000000000000 ) ) ;
#5311 = ORIENTED_EDGE ( 'NONE', *, *, #331, .F. ) ;
#5312 = FACE_OUTER_BOUND ( 'NONE', #5210, .T. ) ;
#5313 = CARTESIAN_POINT ( 'NONE',  ( -9.000000000000000000, -2.000000000000000000, 8.999999999999994671 ) ) ;
#5314 = PERSON_AND_ORGANIZATION ( #5087, #310 ) ;
#5315 = AXIS2_PLACEMENT_3D ( 'NONE', #4979, #605, #4347 ) ;
#5316 = ORIENTED_EDGE ( 'NONE', *, *, #4700, .F. ) ;
#5317 = VERTEX_POINT ( 'NONE', #4378 ) ;
#5318 = LINE ( 'NONE', #4516, #5167 ) ;
#5319 = PLANE ( 'NONE',  #4043 ) ;
#5320 = DIRECTION ( 'NONE',  ( 0.000000000000000000, 1.000000000000000000, -0.000000000000000000 ) ) ;
#5321 = EDGE_CURVE ( 'NONE', #4179, #1807, #5794, .T. ) ;
#5322 = EDGE_LOOP ( 'NONE', ( #5099, #4007, #1830, #11 ) ) ;
#5323 = AXIS2_PLACEMENT_3D ( 'NONE', #2286, #5693, #3780 ) ;
#5324 = ORIENTED_EDGE ( 'NONE', *, *, #3776, .T. ) ;
#5325 = CARTESIAN_POINT ( 'NONE',  ( 9.000000000000005329, 5.000000000000000000, 3.903127820947816751E-15 ) ) ;
#5326 = DIRECTION ( 'NONE',  ( 0.000000000000000000, 0.000000000000000000, -1.000000000000000000 ) ) ;
#5327 = LINE ( 'NONE', #2513, #3841 ) ;
#5328 = CARTESIAN_POINT ( 'NONE',  ( -59.99999999999997158, 7.000000000000000888, 39.99999999999999289 ) ) ;
#5329 = EDGE_LOOP ( 'NONE', ( #99, #3339, #5195, #2225 ) ) ;
#5330 = ORIENTED_EDGE ( 'NONE', *, *, #1469, .T. ) ;
#5331 = VERTEX_POINT ( 'NONE', #628 ) ;
#5332 = AXIS2_PLACEMENT_3D ( 'NONE', #2736, #2326, #3136 ) ;
#5333 = VECTOR ( 'NONE', #1894, 1000.000000000000000 ) ;
#5334 = EDGE_CURVE ( 'NONE', #4786, #3204, #122, .T. ) ;
#5335 = LINE ( 'NONE', #2953, #5644 ) ;
#5336 = DIRECTION ( 'NONE',  ( 0.000000000000000000, 0.000000000000000000, 1.000000000000000000 ) ) ;
#5337 = DIRECTION ( 'NONE',  ( 1.000000000000000000, 0.000000000000000000, 0.000000000000000000 ) ) ;
#5338 = VECTOR ( 'NONE', #1561, 1000.000000000000000 ) ;
#5339 = VERTEX_POINT ( 'NONE', #3518 ) ;
#5340 = DIRECTION ( 'NONE',  ( 0.000000000000000000, -1.000000000000000000, -0.000000000000000000 ) ) ;
#5341 = ADVANCED_FACE ( 'NONE', ( #230 ), #1120, .F. ) ;
#5342 = CARTESIAN_POINT ( 'NONE',  ( 54.49999999999994316, 7.500000000000000000, -27.00000000000000355 ) ) ;
#5343 = CIRCLE ( 'NONE', #2969, 3.000000000000009770 ) ;
#5344 = CIRCLE ( 'NONE', #792, 6.999999999999999112 ) ;
#5345 = VECTOR ( 'NONE', #5787, 1000.000000000000000 ) ;
#5346 = DIRECTION ( 'NONE',  ( -2.168404344971008868E-16, 0.000000000000000000, -1.000000000000000000 ) ) ;
#5347 = VECTOR ( 'NONE', #4101, 1000.000000000000000 ) ;
#5348 = ORIENTED_EDGE ( 'NONE', *, *, #3437, .F. ) ;
#5349 = CARTESIAN_POINT ( 'NONE',  ( -54.49999999999999289, 3.000000000000000000, 6.999999999999993783 ) ) ;
#5350 = VECTOR ( 'NONE', #4580, 1000.000000000000000 ) ;
#5351 = ORIENTED_EDGE ( 'NONE', *, *, #5507, .T. ) ;
#5352 = DIRECTION ( 'NONE',  ( 0.000000000000000000, 0.000000000000000000, 1.000000000000000000 ) ) ;
#5353 = VECTOR ( 'NONE', #3384, 1000.000000000000000 ) ;
#5354 = DIRECTION ( 'NONE',  ( 0.000000000000000000, 0.000000000000000000, 1.000000000000000000 ) ) ;
#5355 = PLANE ( 'NONE',  #4738 ) ;
#5356 = LINE ( 'NONE', #3931, #1882 ) ;
#5357 = CIRCLE ( 'NONE', #1401, 4.000000000000003553 ) ;
#5358 = AXIS2_PLACEMENT_3D ( 'NONE', #3950, #3090, #4981 ) ;
#5359 = ADVANCED_FACE ( 'NONE', ( #5394, #2982 ), #595, .T. ) ;
#5360 = ORIENTED_EDGE ( 'NONE', *, *, #1786, .F. ) ;
#5361 = ORIENTED_EDGE ( 'NONE', *, *, #1664, .F. ) ;
#5362 = DIRECTION ( 'NONE',  ( 0.000000000000000000, 0.000000000000000000, 1.000000000000000000 ) ) ;
#5363 = VECTOR ( 'NONE', #4463, 1000.000000000000000 ) ;
#5364 = DIRECTION ( 'NONE',  ( -0.000000000000000000, 1.000000000000000000, -0.000000000000000000 ) ) ;
#5365 = EDGE_CURVE ( 'NONE', #1311, #980, #3422, .T. ) ;
#5366 = DIRECTION ( 'NONE',  ( 0.000000000000000000, 0.000000000000000000, -1.000000000000000000 ) ) ;
#5367 = CARTESIAN_POINT ( 'NONE',  ( -54.49999999999999289, 5.500000000000000000, 11.99999999999999289 ) ) ;
#5368 = EDGE_LOOP ( 'NONE', ( #5482, #5758, #3157, #6011 ) ) ;
#5369 = ORIENTED_EDGE ( 'NONE', *, *, #5438, .T. ) ;
#5370 = ORIENTED_EDGE ( 'NONE', *, *, #1011, .F. ) ;
#5371 = DIRECTION ( 'NONE',  ( -0.000000000000000000, -1.000000000000000000, -0.000000000000000000 ) ) ;
#5372 = DIRECTION ( 'NONE',  ( 0.000000000000000000, -0.000000000000000000, 1.000000000000000000 ) ) ;
#5373 = EDGE_CURVE ( 'NONE', #2290, #411, #1006, .T. ) ;
#5374 = CARTESIAN_POINT ( 'NONE',  ( 10.00000000000001243, 2.000000000000000000, 45.50000000000000000 ) ) ;
#5375 = EDGE_CURVE ( 'NONE', #1769, #1172, #2614, .T. ) ;
#5376 = ORIENTED_EDGE ( 'NONE', *, *, #1650, .T. ) ;
#5377 = LINE ( 'NONE', #5469, #2291 ) ;
#5378 = DIRECTION ( 'NONE',  ( 0.000000000000000000, 0.000000000000000000, -1.000000000000000000 ) ) ;
#5379 = DIRECTION ( 'NONE',  ( -0.000000000000000000, -1.000000000000000000, -0.000000000000000000 ) ) ;
#5380 = ADVANCED_FACE ( 'NONE', ( #3909 ), #5864, .F. ) ;
#5381 = CARTESIAN_POINT ( 'NONE',  ( 59.99999999999997158, 11.00000000000000178, 39.99999999999999289 ) ) ;
#5382 = ORIENTED_EDGE ( 'NONE', *, *, #4302, .F. ) ;
#5383 = LINE ( 'NONE', #2798, #5333 ) ;
#5384 = ORIENTED_EDGE ( 'NONE', *, *, #5999, .F. ) ;
#5385 = DIRECTION ( 'NONE',  ( 0.000000000000000000, 1.000000000000000000, 0.000000000000000000 ) ) ;
#5386 = DIRECTION ( 'NONE',  ( -0.000000000000000000, -1.000000000000000000, -0.000000000000000000 ) ) ;
#5387 = DIRECTION ( 'NONE',  ( -0.000000000000000000, -1.000000000000000000, -0.000000000000000000 ) ) ;
#5388 = DIRECTION ( 'NONE',  ( -0.000000000000000000, -1.000000000000000000, -0.000000000000000000 ) ) ;
#5389 = EDGE_LOOP ( 'NONE', ( #1539, #4791 ) ) ;
#5390 = ORIENTED_EDGE ( 'NONE', *, *, #1703, .F. ) ;
#5391 = DIRECTION ( 'NONE',  ( 0.000000000000000000, 0.000000000000000000, 1.000000000000000000 ) ) ;
#5392 = DIRECTION ( 'NONE',  ( 0.000000000000000000, 0.000000000000000000, 1.000000000000000000 ) ) ;
#5393 = CARTESIAN_POINT ( 'NONE',  ( -59.99999999999997158, 9.000000000000001776, 34.99999999999999289 ) ) ;
#5394 = FACE_BOUND ( 'NONE', #2855, .T. ) ;
#5395 = ORIENTED_EDGE ( 'NONE', *, *, #3796, .F. ) ;
#5396 = VERTEX_POINT ( 'NONE', #3044 ) ;
#5397 = EDGE_LOOP ( 'NONE', ( #6008, #1895 ) ) ;
#5398 = EDGE_CURVE ( 'NONE', #1141, #5692, #2691, .T. ) ;
#5399 = DIRECTION ( 'NONE',  ( 0.000000000000000000, 0.000000000000000000, 1.000000000000000000 ) ) ;
#5400 = PLANE ( 'NONE',  #6031 ) ;
#5401 = EDGE_CURVE ( 'NONE', #4564, #4843, #2485, .T. ) ;
#5402 = CARTESIAN_POINT ( 'NONE',  ( -4.999999999999986677, 15.00000000000000178, 55.49999999999999289 ) ) ;
#5403 = ORIENTED_EDGE ( 'NONE', *, *, #4729, .T. ) ;
#5404 = LINE ( 'NONE', #174, #711 ) ;
#5405 = EDGE_CURVE ( 'NONE', #1962, #1820, #2984, .T. ) ;
#5406 = DIRECTION ( 'NONE',  ( 0.000000000000000000, 0.000000000000000000, -1.000000000000000000 ) ) ;
#5407 = APPROVAL ( #5290, '未' ) ;
#5408 = DIRECTION ( 'NONE',  ( 0.000000000000000000, -1.000000000000000000, 0.000000000000000000 ) ) ;
#5409 = ORIENTED_EDGE ( 'NONE', *, *, #822, .F. ) ;
#5410 = CARTESIAN_POINT ( 'NONE',  ( -8.999999999999998224, 0.000000000000000000, 19.99999999999999645 ) ) ;
#5411 = ORIENTED_EDGE ( 'NONE', *, *, #3469, .T. ) ;
#5412 = LINE ( 'NONE', #4827, #2675 ) ;
#5413 = EDGE_CURVE ( 'NONE', #1864, #2020, #2731, .T. ) ;
#5414 = LINE ( 'NONE', #4924, #4865 ) ;
#5415 = CARTESIAN_POINT ( 'NONE',  ( -59.99999999999997158, 0.000000000000000000, -42.00000000000000000 ) ) ;
#5416 = DIRECTION ( 'NONE',  ( 0.000000000000000000, 0.000000000000000000, 1.000000000000000000 ) ) ;
#5417 = ORIENTED_EDGE ( 'NONE', *, *, #3678, .T. ) ;
#5418 = EDGE_LOOP ( 'NONE', ( #6017, #498, #2239, #4599 ) ) ;
#5419 = VECTOR ( 'NONE', #594, 1000.000000000000000 ) ;
#5420 = CARTESIAN_POINT ( 'NONE',  ( 28.00000000000001066, 7.500000000000000000, 43.00000000000000000 ) ) ;
#5421 = LINE ( 'NONE', #5862, #4960 ) ;
#5422 = DIRECTION ( 'NONE',  ( 0.000000000000000000, 1.000000000000000000, 0.000000000000000000 ) ) ;
#5423 = DIRECTION ( 'NONE',  ( 0.000000000000000000, 1.000000000000000000, 0.000000000000000000 ) ) ;
#5424 = ORIENTED_EDGE ( 'NONE', *, *, #1535, .F. ) ;
#5425 = VERTEX_POINT ( 'NONE', #3202 ) ;
#5426 = EDGE_LOOP ( 'NONE', ( #2532, #804, #2629, #4106 ) ) ;
#5427 = DIRECTION ( 'NONE',  ( 1.000000000000000000, 0.000000000000000000, -0.000000000000000000 ) ) ;
#5428 = CARTESIAN_POINT ( 'NONE',  ( -54.49999999999999289, 0.000000000000000000, 6.999999999999993783 ) ) ;
#5429 = CARTESIAN_POINT ( 'NONE',  ( -54.49999999999999289, 5.500000000000000000, 6.999999999999993783 ) ) ;
#5430 = AXIS2_PLACEMENT_3D ( 'NONE', #2944, #4335, #4309 ) ;
#5431 = VERTEX_POINT ( 'NONE', #3108 ) ;
#5432 = CARTESIAN_POINT ( 'NONE',  ( -6.999999999999992006, 17.00000000000000000, 30.50000000000000000 ) ) ;
#5433 = EDGE_CURVE ( 'NONE', #337, #5920, #6006, .T. ) ;
#5434 = CARTESIAN_POINT ( 'NONE',  ( -59.99999999999997158, 2.000000000000000000, 39.99999999999999289 ) ) ;
#5435 = VECTOR ( 'NONE', #1413, 1000.000000000000000 ) ;
#5436 = VECTOR ( 'NONE', #4916, 1000.000000000000000 ) ;
#5437 = CARTESIAN_POINT ( 'NONE',  ( 10.00000000000000178, 2.000000000000000000, 23.00000000000000000 ) ) ;
#5438 = EDGE_CURVE ( 'NONE', #2515, #5396, #4030, .T. ) ;
#5439 = CIRCLE ( 'NONE', #108, 4.000000000000003553 ) ;
#5440 = CIRCLE ( 'NONE', #4556, 3.500000000000003109 ) ;
#5441 = DIRECTION ( 'NONE',  ( 0.000000000000000000, 0.000000000000000000, -1.000000000000000000 ) ) ;
#5442 = ORIENTED_EDGE ( 'NONE', *, *, #4591, .T. ) ;
#5443 = DIRECTION ( 'NONE',  ( 0.000000000000000000, 1.000000000000000000, 0.000000000000000000 ) ) ;
#5444 = DIRECTION ( 'NONE',  ( -0.000000000000000000, 0.000000000000000000, 1.000000000000000000 ) ) ;
#5445 = VECTOR ( 'NONE', #4431, 1000.000000000000000 ) ;
#5446 = DIRECTION ( 'NONE',  ( 0.000000000000000000, 1.000000000000000000, 0.000000000000000000 ) ) ;
#5447 = DIRECTION ( 'NONE',  ( -0.000000000000000000, -1.000000000000000000, -0.000000000000000000 ) ) ;
#5448 = ADVANCED_FACE ( 'NONE', ( #1738 ), #5918, .F. ) ;
#5449 = VECTOR ( 'NONE', #2287, 1000.000000000000000 ) ;
#5450 = CIRCLE ( 'NONE', #4070, 4.000000000000003553 ) ;
#5451 = ORIENTED_EDGE ( 'NONE', *, *, #2008, .T. ) ;
#5452 = VERTEX_POINT ( 'NONE', #2166 ) ;
#5453 = CIRCLE ( 'NONE', #220, 6.999999999999999112 ) ;
#5454 = CARTESIAN_POINT ( 'NONE',  ( 28.00000000000001066, 12.00000000000000000, 43.50000000000000000 ) ) ;
#5455 = CARTESIAN_POINT ( 'NONE',  ( -59.99999999999997158, 9.000000000000001776, -46.00000000000000000 ) ) ;
#5456 = VECTOR ( 'NONE', #5118, 1000.000000000000000 ) ;
#5457 = DIRECTION ( 'NONE',  ( 0.000000000000000000, 0.000000000000000000, 1.000000000000000000 ) ) ;
#5458 = DIRECTION ( 'NONE',  ( -0.000000000000000000, -1.000000000000000000, -0.000000000000000000 ) ) ;
#5459 = CIRCLE ( 'NONE', #2192, 4.999999999999997335 ) ;
#5460 = EDGE_CURVE ( 'NONE', #1839, #2603, #4997, .T. ) ;
#5461 = VERTEX_POINT ( 'NONE', #745 ) ;
#5462 = VECTOR ( 'NONE', #4720, 1000.000000000000000 ) ;
#5463 = ORIENTED_EDGE ( 'NONE', *, *, #2880, .T. ) ;
#5464 = ORIENTED_EDGE ( 'NONE', *, *, #785, .F. ) ;
#5465 = DIRECTION ( 'NONE',  ( 0.000000000000000000, -1.000000000000000000, 0.000000000000000000 ) ) ;
#5466 = DIRECTION ( 'NONE',  ( -0.000000000000000000, 1.000000000000000000, -0.000000000000000000 ) ) ;
#5467 = DIRECTION ( 'NONE',  ( 0.000000000000000000, 0.000000000000000000, -1.000000000000000000 ) ) ;
#5468 = ORIENTED_EDGE ( 'NONE', *, *, #3891, .T. ) ;
#5469 = CARTESIAN_POINT ( 'NONE',  ( -8.999999999999998224, 7.000000000000000000, 23.00000000000000000 ) ) ;
#5470 = DIRECTION ( 'NONE',  ( 1.000000000000000000, -0.000000000000000000, 0.000000000000000000 ) ) ;
#5471 = CARTESIAN_POINT ( 'NONE',  ( 10.00000000000001599, 17.00000000000000000, 57.49999999999999289 ) ) ;
#5472 = ADVANCED_FACE ( 'NONE', ( #2761 ), #4524, .F. ) ;
#5473 = CARTESIAN_POINT ( 'NONE',  ( -59.99999999999997158, 7.000000000000000888, -45.00000000000000000 ) ) ;
#5474 = EDGE_CURVE ( 'NONE', #1316, #4736, #1333, .T. ) ;
#5475 = ORIENTED_EDGE ( 'NONE', *, *, #2036, .T. ) ;
#5476 = ADVANCED_FACE ( 'NONE', ( #4125 ), #5023, .F. ) ;
#5477 = CARTESIAN_POINT ( 'NONE',  ( -54.50000000000001421, 7.500000000000000000, 9.199999999999997513 ) ) ;
#5478 = DIRECTION ( 'NONE',  ( -0.000000000000000000, 1.000000000000000000, -0.000000000000000000 ) ) ;
#5479 = ADVANCED_FACE ( 'NONE', ( #2641 ), #4596, .F. ) ;
#5480 = FACE_OUTER_BOUND ( 'NONE', #5529, .T. ) ;
#5481 = DIRECTION ( 'NONE',  ( -1.239088197126291063E-16, -0.000000000000000000, -1.000000000000000000 ) ) ;
#5482 = ORIENTED_EDGE ( 'NONE', *, *, #2156, .F. ) ;
#5483 = ORIENTED_EDGE ( 'NONE', *, *, #4376, .T. ) ;
#5484 = EDGE_CURVE ( 'NONE', #1170, #3783, #2394, .T. ) ;
#5485 = CARTESIAN_POINT ( 'NONE',  ( 59.99999999999998579, -2.000000000000000000, -55.99999999999999289 ) ) ;
#5486 = CARTESIAN_POINT ( 'NONE',  ( -54.49999999999999289, 5.500000000000000000, 11.99999999999999289 ) ) ;
#5487 = CARTESIAN_POINT ( 'NONE',  ( 56.69999999999998153, 7.500000000000000000, 6.999999999999975131 ) ) ;
#5488 = APPLICATION_CONTEXT ( 'configuration controlled 3d designs of mechanical parts and assemblies' ) ;
#5489 = CARTESIAN_POINT ( 'NONE',  ( -6.999999999999984901, 17.00000000000000000, 57.49999999999999289 ) ) ;
#5490 = VERTEX_POINT ( 'NONE', #3610 ) ;
#5491 = DIRECTION ( 'NONE',  ( -0.000000000000000000, -1.000000000000000000, -0.000000000000000000 ) ) ;
#5492 = ORIENTED_EDGE ( 'NONE', *, *, #1550, .T. ) ;
#5493 = LINE ( 'NONE', #3084, #3377 ) ;
#5494 = CARTESIAN_POINT ( 'NONE',  ( 30.00000000000002842, 2.000000000000000000, -18.00000000000001066 ) ) ;
#5495 = EDGE_CURVE ( 'NONE', #3526, #4360, #3229, .T. ) ;
#5496 = DIRECTION ( 'NONE',  ( 0.000000000000000000, 0.000000000000000000, 1.000000000000000000 ) ) ;
#5497 = ORIENTED_EDGE ( 'NONE', *, *, #2183, .F. ) ;
#5498 = CARTESIAN_POINT ( 'NONE',  ( 59.50000000000001421, 2.000000000000000000, -24.00000000000000711 ) ) ;
#5499 = DIRECTION ( 'NONE',  ( 0.000000000000000000, 1.000000000000000000, 0.000000000000000000 ) ) ;
#5500 = CARTESIAN_POINT ( 'NONE',  ( -59.99999999999997158, 9.000000000000001776, -52.00000000000000711 ) ) ;
#5501 = APPROVAL_STATUS ( 'not_yet_approved' ) ;
#5502 = CARTESIAN_POINT ( 'NONE',  ( -54.49999999999997868, 3.000000000000000000, -26.00000000000001066 ) ) ;
#5503 = ORIENTED_EDGE ( 'NONE', *, *, #4892, .T. ) ;
#5504 = DIRECTION ( 'NONE',  ( -0.000000000000000000, -1.000000000000000000, -0.000000000000000000 ) ) ;
#5505 = LINE ( 'NONE', #4085, #6042 ) ;
#5506 = CYLINDRICAL_SURFACE ( 'NONE', #4637, 1.000000000000000888 ) ;
#5507 = EDGE_CURVE ( 'NONE', #4325, #2949, #5514, .T. ) ;
#5508 = CYLINDRICAL_SURFACE ( 'NONE', #5549, 4.000000000000003553 ) ;
#5509 = VERTEX_POINT ( 'NONE', #2259 ) ;
#5510 = ORIENTED_EDGE ( 'NONE', *, *, #3416, .T. ) ;
#5511 = CARTESIAN_POINT ( 'NONE',  ( -6.999999999999999112, -2.000000000000000000, 24.00000000000000000 ) ) ;
#5512 = CARTESIAN_POINT ( 'NONE',  ( 59.99999999999997158, -2.000000000000000000, 46.99999999999999289 ) ) ;
#5513 = CARTESIAN_POINT ( 'NONE',  ( -54.49999999999997868, 3.000000000000000000, 10.99999999999999467 ) ) ;
#5514 =( BOUNDED_CURVE ( )  B_SPLINE_CURVE ( 3, ( #865, #5092, #2136, #4622 ),
 .UNSPECIFIED., .F., .F. ) 
 B_SPLINE_CURVE_WITH_KNOTS ( ( 4, 4 ),
 ( 1.570796326794896780, 3.141592653589793116 ),
 .UNSPECIFIED. ) 
 CURVE ( )  GEOMETRIC_REPRESENTATION_ITEM ( )  RATIONAL_B_SPLINE_CURVE ( ( 1.000000000000000000, 0.8047378541243650485, 0.8047378541243650485, 1.000000000000000000 ) ) 
 REPRESENTATION_ITEM ( '' )  );
#5515 = CARTESIAN_POINT ( 'NONE',  ( 8.000000000000021316, 10.00000000000000000, 43.50000000000000000 ) ) ;
#5516 = EDGE_CURVE ( 'NONE', #4008, #3410, #4095, .T. ) ;
#5517 = ORIENTED_EDGE ( 'NONE', *, *, #2647, .F. ) ;
#5518 = AXIS2_PLACEMENT_3D ( 'NONE', #6051, #752, #5496 ) ;
#5519 = DIRECTION ( 'NONE',  ( 0.000000000000000000, 0.000000000000000000, -1.000000000000000000 ) ) ;
#5520 = VERTEX_POINT ( 'NONE', #3577 ) ;
#5521 = DIRECTION ( 'NONE',  ( 0.000000000000000000, 0.000000000000000000, 1.000000000000000000 ) ) ;
#5522 = DIRECTION ( 'NONE',  ( -0.000000000000000000, -1.000000000000000000, -0.000000000000000000 ) ) ;
#5523 = CARTESIAN_POINT ( 'NONE',  ( 59.99999999999998579, -2.000000000000000000, -53.99999999999999289 ) ) ;
#5524 = VECTOR ( 'NONE', #5823, 1000.000000000000000 ) ;
#5525 = ORIENTED_EDGE ( 'NONE', *, *, #4573, .F. ) ;
#5526 = ORIENTED_EDGE ( 'NONE', *, *, #4388, .T. ) ;
#5527 = EDGE_CURVE ( 'NONE', #1903, #5590, #770, .T. ) ;
#5528 = CARTESIAN_POINT ( 'NONE',  ( -56.49999999999999289, 3.000000000000000000, -23.99999999999999289 ) ) ;
#5529 = EDGE_LOOP ( 'NONE', ( #4420, #2931, #877, #3031 ) ) ;
#5530 = VECTOR ( 'NONE', #5387, 1000.000000000000000 ) ;
#5531 = PLANE ( 'NONE',  #597 ) ;
#5532 = AXIS2_PLACEMENT_3D ( 'NONE', #3515, #1143, #1079 ) ;
#5533 = CARTESIAN_POINT ( 'NONE',  ( -59.99999999999997158, -2.000000000000000000, -49.00000000000000000 ) ) ;
#5534 = EDGE_CURVE ( 'NONE', #5258, #3493, #3669, .T. ) ;
#5535 = DIRECTION ( 'NONE',  ( 0.000000000000000000, 0.000000000000000000, 1.000000000000000000 ) ) ;
#5536 = EDGE_LOOP ( 'NONE', ( #1718, #2424 ) ) ;
#5537 = CIRCLE ( 'NONE', #1080, 1.000000000000000888 ) ;
#5538 = DIRECTION ( 'NONE',  ( 0.000000000000000000, 0.000000000000000000, -1.000000000000000000 ) ) ;
#5539 = CARTESIAN_POINT ( 'NONE',  ( 54.50000000000000711, 3.000000000000000000, 6.999999999999993783 ) ) ;
#5540 = CARTESIAN_POINT ( 'NONE',  ( -54.49999999999997868, 2.000000000000000000, -28.00000000000001066 ) ) ;
#5541 = VECTOR ( 'NONE', #4010, 1000.000000000000000 ) ;
#5542 = ORIENTED_EDGE ( 'NONE', *, *, #240, .T. ) ;
#5543 = ORIENTED_EDGE ( 'NONE', *, *, #1630, .F. ) ;
#5544 = DIRECTION ( 'NONE',  ( -0.000000000000000000, -1.000000000000000000, 0.000000000000000000 ) ) ;
#5545 = AXIS2_PLACEMENT_3D ( 'NONE', #144, #5800, #2428 ) ;
#5546 = AXIS2_PLACEMENT_3D ( 'NONE', #2866, #1958, #5799 ) ;
#5547 = LINE ( 'NONE', #1304, #1396 ) ;
#5548 = DIRECTION ( 'NONE',  ( 1.000000000000000000, 0.000000000000000000, 0.000000000000000000 ) ) ;
#5549 = AXIS2_PLACEMENT_3D ( 'NONE', #4024, #1794, #2698 ) ;
#5550 = CARTESIAN_POINT ( 'NONE',  ( 28.00000000000001066, 4.000000000000000000, 39.49999999999999289 ) ) ;
#5551 = EDGE_CURVE ( 'NONE', #1200, #263, #3393, .T. ) ;
#5552 = CIRCLE ( 'NONE', #2884, 1.000000000000000888 ) ;
#5553 = VERTEX_POINT ( 'NONE', #4187 ) ;
#5554 = DIRECTION ( 'NONE',  ( 0.000000000000000000, 0.000000000000000000, -1.000000000000000000 ) ) ;
#5555 = ORIENTED_EDGE ( 'NONE', *, *, #3858, .F. ) ;
#5556 = DIRECTION ( 'NONE',  ( 0.000000000000000000, 1.000000000000000000, 0.000000000000000000 ) ) ;
#5557 = CIRCLE ( 'NONE', #1096, 3.000000000000009770 ) ;
#5558 = EDGE_CURVE ( 'NONE', #1189, #1353, #4776, .T. ) ;
#5559 = CYLINDRICAL_SURFACE ( 'NONE', #4664, 4.999999999999997335 ) ;
#5560 = CIRCLE ( 'NONE', #5659, 1.000000000000000888 ) ;
#5561 = DIRECTION ( 'NONE',  ( -0.000000000000000000, -0.000000000000000000, 1.000000000000000000 ) ) ;
#5562 = ORIENTED_EDGE ( 'NONE', *, *, #5859, .T. ) ;
#5563 = VECTOR ( 'NONE', #5824, 1000.000000000000000 ) ;
#5564 = EDGE_LOOP ( 'NONE', ( #4150, #5892 ) ) ;
#5565 = DIRECTION ( 'NONE',  ( -0.000000000000000000, -1.000000000000000000, -0.000000000000000000 ) ) ;
#5566 = VERTEX_POINT ( 'NONE', #2887 ) ;
#5567 = CYLINDRICAL_SURFACE ( 'NONE', #3069, 4.999999999999997335 ) ;
#5568 = EDGE_CURVE ( 'NONE', #4842, #5286, #532, .T. ) ;
#5569 = ADVANCED_FACE ( 'NONE', ( #9 ), #1426, .F. ) ;
#5570 = LINE ( 'NONE', #2840, #1965 ) ;
#5571 = ORIENTED_EDGE ( 'NONE', *, *, #1098, .T. ) ;
#5572 = LINE ( 'NONE', #1324, #1003 ) ;
#5573 = EDGE_CURVE ( 'NONE', #4973, #2900, #4869, .T. ) ;
#5574 = FACE_OUTER_BOUND ( 'NONE', #465, .T. ) ;
#5575 = LINE ( 'NONE', #6120, #802 ) ;
#5576 = VERTEX_POINT ( 'NONE', #3297 ) ;
#5577 = ORIENTED_EDGE ( 'NONE', *, *, #1117, .F. ) ;
#5578 = LINE ( 'NONE', #2757, #5629 ) ;
#5579 = PLANE ( 'NONE',  #2591 ) ;
#5580 = DIRECTION ( 'NONE',  ( 0.000000000000000000, 0.000000000000000000, -1.000000000000000000 ) ) ;
#5581 = CARTESIAN_POINT ( 'NONE',  ( -5.999999999999989342, 10.00000000000000000, 29.50000000000000000 ) ) ;
#5582 = ORIENTED_EDGE ( 'NONE', *, *, #2755, .T. ) ;
#5583 = FACE_OUTER_BOUND ( 'NONE', #3218, .T. ) ;
#5584 = ORIENTED_EDGE ( 'NONE', *, *, #2238, .T. ) ;
#5585 = CYLINDRICAL_SURFACE ( 'NONE', #2766, 1.000000000000000888 ) ;
#5586 = DIRECTION ( 'NONE',  ( 0.000000000000000000, 0.000000000000000000, -1.000000000000000000 ) ) ;
#5587 = DIRECTION ( 'NONE',  ( 1.000000000000000000, 0.000000000000000000, 0.000000000000000000 ) ) ;
#5588 = ORIENTED_EDGE ( 'NONE', *, *, #2922, .T. ) ;
#5589 = ADVANCED_FACE ( 'NONE', ( #5148 ), #42, .T. ) ;
#5590 = VERTEX_POINT ( 'NONE', #5730 ) ;
#5591 = DIRECTION ( 'NONE',  ( 0.000000000000000000, -0.000000000000000000, 1.000000000000000000 ) ) ;
#5592 = ORIENTED_EDGE ( 'NONE', *, *, #1477, .F. ) ;
#5593 = CARTESIAN_POINT ( 'NONE',  ( 59.99999999999997158, 7.000000000000000888, 39.99999999999999289 ) ) ;
#5594 = EDGE_CURVE ( 'NONE', #91, #5653, #3880, .T. ) ;
#5595 = VERTEX_POINT ( 'NONE', #464 ) ;
#5596 = DIRECTION ( 'NONE',  ( -0.000000000000000000, -1.000000000000000000, -0.000000000000000000 ) ) ;
#5597 = VERTEX_POINT ( 'NONE', #5676 ) ;
#5598 = FACE_OUTER_BOUND ( 'NONE', #5975, .T. ) ;
#5599 = DIRECTION ( 'NONE',  ( 0.000000000000000000, 1.000000000000000000, 0.000000000000000000 ) ) ;
#5600 = ORIENTED_EDGE ( 'NONE', *, *, #6092, .T. ) ;
#5601 = EDGE_CURVE ( 'NONE', #5339, #1588, #5606, .T. ) ;
#5602 = ORIENTED_EDGE ( 'NONE', *, *, #5558, .F. ) ;
#5603 = DIRECTION ( 'NONE',  ( 0.000000000000000000, -1.000000000000000000, 0.000000000000000000 ) ) ;
#5604 = FACE_OUTER_BOUND ( 'NONE', #3306, .T. ) ;
#5605 = DIRECTION ( 'NONE',  ( 1.000000000000000000, -0.000000000000000000, -0.000000000000000000 ) ) ;
#5606 = LINE ( 'NONE', #1488, #2682 ) ;
#5607 = ORIENTED_EDGE ( 'NONE', *, *, #4949, .F. ) ;
#5608 = LINE ( 'NONE', #412, #4049 ) ;
#5609 = ORIENTED_EDGE ( 'NONE', *, *, #947, .F. ) ;
#5610 = CARTESIAN_POINT ( 'NONE',  ( 54.49999999999996447, 7.500000000000000000, -24.00000000000000355 ) ) ;
#5611 = CARTESIAN_POINT ( 'NONE',  ( 0.000000000000000000, 10.00000000000000000, 0.000000000000000000 ) ) ;
#5612 = DIRECTION ( 'NONE',  ( 0.000000000000000000, -1.000000000000000000, 0.000000000000000000 ) ) ;
#5613 = ORIENTED_EDGE ( 'NONE', *, *, #361, .F. ) ;
#5614 = EDGE_CURVE ( 'NONE', #3102, #4808, #6095, .T. ) ;
#5615 = ORIENTED_EDGE ( 'NONE', *, *, #593, .T. ) ;
#5616 = DIRECTION ( 'NONE',  ( 1.000000000000000000, 0.000000000000000000, -3.182978855003317025E-17 ) ) ;
#5617 = ORIENTED_EDGE ( 'NONE', *, *, #2732, .F. ) ;
#5618 = CARTESIAN_POINT ( 'NONE',  ( -56.70000000000003837, 7.500000000000000000, -23.99999999999998579 ) ) ;
#5619 = AXIS2_PLACEMENT_3D ( 'NONE', #1145, #2981, #3043 ) ;
#5620 = CARTESIAN_POINT ( 'NONE',  ( 54.50000000000000000, 5.500000000000000000, -24.00000000000000711 ) ) ;
#5621 = EDGE_CURVE ( 'NONE', #5520, #4681, #4782, .T. ) ;
#5622 = CIRCLE ( 'NONE', #1959, 1.000000000000000888 ) ;
#5623 = ORIENTED_EDGE ( 'NONE', *, *, #670, .F. ) ;
#5624 = FACE_BOUND ( 'NONE', #2219, .T. ) ;
#5625 = ORIENTED_EDGE ( 'NONE', *, *, #4278, .T. ) ;
#5626 = ADVANCED_FACE ( 'NONE', ( #3386 ), #5272, .F. ) ;
#5627 = CARTESIAN_POINT ( 'NONE',  ( -56.49999999999999289, 3.000000000000000000, 6.999999999999980460 ) ) ;
#5628 = CARTESIAN_POINT ( 'NONE',  ( 59.99999999999998579, 7.000000000000000888, -48.99999999999998579 ) ) ;
#5629 = VECTOR ( 'NONE', #4593, 1000.000000000000000 ) ;
#5630 = ORIENTED_EDGE ( 'NONE', *, *, #3923, .T. ) ;
#5631 = CIRCLE ( 'NONE', #1871, 2.000000000000000000 ) ;
#5632 = ORIENTED_EDGE ( 'NONE', *, *, #2461, .F. ) ;
#5633 = CARTESIAN_POINT ( 'NONE',  ( 54.49999999999995737, 7.500000000000000000, 9.999999999999996447 ) ) ;
#5634 = CARTESIAN_POINT ( 'NONE',  ( 37.00000000000002842, 2.000000000000000000, -28.00000000000001066 ) ) ;
#5635 = VECTOR ( 'NONE', #5690, 1000.000000000000000 ) ;
#5636 = CARTESIAN_POINT ( 'NONE',  ( 28.00000000000001066, 7.500000000000000000, 39.49999999999999289 ) ) ;
#5637 = AXIS2_PLACEMENT_3D ( 'NONE', #3862, #5752, #148 ) ;
#5638 = EDGE_CURVE ( 'NONE', #2404, #5234, #436, .T. ) ;
#5639 = LINE ( 'NONE', #1394, #892 ) ;
#5640 = ORIENTED_EDGE ( 'NONE', *, *, #3558, .T. ) ;
#5641 = CARTESIAN_POINT ( 'NONE',  ( -9.999999999999984013, 12.00000000000000000, 55.49999999999999289 ) ) ;
#5642 = ORIENTED_EDGE ( 'NONE', *, *, #3403, .T. ) ;
#5643 = CIRCLE ( 'NONE', #596, 4.999999999999997335 ) ;
#5644 = VECTOR ( 'NONE', #1091, 1000.000000000000000 ) ;
#5645 = DIRECTION ( 'NONE',  ( 0.000000000000000000, 0.000000000000000000, -1.000000000000000000 ) ) ;
#5646 = LINE ( 'NONE', #2301, #4762 ) ;
#5647 = AXIS2_PLACEMENT_3D ( 'NONE', #1140, #3007, #651 ) ;
#5648 = CARTESIAN_POINT ( 'NONE',  ( -4.999999999999990230, 12.00000000000000000, 29.50000000000000000 ) ) ;
#5649 = EDGE_CURVE ( 'NONE', #460, #876, #18, .T. ) ;
#5650 = DIRECTION ( 'NONE',  ( 0.000000000000000000, -1.000000000000000000, 0.000000000000000000 ) ) ;
#5651 = VECTOR ( 'NONE', #1643, 1000.000000000000000 ) ;
#5652 = ORIENTED_EDGE ( 'NONE', *, *, #5832, .F. ) ;
#5653 = VERTEX_POINT ( 'NONE', #496 ) ;
#5654 = AXIS2_PLACEMENT_3D ( 'NONE', #4181, #6087, #1383 ) ;
#5655 = AXIS2_PLACEMENT_3D ( 'NONE', #2626, #3990, #4017 ) ;
#5656 = ORIENTED_EDGE ( 'NONE', *, *, #5901, .T. ) ;
#5657 = VERTEX_POINT ( 'NONE', #4212 ) ;
#5658 = DIRECTION ( 'NONE',  ( 0.000000000000000000, 1.000000000000000000, -0.000000000000000000 ) ) ;
#5659 = AXIS2_PLACEMENT_3D ( 'NONE', #1570, #5906, #5354 ) ;
#5660 = DIRECTION ( 'NONE',  ( 0.000000000000000000, 1.000000000000000000, 0.000000000000000000 ) ) ;
#5661 = AXIS2_PLACEMENT_3D ( 'NONE', #5890, #4433, #1645 ) ;
#5662 = AXIS2_PLACEMENT_3D ( 'NONE', #1728, #5045, #797 ) ;
#5663 = CARTESIAN_POINT ( 'NONE',  ( -6.999999999999999112, 5.000000000000000000, 24.00000000000000000 ) ) ;
#5664 = AXIS2_PLACEMENT_3D ( 'NONE', #1639, #5320, #4868 ) ;
#5665 = ORIENTED_EDGE ( 'NONE', *, *, #1817, .F. ) ;
#5666 = ADVANCED_FACE ( 'NONE', ( #408 ), #1854, .F. ) ;
#5667 = CARTESIAN_POINT ( 'NONE',  ( 54.49999999999995026, 5.500000000000000000, 9.199999999999995737 ) ) ;
#5668 = EDGE_CURVE ( 'NONE', #3727, #5576, #2380, .T. ) ;
#5669 = EDGE_CURVE ( 'NONE', #401, #3505, #5639, .T. ) ;
#5670 = ORIENTED_EDGE ( 'NONE', *, *, #1162, .T. ) ;
#5671 = ORIENTED_EDGE ( 'NONE', *, *, #3848, .T. ) ;
#5672 = DIRECTION ( 'NONE',  ( 0.000000000000000000, -0.000000000000000000, 1.000000000000000000 ) ) ;
#5673 = EDGE_CURVE ( 'NONE', #980, #77, #4374, .T. ) ;
#5674 = CARTESIAN_POINT ( 'NONE',  ( 37.00000000000000711, 3.000000000001015632, -28.00000000000001066 ) ) ;
#5675 = CARTESIAN_POINT ( 'NONE',  ( -59.99999999999997158, 9.000000000000001776, 43.00000000000000000 ) ) ;
#5676 = CARTESIAN_POINT ( 'NONE',  ( 57.49999999999997868, 7.500000000000000000, 6.999999999999975131 ) ) ;
#5677 = ADVANCED_FACE ( 'NONE', ( #3038 ), #5883, .T. ) ;
#5678 = ORIENTED_EDGE ( 'NONE', *, *, #1513, .T. ) ;
#5679 = CARTESIAN_POINT ( 'NONE',  ( 54.50000000000000000, 2.000000000000000000, -29.00000000000001066 ) ) ;
#5680 = EDGE_LOOP ( 'NONE', ( #4520, #1746, #2911, #3109 ) ) ;
#5681 = CARTESIAN_POINT ( 'NONE',  ( -59.99999999999997158, -2.000000000000000000, -54.00000000000000000 ) ) ;
#5682 = DIRECTION ( 'NONE',  ( -0.000000000000000000, -1.000000000000000000, -0.000000000000000000 ) ) ;
#5683 = FACE_BOUND ( 'NONE', #4340, .T. ) ;
#5684 = CARTESIAN_POINT ( 'NONE',  ( -36.99999999999999289, 3.000000000000000000, -28.00000000000001066 ) ) ;
#5685 = ORIENTED_EDGE ( 'NONE', *, *, #76, .T. ) ;
#5686 = ORIENTED_EDGE ( 'NONE', *, *, #5288, .F. ) ;
#5687 = ORIENTED_EDGE ( 'NONE', *, *, #5056, .F. ) ;
#5688 = EDGE_CURVE ( 'NONE', #421, #3631, #5356, .T. ) ;
#5689 = LINE ( 'NONE', #3335, #5054 ) ;
#5690 = DIRECTION ( 'NONE',  ( -0.000000000000000000, -1.000000000000000000, -0.000000000000000000 ) ) ;
#5691 = FACE_OUTER_BOUND ( 'NONE', #3932, .T. ) ;
#5692 = VERTEX_POINT ( 'NONE', #583 ) ;
#5693 = DIRECTION ( 'NONE',  ( -0.000000000000000000, 1.000000000000000000, -0.000000000000000000 ) ) ;
#5694 = LINE ( 'NONE', #3343, #615 ) ;
#5695 = ORIENTED_EDGE ( 'NONE', *, *, #1477, .T. ) ;
#5696 = ORIENTED_EDGE ( 'NONE', *, *, #1913, .F. ) ;
#5697 = CARTESIAN_POINT ( 'NONE',  ( 59.99999999999997158, 7.000000000000000888, 40.99999999999999289 ) ) ;
#5698 = CARTESIAN_POINT ( 'NONE',  ( -59.99999999999997158, 7.000000000000000888, 38.99999999999999289 ) ) ;
#5699 = EDGE_CURVE ( 'NONE', #4631, #2468, #2536, .T. ) ;
#5700 = CARTESIAN_POINT ( 'NONE',  ( 60.00000000000002132, 0.000000000000000000, 39.99999999999999289 ) ) ;
#5701 = DIRECTION ( 'NONE',  ( -0.000000000000000000, -1.000000000000000000, -0.000000000000000000 ) ) ;
#5702 = ORIENTED_EDGE ( 'NONE', *, *, #4691, .F. ) ;
#5703 = FACE_OUTER_BOUND ( 'NONE', #6096, .T. ) ;
#5704 = VERTEX_POINT ( 'NONE', #2474 ) ;
#5705 = LINE ( 'NONE', #1949, #584 ) ;
#5706 = LINE ( 'NONE', #5246, #307 ) ;
#5707 = EDGE_CURVE ( 'NONE', #5764, #1796, #3278, .T. ) ;
#5708 = CARTESIAN_POINT ( 'NONE',  ( 5.999999999999994671, 5.000000000000000000, 24.00000000000000000 ) ) ;
#5709 = CARTESIAN_POINT ( 'NONE',  ( 28.00000000000001066, 4.000000000000000000, 33.50000000000000000 ) ) ;
#5710 = ORIENTED_EDGE ( 'NONE', *, *, #4382, .T. ) ;
#5711 = ORIENTED_EDGE ( 'NONE', *, *, #2528, .T. ) ;
#5712 = EDGE_LOOP ( 'NONE', ( #5072, #1904, #3133, #5991, #3049, #380, #3237, #5113 ) ) ;
#5713 = CARTESIAN_POINT ( 'NONE',  ( 59.99999999999998579, -2.000000000000000000, -41.99999999999998579 ) ) ;
#5714 = CARTESIAN_POINT ( 'NONE',  ( 59.99999999999998579, 0.000000000000000000, -48.99999999999998579 ) ) ;
#5715 = VECTOR ( 'NONE', #1653, 1000.000000000000000 ) ;
#5716 = ADVANCED_FACE ( 'NONE', ( #621 ), #5763, .T. ) ;
#5717 = ORIENTED_EDGE ( 'NONE', *, *, #2141, .F. ) ;
#5718 = VECTOR ( 'NONE', #1644, 1000.000000000000000 ) ;
#5719 = DIRECTION ( 'NONE',  ( 0.000000000000000000, 0.000000000000000000, -1.000000000000000000 ) ) ;
#5720 = EDGE_LOOP ( 'NONE', ( #257, #5947, #6020, #1467 ) ) ;
#5721 = DIRECTION ( 'NONE',  ( 0.000000000000000000, 1.000000000000000000, 0.000000000000000000 ) ) ;
#5722 = VECTOR ( 'NONE', #272, 1000.000000000000000 ) ;
#5723 = EDGE_CURVE ( 'NONE', #1760, #1340, #4425, .T. ) ;
#5724 = ORIENTED_EDGE ( 'NONE', *, *, #5038, .T. ) ;
#5725 = EDGE_LOOP ( 'NONE', ( #1554, #1013, #1043, #112 ) ) ;
#5726 = AXIS2_PLACEMENT_3D ( 'NONE', #3232, #4656, #5519 ) ;
#5727 = DIRECTION ( 'NONE',  ( -0.000000000000000000, -1.000000000000000000, -0.000000000000000000 ) ) ;
#5728 = LINE ( 'NONE', #926, #1989 ) ;
#5729 = PLANE ( 'NONE',  #1768 ) ;
#5730 = CARTESIAN_POINT ( 'NONE',  ( 6.999999999999992006, 0.000000000000000000, 23.00000000000000000 ) ) ;
#5731 = AXIS2_PLACEMENT_3D ( 'NONE', #1236, #3128, #5143 ) ;
#5732 = AXIS2_PLACEMENT_3D ( 'NONE', #1789, #2719, #1321 ) ;
#5733 = ORIENTED_EDGE ( 'NONE', *, *, #4783, .T. ) ;
#5734 = ORIENTED_EDGE ( 'NONE', *, *, #4531, .T. ) ;
#5735 = CARTESIAN_POINT ( 'NONE',  ( -9.000000000000000000, 3.000000000000000000, 8.999999999999994671 ) ) ;
#5736 = AXIS2_PLACEMENT_3D ( 'NONE', #1390, #3412, #1916 ) ;
#5737 = DIRECTION ( 'NONE',  ( 0.000000000000000000, 0.000000000000000000, 1.000000000000000000 ) ) ;
#5738 = CARTESIAN_POINT ( 'NONE',  ( 28.00000000000001066, 8.500000000000000000, 30.00000000000000000 ) ) ;
#5739 = CARTESIAN_POINT ( 'NONE',  ( 59.99999999999998579, 7.000000000000000888, -48.99999999999998579 ) ) ;
#5740 = CIRCLE ( 'NONE', #1975, 1.000000000000000888 ) ;
#5741 = AXIS2_PLACEMENT_3D ( 'NONE', #2146, #4078, #784 ) ;
#5742 = VERTEX_POINT ( 'NONE', #3441 ) ;
#5743 = ORIENTED_EDGE ( 'NONE', *, *, #5638, .F. ) ;
#5744 = ORIENTED_EDGE ( 'NONE', *, *, #2328, .F. ) ;
#5745 = EDGE_CURVE ( 'NONE', #5122, #5926, #5814, .T. ) ;
#5746 = DIRECTION ( 'NONE',  ( 0.000000000000000000, 0.000000000000000000, 1.000000000000000000 ) ) ;
#5747 = CARTESIAN_POINT ( 'NONE',  ( 37.00000000000003553, 2.000000000001015632, -26.00000000000001066 ) ) ;
#5748 = AXIS2_PLACEMENT_3D ( 'NONE', #993, #4837, #4310 ) ;
#5749 = EDGE_LOOP ( 'NONE', ( #4963, #1915, #5165, #1640 ) ) ;
#5750 = VECTOR ( 'NONE', #1542, 1000.000000000000000 ) ;
#5751 = EDGE_CURVE ( 'NONE', #3924, #2934, #3415, .T. ) ;
#5752 = DIRECTION ( 'NONE',  ( -0.000000000000000000, -1.000000000000000000, -0.000000000000000000 ) ) ;
#5753 = AXIS2_PLACEMENT_3D ( 'NONE', #1721, #3557, #4108 ) ;
#5754 = AXIS2_PLACEMENT_3D ( 'NONE', #4483, #5836, #2092 ) ;
#5755 = CARTESIAN_POINT ( 'NONE',  ( 54.49999999999997868, 5.500000000000000000, 9.199999999999995737 ) ) ;
#5756 = FACE_OUTER_BOUND ( 'NONE', #2707, .T. ) ;
#5757 = ORIENTED_EDGE ( 'NONE', *, *, #2694, .T. ) ;
#5758 = ORIENTED_EDGE ( 'NONE', *, *, #890, .F. ) ;
#5759 = CARTESIAN_POINT ( 'NONE',  ( -6.999999999999999112, 5.000000000000000000, 23.00000000000000000 ) ) ;
#5760 = EDGE_CURVE ( 'NONE', #1409, #5490, #796, .T. ) ;
#5761 = CARTESIAN_POINT ( 'NONE',  ( 59.99999999999998579, -2.000000000000000000, -48.99999999999998579 ) ) ;
#5762 = CARTESIAN_POINT ( 'NONE',  ( -7.999999999999986677, 1.734723475976807094E-15, 57.49999999999999289 ) ) ;
#5763 = CYLINDRICAL_SURFACE ( 'NONE', #5840, 17.50000000000000355 ) ;
#5764 = VERTEX_POINT ( 'NONE', #2035 ) ;
#5765 = ORIENTED_EDGE ( 'NONE', *, *, #3165, .F. ) ;
#5766 = DIRECTION ( 'NONE',  ( 2.168404344971008868E-16, 0.000000000000000000, 1.000000000000000000 ) ) ;
#5767 = CARTESIAN_POINT ( 'NONE',  ( 59.99999999999997158, 9.000000000000001776, 39.99999999999999289 ) ) ;
#5768 = DIRECTION ( 'NONE',  ( 0.000000000000000000, -1.000000000000000000, 0.000000000000000000 ) ) ;
#5769 = CARTESIAN_POINT ( 'NONE',  ( 59.99999999999998579, 7.000000000000000888, -48.99999999999998579 ) ) ;
#5770 = ORIENTED_EDGE ( 'NONE', *, *, #3550, .F. ) ;
#5771 = ORIENTED_EDGE ( 'NONE', *, *, #3448, .F. ) ;
#5772 = ORIENTED_EDGE ( 'NONE', *, *, #2506, .F. ) ;
#5773 = DIRECTION ( 'NONE',  ( -0.000000000000000000, 1.000000000000000000, -0.000000000000000000 ) ) ;
#5774 = DIRECTION ( 'NONE',  ( 0.000000000000000000, 1.000000000000000000, 0.000000000000000000 ) ) ;
#5775 = DIRECTION ( 'NONE',  ( -1.000000000000000000, 0.000000000000000000, -0.000000000000000000 ) ) ;
#5776 = EDGE_CURVE ( 'NONE', #5219, #2764, #2793, .T. ) ;
#5777 = ORIENTED_EDGE ( 'NONE', *, *, #5105, .T. ) ;
#5778 = DIRECTION ( 'NONE',  ( -0.000000000000000000, 1.000000000000000000, -0.000000000000000000 ) ) ;
#5779 = LINE ( 'NONE', #2961, #6047 ) ;
#5780 = ADVANCED_FACE ( 'NONE', ( #4899 ), #1572, .T. ) ;
#5781 = CARTESIAN_POINT ( 'NONE',  ( 56.50000000000000711, 5.500000000000000000, 6.999999999999993783 ) ) ;
#5782 = ORIENTED_EDGE ( 'NONE', *, *, #3321, .T. ) ;
#5783 = ORIENTED_EDGE ( 'NONE', *, *, #5551, .F. ) ;
#5784 = DIRECTION ( 'NONE',  ( -0.000000000000000000, 1.000000000000000000, -0.000000000000000000 ) ) ;
#5785 = DIRECTION ( 'NONE',  ( -0.000000000000000000, -1.000000000000000000, -0.000000000000000000 ) ) ;
#5786 = DIRECTION ( 'NONE',  ( 0.000000000000000000, -0.000000000000000000, -1.000000000000000000 ) ) ;
#5787 = DIRECTION ( 'NONE',  ( -1.000000000000000000, -0.000000000000000000, -0.000000000000000000 ) ) ;
#5788 = EDGE_CURVE ( 'NONE', #4756, #4504, #2065, .T. ) ;
#5789 = VERTEX_POINT ( 'NONE', #5854 ) ;
#5790 = ORIENTED_EDGE ( 'NONE', *, *, #4882, .F. ) ;
#5791 = DIRECTION ( 'NONE',  ( 0.000000000000000000, 1.000000000000000000, 0.000000000000000000 ) ) ;
#5792 = DIRECTION ( 'NONE',  ( -0.000000000000000000, -1.000000000000000000, -0.000000000000000000 ) ) ;
#5793 = CARTESIAN_POINT ( 'NONE',  ( -9.999999999999998224, 2.000000000000000000, 24.00000000000000000 ) ) ;
#5794 = LINE ( 'NONE', #3450, #5563 ) ;
#5795 = EDGE_CURVE ( 'NONE', #1481, #717, #3998, .T. ) ;
#5796 = ORIENTED_EDGE ( 'NONE', *, *, #3337, .T. ) ;
#5797 = VERTEX_POINT ( 'NONE', #1610 ) ;
#5798 = ORIENTED_EDGE ( 'NONE', *, *, #1203, .T. ) ;
#5799 = DIRECTION ( 'NONE',  ( 0.000000000000000000, 0.000000000000000000, -1.000000000000000000 ) ) ;
#5800 = DIRECTION ( 'NONE',  ( -0.000000000000000000, -1.000000000000000000, -0.000000000000000000 ) ) ;
#5801 = DIRECTION ( 'NONE',  ( 1.000000000000000000, 0.000000000000000000, 0.000000000000000000 ) ) ;
#5802 = VERTEX_POINT ( 'NONE', #2570 ) ;
#5803 = CARTESIAN_POINT ( 'NONE',  ( -59.99999999999997158, 9.000000000000001776, 44.99999999999999289 ) ) ;
#5804 = CARTESIAN_POINT ( 'NONE',  ( 28.00000000000001421, 1.734723475976807094E-15, 29.50000000000000000 ) ) ;
#5805 = VECTOR ( 'NONE', #4285, 1000.000000000000000 ) ;
#5806 = ORIENTED_EDGE ( 'NONE', *, *, #453, .T. ) ;
#5807 = CARTESIAN_POINT ( 'NONE',  ( -59.99999999999997158, 0.000000000000000000, -49.00000000000000000 ) ) ;
#5808 = EDGE_LOOP ( 'NONE', ( #1058, #4861, #43, #1052 ) ) ;
#5809 = EDGE_CURVE ( 'NONE', #5136, #5234, #1978, .T. ) ;
#5810 = FACE_OUTER_BOUND ( 'NONE', #4976, .T. ) ;
#5811 = DIRECTION ( 'NONE',  ( 0.000000000000000000, 0.000000000000000000, -1.000000000000000000 ) ) ;
#5812 = VECTOR ( 'NONE', #4211, 1000.000000000000000 ) ;
#5813 = DIRECTION ( 'NONE',  ( -1.000000000000000000, 0.000000000000000000, 0.000000000000000000 ) ) ;
#5814 = LINE ( 'NONE', #2440, #5172 ) ;
#5815 = ORIENTED_EDGE ( 'NONE', *, *, #5365, .T. ) ;
#5816 = AXIS2_PLACEMENT_3D ( 'NONE', #3808, #429, #397 ) ;
#5817 = ORIENTED_EDGE ( 'NONE', *, *, #3978, .T. ) ;
#5818 = ADVANCED_FACE ( 'NONE', ( #223 ), #4927, .F. ) ;
#5819 = DIRECTION ( 'NONE',  ( -0.000000000000000000, -1.000000000000000000, -0.000000000000000000 ) ) ;
#5820 = CARTESIAN_POINT ( 'NONE',  ( -59.99999999999997158, 11.00000000000000178, 43.00000000000000000 ) ) ;
#5821 = EDGE_CURVE ( 'NONE', #91, #2487, #4807, .T. ) ;
#5822 = AXIS2_PLACEMENT_3D ( 'NONE', #2116, #5922, #4439 ) ;
#5823 = DIRECTION ( 'NONE',  ( 1.000000000000000000, -0.000000000000000000, -0.000000000000000000 ) ) ;
#5824 = DIRECTION ( 'NONE',  ( -0.000000000000000000, -1.000000000000000000, -0.000000000000000000 ) ) ;
#5825 = ORIENTED_EDGE ( 'NONE', *, *, #4604, .T. ) ;
#5826 = EDGE_LOOP ( 'NONE', ( #154, #250, #637, #3223, #1633, #5395, #4835, #6000 ) ) ;
#5827 = EDGE_LOOP ( 'NONE', ( #4047, #4201, #2544, #5571, #5835, #4603 ) ) ;
#5828 = VECTOR ( 'NONE', #1364, 1000.000000000000000 ) ;
#5829 = CIRCLE ( 'NONE', #2960, 4.999999999999997335 ) ;
#5830 = CARTESIAN_POINT ( 'NONE',  ( 30.00000000000001776, 3.000000000000000000, -28.00000000000001066 ) ) ;
#5831 = DIRECTION ( 'NONE',  ( 0.000000000000000000, -1.000000000000000000, 0.000000000000000000 ) ) ;
#5832 = EDGE_CURVE ( 'NONE', #244, #3960, #1591, .T. ) ;
#5833 = FACE_OUTER_BOUND ( 'NONE', #3089, .T. ) ;
#5834 = CIRCLE ( 'NONE', #4754, 3.500000000000003109 ) ;
#5835 = ORIENTED_EDGE ( 'NONE', *, *, #1359, .F. ) ;
#5836 = DIRECTION ( 'NONE',  ( 0.000000000000000000, -1.000000000000000000, 0.000000000000000000 ) ) ;
#5837 = CARTESIAN_POINT ( 'NONE',  ( -54.49999999999999289, 5.500000000000000000, 11.99999999999999645 ) ) ;
#5838 = VECTOR ( 'NONE', #4532, 1000.000000000000000 ) ;
#5839 = AXIS2_PLACEMENT_3D ( 'NONE', #5308, #3887, #5283 ) ;
#5840 = AXIS2_PLACEMENT_3D ( 'NONE', #5297, #2939, #3902 ) ;
#5841 = DIRECTION ( 'NONE',  ( 0.000000000000000000, -1.000000000000000000, 0.000000000000000000 ) ) ;
#5842 =( LENGTH_UNIT ( ) NAMED_UNIT ( * ) SI_UNIT ( .MILLI., .METRE. ) );
#5843 = CIRCLE ( 'NONE', #990, 1.000000000000000888 ) ;
#5844 = ORIENTED_EDGE ( 'NONE', *, *, #2368, .F. ) ;
#5845 = VECTOR ( 'NONE', #4269, 1000.000000000000000 ) ;
#5846 = LINE ( 'NONE', #1605, #4545 ) ;
#5847 = CIRCLE ( 'NONE', #3186, 1.000000000000000888 ) ;
#5848 = ORIENTED_EDGE ( 'NONE', *, *, #2904, .F. ) ;
#5849 = EDGE_CURVE ( 'NONE', #2644, #337, #3067, .T. ) ;
#5850 = DIRECTION ( 'NONE',  ( 1.000000000000000000, 0.000000000000000000, 0.000000000000000000 ) ) ;
#5851 = AXIS2_PLACEMENT_3D ( 'NONE', #5761, #1943, #1450 ) ;
#5852 = CARTESIAN_POINT ( 'NONE',  ( 59.99999999999997158, -2.000000000000000000, 39.99999999999999289 ) ) ;
#5853 = CARTESIAN_POINT ( 'NONE',  ( -54.49999999999999289, 0.000000000000000000, 10.99999999999999467 ) ) ;
#5854 = CARTESIAN_POINT ( 'NONE',  ( -10.99999999999999645, 5.500000000000000000, 11.99999999999999645 ) ) ;
#5855 = AXIS2_PLACEMENT_3D ( 'NONE', #4287, #5190, #6102 ) ;
#5856 = ADVANCED_FACE ( 'NONE', ( #2607 ), #2130, .T. ) ;
#5857 = AXIS2_PLACEMENT_3D ( 'NONE', #6078, #2241, #5990 ) ;
#5858 = VERTEX_POINT ( 'NONE', #5943 ) ;
#5859 = EDGE_CURVE ( 'NONE', #37, #1893, #5047, .T. ) ;
#5860 = ORIENTED_EDGE ( 'NONE', *, *, #3211, .T. ) ;
#5861 = DIRECTION ( 'NONE',  ( -0.000000000000000000, -1.000000000000000000, -0.000000000000000000 ) ) ;
#5862 = CARTESIAN_POINT ( 'NONE',  ( -59.99999999999997158, 9.000000000000001776, -44.00000000000000711 ) ) ;
#5863 = CARTESIAN_POINT ( 'NONE',  ( -56.70000000000003126, 7.500000000000000000, 6.999999999999978684 ) ) ;
#5864 = CYLINDRICAL_SURFACE ( 'NONE', #420, 3.000000000000002665 ) ;
#5865 = EDGE_CURVE ( 'NONE', #1538, #6117, #32, .T. ) ;
#5866 = EDGE_LOOP ( 'NONE', ( #191, #2360, #2716, #1328, #3827 ) ) ;
#5867 = ORIENTED_EDGE ( 'NONE', *, *, #5669, .F. ) ;
#5868 = ORIENTED_EDGE ( 'NONE', *, *, #5946, .F. ) ;
#5869 = CARTESIAN_POINT ( 'NONE',  ( -7.999999999999998224, 10.00000000000000000, 19.99999999999999645 ) ) ;
#5870 = LINE ( 'NONE', #5896, #5838 ) ;
#5871 = DIRECTION ( 'NONE',  ( 0.000000000000000000, -1.000000000000000000, 0.000000000000000000 ) ) ;
#5872 = ORIENTED_EDGE ( 'NONE', *, *, #114, .T. ) ;
#5873 = ADVANCED_FACE ( 'NONE', ( #2195, #834 ), #3566, .F. ) ;
#5874 = DIRECTION ( 'NONE',  ( 0.000000000000000000, 0.000000000000000000, 1.000000000000000000 ) ) ;
#5875 = CYLINDRICAL_SURFACE ( 'NONE', #5147, 4.999999999999997335 ) ;
#5876 = LINE ( 'NONE', #5471, #2090 ) ;
#5877 = ORIENTED_EDGE ( 'NONE', *, *, #1809, .F. ) ;
#5878 = CARTESIAN_POINT ( 'NONE',  ( 10.00000000000001243, 17.00000000000000000, 45.50000000000000000 ) ) ;
#5879 = VERTEX_POINT ( 'NONE', #4492 ) ;
#5880 = CARTESIAN_POINT ( 'NONE',  ( 54.50000000000000711, 0.000000000000000000, 6.999999999999993783 ) ) ;
#5881 = DIRECTION ( 'NONE',  ( -1.000000000000000000, 0.000000000000000000, 0.000000000000000000 ) ) ;
#5882 = DIRECTION ( 'NONE',  ( -1.000000000000000000, 0.000000000000000000, -2.365532012695645349E-14 ) ) ;
#5883 = PLANE ( 'NONE',  #2084 ) ;
#5884 = ORIENTED_EDGE ( 'NONE', *, *, #3172, .T. ) ;
#5885 = VERTEX_POINT ( 'NONE', #801 ) ;
#5886 = DIRECTION ( 'NONE',  ( -0.000000000000000000, -1.000000000000000000, -0.000000000000000000 ) ) ;
#5887 = ADVANCED_FACE ( 'NONE', ( #4117, #3154 ), #2251, .T. ) ;
#5888 = CARTESIAN_POINT ( 'NONE',  ( -10.00000000000000000, 12.00000000000000000, 23.00000000000000000 ) ) ;
#5889 = CARTESIAN_POINT ( 'NONE',  ( -9.999999999999989342, 2.000000000000000000, 27.50000000000000000 ) ) ;
#5890 = CARTESIAN_POINT ( 'NONE',  ( -11.00000000000000178, 12.00000000000000000, 23.00000000000000000 ) ) ;
#5891 = ORIENTED_EDGE ( 'NONE', *, *, #3147, .T. ) ;
#5892 = ORIENTED_EDGE ( 'NONE', *, *, #5405, .T. ) ;
#5893 = VERTEX_POINT ( 'NONE', #2724 ) ;
#5894 = CARTESIAN_POINT ( 'NONE',  ( 28.00000000000001066, 1.734723475976807094E-15, 43.50000000000000000 ) ) ;
#5895 = ADVANCED_FACE ( 'NONE', ( #3629, #5973 ), #4962, .T. ) ;
#5896 = CARTESIAN_POINT ( 'NONE',  ( 30.00000000000002842, 2.000000000000000000, -18.00000000000001066 ) ) ;
#5897 = CARTESIAN_POINT ( 'NONE',  ( 7.999999999999996447, 10.00000000000000000, 20.99999999999999645 ) ) ;
#5898 = ORIENTED_EDGE ( 'NONE', *, *, #4426, .F. ) ;
#5899 = DIRECTION ( 'NONE',  ( -1.000000000000000000, 0.000000000000000000, -0.000000000000000000 ) ) ;
#5900 = FACE_OUTER_BOUND ( 'NONE', #6001, .T. ) ;
#5901 = EDGE_CURVE ( 'NONE', #3721, #4325, #369, .T. ) ;
#5902 = CARTESIAN_POINT ( 'NONE',  ( -59.99999999999997158, 0.000000000000000000, 44.00000000000000000 ) ) ;
#5903 = DIRECTION ( 'NONE',  ( -0.000000000000000000, -1.000000000000000000, -0.000000000000000000 ) ) ;
#5904 = VERTEX_POINT ( 'NONE', #5998 ) ;
#5905 = LINE ( 'NONE', #1068, #2963 ) ;
#5906 = DIRECTION ( 'NONE',  ( 0.000000000000000000, 1.000000000000000000, 0.000000000000000000 ) ) ;
#5907 = ADVANCED_FACE ( 'NONE', ( #714 ), #5508, .F. ) ;
#5908 = CARTESIAN_POINT ( 'NONE',  ( -6.999999999999999112, -2.000000000000000000, 22.00000000000000000 ) ) ;
#5909 = CIRCLE ( 'NONE', #5315, 1.000000000000000888 ) ;
#5910 = CARTESIAN_POINT ( 'NONE',  ( -37.00000000000000000, 4.500000000000000888, -29.00000000000000711 ) ) ;
#5911 =( BOUNDED_CURVE ( )  B_SPLINE_CURVE ( 3, ( #5454, #3105, #3446, #3010 ),
 .UNSPECIFIED., .F., .F. ) 
 B_SPLINE_CURVE_WITH_KNOTS ( ( 4, 4 ),
 ( 0.000000000000000000, 1.570796326794896558 ),
 .UNSPECIFIED. ) 
 CURVE ( )  GEOMETRIC_REPRESENTATION_ITEM ( )  RATIONAL_B_SPLINE_CURVE ( ( 1.000000000000000000, 0.8047378541243649375, 0.8047378541243649375, 1.000000000000000000 ) ) 
 REPRESENTATION_ITEM ( '' )  );
#5912 = ORIENTED_EDGE ( 'NONE', *, *, #1624, .F. ) ;
#5913 = ORIENTED_EDGE ( 'NONE', *, *, #3022, .F. ) ;
#5914 = AXIS2_PLACEMENT_3D ( 'NONE', #5793, #3487, #3975 ) ;
#5915 = CARTESIAN_POINT ( 'NONE',  ( -56.49999999999999289, 5.500000000000000000, 6.999999999999993783 ) ) ;
#5916 = LINE ( 'NONE', #4002, #3579 ) ;
#5917 = DIRECTION ( 'NONE',  ( -0.000000000000000000, -1.000000000000000000, -0.000000000000000000 ) ) ;
#5918 = PLANE ( 'NONE',  #518 ) ;
#5919 = ORIENTED_EDGE ( 'NONE', *, *, #2493, .F. ) ;
#5920 = VERTEX_POINT ( 'NONE', #5910 ) ;
#5921 = ORIENTED_EDGE ( 'NONE', *, *, #3402, .F. ) ;
#5922 = DIRECTION ( 'NONE',  ( 0.000000000000000000, 1.000000000000000000, 0.000000000000000000 ) ) ;
#5923 = EDGE_CURVE ( 'NONE', #2644, #2404, #2633, .T. ) ;
#5924 = CARTESIAN_POINT ( 'NONE',  ( 25.00000000000001421, 15.00000000000000178, 32.50000000000000000 ) ) ;
#5925 = CARTESIAN_POINT ( 'NONE',  ( -59.99999999999997158, 2.000000000000000000, 34.99999999999999289 ) ) ;
#5926 = VERTEX_POINT ( 'NONE', #4054 ) ;
#5927 = FACE_OUTER_BOUND ( 'NONE', #4103, .T. ) ;
#5928 = DIRECTION ( 'NONE',  ( 1.000000000000000000, 0.000000000000000000, 0.000000000000000000 ) ) ;
#5929 = CIRCLE ( 'NONE', #3270, 4.000000000000003553 ) ;
#5930 = VECTOR ( 'NONE', #2336, 1000.000000000000000 ) ;
#5931 = CARTESIAN_POINT ( 'NONE',  ( -54.49999999999999289, 2.000000000000000000, 6.999999999999993783 ) ) ;
#5932 = EDGE_CURVE ( 'NONE', #1619, #1935, #2475, .T. ) ;
#5933 = AXIS2_PLACEMENT_3D ( 'NONE', #3276, #3401, #5336 ) ;
#5934 = VECTOR ( 'NONE', #4698, 1000.000000000000000 ) ;
#5935 = CC_DESIGN_PERSON_AND_ORGANIZATION_ASSIGNMENT ( #1105, #577, ( #3028 ) ) ;
#5936 = DIRECTION ( 'NONE',  ( 1.000000000000000000, 0.000000000000000000, 0.000000000000000000 ) ) ;
#5937 = ORIENTED_EDGE ( 'NONE', *, *, #5776, .F. ) ;
#5938 = DIRECTION ( 'NONE',  ( 0.000000000000000000, 1.000000000000000000, 0.000000000000000000 ) ) ;
#5939 = VECTOR ( 'NONE', #2349, 1000.000000000000000 ) ;
#5940 = FACE_OUTER_BOUND ( 'NONE', #3378, .T. ) ;
#5941 = VECTOR ( 'NONE', #5364, 1000.000000000000000 ) ;
#5942 = DIRECTION ( 'NONE',  ( -0.000000000000000000, 1.000000000000000000, -0.000000000000000000 ) ) ;
#5943 = CARTESIAN_POINT ( 'NONE',  ( 54.49999999999995737, 7.500000000000000000, 9.999999999999996447 ) ) ;
#5944 = LOCAL_TIME ( 11, 36, 15.00000000000000000, #2627 ) ;
#5945 = ORIENTED_EDGE ( 'NONE', *, *, #4729, .F. ) ;
#5946 = EDGE_CURVE ( 'NONE', #550, #3505, #2881, .T. ) ;
#5947 = ORIENTED_EDGE ( 'NONE', *, *, #6112, .T. ) ;
#5948 = VECTOR ( 'NONE', #4459, 1000.000000000000000 ) ;
#5949 = CARTESIAN_POINT ( 'NONE',  ( -54.49999999999999289, 5.500000000000000000, 11.99999999999999645 ) ) ;
#5950 = DIRECTION ( 'NONE',  ( -0.000000000000000000, -1.000000000000000000, -0.000000000000000000 ) ) ;
#5951 = AXIS2_PLACEMENT_3D ( 'NONE', #2415, #6068, #3350 ) ;
#5952 = CARTESIAN_POINT ( 'NONE',  ( -59.99999999999997158, 7.000000000000000888, -50.00000000000000000 ) ) ;
#5953 = CARTESIAN_POINT ( 'NONE',  ( 7.000000000000015987, 14.00000000000000178, 57.49999999999999289 ) ) ;
#5954 = AXIS2_PLACEMENT_3D ( 'NONE', #4445, #731, #3592 ) ;
#5955 = ORIENTED_EDGE ( 'NONE', *, *, #284, .F. ) ;
#5956 = AXIS2_PLACEMENT_3D ( 'NONE', #1701, #2158, #1232 ) ;
#5957 = CARTESIAN_POINT ( 'NONE',  ( -54.49999999999999289, 5.500000000000000000, 11.99999999999999645 ) ) ;
#5958 = VERTEX_POINT ( 'NONE', #274 ) ;
#5959 = LINE ( 'NONE', #1150, #1385 ) ;
#5960 = CARTESIAN_POINT ( 'NONE',  ( 8.000000000000021316, 12.00000000000000000, 43.50000000000000000 ) ) ;
#5961 = PLANE ( 'NONE',  #3546 ) ;
#5962 = ORIENTED_EDGE ( 'NONE', *, *, #3666, .F. ) ;
#5963 = CARTESIAN_POINT ( 'NONE',  ( -7.999999999999998224, 10.00000000000000000, 20.99999999999999645 ) ) ;
#5964 = FACE_OUTER_BOUND ( 'NONE', #4427, .T. ) ;
#5965 = EDGE_CURVE ( 'NONE', #4272, #401, #912, .T. ) ;
#5966 = PLANE ( 'NONE',  #1891 ) ;
#5967 = CARTESIAN_POINT ( 'NONE',  ( -8.999999999999998224, 7.000000000000000000, 25.00000000000000000 ) ) ;
#5968 = ORIENTED_EDGE ( 'NONE', *, *, #4918, .T. ) ;
#5969 = DIRECTION ( 'NONE',  ( 0.000000000000000000, 0.000000000000000000, 1.000000000000000000 ) ) ;
#5970 = EDGE_CURVE ( 'NONE', #337, #183, #3719, .T. ) ;
#5971 = LINE ( 'NONE', #3123, #1103 ) ;
#5972 = CARTESIAN_POINT ( 'NONE',  ( 8.000000000000024869, 12.00000000000000000, 55.49999999999999289 ) ) ;
#5973 = FACE_BOUND ( 'NONE', #3318, .T. ) ;
#5974 = EDGE_LOOP ( 'NONE', ( #3453, #3494, #2741, #3693 ) ) ;
#5975 = EDGE_LOOP ( 'NONE', ( #623, #1031, #1235, #100, #4350, #2406 ) ) ;
#5976 = DIRECTION ( 'NONE',  ( 1.000000000000000000, 0.000000000000000000, 0.000000000000000000 ) ) ;
#5977 = FACE_BOUND ( 'NONE', #1036, .T. ) ;
#5978 = CARTESIAN_POINT ( 'NONE',  ( -7.999999999999998224, 0.000000000000000000, 19.99999999999999645 ) ) ;
#5979 = EDGE_CURVE ( 'NONE', #521, #525, #4345, .T. ) ;
#5980 = DIRECTION ( 'NONE',  ( 2.891205793294676354E-16, -0.000000000000000000, 1.000000000000000000 ) ) ;
#5981 = ORIENTED_EDGE ( 'NONE', *, *, #2230, .F. ) ;
#5982 = FACE_OUTER_BOUND ( 'NONE', #4465, .T. ) ;
#5983 = ORIENTED_EDGE ( 'NONE', *, *, #4708, .F. ) ;
#5984 = DIRECTION ( 'NONE',  ( 0.000000000000000000, 0.000000000000000000, 1.000000000000000000 ) ) ;
#5985 = CARTESIAN_POINT ( 'NONE',  ( -54.49999999999997868, 3.000000000000000000, 10.99999999999999467 ) ) ;
#5986 = DIRECTION ( 'NONE',  ( 2.238352872228141129E-16, 0.000000000000000000, 1.000000000000000000 ) ) ;
#5987 = EDGE_CURVE ( 'NONE', #3783, #521, #5694, .T. ) ;
#5988 = VERTEX_POINT ( 'NONE', #1823 ) ;
#5989 = ORIENTED_EDGE ( 'NONE', *, *, #1508, .T. ) ;
#5990 = DIRECTION ( 'NONE',  ( 0.000000000000000000, -0.000000000000000000, 1.000000000000000000 ) ) ;
#5991 = ORIENTED_EDGE ( 'NONE', *, *, #549, .T. ) ;
#5992 = DIRECTION ( 'NONE',  ( 0.000000000000000000, -1.000000000000000000, 0.000000000000000000 ) ) ;
#5993 = LINE ( 'NONE', #1751, #2687 ) ;
#5994 = FACE_OUTER_BOUND ( 'NONE', #4207, .T. ) ;
#5995 = VERTEX_POINT ( 'NONE', #977 ) ;
#5996 = CARTESIAN_POINT ( 'NONE',  ( -54.50000000000001421, 7.500000000000000000, -26.20000000000000284 ) ) ;
#5997 = CARTESIAN_POINT ( 'NONE',  ( -54.50000000000000711, 5.500000000000000000, 9.999999999999998224 ) ) ;
#5998 = CARTESIAN_POINT ( 'NONE',  ( -11.00000000000000000, 5.500000000000000000, 12.99999999999999822 ) ) ;
#5999 = EDGE_CURVE ( 'NONE', #848, #1409, #1326, .T. ) ;
#6000 = ORIENTED_EDGE ( 'NONE', *, *, #2634, .F. ) ;
#6001 = EDGE_LOOP ( 'NONE', ( #2372, #4647, #283, #5114 ) ) ;
#6002 = LINE ( 'NONE', #1763, #2772 ) ;
#6003 = CARTESIAN_POINT ( 'NONE',  ( -54.50000000000000000, 2.000000000000000000, -29.00000000000000711 ) ) ;
#6004 = VECTOR ( 'NONE', #5775, 1000.000000000000000 ) ;
#6005 = LINE ( 'NONE', #318, #3451 ) ;
#6006 = LINE ( 'NONE', #2670, #1897 ) ;
#6007 = EDGE_CURVE ( 'NONE', #2941, #5452, #3747, .T. ) ;
#6008 = ORIENTED_EDGE ( 'NONE', *, *, #1575, .F. ) ;
#6009 = VECTOR ( 'NONE', #1212, 1000.000000000000000 ) ;
#6010 = DIRECTION ( 'NONE',  ( 0.000000000000000000, 1.000000000000000000, 0.000000000000000000 ) ) ;
#6011 = ORIENTED_EDGE ( 'NONE', *, *, #4177, .T. ) ;
#6012 = ADVANCED_FACE ( 'NONE', ( #1419 ), #2752, .F. ) ;
#6013 = CARTESIAN_POINT ( 'NONE',  ( -7.999999999999986677, 0.000000000000000000, 55.49999999999999289 ) ) ;
#6014 = DIRECTION ( 'NONE',  ( -0.000000000000000000, 1.000000000000000000, -0.000000000000000000 ) ) ;
#6015 = DIRECTION ( 'NONE',  ( 0.000000000000000000, 1.000000000000000000, 0.000000000000000000 ) ) ;
#6016 = AXIS2_PLACEMENT_3D ( 'NONE', #5539, #5083, #222 ) ;
#6017 = ORIENTED_EDGE ( 'NONE', *, *, #6108, .F. ) ;
#6018 = ORIENTED_EDGE ( 'NONE', *, *, #3713, .T. ) ;
#6019 = DIRECTION ( 'NONE',  ( -1.000000000000000000, 0.000000000000000000, 0.000000000000000000 ) ) ;
#6020 = ORIENTED_EDGE ( 'NONE', *, *, #1077, .T. ) ;
#6021 = AXIS2_PLACEMENT_3D ( 'NONE', #800, #4517, #3195 ) ;
#6022 = EDGE_CURVE ( 'NONE', #1227, #4408, #3788, .T. ) ;
#6023 = CARTESIAN_POINT ( 'NONE',  ( 59.99999999999998579, 9.000000000000001776, -45.99999999999997868 ) ) ;
#6024 = PLANE ( 'NONE',  #2268 ) ;
#6025 = ORIENTED_EDGE ( 'NONE', *, *, #3448, .T. ) ;
#6026 = VECTOR ( 'NONE', #5544, 1000.000000000000000 ) ;
#6027 = AXIS2_PLACEMENT_3D ( 'NONE', #3002, #2824, #2391 ) ;
#6028 = DIRECTION ( 'NONE',  ( -1.000000000000000000, 0.000000000000000000, 0.000000000000000000 ) ) ;
#6029 = CARTESIAN_POINT ( 'NONE',  ( 54.49999999999997868, 7.500000000000000000, 6.999999999999996447 ) ) ;
#6030 = DIRECTION ( 'NONE',  ( 0.000000000000000000, 0.000000000000000000, 1.000000000000000000 ) ) ;
#6031 = AXIS2_PLACEMENT_3D ( 'NONE', #5029, #5372, #1126 ) ;
#6032 = AXIS2_PLACEMENT_3D ( 'NONE', #4730, #2812, #5107 ) ;
#6033 = ORIENTED_EDGE ( 'NONE', *, *, #4337, .T. ) ;
#6034 = APPLICATION_CONTEXT ( 'configuration controlled 3d designs of mechanical parts and assemblies' ) ;
#6035 = ORIENTED_EDGE ( 'NONE', *, *, #4897, .F. ) ;
#6036 = CARTESIAN_POINT ( 'NONE',  ( 59.99999999999997158, 9.000000000000001776, 39.99999999999999289 ) ) ;
#6037 = AXIS2_PLACEMENT_3D ( 'NONE', #3731, #1365, #2327 ) ;
#6038 = CARTESIAN_POINT ( 'NONE',  ( 54.50000000000000000, 5.500000000000000000, 6.999999999999993783 ) ) ;
#6039 = EDGE_CURVE ( 'NONE', #3580, #2949, #2342, .T. ) ;
#6040 = LINE ( 'NONE', #3543, #1361 ) ;
#6041 = DIRECTION ( 'NONE',  ( 0.000000000000000000, 0.000000000000000000, 1.000000000000000000 ) ) ;
#6042 = VECTOR ( 'NONE', #2659, 1000.000000000000000 ) ;
#6043 = ORIENTED_EDGE ( 'NONE', *, *, #2111, .T. ) ;
#6044 = CARTESIAN_POINT ( 'NONE',  ( 59.99999999999997158, -2.000000000000000000, 39.99999999999999289 ) ) ;
#6045 = ORIENTED_EDGE ( 'NONE', *, *, #64, .F. ) ;
#6046 = LINE ( 'NONE', #4626, #5828 ) ;
#6047 = VECTOR ( 'NONE', #2463, 1000.000000000000000 ) ;
#6048 = FACE_OUTER_BOUND ( 'NONE', #3299, .T. ) ;
#6049 = VECTOR ( 'NONE', #3193, 1000.000000000000000 ) ;
#6050 = EDGE_CURVE ( 'NONE', #4808, #1704, #5575, .T. ) ;
#6051 = CARTESIAN_POINT ( 'NONE',  ( 59.99999999999997158, -2.000000000000000000, 39.99999999999999289 ) ) ;
#6052 = VERTEX_POINT ( 'NONE', #5202 ) ;
#6053 = VECTOR ( 'NONE', #4339, 1000.000000000000000 ) ;
#6054 = VERTEX_POINT ( 'NONE', #4775 ) ;
#6055 = DIRECTION ( 'NONE',  ( 1.000000000000000000, 0.000000000000000000, 0.000000000000000000 ) ) ;
#6056 = ORIENTED_EDGE ( 'NONE', *, *, #5946, .T. ) ;
#6057 = CYLINDRICAL_SURFACE ( 'NONE', #1788, 2.000000000000000000 ) ;
#6058 = EDGE_CURVE ( 'NONE', #1000, #2817, #524, .T. ) ;
#6059 = DIRECTION ( 'NONE',  ( 1.000000000000000000, -0.000000000000000000, -0.000000000000000000 ) ) ;
#6060 = ORIENTED_EDGE ( 'NONE', *, *, #3019, .F. ) ;
#6061 = DIRECTION ( 'NONE',  ( 0.000000000000000000, 0.000000000000000000, -1.000000000000000000 ) ) ;
#6062 = CARTESIAN_POINT ( 'NONE',  ( 10.00000000000001243, 14.00000000000000178, 45.50000000000000000 ) ) ;
#6063 = EDGE_LOOP ( 'NONE', ( #2727, #4494 ) ) ;
#6064 = ORIENTED_EDGE ( 'NONE', *, *, #3849, .T. ) ;
#6065 = CARTESIAN_POINT ( 'NONE',  ( -5.999999999999999112, 5.000000000000000000, 24.00000000000000000 ) ) ;
#6066 = DIRECTION ( 'NONE',  ( -0.000000000000000000, -1.000000000000000000, -0.000000000000000000 ) ) ;
#6067 = DIRECTION ( 'NONE',  ( 0.000000000000000000, 0.000000000000000000, 1.000000000000000000 ) ) ;
#6068 = DIRECTION ( 'NONE',  ( 0.000000000000000000, -1.000000000000000000, 0.000000000000000000 ) ) ;
#6069 = ORIENTED_EDGE ( 'NONE', *, *, #5669, .T. ) ;
#6070 = CARTESIAN_POINT ( 'NONE',  ( -59.99999999999997158, 7.000000000000000888, -49.00000000000000000 ) ) ;
#6071 = ORIENTED_EDGE ( 'NONE', *, *, #4450, .F. ) ;
#6072 = CARTESIAN_POINT ( 'NONE',  ( 54.49999999999995026, 7.500000000000000000, 9.199999999999995737 ) ) ;
#6073 = FACE_OUTER_BOUND ( 'NONE', #5827, .T. ) ;
#6074 = EDGE_CURVE ( 'NONE', #2131, #2663, #2484, .T. ) ;
#6075 = CARTESIAN_POINT ( 'NONE',  ( -10.00000000000000000, 2.000000000000000000, 23.00000000000000000 ) ) ;
#6076 = ORIENTED_EDGE ( 'NONE', *, *, #4306, .F. ) ;
#6077 = ORIENTED_EDGE ( 'NONE', *, *, #3917, .T. ) ;
#6078 = CARTESIAN_POINT ( 'NONE',  ( -59.99999999999997158, 7.000000000000000888, 39.99999999999999289 ) ) ;
#6079 = ORIENTED_EDGE ( 'NONE', *, *, #4131, .F. ) ;
#6080 = EDGE_CURVE ( 'NONE', #2253, #957, #4566, .T. ) ;
#6081 = CARTESIAN_POINT ( 'NONE',  ( 28.00000000000001421, 12.00000000000000000, 29.50000000000000000 ) ) ;
#6082 = CARTESIAN_POINT ( 'NONE',  ( 28.75735931288073033, 17.00000000000000000, 44.25735931288070191 ) ) ;
#6083 = DIRECTION ( 'NONE',  ( -0.000000000000000000, -1.000000000000000000, -0.000000000000000000 ) ) ;
#6084 = ORIENTED_EDGE ( 'NONE', *, *, #2340, .F. ) ;
#6085 = EDGE_CURVE ( 'NONE', #3493, #4985, #4667, .T. ) ;
#6086 = DIRECTION ( 'NONE',  ( 0.000000000000000000, 0.000000000000000000, -1.000000000000000000 ) ) ;
#6087 = DIRECTION ( 'NONE',  ( -0.000000000000000000, -1.000000000000000000, -0.000000000000000000 ) ) ;
#6088 = EDGE_CURVE ( 'NONE', #1001, #1262, #857, .T. ) ;
#6089 = ORIENTED_EDGE ( 'NONE', *, *, #367, .T. ) ;
#6090 = VERTEX_POINT ( 'NONE', #3781 ) ;
#6091 = FACE_OUTER_BOUND ( 'NONE', #931, .T. ) ;
#6092 = EDGE_CURVE ( 'NONE', #753, #3553, #2315, .T. ) ;
#6093 = CARTESIAN_POINT ( 'NONE',  ( -59.99999999999997158, -2.000000000000000000, -44.00000000000000711 ) ) ;
#6094 = FACE_OUTER_BOUND ( 'NONE', #6098, .T. ) ;
#6095 = LINE ( 'NONE', #5238, #4355 ) ;
#6096 = EDGE_LOOP ( 'NONE', ( #2029, #5733, #5361, #5562 ) ) ;
#6097 = DIRECTION ( 'NONE',  ( 0.000000000000000000, -0.000000000000000000, -1.000000000000000000 ) ) ;
#6098 = EDGE_LOOP ( 'NONE', ( #4723, #3605, #1587, #5989 ) ) ;
#6099 = PLANE ( 'NONE',  #3760 ) ;
#6100 = CARTESIAN_POINT ( 'NONE',  ( -5.999999999999999112, 5.000000000000000000, 24.00000000000000000 ) ) ;
#6101 = PLANE ( 'NONE',  #4926 ) ;
#6102 = DIRECTION ( 'NONE',  ( 0.000000000000000000, 0.000000000000000000, 1.000000000000000000 ) ) ;
#6103 = VECTOR ( 'NONE', #3138, 1000.000000000000000 ) ;
#6104 = VERTEX_POINT ( 'NONE', #948 ) ;
#6105 = ORIENTED_EDGE ( 'NONE', *, *, #3192, .T. ) ;
#6106 = CARTESIAN_POINT ( 'NONE',  ( -54.50000000000000711, 7.500000000000000000, 10.00000000000000000 ) ) ;
#6107 = ORIENTED_EDGE ( 'NONE', *, *, #1520, .T. ) ;
#6108 = EDGE_CURVE ( 'NONE', #120, #5958, #2978, .T. ) ;
#6109 = LINE ( 'NONE', #5196, #5930 ) ;
#6110 = VECTOR ( 'NONE', #656, 1000.000000000000000 ) ;
#6111 = CARTESIAN_POINT ( 'NONE',  ( -54.50000000000000000, 5.500000000000000000, -29.00000000000000711 ) ) ;
#6112 = EDGE_CURVE ( 'NONE', #1001, #1114, #3286, .T. ) ;
#6113 = EDGE_CURVE ( 'NONE', #5431, #232, #35, .T. ) ;
#6114 = AXIS2_PLACEMENT_3D ( 'NONE', #4830, #5813, #678 ) ;
#6115 = ADVANCED_FACE ( 'NONE', ( #5756 ), #2526, .F. ) ;
#6116 = DIRECTION ( 'NONE',  ( -0.000000000000000000, -1.000000000000000000, -0.000000000000000000 ) ) ;
#6117 = VERTEX_POINT ( 'NONE', #5781 ) ;
#6118 = PLANE ( 'NONE',  #2888 ) ;
#6119 = EDGE_CURVE ( 'NONE', #5307, #1864, #2433, .T. ) ;
#6120 = CARTESIAN_POINT ( 'NONE',  ( 30.00000000000001421, 17.00000000000000000, 27.50000000000000000 ) ) ;
ENDSEC;
END-ISO-10303-21;
