ISO-10303-21;
HEADER;
FILE_DESCRIPTION (( 'STEP AP203' ),
    '1' );
FILE_NAME ('GAI.STEP',
    '2026-08-20T03:36:54',
    ( '' ),
    ( '' ),
    'SwSTEP 2.0',
    'SolidWorks 2026',
    '' );
FILE_SCHEMA (( 'CONFIG_CONTROL_DESIGN' ));
ENDSEC;

DATA;
#1 = PLANE ( 'NONE',  #6459 ) ;
#2 = AXIS2_PLACEMENT_3D ( 'NONE', #7749, #7037, #3881 ) ;
#3 = VERTEX_POINT ( 'NONE', #6961 ) ;
#4 = EDGE_CURVE ( 'NONE', #5383, #8844, #3942, .T. ) ;
#5 = AXIS2_PLACEMENT_3D ( 'NONE', #1064, #915, #1672 ) ;
#6 = AXIS2_PLACEMENT_3D ( 'NONE', #3414, #8684, #253 ) ;
#7 = ORIENTED_EDGE ( 'NONE', *, *, #3171, .T. ) ;
#8 = LINE ( 'NONE', #6193, #6119 ) ;
#9 = CARTESIAN_POINT ( 'NONE',  ( 7.499999999999998224, -13.09066085202100282, 70.96998267230843283 ) ) ;
#10 = ORIENTED_EDGE ( 'NONE', *, *, #5872, .F. ) ;
#11 = CARTESIAN_POINT ( 'NONE',  ( 72.00000000000000000, 4.780687915844703539, 58.49999999999990052 ) ) ;
#12 = VECTOR ( 'NONE', #1194, 1000.000000000000000 ) ;
#13 = LINE ( 'NONE', #8411, #9034 ) ;
#14 = CIRCLE ( 'NONE', #7559, 3.250000000002181810 ) ;
#15 = DIRECTION ( 'NONE',  ( 0.000000000000000000, 0.000000000000000000, -1.000000000000000000 ) ) ;
#16 = ORIENTED_EDGE ( 'NONE', *, *, #2557, .T. ) ;
#17 = DIRECTION ( 'NONE',  ( 0.000000000000000000, 0.000000000000000000, -1.000000000000000000 ) ) ;
#18 = ORIENTED_EDGE ( 'NONE', *, *, #5430, .T. ) ;
#19 = ORIENTED_EDGE ( 'NONE', *, *, #1733, .F. ) ;
#20 = CC_DESIGN_APPROVAL ( #9629, ( #6758 ) ) ;
#21 = EDGE_CURVE ( 'NONE', #8250, #4265, #7703, .T. ) ;
#22 = VECTOR ( 'NONE', #2965, 1000.000000000000000 ) ;
#23 = ADVANCED_FACE ( 'NONE', ( #7801 ), #3084, .F. ) ;
#24 = ORIENTED_EDGE ( 'NONE', *, *, #8183, .T. ) ;
#25 = VECTOR ( 'NONE', #7738, 1000.000000000000000 ) ;
#26 = ADVANCED_FACE ( 'NONE', ( #5397 ), #1726, .F. ) ;
#27 = EDGE_LOOP ( 'NONE', ( #2529, #7822 ) ) ;
#28 = CARTESIAN_POINT ( 'NONE',  ( 27.74999999999999645, 1.500000000000000444, -84.61685935133216674 ) ) ;
#29 = DIRECTION ( 'NONE',  ( -2.731847993664262232E-16, -0.000000000000000000, -1.000000000000000000 ) ) ;
#30 = DIRECTION ( 'NONE',  ( 1.000000000000000000, 0.000000000000000000, 0.000000000000000000 ) ) ;
#31 = LINE ( 'NONE', #2389, #7262 ) ;
#32 = AXIS2_PLACEMENT_3D ( 'NONE', #6601, #2784, #5844 ) ;
#33 = VECTOR ( 'NONE', #6260, 1000.000000000000000 ) ;
#34 = VECTOR ( 'NONE', #5030, 1000.000000000000000 ) ;
#35 = CARTESIAN_POINT ( 'NONE',  ( -11.09999999999999609, 9.799999999999998934, 24.99999999999997868 ) ) ;
#36 = EDGE_LOOP ( 'NONE', ( #3238, #5092, #6269, #3213 ) ) ;
#37 = DIRECTION ( 'NONE',  ( -1.000000000000000000, 1.734723475976807686E-15, 0.000000000000000000 ) ) ;
#38 = VERTEX_POINT ( 'NONE', #4700 ) ;
#39 = EDGE_CURVE ( 'NONE', #7843, #1626, #7760, .T. ) ;
#40 = EDGE_CURVE ( 'NONE', #9951, #2937, #3534, .T. ) ;
#41 = AXIS2_PLACEMENT_3D ( 'NONE', #9339, #7729, #5411 ) ;
#42 = VERTEX_POINT ( 'NONE', #881 ) ;
#43 = AXIS2_PLACEMENT_3D ( 'NONE', #538, #9075, #2144 ) ;
#44 = CARTESIAN_POINT ( 'NONE',  ( -39.99999999999999289, 4.780687915844703539, -49.00000000000000000 ) ) ;
#45 = ORIENTED_EDGE ( 'NONE', *, *, #3725, .F. ) ;
#46 = PLANE ( 'NONE',  #9633 ) ;
#47 = CARTESIAN_POINT ( 'NONE',  ( 26.99999999999999645, -1.219312084155296683, 72.00000000000000000 ) ) ;
#48 = LINE ( 'NONE', #3107, #3717 ) ;
#49 = VECTOR ( 'NONE', #5182, 1000.000000000000000 ) ;
#50 = DIRECTION ( 'NONE',  ( -5.634144622830656211E-16, 0.000000000000000000, 1.000000000000000000 ) ) ;
#51 = LINE ( 'NONE', #5372, #845 ) ;
#52 = EDGE_CURVE ( 'NONE', #195, #5696, #170, .T. ) ;
#53 = VECTOR ( 'NONE', #8223, 1000.000000000000000 ) ;
#54 = ORIENTED_EDGE ( 'NONE', *, *, #4569, .T. ) ;
#55 = DIRECTION ( 'NONE',  ( -9.340818716798197812E-16, -0.000000000000000000, 1.000000000000000000 ) ) ;
#56 = VECTOR ( 'NONE', #1227, 1000.000000000000000 ) ;
#57 = VERTEX_POINT ( 'NONE', #3183 ) ;
#58 = EDGE_CURVE ( 'NONE', #147, #1364, #3863, .T. ) ;
#59 = ORIENTED_EDGE ( 'NONE', *, *, #7401, .F. ) ;
#60 = VECTOR ( 'NONE', #243, 1000.000000000000000 ) ;
#61 = CARTESIAN_POINT ( 'NONE',  ( -10.09999999999998721, 10.80000000000000071, 70.99999999999998579 ) ) ;
#62 = CARTESIAN_POINT ( 'NONE',  ( -6.999999999999999112, -3.719312084155296905, 46.00000000000000000 ) ) ;
#63 = AXIS2_PLACEMENT_3D ( 'NONE', #525, #572, #5993 ) ;
#64 = LINE ( 'NONE', #6026, #4190 ) ;
#65 = AXIS2_PLACEMENT_3D ( 'NONE', #9864, #3826, #5224 ) ;
#66 = LINE ( 'NONE', #6990, #1790 ) ;
#67 = CARTESIAN_POINT ( 'NONE',  ( 7.099999999999999645, 7.000000000000000000, 54.70000000000000995 ) ) ;
#68 = AXIS2_PLACEMENT_3D ( 'NONE', #5096, #7363, #3398 ) ;
#69 = ORIENTED_EDGE ( 'NONE', *, *, #648, .F. ) ;
#70 = AXIS2_PLACEMENT_3D ( 'NONE', #9094, #7587, #757 ) ;
#71 = ORIENTED_EDGE ( 'NONE', *, *, #95, .T. ) ;
#72 = DIRECTION ( 'NONE',  ( -0.000000000000000000, -1.000000000000000000, -0.000000000000000000 ) ) ;
#73 = LINE ( 'NONE', #8453, #2248 ) ;
#74 = VECTOR ( 'NONE', #6970, 1000.000000000000000 ) ;
#75 = DIRECTION ( 'NONE',  ( 0.000000000000000000, 0.000000000000000000, 1.000000000000000000 ) ) ;
#76 = LINE ( 'NONE', #7751, #4706 ) ;
#77 = CARTESIAN_POINT ( 'NONE',  ( -27.74999999999999645, -1.691654479331865729E-13, -87.50000000000224532 ) ) ;
#78 = ORIENTED_EDGE ( 'NONE', *, *, #1588, .T. ) ;
#79 = DIRECTION ( 'NONE',  ( -1.000000000000000000, 0.000000000000000000, 7.381802025433220315E-17 ) ) ;
#80 = ORIENTED_EDGE ( 'NONE', *, *, #408, .T. ) ;
#81 = VERTEX_POINT ( 'NONE', #9317 ) ;
#82 = DIRECTION ( 'NONE',  ( -1.000000000000000000, 0.000000000000000000, 0.000000000000000000 ) ) ;
#83 = ORIENTED_EDGE ( 'NONE', *, *, #1246, .T. ) ;
#84 = FACE_BOUND ( 'NONE', #6231, .T. ) ;
#85 = DIRECTION ( 'NONE',  ( 1.000000000000000000, 0.000000000000000000, 0.000000000000000000 ) ) ;
#86 = CARTESIAN_POINT ( 'NONE',  ( -5.300332976687821329, 3.581743159619975803, -72.35432768996622599 ) ) ;
#87 = ADVANCED_FACE ( 'NONE', ( #9229 ), #4644, .F. ) ;
#88 = EDGE_CURVE ( 'NONE', #9397, #468, #6263, .T. ) ;
#89 = LINE ( 'NONE', #179, #1324 ) ;
#90 = ORIENTED_EDGE ( 'NONE', *, *, #9311, .T. ) ;
#91 = DIRECTION ( 'NONE',  ( -0.000000000000000000, 1.000000000000000000, -0.000000000000000000 ) ) ;
#92 = EDGE_LOOP ( 'NONE', ( #712, #1421, #5230, #3765 ) ) ;
#93 = VERTEX_POINT ( 'NONE', #1766 ) ;
#94 = CARTESIAN_POINT ( 'NONE',  ( -39.99999999999998579, -5.219312084155296461, 17.99999999999998934 ) ) ;
#95 = EDGE_CURVE ( 'NONE', #6710, #2980, #2564, .T. ) ;
#96 = CARTESIAN_POINT ( 'NONE',  ( -9.999999999999978684, 1.999999999999999112, -87.50000000000000000 ) ) ;
#97 = DIRECTION ( 'NONE',  ( 0.000000000000000000, 0.000000000000000000, -1.000000000000000000 ) ) ;
#98 = CARTESIAN_POINT ( 'NONE',  ( 16.25000000000000000, 1.780687915844703539, 72.00000000000000000 ) ) ;
#99 = LINE ( 'NONE', #3307, #6572 ) ;
#100 = EDGE_CURVE ( 'NONE', #9253, #303, #3277, .T. ) ;
#101 = DIRECTION ( 'NONE',  ( 1.000000000000000000, 0.000000000000000000, 0.000000000000000000 ) ) ;
#102 = ORIENTED_EDGE ( 'NONE', *, *, #8501, .F. ) ;
#103 = CARTESIAN_POINT ( 'NONE',  ( 7.099999999999999645, 8.000000000000000000, 51.90000000000000568 ) ) ;
#104 = VERTEX_POINT ( 'NONE', #8548 ) ;
#105 = ORIENTED_EDGE ( 'NONE', *, *, #3845, .T. ) ;
#106 = DIRECTION ( 'NONE',  ( 0.000000000000000000, 0.000000000000000000, 1.000000000000000000 ) ) ;
#107 = EDGE_CURVE ( 'NONE', #8073, #557, #4667, .T. ) ;
#108 = CARTESIAN_POINT ( 'NONE',  ( -16.50000000000007816, 0.7499999999999997780, 32.49999999999997868 ) ) ;
#109 = CARTESIAN_POINT ( 'NONE',  ( 0.000000000000000000, -0.2193120841552965994, 0.000000000000000000 ) ) ;
#110 = DIRECTION ( 'NONE',  ( 0.000000000000000000, -1.000000000000000000, 0.000000000000000000 ) ) ;
#111 = EDGE_CURVE ( 'NONE', #6963, #8758, #873, .T. ) ;
#112 = CARTESIAN_POINT ( 'NONE',  ( 23.00000000000000000, -1.219312084155296683, 61.00000000000000000 ) ) ;
#113 = EDGE_CURVE ( 'NONE', #6899, #7472, #6233, .T. ) ;
#114 = EDGE_LOOP ( 'NONE', ( #6057, #9274, #6945, #8193 ) ) ;
#115 = EDGE_LOOP ( 'NONE', ( #6825, #529, #9746, #5050, #4924, #3422, #7393, #7303, #8954, #9117 ) ) ;
#116 = VECTOR ( 'NONE', #7950, 1000.000000000000000 ) ;
#117 = CARTESIAN_POINT ( 'NONE',  ( 25.99999999999999645, 4.780687915844703539, 59.50000000000000711 ) ) ;
#118 = ADVANCED_FACE ( 'NONE', ( #9447 ), #2420, .F. ) ;
#119 = LINE ( 'NONE', #6235, #3369 ) ;
#120 = DIRECTION ( 'NONE',  ( 0.000000000000000000, -1.000000000000000000, 0.000000000000000000 ) ) ;
#121 = DIRECTION ( 'NONE',  ( 1.000000000000000000, 8.673617379884037444E-16, 0.000000000000000000 ) ) ;
#122 = ORIENTED_EDGE ( 'NONE', *, *, #2599, .T. ) ;
#123 = CARTESIAN_POINT ( 'NONE',  ( -10.00000000000000000, 3.780687915844703539, 46.00000000000000000 ) ) ;
#124 = VERTEX_POINT ( 'NONE', #9405 ) ;
#125 = B_SPLINE_CURVE_WITH_KNOTS ( 'NONE', 3,
 ( #6687, #7305, #8003, #9661, #1122, #6590, #5039, #2821, #9755, #4186, #5734, #8803, #7394, #9607, #5082, #2773, #4242, #8952, #1924, #4328, #3630, #466 ),
 .UNSPECIFIED., .F., .F.,
 ( 4, 2, 2, 2, 2, 2, 2, 2, 2, 2, 4 ),
 ( 0.009598984787483446149, 0.01199795015505864502, 0.01319743283884624446, 0.01439691552263384390, 0.01559639820642144681, 0.01619613954831524566, 0.01679588089020904798, 0.01739562223210284683, 0.01799536357399664915, 0.01859510491589044801, 0.01919484625778425033 ),
 .UNSPECIFIED. ) ;
#126 = VERTEX_POINT ( 'NONE', #6996 ) ;
#127 = DIRECTION ( 'NONE',  ( 0.000000000000000000, -1.000000000000000000, 0.000000000000000000 ) ) ;
#128 = CARTESIAN_POINT ( 'NONE',  ( -58.49999999999998579, 4.780687915844703539, -58.50000000000000000 ) ) ;
#129 = ORIENTED_EDGE ( 'NONE', *, *, #414, .T. ) ;
#130 = DIRECTION ( 'NONE',  ( -0.000000000000000000, -0.000000000000000000, 1.000000000000000000 ) ) ;
#131 = CARTESIAN_POINT ( 'NONE',  ( 2.308517379148995757E-15, -1.719312084155296239, -38.50000000000000711 ) ) ;
#132 = CARTESIAN_POINT ( 'NONE',  ( -4.255579795679670596, 4.116176604046787091, -72.12735551703654835 ) ) ;
#133 = CYLINDRICAL_SURFACE ( 'NONE', #365, 3.000000000000002665 ) ;
#134 = EDGE_LOOP ( 'NONE', ( #9763, #3245, #9402, #7968 ) ) ;
#135 = CARTESIAN_POINT ( 'NONE',  ( 13.39999999999999680, 9.799999999999998934, 54.84999999999998010 ) ) ;
#136 = ORIENTED_EDGE ( 'NONE', *, *, #7973, .F. ) ;
#137 = ORIENTED_EDGE ( 'NONE', *, *, #7531, .F. ) ;
#138 = CARTESIAN_POINT ( 'NONE',  ( -2.611894093711524700, 4.673742236402466332, -37.01177605685268901 ) ) ;
#139 = DIRECTION ( 'NONE',  ( -1.000000000000000000, 0.000000000000000000, 0.000000000000000000 ) ) ;
#140 = CARTESIAN_POINT ( 'NONE',  ( 9.499999999999991118, -0.2193120841552965994, -72.00000000000000000 ) ) ;
#141 = CARTESIAN_POINT ( 'NONE',  ( 9.499999999999925393, 4.780687915844703539, 45.00000000000000711 ) ) ;
#142 = FACE_OUTER_BOUND ( 'NONE', #3097, .T. ) ;
#143 = DIRECTION ( 'NONE',  ( 0.000000000000000000, 0.000000000000000000, -1.000000000000000000 ) ) ;
#144 = VERTEX_POINT ( 'NONE', #117 ) ;
#145 = CARTESIAN_POINT ( 'NONE',  ( 16.99999999999999289, 4.780687915844703539, 55.00000000000000000 ) ) ;
#146 = ORIENTED_EDGE ( 'NONE', *, *, #5810, .F. ) ;
#147 = VERTEX_POINT ( 'NONE', #8598 ) ;
#148 = EDGE_CURVE ( 'NONE', #7999, #1529, #3975, .T. ) ;
#149 = LINE ( 'NONE', #2365, #6104 ) ;
#150 = ADVANCED_FACE ( 'NONE', ( #7892 ), #9357, .T. ) ;
#151 = FACE_OUTER_BOUND ( 'NONE', #8310, .T. ) ;
#152 = DIRECTION ( 'NONE',  ( 0.000000000000000000, -1.000000000000000000, 0.000000000000000000 ) ) ;
#153 = DIRECTION ( 'NONE',  ( 0.000000000000000000, -1.000000000000000000, 0.000000000000000000 ) ) ;
#154 = ORIENTED_EDGE ( 'NONE', *, *, #9751, .F. ) ;
#155 = ORIENTED_EDGE ( 'NONE', *, *, #2477, .F. ) ;
#156 = EDGE_CURVE ( 'NONE', #5153, #2415, #7036, .T. ) ;
#157 = AXIS2_PLACEMENT_3D ( 'NONE', #2475, #770, #4634 ) ;
#158 = FACE_OUTER_BOUND ( 'NONE', #8013, .T. ) ;
#159 = VECTOR ( 'NONE', #9533, 1000.000000000000000 ) ;
#160 = ADVANCED_FACE ( 'NONE', ( #158 ), #4125, .F. ) ;
#161 = LINE ( 'NONE', #3071, #9955 ) ;
#162 = DIRECTION ( 'NONE',  ( 1.000000000000000000, -0.000000000000000000, 2.372271420139227768E-16 ) ) ;
#163 = CARTESIAN_POINT ( 'NONE',  ( 7.500000000000001776, 1.780687915844703539, -72.00000000000000000 ) ) ;
#164 = VECTOR ( 'NONE', #8431, 1000.000000000000000 ) ;
#165 = ADVANCED_FACE ( 'NONE', ( #3219 ), #6285, .T. ) ;
#166 = ORIENTED_EDGE ( 'NONE', *, *, #8278, .T. ) ;
#167 = CARTESIAN_POINT ( 'NONE',  ( -59.99999999999987921, 0.000000000000000000, -74.99999999999997158 ) ) ;
#168 = ORIENTED_EDGE ( 'NONE', *, *, #5928, .F. ) ;
#169 = ORIENTED_EDGE ( 'NONE', *, *, #5068, .T. ) ;
#170 = LINE ( 'NONE', #7004, #1773 ) ;
#171 = ADVANCED_FACE ( 'NONE', ( #7835 ), #958, .F. ) ;
#172 = DIRECTION ( 'NONE',  ( 0.000000000000000000, -0.000000000000000000, -1.000000000000000000 ) ) ;
#173 = EDGE_LOOP ( 'NONE', ( #3821, #4771, #6840 ) ) ;
#174 = VECTOR ( 'NONE', #6374, 1000.000000000000114 ) ;
#175 = VECTOR ( 'NONE', #3605, 1000.000000000000000 ) ;
#176 = LINE ( 'NONE', #6302, #7876 ) ;
#177 = DIRECTION ( 'NONE',  ( 0.000000000000000000, 0.000000000000000000, -1.000000000000000000 ) ) ;
#178 = CARTESIAN_POINT ( 'NONE',  ( -2.849950325129378736, 4.609973700822002307, 12.45672520256999327 ) ) ;
#179 = CARTESIAN_POINT ( 'NONE',  ( 26.99999999999999645, -1.219312084155296683, 59.50000000000000711 ) ) ;
#180 = ORIENTED_EDGE ( 'NONE', *, *, #8074, .F. ) ;
#181 = CARTESIAN_POINT ( 'NONE',  ( -59.99999999999989342, 0.000000000000000000, 75.00000000000002842 ) ) ;
#182 = VECTOR ( 'NONE', #1179, 1000.000000000000000 ) ;
#183 = AXIS2_PLACEMENT_3D ( 'NONE', #216, #6338, #3372 ) ;
#184 = ORIENTED_EDGE ( 'NONE', *, *, #8745, .T. ) ;
#185 = ORIENTED_EDGE ( 'NONE', *, *, #9361, .T. ) ;
#186 = CARTESIAN_POINT ( 'NONE',  ( -2.850469714739668703, 4.609824099997023694, -39.45494929905382975 ) ) ;
#187 = DIRECTION ( 'NONE',  ( 0.000000000000000000, -1.000000000000000000, 0.000000000000000000 ) ) ;
#188 = DIRECTION ( 'NONE',  ( -1.000000000000000000, -2.392722035830078479E-16, -0.000000000000000000 ) ) ;
#189 = AXIS2_PLACEMENT_3D ( 'NONE', #7989, #9494, #7482 ) ;
#190 = CARTESIAN_POINT ( 'NONE',  ( 8.395184441433917399, 1.780687915844703539, -71.99999999999997158 ) ) ;
#191 = VECTOR ( 'NONE', #2411, 1000.000000000000000 ) ;
#192 = DIRECTION ( 'NONE',  ( 1.000000000000000000, 0.000000000000000000, 5.634144622830656211E-16 ) ) ;
#193 = EDGE_CURVE ( 'NONE', #3572, #7202, #8987, .T. ) ;
#194 = CARTESIAN_POINT ( 'NONE',  ( -11.09999999999998899, 9.600000000000001421, 54.84999999999998010 ) ) ;
#195 = VERTEX_POINT ( 'NONE', #6382 ) ;
#196 = FACE_OUTER_BOUND ( 'NONE', #7861, .T. ) ;
#197 = ORIENTED_EDGE ( 'NONE', *, *, #8392, .F. ) ;
#198 = AXIS2_PLACEMENT_3D ( 'NONE', #9902, #4575, #5162 ) ;
#199 = VECTOR ( 'NONE', #7710, 1000.000000000000000 ) ;
#200 = ORIENTED_EDGE ( 'NONE', *, *, #7646, .F. ) ;
#201 = CARTESIAN_POINT ( 'NONE',  ( 17.50000000000000000, 4.780687915844703539, 72.00000000000000000 ) ) ;
#202 = ORIENTED_EDGE ( 'NONE', *, *, #7832, .F. ) ;
#203 = CARTESIAN_POINT ( 'NONE',  ( 7.099999999999999645, -3.999999999999999112, 54.70000000000000995 ) ) ;
#204 = DIRECTION ( 'NONE',  ( -0.000000000000000000, -1.000000000000000000, -0.000000000000000000 ) ) ;
#205 = FACE_BOUND ( 'NONE', #4609, .T. ) ;
#206 = VECTOR ( 'NONE', #4850, 1000.000000000000000 ) ;
#207 = CIRCLE ( 'NONE', #9203, 1.000000000000000888 ) ;
#208 = ORIENTED_EDGE ( 'NONE', *, *, #9064, .T. ) ;
#209 = EDGE_CURVE ( 'NONE', #5153, #8086, #8695, .T. ) ;
#210 = EDGE_CURVE ( 'NONE', #5155, #1736, #4369, .T. ) ;
#211 = ORIENTED_EDGE ( 'NONE', *, *, #8145, .T. ) ;
#212 = AXIS2_PLACEMENT_3D ( 'NONE', #3319, #7611, #5575 ) ;
#213 = CIRCLE ( 'NONE', #7753, 19.99999999999999645 ) ;
#214 = DIRECTION ( 'NONE',  ( -1.000000000000000000, 0.000000000000000000, -0.000000000000000000 ) ) ;
#215 = DIRECTION ( 'NONE',  ( -0.000000000000000000, 1.000000000000000000, -0.000000000000000000 ) ) ;
#216 = CARTESIAN_POINT ( 'NONE',  ( 23.00000000000000000, -1.219312084155296683, 61.00000000000000000 ) ) ;
#217 = CARTESIAN_POINT ( 'NONE',  ( 26.00000000000000000, 4.780687915844703539, 72.00000000000000000 ) ) ;
#218 = AXIS2_PLACEMENT_3D ( 'NONE', #9125, #1430, #4446 ) ;
#219 = DIRECTION ( 'NONE',  ( -1.000000000000000000, 0.000000000000000000, 1.734723475976805714E-15 ) ) ;
#220 = VECTOR ( 'NONE', #8388, 1000.000000000000000 ) ;
#221 = EDGE_CURVE ( 'NONE', #3394, #2171, #7383, .T. ) ;
#222 = ORIENTED_EDGE ( 'NONE', *, *, #7403, .T. ) ;
#223 = APPLICATION_PROTOCOL_DEFINITION ( 'international standard', 'config_control_design', 1994, #4619 ) ;
#224 = ORIENTED_EDGE ( 'NONE', *, *, #1869, .F. ) ;
#225 = ORIENTED_EDGE ( 'NONE', *, *, #3111, .T. ) ;
#226 = CIRCLE ( 'NONE', #6640, 3.250000000002188028 ) ;
#227 = ORIENTED_EDGE ( 'NONE', *, *, #5254, .F. ) ;
#228 = FACE_OUTER_BOUND ( 'NONE', #3600, .T. ) ;
#229 = ORIENTED_EDGE ( 'NONE', *, *, #2440, .T. ) ;
#230 = EDGE_CURVE ( 'NONE', #5412, #5535, #5875, .T. ) ;
#231 = LINE ( 'NONE', #6394, #4683 ) ;
#232 = CARTESIAN_POINT ( 'NONE',  ( -17.00000000000000000, -1.219312084155296683, 46.00000000000000000 ) ) ;
#233 = CARTESIAN_POINT ( 'NONE',  ( -2.850469714739668703, 4.609824099997024582, 10.54505070094617025 ) ) ;
#234 = EDGE_CURVE ( 'NONE', #3250, #9951, #8047, .T. ) ;
#235 = DIRECTION ( 'NONE',  ( -5.634144622830656211E-16, -0.000000000000000000, 1.000000000000000000 ) ) ;
#236 = EDGE_CURVE ( 'NONE', #3139, #5608, #9502, .T. ) ;
#237 = ORIENTED_EDGE ( 'NONE', *, *, #9921, .T. ) ;
#238 = DIRECTION ( 'NONE',  ( 0.9986295347545739443, 0.05233595624294377913, 0.000000000000000000 ) ) ;
#239 = ORIENTED_EDGE ( 'NONE', *, *, #6291, .F. ) ;
#240 = EDGE_LOOP ( 'NONE', ( #4838, #1253, #2181, #744 ) ) ;
#241 = CARTESIAN_POINT ( 'NONE',  ( -6.000000000000000000, -3.719312084155296905, 45.00000000000000000 ) ) ;
#242 = FACE_OUTER_BOUND ( 'NONE', #5311, .T. ) ;
#243 = DIRECTION ( 'NONE',  ( 0.000000000000000000, 0.000000000000000000, -1.000000000000000000 ) ) ;
#244 = DIRECTION ( 'NONE',  ( 1.885568995626964287E-16, 0.000000000000000000, -1.000000000000000000 ) ) ;
#245 = LINE ( 'NONE', #5601, #7152 ) ;
#246 = DIRECTION ( 'NONE',  ( -0.000000000000000000, 0.000000000000000000, -1.000000000000000000 ) ) ;
#247 = ORIENTED_EDGE ( 'NONE', *, *, #3895, .T. ) ;
#248 = DIRECTION ( 'NONE',  ( 0.000000000000000000, 0.000000000000000000, -1.000000000000000000 ) ) ;
#249 = ORIENTED_EDGE ( 'NONE', *, *, #5602, .F. ) ;
#250 = ORIENTED_EDGE ( 'NONE', *, *, #7452, .F. ) ;
#251 = DIRECTION ( 'NONE',  ( -1.000000000000000000, 0.000000000000000000, -0.000000000000000000 ) ) ;
#252 = ORIENTED_EDGE ( 'NONE', *, *, #5254, .T. ) ;
#253 = DIRECTION ( 'NONE',  ( -1.000000000000000000, 0.000000000000000000, -0.000000000000000000 ) ) ;
#254 = PLANE ( 'NONE',  #3067 ) ;
#255 = CARTESIAN_POINT ( 'NONE',  ( 16.25000000000000000, 1.780687915844703539, 72.00000000000000000 ) ) ;
#256 = VECTOR ( 'NONE', #4633, 1000.000000000000000 ) ;
#257 = ORIENTED_EDGE ( 'NONE', *, *, #148, .T. ) ;
#258 = CARTESIAN_POINT ( 'NONE',  ( -9.500000000000001776, 0.7500000000000000000, 34.59999999999999432 ) ) ;
#259 = ORIENTED_EDGE ( 'NONE', *, *, #7232, .T. ) ;
#260 = DIRECTION ( 'NONE',  ( 0.000000000000000000, -1.000000000000000000, 0.000000000000000000 ) ) ;
#261 = DIRECTION ( 'NONE',  ( 0.000000000000000000, 1.000000000000000000, 0.000000000000000000 ) ) ;
#262 = DIRECTION ( 'NONE',  ( -0.000000000000000000, -1.000000000000000000, -0.000000000000000000 ) ) ;
#263 = CARTESIAN_POINT ( 'NONE',  ( -8.500000000000000000, -0.2193120841552965994, 34.36291011149504726 ) ) ;
#264 = PLANE ( 'NONE',  #5813 ) ;
#265 = VECTOR ( 'NONE', #4026, 1000.000000000000000 ) ;
#266 = VERTEX_POINT ( 'NONE', #5828 ) ;
#267 = COORDINATED_UNIVERSAL_TIME_OFFSET ( 8, 0, .AHEAD. ) ;
#268 = VERTEX_POINT ( 'NONE', #8749 ) ;
#269 = ORIENTED_EDGE ( 'NONE', *, *, #766, .F. ) ;
#270 = CARTESIAN_POINT ( 'NONE',  ( -18.32361441789065282, -3.499999999999999556, 75.00000000000004263 ) ) ;
#271 = VERTEX_POINT ( 'NONE', #5725 ) ;
#272 = EDGE_CURVE ( 'NONE', #3072, #8028, #1164, .T. ) ;
#273 = ADVANCED_FACE ( 'NONE', ( #4174 ), #457, .T. ) ;
#274 = DIRECTION ( 'NONE',  ( -0.000000000000000000, 1.000000000000000000, -0.000000000000000000 ) ) ;
#275 = AXIS2_PLACEMENT_3D ( 'NONE', #6951, #4692, #5480 ) ;
#276 = DIRECTION ( 'NONE',  ( -1.476360405086644309E-16, 0.000000000000000000, -1.000000000000000000 ) ) ;
#277 = CARTESIAN_POINT ( 'NONE',  ( -12.49999999999999822, 3.850000000000008082, 79.99999999999998579 ) ) ;
#278 = DIRECTION ( 'NONE',  ( -0.000000000000000000, 1.000000000000000000, -0.000000000000000000 ) ) ;
#279 = ORIENTED_EDGE ( 'NONE', *, *, #2987, .T. ) ;
#280 = DIRECTION ( 'NONE',  ( -0.000000000000000000, -0.000000000000000000, 1.000000000000000000 ) ) ;
#281 = AXIS2_PLACEMENT_3D ( 'NONE', #9566, #2679, #5781 ) ;
#282 = ORIENTED_EDGE ( 'NONE', *, *, #2127, .F. ) ;
#283 = EDGE_CURVE ( 'NONE', #1261, #2482, #7440, .T. ) ;
#284 = ORIENTED_EDGE ( 'NONE', *, *, #5014, .F. ) ;
#285 = CARTESIAN_POINT ( 'NONE',  ( -9.500000000000001776, 4.780687915844703539, 45.00000000000000000 ) ) ;
#286 = EDGE_CURVE ( 'NONE', #3354, #1580, #5683, .T. ) ;
#287 = DIRECTION ( 'NONE',  ( -0.000000000000000000, -0.000000000000000000, -1.000000000000000000 ) ) ;
#288 = LINE ( 'NONE', #3456, #1830 ) ;
#289 = DIRECTION ( 'NONE',  ( 0.000000000000000000, 0.000000000000000000, -1.000000000000000000 ) ) ;
#290 = LINE ( 'NONE', #9338, #638 ) ;
#291 = CARTESIAN_POINT ( 'NONE',  ( 6.722470170765915576, 2.595922299027324964, 31.49504995637531124 ) ) ;
#292 = FACE_OUTER_BOUND ( 'NONE', #5664, .T. ) ;
#293 = ORIENTED_EDGE ( 'NONE', *, *, #7943, .T. ) ;
#294 = PLANE ( 'NONE',  #2936 ) ;
#295 = EDGE_CURVE ( 'NONE', #8621, #7786, #8845, .T. ) ;
#296 = ORIENTED_EDGE ( 'NONE', *, *, #731, .F. ) ;
#297 = ORIENTED_EDGE ( 'NONE', *, *, #2857, .T. ) ;
#298 = CARTESIAN_POINT ( 'NONE',  ( -12.40000000000000746, 10.80000000000000071, 5.081237268215529784E-15 ) ) ;
#299 = VERTEX_POINT ( 'NONE', #4927 ) ;
#300 = CARTESIAN_POINT ( 'NONE',  ( 0.000000000000000000, 9.799999999999998934, 70.99999999999998579 ) ) ;
#301 = CARTESIAN_POINT ( 'NONE',  ( -59.99999999999985789, 8.000000000000000000, 79.99999999999998579 ) ) ;
#302 = CARTESIAN_POINT ( 'NONE',  ( -9.500000000000001776, -0.2193120841552965994, 45.00000000000000000 ) ) ;
#303 = VERTEX_POINT ( 'NONE', #8186 ) ;
#304 = CARTESIAN_POINT ( 'NONE',  ( -4.200000000000000178, 10.80000000000000071, 56.10000000000000853 ) ) ;
#305 = EDGE_LOOP ( 'NONE', ( #3381, #2057, #8867, #6555, #3452 ) ) ;
#306 = CARTESIAN_POINT ( 'NONE',  ( -58.50000000000000000, 4.780687915844703539, 72.00000000000000000 ) ) ;
#307 = DIRECTION ( 'NONE',  ( -0.000000000000000000, 1.000000000000000000, -0.000000000000000000 ) ) ;
#308 = CARTESIAN_POINT ( 'NONE',  ( 59.99999999999989342, 0.000000000000000000, -74.99999999999997158 ) ) ;
#309 = CARTESIAN_POINT ( 'NONE',  ( -20.49999999999999645, 3.780687915844703539, 50.99999999999999289 ) ) ;
#310 = CARTESIAN_POINT ( 'NONE',  ( -60.00000000000000000, -6.500000000000000000, 60.00000000000002842 ) ) ;
#311 = ADVANCED_FACE ( 'NONE', ( #4974 ), #2016, .F. ) ;
#312 = ORIENTED_EDGE ( 'NONE', *, *, #912, .T. ) ;
#313 =( NAMED_UNIT ( * ) SI_UNIT ( $, .STERADIAN. ) SOLID_ANGLE_UNIT ( ) );
#314 = VECTOR ( 'NONE', #2858, 1000.000000000000000 ) ;
#315 = ORIENTED_EDGE ( 'NONE', *, *, #234, .F. ) ;
#316 = VECTOR ( 'NONE', #3044, 1000.000000000000000 ) ;
#317 = VERTEX_POINT ( 'NONE', #6486 ) ;
#318 = CARTESIAN_POINT ( 'NONE',  ( 11.09999999999999787, 9.600000000000001421, 42.14999999999997726 ) ) ;
#319 = ORIENTED_EDGE ( 'NONE', *, *, #7945, .F. ) ;
#320 = DIRECTION ( 'NONE',  ( 0.000000000000000000, 0.000000000000000000, 1.000000000000000000 ) ) ;
#321 = FACE_BOUND ( 'NONE', #2175, .T. ) ;
#322 = VECTOR ( 'NONE', #4591, 1000.000000000000000 ) ;
#323 = DIRECTION ( 'NONE',  ( 0.000000000000000000, 0.000000000000000000, 1.000000000000000000 ) ) ;
#324 = CARTESIAN_POINT ( 'NONE',  ( -9.500000000000001776, -0.2193120841552965994, -72.00000000000000000 ) ) ;
#325 = VERTEX_POINT ( 'NONE', #3574 ) ;
#326 = CARTESIAN_POINT ( 'NONE',  ( 40.00000000000000000, -5.219312084155296461, 2.999999999999993783 ) ) ;
#327 = EDGE_CURVE ( 'NONE', #861, #8607, #6533, .T. ) ;
#328 = EDGE_CURVE ( 'NONE', #3072, #3856, #3518, .T. ) ;
#329 = VERTEX_POINT ( 'NONE', #4233 ) ;
#330 = VECTOR ( 'NONE', #6153, 1000.000000000000000 ) ;
#331 = AXIS2_PLACEMENT_3D ( 'NONE', #5020, #3617, #8093 ) ;
#332 = VERTEX_POINT ( 'NONE', #8141 ) ;
#333 = CARTESIAN_POINT ( 'NONE',  ( 8.484234814047679762, 0.08150558390836343259, 34.51943199571388732 ) ) ;
#334 = DIRECTION ( 'NONE',  ( -0.000000000000000000, -1.000000000000000000, -0.000000000000000000 ) ) ;
#335 = CARTESIAN_POINT ( 'NONE',  ( -6.000000000000000000, -3.719312084155296905, 50.60000000000000142 ) ) ;
#336 = DIRECTION ( 'NONE',  ( 0.000000000000000000, 0.000000000000000000, 1.000000000000000000 ) ) ;
#337 = CARTESIAN_POINT ( 'NONE',  ( -60.00000000000002132, 8.000000000000000000, -60.00000000000002132 ) ) ;
#338 = CARTESIAN_POINT ( 'NONE',  ( -25.99999999999999645, -1.219312084155296683, 55.00000000000000000 ) ) ;
#339 = VECTOR ( 'NONE', #6204, 1000.000000000000000 ) ;
#340 = VECTOR ( 'NONE', #7341, 1000.000000000000000 ) ;
#341 = DIRECTION ( 'NONE',  ( -1.000000000000000000, -0.000000000000000000, -0.000000000000000000 ) ) ;
#342 = EDGE_CURVE ( 'NONE', #6076, #8128, #1254, .T. ) ;
#343 = ORIENTED_EDGE ( 'NONE', *, *, #2249, .T. ) ;
#344 = CARTESIAN_POINT ( 'NONE',  ( -23.99999999999999645, 1.000000000000000888, -95.00000000000223110 ) ) ;
#345 = EDGE_CURVE ( 'NONE', #3643, #2647, #9649, .T. ) ;
#346 = ORIENTED_EDGE ( 'NONE', *, *, #8323, .F. ) ;
#347 = VERTEX_POINT ( 'NONE', #7993 ) ;
#348 = VECTOR ( 'NONE', #7597, 1000.000000000000000 ) ;
#349 = PLANE ( 'NONE',  #8974 ) ;
#350 = VECTOR ( 'NONE', #450, 1000.000000000000000 ) ;
#351 = EDGE_LOOP ( 'NONE', ( #9031, #6880, #4643, #1604 ) ) ;
#352 = FACE_OUTER_BOUND ( 'NONE', #4114, .T. ) ;
#353 = CARTESIAN_POINT ( 'NONE',  ( 31.49999999999999289, 3.780687915844703539, 51.00000000000006395 ) ) ;
#354 = CARTESIAN_POINT ( 'NONE',  ( -23.00000000000000000, -1.219312084155296683, 61.00000000000000000 ) ) ;
#355 = EDGE_CURVE ( 'NONE', #7217, #2497, #1110, .T. ) ;
#356 = EDGE_CURVE ( 'NONE', #9754, #104, #812, .T. ) ;
#357 = AXIS2_PLACEMENT_3D ( 'NONE', #1096, #246, #3308 ) ;
#358 = ORIENTED_EDGE ( 'NONE', *, *, #1268, .T. ) ;
#359 = DIRECTION ( 'NONE',  ( -0.000000000000000000, -0.000000000000000000, -1.000000000000000000 ) ) ;
#360 = AXIS2_PLACEMENT_3D ( 'NONE', #8476, #6173, #4760 ) ;
#361 = EDGE_CURVE ( 'NONE', #7825, #1836, #6071, .T. ) ;
#362 = ORIENTED_EDGE ( 'NONE', *, *, #4322, .T. ) ;
#363 = CARTESIAN_POINT ( 'NONE',  ( -80.00000000000001421, 0.000000000000000000, -59.99999999999987210 ) ) ;
#364 = FACE_OUTER_BOUND ( 'NONE', #9824, .T. ) ;
#365 = AXIS2_PLACEMENT_3D ( 'NONE', #7809, #3092, #9327 ) ;
#366 = FACE_OUTER_BOUND ( 'NONE', #8840, .T. ) ;
#367 = VECTOR ( 'NONE', #1887, 1000.000000000000000 ) ;
#368 = DIRECTION ( 'NONE',  ( -0.000000000000000000, 1.000000000000000000, -0.000000000000000000 ) ) ;
#369 = DIRECTION ( 'NONE',  ( 0.000000000000000000, 0.000000000000000000, -1.000000000000000000 ) ) ;
#370 = CIRCLE ( 'NONE', #8873, 3.250000000002188028 ) ;
#371 = ORIENTED_EDGE ( 'NONE', *, *, #4086, .F. ) ;
#372 = CIRCLE ( 'NONE', #2450, 1.250000000000001110 ) ;
#373 = ORIENTED_EDGE ( 'NONE', *, *, #5329, .F. ) ;
#374 = ORIENTED_EDGE ( 'NONE', *, *, #4647, .F. ) ;
#375 = DIRECTION ( 'NONE',  ( -1.000000000000000000, 0.000000000000000000, 0.000000000000000000 ) ) ;
#376 = FACE_OUTER_BOUND ( 'NONE', #684, .T. ) ;
#377 = ORIENTED_EDGE ( 'NONE', *, *, #5384, .F. ) ;
#378 = AXIS2_PLACEMENT_3D ( 'NONE', #47, #1045, #3957 ) ;
#379 = CARTESIAN_POINT ( 'NONE',  ( -25.99999999999999645, 4.780687915844703539, 55.00000000000000000 ) ) ;
#380 = AXIS2_PLACEMENT_3D ( 'NONE', #9291, #1704, #1749 ) ;
#381 = DIRECTION ( 'NONE',  ( 1.000000000000000000, 0.000000000000000000, 0.000000000000000000 ) ) ;
#382 = AXIS2_PLACEMENT_3D ( 'NONE', #1802, #2653, #5711 ) ;
#383 = LINE ( 'NONE', #5589, #4849 ) ;
#384 = DIRECTION ( 'NONE',  ( -1.000000000000000000, 0.000000000000000000, 0.000000000000000000 ) ) ;
#385 = AXIS2_PLACEMENT_3D ( 'NONE', #8422, #1542, #787 ) ;
#386 = ORIENTED_EDGE ( 'NONE', *, *, #1093, .T. ) ;
#387 = PLANE ( 'NONE',  #8094 ) ;
#388 = EDGE_LOOP ( 'NONE', ( #3797, #9468, #431, #1290, #4344 ) ) ;
#389 = VECTOR ( 'NONE', #2887, 1000.000000000000000 ) ;
#390 = ORIENTED_EDGE ( 'NONE', *, *, #4533, .F. ) ;
#391 = DIRECTION ( 'NONE',  ( -1.000000000000000000, 0.000000000000000000, -2.775557561562891844E-16 ) ) ;
#392 = DIRECTION ( 'NONE',  ( -0.000000000000000000, 0.000000000000000000, 1.000000000000000000 ) ) ;
#393 = PLANE ( 'NONE',  #869 ) ;
#394 = ADVANCED_FACE ( 'NONE', ( #3624 ), #2268, .T. ) ;
#395 = CARTESIAN_POINT ( 'NONE',  ( 2.308517379148995757E-15, -1.719312084155296239, 11.49999999999999289 ) ) ;
#396 = EDGE_CURVE ( 'NONE', #8068, #6856, #9147, .T. ) ;
#397 = DIRECTION ( 'NONE',  ( 1.000000000000000000, 0.000000000000000000, 0.000000000000000000 ) ) ;
#398 = DIRECTION ( 'NONE',  ( 1.000000000000000000, -1.606225440719248864E-16, 0.000000000000000000 ) ) ;
#399 = ORIENTED_EDGE ( 'NONE', *, *, #2193, .T. ) ;
#400 = LINE ( 'NONE', #2002, #3590 ) ;
#401 = ORIENTED_EDGE ( 'NONE', *, *, #5682, .F. ) ;
#402 = DIRECTION ( 'NONE',  ( -1.000000000000000000, 0.000000000000000000, -0.000000000000000000 ) ) ;
#403 = ORIENTED_EDGE ( 'NONE', *, *, #1708, .T. ) ;
#404 = DIRECTION ( 'NONE',  ( -0.000000000000000000, 1.000000000000000000, -0.000000000000000000 ) ) ;
#405 = CARTESIAN_POINT ( 'NONE',  ( -17.50000000000000000, 4.780687915844703539, 53.99999999999999289 ) ) ;
#406 = EDGE_CURVE ( 'NONE', #3136, #777, #8508, .T. ) ;
#407 = DIRECTION ( 'NONE',  ( -1.000000000000000000, -0.000000000000000000, -0.000000000000000000 ) ) ;
#408 = EDGE_CURVE ( 'NONE', #1715, #6878, #9906, .T. ) ;
#409 = ORIENTED_EDGE ( 'NONE', *, *, #5721, .F. ) ;
#410 = CARTESIAN_POINT ( 'NONE',  ( -11.59999999999999609, 9.799999999999998934, 24.19999999999997442 ) ) ;
#411 = ORIENTED_EDGE ( 'NONE', *, *, #6770, .F. ) ;
#412 = DIRECTION ( 'NONE',  ( -0.000000000000000000, 1.000000000000000000, -0.000000000000000000 ) ) ;
#413 = FACE_OUTER_BOUND ( 'NONE', #8213, .T. ) ;
#414 = EDGE_CURVE ( 'NONE', #7825, #6735, #7487, .T. ) ;
#415 = CIRCLE ( 'NONE', #9401, 13.49999999999999822 ) ;
#416 = FACE_OUTER_BOUND ( 'NONE', #5836, .T. ) ;
#417 = EDGE_CURVE ( 'NONE', #5288, #5508, #657, .T. ) ;
#418 = DIRECTION ( 'NONE',  ( 0.000000000000000000, 0.000000000000000000, 1.000000000000000000 ) ) ;
#419 = DIRECTION ( 'NONE',  ( 0.000000000000000000, -1.000000000000000000, 0.000000000000000000 ) ) ;
#420 = EDGE_CURVE ( 'NONE', #2169, #7763, #9047, .T. ) ;
#421 = ORIENTED_EDGE ( 'NONE', *, *, #422, .T. ) ;
#422 = EDGE_CURVE ( 'NONE', #1133, #2301, #1517, .T. ) ;
#423 = ORIENTED_EDGE ( 'NONE', *, *, #4957, .T. ) ;
#424 = LINE ( 'NONE', #1264, #1109 ) ;
#425 = DIRECTION ( 'NONE',  ( 0.000000000000000000, 0.000000000000000000, 1.000000000000000000 ) ) ;
#426 = VERTEX_POINT ( 'NONE', #606 ) ;
#427 = DIRECTION ( 'NONE',  ( 0.000000000000000000, -0.8944271909999157444, 0.4472135954999582608 ) ) ;
#428 = CARTESIAN_POINT ( 'NONE',  ( -10.09999999999998721, 10.80000000000000071, 70.99999999999998579 ) ) ;
#429 = DIRECTION ( 'NONE',  ( 1.000000000000000000, 0.000000000000000000, 5.634144622830656211E-16 ) ) ;
#430 = CARTESIAN_POINT ( 'NONE',  ( 9.499999999999991118, -0.2193120841552965994, -72.00000000000000000 ) ) ;
#431 = ORIENTED_EDGE ( 'NONE', *, *, #8269, .F. ) ;
#432 = CARTESIAN_POINT ( 'NONE',  ( 9.499999999999925393, -0.2193120841552965994, 45.00000000000000711 ) ) ;
#433 = ORIENTED_EDGE ( 'NONE', *, *, #4374, .T. ) ;
#434 = VERTEX_POINT ( 'NONE', #6881 ) ;
#435 = CIRCLE ( 'NONE', #6850, 10.99999999999999645 ) ;
#436 = ORIENTED_EDGE ( 'NONE', *, *, #6549, .F. ) ;
#437 = DIRECTION ( 'NONE',  ( -0.000000000000000000, 1.000000000000000000, -0.000000000000000000 ) ) ;
#438 = DIRECTION ( 'NONE',  ( 0.000000000000000000, -0.000000000000000000, 1.000000000000000000 ) ) ;
#439 = LINE ( 'NONE', #6050, #5349 ) ;
#440 = DIRECTION ( 'NONE',  ( 0.000000000000000000, -1.000000000000000000, 0.000000000000000000 ) ) ;
#441 = CARTESIAN_POINT ( 'NONE',  ( -58.49999999999990052, -2.349999999999995204, 72.00000000000000000 ) ) ;
#442 = LINE ( 'NONE', #1855, #2448 ) ;
#443 = EDGE_CURVE ( 'NONE', #9753, #3393, #4580, .T. ) ;
#444 = ORIENTED_EDGE ( 'NONE', *, *, #2200, .F. ) ;
#445 = CARTESIAN_POINT ( 'NONE',  ( 7.000000000000000000, -3.719312084155296905, 50.60000000000000142 ) ) ;
#446 = VERTEX_POINT ( 'NONE', #759 ) ;
#447 = CARTESIAN_POINT ( 'NONE',  ( -7.243498464200031073, 2.140720324292119781, 30.91859551968185471 ) ) ;
#448 = ORIENTED_EDGE ( 'NONE', *, *, #5068, .F. ) ;
#449 = CARTESIAN_POINT ( 'NONE',  ( 8.500000000000000000, -0.2193120841552965994, 45.00000000000000711 ) ) ;
#450 = DIRECTION ( 'NONE',  ( -0.000000000000000000, 1.000000000000000000, -0.000000000000000000 ) ) ;
#451 = CARTESIAN_POINT ( 'NONE',  ( 12.60000000000000675, 8.000000000000000000, 25.19999999999997087 ) ) ;
#452 = ORIENTED_EDGE ( 'NONE', *, *, #6490, .F. ) ;
#453 = PLANE ( 'NONE',  #4544 ) ;
#454 = EDGE_CURVE ( 'NONE', #4304, #6722, #974, .T. ) ;
#455 = EDGE_CURVE ( 'NONE', #6899, #8758, #3822, .T. ) ;
#456 = VERTEX_POINT ( 'NONE', #2906 ) ;
#457 = CYLINDRICAL_SURFACE ( 'NONE', #5640, 7.000000000000006217 ) ;
#458 = CARTESIAN_POINT ( 'NONE',  ( 8.500000000000000000, -0.2193120841552965994, 0.000000000000000000 ) ) ;
#459 = LINE ( 'NONE', #3520, #5142 ) ;
#460 = LINE ( 'NONE', #7633, #5282 ) ;
#461 = CARTESIAN_POINT ( 'NONE',  ( -6.999999999999999112, -3.719312084155296905, 46.00000000000000000 ) ) ;
#462 = ADVANCED_FACE ( 'NONE', ( #4624 ), #8290, .F. ) ;
#463 = ORIENTED_EDGE ( 'NONE', *, *, #5860, .F. ) ;
#464 = ADVANCED_FACE ( 'NONE', ( #9952 ), #7683, .F. ) ;
#465 = VERTEX_POINT ( 'NONE', #3059 ) ;
#466 = CARTESIAN_POINT ( 'NONE',  ( 7.389181280764465676, 1.999999999999999112, -75.00000000000000000 ) ) ;
#467 = CARTESIAN_POINT ( 'NONE',  ( 26.99999999999999645, 4.780687915844703539, 59.50000000000000711 ) ) ;
#468 = VERTEX_POINT ( 'NONE', #9206 ) ;
#469 = DIRECTION ( 'NONE',  ( 1.000000000000000000, 0.000000000000000000, -1.476360405086644309E-16 ) ) ;
#470 = CARTESIAN_POINT ( 'NONE',  ( -11.09999999999998899, 9.600000000000001421, 54.84999999999998010 ) ) ;
#471 = EDGE_CURVE ( 'NONE', #1379, #6658, #7387, .T. ) ;
#472 = AXIS2_PLACEMENT_3D ( 'NONE', #7225, #2609, #4307 ) ;
#473 = CARTESIAN_POINT ( 'NONE',  ( -59.99999999999989342, -6.500000000000000000, 75.00000000000002842 ) ) ;
#474 = ORIENTED_EDGE ( 'NONE', *, *, #5370, .T. ) ;
#475 = CARTESIAN_POINT ( 'NONE',  ( 4.200000000000000178, 10.80000000000000071, 51.90000000000001279 ) ) ;
#476 = ORIENTED_EDGE ( 'NONE', *, *, #8269, .T. ) ;
#477 = ADVANCED_FACE ( 'NONE', ( #9097, #6835 ), #715, .T. ) ;
#478 = VERTEX_POINT ( 'NONE', #2510 ) ;
#479 = ORIENTED_EDGE ( 'NONE', *, *, #3403, .T. ) ;
#480 = VECTOR ( 'NONE', #9255, 1000.000000000000000 ) ;
#481 = CARTESIAN_POINT ( 'NONE',  ( 2.492214399021098479E-15, -1.719312084155296239, 9.999999999999991118 ) ) ;
#482 = CARTESIAN_POINT ( 'NONE',  ( 12.50000000000000000, 0.7500000000000096589, 79.99999999999998579 ) ) ;
#483 = DIRECTION ( 'NONE',  ( 0.000000000000000000, -1.000000000000000000, 0.000000000000000000 ) ) ;
#484 = LINE ( 'NONE', #2652, #2351 ) ;
#485 = CARTESIAN_POINT ( 'NONE',  ( -8.500000000000000000, -0.2193120841552965994, 30.63708988850492787 ) ) ;
#486 = ORIENTED_EDGE ( 'NONE', *, *, #952, .F. ) ;
#487 = VECTOR ( 'NONE', #82, 1000.000000000000000 ) ;
#488 = CARTESIAN_POINT ( 'NONE',  ( 27.74999999999999645, -1.691654479331865729E-13, -87.50000000000224532 ) ) ;
#489 = VECTOR ( 'NONE', #4458, 1000.000000000000000 ) ;
#490 = ORIENTED_EDGE ( 'NONE', *, *, #9815, .F. ) ;
#491 = DIRECTION ( 'NONE',  ( -0.000000000000000000, 0.000000000000000000, -1.000000000000000000 ) ) ;
#492 = EDGE_LOOP ( 'NONE', ( #5672, #924, #239 ) ) ;
#493 = PLANE ( 'NONE',  #7220 ) ;
#494 = CARTESIAN_POINT ( 'NONE',  ( -12.49999999999999645, 0.7500000000000126565, 66.99999999999998579 ) ) ;
#495 = AXIS2_PLACEMENT_3D ( 'NONE', #3265, #251, #6987 ) ;
#496 = AXIS2_PLACEMENT_3D ( 'NONE', #6558, #8965, #7319 ) ;
#497 = DIRECTION ( 'NONE',  ( -0.000000000000000000, 1.000000000000000000, -0.000000000000000000 ) ) ;
#498 = VECTOR ( 'NONE', #7664, 1000.000000000000000 ) ;
#499 = EDGE_LOOP ( 'NONE', ( #3529, #7558, #4475, #8471, #7013, #5462 ) ) ;
#500 = DIRECTION ( 'NONE',  ( 0.000000000000000000, -1.000000000000000000, 0.000000000000000000 ) ) ;
#501 = CIRCLE ( 'NONE', #2104, 1.250000000000001110 ) ;
#502 = AXIS2_PLACEMENT_3D ( 'NONE', #5144, #5896, #6813 ) ;
#503 = ORIENTED_EDGE ( 'NONE', *, *, #3175, .T. ) ;
#504 = DIRECTION ( 'NONE',  ( -1.000000000000000000, -0.000000000000000000, -0.000000000000000000 ) ) ;
#505 = DIRECTION ( 'NONE',  ( 0.000000000000000000, 0.000000000000000000, -1.000000000000000000 ) ) ;
#506 = CARTESIAN_POINT ( 'NONE',  ( 26.99999999999999645, 4.780687915844703539, 64.00000000000000000 ) ) ;
#507 = VECTOR ( 'NONE', #680, 1000.000000000000000 ) ;
#508 = EDGE_CURVE ( 'NONE', #6747, #2644, #8484, .T. ) ;
#509 = VECTOR ( 'NONE', #497, 1000.000000000000000 ) ;
#510 = DIRECTION ( 'NONE',  ( -0.000000000000000000, 1.000000000000000000, -0.000000000000000000 ) ) ;
#511 = VECTOR ( 'NONE', #1756, 1000.000000000000000 ) ;
#512 = ADVANCED_FACE ( 'NONE', ( #4675 ), #6938, .F. ) ;
#513 = ORIENTED_EDGE ( 'NONE', *, *, #5246, .T. ) ;
#514 = VERTEX_POINT ( 'NONE', #7736 ) ;
#515 = CIRCLE ( 'NONE', #5802, 1.250000000000001110 ) ;
#516 = VECTOR ( 'NONE', #5739, 1000.000000000000000 ) ;
#517 = CARTESIAN_POINT ( 'NONE',  ( 9.500000000000015987, 4.780687915844703539, 19.99999999999999289 ) ) ;
#518 = FACE_OUTER_BOUND ( 'NONE', #5732, .T. ) ;
#519 = ORIENTED_EDGE ( 'NONE', *, *, #2957, .T. ) ;
#520 = CARTESIAN_POINT ( 'NONE',  ( -17.00000000000000000, -1.219312084155296683, 46.00000000000000000 ) ) ;
#521 = PLANE ( 'NONE',  #524 ) ;
#522 = EDGE_CURVE ( 'NONE', #2352, #1870, #5611, .T. ) ;
#523 = AXIS2_PLACEMENT_3D ( 'NONE', #8012, #3296, #1185 ) ;
#524 = AXIS2_PLACEMENT_3D ( 'NONE', #3834, #6848, #9920 ) ;
#525 = CARTESIAN_POINT ( 'NONE',  ( 0.000000000000000000, 9.600000000000001421, 0.000000000000000000 ) ) ;
#526 = VERTEX_POINT ( 'NONE', #9439 ) ;
#527 = LINE ( 'NONE', #2829, #1471 ) ;
#528 = VERTEX_POINT ( 'NONE', #9396 ) ;
#529 = ORIENTED_EDGE ( 'NONE', *, *, #3711, .T. ) ;
#530 = ORIENTED_EDGE ( 'NONE', *, *, #9940, .F. ) ;
#531 = EDGE_CURVE ( 'NONE', #4294, #573, #3313, .T. ) ;
#532 = VECTOR ( 'NONE', #4313, 1000.000000000000000 ) ;
#533 = VERTEX_POINT ( 'NONE', #5568 ) ;
#534 = CARTESIAN_POINT ( 'NONE',  ( 2.308517379148995757E-15, 4.780687915844703539, 11.49999999999999289 ) ) ;
#535 = DIRECTION ( 'NONE',  ( -5.634144622830656211E-16, -0.000000000000000000, 1.000000000000000000 ) ) ;
#536 = ADVANCED_FACE ( 'NONE', ( #1606 ), #9295, .F. ) ;
#537 = CARTESIAN_POINT ( 'NONE',  ( 60.00000000000001421, 8.000000000000000000, 59.99999999999999289 ) ) ;
#538 = CARTESIAN_POINT ( 'NONE',  ( -9.500000000000001776, -0.2193120841552965994, 45.00000000000000000 ) ) ;
#539 = EDGE_CURVE ( 'NONE', #5218, #2590, #1811, .T. ) ;
#540 = LINE ( 'NONE', #6663, #580 ) ;
#541 = AXIS2_PLACEMENT_3D ( 'NONE', #131, #7806, #7051 ) ;
#542 = CARTESIAN_POINT ( 'NONE',  ( 8.999999999999932498, 3.780687915844703539, 72.00000000000000000 ) ) ;
#543 = AXIS2_PLACEMENT_3D ( 'NONE', #6779, #4366, #2960 ) ;
#544 = ORIENTED_EDGE ( 'NONE', *, *, #3878, .F. ) ;
#545 = CARTESIAN_POINT ( 'NONE',  ( -23.20000000000002771, 4.780687915844703539, -59.05398995351029612 ) ) ;
#546 = ORIENTED_EDGE ( 'NONE', *, *, #406, .T. ) ;
#547 = ADVANCED_FACE ( 'NONE', ( #8634, #9346 ), #7027, .F. ) ;
#548 = VECTOR ( 'NONE', #5043, 1000.000000000000000 ) ;
#549 = CYLINDRICAL_SURFACE ( 'NONE', #6730, 3.250000000002188028 ) ;
#550 = ORIENTED_EDGE ( 'NONE', *, *, #1957, .F. ) ;
#551 = CARTESIAN_POINT ( 'NONE',  ( 8.411764224688420555, 1.464326805312572866, 30.49212020759405206 ) ) ;
#552 = AXIS2_PLACEMENT_3D ( 'NONE', #1988, #7967, #6399 ) ;
#553 = DIRECTION ( 'NONE',  ( 0.000000000000000000, 0.000000000000000000, -1.000000000000000000 ) ) ;
#554 = CARTESIAN_POINT ( 'NONE',  ( -23.20000000000002771, -3.219312084155296461, -59.05398995351029612 ) ) ;
#555 = PRODUCT_DEFINITION ( '�', '', #1302, #3528 ) ;
#556 = PLANE ( 'NONE',  #4530 ) ;
#557 = VERTEX_POINT ( 'NONE', #4872 ) ;
#558 = FACE_OUTER_BOUND ( 'NONE', #2952, .T. ) ;
#559 = ORIENTED_EDGE ( 'NONE', *, *, #5322, .F. ) ;
#560 = DIRECTION ( 'NONE',  ( 0.05233595624294378607, 0.9986295347545739443, -0.000000000000000000 ) ) ;
#561 = DIRECTION ( 'NONE',  ( 0.000000000000000000, -1.000000000000000000, 0.000000000000000000 ) ) ;
#562 = CARTESIAN_POINT ( 'NONE',  ( 10.10000000000000142, 10.80000000000000071, 24.99999999999997868 ) ) ;
#563 = CARTESIAN_POINT ( 'NONE',  ( -20.49999999999999645, 3.780687915844703539, 50.99999999999999289 ) ) ;
#564 = CIRCLE ( 'NONE', #3141, 3.000000000000002665 ) ;
#565 = ORIENTED_EDGE ( 'NONE', *, *, #2400, .T. ) ;
#566 = ORIENTED_EDGE ( 'NONE', *, *, #8787, .T. ) ;
#567 = DIRECTION ( 'NONE',  ( -0.7071067811865474617, -0.7071067811865474617, -0.000000000000000000 ) ) ;
#568 = LINE ( 'NONE', #8348, #7895 ) ;
#569 = ORIENTED_EDGE ( 'NONE', *, *, #3355, .T. ) ;
#570 = CARTESIAN_POINT ( 'NONE',  ( -25.99999999999999645, 4.780687915844703539, 59.50000000000000000 ) ) ;
#571 = CARTESIAN_POINT ( 'NONE',  ( -16.25000000000000000, 1.780687915844703539, 72.00000000000000000 ) ) ;
#572 = DIRECTION ( 'NONE',  ( 0.000000000000000000, -1.000000000000000000, 0.000000000000000000 ) ) ;
#573 = VERTEX_POINT ( 'NONE', #9254 ) ;
#574 = DIRECTION ( 'NONE',  ( -0.000000000000000000, 1.000000000000000000, -0.000000000000000000 ) ) ;
#575 = ORIENTED_EDGE ( 'NONE', *, *, #3659, .T. ) ;
#576 = VERTEX_POINT ( 'NONE', #2409 ) ;
#577 = EDGE_CURVE ( 'NONE', #6651, #7128, #149, .T. ) ;
#578 = VERTEX_POINT ( 'NONE', #3870 ) ;
#579 = EDGE_CURVE ( 'NONE', #329, #8076, #8589, .T. ) ;
#580 = VECTOR ( 'NONE', #1094, 1000.000000000000000 ) ;
#581 = EDGE_LOOP ( 'NONE', ( #4157, #9275 ) ) ;
#582 = CARTESIAN_POINT ( 'NONE',  ( 2.980532592267703063, 4.572411463592842118, 11.10769365300977540 ) ) ;
#583 = LINE ( 'NONE', #9624, #2266 ) ;
#584 = CARTESIAN_POINT ( 'NONE',  ( 16.24999999999999645, 4.780687915844703539, 56.99999999999999289 ) ) ;
#585 = DIRECTION ( 'NONE',  ( -1.000000000000000000, 0.000000000000000000, -2.775557561562891844E-16 ) ) ;
#586 = DIRECTION ( 'NONE',  ( -1.000000000000000000, 0.000000000000000000, -0.000000000000000000 ) ) ;
#587 = LINE ( 'NONE', #3649, #1489 ) ;
#588 = ORIENTED_EDGE ( 'NONE', *, *, #3722, .T. ) ;
#589 = CARTESIAN_POINT ( 'NONE',  ( 24.00000000000000711, 1.000000000000000888, -88.00000000000221689 ) ) ;
#590 = ORIENTED_EDGE ( 'NONE', *, *, #1575, .F. ) ;
#591 = ADVANCED_FACE ( 'NONE', ( #5418 ), #3927, .F. ) ;
#592 = AXIS2_PLACEMENT_3D ( 'NONE', #4635, #6143, #7795 ) ;
#593 = EDGE_CURVE ( 'NONE', #2036, #6522, #4018, .T. ) ;
#594 = VERTEX_POINT ( 'NONE', #3208 ) ;
#595 = DIRECTION ( 'NONE',  ( 0.000000000000000000, 0.000000000000000000, 1.000000000000000000 ) ) ;
#596 = EDGE_LOOP ( 'NONE', ( #9926, #2107, #8719, #4602 ) ) ;
#597 = CARTESIAN_POINT ( 'NONE',  ( 8.430171065814363374, 1.113103353799138384, 30.39999999999998792 ) ) ;
#598 = CARTESIAN_POINT ( 'NONE',  ( -16.24999999999999645, 4.780687915844703539, 56.99999999999999289 ) ) ;
#599 = CARTESIAN_POINT ( 'NONE',  ( -60.00000000000000000, -6.500000000000000000, 60.00000000000002842 ) ) ;
#600 = DIRECTION ( 'NONE',  ( -0.000000000000000000, 1.000000000000000000, -0.000000000000000000 ) ) ;
#601 = EDGE_CURVE ( 'NONE', #8655, #3112, #6272, .T. ) ;
#602 = ORIENTED_EDGE ( 'NONE', *, *, #3947, .F. ) ;
#603 = PLANE ( 'NONE',  #1171 ) ;
#604 = EDGE_CURVE ( 'NONE', #1615, #7268, #8741, .T. ) ;
#605 = ORIENTED_EDGE ( 'NONE', *, *, #7006, .T. ) ;
#606 = CARTESIAN_POINT ( 'NONE',  ( -9.500000000000001776, -0.2193120841552965994, -49.00000000000000000 ) ) ;
#607 = CARTESIAN_POINT ( 'NONE',  ( 16.24999999999999645, 1.780687915844703539, 56.99999999999999289 ) ) ;
#608 = FACE_OUTER_BOUND ( 'NONE', #736, .T. ) ;
#609 = LINE ( 'NONE', #2165, #2423 ) ;
#610 = LINE ( 'NONE', #6732, #5822 ) ;
#611 = ORIENTED_EDGE ( 'NONE', *, *, #9558, .T. ) ;
#612 = ORIENTED_EDGE ( 'NONE', *, *, #6093, .T. ) ;
#613 = ORIENTED_EDGE ( 'NONE', *, *, #193, .T. ) ;
#614 = CARTESIAN_POINT ( 'NONE',  ( -9.999999999999978684, 1.999999999999999112, -87.50000000000000000 ) ) ;
#615 = LINE ( 'NONE', #2174, #3887 ) ;
#616 = ORIENTED_EDGE ( 'NONE', *, *, #7602, .F. ) ;
#617 = EDGE_CURVE ( 'NONE', #2730, #9333, #9635, .T. ) ;
#618 = DIRECTION ( 'NONE',  ( 1.000000000000000000, 0.000000000000000000, 0.000000000000000000 ) ) ;
#619 = DIRECTION ( 'NONE',  ( 0.000000000000000000, 0.000000000000000000, -1.000000000000000000 ) ) ;
#620 = PLANE ( 'NONE',  #5178 ) ;
#621 = EDGE_LOOP ( 'NONE', ( #2517, #791, #654, #1119 ) ) ;
#622 = CARTESIAN_POINT ( 'NONE',  ( 23.99999999999999645, 1.500000000000000444, -90.75000000000441958 ) ) ;
#623 = ORIENTED_EDGE ( 'NONE', *, *, #6972, .T. ) ;
#624 = ORIENTED_EDGE ( 'NONE', *, *, #4631, .T. ) ;
#625 = ORIENTED_EDGE ( 'NONE', *, *, #2523, .F. ) ;
#626 = VERTEX_POINT ( 'NONE', #9588 ) ;
#627 = PLANE ( 'NONE',  #7390 ) ;
#628 = FACE_BOUND ( 'NONE', #2198, .T. ) ;
#629 = CARTESIAN_POINT ( 'NONE',  ( 20.87858936800429532, -5.072292276993008109, 75.00000000000002842 ) ) ;
#630 = FACE_OUTER_BOUND ( 'NONE', #1076, .T. ) ;
#631 = CARTESIAN_POINT ( 'NONE',  ( -10.00000000000000000, 4.780687915844703539, 72.00000000000000000 ) ) ;
#632 = ADVANCED_FACE ( 'NONE', ( #5062 ), #5759, .T. ) ;
#633 = ADVANCED_FACE ( 'NONE', ( #3412 ), #8931, .F. ) ;
#634 = CARTESIAN_POINT ( 'NONE',  ( 40.00000000000000711, -5.219312084155296461, 20.00000000000000000 ) ) ;
#635 = ORIENTED_EDGE ( 'NONE', *, *, #39, .F. ) ;
#636 = FACE_OUTER_BOUND ( 'NONE', #8375, .T. ) ;
#637 = VERTEX_POINT ( 'NONE', #8131 ) ;
#638 = VECTOR ( 'NONE', #7778, 1000.000000000000000 ) ;
#639 = AXIS2_PLACEMENT_3D ( 'NONE', #1528, #7692, #6890 ) ;
#640 = VECTOR ( 'NONE', #7576, 1000.000000000000000 ) ;
#641 = FACE_OUTER_BOUND ( 'NONE', #735, .T. ) ;
#642 = FACE_OUTER_BOUND ( 'NONE', #9894, .T. ) ;
#643 = ORIENTED_EDGE ( 'NONE', *, *, #95, .F. ) ;
#644 = CYLINDRICAL_SURFACE ( 'NONE', #3211, 9.000000000000001776 ) ;
#645 = LINE ( 'NONE', #6773, #3580 ) ;
#646 = CARTESIAN_POINT ( 'NONE',  ( -16.50000000000007816, 0.7500000000000000000, 34.59999999999998010 ) ) ;
#647 = DIRECTION ( 'NONE',  ( 0.000000000000000000, 0.000000000000000000, 1.000000000000000000 ) ) ;
#648 = EDGE_CURVE ( 'NONE', #4819, #9812, #8034, .T. ) ;
#649 = AXIS2_PLACEMENT_3D ( 'NONE', #300, #6422, #6626 ) ;
#650 = ADVANCED_FACE ( 'NONE', ( #8833 ), #1245, .T. ) ;
#651 = DIRECTION ( 'NONE',  ( 4.336808689942018722E-16, -1.000000000000000000, 0.000000000000000000 ) ) ;
#652 = ORIENTED_EDGE ( 'NONE', *, *, #8490, .F. ) ;
#653 = LINE ( 'NONE', #3715, #8085 ) ;
#654 = ORIENTED_EDGE ( 'NONE', *, *, #422, .F. ) ;
#655 = VECTOR ( 'NONE', #4317, 1000.000000000000000 ) ;
#656 = AXIS2_PLACEMENT_3D ( 'NONE', #6317, #9386, #2500 ) ;
#657 = LINE ( 'NONE', #5168, #6905 ) ;
#658 = ADVANCED_FACE ( 'NONE', ( #6420 ), #4218, .T. ) ;
#659 = CARTESIAN_POINT ( 'NONE',  ( -17.00000000000000000, -1.219312084155296683, 55.00000000000000000 ) ) ;
#660 = LINE ( 'NONE', #1462, #7077 ) ;
#661 = FACE_OUTER_BOUND ( 'NONE', #2341, .T. ) ;
#662 = ADVANCED_FACE ( 'NONE', ( #7328 ), #5670, .F. ) ;
#663 = FACE_OUTER_BOUND ( 'NONE', #6588, .T. ) ;
#664 = ADVANCED_FACE ( 'NONE', ( #1860 ), #349, .F. ) ;
#665 = EDGE_LOOP ( 'NONE', ( #2012, #1097, #8002, #5241 ) ) ;
#666 = VECTOR ( 'NONE', #5737, 1000.000000000000000 ) ;
#667 = VECTOR ( 'NONE', #6184, 1000.000000000000000 ) ;
#668 = ORIENTED_EDGE ( 'NONE', *, *, #3140, .T. ) ;
#669 = ORIENTED_EDGE ( 'NONE', *, *, #3947, .T. ) ;
#670 = FACE_OUTER_BOUND ( 'NONE', #3301, .T. ) ;
#671 = DIRECTION ( 'NONE',  ( 0.000000000000000000, 0.000000000000000000, 1.000000000000000000 ) ) ;
#672 = ORIENTED_EDGE ( 'NONE', *, *, #1220, .T. ) ;
#673 = VECTOR ( 'NONE', #9287, 1000.000000000000000 ) ;
#674 = AXIS2_PLACEMENT_3D ( 'NONE', #7940, #2555, #3166 ) ;
#675 = DIRECTION ( 'NONE',  ( 0.000000000000000000, -1.000000000000000000, 0.000000000000000000 ) ) ;
#676 = FACE_OUTER_BOUND ( 'NONE', #2748, .T. ) ;
#677 = CYLINDRICAL_SURFACE ( 'NONE', #5023, 0.6999999999999992895 ) ;
#678 = AXIS2_PLACEMENT_3D ( 'NONE', #5604, #8676, #7979 ) ;
#679 = ORIENTED_EDGE ( 'NONE', *, *, #8137, .F. ) ;
#680 = DIRECTION ( 'NONE',  ( -1.000000000000000000, -0.000000000000000000, 2.275047181608929616E-16 ) ) ;
#681 = AXIS2_PLACEMENT_3D ( 'NONE', #5498, #8569, #7200 ) ;
#682 = ORIENTED_EDGE ( 'NONE', *, *, #356, .F. ) ;
#683 = ORIENTED_EDGE ( 'NONE', *, *, #230, .F. ) ;
#684 = EDGE_LOOP ( 'NONE', ( #919, #4963, #8694, #6150, #8683 ) ) ;
#685 = EDGE_LOOP ( 'NONE', ( #1480, #6995, #1314, #6974, #5013, #970, #9882, #6986 ) ) ;
#686 = CARTESIAN_POINT ( 'NONE',  ( 3.000094719888590333, 4.566584071433437586, 11.69240147730294410 ) ) ;
#687 = DIRECTION ( 'NONE',  ( -0.000000000000000000, 1.000000000000000000, 0.000000000000000000 ) ) ;
#688 = VECTOR ( 'NONE', #4608, 1000.000000000000000 ) ;
#689 = DIRECTION ( 'NONE',  ( -1.000000000000000000, -0.000000000000000000, 1.927470528863118802E-16 ) ) ;
#690 = AXIS2_PLACEMENT_3D ( 'NONE', #6386, #3937, #4130 ) ;
#691 = CARTESIAN_POINT ( 'NONE',  ( 7.697562365065523461E-46, 4.999999999999999112, -72.00000000000000000 ) ) ;
#692 = CARTESIAN_POINT ( 'NONE',  ( 57.00000000000000000, 4.780687915844703539, 2.999999999999995559 ) ) ;
#693 = DIRECTION ( 'NONE',  ( -0.000000000000000000, 0.000000000000000000, 1.000000000000000000 ) ) ;
#694 = ORIENTED_EDGE ( 'NONE', *, *, #8442, .F. ) ;
#695 = CARTESIAN_POINT ( 'NONE',  ( -60.00000000000002132, 0.000000000000000000, -80.00000000000001421 ) ) ;
#696 = VERTEX_POINT ( 'NONE', #9544 ) ;
#697 = VECTOR ( 'NONE', #6550, 1000.000000000000000 ) ;
#698 = AXIS2_PLACEMENT_3D ( 'NONE', #2485, #4787, #172 ) ;
#699 = LINE ( 'NONE', #1500, #1335 ) ;
#700 = CARTESIAN_POINT ( 'NONE',  ( -39.99999999999999289, -5.219312084155296461, 19.99999999999998934 ) ) ;
#701 = ADVANCED_FACE ( 'NONE', ( #5715 ), #6521, .F. ) ;
#702 = ORIENTED_EDGE ( 'NONE', *, *, #4637, .F. ) ;
#703 = LINE ( 'NONE', #8525, #9479 ) ;
#704 = LINE ( 'NONE', #6114, #5151 ) ;
#705 = FACE_OUTER_BOUND ( 'NONE', #3938, .T. ) ;
#706 = CARTESIAN_POINT ( 'NONE',  ( 9.499999999999925393, -0.2193120841552965994, 45.00000000000000711 ) ) ;
#707 = VECTOR ( 'NONE', #1601, 1000.000000000000000 ) ;
#708 = LINE ( 'NONE', #9042, #5957 ) ;
#709 = ORIENTED_EDGE ( 'NONE', *, *, #2103, .T. ) ;
#710 = LINE ( 'NONE', #6069, #3436 ) ;
#711 = VECTOR ( 'NONE', #4955, 1000.000000000000000 ) ;
#712 = ORIENTED_EDGE ( 'NONE', *, *, #7462, .T. ) ;
#713 = AXIS2_PLACEMENT_3D ( 'NONE', #589, #6056, #9731 ) ;
#714 = EDGE_CURVE ( 'NONE', #5620, #8523, #3464, .T. ) ;
#715 = PLANE ( 'NONE',  #6585 ) ;
#716 = EDGE_CURVE ( 'NONE', #7405, #5434, #4264, .T. ) ;
#717 = DIRECTION ( 'NONE',  ( 0.000000000000000000, -1.000000000000000000, 0.000000000000000000 ) ) ;
#718 = LINE ( 'NONE', #9862, #9183 ) ;
#719 = LINE ( 'NONE', #3779, #3223 ) ;
#720 = CARTESIAN_POINT ( 'NONE',  ( -11.09999999999998899, 10.80000000000000071, 54.84999999999998010 ) ) ;
#721 = VERTEX_POINT ( 'NONE', #7427 ) ;
#722 = ORIENTED_EDGE ( 'NONE', *, *, #6584, .T. ) ;
#723 = ADVANCED_FACE ( 'NONE', ( #4568 ), #4507, .T. ) ;
#724 = CARTESIAN_POINT ( 'NONE',  ( 10.00000000000002132, 1.999999999999999112, -72.00000000000000000 ) ) ;
#725 = EDGE_CURVE ( 'NONE', #7380, #5895, #4412, .T. ) ;
#726 = DIRECTION ( 'NONE',  ( -1.000000000000000000, 0.000000000000000000, 0.000000000000000000 ) ) ;
#727 = ORIENTED_EDGE ( 'NONE', *, *, #6296, .T. ) ;
#728 = CARTESIAN_POINT ( 'NONE',  ( 12.59999999999999964, 8.000000000000000000, 21.19999999999996732 ) ) ;
#729 = DIRECTION ( 'NONE',  ( 0.000000000000000000, 0.000000000000000000, 1.000000000000000000 ) ) ;
#730 = CYLINDRICAL_SURFACE ( 'NONE', #8075, 3.000000000000002665 ) ;
#731 = EDGE_CURVE ( 'NONE', #7743, #7380, #748, .T. ) ;
#732 = VERTEX_POINT ( 'NONE', #2152 ) ;
#733 = FACE_OUTER_BOUND ( 'NONE', #596, .T. ) ;
#734 = ORIENTED_EDGE ( 'NONE', *, *, #3176, .F. ) ;
#735 = EDGE_LOOP ( 'NONE', ( #45, #6832, #8502, #9719 ) ) ;
#736 = EDGE_LOOP ( 'NONE', ( #8281, #2066, #6545, #3747 ) ) ;
#737 = VERTEX_POINT ( 'NONE', #5209 ) ;
#738 = CARTESIAN_POINT ( 'NONE',  ( 7.499999999999998224, -13.09066085202100282, 70.96998267230843283 ) ) ;
#739 = LINE ( 'NONE', #3087, #4182 ) ;
#740 = CARTESIAN_POINT ( 'NONE',  ( 24.00000000000000355, 7.999999999999998224, -74.99999999999997158 ) ) ;
#741 = CARTESIAN_POINT ( 'NONE',  ( -80.00000000000001421, 8.000000000000000000, -59.99999999999987210 ) ) ;
#742 = LINE ( 'NONE', #4448, #4177 ) ;
#743 = CARTESIAN_POINT ( 'NONE',  ( 24.00000000000000000, 0.000000000000000000, -74.99999999999997158 ) ) ;
#744 = ORIENTED_EDGE ( 'NONE', *, *, #5749, .T. ) ;
#745 = DIRECTION ( 'NONE',  ( -0.000000000000000000, 1.000000000000000000, -0.000000000000000000 ) ) ;
#746 = ORIENTED_EDGE ( 'NONE', *, *, #2802, .F. ) ;
#747 = LINE ( 'NONE', #3809, #5666 ) ;
#748 = LINE ( 'NONE', #9781, #4653 ) ;
#749 = EDGE_LOOP ( 'NONE', ( #9116, #5038 ) ) ;
#750 = CARTESIAN_POINT ( 'NONE',  ( -54.99999999999997868, 4.780687915844703539, -32.00000000000000711 ) ) ;
#751 = DIRECTION ( 'NONE',  ( -2.392722035830078479E-16, -1.000000000000000000, 0.000000000000000000 ) ) ;
#752 = PLANE ( 'NONE',  #4690 ) ;
#753 = DIRECTION ( 'NONE',  ( -1.000000000000000000, 0.000000000000000000, -5.634144622830656211E-16 ) ) ;
#754 = ADVANCED_FACE ( 'NONE', ( #6111 ), #549, .T. ) ;
#755 = LINE ( 'NONE', #6176, #2441 ) ;
#756 = EDGE_LOOP ( 'NONE', ( #8504, #4810, #998, #8829, #6913, #5678, #9518, #1063 ) ) ;
#757 = DIRECTION ( 'NONE',  ( 0.000000000000000000, 0.000000000000000000, 1.000000000000000000 ) ) ;
#758 = ORIENTED_EDGE ( 'NONE', *, *, #8392, .T. ) ;
#759 = CARTESIAN_POINT ( 'NONE',  ( 12.00000000000000000, 4.780687915844703539, 50.60000000000000142 ) ) ;
#760 = LINE ( 'NONE', #8393, #3375 ) ;
#761 = DIRECTION ( 'NONE',  ( -0.000000000000000000, 1.000000000000000000, -0.000000000000000000 ) ) ;
#762 = DIRECTION ( 'NONE',  ( -0.000000000000000000, -0.000000000000000000, -1.000000000000000000 ) ) ;
#763 = VECTOR ( 'NONE', #1493, 1000.000000000000000 ) ;
#764 = LINE ( 'NONE', #5382, #4868 ) ;
#765 = ORIENTED_EDGE ( 'NONE', *, *, #8384, .F. ) ;
#766 = EDGE_CURVE ( 'NONE', #3162, #7529, #4483, .T. ) ;
#767 = EDGE_CURVE ( 'NONE', #996, #1709, #3810, .T. ) ;
#768 = ORIENTED_EDGE ( 'NONE', *, *, #7378, .T. ) ;
#769 = DIRECTION ( 'NONE',  ( 0.000000000000000000, -1.000000000000000000, 0.000000000000000000 ) ) ;
#770 = DIRECTION ( 'NONE',  ( 0.000000000000000000, -1.000000000000000000, 0.000000000000000000 ) ) ;
#771 = ORIENTED_EDGE ( 'NONE', *, *, #4881, .T. ) ;
#772 = CARTESIAN_POINT ( 'NONE',  ( 4.200000000000000178, 7.000000000000000000, 56.10000000000001563 ) ) ;
#773 = LINE ( 'NONE', #7610, #8077 ) ;
#774 = ADVANCED_FACE ( 'NONE', ( #1396 ), #8280, .F. ) ;
#775 = CARTESIAN_POINT ( 'NONE',  ( -18.32361441789065282, -3.499999999999999556, 79.99999999999998579 ) ) ;
#776 = EDGE_CURVE ( 'NONE', #8533, #5716, #3614, .T. ) ;
#777 = VERTEX_POINT ( 'NONE', #6871 ) ;
#778 = CARTESIAN_POINT ( 'NONE',  ( 12.00000000000000000, -3.719312084155296905, 50.60000000000000142 ) ) ;
#779 = ORIENTED_EDGE ( 'NONE', *, *, #5115, .F. ) ;
#780 = ORIENTED_EDGE ( 'NONE', *, *, #6490, .T. ) ;
#781 = VERTEX_POINT ( 'NONE', #9941 ) ;
#782 = VERTEX_POINT ( 'NONE', #9192 ) ;
#783 = AXIS2_PLACEMENT_3D ( 'NONE', #5250, #1341, #5949 ) ;
#784 = FACE_OUTER_BOUND ( 'NONE', #7919, .T. ) ;
#785 = ADVANCED_FACE ( 'NONE', ( #5104 ), #8325, .F. ) ;
#786 = LINE ( 'NONE', #8363, #6106 ) ;
#787 = DIRECTION ( 'NONE',  ( 0.000000000000000000, 0.000000000000000000, 1.000000000000000000 ) ) ;
#788 = CARTESIAN_POINT ( 'NONE',  ( -3.136998512917530402, 4.533040981331226682, -72.03349086661549450 ) ) ;
#789 = CARTESIAN_POINT ( 'NONE',  ( 27.74999999999999645, -2.000000000000024869, -84.93826230850945080 ) ) ;
#790 = EDGE_CURVE ( 'NONE', #434, #5352, #4006, .T. ) ;
#791 = ORIENTED_EDGE ( 'NONE', *, *, #5602, .T. ) ;
#792 = DIRECTION ( 'NONE',  ( -0.000000000000000000, 0.000000000000000000, 1.000000000000000000 ) ) ;
#793 = ORIENTED_EDGE ( 'NONE', *, *, #5127, .T. ) ;
#794 = ORIENTED_EDGE ( 'NONE', *, *, #4374, .F. ) ;
#795 = LINE ( 'NONE', #3996, #3848 ) ;
#796 = EDGE_LOOP ( 'NONE', ( #2032, #3054, #9342, #3018, #2124 ) ) ;
#797 = DIRECTION ( 'NONE',  ( 1.000000000000000000, 2.392722035830078479E-16, -0.000000000000000000 ) ) ;
#798 = CARTESIAN_POINT ( 'NONE',  ( -11.09999999999998899, 8.000000000000000000, 71.99999999999998579 ) ) ;
#799 = DIRECTION ( 'NONE',  ( 1.000000000000000000, 1.214306433183764966E-16, 0.000000000000000000 ) ) ;
#800 = CARTESIAN_POINT ( 'NONE',  ( -8.430171065814368703, 1.113103353799136608, 30.39999999999998437 ) ) ;
#801 = CARTESIAN_POINT ( 'NONE',  ( -26.00000000000000000, -1.219312084155296683, 72.00000000000000000 ) ) ;
#802 = ORIENTED_EDGE ( 'NONE', *, *, #8143, .F. ) ;
#803 = FACE_OUTER_BOUND ( 'NONE', #2136, .T. ) ;
#804 = AXIS2_PLACEMENT_3D ( 'NONE', #241, #6316, #9284 ) ;
#805 = ORIENTED_EDGE ( 'NONE', *, *, #8452, .F. ) ;
#806 = DIRECTION ( 'NONE',  ( -1.000000000000000000, 0.000000000000000000, 0.000000000000000000 ) ) ;
#807 = DIRECTION ( 'NONE',  ( 0.000000000000000000, 0.000000000000000000, -1.000000000000000000 ) ) ;
#808 = LINE ( 'NONE', #3121, #667 ) ;
#809 = PLANE ( 'NONE',  #8044 ) ;
#810 = CARTESIAN_POINT ( 'NONE',  ( 60.00000000000001421, 8.000000000000000000, 59.99999999999999289 ) ) ;
#811 = ORIENTED_EDGE ( 'NONE', *, *, #2263, .T. ) ;
#812 = CIRCLE ( 'NONE', #1134, 16.99999999999999645 ) ;
#813 = AXIS2_PLACEMENT_3D ( 'NONE', #6772, #9845, #5864 ) ;
#814 = VERTEX_POINT ( 'NONE', #9896 ) ;
#815 = DIRECTION ( 'NONE',  ( 0.000000000000000000, -0.000000000000000000, -1.000000000000000000 ) ) ;
#816 = DIRECTION ( 'NONE',  ( 0.000000000000000000, 1.000000000000000000, 0.000000000000000000 ) ) ;
#817 = EDGE_CURVE ( 'NONE', #7553, #42, #7521, .T. ) ;
#818 = ADVANCED_FACE ( 'NONE', ( #642 ), #2951, .T. ) ;
#819 = CARTESIAN_POINT ( 'NONE',  ( -9.999999999999978684, 1.999999999999999112, -72.00000000000000000 ) ) ;
#820 = AXIS2_PLACEMENT_3D ( 'NONE', #2038, #2835, #438 ) ;
#821 = CARTESIAN_POINT ( 'NONE',  ( -12.59999999999999609, 10.80000000000000071, 21.19999999999997087 ) ) ;
#822 = AXIS2_PLACEMENT_3D ( 'NONE', #1769, #6384, #7995 ) ;
#823 = LINE ( 'NONE', #7944, #6953 ) ;
#824 = ORIENTED_EDGE ( 'NONE', *, *, #2260, .T. ) ;
#825 = LINE ( 'NONE', #6957, #3716 ) ;
#826 = ORIENTED_EDGE ( 'NONE', *, *, #6849, .T. ) ;
#827 = ORIENTED_EDGE ( 'NONE', *, *, #1895, .T. ) ;
#828 = CIRCLE ( 'NONE', #6271, 10.00000000000000178 ) ;
#829 = ORIENTED_EDGE ( 'NONE', *, *, #3601, .F. ) ;
#830 = VECTOR ( 'NONE', #9899, 1000.000000000000000 ) ;
#831 = VERTEX_POINT ( 'NONE', #700 ) ;
#832 = EDGE_CURVE ( 'NONE', #9812, #3991, #2203, .T. ) ;
#833 = AXIS2_PLACEMENT_3D ( 'NONE', #8222, #586, #9710 ) ;
#834 = DIRECTION ( 'NONE',  ( 3.304235192336789810E-16, 0.000000000000000000, -1.000000000000000000 ) ) ;
#835 = CARTESIAN_POINT ( 'NONE',  ( -21.70000000000002416, 4.780687915844703539, -59.05398995351029612 ) ) ;
#836 = PLANE ( 'NONE',  #6134 ) ;
#837 = AXIS2_PLACEMENT_3D ( 'NONE', #2000, #4913, #4059 ) ;
#838 = VECTOR ( 'NONE', #5315, 1000.000000000000000 ) ;
#839 = CARTESIAN_POINT ( 'NONE',  ( 25.20000000000002771, -6.519312084155297171, -57.09601004648968114 ) ) ;
#840 = ORIENTED_EDGE ( 'NONE', *, *, #6706, .T. ) ;
#841 = FACE_OUTER_BOUND ( 'NONE', #4288, .T. ) ;
#842 = EDGE_CURVE ( 'NONE', #2493, #7479, #2999, .T. ) ;
#843 = ORIENTED_EDGE ( 'NONE', *, *, #4957, .F. ) ;
#844 = EDGE_CURVE ( 'NONE', #7529, #7405, #2719, .T. ) ;
#845 = VECTOR ( 'NONE', #1747, 1000.000000000000000 ) ;
#846 = ORIENTED_EDGE ( 'NONE', *, *, #5923, .F. ) ;
#847 = AXIS2_PLACEMENT_3D ( 'NONE', #6863, #6159, #9179 ) ;
#848 = CARTESIAN_POINT ( 'NONE',  ( -12.49999999999999822, 3.850000000000008082, 79.99999999999998579 ) ) ;
#849 = EDGE_CURVE ( 'NONE', #4809, #6043, #8342, .T. ) ;
#850 = PLANE ( 'NONE',  #1128 ) ;
#851 = CARTESIAN_POINT ( 'NONE',  ( 58.49999999999992895, 4.780687915844703539, -72.00000000000000000 ) ) ;
#852 = CARTESIAN_POINT ( 'NONE',  ( -17.00000000000000000, -1.219312084155296683, 45.00000000000000000 ) ) ;
#853 = LINE ( 'NONE', #1744, #1920 ) ;
#854 = DIRECTION ( 'NONE',  ( 0.000000000000000000, -0.000000000000000000, -1.000000000000000000 ) ) ;
#855 = VECTOR ( 'NONE', #7158, 1000.000000000000000 ) ;
#856 = ORIENTED_EDGE ( 'NONE', *, *, #8769, .F. ) ;
#857 = DIRECTION ( 'NONE',  ( 3.304235192336789810E-16, -0.000000000000000000, 1.000000000000000000 ) ) ;
#858 = VECTOR ( 'NONE', #8753, 1000.000000000000000 ) ;
#859 = EDGE_CURVE ( 'NONE', #1366, #696, #6250, .T. ) ;
#860 = ORIENTED_EDGE ( 'NONE', *, *, #7858, .T. ) ;
#861 = VERTEX_POINT ( 'NONE', #6361 ) ;
#862 = DIRECTION ( 'NONE',  ( -1.000000000000000000, -1.301042606982605321E-16, 0.000000000000000000 ) ) ;
#863 = DIRECTION ( 'NONE',  ( 1.927470528863118802E-16, -0.000000000000000000, 1.000000000000000000 ) ) ;
#864 = VECTOR ( 'NONE', #7501, 1000.000000000000000 ) ;
#865 = FACE_OUTER_BOUND ( 'NONE', #3542, .T. ) ;
#866 = CIRCLE ( 'NONE', #1665, 2.100000000000004530 ) ;
#867 = DIRECTION ( 'NONE',  ( -1.476360405086644309E-16, -0.000000000000000000, -1.000000000000000000 ) ) ;
#868 = DIRECTION ( 'NONE',  ( 0.000000000000000000, 0.000000000000000000, -1.000000000000000000 ) ) ;
#869 = AXIS2_PLACEMENT_3D ( 'NONE', #9682, #483, #5658 ) ;
#870 = ORIENTED_EDGE ( 'NONE', *, *, #6842, .T. ) ;
#871 = AXIS2_PLACEMENT_3D ( 'NONE', #8276, #9080, #1496 ) ;
#872 = VERTEX_POINT ( 'NONE', #2498 ) ;
#873 = LINE ( 'NONE', #4736, #8692 ) ;
#874 = FACE_OUTER_BOUND ( 'NONE', #9577, .T. ) ;
#875 = CARTESIAN_POINT ( 'NONE',  ( 40.00000000000001421, -5.219312084155296461, -31.99999999999999289 ) ) ;
#876 = DIRECTION ( 'NONE',  ( -1.000000000000000000, 0.000000000000000000, -5.634144622830656211E-16 ) ) ;
#877 = ORIENTED_EDGE ( 'NONE', *, *, #3878, .T. ) ;
#878 = CARTESIAN_POINT ( 'NONE',  ( 30.50000000000000000, 3.780687915844703539, 71.99999999999998579 ) ) ;
#879 = ORIENTED_EDGE ( 'NONE', *, *, #2921, .T. ) ;
#880 = ORIENTED_EDGE ( 'NONE', *, *, #5219, .F. ) ;
#881 = CARTESIAN_POINT ( 'NONE',  ( -39.99999999999997158, 4.780687915844703539, -47.00000000000001421 ) ) ;
#882 = ORIENTED_EDGE ( 'NONE', *, *, #9348, .F. ) ;
#883 = DIRECTION ( 'NONE',  ( -1.000000000000000000, 0.000000000000000000, 0.000000000000000000 ) ) ;
#884 = LINE ( 'NONE', #6353, #9369 ) ;
#885 = CARTESIAN_POINT ( 'NONE',  ( -2.751406591132748325, 4.644383453612719315, -72.01982514111966793 ) ) ;
#886 = DIRECTION ( 'NONE',  ( 0.000000000000000000, -0.000000000000000000, 1.000000000000000000 ) ) ;
#887 = EDGE_LOOP ( 'NONE', ( #6473, #4133, #362, #7182, #546, #7936, #3082, #403, #222, #386, #4368, #2170 ) ) ;
#888 = LINE ( 'NONE', #6210, #74 ) ;
#889 = EDGE_CURVE ( 'NONE', #4488, #4776, #795, .T. ) ;
#890 = EDGE_CURVE ( 'NONE', #8373, #2339, #7062, .T. ) ;
#891 = ORIENTED_EDGE ( 'NONE', *, *, #7952, .F. ) ;
#892 = ORIENTED_EDGE ( 'NONE', *, *, #6262, .T. ) ;
#893 = DIRECTION ( 'NONE',  ( -0.000000000000000000, 1.000000000000000000, -0.000000000000000000 ) ) ;
#894 = DIRECTION ( 'NONE',  ( 0.000000000000000000, -0.8944271909999157444, 0.4472135954999582608 ) ) ;
#895 = DIRECTION ( 'NONE',  ( 0.000000000000000000, 0.000000000000000000, 1.000000000000000000 ) ) ;
#896 = DIRECTION ( 'NONE',  ( -0.000000000000000000, 1.000000000000000000, -0.000000000000000000 ) ) ;
#897 = DIRECTION ( 'NONE',  ( 0.000000000000000000, 0.000000000000000000, 1.000000000000000000 ) ) ;
#898 = VECTOR ( 'NONE', #1197, 1000.000000000000114 ) ;
#899 = CARTESIAN_POINT ( 'NONE',  ( -23.99999999999999289, 8.000000000000000000, -80.00000000000001421 ) ) ;
#900 = EDGE_CURVE ( 'NONE', #3341, #5492, #1594, .T. ) ;
#901 = VERTEX_POINT ( 'NONE', #6257 ) ;
#902 = DIRECTION ( 'NONE',  ( -1.000000000000000000, -0.000000000000000000, -0.000000000000000000 ) ) ;
#903 = ADVANCED_FACE ( 'NONE', ( #7673 ), #7720, .F. ) ;
#904 = ORIENTED_EDGE ( 'NONE', *, *, #3242, .F. ) ;
#905 = EDGE_LOOP ( 'NONE', ( #793, #8906, #7450, #1728 ) ) ;
#906 = CARTESIAN_POINT ( 'NONE',  ( -11.09999999999999609, 10.80000000000000071, 24.99999999999997868 ) ) ;
#907 = LINE ( 'NONE', #8592, #7852 ) ;
#908 = CARTESIAN_POINT ( 'NONE',  ( -26.99999999999999645, 4.780687915844703539, 59.50000000000000711 ) ) ;
#909 = DIRECTION ( 'NONE',  ( 1.000000000000000000, 0.000000000000000000, 0.000000000000000000 ) ) ;
#910 = EDGE_CURVE ( 'NONE', #6748, #57, #935, .T. ) ;
#911 = ORIENTED_EDGE ( 'NONE', *, *, #9432, .T. ) ;
#912 = EDGE_CURVE ( 'NONE', #5434, #6427, #3252, .T. ) ;
#913 = VERTEX_POINT ( 'NONE', #3911 ) ;
#914 = AXIS2_PLACEMENT_3D ( 'NONE', #1372, #1674, #4738 ) ;
#915 = DIRECTION ( 'NONE',  ( -1.000000000000000000, 2.392722035830078479E-16, -0.000000000000000000 ) ) ;
#916 = FACE_BOUND ( 'NONE', #4443, .T. ) ;
#917 = DIRECTION ( 'NONE',  ( 0.000000000000000000, 0.000000000000000000, 1.000000000000000000 ) ) ;
#918 = CARTESIAN_POINT ( 'NONE',  ( 23.20000000000002771, 4.780687915844703539, -63.05398995351030322 ) ) ;
#919 = ORIENTED_EDGE ( 'NONE', *, *, #7561, .F. ) ;
#920 = ORIENTED_EDGE ( 'NONE', *, *, #107, .F. ) ;
#921 = ORIENTED_EDGE ( 'NONE', *, *, #5384, .T. ) ;
#922 = VERTEX_POINT ( 'NONE', #6213 ) ;
#923 = CARTESIAN_POINT ( 'NONE',  ( 19.79999999999996874, 4.780687915844703539, -59.05398995351029612 ) ) ;
#924 = ORIENTED_EDGE ( 'NONE', *, *, #3604, .F. ) ;
#925 = ADVANCED_FACE ( 'NONE', ( #987 ), #7118, .F. ) ;
#926 = CARTESIAN_POINT ( 'NONE',  ( -17.50000000000000000, 1.780687915844703539, 72.00000000000000000 ) ) ;
#927 = DIRECTION ( 'NONE',  ( -1.000000000000000000, -0.000000000000000000, -0.000000000000000000 ) ) ;
#928 = CARTESIAN_POINT ( 'NONE',  ( -8.500000000000003553, -0.2193120841552965994, 46.00000000000000000 ) ) ;
#929 = DIRECTION ( 'NONE',  ( -1.000000000000000000, 0.000000000000000000, -4.550094363217859232E-16 ) ) ;
#930 = ORIENTED_EDGE ( 'NONE', *, *, #9788, .T. ) ;
#931 = CARTESIAN_POINT ( 'NONE',  ( -25.20000000000002771, -6.519312084155297171, -59.05398995351029612 ) ) ;
#932 = EDGE_LOOP ( 'NONE', ( #7982, #9663, #4658, #1739, #7411, #7942 ) ) ;
#933 = EDGE_CURVE ( 'NONE', #913, #3926, #8622, .T. ) ;
#934 = ORIENTED_EDGE ( 'NONE', *, *, #2215, .T. ) ;
#935 = LINE ( 'NONE', #44, #4798 ) ;
#936 = LINE ( 'NONE', #8623, #9796 ) ;
#937 = CARTESIAN_POINT ( 'NONE',  ( -9.999999999999978684, 1.999999999999999112, -87.50000000000000000 ) ) ;
#938 = EDGE_CURVE ( 'NONE', #6076, #6603, #1550, .T. ) ;
#939 = CARTESIAN_POINT ( 'NONE',  ( 23.00000000000000000, -1.219312084155296683, 61.00000000000000000 ) ) ;
#940 = EDGE_CURVE ( 'NONE', #9777, #3079, #4715, .T. ) ;
#941 = DIRECTION ( 'NONE',  ( 0.000000000000000000, 0.000000000000000000, -1.000000000000000000 ) ) ;
#942 = DIRECTION ( 'NONE',  ( 0.000000000000000000, -1.000000000000000000, 0.000000000000000000 ) ) ;
#943 = ORIENTED_EDGE ( 'NONE', *, *, #4076, .F. ) ;
#944 = DIRECTION ( 'NONE',  ( -0.01744355970870637221, 0.9998478495374628627, -0.000000000000000000 ) ) ;
#945 = ORIENTED_EDGE ( 'NONE', *, *, #7965, .F. ) ;
#946 = ORIENTED_EDGE ( 'NONE', *, *, #2375, .F. ) ;
#947 = DIRECTION ( 'NONE',  ( 0.000000000000000000, 0.000000000000000000, 1.000000000000000000 ) ) ;
#948 = VERTEX_POINT ( 'NONE', #3302 ) ;
#949 = LINE ( 'NONE', #3267, #8345 ) ;
#950 = DIRECTION ( 'NONE',  ( 0.000000000000000000, -1.000000000000000000, 0.000000000000000000 ) ) ;
#951 = CARTESIAN_POINT ( 'NONE',  ( -23.00000000000000000, -1.219312084155296683, 61.00000000000000000 ) ) ;
#952 = EDGE_CURVE ( 'NONE', #5048, #8655, #4612, .T. ) ;
#953 = AXIS2_PLACEMENT_3D ( 'NONE', #3101, #9241, #7814 ) ;
#954 = ORIENTED_EDGE ( 'NONE', *, *, #7302, .T. ) ;
#955 = EDGE_CURVE ( 'NONE', #81, #5944, #6920, .T. ) ;
#956 = ORIENTED_EDGE ( 'NONE', *, *, #8192, .F. ) ;
#957 = VECTOR ( 'NONE', #6383, 1000.000000000000000 ) ;
#958 = PLANE ( 'NONE',  #4332 ) ;
#959 = DIRECTION ( 'NONE',  ( 0.000000000000000000, 0.000000000000000000, 1.000000000000000000 ) ) ;
#960 = EDGE_CURVE ( 'NONE', #7025, #5760, #1271, .T. ) ;
#961 = LINE ( 'NONE', #28, #6916 ) ;
#962 = EDGE_CURVE ( 'NONE', #5405, #6252, #1995, .T. ) ;
#963 = CARTESIAN_POINT ( 'NONE',  ( 26.99999999999999645, -1.219312084155296683, 59.50000000000000711 ) ) ;
#964 = DIRECTION ( 'NONE',  ( -8.673617379884037444E-16, 1.000000000000000000, 0.000000000000000000 ) ) ;
#965 = VECTOR ( 'NONE', #9597, 1000.000000000000000 ) ;
#966 = AXIS2_PLACEMENT_3D ( 'NONE', #1595, #9943, #6923 ) ;
#967 = VERTEX_POINT ( 'NONE', #8019 ) ;
#968 = DATE_TIME_ROLE ( 'creation_date' ) ;
#969 = ORIENTED_EDGE ( 'NONE', *, *, #2003, .T. ) ;
#970 = ORIENTED_EDGE ( 'NONE', *, *, #8204, .T. ) ;
#971 = ORIENTED_EDGE ( 'NONE', *, *, #8457, .T. ) ;
#972 = DIRECTION ( 'NONE',  ( 1.000000000000000000, 0.000000000000000000, 0.000000000000000000 ) ) ;
#973 = ORIENTED_EDGE ( 'NONE', *, *, #6994, .F. ) ;
#974 = CIRCLE ( 'NONE', #3057, 3.000000000000000888 ) ;
#975 = VECTOR ( 'NONE', #8163, 1000.000000000000000 ) ;
#976 = AXIS2_PLACEMENT_3D ( 'NONE', #6079, #2276, #5337 ) ;
#977 = LINE ( 'NONE', #6246, #5464 ) ;
#978 = LINE ( 'NONE', #3143, #4384 ) ;
#979 = CARTESIAN_POINT ( 'NONE',  ( -2.981572719041229114, 4.572106098079257386, 11.11502687366663622 ) ) ;
#980 = LINE ( 'NONE', #1130, #7585 ) ;
#981 = EDGE_LOOP ( 'NONE', ( #3759, #3974, #8417, #2486 ) ) ;
#982 = LINE ( 'NONE', #135, #3275 ) ;
#983 = VECTOR ( 'NONE', #6502, 1000.000000000000000 ) ;
#984 = CIRCLE ( 'NONE', #2579, 15.00000000000000000 ) ;
#985 = ORIENTED_EDGE ( 'NONE', *, *, #3615, .F. ) ;
#986 = ORIENTED_EDGE ( 'NONE', *, *, #7598, .F. ) ;
#987 = FACE_OUTER_BOUND ( 'NONE', #3290, .T. ) ;
#988 = CARTESIAN_POINT ( 'NONE',  ( 11.10000000000000497, 9.799999999999998934, 71.99999999999998579 ) ) ;
#989 = AXIS2_PLACEMENT_3D ( 'NONE', #2676, #8000, #5691 ) ;
#990 = CARTESIAN_POINT ( 'NONE',  ( -7.500000000000001776, 1.890660852021001315, 70.96998267230843283 ) ) ;
#991 =( BOUNDED_CURVE ( )  B_SPLINE_CURVE ( 3, ( #6859, #7949, #1066, #3800 ),
 .UNSPECIFIED., .F., .F. ) 
 B_SPLINE_CURVE_WITH_KNOTS ( ( 4, 4 ),
 ( 1.091024040206267864, 1.570796326794907438 ),
 .UNSPECIFIED. ) 
 CURVE ( )  GEOMETRIC_REPRESENTATION_ITEM ( )  RATIONAL_B_SPLINE_CURVE ( ( 1.000000000000000000, 0.9809100217293671431, 0.9809100217293671431, 1.000000000000000000 ) ) 
 REPRESENTATION_ITEM ( '' )  );
#992 = VECTOR ( 'NONE', #3709, 1000.000000000000000 ) ;
#993 = CARTESIAN_POINT ( 'NONE',  ( 40.00000000000000000, 4.780687915844703539, 18.00000000000000000 ) ) ;
#994 = DIRECTION ( 'NONE',  ( -0.000000000000000000, 1.000000000000000000, -0.000000000000000000 ) ) ;
#995 = PLANE ( 'NONE',  #357 ) ;
#996 = VERTEX_POINT ( 'NONE', #3454 ) ;
#997 = LINE ( 'NONE', #3260, #6478 ) ;
#998 = ORIENTED_EDGE ( 'NONE', *, *, #286, .T. ) ;
#999 = VECTOR ( 'NONE', #1700, 1000.000000000000000 ) ;
#1000 = EDGE_CURVE ( 'NONE', #1178, #5756, #3499, .T. ) ;
#1001 = ADVANCED_FACE ( 'NONE', ( #6557 ), #4906, .F. ) ;
#1002 = EDGE_LOOP ( 'NONE', ( #2534, #7396 ) ) ;
#1003 = CARTESIAN_POINT ( 'NONE',  ( -6.881437170294868899, 2.463796412695932414, 33.72569031681778284 ) ) ;
#1004 = VERTEX_POINT ( 'NONE', #481 ) ;
#1005 = DIRECTION ( 'NONE',  ( -0.000000000000000000, 1.000000000000000000, -0.000000000000000000 ) ) ;
#1006 = DIRECTION ( 'NONE',  ( -1.000000000000000000, -0.000000000000000000, -0.000000000000000000 ) ) ;
#1007 = DIRECTION ( 'NONE',  ( 0.000000000000000000, 0.000000000000000000, 1.000000000000000000 ) ) ;
#1008 = VECTOR ( 'NONE', #6453, 1000.000000000000000 ) ;
#1009 = VECTOR ( 'NONE', #6197, 1000.000000000000000 ) ;
#1010 = EDGE_LOOP ( 'NONE', ( #9156, #7357, #3840, #4795 ) ) ;
#1011 = CARTESIAN_POINT ( 'NONE',  ( 23.12141063199569402, -1.427707723006991447, 79.99999999999998579 ) ) ;
#1012 = EDGE_CURVE ( 'NONE', #7624, #8028, #1940, .T. ) ;
#1013 = EDGE_CURVE ( 'NONE', #38, #5395, #5706, .T. ) ;
#1014 = ORIENTED_EDGE ( 'NONE', *, *, #716, .T. ) ;
#1015 = AXIS2_PLACEMENT_3D ( 'NONE', #3077, #6380, #6334 ) ;
#1016 = VECTOR ( 'NONE', #4863, 1000.000000000000000 ) ;
#1017 = CARTESIAN_POINT ( 'NONE',  ( -12.00000000000000000, -3.719312084155296905, 46.00000000000000000 ) ) ;
#1018 = DIRECTION ( 'NONE',  ( -0.000000000000000000, 1.000000000000000000, -0.000000000000000000 ) ) ;
#1019 = CARTESIAN_POINT ( 'NONE',  ( 12.59999999999999964, 10.80000000000000071, 21.19999999999996732 ) ) ;
#1020 = DIRECTION ( 'NONE',  ( -1.000000000000000000, 0.000000000000000000, -0.000000000000000000 ) ) ;
#1021 = AXIS2_PLACEMENT_3D ( 'NONE', #6259, #188, #9336 ) ;
#1022 = FACE_OUTER_BOUND ( 'NONE', #665, .T. ) ;
#1023 = VECTOR ( 'NONE', #4564, 1000.000000000000000 ) ;
#1024 = ADVANCED_FACE ( 'NONE', ( #4297 ), #6510, .F. ) ;
#1025 = VECTOR ( 'NONE', #2521, 1000.000000000000000 ) ;
#1026 = ORIENTED_EDGE ( 'NONE', *, *, #9436, .T. ) ;
#1027 = EDGE_LOOP ( 'NONE', ( #1148, #5848, #1203, #6619 ) ) ;
#1028 = EDGE_CURVE ( 'NONE', #576, #6404, #7846, .T. ) ;
#1029 = ORIENTED_EDGE ( 'NONE', *, *, #9096, .T. ) ;
#1030 = VECTOR ( 'NONE', #8302, 1000.000000000000000 ) ;
#1031 = LINE ( 'NONE', #4187, #1499 ) ;
#1032 = AXIS2_PLACEMENT_3D ( 'NONE', #7714, #9281, #7012 ) ;
#1033 = ORIENTED_EDGE ( 'NONE', *, *, #5730, .T. ) ;
#1034 = LINE ( 'NONE', #1885, #7724 ) ;
#1035 = DIRECTION ( 'NONE',  ( 0.000000000000000000, -0.000000000000000000, -1.000000000000000000 ) ) ;
#1036 = CARTESIAN_POINT ( 'NONE',  ( -80.00000000000000000, 8.000000000000000000, 59.99999999999984368 ) ) ;
#1037 = ADVANCED_FACE ( 'NONE', ( #7924 ), #8724, .T. ) ;
#1038 = DIRECTION ( 'NONE',  ( -0.000000000000000000, 1.000000000000000000, -0.000000000000000000 ) ) ;
#1039 = ORIENTED_EDGE ( 'NONE', *, *, #8669, .T. ) ;
#1040 = CARTESIAN_POINT ( 'NONE',  ( 13.39999999999999858, 9.600000000000001421, 42.14999999999997016 ) ) ;
#1041 = VERTEX_POINT ( 'NONE', #2692 ) ;
#1042 = ORIENTED_EDGE ( 'NONE', *, *, #1973, .F. ) ;
#1043 = CARTESIAN_POINT ( 'NONE',  ( -7.465107571683481602, 1.780687915844703539, 0.000000000000000000 ) ) ;
#1044 = CARTESIAN_POINT ( 'NONE',  ( 75.00000000000000000, -6.500000000000000000, -59.99999999999986500 ) ) ;
#1045 = DIRECTION ( 'NONE',  ( -1.000000000000000000, 0.000000000000000000, -0.000000000000000000 ) ) ;
#1046 = DIRECTION ( 'NONE',  ( -0.000000000000000000, 1.000000000000000000, -0.000000000000000000 ) ) ;
#1047 = CARTESIAN_POINT ( 'NONE',  ( 24.00000000000000000, 4.080753882296249443E-15, 79.99999999999998579 ) ) ;
#1048 = DIRECTION ( 'NONE',  ( -5.634144622830656211E-16, -0.000000000000000000, 1.000000000000000000 ) ) ;
#1049 = FACE_OUTER_BOUND ( 'NONE', #5881, .T. ) ;
#1050 = ORIENTED_EDGE ( 'NONE', *, *, #7907, .T. ) ;
#1051 = DIRECTION ( 'NONE',  ( -1.000000000000000000, 2.392722035830078479E-16, -0.000000000000000000 ) ) ;
#1052 = ORIENTED_EDGE ( 'NONE', *, *, #6243, .T. ) ;
#1053 = ORIENTED_EDGE ( 'NONE', *, *, #3031, .T. ) ;
#1054 = CARTESIAN_POINT ( 'NONE',  ( -6.399823581195861699, 2.849985688161227326, 32.39964779584392573 ) ) ;
#1055 = VERTEX_POINT ( 'NONE', #8876 ) ;
#1056 = FACE_OUTER_BOUND ( 'NONE', #6737, .T. ) ;
#1057 = ADVANCED_FACE ( 'NONE', ( #3344 ), #5003, .T. ) ;
#1058 = DIRECTION ( 'NONE',  ( -1.000000000000000000, -2.392722035830078479E-16, 0.000000000000000000 ) ) ;
#1059 = CARTESIAN_POINT ( 'NONE',  ( 10.00000000000002487, -2.000000000000000000, -72.00000000000000000 ) ) ;
#1060 = ORIENTED_EDGE ( 'NONE', *, *, #9110, .T. ) ;
#1061 = CARTESIAN_POINT ( 'NONE',  ( -24.00000000000000000, -1.797550753611047135E-15, 79.99999999999998579 ) ) ;
#1062 = AXIS2_PLACEMENT_3D ( 'NONE', #4000, #192, #8672 ) ;
#1063 = ORIENTED_EDGE ( 'NONE', *, *, #4403, .T. ) ;
#1064 = CARTESIAN_POINT ( 'NONE',  ( 27.74999999999999645, -1.691654479331865729E-13, -87.50000000000224532 ) ) ;
#1065 = CARTESIAN_POINT ( 'NONE',  ( -9.500000000000001776, 4.780687915844703539, 19.99999999999998934 ) ) ;
#1066 = CARTESIAN_POINT ( 'NONE',  ( 8.466972104714008296, 0.4108977003046527243, 30.39999999999999503 ) ) ;
#1067 = PLANE ( 'NONE',  #6039 ) ;
#1068 = ADVANCED_FACE ( 'NONE', ( #8773 ), #6405, .F. ) ;
#1069 = PLANE ( 'NONE',  #690 ) ;
#1070 = EDGE_CURVE ( 'NONE', #1834, #4080, #7165, .T. ) ;
#1071 = ORIENTED_EDGE ( 'NONE', *, *, #7819, .F. ) ;
#1072 = APPROVAL_DATE_TIME ( #4982, #9021 ) ;
#1073 = ORIENTED_EDGE ( 'NONE', *, *, #4180, .T. ) ;
#1074 = VERTEX_POINT ( 'NONE', #2591 ) ;
#1075 = DIRECTION ( 'NONE',  ( 0.000000000000000000, 0.000000000000000000, 1.000000000000000000 ) ) ;
#1076 = EDGE_LOOP ( 'NONE', ( #9146, #6168, #5523, #8597, #8522, #5485 ) ) ;
#1077 = CYLINDRICAL_SURFACE ( 'NONE', #8528, 1.500000000000001332 ) ;
#1078 = EDGE_CURVE ( 'NONE', #6485, #9948, #5766, .T. ) ;
#1079 = CARTESIAN_POINT ( 'NONE',  ( 2.308517379148995757E-15, 4.780687915844703539, 11.49999999999999289 ) ) ;
#1080 = CARTESIAN_POINT ( 'NONE',  ( 11.10000000000000142, 10.80000000000000071, 24.99999999999997513 ) ) ;
#1081 = ADVANCED_FACE ( 'NONE', ( #2540 ), #7972, .T. ) ;
#1082 = AXIS2_PLACEMENT_3D ( 'NONE', #3648, #3755, #6864 ) ;
#1083 = LINE ( 'NONE', #7201, #855 ) ;
#1084 = VERTEX_POINT ( 'NONE', #8267 ) ;
#1085 = FACE_OUTER_BOUND ( 'NONE', #6575, .T. ) ;
#1086 = ORIENTED_EDGE ( 'NONE', *, *, #4303, .F. ) ;
#1087 = EDGE_CURVE ( 'NONE', #3229, #4304, #6265, .T. ) ;
#1088 = ORIENTED_EDGE ( 'NONE', *, *, #3175, .F. ) ;
#1089 = DIRECTION ( 'NONE',  ( 1.000000000000000000, -0.000000000000000000, 5.634144622830656211E-16 ) ) ;
#1090 = DIRECTION ( 'NONE',  ( 0.000000000000000000, 0.000000000000000000, -1.000000000000000000 ) ) ;
#1091 = CARTESIAN_POINT ( 'NONE',  ( 79.99999999999998579, 0.000000000000000000, -59.99999999999987210 ) ) ;
#1092 = DIRECTION ( 'NONE',  ( 0.000000000000000000, 0.000000000000000000, -1.000000000000000000 ) ) ;
#1093 = EDGE_CURVE ( 'NONE', #5504, #781, #8216, .T. ) ;
#1094 = DIRECTION ( 'NONE',  ( -0.000000000000000000, 1.000000000000000000, -0.000000000000000000 ) ) ;
#1095 = CARTESIAN_POINT ( 'NONE',  ( 6.446648490627164385, 2.814349140636235092, 32.10202878910666868 ) ) ;
#1096 = CARTESIAN_POINT ( 'NONE',  ( -9.500000000000001776, -5.219312084155296461, 19.99999999999998934 ) ) ;
#1097 = ORIENTED_EDGE ( 'NONE', *, *, #6465, .F. ) ;
#1098 = DIRECTION ( 'NONE',  ( -1.000000000000000000, 0.000000000000000000, 1.885568995626964287E-16 ) ) ;
#1099 = VERTEX_POINT ( 'NONE', #8362 ) ;
#1100 = ORIENTED_EDGE ( 'NONE', *, *, #8145, .F. ) ;
#1101 = DIRECTION ( 'NONE',  ( -0.000000000000000000, 1.000000000000000000, -0.000000000000000000 ) ) ;
#1102 = VERTEX_POINT ( 'NONE', #4444 ) ;
#1103 = DIRECTION ( 'NONE',  ( 0.000000000000000000, -0.000000000000000000, 1.000000000000000000 ) ) ;
#1104 = DIRECTION ( 'NONE',  ( 5.634144622830656211E-16, 0.000000000000000000, -1.000000000000000000 ) ) ;
#1105 = LINE ( 'NONE', #8638, #3883 ) ;
#1106 = EDGE_LOOP ( 'NONE', ( #8734, #8816, #8460, #4090 ) ) ;
#1107 = CARTESIAN_POINT ( 'NONE',  ( 7.500000000000002665, 1.890660852020997762, 34.26320526901058372 ) ) ;
#1108 = ORIENTED_EDGE ( 'NONE', *, *, #5231, .F. ) ;
#1109 = VECTOR ( 'NONE', #2067, 1000.000000000000000 ) ;
#1110 = LINE ( 'NONE', #1967, #965 ) ;
#1111 = CARTESIAN_POINT ( 'NONE',  ( -7.099999999999999645, 7.000000000000000000, 54.00000000000001421 ) ) ;
#1112 = DIRECTION ( 'NONE',  ( 1.000000000000000000, -0.000000000000000000, -0.000000000000000000 ) ) ;
#1113 = FACE_OUTER_BOUND ( 'NONE', #1949, .T. ) ;
#1114 = CARTESIAN_POINT ( 'NONE',  ( 0.000000000000000000, 10.80000000000000071, 22.19999999999997087 ) ) ;
#1115 = ORIENTED_EDGE ( 'NONE', *, *, #111, .F. ) ;
#1116 = CALENDAR_DATE ( 2026, 20, 8 ) ;
#1117 = VECTOR ( 'NONE', #3862, 1000.000000000000000 ) ;
#1118 = AXIS2_PLACEMENT_3D ( 'NONE', #6836, #717, #2367 ) ;
#1119 = ORIENTED_EDGE ( 'NONE', *, *, #8125, .F. ) ;
#1120 = AXIS2_PLACEMENT_3D ( 'NONE', #1795, #9472, #4254 ) ;
#1121 = ORIENTED_EDGE ( 'NONE', *, *, #5860, .T. ) ;
#1122 = CARTESIAN_POINT ( 'NONE',  ( 3.141914200517622824, 4.531471823800351295, -72.03374918561503648 ) ) ;
#1123 = EDGE_CURVE ( 'NONE', #6522, #5863, #1428, .T. ) ;
#1124 = DIRECTION ( 'NONE',  ( 0.9986295347545739443, 0.05233595624294377913, 0.000000000000000000 ) ) ;
#1125 = ORIENTED_EDGE ( 'NONE', *, *, #8125, .T. ) ;
#1126 = LINE ( 'NONE', #2111, #9805 ) ;
#1127 = CARTESIAN_POINT ( 'NONE',  ( 9.999999999999930722, 3.780687915844703539, 72.00000000000000000 ) ) ;
#1128 = AXIS2_PLACEMENT_3D ( 'NONE', #4717, #5312, #7578 ) ;
#1129 = DIRECTION ( 'NONE',  ( -0.000000000000000000, -1.000000000000000000, -0.000000000000000000 ) ) ;
#1130 = CARTESIAN_POINT ( 'NONE',  ( -26.99999999999999645, 4.780687915844703539, 59.50000000000000711 ) ) ;
#1131 = ORIENTED_EDGE ( 'NONE', *, *, #9363, .T. ) ;
#1132 = DIRECTION ( 'NONE',  ( -2.275047181608929616E-16, 0.000000000000000000, -1.000000000000000000 ) ) ;
#1133 = VERTEX_POINT ( 'NONE', #4492 ) ;
#1134 = AXIS2_PLACEMENT_3D ( 'NONE', #9554, #9797, #1562 ) ;
#1135 = AXIS2_PLACEMENT_3D ( 'NONE', #3897, #6098, #8314 ) ;
#1136 = EDGE_CURVE ( 'NONE', #4851, #9230, #14, .T. ) ;
#1137 = ORIENTED_EDGE ( 'NONE', *, *, #2704, .F. ) ;
#1138 = LINE ( 'NONE', #9335, #8352 ) ;
#1139 = DIRECTION ( 'NONE',  ( -1.000000000000000000, 0.000000000000000000, 1.927470528863118802E-16 ) ) ;
#1140 = CARTESIAN_POINT ( 'NONE',  ( 12.50000000000000000, 0.7500000000000096589, 66.99999999999998579 ) ) ;
#1141 = DIRECTION ( 'NONE',  ( -0.000000000000000000, -1.000000000000000000, -0.000000000000000000 ) ) ;
#1142 = CARTESIAN_POINT ( 'NONE',  ( 6.576334045892788360, 2.713802187261857402, 33.26798763660823965 ) ) ;
#1143 = VECTOR ( 'NONE', #9909, 1000.000000000000000 ) ;
#1144 = AXIS2_PLACEMENT_3D ( 'NONE', #7536, #7490, #6883 ) ;
#1145 = CARTESIAN_POINT ( 'NONE',  ( -13.00000000000000178, -3.719312084155296905, 45.00000000000000000 ) ) ;
#1146 = ORIENTED_EDGE ( 'NONE', *, *, #910, .T. ) ;
#1147 = CARTESIAN_POINT ( 'NONE',  ( 12.60000000000000675, 9.799999999999998934, 25.19999999999997087 ) ) ;
#1148 = ORIENTED_EDGE ( 'NONE', *, *, #9167, .F. ) ;
#1149 = ADVANCED_FACE ( 'NONE', ( #7562 ), #4398, .F. ) ;
#1150 = EDGE_CURVE ( 'NONE', #4711, #4441, #5945, .T. ) ;
#1151 = DIRECTION ( 'NONE',  ( 0.000000000000000000, 0.000000000000000000, -1.000000000000000000 ) ) ;
#1152 = VECTOR ( 'NONE', #1104, 1000.000000000000000 ) ;
#1153 = ORIENTED_EDGE ( 'NONE', *, *, #1028, .F. ) ;
#1154 = DIRECTION ( 'NONE',  ( -5.634144622830656211E-16, -0.000000000000000000, 1.000000000000000000 ) ) ;
#1155 = LINE ( 'NONE', #5718, #4038 ) ;
#1156 = FACE_OUTER_BOUND ( 'NONE', #6589, .T. ) ;
#1157 = EDGE_CURVE ( 'NONE', #7202, #3229, #6527, .T. ) ;
#1158 = AXIS2_PLACEMENT_3D ( 'NONE', #2157, #2958, #9142 ) ;
#1159 = ORIENTED_EDGE ( 'NONE', *, *, #1889, .F. ) ;
#1160 = CARTESIAN_POINT ( 'NONE',  ( -25.20000000000002771, -5.119312084155316356, -55.59601004648968114 ) ) ;
#1161 = AXIS2_PLACEMENT_3D ( 'NONE', #2084, #1283, #5202 ) ;
#1162 = CC_DESIGN_PERSON_AND_ORGANIZATION_ASSIGNMENT ( #4032, #7903, ( #6758 ) ) ;
#1163 = ORIENTED_EDGE ( 'NONE', *, *, #6892, .T. ) ;
#1164 = LINE ( 'NONE', #8793, #2570 ) ;
#1165 = CARTESIAN_POINT ( 'NONE',  ( 10.10000000000000142, 9.799999999999998934, 25.99999999999997868 ) ) ;
#1166 = VECTOR ( 'NONE', #6562, 1000.000000000000000 ) ;
#1167 = CARTESIAN_POINT ( 'NONE',  ( 2.906707048696248297, 4.593751639243113694, -37.73251428678485553 ) ) ;
#1168 = CIRCLE ( 'NONE', #5804, 2.100000000000000977 ) ;
#1169 = FACE_OUTER_BOUND ( 'NONE', #4020, .T. ) ;
#1170 = DIRECTION ( 'NONE',  ( -1.000000000000000000, -2.392722035830078479E-16, -0.000000000000000000 ) ) ;
#1171 = AXIS2_PLACEMENT_3D ( 'NONE', #3622, #8238, #9904 ) ;
#1172 = ORIENTED_EDGE ( 'NONE', *, *, #4588, .T. ) ;
#1173 = CALENDAR_DATE ( 2026, 20, 8 ) ;
#1174 = AXIS2_PLACEMENT_3D ( 'NONE', #8994, #9560, #9655 ) ;
#1175 = ORIENTED_EDGE ( 'NONE', *, *, #5983, .F. ) ;
#1176 = CARTESIAN_POINT ( 'NONE',  ( -8.449200506237207975, 0.7500000000000000000, 34.59999999999998721 ) ) ;
#1177 = LINE ( 'NONE', #4939, #2938 ) ;
#1178 = VERTEX_POINT ( 'NONE', #2792 ) ;
#1179 = DIRECTION ( 'NONE',  ( -1.000000000000000000, 0.000000000000000000, 0.000000000000000000 ) ) ;
#1180 = AXIS2_PLACEMENT_3D ( 'NONE', #6879, #4465, #8288 ) ;
#1181 = ADVANCED_FACE ( 'NONE', ( #5245 ), #9679, .T. ) ;
#1182 = CARTESIAN_POINT ( 'NONE',  ( -7.099999999999999645, 4.780687915844703539, 54.70000000000000995 ) ) ;
#1183 = AXIS2_PLACEMENT_3D ( 'NONE', #6299, #6244, #4455 ) ;
#1184 = CARTESIAN_POINT ( 'NONE',  ( 40.00000000000000711, -5.219312084155296461, 20.00000000000000000 ) ) ;
#1185 = DIRECTION ( 'NONE',  ( 0.000000000000000000, 0.000000000000000000, 1.000000000000000000 ) ) ;
#1186 = AXIS2_PLACEMENT_3D ( 'NONE', #537, #3606, #6661 ) ;
#1187 = ORIENTED_EDGE ( 'NONE', *, *, #9883, .F. ) ;
#1188 = DIRECTION ( 'NONE',  ( 1.214306433183764966E-16, -1.000000000000000000, 0.000000000000000000 ) ) ;
#1189 = ORIENTED_EDGE ( 'NONE', *, *, #3845, .F. ) ;
#1190 = EDGE_LOOP ( 'NONE', ( #6903, #6857, #9174, #7971 ) ) ;
#1191 = VECTOR ( 'NONE', #6868, 1000.000000000000000 ) ;
#1192 = EDGE_LOOP ( 'NONE', ( #1539, #9871, #7905, #3858, #3786, #8251 ) ) ;
#1193 = DIRECTION ( 'NONE',  ( -0.000000000000000000, -1.000000000000000000, -0.000000000000000000 ) ) ;
#1194 = DIRECTION ( 'NONE',  ( 1.000000000000000000, -2.392722035830078479E-16, 0.000000000000000000 ) ) ;
#1195 = DIRECTION ( 'NONE',  ( -0.000000000000000000, -0.000000000000000000, 1.000000000000000000 ) ) ;
#1196 = DIRECTION ( 'NONE',  ( -1.000000000000000000, 0.000000000000000000, 1.476360405086644309E-16 ) ) ;
#1197 = DIRECTION ( 'NONE',  ( 0.000000000000000000, -0.7071067811865474617, -0.7071067811865474617 ) ) ;
#1198 = ADVANCED_FACE ( 'NONE', ( #9885, #2986 ), #9769, .T. ) ;
#1199 = EDGE_CURVE ( 'NONE', #9672, #6482, #984, .T. ) ;
#1200 = LINE ( 'NONE', #7323, #1166 ) ;
#1201 = VERTEX_POINT ( 'NONE', #7509 ) ;
#1202 = DIRECTION ( 'NONE',  ( 1.885568995626964287E-16, 0.000000000000000000, 1.000000000000000000 ) ) ;
#1203 = ORIENTED_EDGE ( 'NONE', *, *, #6052, .F. ) ;
#1204 = DIRECTION ( 'NONE',  ( -1.000000000000000000, 0.000000000000000000, 0.000000000000000000 ) ) ;
#1205 = ORIENTED_EDGE ( 'NONE', *, *, #1337, .T. ) ;
#1206 = CARTESIAN_POINT ( 'NONE',  ( 9.500000000000028422, -5.219312084155296461, -47.00000000000000000 ) ) ;
#1207 = CARTESIAN_POINT ( 'NONE',  ( -39.99999999999999289, -5.219312084155296461, -49.00000000000000000 ) ) ;
#1208 = CARTESIAN_POINT ( 'NONE',  ( -9.500000000000001776, -0.2193120841552965994, 17.99999999999998934 ) ) ;
#1209 = ADVANCED_FACE ( 'NONE', ( #8162 ), #627, .F. ) ;
#1210 = ADVANCED_FACE ( 'NONE', ( #6753 ), #9828, .F. ) ;
#1211 = ORIENTED_EDGE ( 'NONE', *, *, #9378, .T. ) ;
#1212 = CARTESIAN_POINT ( 'NONE',  ( -13.39999999999999147, 9.799999999999998934, 42.14999999999997016 ) ) ;
#1213 = ORIENTED_EDGE ( 'NONE', *, *, #1313, .F. ) ;
#1214 = DIRECTION ( 'NONE',  ( -0.000000000000000000, 0.000000000000000000, 1.000000000000000000 ) ) ;
#1215 = EDGE_CURVE ( 'NONE', #2810, #6432, #6907, .T. ) ;
#1216 = DIRECTION ( 'NONE',  ( -1.000000000000000000, -0.000000000000000000, -0.000000000000000000 ) ) ;
#1217 = FACE_OUTER_BOUND ( 'NONE', #1777, .T. ) ;
#1218 = CARTESIAN_POINT ( 'NONE',  ( -59.99999999999987921, -6.500000000000000000, -74.99999999999997158 ) ) ;
#1219 = LINE ( 'NONE', #9707, #7588 ) ;
#1220 = EDGE_CURVE ( 'NONE', #4144, #3507, #5628, .T. ) ;
#1221 = ORIENTED_EDGE ( 'NONE', *, *, #2190, .T. ) ;
#1222 = VERTEX_POINT ( 'NONE', #5579 ) ;
#1223 = FACE_OUTER_BOUND ( 'NONE', #6794, .T. ) ;
#1224 = LINE ( 'NONE', #5838, #8555 ) ;
#1225 = ORIENTED_EDGE ( 'NONE', *, *, #2014, .T. ) ;
#1226 = CARTESIAN_POINT ( 'NONE',  ( 10.10000000000000142, 10.80000000000000071, 24.99999999999997868 ) ) ;
#1227 = DIRECTION ( 'NONE',  ( -0.000000000000000000, -1.000000000000000000, -0.000000000000000000 ) ) ;
#1228 = CARTESIAN_POINT ( 'NONE',  ( 2.308517379148995757E-15, -1.719312084155296239, 12.99999999999999467 ) ) ;
#1229 = ORIENTED_EDGE ( 'NONE', *, *, #6597, .T. ) ;
#1230 = DIRECTION ( 'NONE',  ( 0.000000000000000000, 0.000000000000000000, -1.000000000000000000 ) ) ;
#1231 = ORIENTED_EDGE ( 'NONE', *, *, #3351, .F. ) ;
#1232 = ORIENTED_EDGE ( 'NONE', *, *, #5424, .T. ) ;
#1233 = ORIENTED_EDGE ( 'NONE', *, *, #4763, .T. ) ;
#1234 = DIRECTION ( 'NONE',  ( -0.000000000000000000, 0.000000000000000000, -1.000000000000000000 ) ) ;
#1235 = LINE ( 'NONE', #9024, #4503 ) ;
#1236 = DIRECTION ( 'NONE',  ( -0.000000000000000000, 0.000000000000000000, -1.000000000000000000 ) ) ;
#1237 = CARTESIAN_POINT ( 'NONE',  ( -6.760991822495296510, 2.565098754710900320, -73.23934707180126225 ) ) ;
#1238 = LINE ( 'NONE', #5710, #3470 ) ;
#1239 = CIRCLE ( 'NONE', #3815, 3.250000000002188028 ) ;
#1240 = CARTESIAN_POINT ( 'NONE',  ( -12.00000000000000000, 4.780687915844703539, 46.00000000000000000 ) ) ;
#1241 = ORIENTED_EDGE ( 'NONE', *, *, #1581, .T. ) ;
#1242 = CARTESIAN_POINT ( 'NONE',  ( 20.87858936800429532, -5.072292276993006332, 79.99999999999998579 ) ) ;
#1243 = ORIENTED_EDGE ( 'NONE', *, *, #2426, .T. ) ;
#1244 = ADVANCED_FACE ( 'NONE', ( #6156 ), #9407, .F. ) ;
#1245 = PLANE ( 'NONE',  #6080 ) ;
#1246 = EDGE_CURVE ( 'NONE', #2034, #8844, #8751, .T. ) ;
#1247 = EDGE_LOOP ( 'NONE', ( #2984, #2055, #9780, #8147 ) ) ;
#1248 = CARTESIAN_POINT ( 'NONE',  ( 7.500000000000001776, 1.890660852020999538, 45.00000000000000000 ) ) ;
#1249 = LINE ( 'NONE', #6479, #1791 ) ;
#1250 = DIRECTION ( 'NONE',  ( 1.000000000000000000, 0.000000000000000000, -0.000000000000000000 ) ) ;
#1251 = ORIENTED_EDGE ( 'NONE', *, *, #3738, .F. ) ;
#1252 = FACE_BOUND ( 'NONE', #3116, .T. ) ;
#1253 = ORIENTED_EDGE ( 'NONE', *, *, #2326, .T. ) ;
#1254 = LINE ( 'NONE', #7296, #655 ) ;
#1255 = EDGE_CURVE ( 'NONE', #7173, #2735, #7896, .T. ) ;
#1256 = DIRECTION ( 'NONE',  ( 0.000000000000000000, 0.000000000000000000, -1.000000000000000000 ) ) ;
#1257 = CIRCLE ( 'NONE', #6403, 20.00000000000000355 ) ;
#1258 = CARTESIAN_POINT ( 'NONE',  ( 2.416603668789080839, 4.724577786174732452, -36.68041593910755438 ) ) ;
#1259 = DIRECTION ( 'NONE',  ( -1.000000000000000000, 0.000000000000000000, 0.000000000000000000 ) ) ;
#1260 = EDGE_CURVE ( 'NONE', #9438, #1222, #4083, .T. ) ;
#1261 = VERTEX_POINT ( 'NONE', #1719 ) ;
#1262 = ORIENTED_EDGE ( 'NONE', *, *, #4801, .F. ) ;
#1263 = EDGE_CURVE ( 'NONE', #1446, #2730, #7838, .T. ) ;
#1264 = CARTESIAN_POINT ( 'NONE',  ( -56.99999999999998579, -5.219312084155296461, 2.999999999999981792 ) ) ;
#1265 = EDGE_CURVE ( 'NONE', #4550, #8298, #3279, .T. ) ;
#1266 = CARTESIAN_POINT ( 'NONE',  ( 7.099999999999999645, 7.000000000000000000, 53.30000000000001137 ) ) ;
#1267 = ORIENTED_EDGE ( 'NONE', *, *, #5911, .T. ) ;
#1268 = EDGE_CURVE ( 'NONE', #9367, #6379, #1828, .T. ) ;
#1269 = LINE ( 'NONE', #2070, #7163 ) ;
#1270 = CARTESIAN_POINT ( 'NONE',  ( 72.00000000000002842, 4.780687915844703539, -58.49999999999990052 ) ) ;
#1271 = CIRCLE ( 'NONE', #9455, 9.000000000000001776 ) ;
#1272 = DIRECTION ( 'NONE',  ( -1.000000000000000000, -0.000000000000000000, -0.000000000000000000 ) ) ;
#1273 = ORIENTED_EDGE ( 'NONE', *, *, #3731, .T. ) ;
#1274 = DIRECTION ( 'NONE',  ( 1.000000000000000000, 0.000000000000000000, 0.000000000000000000 ) ) ;
#1275 = ORIENTED_EDGE ( 'NONE', *, *, #3955, .T. ) ;
#1276 = ORIENTED_EDGE ( 'NONE', *, *, #3638, .F. ) ;
#1277 = ORIENTED_EDGE ( 'NONE', *, *, #3206, .T. ) ;
#1278 = ORIENTED_EDGE ( 'NONE', *, *, #2440, .F. ) ;
#1279 = AXIS2_PLACEMENT_3D ( 'NONE', #1111, #261, #7240 ) ;
#1280 = CARTESIAN_POINT ( 'NONE',  ( -12.49999999999999822, 3.850000000000008082, 66.99999999999998579 ) ) ;
#1281 = FACE_OUTER_BOUND ( 'NONE', #2064, .T. ) ;
#1282 = CARTESIAN_POINT ( 'NONE',  ( -17.50000000000000000, 1.780687915844703539, 72.00000000000000000 ) ) ;
#1283 = DIRECTION ( 'NONE',  ( 0.000000000000000000, -0.000000000000000000, -1.000000000000000000 ) ) ;
#1284 = CARTESIAN_POINT ( 'NONE',  ( 2.308517379148995757E-15, 4.780687915844703539, -38.50000000000000711 ) ) ;
#1285 = CARTESIAN_POINT ( 'NONE',  ( 26.00000000000000000, -1.219312084155296683, 55.00000000000000000 ) ) ;
#1286 = ORIENTED_EDGE ( 'NONE', *, *, #3537, .T. ) ;
#1287 = VECTOR ( 'NONE', #8391, 1000.000000000000000 ) ;
#1288 = CARTESIAN_POINT ( 'NONE',  ( 9.500000000000031974, -5.219312084155296461, -49.00000000000000000 ) ) ;
#1289 = AXIS2_PLACEMENT_3D ( 'NONE', #3360, #7287, #6523 ) ;
#1290 = ORIENTED_EDGE ( 'NONE', *, *, #7145, .T. ) ;
#1291 = CARTESIAN_POINT ( 'NONE',  ( -9.500000000000001776, 4.780687915844703539, -47.00000000000000000 ) ) ;
#1292 = ORIENTED_EDGE ( 'NONE', *, *, #2161, .T. ) ;
#1293 = LINE ( 'NONE', #1206, #4173 ) ;
#1294 = DIRECTION ( 'NONE',  ( 1.000000000000000000, 0.000000000000000000, 0.000000000000000000 ) ) ;
#1295 = VECTOR ( 'NONE', #3645, 1000.000000000000000 ) ;
#1296 = DIRECTION ( 'NONE',  ( -0.000000000000000000, 1.000000000000000000, -0.000000000000000000 ) ) ;
#1297 = VECTOR ( 'NONE', #8313, 1000.000000000000000 ) ;
#1298 = EDGE_CURVE ( 'NONE', #8679, #9272, #8191, .T. ) ;
#1299 = LINE ( 'NONE', #1403, #5005 ) ;
#1300 = ORIENTED_EDGE ( 'NONE', *, *, #6243, .F. ) ;
#1301 = PLANE ( 'NONE',  #543 ) ;
#1302 = PRODUCT_DEFINITION_FORMATION_WITH_SPECIFIED_SOURCE ( '�', '', #1445, .NOT_KNOWN. ) ;
#1303 = AXIS2_PLACEMENT_3D ( 'NONE', #4425, #1929, #2910 ) ;
#1304 = VECTOR ( 'NONE', #2008, 1000.000000000000000 ) ;
#1305 = ORIENTED_EDGE ( 'NONE', *, *, #5867, .F. ) ;
#1306 = CARTESIAN_POINT ( 'NONE',  ( 17.00000000000000000, 1.780687915844703539, 46.00000000000000000 ) ) ;
#1307 = CARTESIAN_POINT ( 'NONE',  ( 58.50000000000002132, 4.780687915844703539, -58.50000000000000000 ) ) ;
#1308 = CARTESIAN_POINT ( 'NONE',  ( -13.00000000000000178, 4.780687915844703539, 50.60000000000000142 ) ) ;
#1309 = VECTOR ( 'NONE', #2514, 1000.000000000000000 ) ;
#1310 = DIRECTION ( 'NONE',  ( 2.392722035830078479E-16, -1.000000000000000000, 0.000000000000000000 ) ) ;
#1311 = VECTOR ( 'NONE', #504, 1000.000000000000000 ) ;
#1312 = EDGE_CURVE ( 'NONE', #9118, #2329, #991, .T. ) ;
#1313 = EDGE_CURVE ( 'NONE', #8447, #594, #9929, .T. ) ;
#1314 = ORIENTED_EDGE ( 'NONE', *, *, #9301, .T. ) ;
#1315 = ORIENTED_EDGE ( 'NONE', *, *, #2716, .F. ) ;
#1316 = VECTOR ( 'NONE', #1368, 1000.000000000000000 ) ;
#1317 = VECTOR ( 'NONE', #3536, 1000.000000000000000 ) ;
#1318 = CARTESIAN_POINT ( 'NONE',  ( -9.500000000000001776, 4.780687915844703539, 19.99999999999998934 ) ) ;
#1319 = FACE_OUTER_BOUND ( 'NONE', #2471, .T. ) ;
#1320 = EDGE_LOOP ( 'NONE', ( #4037, #7495, #6577, #2947 ) ) ;
#1321 = DIRECTION ( 'NONE',  ( -1.000000000000000000, 0.000000000000000000, -3.016910393003142859E-15 ) ) ;
#1322 = DIRECTION ( 'NONE',  ( 8.260587980841934835E-16, 0.000000000000000000, -1.000000000000000000 ) ) ;
#1323 = EDGE_CURVE ( 'NONE', #93, #6846, #961, .T. ) ;
#1324 = VECTOR ( 'NONE', #3244, 1000.000000000000000 ) ;
#1325 = AXIS2_PLACEMENT_3D ( 'NONE', #7041, #5632, #7796 ) ;
#1326 = CARTESIAN_POINT ( 'NONE',  ( 8.999999999999932498, 3.780687915844703539, 72.00000000000000000 ) ) ;
#1327 = EDGE_CURVE ( 'NONE', #2983, #9917, #3086, .T. ) ;
#1328 = ORIENTED_EDGE ( 'NONE', *, *, #156, .T. ) ;
#1329 = CARTESIAN_POINT ( 'NONE',  ( 26.00000000000000000, -1.219312084155296683, 72.00000000000000000 ) ) ;
#1330 = ORIENTED_EDGE ( 'NONE', *, *, #9008, .T. ) ;
#1331 = ORIENTED_EDGE ( 'NONE', *, *, #8997, .F. ) ;
#1332 = VERTEX_POINT ( 'NONE', #308 ) ;
#1333 = AXIS2_PLACEMENT_3D ( 'NONE', #5087, #2073, #5134 ) ;
#1334 = ORIENTED_EDGE ( 'NONE', *, *, #4892, .F. ) ;
#1335 = VECTOR ( 'NONE', #9134, 1000.000000000000000 ) ;
#1336 = DIRECTION ( 'NONE',  ( -1.000000000000000000, -0.000000000000000000, -0.000000000000000000 ) ) ;
#1337 = EDGE_CURVE ( 'NONE', #2069, #1580, #1783, .T. ) ;
#1338 = CARTESIAN_POINT ( 'NONE',  ( 2.145068389081294935, 4.780687915844701763, -40.59730341299589895 ) ) ;
#1339 = CARTESIAN_POINT ( 'NONE',  ( -10.00000000000000000, 4.780687915844703539, 46.00000000000000000 ) ) ;
#1340 = CARTESIAN_POINT ( 'NONE',  ( 2.308517379148995757E-15, 4.780687915844703539, -38.50000000000000711 ) ) ;
#1341 = DIRECTION ( 'NONE',  ( -0.000000000000000000, 0.000000000000000000, -1.000000000000000000 ) ) ;
#1342 = VECTOR ( 'NONE', #4790, 1000.000000000000000 ) ;
#1343 = CARTESIAN_POINT ( 'NONE',  ( -16.50000000000007816, 1.780687915844703539, 34.32966729766141611 ) ) ;
#1344 = EDGE_CURVE ( 'NONE', #3746, #5227, #8045, .T. ) ;
#1345 = VECTOR ( 'NONE', #3820, 1000.000000000000000 ) ;
#1346 = VERTEX_POINT ( 'NONE', #6097 ) ;
#1347 = DIRECTION ( 'NONE',  ( 1.734723475976805517E-15, 0.000000000000000000, 1.000000000000000000 ) ) ;
#1348 = ORIENTED_EDGE ( 'NONE', *, *, #2234, .T. ) ;
#1349 = DIRECTION ( 'NONE',  ( 0.000000000000000000, 0.000000000000000000, 1.000000000000000000 ) ) ;
#1350 = VERTEX_POINT ( 'NONE', #5686 ) ;
#1351 = CARTESIAN_POINT ( 'NONE',  ( -39.99999999999999289, -5.219312084155296461, 19.99999999999998934 ) ) ;
#1352 = CIRCLE ( 'NONE', #713, 7.000000000000006217 ) ;
#1353 = CYLINDRICAL_SURFACE ( 'NONE', #7887, 2.100000000000004530 ) ;
#1354 = FACE_OUTER_BOUND ( 'NONE', #2731, .T. ) ;
#1355 = DIRECTION ( 'NONE',  ( 0.000000000000000000, -0.000000000000000000, 1.000000000000000000 ) ) ;
#1356 = ORIENTED_EDGE ( 'NONE', *, *, #3365, .T. ) ;
#1357 = CARTESIAN_POINT ( 'NONE',  ( -11.09999999999999254, 9.600000000000001421, 42.14999999999997726 ) ) ;
#1358 = EDGE_LOOP ( 'NONE', ( #377, #1788, #16, #7221 ) ) ;
#1359 = CARTESIAN_POINT ( 'NONE',  ( -26.00000000000000000, -1.219312084155296683, 72.00000000000000000 ) ) ;
#1360 = DIRECTION ( 'NONE',  ( 0.000000000000000000, 0.000000000000000000, 1.000000000000000000 ) ) ;
#1361 = DIRECTION ( 'NONE',  ( 0.000000000000000000, 0.000000000000000000, 1.000000000000000000 ) ) ;
#1362 = FACE_OUTER_BOUND ( 'NONE', #3411, .T. ) ;
#1363 = DIRECTION ( 'NONE',  ( 0.000000000000000000, -0.000000000000000000, -1.000000000000000000 ) ) ;
#1364 = VERTEX_POINT ( 'NONE', #9232 ) ;
#1365 = EDGE_LOOP ( 'NONE', ( #5811, #4949 ) ) ;
#1366 = VERTEX_POINT ( 'NONE', #9175 ) ;
#1367 = DIRECTION ( 'NONE',  ( 1.000000000000000000, 0.000000000000000000, 0.000000000000000000 ) ) ;
#1368 = DIRECTION ( 'NONE',  ( -1.000000000000000000, -0.000000000000000000, 3.016910393003142859E-15 ) ) ;
#1369 = ORIENTED_EDGE ( 'NONE', *, *, #7696, .T. ) ;
#1370 = ADVANCED_FACE ( 'NONE', ( #784 ), #2476, .T. ) ;
#1371 = EDGE_CURVE ( 'NONE', #2415, #7992, #9651, .T. ) ;
#1372 = CARTESIAN_POINT ( 'NONE',  ( -17.00000000000000000, -1.219312084155296683, 55.00000000000000000 ) ) ;
#1373 = CARTESIAN_POINT ( 'NONE',  ( -9.000000000000001776, 3.780687915844703539, 72.00000000000000000 ) ) ;
#1374 = CARTESIAN_POINT ( 'NONE',  ( 7.099999999999999645, 7.000000000000000000, 56.10000000000001563 ) ) ;
#1375 = ORIENTED_EDGE ( 'NONE', *, *, #4463, .T. ) ;
#1376 = CARTESIAN_POINT ( 'NONE',  ( 0.000000000000000000, 1.780687915844703539, 56.99999999999999289 ) ) ;
#1377 = EDGE_LOOP ( 'NONE', ( #6402, #401, #2876, #4065 ) ) ;
#1378 = ORIENTED_EDGE ( 'NONE', *, *, #1702, .T. ) ;
#1379 = VERTEX_POINT ( 'NONE', #2764 ) ;
#1380 = EDGE_CURVE ( 'NONE', #9540, #6092, #2061, .T. ) ;
#1381 = ORIENTED_EDGE ( 'NONE', *, *, #1869, .T. ) ;
#1382 = CARTESIAN_POINT ( 'NONE',  ( 2.999904558552107137, 4.566640184908965061, 11.30465595389147992 ) ) ;
#1383 = ADVANCED_FACE ( 'NONE', ( #1217 ), #4235, .F. ) ;
#1384 = CARTESIAN_POINT ( 'NONE',  ( -25.67638558210932942, 0.000000000000000000, 79.99999999999998579 ) ) ;
#1385 = DIRECTION ( 'NONE',  ( 1.927470528863118802E-16, 0.000000000000000000, -1.000000000000000000 ) ) ;
#1386 = B_SPLINE_CURVE_WITH_KNOTS ( 'NONE', 3,
 ( #8992, #3478, #3431, #8945, #7385, #6683, #2110, #5171, #8144, #9599, #4976, #1167, #6639, #5774, #1258, #2018 ),
 .UNSPECIFIED., .F., .F.,
 ( 4, 2, 2, 2, 2, 2, 2, 4 ),
 ( 0.000000000000000000, 0.0005804601179925498490, 0.001160920235985099698, 0.001741380353977649547, 0.002321840471970199396, 0.002902300589962749245, 0.003482760707955299094, 0.004643680943940398792 ),
 .UNSPECIFIED. ) ;
#1387 = CARTESIAN_POINT ( 'NONE',  ( -24.99999999999995026, 0.5000000000000004441, -95.00000000000223110 ) ) ;
#1388 = ADVANCED_FACE ( 'NONE', ( #416 ), #7299, .F. ) ;
#1389 = PLANE ( 'NONE',  #9749 ) ;
#1390 = CARTESIAN_POINT ( 'NONE',  ( -27.74999999999999645, -1.691654479331865729E-13, -87.50000000000224532 ) ) ;
#1391 = ORIENTED_EDGE ( 'NONE', *, *, #2677, .T. ) ;
#1392 = DIRECTION ( 'NONE',  ( 0.000000000000000000, 0.000000000000000000, 1.000000000000000000 ) ) ;
#1393 = EDGE_CURVE ( 'NONE', #2970, #6297, #5919, .T. ) ;
#1394 = ORIENTED_EDGE ( 'NONE', *, *, #6607, .F. ) ;
#1395 = EDGE_CURVE ( 'NONE', #5049, #3761, #1386, .T. ) ;
#1396 = FACE_OUTER_BOUND ( 'NONE', #7983, .T. ) ;
#1397 = EDGE_CURVE ( 'NONE', #5608, #4488, #3626, .T. ) ;
#1398 = ORIENTED_EDGE ( 'NONE', *, *, #3300, .F. ) ;
#1399 = CARTESIAN_POINT ( 'NONE',  ( 7.099999999999999645, 8.000000000000000000, 56.10000000000001563 ) ) ;
#1400 = DIRECTION ( 'NONE',  ( -1.541976423090493661E-15, 0.000000000000000000, -1.000000000000000000 ) ) ;
#1401 = CARTESIAN_POINT ( 'NONE',  ( 79.99999999999998579, 8.000000000000000000, -59.99999999999987210 ) ) ;
#1402 = CARTESIAN_POINT ( 'NONE',  ( -23.99999999999999645, 7.999999999999998224, -74.99999999999997158 ) ) ;
#1403 = CARTESIAN_POINT ( 'NONE',  ( -10.09999999999999432, 9.799999999999998934, 24.99999999999998224 ) ) ;
#1404 = ORIENTED_EDGE ( 'NONE', *, *, #1215, .F. ) ;
#1405 = LINE ( 'NONE', #7530, #7762 ) ;
#1406 = ORIENTED_EDGE ( 'NONE', *, *, #6279, .T. ) ;
#1407 = DIRECTION ( 'NONE',  ( 0.000000000000000000, -1.000000000000000000, 0.000000000000000000 ) ) ;
#1408 = FACE_OUTER_BOUND ( 'NONE', #7570, .T. ) ;
#1409 = CYLINDRICAL_SURFACE ( 'NONE', #1144, 15.00000000000001066 ) ;
#1410 = CARTESIAN_POINT ( 'NONE',  ( 25.20000000000002771, -6.519312084155297171, -56.59601004648968114 ) ) ;
#1411 = DIRECTION ( 'NONE',  ( 0.000000000000000000, 1.000000000000000000, 0.000000000000000000 ) ) ;
#1412 = ORIENTED_EDGE ( 'NONE', *, *, #1637, .F. ) ;
#1413 = ORIENTED_EDGE ( 'NONE', *, *, #5256, .F. ) ;
#1414 = ORIENTED_EDGE ( 'NONE', *, *, #9718, .T. ) ;
#1415 = CARTESIAN_POINT ( 'NONE',  ( -8.395184441433917399, 1.780687915844703539, 0.000000000000000000 ) ) ;
#1416 = CARTESIAN_POINT ( 'NONE',  ( 12.60000000000000497, 9.799999999999998934, 24.19999999999997087 ) ) ;
#1417 = ORIENTED_EDGE ( 'NONE', *, *, #5730, .F. ) ;
#1418 = CARTESIAN_POINT ( 'NONE',  ( -17.50000000000000000, 1.780687915844703539, 72.00000000000000000 ) ) ;
#1419 = DIRECTION ( 'NONE',  ( -0.000000000000000000, -1.000000000000000000, -0.000000000000000000 ) ) ;
#1420 = LINE ( 'NONE', #4336, #5821 ) ;
#1421 = ORIENTED_EDGE ( 'NONE', *, *, #3955, .F. ) ;
#1422 = LINE ( 'NONE', #7356, #7883 ) ;
#1423 = ORIENTED_EDGE ( 'NONE', *, *, #2619, .F. ) ;
#1424 = ADVANCED_FACE ( 'NONE', ( #4176, #9706, #366, #2712, #7241 ), #5118, .F. ) ;
#1425 = ORIENTED_EDGE ( 'NONE', *, *, #58, .F. ) ;
#1426 = ORIENTED_EDGE ( 'NONE', *, *, #1826, .T. ) ;
#1427 = ORIENTED_EDGE ( 'NONE', *, *, #2840, .F. ) ;
#1428 = LINE ( 'NONE', #5198, #1947 ) ;
#1429 = CARTESIAN_POINT ( 'NONE',  ( -27.74999999999999645, -1.692252659840823101E-13, -87.50000000000224532 ) ) ;
#1430 = DIRECTION ( 'NONE',  ( 0.000000000000000000, -1.000000000000000000, 0.000000000000000000 ) ) ;
#1431 = LINE ( 'NONE', #741, #199 ) ;
#1432 = DIRECTION ( 'NONE',  ( 0.000000000000000000, -1.000000000000000000, 0.000000000000000000 ) ) ;
#1433 = FACE_OUTER_BOUND ( 'NONE', #5915, .T. ) ;
#1434 = ORIENTED_EDGE ( 'NONE', *, *, #6731, .F. ) ;
#1435 = DIRECTION ( 'NONE',  ( 0.000000000000000000, 0.000000000000000000, 1.000000000000000000 ) ) ;
#1436 = EDGE_CURVE ( 'NONE', #5796, #996, #8188, .T. ) ;
#1437 = ADVANCED_FACE ( 'NONE', ( #1970 ), #4372, .F. ) ;
#1438 = ORIENTED_EDGE ( 'NONE', *, *, #6795, .F. ) ;
#1439 = CIRCLE ( 'NONE', #2870, 1.500000000000001332 ) ;
#1440 = AXIS2_PLACEMENT_3D ( 'NONE', #6460, #1894, #9426 ) ;
#1441 = EDGE_CURVE ( 'NONE', #2831, #9189, #8105, .T. ) ;
#1442 = EDGE_LOOP ( 'NONE', ( #5226, #6904, #4784 ) ) ;
#1443 = CARTESIAN_POINT ( 'NONE',  ( -25.20000000000002771, 4.780687915844703539, -57.09601004648968114 ) ) ;
#1444 = CARTESIAN_POINT ( 'NONE',  ( 9.999999999999930722, 4.780687915844703539, 72.00000000000000000 ) ) ;
#1445 = PRODUCT ( 'GAI', 'GAI', '', ( #4935 ) ) ;
#1446 = VERTEX_POINT ( 'NONE', #5076 ) ;
#1447 = CARTESIAN_POINT ( 'NONE',  ( 57.00000000000000711, -5.219312084155296461, 2.999999999999996447 ) ) ;
#1448 = FACE_OUTER_BOUND ( 'NONE', #7088, .T. ) ;
#1449 = DIRECTION ( 'NONE',  ( 1.000000000000000000, 0.000000000000000000, 0.000000000000000000 ) ) ;
#1450 = DIRECTION ( 'NONE',  ( 0.000000000000000000, -1.000000000000000000, 0.000000000000000000 ) ) ;
#1451 = AXIS2_PLACEMENT_3D ( 'NONE', #9547, #2660, #9590 ) ;
#1452 = DIRECTION ( 'NONE',  ( 0.000000000000000000, -0.000000000000000000, 1.000000000000000000 ) ) ;
#1453 = EDGE_CURVE ( 'NONE', #2391, #6686, #459, .T. ) ;
#1454 = ORIENTED_EDGE ( 'NONE', *, *, #9786, .T. ) ;
#1455 = FACE_OUTER_BOUND ( 'NONE', #8709, .T. ) ;
#1456 = EDGE_CURVE ( 'NONE', #1841, #6748, #2216, .T. ) ;
#1457 = ORIENTED_EDGE ( 'NONE', *, *, #5042, .F. ) ;
#1458 = AXIS2_PLACEMENT_3D ( 'NONE', #5376, #6023, #5220 ) ;
#1459 = VECTOR ( 'NONE', #7563, 999.9999999999998863 ) ;
#1460 = DIRECTION ( 'NONE',  ( 0.000000000000000000, 1.000000000000000000, -0.000000000000000000 ) ) ;
#1461 = CARTESIAN_POINT ( 'NONE',  ( -26.99999999999999645, 4.780687915844703539, 59.50000000000000711 ) ) ;
#1462 = CARTESIAN_POINT ( 'NONE',  ( -21.70000000000002416, -3.219312084155296461, -59.05398995351029612 ) ) ;
#1463 = CARTESIAN_POINT ( 'NONE',  ( 12.50000000000000178, 3.850000000000004974, 79.99999999999998579 ) ) ;
#1464 = EDGE_CURVE ( 'NONE', #1099, #3341, #7236, .T. ) ;
#1465 = FACE_OUTER_BOUND ( 'NONE', #1567, .T. ) ;
#1466 = ORIENTED_EDGE ( 'NONE', *, *, #4322, .F. ) ;
#1467 = VECTOR ( 'NONE', #867, 1000.000000000000000 ) ;
#1468 = AXIS2_PLACEMENT_3D ( 'NONE', #562, #8795, #5032 ) ;
#1469 = ORIENTED_EDGE ( 'NONE', *, *, #9124, .T. ) ;
#1470 = CARTESIAN_POINT ( 'NONE',  ( -7.500000000000001776, 1.780687915844703539, 70.96998267230843283 ) ) ;
#1471 = VECTOR ( 'NONE', #8959, 1000.000000000000000 ) ;
#1472 = CARTESIAN_POINT ( 'NONE',  ( -54.99999999999997868, -5.219312084155296461, -32.00000000000000711 ) ) ;
#1473 = ORIENTED_EDGE ( 'NONE', *, *, #3465, .T. ) ;
#1474 = VECTOR ( 'NONE', #5617, 1000.000000000000000 ) ;
#1475 = VECTOR ( 'NONE', #5420, 1000.000000000000000 ) ;
#1476 = CARTESIAN_POINT ( 'NONE',  ( 7.389181280764465676, 1.999999999999999112, -72.00000000000000000 ) ) ;
#1477 = CARTESIAN_POINT ( 'NONE',  ( 59.99999999999984368, 8.000000000000000000, -80.00000000000001421 ) ) ;
#1478 = DIRECTION ( 'NONE',  ( -1.000000000000000000, -2.392722035830078479E-16, 0.000000000000000000 ) ) ;
#1479 = VECTOR ( 'NONE', #5517, 1000.000000000000000 ) ;
#1480 = ORIENTED_EDGE ( 'NONE', *, *, #531, .T. ) ;
#1481 = CARTESIAN_POINT ( 'NONE',  ( 9.499999999999925393, -0.2193120841552965994, 45.00000000000000711 ) ) ;
#1482 = ORIENTED_EDGE ( 'NONE', *, *, #8946, .T. ) ;
#1483 = VERTEX_POINT ( 'NONE', #1520 ) ;
#1484 = VERTEX_POINT ( 'NONE', #5272 ) ;
#1485 = ORIENTED_EDGE ( 'NONE', *, *, #3403, .F. ) ;
#1486 = EDGE_CURVE ( 'NONE', #478, #4711, #64, .T. ) ;
#1487 = CARTESIAN_POINT ( 'NONE',  ( 7.000000000000000000, 4.780687915844703539, 50.60000000000000142 ) ) ;
#1488 = DIRECTION ( 'NONE',  ( 0.000000000000000000, 0.000000000000000000, -1.000000000000000000 ) ) ;
#1489 = VECTOR ( 'NONE', #8318, 1000.000000000000000 ) ;
#1490 = CARTESIAN_POINT ( 'NONE',  ( -26.00000000000000000, -1.219312084155296683, 72.00000000000000000 ) ) ;
#1491 = AXIS2_PLACEMENT_3D ( 'NONE', #4739, #2630, #9309 ) ;
#1492 = CARTESIAN_POINT ( 'NONE',  ( -56.99999999999997868, 4.780687915844703539, -32.00000000000000000 ) ) ;
#1493 = DIRECTION ( 'NONE',  ( -0.000000000000000000, -1.000000000000000000, -0.000000000000000000 ) ) ;
#1494 = DIRECTION ( 'NONE',  ( 1.000000000000000000, 0.000000000000000000, 0.000000000000000000 ) ) ;
#1495 = ORIENTED_EDGE ( 'NONE', *, *, #4163, .T. ) ;
#1496 = DIRECTION ( 'NONE',  ( 1.000000000000000000, 0.000000000000000000, -0.000000000000000000 ) ) ;
#1497 = ORIENTED_EDGE ( 'NONE', *, *, #6029, .F. ) ;
#1498 = AXIS2_PLACEMENT_3D ( 'NONE', #8115, #9715, #5045 ) ;
#1499 = VECTOR ( 'NONE', #6591, 1000.000000000000000 ) ;
#1500 = CARTESIAN_POINT ( 'NONE',  ( -9.500000000000001776, -5.219312084155296461, 19.99999999999998934 ) ) ;
#1501 = DIRECTION ( 'NONE',  ( 0.000000000000000000, -0.000000000000000000, 1.000000000000000000 ) ) ;
#1502 = ORIENTED_EDGE ( 'NONE', *, *, #508, .F. ) ;
#1503 = FACE_OUTER_BOUND ( 'NONE', #2638, .T. ) ;
#1504 = AXIS2_PLACEMENT_3D ( 'NONE', #1686, #6965, #2490 ) ;
#1505 = DIRECTION ( 'NONE',  ( 0.000000000000000000, 0.000000000000000000, 1.000000000000000000 ) ) ;
#1506 = ADVANCED_FACE ( 'NONE', ( #4424 ), #1409, .F. ) ;
#1507 = CARTESIAN_POINT ( 'NONE',  ( -72.00000000000000000, 4.780687915844703539, 58.49999999999990052 ) ) ;
#1508 = ADVANCED_FACE ( 'NONE', ( #3824 ), #2964, .T. ) ;
#1509 = PLANE ( 'NONE',  #6002 ) ;
#1510 = VECTOR ( 'NONE', #7681, 1000.000000000000000 ) ;
#1511 = FACE_OUTER_BOUND ( 'NONE', #7532, .T. ) ;
#1512 = VERTEX_POINT ( 'NONE', #5327 ) ;
#1513 = FACE_OUTER_BOUND ( 'NONE', #240, .T. ) ;
#1514 = VECTOR ( 'NONE', #618, 1000.000000000000000 ) ;
#1515 = ORIENTED_EDGE ( 'NONE', *, *, #7258, .F. ) ;
#1516 = AXIS2_PLACEMENT_3D ( 'NONE', #931, #792, #6253 ) ;
#1517 = LINE ( 'NONE', #3720, #3697 ) ;
#1518 = DIRECTION ( 'NONE',  ( 0.000000000000000000, 0.000000000000000000, -1.000000000000000000 ) ) ;
#1519 = EDGE_CURVE ( 'NONE', #1878, #9205, #9954, .T. ) ;
#1520 = CARTESIAN_POINT ( 'NONE',  ( -7.099999999999999645, 7.000000000000000000, 54.70000000000000995 ) ) ;
#1521 = CARTESIAN_POINT ( 'NONE',  ( 0.000000000000000000, -6.519312084155297171, -56.59601004648968114 ) ) ;
#1522 = EDGE_CURVE ( 'NONE', #1709, #2342, #808, .T. ) ;
#1523 = DIRECTION ( 'NONE',  ( 0.000000000000000000, -0.000000000000000000, -1.000000000000000000 ) ) ;
#1524 = EDGE_LOOP ( 'NONE', ( #6329, #7226, #4500, #4392 ) ) ;
#1525 = EDGE_CURVE ( 'NONE', #4017, #8068, #8245, .T. ) ;
#1526 = ORIENTED_EDGE ( 'NONE', *, *, #842, .F. ) ;
#1527 = DIRECTION ( 'NONE',  ( 0.000000000000000000, -1.000000000000000000, 0.000000000000000000 ) ) ;
#1528 = CARTESIAN_POINT ( 'NONE',  ( -39.99999999999997158, -5.219312084155296461, -32.00000000000000711 ) ) ;
#1529 = VERTEX_POINT ( 'NONE', #6131 ) ;
#1530 = EDGE_CURVE ( 'NONE', #9014, #4570, #660, .T. ) ;
#1531 = CARTESIAN_POINT ( 'NONE',  ( 6.000000000000000000, 4.780687915844703539, 45.00000000000000711 ) ) ;
#1532 = DIRECTION ( 'NONE',  ( 1.000000000000000000, 0.000000000000000000, -0.000000000000000000 ) ) ;
#1533 = CARTESIAN_POINT ( 'NONE',  ( 55.00000000000000711, 4.780687915844703539, -31.99999999999999289 ) ) ;
#1534 = ORIENTED_EDGE ( 'NONE', *, *, #4454, .F. ) ;
#1535 = LINE ( 'NONE', #6294, #6124 ) ;
#1536 = VERTEX_POINT ( 'NONE', #2324 ) ;
#1537 = ORIENTED_EDGE ( 'NONE', *, *, #2179, .F. ) ;
#1538 = ORIENTED_EDGE ( 'NONE', *, *, #9131, .F. ) ;
#1539 = ORIENTED_EDGE ( 'NONE', *, *, #3465, .F. ) ;
#1540 = CARTESIAN_POINT ( 'NONE',  ( -7.099999999999999645, 8.000000000000000000, 54.00000000000001421 ) ) ;
#1541 = LINE ( 'NONE', #5441, #7715 ) ;
#1542 = DIRECTION ( 'NONE',  ( -0.000000000000000000, 1.000000000000000000, -0.000000000000000000 ) ) ;
#1543 = CARTESIAN_POINT ( 'NONE',  ( 60.00000000000000000, 0.000000000000000000, -59.99999999999997158 ) ) ;
#1544 = CARTESIAN_POINT ( 'NONE',  ( -9.500000000000001776, -5.219312084155296461, -47.00000000000000000 ) ) ;
#1545 = ORIENTED_EDGE ( 'NONE', *, *, #5603, .F. ) ;
#1546 = CARTESIAN_POINT ( 'NONE',  ( 11.10000000000000142, 9.799999999999998934, 25.99999999999997513 ) ) ;
#1547 = AXIS2_PLACEMENT_3D ( 'NONE', #8581, #1699, #7123 ) ;
#1548 = ORIENTED_EDGE ( 'NONE', *, *, #1581, .F. ) ;
#1549 = ORIENTED_EDGE ( 'NONE', *, *, #5115, .T. ) ;
#1550 = LINE ( 'NONE', #7862, #3035 ) ;
#1551 = VERTEX_POINT ( 'NONE', #9100 ) ;
#1552 = FACE_BOUND ( 'NONE', #9219, .T. ) ;
#1553 = FACE_OUTER_BOUND ( 'NONE', #3828, .T. ) ;
#1554 = LINE ( 'NONE', #9945, #4207 ) ;
#1555 = DIRECTION ( 'NONE',  ( 1.000000000000000000, 0.000000000000000000, 0.000000000000000000 ) ) ;
#1556 = DIRECTION ( 'NONE',  ( -0.000000000000000000, 0.000000000000000000, 1.000000000000000000 ) ) ;
#1557 = ORIENTED_EDGE ( 'NONE', *, *, #8137, .T. ) ;
#1558 = FACE_BOUND ( 'NONE', #749, .T. ) ;
#1559 = EDGE_CURVE ( 'NONE', #5448, #7346, #4626, .T. ) ;
#1560 = ADVANCED_FACE ( 'NONE', ( #8444 ), #2368, .F. ) ;
#1561 = ORIENTED_EDGE ( 'NONE', *, *, #8817, .T. ) ;
#1562 = DIRECTION ( 'NONE',  ( 0.000000000000000000, 0.000000000000000000, 1.000000000000000000 ) ) ;
#1563 = PLANE ( 'NONE',  #7860 ) ;
#1564 = DIRECTION ( 'NONE',  ( 0.000000000000000000, 0.000000000000000000, 1.000000000000000000 ) ) ;
#1565 = DIRECTION ( 'NONE',  ( -0.000000000000000000, 1.000000000000000000, -0.000000000000000000 ) ) ;
#1566 = LINE ( 'NONE', #4628, #6631 ) ;
#1567 = EDGE_LOOP ( 'NONE', ( #4698, #2723, #5102, #9328, #6993, #3494, #3284, #4241, #7149, #4160, #486, #4901, #8584, #2786, #2078, #9589, #8620, #3597, #6517, #6476, #7732, #5767, #7601, #3748, #4474 ) ) ;
#1568 = AXIS2_PLACEMENT_3D ( 'NONE', #6140, #6032, #6844 ) ;
#1569 = ADVANCED_FACE ( 'NONE', ( #608 ), #3668, .T. ) ;
#1570 = VERTEX_POINT ( 'NONE', #5222 ) ;
#1571 = CARTESIAN_POINT ( 'NONE',  ( -23.00000000000000000, -1.219312084155296683, 58.50000000000000000 ) ) ;
#1572 = CARTESIAN_POINT ( 'NONE',  ( 7.500000000000003553, 0.7499999999999997780, 32.49999999999999289 ) ) ;
#1573 = CARTESIAN_POINT ( 'NONE',  ( -4.200000000000000178, 4.780687915844703539, 56.10000000000000853 ) ) ;
#1574 = FACE_OUTER_BOUND ( 'NONE', #8960, .T. ) ;
#1575 = EDGE_CURVE ( 'NONE', #6333, #4304, #3011, .T. ) ;
#1576 = DIRECTION ( 'NONE',  ( -0.000000000000000000, 1.000000000000000000, -0.000000000000000000 ) ) ;
#1577 = EDGE_CURVE ( 'NONE', #4547, #8832, #718, .T. ) ;
#1578 = EDGE_LOOP ( 'NONE', ( #3026, #1241 ) ) ;
#1579 = DIRECTION ( 'NONE',  ( -1.000000000000000000, -0.000000000000000000, -3.652049423109081632E-16 ) ) ;
#1580 = VERTEX_POINT ( 'NONE', #3778 ) ;
#1581 = EDGE_CURVE ( 'NONE', #2407, #2427, #7398, .T. ) ;
#1582 = VERTEX_POINT ( 'NONE', #9149 ) ;
#1583 = DIRECTION ( 'NONE',  ( 0.000000000000000000, 0.000000000000000000, 1.000000000000000000 ) ) ;
#1584 = ORIENTED_EDGE ( 'NONE', *, *, #889, .T. ) ;
#1585 = DIRECTION ( 'NONE',  ( 0.000000000000000000, -1.000000000000000000, 0.000000000000000000 ) ) ;
#1586 = CARTESIAN_POINT ( 'NONE',  ( 6.000000000000000000, 4.780687915844703539, 50.60000000000000142 ) ) ;
#1587 = CARTESIAN_POINT ( 'NONE',  ( -58.49999999999988631, -6.500000000000000000, -72.00000000000000000 ) ) ;
#1588 = EDGE_CURVE ( 'NONE', #1878, #7424, #7726, .T. ) ;
#1589 = LINE ( 'NONE', #6208, #6947 ) ;
#1590 = ORIENTED_EDGE ( 'NONE', *, *, #3481, .F. ) ;
#1591 = CARTESIAN_POINT ( 'NONE',  ( -20.49999999999991829, 4.780687915844703539, 39.99999999999999289 ) ) ;
#1592 = VERTEX_POINT ( 'NONE', #908 ) ;
#1593 = ORIENTED_EDGE ( 'NONE', *, *, #9199, .F. ) ;
#1594 = LINE ( 'NONE', #94, #9145 ) ;
#1595 = CARTESIAN_POINT ( 'NONE',  ( 24.00000000000000711, 0.5000000000000004441, -88.00000000000221689 ) ) ;
#1596 = DIRECTION ( 'NONE',  ( 1.000000000000000000, 0.000000000000000000, 0.000000000000000000 ) ) ;
#1597 = LINE ( 'NONE', #8580, #4036 ) ;
#1598 = PLANE ( 'NONE',  #2562 ) ;
#1599 = PLANE ( 'NONE',  #8218 ) ;
#1600 = EDGE_LOOP ( 'NONE', ( #4961, #7161, #2561, #9619 ) ) ;
#1601 = DIRECTION ( 'NONE',  ( -0.000000000000000000, -0.000000000000000000, 1.000000000000000000 ) ) ;
#1602 = CIRCLE ( 'NONE', #8982, 2.100000000000000977 ) ;
#1603 = AXIS2_PLACEMENT_3D ( 'NONE', #8736, #7371, #491 ) ;
#1604 = ORIENTED_EDGE ( 'NONE', *, *, #8143, .T. ) ;
#1605 = ORIENTED_EDGE ( 'NONE', *, *, #5001, .F. ) ;
#1606 = FACE_OUTER_BOUND ( 'NONE', #1358, .T. ) ;
#1607 = DIRECTION ( 'NONE',  ( -0.000000000000000000, 1.000000000000000000, -0.000000000000000000 ) ) ;
#1608 = LINE ( 'NONE', #5525, #1475 ) ;
#1609 = AXIS2_PLACEMENT_3D ( 'NONE', #6063, #9138, #9087 ) ;
#1610 = PLANE ( 'NONE',  #3708 ) ;
#1611 = CARTESIAN_POINT ( 'NONE',  ( 6.582494815552595746, 2.708677074670533980, 31.73732140032112170 ) ) ;
#1612 = ORIENTED_EDGE ( 'NONE', *, *, #4567, .T. ) ;
#1613 = VECTOR ( 'NONE', #6637, 1000.000000000000000 ) ;
#1614 = CIRCLE ( 'NONE', #1609, 20.00000000000000355 ) ;
#1615 = VERTEX_POINT ( 'NONE', #4014 ) ;
#1616 = DIRECTION ( 'NONE',  ( -0.000000000000000000, 0.000000000000000000, -1.000000000000000000 ) ) ;
#1617 = CARTESIAN_POINT ( 'NONE',  ( 17.00000000000000000, -1.219312084155296683, 46.00000000000000000 ) ) ;
#1618 = DIRECTION ( 'NONE',  ( 2.372271420139227768E-16, 0.000000000000000000, -1.000000000000000000 ) ) ;
#1619 = EDGE_CURVE ( 'NONE', #124, #478, #1608, .T. ) ;
#1620 = VECTOR ( 'NONE', #130, 1000.000000000000000 ) ;
#1621 = CARTESIAN_POINT ( 'NONE',  ( 11.09999999999999787, 9.600000000000001421, 42.14999999999997726 ) ) ;
#1622 = VECTOR ( 'NONE', #9049, 1000.000000000000000 ) ;
#1623 = EDGE_CURVE ( 'NONE', #5124, #7717, #9493, .T. ) ;
#1624 = ORIENTED_EDGE ( 'NONE', *, *, #7452, .T. ) ;
#1625 = CARTESIAN_POINT ( 'NONE',  ( -58.49999999999988631, 4.780687915844703539, -72.00000000000000000 ) ) ;
#1626 = VERTEX_POINT ( 'NONE', #9399 ) ;
#1627 = ORIENTED_EDGE ( 'NONE', *, *, #6400, .T. ) ;
#1628 = VECTOR ( 'NONE', #2873, 1000.000000000000000 ) ;
#1629 = VECTOR ( 'NONE', #5380, 1000.000000000000000 ) ;
#1630 = DIRECTION ( 'NONE',  ( 1.000000000000000000, 0.000000000000000000, 3.469446951953611428E-15 ) ) ;
#1631 = AXIS2_PLACEMENT_3D ( 'NONE', #6064, #9785, #2896 ) ;
#1632 = VERTEX_POINT ( 'NONE', #8541 ) ;
#1633 = DIRECTION ( 'NONE',  ( -0.000000000000000000, -1.000000000000000000, -0.000000000000000000 ) ) ;
#1634 = ADVANCED_FACE ( 'NONE', ( #7080 ), #8593, .F. ) ;
#1635 = LINE ( 'NONE', #3988, #8718 ) ;
#1636 = CARTESIAN_POINT ( 'NONE',  ( 26.00000000000000000, 4.780687915844703539, 72.00000000000000000 ) ) ;
#1637 = EDGE_CURVE ( 'NONE', #7647, #6070, #4732, .T. ) ;
#1638 = CIRCLE ( 'NONE', #2112, 3.099999999999998757 ) ;
#1639 = VECTOR ( 'NONE', #5456, 1000.000000000000000 ) ;
#1640 = CARTESIAN_POINT ( 'NONE',  ( 21.70000000000002416, 4.780687915844703539, -63.05398995351030322 ) ) ;
#1641 = VERTEX_POINT ( 'NONE', #7829 ) ;
#1642 = LINE ( 'NONE', #3191, #9372 ) ;
#1643 = VERTEX_POINT ( 'NONE', #7789 ) ;
#1644 = ADVANCED_FACE ( 'NONE', ( #865 ), #4071, .T. ) ;
#1645 = CIRCLE ( 'NONE', #4854, 9.000000000000001776 ) ;
#1646 = ORIENTED_EDGE ( 'NONE', *, *, #7018, .F. ) ;
#1647 = VECTOR ( 'NONE', #9572, 1000.000000000000000 ) ;
#1648 = DIRECTION ( 'NONE',  ( -1.000000000000000000, 1.214306433183764966E-16, -0.000000000000000000 ) ) ;
#1649 = LINE ( 'NONE', #3047, #164 ) ;
#1650 = DIRECTION ( 'NONE',  ( 0.000000000000000000, 0.000000000000000000, 1.000000000000000000 ) ) ;
#1651 = LINE ( 'NONE', #1507, #5479 ) ;
#1652 = EDGE_CURVE ( 'NONE', #6295, #7060, #3969, .T. ) ;
#1653 = LINE ( 'NONE', #7170, #2247 ) ;
#1654 = FACE_OUTER_BOUND ( 'NONE', #6708, .T. ) ;
#1655 = VECTOR ( 'NONE', #9499, 1000.000000000000000 ) ;
#1656 = VERTEX_POINT ( 'NONE', #6275 ) ;
#1657 = LINE ( 'NONE', #7823, #7116 ) ;
#1658 = VECTOR ( 'NONE', #619, 1000.000000000000000 ) ;
#1659 = ORIENTED_EDGE ( 'NONE', *, *, #7561, .T. ) ;
#1660 = ORIENTED_EDGE ( 'NONE', *, *, #414, .F. ) ;
#1661 = CARTESIAN_POINT ( 'NONE',  ( -6.999758162913512827, 2.361811062197225919, 33.85537402514246708 ) ) ;
#1662 = DIRECTION ( 'NONE',  ( 1.000000000000000000, 0.000000000000000000, 2.275047181608928630E-16 ) ) ;
#1663 = VECTOR ( 'NONE', #8830, 1000.000000000000000 ) ;
#1664 = DIRECTION ( 'NONE',  ( 1.000000000000000000, 0.000000000000000000, 2.275047181608928137E-16 ) ) ;
#1665 = AXIS2_PLACEMENT_3D ( 'NONE', #3380, #2680, #5695 ) ;
#1666 = LINE ( 'NONE', #3970, #2743 ) ;
#1667 = VECTOR ( 'NONE', #3346, 1000.000000000000000 ) ;
#1668 = ORIENTED_EDGE ( 'NONE', *, *, #1136, .T. ) ;
#1669 = VECTOR ( 'NONE', #8470, 1000.000000000000000 ) ;
#1670 = EDGE_CURVE ( 'NONE', #3014, #5375, #6331, .T. ) ;
#1671 = ORIENTED_EDGE ( 'NONE', *, *, #2689, .T. ) ;
#1672 = DIRECTION ( 'NONE',  ( 0.000000000000000000, -1.000000000000000000, 0.000000000000000000 ) ) ;
#1673 = DIRECTION ( 'NONE',  ( 4.130293990420968404E-16, 1.000000000000000000, 0.000000000000000000 ) ) ;
#1674 = DIRECTION ( 'NONE',  ( -0.000000000000000000, 1.000000000000000000, -0.000000000000000000 ) ) ;
#1675 = CARTESIAN_POINT ( 'NONE',  ( 0.000000000000000000, 9.799999999999998934, 22.19999999999997087 ) ) ;
#1676 = ORIENTED_EDGE ( 'NONE', *, *, #3331, .T. ) ;
#1677 = CARTESIAN_POINT ( 'NONE',  ( -58.49999999999998579, 4.780687915844703539, -58.50000000000000000 ) ) ;
#1678 = ORIENTED_EDGE ( 'NONE', *, *, #8926, .F. ) ;
#1679 = EDGE_LOOP ( 'NONE', ( #2804, #154, #7002, #4213 ) ) ;
#1680 = ADVANCED_FACE ( 'NONE', ( #3929 ), #254, .T. ) ;
#1681 = ORIENTED_EDGE ( 'NONE', *, *, #6497, .F. ) ;
#1682 = ADVANCED_FACE ( 'NONE', ( #2513 ), #1815, .T. ) ;
#1683 = DIRECTION ( 'NONE',  ( 0.000000000000000000, 0.000000000000000000, -1.000000000000000000 ) ) ;
#1684 = VERTEX_POINT ( 'NONE', #8685 ) ;
#1685 = DIRECTION ( 'NONE',  ( -0.000000000000000000, 1.000000000000000000, -0.000000000000000000 ) ) ;
#1686 = CARTESIAN_POINT ( 'NONE',  ( 0.000000000000000000, 9.799999999999998934, 70.99999999999998579 ) ) ;
#1687 = CYLINDRICAL_SURFACE ( 'NONE', #2121, 1.500000000000001332 ) ;
#1688 = LINE ( 'NONE', #7712, #688 ) ;
#1689 = ORIENTED_EDGE ( 'NONE', *, *, #9555, .F. ) ;
#1690 = DIRECTION ( 'NONE',  ( 1.000000000000000000, 0.000000000000000000, 0.000000000000000000 ) ) ;
#1691 = ORIENTED_EDGE ( 'NONE', *, *, #5552, .F. ) ;
#1692 = EDGE_CURVE ( 'NONE', #9065, #5743, #6423, .T. ) ;
#1693 = ADVANCED_FACE ( 'NONE', ( #1713 ), #4773, .F. ) ;
#1694 = ORIENTED_EDGE ( 'NONE', *, *, #8072, .F. ) ;
#1695 = DIRECTION ( 'NONE',  ( -0.000000000000000000, 1.000000000000000000, -0.000000000000000000 ) ) ;
#1696 = CARTESIAN_POINT ( 'NONE',  ( 59.99999999999987210, 0.000000000000000000, 79.99999999999998579 ) ) ;
#1697 = DIRECTION ( 'NONE',  ( 1.000000000000000000, 0.000000000000000000, 0.000000000000000000 ) ) ;
#1698 = DIRECTION ( 'NONE',  ( -1.000000000000000000, 0.000000000000000000, 0.000000000000000000 ) ) ;
#1699 = DIRECTION ( 'NONE',  ( -0.9998478495374628627, -0.01744355970870637568, 0.000000000000000000 ) ) ;
#1700 = DIRECTION ( 'NONE',  ( -1.000000000000000000, -0.000000000000000000, -0.000000000000000000 ) ) ;
#1701 = VECTOR ( 'NONE', #3608, 1000.000000000000000 ) ;
#1702 = EDGE_CURVE ( 'NONE', #6482, #9948, #8637, .T. ) ;
#1703 = ORIENTED_EDGE ( 'NONE', *, *, #6189, .F. ) ;
#1704 = DIRECTION ( 'NONE',  ( 1.000000000000000000, 0.000000000000000000, 0.000000000000000000 ) ) ;
#1705 = EDGE_LOOP ( 'NONE', ( #3193, #3083, #9412, #1624 ) ) ;
#1706 = EDGE_CURVE ( 'NONE', #8737, #9093, #9814, .T. ) ;
#1707 = EDGE_CURVE ( 'NONE', #8869, #8264, #5323, .T. ) ;
#1708 = EDGE_CURVE ( 'NONE', #9421, #1055, #4119, .T. ) ;
#1709 = VERTEX_POINT ( 'NONE', #3511 ) ;
#1710 = CARTESIAN_POINT ( 'NONE',  ( -19.79999999999996874, -5.519312084155296283, -55.59601004648968114 ) ) ;
#1711 = ORIENTED_EDGE ( 'NONE', *, *, #6676, .F. ) ;
#1712 = DIRECTION ( 'NONE',  ( -1.000000000000000000, -0.000000000000000000, -0.000000000000000000 ) ) ;
#1713 = FACE_OUTER_BOUND ( 'NONE', #9172, .T. ) ;
#1714 = FACE_OUTER_BOUND ( 'NONE', #9903, .T. ) ;
#1715 = VERTEX_POINT ( 'NONE', #2612 ) ;
#1716 = ORIENTED_EDGE ( 'NONE', *, *, #6301, .F. ) ;
#1717 = CARTESIAN_POINT ( 'NONE',  ( 58.50000000000002132, 4.780687915844703539, -58.50000000000000000 ) ) ;
#1718 = PLANE ( 'NONE',  #5607 ) ;
#1719 = CARTESIAN_POINT ( 'NONE',  ( -9.500000000000001776, 4.780687915844703539, 40.99999999999999289 ) ) ;
#1720 = CARTESIAN_POINT ( 'NONE',  ( 59.99999999999984368, 8.000000000000000000, -80.00000000000001421 ) ) ;
#1721 = FACE_OUTER_BOUND ( 'NONE', #4701, .T. ) ;
#1722 = ORIENTED_EDGE ( 'NONE', *, *, #6362, .F. ) ;
#1723 = SECURITY_CLASSIFICATION_LEVEL ( 'unclassified' ) ;
#1724 = ORIENTED_EDGE ( 'NONE', *, *, #9732, .T. ) ;
#1725 = EDGE_LOOP ( 'NONE', ( #5885, #1910, #7680, #8430 ) ) ;
#1726 = PLANE ( 'NONE',  #2089 ) ;
#1727 = CARTESIAN_POINT ( 'NONE',  ( 11.09999999999999787, 10.80000000000000071, 42.14999999999997726 ) ) ;
#1728 = ORIENTED_EDGE ( 'NONE', *, *, #6767, .T. ) ;
#1729 = LINE ( 'NONE', #3186, #1620 ) ;
#1730 = CYLINDRICAL_SURFACE ( 'NONE', #1504, 1.000000000000000888 ) ;
#1731 = CARTESIAN_POINT ( 'NONE',  ( 17.50000000000000000, 1.780687915844703539, 72.00000000000000000 ) ) ;
#1732 = ADVANCED_FACE ( 'NONE', ( #5065 ), #2050, .F. ) ;
#1733 = EDGE_CURVE ( 'NONE', #3856, #3379, #1249, .T. ) ;
#1734 = DIRECTION ( 'NONE',  ( 0.000000000000000000, 0.000000000000000000, -1.000000000000000000 ) ) ;
#1735 = B_SPLINE_CURVE_WITH_KNOTS ( 'NONE', 3,
 ( #2491, #8763, #4096, #7053, #8614, #178, #9377, #4791, #7156, #4847, #979, #4044, #233, #9419, #7916, #3337 ),
 .UNSPECIFIED., .F., .F.,
 ( 4, 2, 2, 2, 2, 2, 2, 4 ),
 ( 0.000000000000000000, 0.0005804601179925481143, 0.001160920235985096229, 0.001741380353977644560, 0.002321840471970192457, 0.002902300589962740571, 0.003482760707955289119, 0.004643680943940379710 ),
 .UNSPECIFIED. ) ;
#1736 = VERTEX_POINT ( 'NONE', #5675 ) ;
#1737 = DIRECTION ( 'NONE',  ( 0.000000000000000000, 0.000000000000000000, 1.000000000000000000 ) ) ;
#1738 = ORIENTED_EDGE ( 'NONE', *, *, #2917, .F. ) ;
#1739 = ORIENTED_EDGE ( 'NONE', *, *, #9857, .F. ) ;
#1740 = DIRECTION ( 'NONE',  ( -0.000000000000000000, 1.000000000000000000, -0.000000000000000000 ) ) ;
#1741 = LINE ( 'NONE', #1044, #4342 ) ;
#1742 = CARTESIAN_POINT ( 'NONE',  ( -7.099999999999999645, 8.000000000000000000, 51.90000000000000568 ) ) ;
#1743 = DIRECTION ( 'NONE',  ( 0.000000000000000000, 0.000000000000000000, 1.000000000000000000 ) ) ;
#1744 = CARTESIAN_POINT ( 'NONE',  ( 7.000000000000000000, -3.719312084155296905, 50.60000000000000142 ) ) ;
#1745 = EDGE_CURVE ( 'NONE', #3933, #1551, #1155, .T. ) ;
#1746 = ADVANCED_FACE ( 'NONE', ( #9548 ), #8739, .T. ) ;
#1747 = DIRECTION ( 'NONE',  ( -0.000000000000000000, -0.000000000000000000, 1.000000000000000000 ) ) ;
#1748 = ORIENTED_EDGE ( 'NONE', *, *, #3481, .T. ) ;
#1749 = DIRECTION ( 'NONE',  ( 0.000000000000000000, 0.000000000000000000, -1.000000000000000000 ) ) ;
#1750 = VERTEX_POINT ( 'NONE', #2661 ) ;
#1751 = ORIENTED_EDGE ( 'NONE', *, *, #6718, .T. ) ;
#1752 =( BOUNDED_CURVE ( )  B_SPLINE_CURVE ( 3, ( #3491, #4897, #6395, #4140 ),
 .UNSPECIFIED., .F., .F. ) 
 B_SPLINE_CURVE_WITH_KNOTS ( ( 4, 4 ),
 ( 1.570796326794907438, 2.050568613383545902 ),
 .UNSPECIFIED. ) 
 CURVE ( )  GEOMETRIC_REPRESENTATION_ITEM ( )  RATIONAL_B_SPLINE_CURVE ( ( 1.000000000000000000, 0.9809100217293673651, 0.9809100217293673651, 1.000000000000000000 ) ) 
 REPRESENTATION_ITEM ( '' )  );
#1753 = CARTESIAN_POINT ( 'NONE',  ( -23.00000000000000000, -1.219312084155296683, 61.00000000000000000 ) ) ;
#1754 = ORIENTED_EDGE ( 'NONE', *, *, #9436, .F. ) ;
#1755 = CARTESIAN_POINT ( 'NONE',  ( 40.00000000000002132, -5.219312084155296461, -48.99999999999999289 ) ) ;
#1756 = DIRECTION ( 'NONE',  ( -0.000000000000000000, 1.000000000000000000, -0.000000000000000000 ) ) ;
#1757 = CARTESIAN_POINT ( 'NONE',  ( 11.60000000000000320, 8.000000000000000000, 25.19999999999997087 ) ) ;
#1758 = EDGE_CURVE ( 'NONE', #3621, #2527, #4166, .T. ) ;
#1759 = VECTOR ( 'NONE', #1204, 1000.000000000000000 ) ;
#1760 = EDGE_CURVE ( 'NONE', #38, #2810, #2755, .T. ) ;
#1761 = ORIENTED_EDGE ( 'NONE', *, *, #5552, .T. ) ;
#1762 = CARTESIAN_POINT ( 'NONE',  ( 2.145068389081269178, 4.780687915844704428, 45.00000000000000000 ) ) ;
#1763 = ORIENTED_EDGE ( 'NONE', *, *, #6657, .T. ) ;
#1764 = VECTOR ( 'NONE', #2019, 1000.000000000000000 ) ;
#1765 = VECTOR ( 'NONE', #6434, 1000.000000000000000 ) ;
#1766 = CARTESIAN_POINT ( 'NONE',  ( 24.24999999999993605, 1.500000000000001332, -84.61685935133216674 ) ) ;
#1767 = ADVANCED_FACE ( 'NONE', ( #4922 ), #7332, .F. ) ;
#1768 = CARTESIAN_POINT ( 'NONE',  ( 30.50000000000000000, 3.780687915844703539, 71.99999999999998579 ) ) ;
#1769 = CARTESIAN_POINT ( 'NONE',  ( 58.50000000000000000, 4.780687915844703539, 58.50000000000000000 ) ) ;
#1770 = CIRCLE ( 'NONE', #2, 1.250000000000001110 ) ;
#1771 = CARTESIAN_POINT ( 'NONE',  ( 27.74999999999999645, -2.000000000000024869, -84.93826230850945080 ) ) ;
#1772 = DIRECTION ( 'NONE',  ( 1.000000000000000000, -0.000000000000000000, -0.000000000000000000 ) ) ;
#1773 = VECTOR ( 'NONE', #127, 1000.000000000000000 ) ;
#1774 = CIRCLE ( 'NONE', #7382, 0.6999999999999992895 ) ;
#1775 = ORIENTED_EDGE ( 'NONE', *, *, #361, .F. ) ;
#1776 =( NAMED_UNIT ( * ) PLANE_ANGLE_UNIT ( ) SI_UNIT ( $, .RADIAN. ) );
#1777 = EDGE_LOOP ( 'NONE', ( #4788, #4052, #6137, #1892 ) ) ;
#1778 = ORIENTED_EDGE ( 'NONE', *, *, #3795, .T. ) ;
#1779 = LINE ( 'NONE', #2722, #9678 ) ;
#1780 = ORIENTED_EDGE ( 'NONE', *, *, #7291, .T. ) ;
#1781 = VECTOR ( 'NONE', #8441, 1000.000000000000000 ) ;
#1782 = VECTOR ( 'NONE', #5095, 1000.000000000000000 ) ;
#1783 = CIRCLE ( 'NONE', #3060, 2.100000000000004530 ) ;
#1784 = CARTESIAN_POINT ( 'NONE',  ( -80.00000000000000000, 8.000000000000000000, 59.99999999999984368 ) ) ;
#1785 = DIRECTION ( 'NONE',  ( 0.000000000000000000, -1.000000000000000000, 0.000000000000000000 ) ) ;
#1786 = DIRECTION ( 'NONE',  ( 0.000000000000000000, 0.000000000000000000, 1.000000000000000000 ) ) ;
#1787 = CARTESIAN_POINT ( 'NONE',  ( 8.449200506237202646, 0.7500000000000000000, 34.59999999999999432 ) ) ;
#1788 = ORIENTED_EDGE ( 'NONE', *, *, #7784, .T. ) ;
#1789 = CARTESIAN_POINT ( 'NONE',  ( -23.20000000000002771, 4.780687915844703539, -63.05398995351030322 ) ) ;
#1790 = VECTOR ( 'NONE', #4679, 1000.000000000000000 ) ;
#1791 = VECTOR ( 'NONE', #8038, 1000.000000000000000 ) ;
#1792 = ORIENTED_EDGE ( 'NONE', *, *, #3230, .F. ) ;
#1793 = EDGE_CURVE ( 'NONE', #5124, #5696, #5108, .T. ) ;
#1794 = ORIENTED_EDGE ( 'NONE', *, *, #295, .T. ) ;
#1795 = CARTESIAN_POINT ( 'NONE',  ( -12.59999999999999609, 10.80000000000000071, 21.19999999999997087 ) ) ;
#1796 = PLANE ( 'NONE',  #3869 ) ;
#1797 = AXIS2_PLACEMENT_3D ( 'NONE', #8459, #4641, #3180 ) ;
#1798 = CARTESIAN_POINT ( 'NONE',  ( -12.49999999999999822, -2.349999999999990319, 66.99999999999998579 ) ) ;
#1799 = AXIS2_PLACEMENT_3D ( 'NONE', #3619, #4512, #4460 ) ;
#1800 = FACE_OUTER_BOUND ( 'NONE', #9643, .T. ) ;
#1801 = FACE_OUTER_BOUND ( 'NONE', #7955, .T. ) ;
#1802 = CARTESIAN_POINT ( 'NONE',  ( -24.99999999999995381, 0.5000000000000004441, -88.00000000000223110 ) ) ;
#1803 = CARTESIAN_POINT ( 'NONE',  ( -9.999999999999978684, 1.999999999999999112, -72.00000000000000000 ) ) ;
#1804 = EDGE_LOOP ( 'NONE', ( #6712, #5502, #374, #2791 ) ) ;
#1805 = DIRECTION ( 'NONE',  ( 0.000000000000000000, -0.000000000000000000, 1.000000000000000000 ) ) ;
#1806 = ORIENTED_EDGE ( 'NONE', *, *, #7593, .T. ) ;
#1807 = CIRCLE ( 'NONE', #2606, 0.6999999999999992895 ) ;
#1808 = VECTOR ( 'NONE', #4707, 1000.000000000000000 ) ;
#1809 = VERTEX_POINT ( 'NONE', #405 ) ;
#1810 = EDGE_CURVE ( 'NONE', #6568, #3572, #3392, .T. ) ;
#1811 = LINE ( 'NONE', #906, #4821 ) ;
#1812 = EDGE_CURVE ( 'NONE', #1055, #4809, #9591, .T. ) ;
#1813 = VERTEX_POINT ( 'NONE', #6524 ) ;
#1814 = CARTESIAN_POINT ( 'NONE',  ( 7.000000000000000000, 4.780687915844703539, 50.60000000000000142 ) ) ;
#1815 = PLANE ( 'NONE',  #7246 ) ;
#1816 = CARTESIAN_POINT ( 'NONE',  ( 11.10000000000000320, 9.600000000000001421, 54.84999999999998010 ) ) ;
#1817 = CIRCLE ( 'NONE', #7901, 15.00000000000001421 ) ;
#1818 = VECTOR ( 'NONE', #6144, 1000.000000000000000 ) ;
#1819 = ORIENTED_EDGE ( 'NONE', *, *, #2891, .T. ) ;
#1820 = DIRECTION ( 'NONE',  ( -0.000000000000000000, -0.000000000000000000, 1.000000000000000000 ) ) ;
#1821 = VERTEX_POINT ( 'NONE', #6570 ) ;
#1822 = ADVANCED_FACE ( 'NONE', ( #5762 ), #9638, .F. ) ;
#1823 = AXIS2_PLACEMENT_3D ( 'NONE', #6851, #2559, #3023 ) ;
#1824 = VECTOR ( 'NONE', #7103, 1000.000000000000000 ) ;
#1825 = CARTESIAN_POINT ( 'NONE',  ( -12.00000000000000000, -3.719312084155296905, 46.00000000000000000 ) ) ;
#1826 = EDGE_CURVE ( 'NONE', #6821, #526, #2806, .T. ) ;
#1827 = DIRECTION ( 'NONE',  ( -1.000000000000000000, -0.000000000000000000, 7.381802025433221547E-17 ) ) ;
#1828 = LINE ( 'NONE', #2626, #6431 ) ;
#1829 = DIRECTION ( 'NONE',  ( 0.000000000000000000, -0.000000000000000000, -1.000000000000000000 ) ) ;
#1830 = VECTOR ( 'NONE', #6512, 1000.000000000000000 ) ;
#1831 = CARTESIAN_POINT ( 'NONE',  ( 25.20000000000002771, -5.119312084155315468, -57.09601004648968114 ) ) ;
#1832 = CIRCLE ( 'NONE', #7438, 2.999999999999999112 ) ;
#1833 = ADVANCED_FACE ( 'NONE', ( #5865 ), #8934, .F. ) ;
#1834 = VERTEX_POINT ( 'NONE', #1960 ) ;
#1835 = ORIENTED_EDGE ( 'NONE', *, *, #7646, .T. ) ;
#1836 = VERTEX_POINT ( 'NONE', #5819 ) ;
#1837 = CIRCLE ( 'NONE', #7120, 3.250000000002188028 ) ;
#1838 = EDGE_CURVE ( 'NONE', #8918, #4645, #3618, .T. ) ;
#1839 = DIRECTION ( 'NONE',  ( 0.000000000000000000, 0.000000000000000000, 1.000000000000000000 ) ) ;
#1840 = VECTOR ( 'NONE', #7203, 1000.000000000000000 ) ;
#1841 = VERTEX_POINT ( 'NONE', #1207 ) ;
#1842 = DIRECTION ( 'NONE',  ( -0.000000000000000000, 1.000000000000000000, -0.000000000000000000 ) ) ;
#1843 = CARTESIAN_POINT ( 'NONE',  ( -7.500000000000001776, 0.7499999999999997780, 32.49999999999998579 ) ) ;
#1844 = CARTESIAN_POINT ( 'NONE',  ( -23.99999999999999645, 7.999999999999998224, -88.00000000000223110 ) ) ;
#1845 = ORIENTED_EDGE ( 'NONE', *, *, #193, .F. ) ;
#1846 = DIRECTION ( 'NONE',  ( 1.000000000000000000, -0.000000000000000000, 5.634144622830656211E-16 ) ) ;
#1847 = ORIENTED_EDGE ( 'NONE', *, *, #8072, .T. ) ;
#1848 = ORIENTED_EDGE ( 'NONE', *, *, #7034, .T. ) ;
#1849 = CARTESIAN_POINT ( 'NONE',  ( -11.59999999999999609, 10.80000000000000071, 25.19999999999997442 ) ) ;
#1850 = DIRECTION ( 'NONE',  ( -0.000000000000000000, 1.000000000000000000, -0.000000000000000000 ) ) ;
#1851 = LINE ( 'NONE', #4299, #1667 ) ;
#1852 = CARTESIAN_POINT ( 'NONE',  ( -7.099999999999999645, 4.780687915844703539, 53.30000000000001137 ) ) ;
#1853 = LINE ( 'NONE', #5753, #898 ) ;
#1854 = DIRECTION ( 'NONE',  ( 0.000000000000000000, -1.000000000000000000, 0.000000000000000000 ) ) ;
#1855 = CARTESIAN_POINT ( 'NONE',  ( 25.99999999999999645, -1.219312084155296683, 59.50000000000000711 ) ) ;
#1856 = ORIENTED_EDGE ( 'NONE', *, *, #6554, .T. ) ;
#1857 = DIRECTION ( 'NONE',  ( 0.000000000000000000, 1.000000000000000000, 0.000000000000000000 ) ) ;
#1858 = ORIENTED_EDGE ( 'NONE', *, *, #8007, .T. ) ;
#1859 = ORIENTED_EDGE ( 'NONE', *, *, #3281, .T. ) ;
#1860 = FACE_OUTER_BOUND ( 'NONE', #9630, .T. ) ;
#1861 = ORIENTED_EDGE ( 'NONE', *, *, #7772, .F. ) ;
#1862 = CARTESIAN_POINT ( 'NONE',  ( -12.59999999999999964, 9.799999999999998934, 25.19999999999997442 ) ) ;
#1863 = DIRECTION ( 'NONE',  ( 0.000000000000000000, -1.000000000000000000, 0.000000000000000000 ) ) ;
#1864 = VECTOR ( 'NONE', #9537, 1000.000000000000000 ) ;
#1865 = CARTESIAN_POINT ( 'NONE',  ( -17.00000000000000000, 4.780687915844703539, 46.00000000000000000 ) ) ;
#1866 = ORIENTED_EDGE ( 'NONE', *, *, #6093, .F. ) ;
#1867 = ADVANCED_FACE ( 'NONE', ( #8894 ), #8980, .T. ) ;
#1868 = CARTESIAN_POINT ( 'NONE',  ( 25.67638558210932942, -3.000000000000000000, 59.99999999999999289 ) ) ;
#1869 = EDGE_CURVE ( 'NONE', #5448, #3008, #1956, .T. ) ;
#1870 = VERTEX_POINT ( 'NONE', #2848 ) ;
#1871 = DIRECTION ( 'NONE',  ( 1.000000000000000000, -0.000000000000000000, 2.775557561562891844E-16 ) ) ;
#1872 = DIRECTION ( 'NONE',  ( 0.000000000000000000, 0.000000000000000000, -1.000000000000000000 ) ) ;
#1873 = CARTESIAN_POINT ( 'NONE',  ( -9.500000000000001776, -0.2193120841552965994, 45.00000000000000000 ) ) ;
#1874 = DIRECTION ( 'NONE',  ( -1.000000000000000000, -0.000000000000000000, -0.000000000000000000 ) ) ;
#1875 = LINE ( 'NONE', #3178, #2765 ) ;
#1876 = EDGE_CURVE ( 'NONE', #2720, #7612, #3235, .T. ) ;
#1877 = CIRCLE ( 'NONE', #592, 2.099999999999997868 ) ;
#1878 = VERTEX_POINT ( 'NONE', #3860 ) ;
#1879 = CALENDAR_DATE ( 2026, 20, 8 ) ;
#1880 = ORIENTED_EDGE ( 'NONE', *, *, #7169, .T. ) ;
#1881 = EDGE_LOOP ( 'NONE', ( #4457, #8042, #2526, #5194 ) ) ;
#1882 = LINE ( 'NONE', #467, #4063 ) ;
#1883 = ORIENTED_EDGE ( 'NONE', *, *, #5810, .T. ) ;
#1884 = EDGE_CURVE ( 'NONE', #5944, #9068, #2254, .T. ) ;
#1885 = CARTESIAN_POINT ( 'NONE',  ( -17.00000000000000000, -0.2193120841552965994, 46.00000000000000000 ) ) ;
#1886 = PLANE ( 'NONE',  #8408 ) ;
#1887 = DIRECTION ( 'NONE',  ( -0.000000000000000000, -1.000000000000000000, -0.000000000000000000 ) ) ;
#1888 = EDGE_CURVE ( 'NONE', #303, #2735, #6874, .T. ) ;
#1889 = EDGE_CURVE ( 'NONE', #4353, #3437, #8432, .T. ) ;
#1890 = ORIENTED_EDGE ( 'NONE', *, *, #6531, .T. ) ;
#1891 = CYLINDRICAL_SURFACE ( 'NONE', #7930, 2.100000000000000977 ) ;
#1892 = ORIENTED_EDGE ( 'NONE', *, *, #7297, .T. ) ;
#1893 = ORIENTED_EDGE ( 'NONE', *, *, #8813, .F. ) ;
#1894 = DIRECTION ( 'NONE',  ( 0.000000000000000000, -1.000000000000000000, 0.000000000000000000 ) ) ;
#1895 = EDGE_CURVE ( 'NONE', #2885, #9754, #2096, .T. ) ;
#1896 = CARTESIAN_POINT ( 'NONE',  ( 58.50000000000000000, 4.780687915844703539, 58.50000000000000000 ) ) ;
#1897 = LINE ( 'NONE', #8726, #711 ) ;
#1898 = CARTESIAN_POINT ( 'NONE',  ( -23.00000000000000000, 4.780687915844703539, 62.25000000000000000 ) ) ;
#1899 = CYLINDRICAL_SURFACE ( 'NONE', #5704, 15.00000000000000000 ) ;
#1900 = DIRECTION ( 'NONE',  ( 0.000000000000000000, 0.000000000000000000, -1.000000000000000000 ) ) ;
#1901 = LINE ( 'NONE', #4211, #5965 ) ;
#1902 = VERTEX_POINT ( 'NONE', #3706 ) ;
#1903 = DIRECTION ( 'NONE',  ( 0.000000000000000000, 0.000000000000000000, -1.000000000000000000 ) ) ;
#1904 = ORIENTED_EDGE ( 'NONE', *, *, #3230, .T. ) ;
#1905 = CARTESIAN_POINT ( 'NONE',  ( -6.669867130143746436, 2.639650860515494024, 31.56801998000804943 ) ) ;
#1906 = ORIENTED_EDGE ( 'NONE', *, *, #9740, .T. ) ;
#1907 = FACE_OUTER_BOUND ( 'NONE', #7781, .T. ) ;
#1908 = DIRECTION ( 'NONE',  ( -1.000000000000000000, 0.000000000000000000, 0.000000000000000000 ) ) ;
#1909 = FACE_OUTER_BOUND ( 'NONE', #4272, .T. ) ;
#1910 = ORIENTED_EDGE ( 'NONE', *, *, #5539, .T. ) ;
#1911 = FACE_OUTER_BOUND ( 'NONE', #621, .T. ) ;
#1912 = VERTEX_POINT ( 'NONE', #9738 ) ;
#1913 = CARTESIAN_POINT ( 'NONE',  ( -20.49999999999992184, 4.780687915844703539, 40.99999999999999289 ) ) ;
#1914 = CARTESIAN_POINT ( 'NONE',  ( -16.24999999999999645, 1.780687915844703539, 56.99999999999999289 ) ) ;
#1915 = DIRECTION ( 'NONE',  ( 1.000000000000000000, -0.000000000000000000, 2.275047181608928630E-16 ) ) ;
#1916 = FACE_OUTER_BOUND ( 'NONE', #8156, .T. ) ;
#1917 = CARTESIAN_POINT ( 'NONE',  ( 13.00000000000000178, -3.719312084155296905, 50.60000000000000142 ) ) ;
#1918 = ORIENTED_EDGE ( 'NONE', *, *, #900, .T. ) ;
#1919 = COORDINATED_UNIVERSAL_TIME_OFFSET ( 8, 0, .AHEAD. ) ;
#1920 = VECTOR ( 'NONE', #8626, 1000.000000000000000 ) ;
#1921 = VECTOR ( 'NONE', #1018, 1000.000000000000000 ) ;
#1922 = AXIS2_PLACEMENT_3D ( 'NONE', #4104, #2736, #5748 ) ;
#1923 = ORIENTED_EDGE ( 'NONE', *, *, #5652, .T. ) ;
#1924 = CARTESIAN_POINT ( 'NONE',  ( 7.287144793219247241, 2.098093679693738167, -74.21450400649737844 ) ) ;
#1925 = PLANE ( 'NONE',  #2622 ) ;
#1926 = ORIENTED_EDGE ( 'NONE', *, *, #3356, .F. ) ;
#1927 = EDGE_CURVE ( 'NONE', #3014, #3677, #3106, .T. ) ;
#1928 = ADVANCED_FACE ( 'NONE', ( #1448 ), #2954, .F. ) ;
#1929 = DIRECTION ( 'NONE',  ( 1.000000000000000000, 0.000000000000000000, 0.000000000000000000 ) ) ;
#1930 = DIRECTION ( 'NONE',  ( 0.000000000000000000, 0.000000000000000000, -1.000000000000000000 ) ) ;
#1931 = CARTESIAN_POINT ( 'NONE',  ( 23.00000000000000000, -1.219312084155296683, 62.25000000000000000 ) ) ;
#1932 = CARTESIAN_POINT ( 'NONE',  ( -74.99999999999998579, -6.500000000000000000, -59.99999999999986500 ) ) ;
#1933 = EDGE_LOOP ( 'NONE', ( #4742, #4308, #8544, #1053 ) ) ;
#1934 = DIRECTION ( 'NONE',  ( -5.634144622830656211E-16, -0.000000000000000000, 1.000000000000000000 ) ) ;
#1935 = ORIENTED_EDGE ( 'NONE', *, *, #9002, .T. ) ;
#1936 = AXIS2_PLACEMENT_3D ( 'NONE', #9265, #7793, #1616 ) ;
#1937 = AXIS2_PLACEMENT_3D ( 'NONE', #6754, #3844, #2189 ) ;
#1938 = ADVANCED_FACE ( 'NONE', ( #1553 ), #9944, .T. ) ;
#1939 = ORIENTED_EDGE ( 'NONE', *, *, #9326, .F. ) ;
#1940 = LINE ( 'NONE', #2648, #2406 ) ;
#1941 = ADVANCED_FACE ( 'NONE', ( #5263 ), #1353, .F. ) ;
#1942 = DIRECTION ( 'NONE',  ( 0.05233595624294378607, -0.9986295347545739443, 0.000000000000000000 ) ) ;
#1943 = PLANE ( 'NONE',  #2944 ) ;
#1944 = FACE_BOUND ( 'NONE', #4103, .T. ) ;
#1945 = LINE ( 'NONE', #7420, #9090 ) ;
#1946 = VECTOR ( 'NONE', #3384, 1000.000000000000000 ) ;
#1947 = VECTOR ( 'NONE', #9071, 1000.000000000000000 ) ;
#1948 = DIRECTION ( 'NONE',  ( 1.606225440719248864E-16, -1.000000000000000000, 0.000000000000000000 ) ) ;
#1949 = EDGE_LOOP ( 'NONE', ( #9515, #5489, #4092, #605 ) ) ;
#1950 = DIRECTION ( 'NONE',  ( -0.000000000000000000, 1.000000000000000000, -0.000000000000000000 ) ) ;
#1951 = EDGE_CURVE ( 'NONE', #8918, #332, #2206, .T. ) ;
#1952 = ORIENTED_EDGE ( 'NONE', *, *, #3020, .F. ) ;
#1953 = VECTOR ( 'NONE', #9821, 1000.000000000000000 ) ;
#1954 = VECTOR ( 'NONE', #1092, 1000.000000000000000 ) ;
#1955 = DIRECTION ( 'NONE',  ( 0.000000000000000000, -0.000000000000000000, -1.000000000000000000 ) ) ;
#1956 = CIRCLE ( 'NONE', #6928, 10.00000000000000178 ) ;
#1957 = EDGE_CURVE ( 'NONE', #7841, #6878, #704, .T. ) ;
#1958 = ORIENTED_EDGE ( 'NONE', *, *, #5619, .T. ) ;
#1959 = CARTESIAN_POINT ( 'NONE',  ( 7.500000000000000888, -0.2193120841552965994, 0.000000000000000000 ) ) ;
#1960 = CARTESIAN_POINT ( 'NONE',  ( -9.500000000000001776, 4.780687915844703539, 39.99999999999999289 ) ) ;
#1961 = DIRECTION ( 'NONE',  ( 4.097771990496391869E-16, 0.000000000000000000, 1.000000000000000000 ) ) ;
#1962 = VECTOR ( 'NONE', #5010, 1000.000000000000000 ) ;
#1963 = VERTEX_POINT ( 'NONE', #798 ) ;
#1964 = DIRECTION ( 'NONE',  ( 0.000000000000000000, 0.000000000000000000, -1.000000000000000000 ) ) ;
#1965 = CIRCLE ( 'NONE', #4531, 15.00000000000001066 ) ;
#1966 = ORIENTED_EDGE ( 'NONE', *, *, #9931, .T. ) ;
#1967 = CARTESIAN_POINT ( 'NONE',  ( 16.99999999999999289, 1.780687915844703539, 45.00000000000000000 ) ) ;
#1968 = DIRECTION ( 'NONE',  ( -1.000000000000000000, -0.000000000000000000, -0.000000000000000000 ) ) ;
#1969 = AXIS2_PLACEMENT_3D ( 'NONE', #8827, #1948, #9128 ) ;
#1970 = FACE_OUTER_BOUND ( 'NONE', #7909, .T. ) ;
#1971 = LINE ( 'NONE', #9450, #6205 ) ;
#1972 = FACE_OUTER_BOUND ( 'NONE', #3587, .T. ) ;
#1973 = EDGE_CURVE ( 'NONE', #4164, #8737, #7481, .T. ) ;
#1974 = VECTOR ( 'NONE', #7864, 1000.000000000000000 ) ;
#1975 = CIRCLE ( 'NONE', #1498, 2.000000000002175593 ) ;
#1976 = ORIENTED_EDGE ( 'NONE', *, *, #4986, .F. ) ;
#1977 = AXIS2_PLACEMENT_3D ( 'NONE', #7978, #7171, #4110 ) ;
#1978 = ORIENTED_EDGE ( 'NONE', *, *, #4163, .F. ) ;
#1979 = LINE ( 'NONE', #7348, #5886 ) ;
#1980 = CARTESIAN_POINT ( 'NONE',  ( 9.499999999999925393, -0.2193120841552965994, 45.00000000000000711 ) ) ;
#1981 = EDGE_LOOP ( 'NONE', ( #9410, #1026, #1538, #4890 ) ) ;
#1982 = VECTOR ( 'NONE', #2506, 1000.000000000000000 ) ;
#1983 = CARTESIAN_POINT ( 'NONE',  ( 21.70000000000002416, -3.219312084155296461, -59.05398995351029612 ) ) ;
#1984 = DIRECTION ( 'NONE',  ( -0.000000000000000000, -0.000000000000000000, -1.000000000000000000 ) ) ;
#1985 = LINE ( 'NONE', #2871, #697 ) ;
#1986 = CIRCLE ( 'NONE', #541, 3.000000000000002665 ) ;
#1987 = ORIENTED_EDGE ( 'NONE', *, *, #7891, .F. ) ;
#1988 = CARTESIAN_POINT ( 'NONE',  ( -10.09999999999998721, 9.799999999999998934, 70.99999999999998579 ) ) ;
#1989 = EDGE_CURVE ( 'NONE', #4034, #2473, #6439, .T. ) ;
#1990 = ORIENTED_EDGE ( 'NONE', *, *, #842, .T. ) ;
#1991 = EDGE_CURVE ( 'NONE', #6606, #6901, #5951, .T. ) ;
#1992 = ORIENTED_EDGE ( 'NONE', *, *, #2809, .F. ) ;
#1993 = AXIS2_PLACEMENT_3D ( 'NONE', #1546, #4794, #1737 ) ;
#1994 = ORIENTED_EDGE ( 'NONE', *, *, #2425, .T. ) ;
#1995 = LINE ( 'NONE', #4149, #7209 ) ;
#1996 = CARTESIAN_POINT ( 'NONE',  ( 31.50000000000000000, 3.780687915844703539, 71.99999999999998579 ) ) ;
#1997 = CARTESIAN_POINT ( 'NONE',  ( -12.59999999999999609, 10.80000000000000071, 21.19999999999997087 ) ) ;
#1998 = PLANE ( 'NONE',  #7897 ) ;
#1999 = FACE_OUTER_BOUND ( 'NONE', #1679, .T. ) ;
#2000 = CARTESIAN_POINT ( 'NONE',  ( -21.70000000000002416, 0.000000000000000000, 0.000000000000000000 ) ) ;
#2001 = ORIENTED_EDGE ( 'NONE', *, *, #3332, .T. ) ;
#2002 = CARTESIAN_POINT ( 'NONE',  ( -58.49999999999988631, 4.780687915844703539, -72.00000000000000000 ) ) ;
#2003 = EDGE_CURVE ( 'NONE', #872, #6419, #645, .T. ) ;
#2004 = ORIENTED_EDGE ( 'NONE', *, *, #8182, .T. ) ;
#2005 = CARTESIAN_POINT ( 'NONE',  ( -6.576334045892791913, 2.713802187261859622, 31.73201236339175679 ) ) ;
#2006 = ORIENTED_EDGE ( 'NONE', *, *, #8007, .F. ) ;
#2007 = CARTESIAN_POINT ( 'NONE',  ( 8.395184441433917399, 1.780687915844703539, 0.000000000000000000 ) ) ;
#2008 = DIRECTION ( 'NONE',  ( -0.000000000000000000, 1.000000000000000000, -0.000000000000000000 ) ) ;
#2009 = DIRECTION ( 'NONE',  ( -0.000000000000000000, -0.000000000000000000, 1.000000000000000000 ) ) ;
#2010 = ADVANCED_FACE ( 'NONE', ( #9387 ), #2355, .F. ) ;
#2011 = EDGE_CURVE ( 'NONE', #2382, #528, #5408, .T. ) ;
#2012 = ORIENTED_EDGE ( 'NONE', *, *, #210, .T. ) ;
#2013 = DIRECTION ( 'NONE',  ( 0.000000000000000000, -0.000000000000000000, 1.000000000000000000 ) ) ;
#2014 = EDGE_CURVE ( 'NONE', #1484, #1582, #6364, .T. ) ;
#2015 = ORIENTED_EDGE ( 'NONE', *, *, #2924, .F. ) ;
#2016 = PLANE ( 'NONE',  #8211 ) ;
#2017 = DIRECTION ( 'NONE',  ( -1.000000000000000000, 0.000000000000000000, -0.000000000000000000 ) ) ;
#2018 = CARTESIAN_POINT ( 'NONE',  ( 2.145068389081269178, 4.780687915844703539, -36.40269658700409394 ) ) ;
#2019 = DIRECTION ( 'NONE',  ( -0.000000000000000000, -0.000000000000000000, -1.000000000000000000 ) ) ;
#2020 =( BOUNDED_CURVE ( )  B_SPLINE_CURVE ( 3, ( #3693, #5147, #8271, #9028 ),
 .UNSPECIFIED., .F., .F. ) 
 B_SPLINE_CURVE_WITH_KNOTS ( ( 4, 4 ),
 ( 1.091067689119436190, 2.233670150444450275 ),
 .UNSPECIFIED. ) 
 CURVE ( )  GEOMETRIC_REPRESENTATION_ITEM ( )  RATIONAL_B_SPLINE_CURVE ( ( 1.000000000000000000, 0.8941320512255704900, 0.8941320512255704900, 1.000000000000000000 ) ) 
 REPRESENTATION_ITEM ( '' )  );
#2021 = LINE ( 'NONE', #461, #8547 ) ;
#2022 = ORIENTED_EDGE ( 'NONE', *, *, #6429, .F. ) ;
#2023 = ORIENTED_EDGE ( 'NONE', *, *, #3476, .F. ) ;
#2024 = DIRECTION ( 'NONE',  ( 0.000000000000000000, 0.000000000000000000, -1.000000000000000000 ) ) ;
#2025 = DIRECTION ( 'NONE',  ( -0.000000000000000000, -1.000000000000000000, -0.000000000000000000 ) ) ;
#2026 = ORIENTED_EDGE ( 'NONE', *, *, #4931, .T. ) ;
#2027 = DIRECTION ( 'NONE',  ( 0.000000000000000000, 0.000000000000000000, 1.000000000000000000 ) ) ;
#2028 = DIRECTION ( 'NONE',  ( 0.000000000000000000, -1.000000000000000000, 0.000000000000000000 ) ) ;
#2029 = LINE ( 'NONE', #9669, #5663 ) ;
#2030 = ORIENTED_EDGE ( 'NONE', *, *, #6801, .T. ) ;
#2031 = LINE ( 'NONE', #7406, #5791 ) ;
#2032 = ORIENTED_EDGE ( 'NONE', *, *, #2234, .F. ) ;
#2033 = EDGE_LOOP ( 'NONE', ( #4343, #1052 ) ) ;
#2034 = VERTEX_POINT ( 'NONE', #6925 ) ;
#2035 = AXIS2_PLACEMENT_3D ( 'NONE', #4977, #368, #6536 ) ;
#2036 = VERTEX_POINT ( 'NONE', #851 ) ;
#2037 = CARTESIAN_POINT ( 'NONE',  ( 2.611894093711528697, 4.673742236402462780, 10.01177605685268190 ) ) ;
#2038 = CARTESIAN_POINT ( 'NONE',  ( 60.00000000000001421, 0.000000000000000000, 59.99999999999999289 ) ) ;
#2039 = DIRECTION ( 'NONE',  ( 0.9998478495374628627, -0.01744355970870637568, 0.000000000000000000 ) ) ;
#2040 = ADVANCED_FACE ( 'NONE', ( #4719 ), #5556, .F. ) ;
#2041 = CARTESIAN_POINT ( 'NONE',  ( -6.379201422364454643, 2.867194314495167262, -72.88469288730654227 ) ) ;
#2042 = FACE_OUTER_BOUND ( 'NONE', #7023, .T. ) ;
#2043 = CARTESIAN_POINT ( 'NONE',  ( -25.20000000000002771, -5.119312084155316356, -57.09601004648968114 ) ) ;
#2044 = ORIENTED_EDGE ( 'NONE', *, *, #4945, .F. ) ;
#2045 = DIRECTION ( 'NONE',  ( 0.000000000000000000, 0.000000000000000000, 1.000000000000000000 ) ) ;
#2046 = ORIENTED_EDGE ( 'NONE', *, *, #1337, .F. ) ;
#2047 = CARTESIAN_POINT ( 'NONE',  ( -6.409502365731392537, 2.842679089187186037, 32.29847349526912126 ) ) ;
#2048 = ORIENTED_EDGE ( 'NONE', *, *, #9921, .F. ) ;
#2049 = FACE_OUTER_BOUND ( 'NONE', #8747, .T. ) ;
#2050 = PLANE ( 'NONE',  #6126 ) ;
#2051 = EDGE_CURVE ( 'NONE', #3856, #6686, #3105, .T. ) ;
#2052 = LINE ( 'NONE', #8177, #5473 ) ;
#2053 = ADVANCED_FACE ( 'NONE', ( #3998 ), #4759, .F. ) ;
#2054 = LINE ( 'NONE', #5868, #7416 ) ;
#2055 = ORIENTED_EDGE ( 'NONE', *, *, #113, .F. ) ;
#2056 = LINE ( 'NONE', #9551, #4060 ) ;
#2057 = ORIENTED_EDGE ( 'NONE', *, *, #4279, .T. ) ;
#2058 = DIRECTION ( 'NONE',  ( 0.000000000000000000, 1.000000000000000000, 0.000000000000000000 ) ) ;
#2059 = FACE_BOUND ( 'NONE', #9569, .T. ) ;
#2060 = ADVANCED_FACE ( 'NONE', ( #9244 ), #7017, .F. ) ;
#2061 = LINE ( 'NONE', #8049, #5466 ) ;
#2062 = EDGE_CURVE ( 'NONE', #3808, #2961, #2453, .T. ) ;
#2063 = PLANE ( 'NONE',  #1174 ) ;
#2064 = EDGE_LOOP ( 'NONE', ( #6313, #6360, #5553, #6393, #6201, #3921, #7083, #2264, #4161, #9168, #1722, #1231 ) ) ;
#2065 = EDGE_CURVE ( 'NONE', #3334, #3569, #4859, .T. ) ;
#2066 = ORIENTED_EDGE ( 'NONE', *, *, #5514, .F. ) ;
#2067 = DIRECTION ( 'NONE',  ( 1.982541115402066342E-16, 0.000000000000000000, -1.000000000000000000 ) ) ;
#2068 = DIRECTION ( 'NONE',  ( 0.000000000000000000, 0.000000000000000000, 1.000000000000000000 ) ) ;
#2069 = VERTEX_POINT ( 'NONE', #1742 ) ;
#2070 = CARTESIAN_POINT ( 'NONE',  ( -2.145068389081270954, 4.780687915844704428, 70.96998267230843283 ) ) ;
#2071 = DIRECTION ( 'NONE',  ( 7.709882115452468306E-16, 0.000000000000000000, -1.000000000000000000 ) ) ;
#2072 = VECTOR ( 'NONE', #5310, 1000.000000000000000 ) ;
#2073 = DIRECTION ( 'NONE',  ( -0.000000000000000000, 0.000000000000000000, 1.000000000000000000 ) ) ;
#2074 = ORIENTED_EDGE ( 'NONE', *, *, #3588, .F. ) ;
#2075 = CARTESIAN_POINT ( 'NONE',  ( 9.999999999999955591, 4.780687915844703539, 46.00000000000000000 ) ) ;
#2076 = VERTEX_POINT ( 'NONE', #140 ) ;
#2077 = ORIENTED_EDGE ( 'NONE', *, *, #7893, .T. ) ;
#2078 = ORIENTED_EDGE ( 'NONE', *, *, #3701, .F. ) ;
#2079 = ORIENTED_EDGE ( 'NONE', *, *, #3548, .T. ) ;
#2080 = AXIS2_PLACEMENT_3D ( 'NONE', #1165, #1827, #1872 ) ;
#2081 = CARTESIAN_POINT ( 'NONE',  ( 2.145068389081294935, 4.780687915844701763, 9.402696587004106377 ) ) ;
#2082 = DIRECTION ( 'NONE',  ( 0.000000000000000000, 0.000000000000000000, -1.000000000000000000 ) ) ;
#2083 = FACE_OUTER_BOUND ( 'NONE', #114, .T. ) ;
#2084 = CARTESIAN_POINT ( 'NONE',  ( -6.858022075225183482E-16, -5.600000000000000533, 45.00000000000000000 ) ) ;
#2085 = PLANE ( 'NONE',  #833 ) ;
#2086 = CARTESIAN_POINT ( 'NONE',  ( 27.74999999999999645, -2.000000000000024869, -90.06173769149502562 ) ) ;
#2087 = EDGE_CURVE ( 'NONE', #57, #7813, #3152, .T. ) ;
#2088 = ORIENTED_EDGE ( 'NONE', *, *, #1888, .T. ) ;
#2089 = AXIS2_PLACEMENT_3D ( 'NONE', #2432, #7847, #1630 ) ;
#2090 = CARTESIAN_POINT ( 'NONE',  ( -9.500000000000001776, -0.2193120841552965994, 45.00000000000000000 ) ) ;
#2091 = AXIS2_PLACEMENT_3D ( 'NONE', #5717, #1103, #4013 ) ;
#2092 = ORIENTED_EDGE ( 'NONE', *, *, #3281, .F. ) ;
#2093 = CARTESIAN_POINT ( 'NONE',  ( -13.00000000000000178, -1.219312084155296683, 46.00000000000000000 ) ) ;
#2094 = ORIENTED_EDGE ( 'NONE', *, *, #5571, .T. ) ;
#2095 = DIRECTION ( 'NONE',  ( 0.000000000000000000, 0.000000000000000000, -1.000000000000000000 ) ) ;
#2096 = LINE ( 'NONE', #4572, #4522 ) ;
#2097 = AXIS2_PLACEMENT_3D ( 'NONE', #6258, #3396, #6461 ) ;
#2098 = FACE_OUTER_BOUND ( 'NONE', #1881, .T. ) ;
#2099 = LINE ( 'NONE', #9700, #9190 ) ;
#2100 = EDGE_LOOP ( 'NONE', ( #3466, #6551, #319, #8874 ) ) ;
#2101 = DIRECTION ( 'NONE',  ( -1.000000000000000000, 0.000000000000000000, -3.016910393003142859E-15 ) ) ;
#2102 = AXIS2_PLACEMENT_3D ( 'NONE', #2182, #8208, #1230 ) ;
#2103 = EDGE_CURVE ( 'NONE', #7543, #7046, #9519, .T. ) ;
#2104 = AXIS2_PLACEMENT_3D ( 'NONE', #951, #110, #9258 ) ;
#2105 = AXIS2_PLACEMENT_3D ( 'NONE', #598, #3002, #7524 ) ;
#2106 = EDGE_CURVE ( 'NONE', #6151, #4144, #4800, .T. ) ;
#2107 = ORIENTED_EDGE ( 'NONE', *, *, #1559, .F. ) ;
#2108 = DIRECTION ( 'NONE',  ( -0.000000000000000000, 1.000000000000000000, -0.000000000000000000 ) ) ;
#2109 = PLANE ( 'NONE',  #8178 ) ;
#2110 = CARTESIAN_POINT ( 'NONE',  ( 2.905389563131802078, 4.594127770665322963, -39.27213359589106290 ) ) ;
#2111 = CARTESIAN_POINT ( 'NONE',  ( -6.000000000000000000, -3.719312084155296905, 45.00000000000000000 ) ) ;
#2112 = AXIS2_PLACEMENT_3D ( 'NONE', #3962, #7022, #3199 ) ;
#2113 = VECTOR ( 'NONE', #799, 1000.000000000000000 ) ;
#2114 = CARTESIAN_POINT ( 'NONE',  ( -60.00000000000000000, 0.000000000000000000, 75.00000000000002842 ) ) ;
#2115 = ORIENTED_EDGE ( 'NONE', *, *, #601, .T. ) ;
#2116 = EDGE_CURVE ( 'NONE', #7268, #9290, #3196, .T. ) ;
#2117 = ORIENTED_EDGE ( 'NONE', *, *, #2987, .F. ) ;
#2118 = ADVANCED_FACE ( 'NONE', ( #7776 ), #7927, .F. ) ;
#2119 = ORIENTED_EDGE ( 'NONE', *, *, #8799, .F. ) ;
#2120 = CIRCLE ( 'NONE', #3733, 1.000000000000000888 ) ;
#2121 = AXIS2_PLACEMENT_3D ( 'NONE', #4749, #9524, #323 ) ;
#2122 = LINE ( 'NONE', #6949, #6283 ) ;
#2123 = CARTESIAN_POINT ( 'NONE',  ( 25.20000000000002771, -5.519312084155296283, -55.59601004648968114 ) ) ;
#2124 = ORIENTED_EDGE ( 'NONE', *, *, #9675, .F. ) ;
#2125 = CARTESIAN_POINT ( 'NONE',  ( -4.199999999999995737, 4.780687915844703539, 51.90000000000001279 ) ) ;
#2126 = PLANE ( 'NONE',  #7093 ) ;
#2127 = EDGE_CURVE ( 'NONE', #6959, #3309, #4056, .T. ) ;
#2128 = VECTOR ( 'NONE', #8372, 1000.000000000000000 ) ;
#2129 = VECTOR ( 'NONE', #8498, 1000.000000000000000 ) ;
#2130 = DIRECTION ( 'NONE',  ( -0.000000000000000000, 1.000000000000000000, -0.000000000000000000 ) ) ;
#2131 = EDGE_CURVE ( 'NONE', #1529, #3910, #7121, .T. ) ;
#2132 = ORIENTED_EDGE ( 'NONE', *, *, #5042, .T. ) ;
#2133 = LINE ( 'NONE', #622, #8563 ) ;
#2134 = ORIENTED_EDGE ( 'NONE', *, *, #8618, .T. ) ;
#2135 = EDGE_CURVE ( 'NONE', #1709, #2720, #2542, .T. ) ;
#2136 = EDGE_LOOP ( 'NONE', ( #9609, #3450, #8571, #4252 ) ) ;
#2137 = ORIENTED_EDGE ( 'NONE', *, *, #900, .F. ) ;
#2138 = VECTOR ( 'NONE', #15, 1000.000000000000000 ) ;
#2139 = ORIENTED_EDGE ( 'NONE', *, *, #7414, .F. ) ;
#2140 = AXIS2_PLACEMENT_3D ( 'NONE', #2250, #2202, #9842 ) ;
#2141 = DIRECTION ( 'NONE',  ( 0.000000000000000000, 0.000000000000000000, 1.000000000000000000 ) ) ;
#2142 = CARTESIAN_POINT ( 'NONE',  ( 9.500000000000028422, -5.219312084155296461, -47.00000000000000000 ) ) ;
#2143 = PLANE ( 'NONE',  #2309 ) ;
#2144 = DIRECTION ( 'NONE',  ( -1.000000000000000000, 0.000000000000000000, -3.652049423109082125E-16 ) ) ;
#2145 = FACE_OUTER_BOUND ( 'NONE', #7206, .T. ) ;
#2146 = VECTOR ( 'NONE', #9418, 1000.000000000000000 ) ;
#2147 = DIRECTION ( 'NONE',  ( -1.000000000000000000, 0.000000000000000000, -0.000000000000000000 ) ) ;
#2148 = VECTOR ( 'NONE', #3007, 1000.000000000000000 ) ;
#2149 = ORIENTED_EDGE ( 'NONE', *, *, #4268, .F. ) ;
#2150 = CARTESIAN_POINT ( 'NONE',  ( -10.09999999999999432, 9.799999999999998934, 24.99999999999998224 ) ) ;
#2151 = ORIENTED_EDGE ( 'NONE', *, *, #1453, .T. ) ;
#2152 = CARTESIAN_POINT ( 'NONE',  ( 57.00000000000000711, -5.219312084155296461, -31.99999999999998579 ) ) ;
#2153 = ORIENTED_EDGE ( 'NONE', *, *, #2977, .F. ) ;
#2154 = DIRECTION ( 'NONE',  ( -1.000000000000000000, -0.000000000000000000, 2.275047181608929616E-16 ) ) ;
#2155 = DIRECTION ( 'NONE',  ( -1.734723475976805517E-15, -0.000000000000000000, -1.000000000000000000 ) ) ;
#2156 = CARTESIAN_POINT ( 'NONE',  ( -8.500000000000000000, -0.2193120841552965994, 0.000000000000000000 ) ) ;
#2157 = CARTESIAN_POINT ( 'NONE',  ( -23.99999999999999645, -1.682681771697502882E-13, -87.50000000000224532 ) ) ;
#2158 = VERTEX_POINT ( 'NONE', #7975 ) ;
#2159 = CARTESIAN_POINT ( 'NONE',  ( 60.00000000000001421, 8.000000000000000000, 51.90000000000001279 ) ) ;
#2160 = EDGE_LOOP ( 'NONE', ( #7515, #1526, #891, #7224 ) ) ;
#2161 = EDGE_CURVE ( 'NONE', #6043, #626, #7211, .T. ) ;
#2162 = CARTESIAN_POINT ( 'NONE',  ( 7.500000000000001776, 1.780687915844703539, 70.96998267230843283 ) ) ;
#2163 = DIRECTION ( 'NONE',  ( -1.000000000000000000, -0.000000000000000000, -0.000000000000000000 ) ) ;
#2164 = CARTESIAN_POINT ( 'NONE',  ( 20.49999999999999289, 3.780687915844703539, 51.00000000000000000 ) ) ;
#2165 = CARTESIAN_POINT ( 'NONE',  ( -56.99999999999998579, 4.780687915844703539, 2.999999999999981792 ) ) ;
#2166 = ADVANCED_FACE ( 'NONE', ( #2794 ), #1943, .F. ) ;
#2167 = PLANE ( 'NONE',  #9209 ) ;
#2168 = EDGE_CURVE ( 'NONE', #299, #5944, #4206, .T. ) ;
#2169 = VERTEX_POINT ( 'NONE', #6613 ) ;
#2170 = ORIENTED_EDGE ( 'NONE', *, *, #4137, .T. ) ;
#2171 = VERTEX_POINT ( 'NONE', #5006 ) ;
#2172 = CIRCLE ( 'NONE', #3132, 10.59999999999999964 ) ;
#2173 = CARTESIAN_POINT ( 'NONE',  ( -60.00000000000000000, 0.000000000000000000, 60.00000000000002842 ) ) ;
#2174 = CARTESIAN_POINT ( 'NONE',  ( 11.09999999999999787, 9.600000000000001421, 54.84999999999998010 ) ) ;
#2175 = EDGE_LOOP ( 'NONE', ( #7422, #4490 ) ) ;
#2176 = DIRECTION ( 'NONE',  ( 0.000000000000000000, -1.000000000000000000, 0.000000000000000000 ) ) ;
#2177 = ADVANCED_FACE ( 'NONE', ( #8023 ), #7320, .F. ) ;
#2178 = LINE ( 'NONE', #1621, #2129 ) ;
#2179 = EDGE_CURVE ( 'NONE', #5100, #6390, #9535, .T. ) ;
#2180 = CARTESIAN_POINT ( 'NONE',  ( 13.39999999999999680, 9.799999999999998934, 54.84999999999998010 ) ) ;
#2181 = ORIENTED_EDGE ( 'NONE', *, *, #5909, .F. ) ;
#2182 = CARTESIAN_POINT ( 'NONE',  ( 2.308517379148995757E-15, -1.719312084155296239, 11.49999999999999289 ) ) ;
#2183 = ORIENTED_EDGE ( 'NONE', *, *, #7349, .F. ) ;
#2184 = ORIENTED_EDGE ( 'NONE', *, *, #2487, .T. ) ;
#2185 = VERTEX_POINT ( 'NONE', #8123 ) ;
#2186 = VECTOR ( 'NONE', #7213, 1000.000000000000000 ) ;
#2187 = ORIENTED_EDGE ( 'NONE', *, *, #9383, .F. ) ;
#2188 = CARTESIAN_POINT ( 'NONE',  ( 2.850469714739671367, 4.609824099997021918, 12.45494929905381731 ) ) ;
#2189 = DIRECTION ( 'NONE',  ( 0.000000000000000000, 0.000000000000000000, -1.000000000000000000 ) ) ;
#2190 = EDGE_CURVE ( 'NONE', #1570, #7326, #2650, .T. ) ;
#2191 = CARTESIAN_POINT ( 'NONE',  ( 24.00000000000000000, 4.080753882296249443E-15, 128.4381048349333980 ) ) ;
#2192 = CARTESIAN_POINT ( 'NONE',  ( 40.00000000000000000, -5.219312084155296461, -47.00000000000000711 ) ) ;
#2193 = EDGE_CURVE ( 'NONE', #4136, #4751, #1851, .T. ) ;
#2194 = LINE ( 'NONE', #9076, #4601 ) ;
#2195 = CARTESIAN_POINT ( 'NONE',  ( -10.09999999999999432, 10.80000000000000071, 25.99999999999998224 ) ) ;
#2196 = VERTEX_POINT ( 'NONE', #2694 ) ;
#2197 = CARTESIAN_POINT ( 'NONE',  ( -4.200000000000000178, 4.780687915844703539, 54.00000000000001421 ) ) ;
#2198 = EDGE_LOOP ( 'NONE', ( #1978, #9636 ) ) ;
#2199 = CIRCLE ( 'NONE', #7334, 16.99999999999999645 ) ;
#2200 = EDGE_CURVE ( 'NONE', #4265, #1963, #6407, .T. ) ;
#2201 = ORIENTED_EDGE ( 'NONE', *, *, #5507, .T. ) ;
#2202 = DIRECTION ( 'NONE',  ( 0.000000000000000000, -1.000000000000000000, 0.000000000000000000 ) ) ;
#2203 = LINE ( 'NONE', #1444, #5922 ) ;
#2204 = ORIENTED_EDGE ( 'NONE', *, *, #6497, .T. ) ;
#2205 = LINE ( 'NONE', #2253, #4816 ) ;
#2206 = LINE ( 'NONE', #4510, #9490 ) ;
#2207 = DIRECTION ( 'NONE',  ( -0.000000000000000000, 1.000000000000000000, -0.000000000000000000 ) ) ;
#2208 = CARTESIAN_POINT ( 'NONE',  ( -8.500000000000000000, -0.2193120841552965994, 0.000000000000000000 ) ) ;
#2209 = DIRECTION ( 'NONE',  ( 0.000000000000000000, 0.000000000000000000, -1.000000000000000000 ) ) ;
#2210 = ORIENTED_EDGE ( 'NONE', *, *, #1263, .F. ) ;
#2211 = DIRECTION ( 'NONE',  ( -1.000000000000000000, 0.000000000000000000, 0.000000000000000000 ) ) ;
#2212 = ORIENTED_EDGE ( 'NONE', *, *, #2774, .T. ) ;
#2213 = DIRECTION ( 'NONE',  ( -0.000000000000000000, 1.000000000000000000, -0.000000000000000000 ) ) ;
#2214 = FACE_OUTER_BOUND ( 'NONE', #7783, .T. ) ;
#2215 = EDGE_CURVE ( 'NONE', #8679, #814, #2739, .T. ) ;
#2216 = LINE ( 'NONE', #6940, #1622 ) ;
#2217 = CARTESIAN_POINT ( 'NONE',  ( -9.500000000000001776, -0.2193120841552965994, 34.36291011149504016 ) ) ;
#2218 = DIRECTION ( 'NONE',  ( 0.000000000000000000, -1.000000000000000000, 0.000000000000000000 ) ) ;
#2219 = EDGE_LOOP ( 'NONE', ( #1716, #7446, #3892, #2134, #7873 ) ) ;
#2220 = ADVANCED_FACE ( 'NONE', ( #5053 ), #3550, .F. ) ;
#2221 = ORIENTED_EDGE ( 'NONE', *, *, #5909, .T. ) ;
#2222 = CARTESIAN_POINT ( 'NONE',  ( -9.500000000000001776, -0.2193120841552965994, -72.00000000000000000 ) ) ;
#2223 = CARTESIAN_POINT ( 'NONE',  ( -9.500000000000001776, 4.780687915844703539, -47.00000000000000000 ) ) ;
#2224 = ORIENTED_EDGE ( 'NONE', *, *, #4212, .F. ) ;
#2225 = LINE ( 'NONE', #3787, #8279 ) ;
#2226 = CARTESIAN_POINT ( 'NONE',  ( -9.000000000000001776, 4.780687915844703539, 72.00000000000000000 ) ) ;
#2227 = CARTESIAN_POINT ( 'NONE',  ( -12.59999999999999609, 10.80000000000000071, 22.19999999999997442 ) ) ;
#2228 = ORIENTED_EDGE ( 'NONE', *, *, #454, .T. ) ;
#2229 = CARTESIAN_POINT ( 'NONE',  ( -17.00000000000000000, 4.780687915844703539, 45.00000000000000000 ) ) ;
#2230 = ORIENTED_EDGE ( 'NONE', *, *, #5438, .F. ) ;
#2231 = ORIENTED_EDGE ( 'NONE', *, *, #9122, .T. ) ;
#2232 = ADVANCED_FACE ( 'NONE', ( #5854, #2594 ), #393, .T. ) ;
#2233 = ORIENTED_EDGE ( 'NONE', *, *, #9495, .T. ) ;
#2234 = EDGE_CURVE ( 'NONE', #557, #9768, #1897, .T. ) ;
#2235 = ORIENTED_EDGE ( 'NONE', *, *, #1157, .T. ) ;
#2236 = DIRECTION ( 'NONE',  ( 1.214306433183764966E-16, 1.000000000000000000, 0.000000000000000000 ) ) ;
#2237 = CYLINDRICAL_SURFACE ( 'NONE', #7235, 2.999999999999999112 ) ;
#2238 = DIRECTION ( 'NONE',  ( 1.000000000000000000, 0.000000000000000000, 1.927470528863118802E-16 ) ) ;
#2239 = CARTESIAN_POINT ( 'NONE',  ( 2.308517379148995757E-15, -1.719312084155296239, 14.49999999999999467 ) ) ;
#2240 = AXIS2_PLACEMENT_3D ( 'NONE', #298, #3358, #5814 ) ;
#2241 = DIRECTION ( 'NONE',  ( -1.000000000000000000, 0.000000000000000000, -1.652117596168394412E-16 ) ) ;
#2242 = CARTESIAN_POINT ( 'NONE',  ( -9.500000000000001776, -0.2193120841552965994, -72.00000000000000000 ) ) ;
#2243 = EDGE_LOOP ( 'NONE', ( #4917, #9280, #7833, #2261 ) ) ;
#2244 = CARTESIAN_POINT ( 'NONE',  ( -19.79999999999996874, -5.119312084155315468, -55.59601004648968114 ) ) ;
#2245 = ORIENTED_EDGE ( 'NONE', *, *, #8247, .F. ) ;
#2246 = ADVANCED_FACE ( 'NONE', ( #8823 ), #8164, .F. ) ;
#2247 = VECTOR ( 'NONE', #994, 1000.000000000000000 ) ;
#2248 = VECTOR ( 'NONE', #4024, 1000.000000000000000 ) ;
#2249 = EDGE_CURVE ( 'NONE', #1641, #5724, #288, .T. ) ;
#2250 = CARTESIAN_POINT ( 'NONE',  ( 58.50000000000002132, 4.780687915844703539, -58.50000000000000000 ) ) ;
#2251 = CARTESIAN_POINT ( 'NONE',  ( 0.000000000000000000, -5.519312084155296283, -55.59601004648968114 ) ) ;
#2252 = ORIENTED_EDGE ( 'NONE', *, *, #4590, .F. ) ;
#2253 = CARTESIAN_POINT ( 'NONE',  ( -60.00000000000002132, 8.000000000000000000, -80.00000000000001421 ) ) ;
#2254 = LINE ( 'NONE', #6714, #8201 ) ;
#2255 = LINE ( 'NONE', #6927, #838 ) ;
#2256 = DIRECTION ( 'NONE',  ( -0.000000000000000000, 0.000000000000000000, -1.000000000000000000 ) ) ;
#2257 = AXIS2_PLACEMENT_3D ( 'NONE', #7047, #4786, #6242 ) ;
#2258 = VECTOR ( 'NONE', #9243, 1000.000000000000000 ) ;
#2259 = DIRECTION ( 'NONE',  ( -5.634144622830656211E-16, -0.000000000000000000, 1.000000000000000000 ) ) ;
#2260 = EDGE_CURVE ( 'NONE', #7424, #6956, #9580, .T. ) ;
#2261 = ORIENTED_EDGE ( 'NONE', *, *, #7291, .F. ) ;
#2262 = LINE ( 'NONE', #2854, #220 ) ;
#2263 = EDGE_CURVE ( 'NONE', #2644, #8071, #439, .T. ) ;
#2264 = ORIENTED_EDGE ( 'NONE', *, *, #9543, .F. ) ;
#2265 = AXIS2_PLACEMENT_3D ( 'NONE', #1753, #5465, #106 ) ;
#2266 = VECTOR ( 'NONE', #535, 1000.000000000000000 ) ;
#2267 = VECTOR ( 'NONE', #5338, 1000.000000000000000 ) ;
#2268 = CYLINDRICAL_SURFACE ( 'NONE', #2886, 10.00000000000000178 ) ;
#2269 = CARTESIAN_POINT ( 'NONE',  ( 11.59999999999999964, 10.80000000000000071, 22.19999999999997087 ) ) ;
#2270 = CARTESIAN_POINT ( 'NONE',  ( -23.99999999999999645, 0.5000000000000004441, -88.00000000000223110 ) ) ;
#2271 = CARTESIAN_POINT ( 'NONE',  ( -39.99999999999998579, 4.780687915844703539, 2.999999999999988898 ) ) ;
#2272 = DIRECTION ( 'NONE',  ( 0.000000000000000000, 0.000000000000000000, 1.000000000000000000 ) ) ;
#2273 = VERTEX_POINT ( 'NONE', #1339 ) ;
#2274 = VECTOR ( 'NONE', #3363, 1000.000000000000000 ) ;
#2275 = ORIENTED_EDGE ( 'NONE', *, *, #5353, .F. ) ;
#2276 = DIRECTION ( 'NONE',  ( -0.000000000000000000, -1.000000000000000000, -0.000000000000000000 ) ) ;
#2277 = LOCAL_TIME ( 11, 36, 54.00000000000000000, #267 ) ;
#2278 = LINE ( 'NONE', #9307, #3042 ) ;
#2279 = ORIENTED_EDGE ( 'NONE', *, *, #9742, .T. ) ;
#2280 = AXIS2_PLACEMENT_3D ( 'NONE', #9388, #5659, #9581 ) ;
#2281 = PLANE ( 'NONE',  #2997 ) ;
#2282 = LINE ( 'NONE', #5390, #8066 ) ;
#2283 = DIRECTION ( 'NONE',  ( -1.000000000000000000, 0.000000000000000000, 0.000000000000000000 ) ) ;
#2284 = VECTOR ( 'NONE', #4477, 1000.000000000000000 ) ;
#2285 = VERTEX_POINT ( 'NONE', #7511 ) ;
#2286 = CARTESIAN_POINT ( 'NONE',  ( -9.500000000000001776, 4.780687915844703539, 45.00000000000000000 ) ) ;
#2287 = AXIS2_PLACEMENT_3D ( 'NONE', #1340, #4402, #6006 ) ;
#2288 = ORIENTED_EDGE ( 'NONE', *, *, #9836, .T. ) ;
#2289 = VERTEX_POINT ( 'NONE', #9177 ) ;
#2290 = ORIENTED_EDGE ( 'NONE', *, *, #5918, .T. ) ;
#2291 = ORIENTED_EDGE ( 'NONE', *, *, #7580, .T. ) ;
#2292 = DIRECTION ( 'NONE',  ( -1.000000000000000000, 0.000000000000000000, 0.000000000000000000 ) ) ;
#2293 = CARTESIAN_POINT ( 'NONE',  ( 4.200000000000000178, 4.780687915844703539, 54.00000000000001421 ) ) ;
#2294 = VECTOR ( 'NONE', #6664, 1000.000000000000000 ) ;
#2295 = CARTESIAN_POINT ( 'NONE',  ( 7.099999999999999645, 4.780687915844703539, 54.70000000000000995 ) ) ;
#2296 = AXIS2_PLACEMENT_3D ( 'NONE', #310, #9509, #9409 ) ;
#2297 = LINE ( 'NONE', #9235, #3571 ) ;
#2298 = EDGE_CURVE ( 'NONE', #4146, #7647, #9855, .T. ) ;
#2299 = EDGE_CURVE ( 'NONE', #6710, #9709, #3104, .T. ) ;
#2300 = PLANE ( 'NONE',  #3898 ) ;
#2301 = VERTEX_POINT ( 'NONE', #6755 ) ;
#2302 = DIRECTION ( 'NONE',  ( 0.8516583167045433944, 0.5240974256643353701, -0.000000000000000000 ) ) ;
#2303 = EDGE_LOOP ( 'NONE', ( #3965, #6653, #3339 ) ) ;
#2304 = VECTOR ( 'NONE', #4098, 1000.000000000000000 ) ;
#2305 = AXIS2_PLACEMENT_3D ( 'NONE', #112, #1854, #868 ) ;
#2306 = CARTESIAN_POINT ( 'NONE',  ( 17.49999999999999645, 4.780687915844703539, 53.99999999999999289 ) ) ;
#2307 = ORIENTED_EDGE ( 'NONE', *, *, #9603, .F. ) ;
#2308 = DIRECTION ( 'NONE',  ( 0.000000000000000000, 0.000000000000000000, -1.000000000000000000 ) ) ;
#2309 = AXIS2_PLACEMENT_3D ( 'NONE', #1282, #2238, #1385 ) ;
#2310 = CARTESIAN_POINT ( 'NONE',  ( 12.59999999999999964, 8.000000000000000000, 21.19999999999996732 ) ) ;
#2311 = CARTESIAN_POINT ( 'NONE',  ( -26.99999999999999645, -1.219312084155296683, 64.00000000000000000 ) ) ;
#2312 = VECTOR ( 'NONE', #8029, 1000.000000000000000 ) ;
#2313 = ADVANCED_FACE ( 'NONE', ( #2941 ), #9771, .T. ) ;
#2314 = LINE ( 'NONE', #3157, #4205 ) ;
#2315 = VECTOR ( 'NONE', #1555, 1000.000000000000000 ) ;
#2316 = ORIENTED_EDGE ( 'NONE', *, *, #1199, .F. ) ;
#2317 = PLANE ( 'NONE',  #1180 ) ;
#2318 = CIRCLE ( 'NONE', #6782, 17.00000000000000000 ) ;
#2319 = ORIENTED_EDGE ( 'NONE', *, *, #1327, .T. ) ;
#2320 = AXIS2_PLACEMENT_3D ( 'NONE', #4049, #3495, #4852 ) ;
#2321 = CARTESIAN_POINT ( 'NONE',  ( -60.00000000000002132, 8.000000000000000000, -60.00000000000002132 ) ) ;
#2322 = ADVANCED_FACE ( 'NONE', ( #7564 ), #2881, .F. ) ;
#2323 = DIRECTION ( 'NONE',  ( -1.000000000000000000, -0.000000000000000000, -0.000000000000000000 ) ) ;
#2324 = CARTESIAN_POINT ( 'NONE',  ( 18.32361441789066347, -6.500000000000000000, 75.00000000000002842 ) ) ;
#2325 = DIRECTION ( 'NONE',  ( 1.365923996832130623E-16, -0.000000000000000000, -1.000000000000000000 ) ) ;
#2326 = EDGE_CURVE ( 'NONE', #5048, #4240, #5511, .T. ) ;
#2327 = PLANE ( 'NONE',  #4545 ) ;
#2328 = EDGE_CURVE ( 'NONE', #9758, #4439, #6862, .T. ) ;
#2329 = VERTEX_POINT ( 'NONE', #5947 ) ;
#2330 = ORIENTED_EDGE ( 'NONE', *, *, #100, .T. ) ;
#2331 = CARTESIAN_POINT ( 'NONE',  ( -72.00000000000000000, 4.780687915844703539, 58.49999999999990052 ) ) ;
#2332 = ADVANCED_FACE ( 'NONE', ( #2083 ), #2143, .F. ) ;
#2333 = CARTESIAN_POINT ( 'NONE',  ( -7.000000000000000000, -3.719312084155296905, 50.60000000000000142 ) ) ;
#2334 = DIRECTION ( 'NONE',  ( -0.000000000000000000, 1.000000000000000000, -0.000000000000000000 ) ) ;
#2335 = DIRECTION ( 'NONE',  ( -0.000000000000000000, -0.000000000000000000, 1.000000000000000000 ) ) ;
#2336 = FACE_OUTER_BOUND ( 'NONE', #3192, .T. ) ;
#2337 = VERTEX_POINT ( 'NONE', #3646 ) ;
#2338 = DIRECTION ( 'NONE',  ( 0.000000000000000000, 0.000000000000000000, -1.000000000000000000 ) ) ;
#2339 = VERTEX_POINT ( 'NONE', #3753 ) ;
#2340 = ORIENTED_EDGE ( 'NONE', *, *, #4200, .F. ) ;
#2341 = EDGE_LOOP ( 'NONE', ( #6082, #2746, #1125, #8224, #9466, #6563, #5925, #1381 ) ) ;
#2342 = VERTEX_POINT ( 'NONE', #7468 ) ;
#2343 = DIRECTION ( 'NONE',  ( 0.000000000000000000, 0.000000000000000000, 1.000000000000000000 ) ) ;
#2344 = CARTESIAN_POINT ( 'NONE',  ( -26.99999999999999645, 4.780687915844703539, 72.00000000000000000 ) ) ;
#2345 = CARTESIAN_POINT ( 'NONE',  ( 16.99999999999999289, -1.219312084155296683, 45.00000000000000000 ) ) ;
#2346 = CIRCLE ( 'NONE', #4908, 2.500000000000002220 ) ;
#2347 = DIRECTION ( 'NONE',  ( -0.000000000000000000, -1.000000000000000000, -0.000000000000000000 ) ) ;
#2348 = B_SPLINE_CURVE_WITH_KNOTS ( 'NONE', 3,
 ( #3647, #2740, #4300, #5805, #5054, #8124, #6703, #1237, #7364, #2041, #5097, #4348, #7419, #9325, #86, #6207, #8423, #132, #7565, #788, #885, #4651, #4495, #691 ),
 .UNSPECIFIED., .F., .F.,
 ( 4, 2, 2, 2, 2, 2, 2, 2, 2, 2, 2, 4 ),
 ( 0.000000000000000000, 0.0005999365492177170106, 0.001199873098435434021, 0.001799809647653151032, 0.002399746196870868042, 0.002999682746088585053, 0.003599619295306302064, 0.004199555844524019074, 0.004799492393741736085, 0.005999365492177163167, 0.007199238590612591117, 0.009598984787483446149 ),
 .UNSPECIFIED. ) ;
#2349 = ORIENTED_EDGE ( 'NONE', *, *, #7086, .T. ) ;
#2350 = CARTESIAN_POINT ( 'NONE',  ( -25.67638558210932942, 0.000000000000000000, 79.99999999999998579 ) ) ;
#2351 = VECTOR ( 'NONE', #8126, 1000.000000000000000 ) ;
#2352 = VERTEX_POINT ( 'NONE', #629 ) ;
#2353 = CARTESIAN_POINT ( 'NONE',  ( -25.20000000000002771, -6.519312084155297171, -55.59601004648968114 ) ) ;
#2354 = CARTESIAN_POINT ( 'NONE',  ( -17.00000000000000000, -1.219312084155296683, 46.00000000000000000 ) ) ;
#2355 = CYLINDRICAL_SURFACE ( 'NONE', #3424, 1.500000000000001332 ) ;
#2356 = DIRECTION ( 'NONE',  ( -0.000000000000000000, 1.000000000000000000, -0.000000000000000000 ) ) ;
#2357 = CARTESIAN_POINT ( 'NONE',  ( -8.395184441433917399, 1.780687915844703539, 30.67033270233854125 ) ) ;
#2358 = CARTESIAN_POINT ( 'NONE',  ( 58.50000000000002132, 4.780687915844703539, -58.50000000000000000 ) ) ;
#2359 = VECTOR ( 'NONE', #3222, 1000.000000000000000 ) ;
#2360 = VERTEX_POINT ( 'NONE', #2295 ) ;
#2361 = CARTESIAN_POINT ( 'NONE',  ( -9.500000000000001776, 4.780687915844703539, 17.99999999999998934 ) ) ;
#2362 = VERTEX_POINT ( 'NONE', #6099 ) ;
#2363 = ORIENTED_EDGE ( 'NONE', *, *, #4579, .F. ) ;
#2364 = EDGE_CURVE ( 'NONE', #8870, #5863, #6474, .T. ) ;
#2365 = CARTESIAN_POINT ( 'NONE',  ( 20.00000000000000000, -6.499999999999984013, 79.99999999999998579 ) ) ;
#2366 = EDGE_CURVE ( 'NONE', #5795, #5796, #8219, .T. ) ;
#2367 = DIRECTION ( 'NONE',  ( 0.000000000000000000, 0.000000000000000000, -1.000000000000000000 ) ) ;
#2368 = CYLINDRICAL_SURFACE ( 'NONE', #6760, 10.00000000000000178 ) ;
#2369 = FACE_OUTER_BOUND ( 'NONE', #2160, .T. ) ;
#2370 = FACE_BOUND ( 'NONE', #1377, .T. ) ;
#2371 = ORIENTED_EDGE ( 'NONE', *, *, #5494, .F. ) ;
#2372 = ORIENTED_EDGE ( 'NONE', *, *, #4200, .T. ) ;
#2373 = EDGE_CURVE ( 'NONE', #9189, #7825, #4494, .T. ) ;
#2374 = DIRECTION ( 'NONE',  ( -0.000000000000000000, 0.000000000000000000, 1.000000000000000000 ) ) ;
#2375 = EDGE_CURVE ( 'NONE', #9205, #1350, #8364, .T. ) ;
#2376 = CARTESIAN_POINT ( 'NONE',  ( -25.20000000000002771, -5.519312084155296283, -55.59601004648968114 ) ) ;
#2377 = LINE ( 'NONE', #9308, #2674 ) ;
#2378 = CARTESIAN_POINT ( 'NONE',  ( -6.000000000000000000, -3.719312084155296905, 45.00000000000000000 ) ) ;
#2379 = EDGE_CURVE ( 'NONE', #8169, #967, #9726, .T. ) ;
#2380 = ORIENTED_EDGE ( 'NONE', *, *, #7637, .T. ) ;
#2381 = CARTESIAN_POINT ( 'NONE',  ( 58.49999999999990052, -6.500000000000000000, 72.00000000000000000 ) ) ;
#2382 = VERTEX_POINT ( 'NONE', #5356 ) ;
#2383 = ORIENTED_EDGE ( 'NONE', *, *, #1525, .F. ) ;
#2384 = CARTESIAN_POINT ( 'NONE',  ( 10.25000000000000178, -1.601329222479280134E-13, -87.50000000000224532 ) ) ;
#2385 = ADVANCED_FACE ( 'NONE', ( #4347 ), #7417, .T. ) ;
#2386 = VERTEX_POINT ( 'NONE', #2836 ) ;
#2387 = LINE ( 'NONE', #8465, #3699 ) ;
#2388 = LINE ( 'NONE', #5496, #8090 ) ;
#2389 = CARTESIAN_POINT ( 'NONE',  ( -6.000000000000000000, -3.719312084155296905, 50.60000000000000142 ) ) ;
#2390 = FACE_OUTER_BOUND ( 'NONE', #7792, .T. ) ;
#2391 = VERTEX_POINT ( 'NONE', #5898 ) ;
#2392 = FACE_OUTER_BOUND ( 'NONE', #5913, .T. ) ;
#2393 = VERTEX_POINT ( 'NONE', #8966 ) ;
#2394 = ORIENTED_EDGE ( 'NONE', *, *, #6582, .T. ) ;
#2395 = CARTESIAN_POINT ( 'NONE',  ( -2.905389563131798081, 4.594127770665324739, -37.72786640410896553 ) ) ;
#2396 = DIRECTION ( 'NONE',  ( 0.000000000000000000, 0.000000000000000000, -1.000000000000000000 ) ) ;
#2397 = DIRECTION ( 'NONE',  ( 4.097771990496391869E-16, 0.000000000000000000, 1.000000000000000000 ) ) ;
#2398 = LINE ( 'NONE', #5709, #5958 ) ;
#2399 = DIRECTION ( 'NONE',  ( -0.000000000000000000, 1.000000000000000000, -0.000000000000000000 ) ) ;
#2400 = EDGE_CURVE ( 'NONE', #3783, #266, #2629, .T. ) ;
#2401 = DIRECTION ( 'NONE',  ( -0.000000000000000000, 1.000000000000000000, -0.000000000000000000 ) ) ;
#2402 = ORIENTED_EDGE ( 'NONE', *, *, #5998, .F. ) ;
#2403 = CARTESIAN_POINT ( 'NONE',  ( 40.00000000000000000, 4.780687915844703539, -47.00000000000000711 ) ) ;
#2404 = AXIS2_PLACEMENT_3D ( 'NONE', #2503, #3348, #5558 ) ;
#2405 = VECTOR ( 'NONE', #1968, 1000.000000000000000 ) ;
#2406 = VECTOR ( 'NONE', #1089, 1000.000000000000000 ) ;
#2407 = VERTEX_POINT ( 'NONE', #5400 ) ;
#2408 = ORIENTED_EDGE ( 'NONE', *, *, #455, .F. ) ;
#2409 = CARTESIAN_POINT ( 'NONE',  ( 8.449200506237202646, 0.7500000000000000000, 34.59999999999999432 ) ) ;
#2410 = CARTESIAN_POINT ( 'NONE',  ( -58.49999999999990052, 4.780687915844703539, 72.00000000000000000 ) ) ;
#2411 = DIRECTION ( 'NONE',  ( 0.000000000000000000, 0.000000000000000000, -1.000000000000000000 ) ) ;
#2412 = AXIS2_PLACEMENT_3D ( 'NONE', #3195, #6113, #4509 ) ;
#2413 = DIRECTION ( 'NONE',  ( -1.000000000000000000, 0.000000000000000000, 0.000000000000000000 ) ) ;
#2414 = CARTESIAN_POINT ( 'NONE',  ( 6.672871968404264109, 2.636269326656158096, 31.57259364000230306 ) ) ;
#2415 = VERTEX_POINT ( 'NONE', #3187 ) ;
#2416 = EDGE_CURVE ( 'NONE', #1841, #533, #978, .T. ) ;
#2417 = EDGE_CURVE ( 'NONE', #2720, #4981, #9277, .T. ) ;
#2418 = VECTOR ( 'NONE', #5325, 1000.000000000000000 ) ;
#2419 = ORIENTED_EDGE ( 'NONE', *, *, #5980, .T. ) ;
#2420 = PLANE ( 'NONE',  #1936 ) ;
#2421 = LINE ( 'NONE', #6286, #6416 ) ;
#2422 = DIRECTION ( 'NONE',  ( -1.000000000000000000, 0.000000000000000000, 0.000000000000000000 ) ) ;
#2423 = VECTOR ( 'NONE', #9863, 1000.000000000000000 ) ;
#2424 = DIRECTION ( 'NONE',  ( -1.000000000000000000, 0.000000000000000000, 0.000000000000000000 ) ) ;
#2425 = EDGE_CURVE ( 'NONE', #2832, #7484, #2388, .T. ) ;
#2426 = EDGE_CURVE ( 'NONE', #4570, #3311, #5442, .T. ) ;
#2427 = VERTEX_POINT ( 'NONE', #3846 ) ;
#2428 = EDGE_LOOP ( 'NONE', ( #6699, #3696 ) ) ;
#2429 = ORIENTED_EDGE ( 'NONE', *, *, #2496, .F. ) ;
#2430 = AXIS2_PLACEMENT_3D ( 'NONE', #9924, #3025, #5486 ) ;
#2431 = CIRCLE ( 'NONE', #189, 1.000000000000000888 ) ;
#2432 = CARTESIAN_POINT ( 'NONE',  ( -11.09999999999999609, 10.80000000000000071, 24.99999999999997868 ) ) ;
#2433 = AXIS2_PLACEMENT_3D ( 'NONE', #6837, #9908, #6073 ) ;
#2434 = LINE ( 'NONE', #5542, #3583 ) ;
#2435 = VERTEX_POINT ( 'NONE', #3293 ) ;
#2436 = EDGE_CURVE ( 'NONE', #2980, #4008, #2470, .T. ) ;
#2437 = LINE ( 'NONE', #7960, #9488 ) ;
#2438 = LINE ( 'NONE', #7666, #6152 ) ;
#2439 = CARTESIAN_POINT ( 'NONE',  ( -9.000000000000001776, 3.780687915844703539, 46.00000000000000000 ) ) ;
#2440 = EDGE_CURVE ( 'NONE', #4489, #8287, #3945, .T. ) ;
#2441 = VECTOR ( 'NONE', #6877, 1000.000000000000000 ) ;
#2442 = CIRCLE ( 'NONE', #1161, 10.59999999999999964 ) ;
#2443 = CARTESIAN_POINT ( 'NONE',  ( 58.50000000000002132, 4.780687915844703539, -58.50000000000000000 ) ) ;
#2444 = EDGE_CURVE ( 'NONE', #5716, #9086, #884, .T. ) ;
#2445 = ORIENTED_EDGE ( 'NONE', *, *, #9124, .F. ) ;
#2446 = DIRECTION ( 'NONE',  ( -0.000000000000000000, 1.000000000000000000, -0.000000000000000000 ) ) ;
#2447 = ORIENTED_EDGE ( 'NONE', *, *, #2993, .F. ) ;
#2448 = VECTOR ( 'NONE', #7215, 1000.000000000000000 ) ;
#2449 = ORIENTED_EDGE ( 'NONE', *, *, #8204, .F. ) ;
#2450 = AXIS2_PLACEMENT_3D ( 'NONE', #3740, #4594, #9163 ) ;
#2451 = CARTESIAN_POINT ( 'NONE',  ( -3.000094719888586337, 4.566584071433440251, -38.69240147730295831 ) ) ;
#2452 = CARTESIAN_POINT ( 'NONE',  ( -12.59999999999999609, 8.000000000000000000, 21.19999999999997087 ) ) ;
#2453 = LINE ( 'NONE', #937, #7910 ) ;
#2454 = LINE ( 'NONE', #2311, #6280 ) ;
#2455 = DIRECTION ( 'NONE',  ( -1.000000000000000000, -4.336808689942018722E-16, 0.000000000000000000 ) ) ;
#2456 = CARTESIAN_POINT ( 'NONE',  ( 7.500000000000001776, 1.890660852020999538, -72.00000000000000000 ) ) ;
#2457 = VECTOR ( 'NONE', #1272, 1000.000000000000000 ) ;
#2458 = ORIENTED_EDGE ( 'NONE', *, *, #8813, .T. ) ;
#2459 = LINE ( 'NONE', #3922, #5505 ) ;
#2460 = VECTOR ( 'NONE', #1170, 1000.000000000000000 ) ;
#2461 = ORIENTED_EDGE ( 'NONE', *, *, #8582, .T. ) ;
#2462 = ORIENTED_EDGE ( 'NONE', *, *, #2417, .F. ) ;
#2463 =( BOUNDED_CURVE ( )  B_SPLINE_CURVE ( 3, ( #1771, #4831, #7898, #4084 ),
 .UNSPECIFIED., .F., .F. ) 
 B_SPLINE_CURVE_WITH_KNOTS ( ( 4, 4 ),
 ( 4.049515156735136401, 5.192117618060150264 ),
 .UNSPECIFIED. ) 
 CURVE ( )  GEOMETRIC_REPRESENTATION_ITEM ( )  RATIONAL_B_SPLINE_CURVE ( ( 1.000000000000000000, 0.8941320512255706010, 0.8941320512255706010, 1.000000000000000000 ) ) 
 REPRESENTATION_ITEM ( '' )  );
#2464 = CARTESIAN_POINT ( 'NONE',  ( -6.722470170765921793, 2.595922299027324520, 33.50495004362468876 ) ) ;
#2465 = ORIENTED_EDGE ( 'NONE', *, *, #2788, .F. ) ;
#2466 = CARTESIAN_POINT ( 'NONE',  ( -9.500000000000001776, -0.2193120841552965994, 45.00000000000000000 ) ) ;
#2467 = VECTOR ( 'NONE', #745, 1000.000000000000000 ) ;
#2468 = DIRECTION ( 'NONE',  ( -0.000000000000000000, -1.000000000000000000, -0.000000000000000000 ) ) ;
#2469 = CARTESIAN_POINT ( 'NONE',  ( 6.000000000000000000, 4.780687915844703539, 39.99999999999999289 ) ) ;
#2470 = CIRCLE ( 'NONE', #7436, 13.49999999999999822 ) ;
#2471 = EDGE_LOOP ( 'NONE', ( #746, #7463, #4409, #7250 ) ) ;
#2472 = VECTOR ( 'NONE', #280, 1000.000000000000000 ) ;
#2473 = VERTEX_POINT ( 'NONE', #8466 ) ;
#2474 = CARTESIAN_POINT ( 'NONE',  ( 13.39999999999999858, 9.600000000000001421, 42.14999999999997016 ) ) ;
#2475 = CARTESIAN_POINT ( 'NONE',  ( 0.000000000000000000, 1.780687915844703539, 0.000000000000000000 ) ) ;
#2476 = CYLINDRICAL_SURFACE ( 'NONE', #6751, 17.00000000000000000 ) ;
#2477 = EDGE_CURVE ( 'NONE', #1821, #7428, #1986, .T. ) ;
#2478 = FACE_OUTER_BOUND ( 'NONE', #5307, .T. ) ;
#2479 = DIRECTION ( 'NONE',  ( -0.000000000000000000, 1.000000000000000000, -0.000000000000000000 ) ) ;
#2480 = ORIENTED_EDGE ( 'NONE', *, *, #6530, .F. ) ;
#2481 = LINE ( 'NONE', #778, #4035 ) ;
#2482 = VERTEX_POINT ( 'NONE', #7008 ) ;
#2483 = VERTEX_POINT ( 'NONE', #2344 ) ;
#2484 = DIRECTION ( 'NONE',  ( -1.000000000000000000, -2.392722035830078479E-16, -0.000000000000000000 ) ) ;
#2485 = CARTESIAN_POINT ( 'NONE',  ( 0.000000000000000000, 3.780687915844703539, 0.000000000000000000 ) ) ;
#2486 = ORIENTED_EDGE ( 'NONE', *, *, #5135, .T. ) ;
#2487 = EDGE_CURVE ( 'NONE', #9300, #5412, #6247, .T. ) ;
#2488 = EDGE_CURVE ( 'NONE', #1963, #8483, #2438, .T. ) ;
#2489 = LINE ( 'NONE', #5545, #3553 ) ;
#2490 = DIRECTION ( 'NONE',  ( 0.000000000000000000, 0.000000000000000000, 1.000000000000000000 ) ) ;
#2491 = CARTESIAN_POINT ( 'NONE',  ( -2.145068389081296711, 4.780687915844701763, 13.59730341299587231 ) ) ;
#2492 = LINE ( 'NONE', #8717, #206 ) ;
#2493 = VERTEX_POINT ( 'NONE', #3240 ) ;
#2494 = LINE ( 'NONE', #5793, #1840 ) ;
#2495 = ORIENTED_EDGE ( 'NONE', *, *, #3961, .F. ) ;
#2496 = EDGE_CURVE ( 'NONE', #4441, #2524, #1635, .T. ) ;
#2497 = VERTEX_POINT ( 'NONE', #4043 ) ;
#2498 = CARTESIAN_POINT ( 'NONE',  ( -7.500000000000001776, -0.2193120841552965994, 46.00000000000000000 ) ) ;
#2499 = EDGE_CURVE ( 'NONE', #7799, #9416, #6304, .T. ) ;
#2500 = DIRECTION ( 'NONE',  ( 0.000000000000000000, -0.000000000000000000, -1.000000000000000000 ) ) ;
#2501 = DIRECTION ( 'NONE',  ( -0.000000000000000000, -0.000000000000000000, 1.000000000000000000 ) ) ;
#2502 = CARTESIAN_POINT ( 'NONE',  ( -9.500000000000001776, -0.2193120841552965994, 45.00000000000000000 ) ) ;
#2503 = CARTESIAN_POINT ( 'NONE',  ( -9.500000000000001776, -0.2193120841552965994, 45.00000000000000000 ) ) ;
#2504 = FACE_OUTER_BOUND ( 'NONE', #4327, .T. ) ;
#2505 = ORIENTED_EDGE ( 'NONE', *, *, #2488, .T. ) ;
#2506 = DIRECTION ( 'NONE',  ( -0.000000000000000000, 1.000000000000000000, -0.000000000000000000 ) ) ;
#2507 = ADVANCED_FACE ( 'NONE', ( #4606 ), #1730, .T. ) ;
#2508 = ORIENTED_EDGE ( 'NONE', *, *, #356, .T. ) ;
#2509 = ORIENTED_EDGE ( 'NONE', *, *, #1371, .T. ) ;
#2510 = CARTESIAN_POINT ( 'NONE',  ( 6.999999999999999112, -3.719312084155296905, 46.00000000000000000 ) ) ;
#2511 = ORIENTED_EDGE ( 'NONE', *, *, #9912, .T. ) ;
#2512 = DIRECTION ( 'NONE',  ( 0.000000000000000000, -1.000000000000000000, 0.000000000000000000 ) ) ;
#2513 = FACE_OUTER_BOUND ( 'NONE', #4395, .T. ) ;
#2514 = DIRECTION ( 'NONE',  ( -1.000000000000000000, -0.000000000000000000, -3.652049423109081632E-16 ) ) ;
#2515 = ORIENTED_EDGE ( 'NONE', *, *, #6488, .T. ) ;
#2516 = LINE ( 'NONE', #3570, #6787 ) ;
#2517 = ORIENTED_EDGE ( 'NONE', *, *, #52, .F. ) ;
#2518 = DIRECTION ( 'NONE',  ( 1.365923996832130623E-16, 0.000000000000000000, -1.000000000000000000 ) ) ;
#2519 = PLANE ( 'NONE',  #8493 ) ;
#2520 = DIRECTION ( 'NONE',  ( -0.05233595624294378607, -0.9986295347545739443, -0.000000000000000000 ) ) ;
#2521 = DIRECTION ( 'NONE',  ( -0.000000000000000000, -1.000000000000000000, -0.000000000000000000 ) ) ;
#2522 = DIRECTION ( 'NONE',  ( 0.000000000000000000, 0.000000000000000000, 1.000000000000000000 ) ) ;
#2523 = EDGE_CURVE ( 'NONE', #3413, #2185, #5546, .T. ) ;
#2524 = VERTEX_POINT ( 'NONE', #1586 ) ;
#2525 = APPROVAL_DATE_TIME ( #8056, #7237 ) ;
#2526 = ORIENTED_EDGE ( 'NONE', *, *, #9510, .F. ) ;
#2527 = VERTEX_POINT ( 'NONE', #3089 ) ;
#2528 = LINE ( 'NONE', #8609, #7432 ) ;
#2529 = ORIENTED_EDGE ( 'NONE', *, *, #5176, .F. ) ;
#2530 = CARTESIAN_POINT ( 'NONE',  ( -25.20000000000002771, 4.780687915844703539, -59.05398995351029612 ) ) ;
#2531 = CARTESIAN_POINT ( 'NONE',  ( -16.50000000000007816, 1.780687915844703539, 34.32966729766141611 ) ) ;
#2532 = CARTESIAN_POINT ( 'NONE',  ( 27.74999999999999645, -2.000000000000024869, -87.50000000000224532 ) ) ;
#2533 = CARTESIAN_POINT ( 'NONE',  ( 8.411764224688420555, 1.464326805312577751, 34.50787979240592307 ) ) ;
#2534 = ORIENTED_EDGE ( 'NONE', *, *, #3906, .F. ) ;
#2535 = PLANE ( 'NONE',  #9221 ) ;
#2536 = ADVANCED_FACE ( 'NONE', ( #7851 ), #7709, .T. ) ;
#2537 = EDGE_CURVE ( 'NONE', #5637, #4102, #6158, .T. ) ;
#2538 = ORIENTED_EDGE ( 'NONE', *, *, #6531, .F. ) ;
#2539 = ORIENTED_EDGE ( 'NONE', *, *, #3404, .F. ) ;
#2540 = FACE_OUTER_BOUND ( 'NONE', #9165, .T. ) ;
#2541 = CARTESIAN_POINT ( 'NONE',  ( 25.20000000000002771, -5.119312084155316356, -55.59601004648968114 ) ) ;
#2542 = LINE ( 'NONE', #8775, #9685 ) ;
#2543 = CARTESIAN_POINT ( 'NONE',  ( -19.79999999999996874, -5.119312084155315468, -57.09601004648968114 ) ) ;
#2544 = LINE ( 'NONE', #8530, #4324 ) ;
#2545 = DIRECTION ( 'NONE',  ( 0.000000000000000000, 1.000000000000000000, -0.000000000000000000 ) ) ;
#2546 = ADVANCED_FACE ( 'NONE', ( #5588 ), #8808, .T. ) ;
#2547 = ORIENTED_EDGE ( 'NONE', *, *, #1619, .T. ) ;
#2548 = LINE ( 'NONE', #7981, #3749 ) ;
#2549 = EDGE_CURVE ( 'NONE', #3309, #8028, #1752, .T. ) ;
#2550 = ORIENTED_EDGE ( 'NONE', *, *, #3474, .T. ) ;
#2551 = EDGE_LOOP ( 'NONE', ( #6633, #7345, #5257, #4586 ) ) ;
#2552 = DIRECTION ( 'NONE',  ( 0.000000000000000000, -0.000000000000000000, -1.000000000000000000 ) ) ;
#2553 = ORIENTED_EDGE ( 'NONE', *, *, #2436, .F. ) ;
#2554 = CARTESIAN_POINT ( 'NONE',  ( -4.200000000000000178, 4.780687915844703539, 56.10000000000000853 ) ) ;
#2555 = DIRECTION ( 'NONE',  ( -0.000000000000000000, 1.000000000000000000, -0.000000000000000000 ) ) ;
#2556 = LINE ( 'NONE', #255, #1474 ) ;
#2557 = EDGE_CURVE ( 'NONE', #2589, #1483, #7961, .T. ) ;
#2558 = ORIENTED_EDGE ( 'NONE', *, *, #4454, .T. ) ;
#2559 = DIRECTION ( 'NONE',  ( 0.000000000000000000, -1.000000000000000000, 0.000000000000000000 ) ) ;
#2560 = EDGE_CURVE ( 'NONE', #9201, #9754, #9522, .T. ) ;
#2561 = ORIENTED_EDGE ( 'NONE', *, *, #2665, .F. ) ;
#2562 = AXIS2_PLACEMENT_3D ( 'NONE', #6366, #2455, #9288 ) ;
#2563 = VECTOR ( 'NONE', #2163, 1000.000000000000000 ) ;
#2564 = LINE ( 'NONE', #306, #2598 ) ;
#2565 = CARTESIAN_POINT ( 'NONE',  ( 9.999999999999911182, 4.780687915844703539, 72.00000000000000000 ) ) ;
#2566 = DIRECTION ( 'NONE',  ( 0.000000000000000000, 0.000000000000000000, -1.000000000000000000 ) ) ;
#2567 = AXIS2_PLACEMENT_3D ( 'NONE', #5427, #4780, #6081 ) ;
#2568 = CARTESIAN_POINT ( 'NONE',  ( -23.00000000000000000, -1.219312084155296683, 63.50000000000000000 ) ) ;
#2569 = PLANE ( 'NONE',  #3420 ) ;
#2570 = VECTOR ( 'NONE', #1214, 1000.000000000000000 ) ;
#2571 = AXIS2_PLACEMENT_3D ( 'NONE', #4920, #5673, #3315 ) ;
#2572 = ORIENTED_EDGE ( 'NONE', *, *, #7785, .F. ) ;
#2573 = COORDINATED_UNIVERSAL_TIME_OFFSET ( 8, 0, .AHEAD. ) ;
#2574 = ORIENTED_EDGE ( 'NONE', *, *, #9301, .F. ) ;
#2575 = ORIENTED_EDGE ( 'NONE', *, *, #230, .T. ) ;
#2576 = CARTESIAN_POINT ( 'NONE',  ( 7.500000000000003553, 1.890660852020999538, 30.73679473098939852 ) ) ;
#2577 = ORIENTED_EDGE ( 'NONE', *, *, #2444, .F. ) ;
#2578 = AXIS2_PLACEMENT_3D ( 'NONE', #4858, #5657, #8774 ) ;
#2579 = AXIS2_PLACEMENT_3D ( 'NONE', #6047, #9121, #2141 ) ;
#2580 = DIRECTION ( 'NONE',  ( 0.000000000000000000, 0.000000000000000000, -1.000000000000000000 ) ) ;
#2581 = DIRECTION ( 'NONE',  ( 1.000000000000000000, -0.000000000000000000, 2.275047181608928137E-16 ) ) ;
#2582 = LINE ( 'NONE', #5645, #5166 ) ;
#2583 = DIRECTION ( 'NONE',  ( -0.000000000000000000, 1.000000000000000000, -0.000000000000000000 ) ) ;
#2584 = LOCAL_TIME ( 11, 36, 54.00000000000000000, #9513 ) ;
#2585 = EDGE_LOOP ( 'NONE', ( #9576, #371 ) ) ;
#2586 = CARTESIAN_POINT ( 'NONE',  ( 13.00000000000000178, 4.780687915844703539, 50.60000000000000142 ) ) ;
#2587 = VECTOR ( 'NONE', #7790, 1000.000000000000000 ) ;
#2588 = AXIS2_PLACEMENT_3D ( 'NONE', #5962, #5908, #1505 ) ;
#2589 = VERTEX_POINT ( 'NONE', #1182 ) ;
#2590 = VERTEX_POINT ( 'NONE', #7913 ) ;
#2591 = CARTESIAN_POINT ( 'NONE',  ( 20.49999999999992539, 4.780687915844703539, 40.99999999999999289 ) ) ;
#2592 = DIRECTION ( 'NONE',  ( 3.965082230804130713E-16, -0.000000000000000000, -1.000000000000000000 ) ) ;
#2593 = CIRCLE ( 'NONE', #2305, 2.500000000000002220 ) ;
#2594 = FACE_BOUND ( 'NONE', #581, .T. ) ;
#2595 = ADVANCED_FACE ( 'NONE', ( #321, #4943 ), #5644, .F. ) ;
#2596 = VECTOR ( 'NONE', #4923, 1000.000000000000000 ) ;
#2597 = LINE ( 'NONE', #7976, #9813 ) ;
#2598 = VECTOR ( 'NONE', #8644, 1000.000000000000000 ) ;
#2599 = EDGE_CURVE ( 'NONE', #4296, #1366, #6595, .T. ) ;
#2600 = CYLINDRICAL_SURFACE ( 'NONE', #5544, 16.99999999999999645 ) ;
#2601 = PLANE ( 'NONE',  #4379 ) ;
#2602 = LINE ( 'NONE', #4111, #6765 ) ;
#2603 = ORIENTED_EDGE ( 'NONE', *, *, #1255, .F. ) ;
#2604 = CARTESIAN_POINT ( 'NONE',  ( 11.09999999999999787, 9.600000000000001421, 54.84999999999998010 ) ) ;
#2605 = ORIENTED_EDGE ( 'NONE', *, *, #5723, .F. ) ;
#2606 = AXIS2_PLACEMENT_3D ( 'NONE', #3257, #3864, #3818 ) ;
#2607 = VECTOR ( 'NONE', #9714, 1000.000000000000000 ) ;
#2608 = ORIENTED_EDGE ( 'NONE', *, *, #7505, .T. ) ;
#2609 = DIRECTION ( 'NONE',  ( 0.000000000000000000, -1.000000000000000000, 0.000000000000000000 ) ) ;
#2610 = ORIENTED_EDGE ( 'NONE', *, *, #8582, .F. ) ;
#2611 = CYLINDRICAL_SURFACE ( 'NONE', #2571, 1.000000000000000888 ) ;
#2612 = CARTESIAN_POINT ( 'NONE',  ( 7.499999999999996447, 1.780687915844703539, 30.67033270233855546 ) ) ;
#2613 = CARTESIAN_POINT ( 'NONE',  ( -25.67638558210932942, -3.000000000000000000, 79.99999999999998579 ) ) ;
#2614 = EDGE_CURVE ( 'NONE', #557, #8252, #1837, .T. ) ;
#2615 = VECTOR ( 'NONE', #5152, 1000.000000000000000 ) ;
#2616 = CIRCLE ( 'NONE', #5497, 1.500000000000001332 ) ;
#2617 = ORIENTED_EDGE ( 'NONE', *, *, #8936, .F. ) ;
#2618 = PLANE ( 'NONE',  #7267 ) ;
#2619 = EDGE_CURVE ( 'NONE', #9240, #2352, #8762, .T. ) ;
#2620 = VERTEX_POINT ( 'NONE', #7352 ) ;
#2621 = AXIS2_PLACEMENT_3D ( 'NONE', #775, #7698, #7137 ) ;
#2622 = AXIS2_PLACEMENT_3D ( 'NONE', #7150, #8111, #8804 ) ;
#2623 = DIRECTION ( 'NONE',  ( -0.000000000000000000, 1.000000000000000000, -0.000000000000000000 ) ) ;
#2624 = LINE ( 'NONE', #4827, #7052 ) ;
#2625 = EDGE_CURVE ( 'NONE', #1512, #9897, #6449, .T. ) ;
#2626 = CARTESIAN_POINT ( 'NONE',  ( -58.49999999999988631, 4.780687915844703539, -72.00000000000000000 ) ) ;
#2627 = EDGE_CURVE ( 'NONE', #5093, #4819, #7309, .T. ) ;
#2628 = CARTESIAN_POINT ( 'NONE',  ( 23.20000000000002771, 4.780687915844703539, -59.05398995351029612 ) ) ;
#2629 = CIRCLE ( 'NONE', #9526, 2.500000000000002220 ) ;
#2630 = DIRECTION ( 'NONE',  ( 0.000000000000000000, -1.000000000000000000, 0.000000000000000000 ) ) ;
#2631 = ADVANCED_FACE ( 'NONE', ( #3533 ), #2641, .F. ) ;
#2632 = VECTOR ( 'NONE', #55, 1000.000000000000000 ) ;
#2633 = ORIENTED_EDGE ( 'NONE', *, *, #1220, .F. ) ;
#2634 = EDGE_LOOP ( 'NONE', ( #83, #4518, #4623, #4873, #3093, #6203, #1515 ) ) ;
#2635 = ADVANCED_FACE ( 'NONE', ( #5698 ), #1886, .F. ) ;
#2636 = ORIENTED_EDGE ( 'NONE', *, *, #5246, .F. ) ;
#2637 = LINE ( 'NONE', #5735, #3908 ) ;
#2638 = EDGE_LOOP ( 'NONE', ( #6636, #2137, #9516, #4216 ) ) ;
#2639 = CC_DESIGN_PERSON_AND_ORGANIZATION_ASSIGNMENT ( #3483, #6540, ( #1302 ) ) ;
#2640 = CARTESIAN_POINT ( 'NONE',  ( -11.09999999999999609, 10.80000000000000071, 25.99999999999997868 ) ) ;
#2641 = PLANE ( 'NONE',  #3272 ) ;
#2642 = PLANE ( 'NONE',  #6288 ) ;
#2643 = CARTESIAN_POINT ( 'NONE',  ( -23.00000000000000000, -1.219312084155296683, 58.50000000000000000 ) ) ;
#2644 = VERTEX_POINT ( 'NONE', #428 ) ;
#2645 = DIRECTION ( 'NONE',  ( 0.000000000000000000, -0.000000000000000000, -1.000000000000000000 ) ) ;
#2646 = ORIENTED_EDGE ( 'NONE', *, *, #577, .F. ) ;
#2647 = VERTEX_POINT ( 'NONE', #2724 ) ;
#2648 = CARTESIAN_POINT ( 'NONE',  ( -16.50000000000007816, -0.2193120841552965994, 30.63708988850492432 ) ) ;
#2649 = DIRECTION ( 'NONE',  ( 0.000000000000000000, 0.000000000000000000, -1.000000000000000000 ) ) ;
#2650 = LINE ( 'NONE', #9474, #9213 ) ;
#2651 = FACE_OUTER_BOUND ( 'NONE', #6887, .T. ) ;
#2652 = CARTESIAN_POINT ( 'NONE',  ( -59.99999999999987921, 0.000000000000000000, -74.99999999999997158 ) ) ;
#2653 = DIRECTION ( 'NONE',  ( -1.000000000000000000, 0.000000000000000000, -2.775557561562891844E-16 ) ) ;
#2654 = PLANE ( 'NONE',  #6622 ) ;
#2655 = ORIENTED_EDGE ( 'NONE', *, *, #9919, .F. ) ;
#2656 = CARTESIAN_POINT ( 'NONE',  ( 60.00000000000000000, -6.500000000000000000, -59.99999999999997158 ) ) ;
#2657 = ORIENTED_EDGE ( 'NONE', *, *, #7100, .T. ) ;
#2658 = CARTESIAN_POINT ( 'NONE',  ( 0.000000000000000000, -0.2193120841552965994, 0.000000000000000000 ) ) ;
#2659 = ORIENTED_EDGE ( 'NONE', *, *, #443, .F. ) ;
#2660 = DIRECTION ( 'NONE',  ( 1.000000000000000000, 0.000000000000000000, 0.000000000000000000 ) ) ;
#2661 = CARTESIAN_POINT ( 'NONE',  ( -25.67638558210932942, 0.000000000000000000, 75.00000000000002842 ) ) ;
#2662 = DIRECTION ( 'NONE',  ( -1.000000000000000000, -0.000000000000000000, -0.000000000000000000 ) ) ;
#2663 = ORIENTED_EDGE ( 'NONE', *, *, #4270, .F. ) ;
#2664 = CARTESIAN_POINT ( 'NONE',  ( 6.000000000000000000, -3.719312084155296905, 45.00000000000000000 ) ) ;
#2665 = EDGE_CURVE ( 'NONE', #9055, #3903, #4246, .T. ) ;
#2666 = EDGE_CURVE ( 'NONE', #7743, #7757, #7259, .T. ) ;
#2667 = VERTEX_POINT ( 'NONE', #3445 ) ;
#2668 = CARTESIAN_POINT ( 'NONE',  ( -7.099999999999999645, 7.000000000000000000, 51.90000000000000568 ) ) ;
#2669 = DIRECTION ( 'NONE',  ( -1.000000000000000000, 0.000000000000000000, -0.000000000000000000 ) ) ;
#2670 = DIRECTION ( 'NONE',  ( -1.000000000000000000, 0.000000000000000000, 0.000000000000000000 ) ) ;
#2671 = DIRECTION ( 'NONE',  ( 0.000000000000000000, -1.000000000000000000, 0.000000000000000000 ) ) ;
#2672 = CARTESIAN_POINT ( 'NONE',  ( 26.00000000000000355, 4.780687915844703539, 55.00000000000000000 ) ) ;
#2673 = EDGE_CURVE ( 'NONE', #8505, #3250, #4073, .T. ) ;
#2674 = VECTOR ( 'NONE', #8552, 1000.000000000000000 ) ;
#2675 = ORIENTED_EDGE ( 'NONE', *, *, #7875, .F. ) ;
#2676 = CARTESIAN_POINT ( 'NONE',  ( 0.000000000000000000, 0.000000000000000000, 0.000000000000000000 ) ) ;
#2677 = EDGE_CURVE ( 'NONE', #6600, #5288, #2868, .T. ) ;
#2678 = ORIENTED_EDGE ( 'NONE', *, *, #5431, .T. ) ;
#2679 = DIRECTION ( 'NONE',  ( -0.000000000000000000, 1.000000000000000000, -0.000000000000000000 ) ) ;
#2680 = DIRECTION ( 'NONE',  ( 0.000000000000000000, 1.000000000000000000, 0.000000000000000000 ) ) ;
#2681 = VERTEX_POINT ( 'NONE', #570 ) ;
#2682 = CARTESIAN_POINT ( 'NONE',  ( -17.50000000000000000, 4.780687915844703539, 72.00000000000000000 ) ) ;
#2683 = CARTESIAN_POINT ( 'NONE',  ( 9.999999999999955591, 3.780687915844703539, 46.00000000000001421 ) ) ;
#2684 = CARTESIAN_POINT ( 'NONE',  ( 12.00000000000000000, 4.780687915844703539, 46.00000000000000000 ) ) ;
#2685 = EDGE_CURVE ( 'NONE', #4751, #6108, #3594, .T. ) ;
#2686 = LINE ( 'NONE', #2643, #6457 ) ;
#2687 = EDGE_LOOP ( 'NONE', ( #5334, #9373, #6819, #6001 ) ) ;
#2688 = CARTESIAN_POINT ( 'NONE',  ( 8.500000000000000000, -0.2193120841552965994, -72.00000000000000000 ) ) ;
#2689 = EDGE_CURVE ( 'NONE', #4306, #8301, #5887, .T. ) ;
#2690 = ORIENTED_EDGE ( 'NONE', *, *, #7154, .T. ) ;
#2691 = ORIENTED_EDGE ( 'NONE', *, *, #7474, .F. ) ;
#2692 = CARTESIAN_POINT ( 'NONE',  ( -25.99999999999999645, -1.219312084155296683, 59.50000000000000711 ) ) ;
#2693 = PLANE ( 'NONE',  #820 ) ;
#2694 = CARTESIAN_POINT ( 'NONE',  ( -31.49999999999999289, 4.780687915844703539, 51.00000000000006395 ) ) ;
#2695 = CARTESIAN_POINT ( 'NONE',  ( -7.099999999999999645, 7.000000000000000000, 51.90000000000000568 ) ) ;
#2696 = CARTESIAN_POINT ( 'NONE',  ( 24.00000000000000355, -6.500000000000000000, -88.00000000000221689 ) ) ;
#2697 = DIRECTION ( 'NONE',  ( 0.000000000000000000, 0.000000000000000000, -1.000000000000000000 ) ) ;
#2698 = ORIENTED_EDGE ( 'NONE', *, *, #7223, .T. ) ;
#2699 = CARTESIAN_POINT ( 'NONE',  ( 23.20000000000002771, -3.219312084155296461, -59.05398995351029612 ) ) ;
#2700 = ORIENTED_EDGE ( 'NONE', *, *, #8192, .T. ) ;
#2701 = CARTESIAN_POINT ( 'NONE',  ( -6.881724994566799758, 2.463549772657216419, 31.27398437655242702 ) ) ;
#2702 = VERTEX_POINT ( 'NONE', #1476 ) ;
#2703 = LINE ( 'NONE', #1755, #5927 ) ;
#2704 = EDGE_CURVE ( 'NONE', #9282, #9593, #5130, .T. ) ;
#2705 = CARTESIAN_POINT ( 'NONE',  ( 9.499999999999921840, 3.780687915844703539, 50.99999999999999289 ) ) ;
#2706 = CARTESIAN_POINT ( 'NONE',  ( 9.999999999999930722, 3.780687915844703539, 72.00000000000000000 ) ) ;
#2707 = ORIENTED_EDGE ( 'NONE', *, *, #3659, .F. ) ;
#2708 = CARTESIAN_POINT ( 'NONE',  ( -23.00000000000000000, -1.219312084155296683, 61.00000000000000000 ) ) ;
#2709 = ORIENTED_EDGE ( 'NONE', *, *, #7086, .F. ) ;
#2710 = DIRECTION ( 'NONE',  ( 1.156482317317874190E-16, 0.000000000000000000, 1.000000000000000000 ) ) ;
#2711 = DIRECTION ( 'NONE',  ( 0.000000000000000000, 1.000000000000000000, 0.000000000000000000 ) ) ;
#2712 = FACE_BOUND ( 'NONE', #8336, .T. ) ;
#2713 = DIRECTION ( 'NONE',  ( 0.000000000000000000, 0.000000000000000000, -1.000000000000000000 ) ) ;
#2714 = EDGE_CURVE ( 'NONE', #4428, #299, #3591, .T. ) ;
#2715 = CARTESIAN_POINT ( 'NONE',  ( 24.00000000000000355, -6.500000000000000000, -145.1422975141768177 ) ) ;
#2716 = EDGE_CURVE ( 'NONE', #7335, #9768, #226, .T. ) ;
#2717 = EDGE_LOOP ( 'NONE', ( #8909, #6240, #9527, #7184 ) ) ;
#2718 = AXIS2_PLACEMENT_3D ( 'NONE', #8645, #3322, #4975 ) ;
#2719 = CIRCLE ( 'NONE', #7691, 3.099999999999995204 ) ;
#2720 = VERTEX_POINT ( 'NONE', #520 ) ;
#2721 = CYLINDRICAL_SURFACE ( 'NONE', #281, 2.100000000000004530 ) ;
#2722 = CARTESIAN_POINT ( 'NONE',  ( 75.00000000000000000, 0.000000000000000000, 59.99999999999992184 ) ) ;
#2723 = ORIENTED_EDGE ( 'NONE', *, *, #2921, .F. ) ;
#2724 = CARTESIAN_POINT ( 'NONE',  ( 9.500000000000028422, 4.780687915844703539, -47.00000000000000000 ) ) ;
#2725 = CARTESIAN_POINT ( 'NONE',  ( 2.492214399021098479E-15, 4.780687915844703539, 9.999999999999991118 ) ) ;
#2726 = ADVANCED_FACE ( 'NONE', ( #3739 ), #7548, .T. ) ;
#2727 = DIRECTION ( 'NONE',  ( 0.01744355970870637221, -0.9998478495374628627, -0.000000000000000000 ) ) ;
#2728 = ORIENTED_EDGE ( 'NONE', *, *, #5416, .F. ) ;
#2729 = CARTESIAN_POINT ( 'NONE',  ( -58.49999999999990052, 3.850000000000013411, 72.00000000000000000 ) ) ;
#2730 = VERTEX_POINT ( 'NONE', #9759 ) ;
#2731 = EDGE_LOOP ( 'NONE', ( #463, #346, #5339, #3819, #2916, #544, #6811, #6443, #971, #2001 ) ) ;
#2732 = AXIS2_PLACEMENT_3D ( 'NONE', #6181, #4770, #947 ) ;
#2733 = AXIS2_PLACEMENT_3D ( 'NONE', #8821, #9681, #9725 ) ;
#2734 = EDGE_CURVE ( 'NONE', #9677, #2076, #3678, .T. ) ;
#2735 = VERTEX_POINT ( 'NONE', #728 ) ;
#2736 = DIRECTION ( 'NONE',  ( -0.000000000000000000, 1.000000000000000000, -0.000000000000000000 ) ) ;
#2737 = DIRECTION ( 'NONE',  ( -0.000000000000000000, -0.000000000000000000, 1.000000000000000000 ) ) ;
#2738 = EDGE_CURVE ( 'NONE', #8635, #6311, #2318, .T. ) ;
#2739 = LINE ( 'NONE', #1997, #7284 ) ;
#2740 = CARTESIAN_POINT ( 'NONE',  ( -7.389181280764465676, 1.999999999999999556, -74.79667354522838707 ) ) ;
#2741 = EDGE_CURVE ( 'NONE', #3628, #195, #9713, .T. ) ;
#2742 = CARTESIAN_POINT ( 'NONE',  ( 20.49999999999992539, 3.780687915844703539, 40.99999999999999289 ) ) ;
#2743 = VECTOR ( 'NONE', #8445, 1000.000000000000000 ) ;
#2744 = VECTOR ( 'NONE', #5379, 1000.000000000000000 ) ;
#2745 = DIRECTION ( 'NONE',  ( 0.000000000000000000, 1.000000000000000000, -0.000000000000000000 ) ) ;
#2746 = ORIENTED_EDGE ( 'NONE', *, *, #1793, .T. ) ;
#2747 = LINE ( 'NONE', #2699, #2312 ) ;
#2748 = EDGE_LOOP ( 'NONE', ( #3462, #5113, #612, #3509 ) ) ;
#2749 = CIRCLE ( 'NONE', #32, 15.00000000000001066 ) ;
#2750 = VECTOR ( 'NONE', #9549, 1000.000000000000000 ) ;
#2751 = DIRECTION ( 'NONE',  ( -1.000000000000000000, 0.000000000000000000, 0.000000000000000000 ) ) ;
#2752 = AXIS2_PLACEMENT_3D ( 'NONE', #8328, #9139, #751 ) ;
#2753 = ORIENTED_EDGE ( 'NONE', *, *, #8098, .T. ) ;
#2754 = CARTESIAN_POINT ( 'NONE',  ( -25.20000000000002771, -6.519312084155297171, -57.09601004648968114 ) ) ;
#2755 = LINE ( 'NONE', #8095, #8682 ) ;
#2756 = CARTESIAN_POINT ( 'NONE',  ( 26.99999999999999645, -1.219312084155296683, 64.00000000000000000 ) ) ;
#2757 = ORIENTED_EDGE ( 'NONE', *, *, #5992, .F. ) ;
#2758 = CARTESIAN_POINT ( 'NONE',  ( -9.500000000000001776, 4.780687915844703539, 45.00000000000000000 ) ) ;
#2759 = VECTOR ( 'NONE', #3754, 1000.000000000000000 ) ;
#2760 = EDGE_LOOP ( 'NONE', ( #8199, #9939, #765, #4855, #1369, #9891, #2574, #4117, #6665, #6090, #2201, #1806, #3851 ) ) ;
#2761 = CARTESIAN_POINT ( 'NONE',  ( -7.500000000000001776, -13.09066085202100105, 45.00000000000000000 ) ) ;
#2762 = DIRECTION ( 'NONE',  ( 0.000000000000000000, -1.000000000000000000, 0.000000000000000000 ) ) ;
#2763 = AXIS2_PLACEMENT_3D ( 'NONE', #8779, #2745, #5807 ) ;
#2764 = CARTESIAN_POINT ( 'NONE',  ( 57.00000000000000711, 4.780687915844703539, 2.999999999999996447 ) ) ;
#2765 = VECTOR ( 'NONE', #2479, 1000.000000000000000 ) ;
#2766 = DIRECTION ( 'NONE',  ( -0.9986295347545739443, 0.05233595624294377913, 0.000000000000000000 ) ) ;
#2767 = PLANE ( 'NONE',  #7269 ) ;
#2768 = VECTOR ( 'NONE', #359, 1000.000000000000000 ) ;
#2769 = EDGE_LOOP ( 'NONE', ( #8665, #423, #5019, #7251, #856, #9827 ) ) ;
#2770 = AXIS2_PLACEMENT_3D ( 'NONE', #6885, #8446, #2272 ) ;
#2771 = EDGE_LOOP ( 'NONE', ( #1495, #921, #6778, #9239 ) ) ;
#2772 = EDGE_CURVE ( 'NONE', #901, #721, #6741, .T. ) ;
#2773 = CARTESIAN_POINT ( 'NONE',  ( 6.978652850400698604, 2.379884463117507121, -73.52887708887676865 ) ) ;
#2774 = EDGE_CURVE ( 'NONE', #5758, #1632, #2346, .T. ) ;
#2775 = CARTESIAN_POINT ( 'NONE',  ( -25.20000000000002771, -6.519312084155297171, -59.05398995351029612 ) ) ;
#2776 = VERTEX_POINT ( 'NONE', #2125 ) ;
#2777 = VECTOR ( 'NONE', #177, 1000.000000000000000 ) ;
#2778 = VECTOR ( 'NONE', #4003, 1000.000000000000000 ) ;
#2779 = LINE ( 'NONE', #8911, #7805 ) ;
#2780 = CARTESIAN_POINT ( 'NONE',  ( -2.145068389081270954, 4.780687915844703539, 9.402696587004086837 ) ) ;
#2781 = FACE_OUTER_BOUND ( 'NONE', #3497, .T. ) ;
#2782 = VECTOR ( 'NONE', #7155, 1000.000000000000000 ) ;
#2783 = EDGE_LOOP ( 'NONE', ( #390, #1233, #2558, #8962 ) ) ;
#2784 = DIRECTION ( 'NONE',  ( -0.000000000000000000, 1.000000000000000000, -0.000000000000000000 ) ) ;
#2785 = ORIENTED_EDGE ( 'NONE', *, *, #8249, .F. ) ;
#2786 = ORIENTED_EDGE ( 'NONE', *, *, #832, .F. ) ;
#2787 = VECTOR ( 'NONE', #9938, 1000.000000000000000 ) ;
#2788 = EDGE_CURVE ( 'NONE', #6658, #3628, #2225, .T. ) ;
#2789 = ORIENTED_EDGE ( 'NONE', *, *, #9109, .F. ) ;
#2790 = EDGE_CURVE ( 'NONE', #2435, #8448, #6035, .T. ) ;
#2791 = ORIENTED_EDGE ( 'NONE', *, *, #7780, .T. ) ;
#2792 = CARTESIAN_POINT ( 'NONE',  ( 11.09999999999999787, 9.600000000000001421, 42.14999999999997726 ) ) ;
#2793 = DIRECTION ( 'NONE',  ( 1.000000000000000000, 0.000000000000000000, 0.000000000000000000 ) ) ;
#2794 = FACE_OUTER_BOUND ( 'NONE', #7508, .T. ) ;
#2795 = CARTESIAN_POINT ( 'NONE',  ( 60.00000000000005684, 8.000000000000000000, -88.00000000000218847 ) ) ;
#2796 = LINE ( 'NONE', #4958, #6024 ) ;
#2797 = CARTESIAN_POINT ( 'NONE',  ( -17.00000000000000000, 1.780687915844703539, 45.00000000000000000 ) ) ;
#2798 = EDGE_LOOP ( 'NONE', ( #4673, #3065, #8419, #5195 ) ) ;
#2799 = DIRECTION ( 'NONE',  ( 0.000000000000000000, -1.000000000000000000, 0.000000000000000000 ) ) ;
#2800 = VERTEX_POINT ( 'NONE', #5187 ) ;
#2801 = EDGE_CURVE ( 'NONE', #9083, #5048, #2779, .T. ) ;
#2802 = EDGE_CURVE ( 'NONE', #9411, #8071, #5561, .T. ) ;
#2803 = CARTESIAN_POINT ( 'NONE',  ( 0.000000000000000000, 0.000000000000000000, -55.59601004648968114 ) ) ;
#2804 = ORIENTED_EDGE ( 'NONE', *, *, #7969, .T. ) ;
#2805 = CARTESIAN_POINT ( 'NONE',  ( -21.70000000000002416, 4.780687915844703539, -59.05398995351029612 ) ) ;
#2806 = LINE ( 'NONE', #7430, #350 ) ;
#2807 = DIRECTION ( 'NONE',  ( 0.000000000000000000, 0.000000000000000000, 1.000000000000000000 ) ) ;
#2808 = DIRECTION ( 'NONE',  ( -1.000000000000000000, 0.000000000000000000, 0.000000000000000000 ) ) ;
#2809 = EDGE_CURVE ( 'NONE', #2339, #8373, #1269, .T. ) ;
#2810 = VERTEX_POINT ( 'NONE', #9816 ) ;
#2811 = LINE ( 'NONE', #6483, #4224 ) ;
#2812 = ADVANCED_FACE ( 'NONE', ( #8202 ), #8256, .F. ) ;
#2813 = CC_DESIGN_DATE_AND_TIME_ASSIGNMENT ( #3377, #6344, ( #6758 ) ) ;
#2814 = VERTEX_POINT ( 'NONE', #3936 ) ;
#2815 = DIRECTION ( 'NONE',  ( 4.956352788505158337E-16, 0.000000000000000000, -1.000000000000000000 ) ) ;
#2816 = CARTESIAN_POINT ( 'NONE',  ( 2.308517379148995757E-15, 4.780687915844703539, -38.50000000000000711 ) ) ;
#2817 = CARTESIAN_POINT ( 'NONE',  ( -12.00000000000000000, -3.719312084155296905, 50.60000000000000142 ) ) ;
#2818 = DIRECTION ( 'NONE',  ( 0.000000000000000000, 0.000000000000000000, -1.000000000000000000 ) ) ;
#2819 = ORIENTED_EDGE ( 'NONE', *, *, #272, .F. ) ;
#2820 = ORIENTED_EDGE ( 'NONE', *, *, #3176, .T. ) ;
#2821 = CARTESIAN_POINT ( 'NONE',  ( 4.966720868635398745, 3.772650213476623104, -72.25644626103384383 ) ) ;
#2822 = CARTESIAN_POINT ( 'NONE',  ( -12.49999999999999822, 3.850000000000008082, 72.00000000000000000 ) ) ;
#2823 = ORIENTED_EDGE ( 'NONE', *, *, #1070, .T. ) ;
#2824 = ADVANCED_FACE ( 'NONE', ( #2478 ), #3884, .T. ) ;
#2825 = CARTESIAN_POINT ( 'NONE',  ( -11.09999999999999254, 9.600000000000001421, 42.14999999999997726 ) ) ;
#2826 = CARTESIAN_POINT ( 'NONE',  ( 17.49999999999999645, 4.780687915844703539, 56.99999999999999289 ) ) ;
#2827 = DIRECTION ( 'NONE',  ( 0.000000000000000000, -0.000000000000000000, -1.000000000000000000 ) ) ;
#2828 = ORIENTED_EDGE ( 'NONE', *, *, #1838, .T. ) ;
#2829 = CARTESIAN_POINT ( 'NONE',  ( 8.999999999999932498, 4.780687915844703539, 72.00000000000000000 ) ) ;
#2830 = EDGE_LOOP ( 'NONE', ( #7266, #6565, #2429, #3546, #3443, #4734, #5839, #4895, #7855, #6177, #8480, #8917, #9332, #3642 ) ) ;
#2831 = VERTEX_POINT ( 'NONE', #9160 ) ;
#2832 = VERTEX_POINT ( 'NONE', #7750 ) ;
#2833 = EDGE_LOOP ( 'NONE', ( #8428, #9108, #7980, #3288, #4339 ) ) ;
#2834 = CARTESIAN_POINT ( 'NONE',  ( 2.632162983938124423, 4.669102249763529500, 12.99001377833620019 ) ) ;
#2835 = DIRECTION ( 'NONE',  ( 0.000000000000000000, 1.000000000000000000, 0.000000000000000000 ) ) ;
#2836 = CARTESIAN_POINT ( 'NONE',  ( -10.09999999999999432, 8.000000000000000000, 24.99999999999998224 ) ) ;
#2837 = LINE ( 'NONE', #9727, #7741 ) ;
#2838 = DIRECTION ( 'NONE',  ( 0.000000000000000000, 0.000000000000000000, -1.000000000000000000 ) ) ;
#2839 = EDGE_CURVE ( 'NONE', #3507, #6219, #3177, .T. ) ;
#2840 = EDGE_CURVE ( 'NONE', #6735, #2831, #3130, .T. ) ;
#2841 = LINE ( 'NONE', #5901, #9668 ) ;
#2842 = ORIENTED_EDGE ( 'NONE', *, *, #2364, .T. ) ;
#2843 = CYLINDRICAL_SURFACE ( 'NONE', #9850, 1.250000000000001110 ) ;
#2844 = ORIENTED_EDGE ( 'NONE', *, *, #5078, .T. ) ;
#2845 = DIRECTION ( 'NONE',  ( -1.000000000000000000, 2.392722035830078479E-16, -0.000000000000000000 ) ) ;
#2846 = VERTEX_POINT ( 'NONE', #1720 ) ;
#2847 = CARTESIAN_POINT ( 'NONE',  ( 0.000000000000000000, 10.80000000000000071, 24.19999999999997087 ) ) ;
#2848 = CARTESIAN_POINT ( 'NONE',  ( 23.12141063199569402, -1.427707723006992113, 75.00000000000002842 ) ) ;
#2849 = LINE ( 'NONE', #8895, #3233 ) ;
#2850 = ADVANCED_FACE ( 'NONE', ( #3075 ), #3978, .F. ) ;
#2851 = EDGE_CURVE ( 'NONE', #3966, #7849, #1877, .T. ) ;
#2852 = PLANE ( 'NONE',  #7573 ) ;
#2853 = ORIENTED_EDGE ( 'NONE', *, *, #327, .F. ) ;
#2854 = CARTESIAN_POINT ( 'NONE',  ( 26.00000000000000000, -1.219312084155296683, 72.00000000000000000 ) ) ;
#2855 = VERTEX_POINT ( 'NONE', #6998 ) ;
#2856 = CARTESIAN_POINT ( 'NONE',  ( 40.00000000000000000, 4.780687915844703539, 2.999999999999993783 ) ) ;
#2857 = EDGE_CURVE ( 'NONE', #6295, #6872, #4781, .T. ) ;
#2858 = DIRECTION ( 'NONE',  ( -0.000000000000000000, -0.000000000000000000, 1.000000000000000000 ) ) ;
#2859 = DIRECTION ( 'NONE',  ( 0.000000000000000000, 0.000000000000000000, 1.000000000000000000 ) ) ;
#2860 = PLANE ( 'NONE',  #1303 ) ;
#2861 = CARTESIAN_POINT ( 'NONE',  ( -21.70000000000002416, 4.780687915844703539, -63.05398995351030322 ) ) ;
#2862 = EDGE_CURVE ( 'NONE', #2885, #732, #2199, .T. ) ;
#2863 = ORIENTED_EDGE ( 'NONE', *, *, #9167, .T. ) ;
#2864 = ORIENTED_EDGE ( 'NONE', *, *, #8070, .F. ) ;
#2865 = DIRECTION ( 'NONE',  ( 0.000000000000000000, 1.000000000000000000, 0.000000000000000000 ) ) ;
#2866 = DIRECTION ( 'NONE',  ( 0.000000000000000000, 0.000000000000000000, 1.000000000000000000 ) ) ;
#2867 = EDGE_LOOP ( 'NONE', ( #7295, #9647, #2575, #3352, #5026, #8130 ) ) ;
#2868 = LINE ( 'NONE', #1418, #8889 ) ;
#2869 = DIRECTION ( 'NONE',  ( 0.000000000000000000, 0.000000000000000000, 1.000000000000000000 ) ) ;
#2870 = AXIS2_PLACEMENT_3D ( 'NONE', #2816, #2762, #505 ) ;
#2871 = CARTESIAN_POINT ( 'NONE',  ( 40.00000000000000000, -5.219312084155296461, 18.00000000000000000 ) ) ;
#2872 = ORIENTED_EDGE ( 'NONE', *, *, #6705, .F. ) ;
#2873 = DIRECTION ( 'NONE',  ( 1.000000000000000000, -0.000000000000000000, 2.775557561562891844E-16 ) ) ;
#2874 = EDGE_LOOP ( 'NONE', ( #490, #6180, #1050, #2785 ) ) ;
#2875 = ORIENTED_EDGE ( 'NONE', *, *, #9478, .F. ) ;
#2876 = ORIENTED_EDGE ( 'NONE', *, *, #2249, .F. ) ;
#2877 = ORIENTED_EDGE ( 'NONE', *, *, #1702, .F. ) ;
#2878 = CIRCLE ( 'NONE', #1289, 3.000000000000002665 ) ;
#2879 = CARTESIAN_POINT ( 'NONE',  ( 2.906707048696248297, 4.593751639243113694, 12.26748571321513914 ) ) ;
#2880 = CARTESIAN_POINT ( 'NONE',  ( 58.49999999999992895, 4.780687915844703539, -72.00000000000000000 ) ) ;
#2881 = PLANE ( 'NONE',  #8560 ) ;
#2882 = PLANE ( 'NONE',  #3890 ) ;
#2883 = DIRECTION ( 'NONE',  ( -1.652117596168394412E-16, 0.000000000000000000, 1.000000000000000000 ) ) ;
#2884 = DIRECTION ( 'NONE',  ( -0.000000000000000000, 1.000000000000000000, -0.000000000000000000 ) ) ;
#2885 = VERTEX_POINT ( 'NONE', #6236 ) ;
#2886 = AXIS2_PLACEMENT_3D ( 'NONE', #8989, #2108, #8242 ) ;
#2887 = DIRECTION ( 'NONE',  ( -0.000000000000000000, 1.000000000000000000, -0.000000000000000000 ) ) ;
#2888 = VECTOR ( 'NONE', #8712, 1000.000000000000000 ) ;
#2889 = ORIENTED_EDGE ( 'NONE', *, *, #4011, .F. ) ;
#2890 = VERTEX_POINT ( 'NONE', #7040 ) ;
#2891 = EDGE_CURVE ( 'NONE', #5783, #9282, #2377, .T. ) ;
#2892 = DIRECTION ( 'NONE',  ( 1.000000000000000000, 0.000000000000000000, 0.000000000000000000 ) ) ;
#2893 = ADVANCED_FACE ( 'NONE', ( #6083 ), #2281, .F. ) ;
#2894 = ORIENTED_EDGE ( 'NONE', *, *, #5721, .T. ) ;
#2895 = DIRECTION ( 'NONE',  ( -0.000000000000000000, -1.000000000000000000, -0.000000000000000000 ) ) ;
#2896 = DIRECTION ( 'NONE',  ( 0.000000000000000000, 0.000000000000000000, 1.000000000000000000 ) ) ;
#2897 = VECTOR ( 'NONE', #5004, 1000.000000000000000 ) ;
#2898 = LINE ( 'NONE', #646, #992 ) ;
#2899 = VECTOR ( 'NONE', #5877, 1000.000000000000000 ) ;
#2900 = CARTESIAN_POINT ( 'NONE',  ( 12.50000000000000000, -2.349999999999986322, 79.99999999999998579 ) ) ;
#2901 = ORIENTED_EDGE ( 'NONE', *, *, #4326, .T. ) ;
#2902 = DIRECTION ( 'NONE',  ( -1.000000000000000000, 0.000000000000000000, 0.000000000000000000 ) ) ;
#2903 = AXIS2_PLACEMENT_3D ( 'NONE', #2271, #1565, #4584 ) ;
#2904 = AXIS2_PLACEMENT_3D ( 'NONE', #4310, #1863, #6673 ) ;
#2905 = EDGE_LOOP ( 'NONE', ( #5870, #5175, #969, #6128 ) ) ;
#2906 = CARTESIAN_POINT ( 'NONE',  ( 26.99999999999999645, -1.219312084155296683, 64.00000000000000000 ) ) ;
#2907 = EDGE_CURVE ( 'NONE', #9928, #2980, #6289, .T. ) ;
#2908 = DIRECTION ( 'NONE',  ( 0.000000000000000000, -0.000000000000000000, -1.000000000000000000 ) ) ;
#2909 = CARTESIAN_POINT ( 'NONE',  ( -23.99999999999999645, 7.999999999999998224, -95.00000000000223110 ) ) ;
#2910 = DIRECTION ( 'NONE',  ( 0.000000000000000000, 0.000000000000000000, -1.000000000000000000 ) ) ;
#2911 = AXIS2_PLACEMENT_3D ( 'NONE', #4540, #9711, #671 ) ;
#2912 = VECTOR ( 'NONE', #6408, 1000.000000000000000 ) ;
#2913 = DIRECTION ( 'NONE',  ( 0.000000000000000000, 0.000000000000000000, 1.000000000000000000 ) ) ;
#2914 = ORIENTED_EDGE ( 'NONE', *, *, #3835, .F. ) ;
#2915 = ORIENTED_EDGE ( 'NONE', *, *, #2627, .F. ) ;
#2916 = ORIENTED_EDGE ( 'NONE', *, *, #7154, .F. ) ;
#2917 = EDGE_CURVE ( 'NONE', #7586, #2171, #7839, .T. ) ;
#2918 = AXIS2_PLACEMENT_3D ( 'NONE', #1640, #6912, #3145 ) ;
#2919 = CIRCLE ( 'NONE', #9660, 9.000000000000001776 ) ;
#2920 = CARTESIAN_POINT ( 'NONE',  ( -6.858022075225183482E-16, -5.600000000000000533, 45.00000000000000000 ) ) ;
#2921 = EDGE_CURVE ( 'NONE', #1074, #7717, #8410, .T. ) ;
#2922 = LINE ( 'NONE', #5229, #2284 ) ;
#2923 = VERTEX_POINT ( 'NONE', #1531 ) ;
#2924 = EDGE_CURVE ( 'NONE', #1551, #8632, #3832, .T. ) ;
#2925 = CARTESIAN_POINT ( 'NONE',  ( 19.79999999999996874, -5.119312084155315468, -55.59601004648968114 ) ) ;
#2926 = PLANE ( 'NONE',  #4373 ) ;
#2927 = VECTOR ( 'NONE', #8791, 1000.000000000000000 ) ;
#2928 = CIRCLE ( 'NONE', #9841, 2.100000000000000977 ) ;
#2929 = FACE_OUTER_BOUND ( 'NONE', #2798, .T. ) ;
#2930 = EDGE_CURVE ( 'NONE', #6959, #8660, #8450, .T. ) ;
#2931 = ORIENTED_EDGE ( 'NONE', *, *, #4533, .T. ) ;
#2932 = DIRECTION ( 'NONE',  ( 0.000000000000000000, 0.000000000000000000, -1.000000000000000000 ) ) ;
#2933 = ORIENTED_EDGE ( 'NONE', *, *, #5684, .F. ) ;
#2934 = ORIENTED_EDGE ( 'NONE', *, *, #844, .F. ) ;
#2935 = ORIENTED_EDGE ( 'NONE', *, *, #3096, .F. ) ;
#2936 = AXIS2_PLACEMENT_3D ( 'NONE', #445, #1098, #1202 ) ;
#2937 = VERTEX_POINT ( 'NONE', #772 ) ;
#2938 = VECTOR ( 'NONE', #3442, 1000.000000000000000 ) ;
#2939 = CARTESIAN_POINT ( 'NONE',  ( -9.500000000000001776, -5.219312084155296461, -49.00000000000000000 ) ) ;
#2940 = CARTESIAN_POINT ( 'NONE',  ( -17.00000000000000000, -1.219312084155296683, 55.00000000000000000 ) ) ;
#2941 = FACE_OUTER_BOUND ( 'NONE', #36, .T. ) ;
#2942 = DIRECTION ( 'NONE',  ( -1.000000000000000000, 0.000000000000000000, 0.000000000000000000 ) ) ;
#2943 = DIRECTION ( 'NONE',  ( 0.000000000000000000, 1.000000000000000000, 0.000000000000000000 ) ) ;
#2944 = AXIS2_PLACEMENT_3D ( 'NONE', #8922, #2039, #5803 ) ;
#2945 = CARTESIAN_POINT ( 'NONE',  ( -16.50000000000007816, -0.2193120841552965994, 34.36291011149503305 ) ) ;
#2946 = AXIS2_PLACEMENT_3D ( 'NONE', #6455, #1274, #2932 ) ;
#2947 = ORIENTED_EDGE ( 'NONE', *, *, #2979, .F. ) ;
#2948 = DIRECTION ( 'NONE',  ( 1.000000000000000000, 0.000000000000000000, -0.000000000000000000 ) ) ;
#2949 = ORIENTED_EDGE ( 'NONE', *, *, #2436, .T. ) ;
#2950 = CARTESIAN_POINT ( 'NONE',  ( -7.500000000000001776, -13.09066085202100105, 70.96998267230843283 ) ) ;
#2951 = PLANE ( 'NONE',  #3681 ) ;
#2952 = EDGE_LOOP ( 'NONE', ( #4312, #7437, #2462, #4729 ) ) ;
#2953 = FACE_OUTER_BOUND ( 'NONE', #8971, .T. ) ;
#2954 = PLANE ( 'NONE',  #8370 ) ;
#2955 = DIRECTION ( 'NONE',  ( 0.000000000000000000, 0.000000000000000000, -1.000000000000000000 ) ) ;
#2956 = FACE_OUTER_BOUND ( 'NONE', #3831, .T. ) ;
#2957 = EDGE_CURVE ( 'NONE', #514, #2196, #6894, .T. ) ;
#2958 = DIRECTION ( 'NONE',  ( -1.000000000000000000, -0.000000000000000000, -0.000000000000000000 ) ) ;
#2959 = VERTEX_POINT ( 'NONE', #1573 ) ;
#2960 = DIRECTION ( 'NONE',  ( 0.000000000000000000, -0.000000000000000000, -1.000000000000000000 ) ) ;
#2961 = VERTEX_POINT ( 'NONE', #819 ) ;
#2962 = DIRECTION ( 'NONE',  ( 0.000000000000000000, 0.000000000000000000, -1.000000000000000000 ) ) ;
#2963 = FACE_OUTER_BOUND ( 'NONE', #5733, .T. ) ;
#2964 = CYLINDRICAL_SURFACE ( 'NONE', #9331, 15.00000000000000000 ) ;
#2965 = DIRECTION ( 'NONE',  ( -1.000000000000000000, 0.000000000000000000, 0.000000000000000000 ) ) ;
#2966 = DIRECTION ( 'NONE',  ( 0.000000000000000000, -1.000000000000000000, 0.000000000000000000 ) ) ;
#2967 = ORIENTED_EDGE ( 'NONE', *, *, #2625, .T. ) ;
#2968 = EDGE_CURVE ( 'NONE', #465, #271, #5687, .T. ) ;
#2969 = EDGE_CURVE ( 'NONE', #6482, #6956, #6491, .T. ) ;
#2970 = VERTEX_POINT ( 'NONE', #3432 ) ;
#2971 = CYLINDRICAL_SURFACE ( 'NONE', #976, 13.49999999999999822 ) ;
#2972 = CARTESIAN_POINT ( 'NONE',  ( -13.39999999999998614, 9.799999999999998934, 54.84999999999998010 ) ) ;
#2973 = ORIENTED_EDGE ( 'NONE', *, *, #9169, .F. ) ;
#2974 = DIRECTION ( 'NONE',  ( -1.000000000000000000, -0.000000000000000000, -2.275047181608928137E-16 ) ) ;
#2975 = LINE ( 'NONE', #5341, #5336 ) ;
#2976 = VECTOR ( 'NONE', #4349, 1000.000000000000000 ) ;
#2977 = EDGE_CURVE ( 'NONE', #5508, #1836, #5033, .T. ) ;
#2978 = CARTESIAN_POINT ( 'NONE',  ( 16.99999999999999289, -1.219312084155296683, 45.00000000000000000 ) ) ;
#2979 = EDGE_CURVE ( 'NONE', #266, #6089, #5775, .T. ) ;
#2980 = VERTEX_POINT ( 'NONE', #4887 ) ;
#2981 = LINE ( 'NONE', #1376, #6277 ) ;
#2982 = ORIENTED_EDGE ( 'NONE', *, *, #2790, .F. ) ;
#2983 = VERTEX_POINT ( 'NONE', #3373 ) ;
#2984 = ORIENTED_EDGE ( 'NONE', *, *, #9495, .F. ) ;
#2985 = ORIENTED_EDGE ( 'NONE', *, *, #8311, .T. ) ;
#2986 = FACE_OUTER_BOUND ( 'NONE', #5562, .T. ) ;
#2987 = EDGE_CURVE ( 'NONE', #9253, #7070, #3280, .T. ) ;
#2988 = PLANE ( 'NONE',  #7868 ) ;
#2989 = DIRECTION ( 'NONE',  ( -0.000000000000000000, 1.000000000000000000, -0.000000000000000000 ) ) ;
#2990 = CARTESIAN_POINT ( 'NONE',  ( -56.99999999999998579, 4.780687915844703539, 2.999999999999982236 ) ) ;
#2991 = CARTESIAN_POINT ( 'NONE',  ( -6.000000000000000000, 4.780687915844703539, 45.00000000000000000 ) ) ;
#2992 = DIRECTION ( 'NONE',  ( 9.340818716798197812E-16, 0.000000000000000000, -1.000000000000000000 ) ) ;
#2993 = EDGE_CURVE ( 'NONE', #2301, #4645, #435, .T. ) ;
#2994 = VERTEX_POINT ( 'NONE', #7142 ) ;
#2995 = CARTESIAN_POINT ( 'NONE',  ( -58.49999999999988631, 4.780687915844703539, -72.00000000000000000 ) ) ;
#2996 = ORIENTED_EDGE ( 'NONE', *, *, #111, .T. ) ;
#2997 = AXIS2_PLACEMENT_3D ( 'NONE', #11, #162, #1618 ) ;
#2998 = LINE ( 'NONE', #6766, #8206 ) ;
#2999 = LINE ( 'NONE', #2251, #2072 ) ;
#3000 = EDGE_LOOP ( 'NONE', ( #8680, #877, #9674, #9425 ) ) ;
#3001 = PLANE ( 'NONE',  #2578 ) ;
#3002 = DIRECTION ( 'NONE',  ( 1.000000000000000000, 0.000000000000000000, 1.927470528863118802E-16 ) ) ;
#3003 = DIRECTION ( 'NONE',  ( 0.000000000000000000, 0.000000000000000000, 1.000000000000000000 ) ) ;
#3004 = DIRECTION ( 'NONE',  ( -0.000000000000000000, -0.000000000000000000, 1.000000000000000000 ) ) ;
#3005 = FACE_OUTER_BOUND ( 'NONE', #9143, .T. ) ;
#3006 = ORIENTED_EDGE ( 'NONE', *, *, #8182, .F. ) ;
#3007 = DIRECTION ( 'NONE',  ( -0.000000000000000000, 1.000000000000000000, -0.000000000000000000 ) ) ;
#3008 = VERTEX_POINT ( 'NONE', #6436 ) ;
#3009 = CARTESIAN_POINT ( 'NONE',  ( -26.99999999999999645, -1.219312084155296683, 72.00000000000000000 ) ) ;
#3010 = FACE_OUTER_BOUND ( 'NONE', #2551, .T. ) ;
#3011 = LINE ( 'NONE', #3723, #3562 ) ;
#3012 = DIRECTION ( 'NONE',  ( 1.000000000000000000, 2.392722035830078479E-16, -0.000000000000000000 ) ) ;
#3013 = FACE_OUTER_BOUND ( 'NONE', #3867, .T. ) ;
#3014 = VERTEX_POINT ( 'NONE', #263 ) ;
#3015 = ORIENTED_EDGE ( 'NONE', *, *, #6387, .T. ) ;
#3016 = LINE ( 'NONE', #7648, #6187 ) ;
#3017 = LINE ( 'NONE', #1472, #8875 ) ;
#3018 = ORIENTED_EDGE ( 'NONE', *, *, #1323, .T. ) ;
#3019 = ADVANCED_FACE ( 'NONE', ( #1169 ), #3324, .F. ) ;
#3020 = EDGE_CURVE ( 'NONE', #5227, #5758, #1971, .T. ) ;
#3021 = DIRECTION ( 'NONE',  ( -1.000000000000000000, -0.000000000000000000, -0.000000000000000000 ) ) ;
#3022 = CARTESIAN_POINT ( 'NONE',  ( -2.145068389081296711, 4.780687915844701763, 13.59730341299587231 ) ) ;
#3023 = DIRECTION ( 'NONE',  ( 0.000000000000000000, 0.000000000000000000, -1.000000000000000000 ) ) ;
#3024 = ORIENTED_EDGE ( 'NONE', *, *, #6309, .T. ) ;
#3025 = DIRECTION ( 'NONE',  ( -0.000000000000000000, 1.000000000000000000, -0.000000000000000000 ) ) ;
#3026 = ORIENTED_EDGE ( 'NONE', *, *, #7819, .T. ) ;
#3027 = ORIENTED_EDGE ( 'NONE', *, *, #2677, .F. ) ;
#3028 = EDGE_LOOP ( 'NONE', ( #5893, #6456, #3489, #9691 ) ) ;
#3029 = ORIENTED_EDGE ( 'NONE', *, *, #4903, .T. ) ;
#3030 = CARTESIAN_POINT ( 'NONE',  ( -59.99999999999989342, -6.500000000000000000, 75.00000000000002842 ) ) ;
#3031 = EDGE_CURVE ( 'NONE', #2735, #1641, #8752, .T. ) ;
#3032 = DIRECTION ( 'NONE',  ( 0.000000000000000000, 0.000000000000000000, 1.000000000000000000 ) ) ;
#3033 = DIRECTION ( 'NONE',  ( 0.000000000000000000, -1.000000000000000000, 0.000000000000000000 ) ) ;
#3034 = DIRECTION ( 'NONE',  ( -1.000000000000000000, -8.673617379884038430E-16, 0.000000000000000000 ) ) ;
#3035 = VECTOR ( 'NONE', #5509, 1000.000000000000000 ) ;
#3036 = DIRECTION ( 'NONE',  ( -1.000000000000000000, 0.000000000000000000, 0.000000000000000000 ) ) ;
#3037 = DIRECTION ( 'NONE',  ( 0.000000000000000000, -1.000000000000000000, 0.000000000000000000 ) ) ;
#3038 = ORIENTED_EDGE ( 'NONE', *, *, #4279, .F. ) ;
#3039 = LINE ( 'NONE', #6105, #5360 ) ;
#3040 = ADVANCED_FACE ( 'NONE', ( #1113 ), #1067, .F. ) ;
#3041 = ORIENTED_EDGE ( 'NONE', *, *, #8687, .T. ) ;
#3042 = VECTOR ( 'NONE', #9266, 1000.000000000000000 ) ;
#3043 = ADVANCED_FACE ( 'NONE', ( #1916 ), #5630, .T. ) ;
#3044 = DIRECTION ( 'NONE',  ( 0.000000000000000000, 0.000000000000000000, -1.000000000000000000 ) ) ;
#3045 = ADVANCED_FACE ( 'NONE', ( #8702 ), #7188, .T. ) ;
#3046 = ORIENTED_EDGE ( 'NONE', *, *, #9623, .T. ) ;
#3047 = CARTESIAN_POINT ( 'NONE',  ( 8.395184441433917399, 1.780687915844703539, 0.000000000000000000 ) ) ;
#3048 = DIRECTION ( 'NONE',  ( 0.000000000000000000, 1.000000000000000000, 0.000000000000000000 ) ) ;
#3049 = CARTESIAN_POINT ( 'NONE',  ( -59.99999999999989342, 0.000000000000000000, 75.00000000000002842 ) ) ;
#3050 = LINE ( 'NONE', #1402, #9789 ) ;
#3051 = EDGE_CURVE ( 'NONE', #8138, #6869, #3479, .T. ) ;
#3052 = VECTOR ( 'NONE', #3510, 1000.000000000000000 ) ;
#3053 = CARTESIAN_POINT ( 'NONE',  ( -26.99999999999999645, 4.780687915844703539, 72.00000000000000000 ) ) ;
#3054 = ORIENTED_EDGE ( 'NONE', *, *, #2614, .T. ) ;
#3055 = CARTESIAN_POINT ( 'NONE',  ( 10.00000000000002487, -2.000000000002335465, -87.50000000000000000 ) ) ;
#3056 = ORIENTED_EDGE ( 'NONE', *, *, #6309, .F. ) ;
#3057 = AXIS2_PLACEMENT_3D ( 'NONE', #3666, #1407, #6723 ) ;
#3058 = AXIS2_PLACEMENT_3D ( 'NONE', #2293, #1585, #1488 ) ;
#3059 = CARTESIAN_POINT ( 'NONE',  ( -8.500000000000000000, -0.2193120841552965994, 45.00000000000000000 ) ) ;
#3060 = AXIS2_PLACEMENT_3D ( 'NONE', #1540, #4025, #7092 ) ;
#3061 = FACE_OUTER_BOUND ( 'NONE', #7192, .T. ) ;
#3062 = CARTESIAN_POINT ( 'NONE',  ( 19.79999999999996874, -5.119312084155315468, -55.59601004648968114 ) ) ;
#3063 = PLANE ( 'NONE',  #4189 ) ;
#3064 = LINE ( 'NONE', #8343, #6954 ) ;
#3065 = ORIENTED_EDGE ( 'NONE', *, *, #2689, .F. ) ;
#3066 = VECTOR ( 'NONE', #4774, 1000.000000000000000 ) ;
#3067 = AXIS2_PLACEMENT_3D ( 'NONE', #9349, #152, #7180 ) ;
#3068 = ORIENTED_EDGE ( 'NONE', *, *, #4479, .T. ) ;
#3069 = DIRECTION ( 'NONE',  ( -0.000000000000000000, -0.000000000000000000, 1.000000000000000000 ) ) ;
#3070 = VECTOR ( 'NONE', #8415, 1000.000000000000000 ) ;
#3071 = CARTESIAN_POINT ( 'NONE',  ( 2.492214399021098873E-15, -1.719312084155296239, -40.00000000000000711 ) ) ;
#3072 = VERTEX_POINT ( 'NONE', #7094 ) ;
#3073 = VECTOR ( 'NONE', #7632, 1000.000000000000000 ) ;
#3074 = VECTOR ( 'NONE', #412, 1000.000000000000000 ) ;
#3075 = FACE_OUTER_BOUND ( 'NONE', #6046, .T. ) ;
#3076 = CARTESIAN_POINT ( 'NONE',  ( 25.20000000000002771, -6.519312084155297171, -55.59601004648968114 ) ) ;
#3077 = CARTESIAN_POINT ( 'NONE',  ( 21.70000000000002416, 0.000000000000000000, 0.000000000000000000 ) ) ;
#3078 = AXIS2_PLACEMENT_3D ( 'NONE', #4382, #3631, #2068 ) ;
#3079 = VERTEX_POINT ( 'NONE', #217 ) ;
#3080 = CARTESIAN_POINT ( 'NONE',  ( 31.50000000000000000, 4.780687915844703539, 71.99999999999998579 ) ) ;
#3081 = CIRCLE ( 'NONE', #5647, 3.000000000000002665 ) ;
#3082 = ORIENTED_EDGE ( 'NONE', *, *, #7945, .T. ) ;
#3083 = ORIENTED_EDGE ( 'NONE', *, *, #5125, .F. ) ;
#3084 = CYLINDRICAL_SURFACE ( 'NONE', #8185, 2.000000000002175593 ) ;
#3085 = ORIENTED_EDGE ( 'NONE', *, *, #7087, .F. ) ;
#3086 = LINE ( 'NONE', #7187, #498 ) ;
#3087 = CARTESIAN_POINT ( 'NONE',  ( -12.59999999999999964, 9.799999999999998934, 25.19999999999997442 ) ) ;
#3088 = CIRCLE ( 'NONE', #3907, 3.000000000000002665 ) ;
#3089 = CARTESIAN_POINT ( 'NONE',  ( 9.500000000000031974, -0.2193120841552965994, -49.00000000000000000 ) ) ;
#3090 = AXIS2_PLACEMENT_3D ( 'NONE', #9601, #6583, #8851 ) ;
#3091 = DIRECTION ( 'NONE',  ( 1.000000000000000000, 0.000000000000000000, -0.000000000000000000 ) ) ;
#3092 = DIRECTION ( 'NONE',  ( -0.000000000000000000, 1.000000000000000000, -0.000000000000000000 ) ) ;
#3093 = ORIENTED_EDGE ( 'NONE', *, *, #3924, .T. ) ;
#3094 = DIRECTION ( 'NONE',  ( -1.000000000000000000, 0.000000000000000000, 3.304235192336789810E-16 ) ) ;
#3095 = EDGE_CURVE ( 'NONE', #9411, #2386, #6341, .T. ) ;
#3096 = EDGE_CURVE ( 'NONE', #8252, #93, #2463, .T. ) ;
#3097 = EDGE_LOOP ( 'NONE', ( #4926, #1835, #4285, #8792 ) ) ;
#3098 = VECTOR ( 'NONE', #1038, 1000.000000000000000 ) ;
#3099 = VECTOR ( 'NONE', #6823, 1000.000000000000000 ) ;
#3100 = ORIENTED_EDGE ( 'NONE', *, *, #2499, .F. ) ;
#3101 = CARTESIAN_POINT ( 'NONE',  ( -4.200000000000000178, 10.80000000000000071, 54.00000000000001421 ) ) ;
#3102 = ORIENTED_EDGE ( 'NONE', *, *, #1344, .T. ) ;
#3103 = DIRECTION ( 'NONE',  ( -0.000000000000000000, -1.000000000000000000, -0.000000000000000000 ) ) ;
#3104 = CIRCLE ( 'NONE', #218, 13.49999999999999822 ) ;
#3105 = LINE ( 'NONE', #5512, #5818 ) ;
#3106 =( BOUNDED_CURVE ( )  B_SPLINE_CURVE ( 3, ( #7579, #9847, #5367, #8381 ),
 .UNSPECIFIED., .F., .F. ) 
 B_SPLINE_CURVE_WITH_KNOTS ( ( 4, 4 ),
 ( 4.232616693796061647, 4.712388980384700332 ),
 .UNSPECIFIED. ) 
 CURVE ( )  GEOMETRIC_REPRESENTATION_ITEM ( )  RATIONAL_B_SPLINE_CURVE ( ( 1.000000000000000000, 0.9809100217293673651, 0.9809100217293673651, 1.000000000000000000 ) ) 
 REPRESENTATION_ITEM ( '' )  );
#3107 = CARTESIAN_POINT ( 'NONE',  ( -60.00000000000000000, -6.500000000000000000, 75.00000000000002842 ) ) ;
#3108 = DIRECTION ( 'NONE',  ( 0.000000000000000000, 0.000000000000000000, -1.000000000000000000 ) ) ;
#3109 = VECTOR ( 'NONE', #8170, 1000.000000000000000 ) ;
#3110 = CARTESIAN_POINT ( 'NONE',  ( -4.200000000000000178, 7.000000000000000000, 51.90000000000000568 ) ) ;
#3111 = EDGE_CURVE ( 'NONE', #325, #6821, #8647, .T. ) ;
#3112 = VERTEX_POINT ( 'NONE', #5831 ) ;
#3113 = DIRECTION ( 'NONE',  ( 0.000000000000000000, 0.000000000000000000, -1.000000000000000000 ) ) ;
#3114 = ADVANCED_FACE ( 'NONE', ( #7583 ), #9653, .F. ) ;
#3115 = ORIENTED_EDGE ( 'NONE', *, *, #1344, .F. ) ;
#3116 = EDGE_LOOP ( 'NONE', ( #8855, #2675, #4230, #2757, #8755 ) ) ;
#3117 = AXIS2_PLACEMENT_3D ( 'NONE', #326, #4101, #2645 ) ;
#3118 = DIRECTION ( 'NONE',  ( 0.5240974256643353701, 0.8516583167045435054, -0.000000000000000000 ) ) ;
#3119 = FACE_OUTER_BOUND ( 'NONE', #8928, .T. ) ;
#3120 = VECTOR ( 'NONE', #3108, 1000.000000000000000 ) ;
#3121 = CARTESIAN_POINT ( 'NONE',  ( -13.00000000000000178, -1.219312084155296683, 55.00000000000000000 ) ) ;
#3122 = LINE ( 'NONE', #5421, #3876 ) ;
#3123 = EDGE_CURVE ( 'NONE', #7624, #3204, #8285, .T. ) ;
#3124 = CARTESIAN_POINT ( 'NONE',  ( 13.00000000000000178, -3.719312084155296905, 50.60000000000000142 ) ) ;
#3125 = EDGE_LOOP ( 'NONE', ( #5642, #4316, #9723, #1115 ) ) ;
#3126 = ADVANCED_FACE ( 'NONE', ( #3522 ), #1509, .T. ) ;
#3127 = ORIENTED_EDGE ( 'NONE', *, *, #8490, .T. ) ;
#3128 = LINE ( 'NONE', #1415, #5853 ) ;
#3129 = DIRECTION ( 'NONE',  ( 4.097771990496391869E-16, 0.000000000000000000, 1.000000000000000000 ) ) ;
#3130 = LINE ( 'NONE', #8601, #3158 ) ;
#3131 = DIRECTION ( 'NONE',  ( -1.000000000000000000, -1.606225440719248864E-16, 0.000000000000000000 ) ) ;
#3132 = AXIS2_PLACEMENT_3D ( 'NONE', #2920, #815, #7496 ) ;
#3133 = ORIENTED_EDGE ( 'NONE', *, *, #7258, .T. ) ;
#3134 = LINE ( 'NONE', #8557, #6599 ) ;
#3135 = ORIENTED_EDGE ( 'NONE', *, *, #6488, .F. ) ;
#3136 = VERTEX_POINT ( 'NONE', #8330 ) ;
#3137 = AXIS2_PLACEMENT_3D ( 'NONE', #5371, #1450, #6775 ) ;
#3138 = ORIENTED_EDGE ( 'NONE', *, *, #9311, .F. ) ;
#3139 = VERTEX_POINT ( 'NONE', #5214 ) ;
#3140 = EDGE_CURVE ( 'NONE', #1004, #8538, #8744, .T. ) ;
#3141 = AXIS2_PLACEMENT_3D ( 'NONE', #1284, #6466, #8082 ) ;
#3142 = CARTESIAN_POINT ( 'NONE',  ( 12.39999999999999858, 10.80000000000000071, 42.14999999999997016 ) ) ;
#3143 = CARTESIAN_POINT ( 'NONE',  ( -39.99999999999999289, -5.219312084155296461, -49.00000000000000000 ) ) ;
#3144 = DIRECTION ( 'NONE',  ( -1.000000000000000000, 0.000000000000000000, 0.000000000000000000 ) ) ;
#3145 = DIRECTION ( 'NONE',  ( 0.000000000000000000, -0.8944271909999156334, 0.4472135954999582608 ) ) ;
#3146 = ORIENTED_EDGE ( 'NONE', *, *, #4691, .F. ) ;
#3147 = CARTESIAN_POINT ( 'NONE',  ( -59.99999999999985789, 8.000000000000000000, 79.99999999999998579 ) ) ;
#3148 = ORIENTED_EDGE ( 'NONE', *, *, #4223, .T. ) ;
#3149 = ORIENTED_EDGE ( 'NONE', *, *, #4268, .T. ) ;
#3150 = CARTESIAN_POINT ( 'NONE',  ( -2.632162983938123535, 4.669102249763531276, -39.99001377833621973 ) ) ;
#3151 = CARTESIAN_POINT ( 'NONE',  ( 7.099999999999999645, 4.780687915844703539, 54.00000000000001421 ) ) ;
#3152 = LINE ( 'NONE', #3915, #60 ) ;
#3153 = ADVANCED_FACE ( 'NONE', ( #2956 ), #6929, .F. ) ;
#3154 = LINE ( 'NONE', #4665, #33 ) ;
#3155 = ADVANCED_FACE ( 'NONE', ( #6018 ), #9141, .F. ) ;
#3156 = PLANE ( 'NONE',  #2404 ) ;
#3157 = CARTESIAN_POINT ( 'NONE',  ( 13.00000000000000178, -1.219312084155296683, 55.00000000000000000 ) ) ;
#3158 = VECTOR ( 'NONE', #5428, 1000.000000000000000 ) ;
#3159 = ORIENTED_EDGE ( 'NONE', *, *, #5329, .T. ) ;
#3160 = LINE ( 'NONE', #6220, #6314 ) ;
#3161 = VERTEX_POINT ( 'NONE', #7678 ) ;
#3162 = VERTEX_POINT ( 'NONE', #6876 ) ;
#3163 = DIRECTION ( 'NONE',  ( 0.000000000000000000, 0.000000000000000000, -1.000000000000000000 ) ) ;
#3164 = CARTESIAN_POINT ( 'NONE',  ( 9.500000000000015987, -5.219312084155296461, 17.99999999999999289 ) ) ;
#3165 = ADVANCED_FACE ( 'NONE', ( #6581 ), #9091, .F. ) ;
#3166 = DIRECTION ( 'NONE',  ( 0.000000000000000000, 0.000000000000000000, -1.000000000000000000 ) ) ;
#3167 = CARTESIAN_POINT ( 'NONE',  ( 25.99999999999999645, -1.219312084155296683, 59.50000000000000711 ) ) ;
#3168 = EDGE_CURVE ( 'NONE', #2158, #6625, #9248, .T. ) ;
#3169 = CARTESIAN_POINT ( 'NONE',  ( 6.669867130143743772, 2.639650860515495800, 33.43198001999193281 ) ) ;
#3170 = ORIENTED_EDGE ( 'NONE', *, *, #7232, .F. ) ;
#3171 = EDGE_CURVE ( 'NONE', #6956, #1446, #3050, .T. ) ;
#3172 = ORIENTED_EDGE ( 'NONE', *, *, #940, .T. ) ;
#3173 = CARTESIAN_POINT ( 'NONE',  ( -24.00000000000000000, -1.797550753611047135E-15, 75.00000000000002842 ) ) ;
#3174 = CARTESIAN_POINT ( 'NONE',  ( 7.389181280764465676, 1.999999999999999112, -75.00000000000000000 ) ) ;
#3175 = EDGE_CURVE ( 'NONE', #6686, #3309, #4129, .T. ) ;
#3176 = EDGE_CURVE ( 'NONE', #3, #4034, #4574, .T. ) ;
#3177 = LINE ( 'NONE', #9268, #2359 ) ;
#3178 = CARTESIAN_POINT ( 'NONE',  ( 55.00000000000000000, -5.219312084155296461, 3.000000000000002665 ) ) ;
#3179 = ORIENTED_EDGE ( 'NONE', *, *, #4689, .T. ) ;
#3180 = DIRECTION ( 'NONE',  ( -1.000000000000000000, 0.000000000000000000, -0.000000000000000000 ) ) ;
#3181 = ORIENTED_EDGE ( 'NONE', *, *, #9680, .T. ) ;
#3182 = EDGE_LOOP ( 'NONE', ( #8404, #8262, #59, #5361 ) ) ;
#3183 = CARTESIAN_POINT ( 'NONE',  ( -9.500000000000001776, 4.780687915844703539, -49.00000000000000000 ) ) ;
#3184 = PLANE ( 'NONE',  #2140 ) ;
#3185 = ORIENTED_EDGE ( 'NONE', *, *, #9378, .F. ) ;
#3186 = CARTESIAN_POINT ( 'NONE',  ( -9.000000000000001776, 3.780687915844703539, 72.00000000000000000 ) ) ;
#3187 = CARTESIAN_POINT ( 'NONE',  ( -12.00000000000000000, -3.719312084155296905, 50.60000000000000142 ) ) ;
#3188 = PLANE ( 'NONE',  #5007 ) ;
#3189 = PLANE ( 'NONE',  #2918 ) ;
#3190 = VERTEX_POINT ( 'NONE', #8903 ) ;
#3191 = CARTESIAN_POINT ( 'NONE',  ( 8.999999999999955591, 3.780687915844703539, 46.00000000000001421 ) ) ;
#3192 = EDGE_LOOP ( 'NONE', ( #4660, #1689, #180, #623, #4012 ) ) ;
#3193 = ORIENTED_EDGE ( 'NONE', *, *, #3789, .T. ) ;
#3194 = CARTESIAN_POINT ( 'NONE',  ( -2.703209002422314100, 4.649801994009685302, -37.18462892757953142 ) ) ;
#3195 = CARTESIAN_POINT ( 'NONE',  ( -39.99999999999998579, -5.219312084155296461, 2.999999999999988898 ) ) ;
#3196 = LINE ( 'NONE', #990, #7590 ) ;
#3197 = DIRECTION ( 'NONE',  ( 1.000000000000000000, 0.000000000000000000, 0.000000000000000000 ) ) ;
#3198 = PLANE ( 'NONE',  #1547 ) ;
#3199 = DIRECTION ( 'NONE',  ( 1.000000000000000000, 0.000000000000000000, 0.000000000000000000 ) ) ;
#3200 = EDGE_LOOP ( 'NONE', ( #2508, #6284, #7011, #827 ) ) ;
#3201 = DIRECTION ( 'NONE',  ( 0.000000000000000000, 0.000000000000000000, 1.000000000000000000 ) ) ;
#3202 = CIRCLE ( 'NONE', #1279, 0.6999999999999992895 ) ;
#3203 = AXIS2_PLACEMENT_3D ( 'NONE', #5656, #3547, #1234 ) ;
#3204 = VERTEX_POINT ( 'NONE', #5410 ) ;
#3205 = EDGE_CURVE ( 'NONE', #3229, #7202, #4461, .T. ) ;
#3206 = EDGE_CURVE ( 'NONE', #3543, #737, #460, .T. ) ;
#3207 = ORIENTED_EDGE ( 'NONE', *, *, #4754, .T. ) ;
#3208 = CARTESIAN_POINT ( 'NONE',  ( -60.00000000000000000, -6.500000000000000000, 75.00000000000002842 ) ) ;
#3209 = CARTESIAN_POINT ( 'NONE',  ( 12.34999999999999609, 10.84999999999999964, 54.84999999999998010 ) ) ;
#3210 = DIRECTION ( 'NONE',  ( 0.000000000000000000, -0.000000000000000000, -1.000000000000000000 ) ) ;
#3211 = AXIS2_PLACEMENT_3D ( 'NONE', #8133, #9037, #4309 ) ;
#3212 = DIRECTION ( 'NONE',  ( 0.000000000000000000, 0.000000000000000000, 1.000000000000000000 ) ) ;
#3213 = ORIENTED_EDGE ( 'NONE', *, *, #7832, .T. ) ;
#3214 = AXIS2_PLACEMENT_3D ( 'NONE', #5426, #7748, #4022 ) ;
#3215 = ADVANCED_FACE ( 'NONE', ( #7342 ), #6118, .F. ) ;
#3216 = CIRCLE ( 'NONE', #1937, 0.6999999999999992895 ) ;
#3217 = EDGE_CURVE ( 'NONE', #3808, #8264, #290, .T. ) ;
#3218 = ORIENTED_EDGE ( 'NONE', *, *, #5243, .T. ) ;
#3219 = FACE_OUTER_BOUND ( 'NONE', #1002, .T. ) ;
#3220 = VECTOR ( 'NONE', #5900, 1000.000000000000000 ) ;
#3221 = LINE ( 'NONE', #4687, #322 ) ;
#3222 = DIRECTION ( 'NONE',  ( -1.000000000000000000, -0.000000000000000000, -0.000000000000000000 ) ) ;
#3223 = VECTOR ( 'NONE', #3012, 1000.000000000000000 ) ;
#3224 = LINE ( 'NONE', #7899, #7904 ) ;
#3225 = AXIS2_PLACEMENT_3D ( 'NONE', #738, #3603, #9724 ) ;
#3226 = EDGE_CURVE ( 'NONE', #434, #1332, #2544, .T. ) ;
#3227 = ORIENTED_EDGE ( 'NONE', *, *, #2891, .F. ) ;
#3228 = DIRECTION ( 'NONE',  ( -5.634144622830656211E-16, -0.000000000000000000, 1.000000000000000000 ) ) ;
#3229 = VERTEX_POINT ( 'NONE', #3917 ) ;
#3230 = EDGE_CURVE ( 'NONE', #8086, #7992, #99, .T. ) ;
#3231 = ORIENTED_EDGE ( 'NONE', *, *, #2560, .T. ) ;
#3232 = AXIS2_PLACEMENT_3D ( 'NONE', #878, #7613, #3793 ) ;
#3233 = VECTOR ( 'NONE', #2207, 1000.000000000000000 ) ;
#3234 = CARTESIAN_POINT ( 'NONE',  ( 0.000000000000000000, -6.519312084155297171, -56.59601004648968114 ) ) ;
#3235 = CIRCLE ( 'NONE', #2588, 9.000000000000001776 ) ;
#3236 = CARTESIAN_POINT ( 'NONE',  ( 12.50000000000000000, 0.7500000000000096589, 66.99999999999998579 ) ) ;
#3237 = EDGE_CURVE ( 'NONE', #1684, #6151, #1653, .T. ) ;
#3238 = ORIENTED_EDGE ( 'NONE', *, *, #6029, .T. ) ;
#3239 = CARTESIAN_POINT ( 'NONE',  ( 23.00000000000000000, -1.219312084155296683, 63.50000000000000000 ) ) ;
#3240 = CARTESIAN_POINT ( 'NONE',  ( 19.79999999999996874, -5.519312084155297171, -55.59601004648968114 ) ) ;
#3241 = FACE_OUTER_BOUND ( 'NONE', #7049, .T. ) ;
#3242 = EDGE_CURVE ( 'NONE', #1084, #7586, #6217, .T. ) ;
#3243 = AXIS2_PLACEMENT_3D ( 'NONE', #4108, #289, #3347 ) ;
#3244 = DIRECTION ( 'NONE',  ( -1.000000000000000000, 0.000000000000000000, 0.000000000000000000 ) ) ;
#3245 = ORIENTED_EDGE ( 'NONE', *, *, #952, .T. ) ;
#3246 = DIRECTION ( 'NONE',  ( 3.304235192336789810E-16, 0.000000000000000000, 1.000000000000000000 ) ) ;
#3247 = PRODUCT_RELATED_PRODUCT_CATEGORY ( 'detail', '', ( #1445 ) ) ;
#3248 = ORIENTED_EDGE ( 'NONE', *, *, #5923, .T. ) ;
#3249 = VECTOR ( 'NONE', #4047, 1000.000000000000000 ) ;
#3250 = VERTEX_POINT ( 'NONE', #7066 ) ;
#3251 = VECTOR ( 'NONE', #8904, 1000.000000000000000 ) ;
#3252 = LINE ( 'NONE', #848, #6566 ) ;
#3253 = DIRECTION ( 'NONE',  ( -7.381802025433220315E-17, -0.000000000000000000, -1.000000000000000000 ) ) ;
#3254 = CARTESIAN_POINT ( 'NONE',  ( -16.50000000000007816, 0.7499999999999997780, 30.39999999999998082 ) ) ;
#3255 = CYLINDRICAL_SURFACE ( 'NONE', #9182, 3.099999999999995204 ) ;
#3256 = CARTESIAN_POINT ( 'NONE',  ( -12.39999999999999147, 10.80000000000000071, 42.14999999999997016 ) ) ;
#3257 = CARTESIAN_POINT ( 'NONE',  ( -7.099999999999999645, 4.780687915844703539, 54.00000000000001421 ) ) ;
#3258 = VECTOR ( 'NONE', #1820, 1000.000000000000000 ) ;
#3259 = ORIENTED_EDGE ( 'NONE', *, *, #3791, .F. ) ;
#3260 = CARTESIAN_POINT ( 'NONE',  ( -9.500000000000001776, -5.219312084155296461, 17.99999999999998934 ) ) ;
#3261 = AXIS2_PLACEMENT_3D ( 'NONE', #1980, #7350, #4843 ) ;
#3262 = ORIENTED_EDGE ( 'NONE', *, *, #9109, .T. ) ;
#3263 = EDGE_LOOP ( 'NONE', ( #166, #3943, #9491, #7735 ) ) ;
#3264 = VECTOR ( 'NONE', #6319, 1000.000000000000000 ) ;
#3265 = CARTESIAN_POINT ( 'NONE',  ( 24.00000000000000355, 7.999999999999998224, -145.1422975141768177 ) ) ;
#3266 = ORIENTED_EDGE ( 'NONE', *, *, #4903, .F. ) ;
#3267 = CARTESIAN_POINT ( 'NONE',  ( -59.99999999999987210, 8.000000000000000000, -80.00000000000001421 ) ) ;
#3268 = VECTOR ( 'NONE', #5757, 1000.000000000000000 ) ;
#3269 = EDGE_CURVE ( 'NONE', #3379, #9290, #4761, .T. ) ;
#3270 = DIRECTION ( 'NONE',  ( -1.000000000000000000, 0.000000000000000000, -5.634144622830656211E-16 ) ) ;
#3271 = CARTESIAN_POINT ( 'NONE',  ( -23.00000000000000000, -1.219312084155296683, 61.00000000000000000 ) ) ;
#3272 = AXIS2_PLACEMENT_3D ( 'NONE', #8010, #469, #276 ) ;
#3273 = ORIENTED_EDGE ( 'NONE', *, *, #4596, .T. ) ;
#3274 = PLANE ( 'NONE',  #1015 ) ;
#3275 = VECTOR ( 'NONE', #5503, 1000.000000000000000 ) ;
#3276 = ORIENTED_EDGE ( 'NONE', *, *, #5368, .F. ) ;
#3277 = LINE ( 'NONE', #8494, #7381 ) ;
#3278 = LINE ( 'NONE', #6337, #2563 ) ;
#3279 = LINE ( 'NONE', #1873, #9646 ) ;
#3280 = LINE ( 'NONE', #4128, #9734 ) ;
#3281 = EDGE_CURVE ( 'NONE', #4685, #5612, #9390, .T. ) ;
#3282 = DIRECTION ( 'NONE',  ( 1.734723475976805714E-15, 0.000000000000000000, 1.000000000000000000 ) ) ;
#3283 = ADVANCED_FACE ( 'NONE', ( #142 ), #1598, .F. ) ;
#3284 = ORIENTED_EDGE ( 'NONE', *, *, #1397, .F. ) ;
#3285 = COORDINATED_UNIVERSAL_TIME_OFFSET ( 8, 0, .AHEAD. ) ;
#3286 = ORIENTED_EDGE ( 'NONE', *, *, #1575, .T. ) ;
#3287 = EDGE_LOOP ( 'NONE', ( #6034, #1856, #2115, #2022 ) ) ;
#3288 = ORIENTED_EDGE ( 'NONE', *, *, #7761, .T. ) ;
#3289 = DIRECTION ( 'NONE',  ( 0.000000000000000000, 0.000000000000000000, 1.000000000000000000 ) ) ;
#3290 = EDGE_LOOP ( 'NONE', ( #1277, #6413, #3276, #6335, #9512 ) ) ;
#3291 = DIRECTION ( 'NONE',  ( -0.000000000000000000, -0.000000000000000000, -1.000000000000000000 ) ) ;
#3292 = ADVANCED_FACE ( 'NONE', ( #7021 ), #3156, .F. ) ;
#3293 = CARTESIAN_POINT ( 'NONE',  ( 9.499999999999925393, -0.2193120841552965994, 45.00000000000000711 ) ) ;
#3294 = CYLINDRICAL_SURFACE ( 'NONE', #5487, 2.500000000000002220 ) ;
#3295 = EDGE_CURVE ( 'NONE', #4489, #4441, #853, .T. ) ;
#3296 = DIRECTION ( 'NONE',  ( 0.000000000000000000, -1.000000000000000000, 0.000000000000000000 ) ) ;
#3297 = EDGE_LOOP ( 'NONE', ( #5333, #8984, #8610, #2789, #3359 ) ) ;
#3298 = FACE_OUTER_BOUND ( 'NONE', #5894, .T. ) ;
#3299 = VERTEX_POINT ( 'NONE', #4721 ) ;
#3300 = EDGE_CURVE ( 'NONE', #4146, #9240, #6409, .T. ) ;
#3301 = EDGE_LOOP ( 'NONE', ( #2949, #9913, #5982, #71 ) ) ;
#3302 = CARTESIAN_POINT ( 'NONE',  ( -56.99999999999998579, -5.219312084155296461, 2.999999999999982236 ) ) ;
#3303 = FACE_OUTER_BOUND ( 'NONE', #6155, .T. ) ;
#3304 = CARTESIAN_POINT ( 'NONE',  ( -20.87858936800429532, -5.072292276993011662, 79.99999999999998579 ) ) ;
#3305 = DIRECTION ( 'NONE',  ( 0.000000000000000000, -0.000000000000000000, -1.000000000000000000 ) ) ;
#3306 = ADVANCED_FACE ( 'NONE', ( #4804 ), #2600, .T. ) ;
#3307 = CARTESIAN_POINT ( 'NONE',  ( -12.00000000000000000, 4.780687915844703539, 46.00000000000000000 ) ) ;
#3308 = DIRECTION ( 'NONE',  ( -1.000000000000000000, 0.000000000000000000, 0.000000000000000000 ) ) ;
#3309 = VERTEX_POINT ( 'NONE', #9430 ) ;
#3310 = CARTESIAN_POINT ( 'NONE',  ( 8.500000000000000000, -0.2193120841552965994, 30.63708988850493853 ) ) ;
#3311 = VERTEX_POINT ( 'NONE', #3959 ) ;
#3312 = ORIENTED_EDGE ( 'NONE', *, *, #236, .F. ) ;
#3313 = LINE ( 'NONE', #4010, #4501 ) ;
#3314 = EDGE_LOOP ( 'NONE', ( #1187, #3135, #3602, #8575 ) ) ;
#3315 = DIRECTION ( 'NONE',  ( 0.000000000000000000, 0.000000000000000000, 1.000000000000000000 ) ) ;
#3316 = CARTESIAN_POINT ( 'NONE',  ( 10.10000000000000497, 10.80000000000000071, 71.99999999999998579 ) ) ;
#3317 = DIRECTION ( 'NONE',  ( -1.000000000000000000, 0.000000000000000000, 0.000000000000000000 ) ) ;
#3318 = ORIENTED_EDGE ( 'NONE', *, *, #9247, .T. ) ;
#3319 = CARTESIAN_POINT ( 'NONE',  ( 8.999999999999932498, 3.780687915844703539, 72.00000000000000000 ) ) ;
#3320 = ORIENTED_EDGE ( 'NONE', *, *, #5571, .F. ) ;
#3321 = DIRECTION ( 'NONE',  ( 0.000000000000000000, 0.000000000000000000, -1.000000000000000000 ) ) ;
#3322 = DIRECTION ( 'NONE',  ( -1.000000000000000000, 0.000000000000000000, 0.000000000000000000 ) ) ;
#3323 = CARTESIAN_POINT ( 'NONE',  ( -12.59999999999999609, 9.799999999999998934, 22.19999999999997442 ) ) ;
#3324 = PLANE ( 'NONE',  #4282 ) ;
#3325 = DIRECTION ( 'NONE',  ( 0.000000000000000000, -1.000000000000000000, 0.000000000000000000 ) ) ;
#3326 = ORIENTED_EDGE ( 'NONE', *, *, #1393, .F. ) ;
#3327 = DATE_AND_TIME ( #1879, #2584 ) ;
#3328 = ORIENTED_EDGE ( 'NONE', *, *, #8449, .T. ) ;
#3329 = ORIENTED_EDGE ( 'NONE', *, *, #2416, .T. ) ;
#3330 = ADVANCED_FACE ( 'NONE', ( #4666 ), #3198, .F. ) ;
#3331 = EDGE_CURVE ( 'NONE', #5383, #2337, #245, .T. ) ;
#3332 = EDGE_CURVE ( 'NONE', #5106, #2285, #5391, .T. ) ;
#3333 = FACE_OUTER_BOUND ( 'NONE', #6343, .T. ) ;
#3334 = VERTEX_POINT ( 'NONE', #3256 ) ;
#3335 = CARTESIAN_POINT ( 'NONE',  ( 79.99999999999998579, 8.000000000000000000, -59.99999999999987210 ) ) ;
#3336 = DIRECTION ( 'NONE',  ( 0.000000000000000000, -1.000000000000000000, 0.000000000000000000 ) ) ;
#3337 = CARTESIAN_POINT ( 'NONE',  ( -2.145068389081270954, 4.780687915844703539, 9.402696587004086837 ) ) ;
#3338 = DIRECTION ( 'NONE',  ( -1.000000000000000000, -0.000000000000000000, -0.000000000000000000 ) ) ;
#3339 = ORIENTED_EDGE ( 'NONE', *, *, #3051, .F. ) ;
#3340 = LINE ( 'NONE', #9528, #2472 ) ;
#3341 = VERTEX_POINT ( 'NONE', #7866 ) ;
#3342 = ADVANCED_FACE ( 'NONE', ( #1801 ), #4861, .F. ) ;
#3343 = ORIENTED_EDGE ( 'NONE', *, *, #8016, .F. ) ;
#3344 = FACE_OUTER_BOUND ( 'NONE', #7544, .T. ) ;
#3345 = FACE_OUTER_BOUND ( 'NONE', #5873, .T. ) ;
#3346 = DIRECTION ( 'NONE',  ( -0.000000000000000000, 1.000000000000000000, -0.000000000000000000 ) ) ;
#3347 = DIRECTION ( 'NONE',  ( -1.000000000000000000, 0.000000000000000000, -0.000000000000000000 ) ) ;
#3348 = DIRECTION ( 'NONE',  ( 1.000000000000000000, 0.000000000000000000, 0.000000000000000000 ) ) ;
#3349 = CARTESIAN_POINT ( 'NONE',  ( 6.409413160351052241, 2.842746659834700207, 32.29917700107762357 ) ) ;
#3350 = LINE ( 'NONE', #1803, #7740 ) ;
#3351 = EDGE_CURVE ( 'NONE', #8169, #1332, #484, .T. ) ;
#3352 = ORIENTED_EDGE ( 'NONE', *, *, #3355, .F. ) ;
#3353 = CARTESIAN_POINT ( 'NONE',  ( -9.500000000000001776, 4.780687915844703539, 45.00000000000000000 ) ) ;
#3354 = VERTEX_POINT ( 'NONE', #3503 ) ;
#3355 = EDGE_CURVE ( 'NONE', #7217, #5535, #1238, .T. ) ;
#3356 = EDGE_CURVE ( 'NONE', #6345, #2923, #540, .T. ) ;
#3357 = ORIENTED_EDGE ( 'NONE', *, *, #6892, .F. ) ;
#3358 = DIRECTION ( 'NONE',  ( 0.7071067811865475727, -0.7071067811865475727, -2.897562362236295495E-16 ) ) ;
#3359 = ORIENTED_EDGE ( 'NONE', *, *, #648, .T. ) ;
#3360 = CARTESIAN_POINT ( 'NONE',  ( 2.308517379148995757E-15, -1.719312084155296239, -38.50000000000000711 ) ) ;
#3361 = EDGE_CURVE ( 'NONE', #4249, #4776, #4301, .T. ) ;
#3362 = DIRECTION ( 'NONE',  ( -0.000000000000000000, -0.000000000000000000, 1.000000000000000000 ) ) ;
#3363 = DIRECTION ( 'NONE',  ( 3.304235192336789810E-16, 0.000000000000000000, -1.000000000000000000 ) ) ;
#3364 = VECTOR ( 'NONE', #5596, 1000.000000000000000 ) ;
#3365 = EDGE_CURVE ( 'NONE', #2590, #3334, #1945, .T. ) ;
#3366 = ORIENTED_EDGE ( 'NONE', *, *, #7637, .F. ) ;
#3367 = LINE ( 'NONE', #1061, #7746 ) ;
#3368 = ORIENTED_EDGE ( 'NONE', *, *, #1263, .T. ) ;
#3369 = VECTOR ( 'NONE', #3129, 1000.000000000000000 ) ;
#3370 = DIRECTION ( 'NONE',  ( 2.275047181608928137E-16, 0.000000000000000000, -1.000000000000000000 ) ) ;
#3371 = CARTESIAN_POINT ( 'NONE',  ( -9.500000000000001776, 0.7499999999999997780, 32.49999999999998579 ) ) ;
#3372 = DIRECTION ( 'NONE',  ( 0.000000000000000000, 0.000000000000000000, -1.000000000000000000 ) ) ;
#3373 = CARTESIAN_POINT ( 'NONE',  ( -10.00000000000000000, 3.780687915844703539, 72.00000000000000000 ) ) ;
#3374 = DIRECTION ( 'NONE',  ( 0.000000000000000000, 0.000000000000000000, 1.000000000000000000 ) ) ;
#3375 = VECTOR ( 'NONE', #9953, 1000.000000000000000 ) ;
#3376 = EDGE_LOOP ( 'NONE', ( #3085, #2117, #986, #2363 ) ) ;
#3377 = DATE_AND_TIME ( #1116, #9181 ) ;
#3378 = ORIENTED_EDGE ( 'NONE', *, *, #8574, .T. ) ;
#3379 = VERTEX_POINT ( 'NONE', #8025 ) ;
#3380 = CARTESIAN_POINT ( 'NONE',  ( 7.099999999999999645, 8.000000000000000000, 54.00000000000001421 ) ) ;
#3381 = ORIENTED_EDGE ( 'NONE', *, *, #9131, .T. ) ;
#3382 = VECTOR ( 'NONE', #2737, 1000.000000000000000 ) ;
#3383 = VECTOR ( 'NONE', #2566, 1000.000000000000000 ) ;
#3384 = DIRECTION ( 'NONE',  ( -1.000000000000000000, -0.000000000000000000, -0.000000000000000000 ) ) ;
#3385 = DIRECTION ( 'NONE',  ( -1.000000000000000000, 2.392722035830078479E-16, -0.000000000000000000 ) ) ;
#3386 = CARTESIAN_POINT ( 'NONE',  ( -23.00000000000000000, -1.219312084155296683, 61.00000000000000000 ) ) ;
#3387 = LINE ( 'NONE', #3493, #2304 ) ;
#3388 = AXIS2_PLACEMENT_3D ( 'NONE', #1677, #3838, #17 ) ;
#3389 = ORIENTED_EDGE ( 'NONE', *, *, #1395, .F. ) ;
#3390 = PLANE ( 'NONE',  #2946 ) ;
#3391 = VECTOR ( 'NONE', #762, 1000.000000000000000 ) ;
#3392 = CIRCLE ( 'NONE', #4351, 3.000000000000000888 ) ;
#3393 = VERTEX_POINT ( 'NONE', #9627 ) ;
#3394 = VERTEX_POINT ( 'NONE', #7977 ) ;
#3395 = DIRECTION ( 'NONE',  ( 0.000000000000000000, 0.000000000000000000, 1.000000000000000000 ) ) ;
#3396 = DIRECTION ( 'NONE',  ( 0.000000000000000000, -1.000000000000000000, 0.000000000000000000 ) ) ;
#3397 = CIRCLE ( 'NONE', #1158, 3.250000000002181810 ) ;
#3398 = DIRECTION ( 'NONE',  ( -1.982541115402066342E-16, 0.000000000000000000, 1.000000000000000000 ) ) ;
#3399 = VECTOR ( 'NONE', #3197, 1000.000000000000000 ) ;
#3400 = CARTESIAN_POINT ( 'NONE',  ( 11.59999999999999964, 10.80000000000000071, 21.19999999999996732 ) ) ;
#3401 = CARTESIAN_POINT ( 'NONE',  ( 11.60000000000000320, 10.80000000000000071, 24.19999999999997087 ) ) ;
#3402 = CARTESIAN_POINT ( 'NONE',  ( 6.541458592131847105, 2.740932935825801664, 31.82532977005449126 ) ) ;
#3403 = EDGE_CURVE ( 'NONE', #1484, #3162, #8728, .T. ) ;
#3404 = EDGE_CURVE ( 'NONE', #268, #8483, #2796, .T. ) ;
#3405 = CARTESIAN_POINT ( 'NONE',  ( -60.00000000000000711, 8.000000000000000000, 59.99999999999998579 ) ) ;
#3406 = ORIENTED_EDGE ( 'NONE', *, *, #3652, .F. ) ;
#3407 = DIRECTION ( 'NONE',  ( -1.000000000000000000, -0.000000000000000000, -3.652049423109081632E-16 ) ) ;
#3408 = ORIENTED_EDGE ( 'NONE', *, *, #283, .T. ) ;
#3409 = VECTOR ( 'NONE', #6761, 1000.000000000000000 ) ;
#3410 = CIRCLE ( 'NONE', #8857, 15.00000000000000000 ) ;
#3411 = EDGE_LOOP ( 'NONE', ( #3015, #3312, #1331, #3172 ) ) ;
#3412 = FACE_OUTER_BOUND ( 'NONE', #6440, .T. ) ;
#3413 = VERTEX_POINT ( 'NONE', #7274 ) ;
#3414 = CARTESIAN_POINT ( 'NONE',  ( -26.99999999999999645, -1.219312084155296683, 59.50000000000000711 ) ) ;
#3415 = DIRECTION ( 'NONE',  ( -1.000000000000000000, 0.000000000000000000, -0.000000000000000000 ) ) ;
#3416 = LINE ( 'NONE', #1865, #8520 ) ;
#3417 = EDGE_CURVE ( 'NONE', #3008, #1074, #6561, .T. ) ;
#3418 = EDGE_CURVE ( 'NONE', #2407, #5849, #8777, .T. ) ;
#3419 = AXIS2_PLACEMENT_3D ( 'NONE', #410, #4171, #5871 ) ;
#3420 = AXIS2_PLACEMENT_3D ( 'NONE', #6999, #121, #964 ) ;
#3421 = ADVANCED_FACE ( 'NONE', ( #5806 ), #9728, .F. ) ;
#3422 = ORIENTED_EDGE ( 'NONE', *, *, #3961, .T. ) ;
#3423 = CARTESIAN_POINT ( 'NONE',  ( 19.79999999999996874, -6.519312084155297171, -56.59601004648968114 ) ) ;
#3424 = AXIS2_PLACEMENT_3D ( 'NONE', #8527, #4664, #6172 ) ;
#3425 = VERTEX_POINT ( 'NONE', #3552 ) ;
#3426 = CIRCLE ( 'NONE', #3581, 2.500000000000002220 ) ;
#3427 = AXIS2_PLACEMENT_3D ( 'NONE', #3236, #7848, #972 ) ;
#3428 = CARTESIAN_POINT ( 'NONE',  ( 26.99999999999999645, 4.780687915844703539, 59.50000000000000711 ) ) ;
#3429 = EDGE_CURVE ( 'NONE', #2524, #2923, #7322, .T. ) ;
#3430 = CARTESIAN_POINT ( 'NONE',  ( 7.099999999999999645, 7.000000000000000000, 54.00000000000001421 ) ) ;
#3431 = CARTESIAN_POINT ( 'NONE',  ( 2.401065458903561378, 4.725049876822161821, -40.30878023092425622 ) ) ;
#3432 = CARTESIAN_POINT ( 'NONE',  ( -56.99999999999997868, -5.219312084155296461, -32.00000000000000000 ) ) ;
#3433 = VECTOR ( 'NONE', #2989, 1000.000000000000000 ) ;
#3434 = DIRECTION ( 'NONE',  ( 0.000000000000000000, 0.000000000000000000, 1.000000000000000000 ) ) ;
#3435 = ADVANCED_FACE ( 'NONE', ( #1999 ), #6617, .T. ) ;
#3436 = VECTOR ( 'NONE', #9144, 1000.000000000000000 ) ;
#3437 = VERTEX_POINT ( 'NONE', #3401 ) ;
#3438 = PERSON_AND_ORGANIZATION ( #8748, #7567 ) ;
#3439 = ORIENTED_EDGE ( 'NONE', *, *, #7875, .T. ) ;
#3440 = ORIENTED_EDGE ( 'NONE', *, *, #2851, .F. ) ;
#3441 = LINE ( 'NONE', #5930, #9104 ) ;
#3442 = DIRECTION ( 'NONE',  ( 1.000000000000000000, 0.000000000000000000, 0.000000000000000000 ) ) ;
#3443 = ORIENTED_EDGE ( 'NONE', *, *, #7329, .F. ) ;
#3444 = DIRECTION ( 'NONE',  ( -1.000000000000000000, 0.000000000000000000, 0.000000000000000000 ) ) ;
#3445 = CARTESIAN_POINT ( 'NONE',  ( 7.099999999999999645, 4.780687915844703539, 53.30000000000001137 ) ) ;
#3446 = CARTESIAN_POINT ( 'NONE',  ( 24.00000000000000711, 0.000000000000000000, -80.00000000000001421 ) ) ;
#3447 = CARTESIAN_POINT ( 'NONE',  ( -2.145068389081296711, 4.780687915844701763, -36.40269658700412236 ) ) ;
#3448 = ORIENTED_EDGE ( 'NONE', *, *, #3537, .F. ) ;
#3449 = CARTESIAN_POINT ( 'NONE',  ( 23.99999999999999645, -1.682681771697502882E-13, -87.50000000000224532 ) ) ;
#3450 = ORIENTED_EDGE ( 'NONE', *, *, #7388, .T. ) ;
#3451 = ADVANCED_FACE ( 'NONE', ( #2042 ), #1899, .T. ) ;
#3452 = ORIENTED_EDGE ( 'NONE', *, *, #7518, .T. ) ;
#3453 = AXIS2_PLACEMENT_3D ( 'NONE', #337, #6514, #2838 ) ;
#3454 = CARTESIAN_POINT ( 'NONE',  ( -13.00000000000000178, 4.780687915844703539, 46.00000000000000000 ) ) ;
#3455 = PLANE ( 'NONE',  #9162 ) ;
#3456 = CARTESIAN_POINT ( 'NONE',  ( 11.59999999999999964, 8.000000000000000000, 21.19999999999996732 ) ) ;
#3457 = DIRECTION ( 'NONE',  ( 8.673617379874600696E-16, -1.000000000000000000, -1.124100812431748200E-12 ) ) ;
#3458 = DIRECTION ( 'NONE',  ( 1.156482317317873451E-16, 0.000000000000000000, -1.000000000000000000 ) ) ;
#3459 = FACE_OUTER_BOUND ( 'NONE', #9252, .T. ) ;
#3460 = EDGE_LOOP ( 'NONE', ( #9501, #315, #3563, #3616, #6447, #5906, #4115, #5592 ) ) ;
#3461 = DIRECTION ( 'NONE',  ( -0.000000000000000000, -1.000000000000000000, -0.000000000000000000 ) ) ;
#3462 = ORIENTED_EDGE ( 'NONE', *, *, #9012, .F. ) ;
#3463 = EDGE_CURVE ( 'NONE', #7405, #3933, #8166, .T. ) ;
#3464 = LINE ( 'NONE', #5018, #1759 ) ;
#3465 = EDGE_CURVE ( 'NONE', #2339, #1656, #564, .T. ) ;
#3466 = ORIENTED_EDGE ( 'NONE', *, *, #3612, .T. ) ;
#3467 = CARTESIAN_POINT ( 'NONE',  ( -17.00000000000000000, 4.780687915844703539, 46.00000000000000000 ) ) ;
#3468 = DIRECTION ( 'NONE',  ( 0.000000000000000000, 0.000000000000000000, -1.000000000000000000 ) ) ;
#3469 = DIRECTION ( 'NONE',  ( 0.000000000000000000, 0.000000000000000000, -1.000000000000000000 ) ) ;
#3470 = VECTOR ( 'NONE', #4209, 1000.000000000000000 ) ;
#3471 = ORIENTED_EDGE ( 'NONE', *, *, #1812, .F. ) ;
#3472 = LINE ( 'NONE', #2664, #2927 ) ;
#3473 = VERTEX_POINT ( 'NONE', #2696 ) ;
#3474 = EDGE_CURVE ( 'NONE', #7479, #5383, #1853, .T. ) ;
#3475 = CARTESIAN_POINT ( 'NONE',  ( -7.099999999999999645, 7.000000000000000000, 56.10000000000001563 ) ) ;
#3476 = EDGE_CURVE ( 'NONE', #6901, #8679, #2194, .T. ) ;
#3477 = CARTESIAN_POINT ( 'NONE',  ( 4.200000000000000178, 4.780687915844703539, 56.10000000000000853 ) ) ;
#3478 = CARTESIAN_POINT ( 'NONE',  ( 2.280821906412533462, 4.752635769291932988, -40.45845818109982162 ) ) ;
#3479 = LINE ( 'NONE', #2628, #5079 ) ;
#3480 = CARTESIAN_POINT ( 'NONE',  ( 9.499999999999932498, 0.7499999999999997780, 32.49999999999999289 ) ) ;
#3481 = EDGE_CURVE ( 'NONE', #104, #1379, #6704, .T. ) ;
#3482 = ORIENTED_EDGE ( 'NONE', *, *, #286, .F. ) ;
#3483 = PERSON_AND_ORGANIZATION ( #8748, #7567 ) ;
#3484 = ORIENTED_EDGE ( 'NONE', *, *, #1456, .T. ) ;
#3485 = EDGE_CURVE ( 'NONE', #1643, #1641, #8273, .T. ) ;
#3486 = LINE ( 'NONE', #4381, #9459 ) ;
#3487 = ADVANCED_FACE ( 'NONE', ( #9029 ), #5299, .F. ) ;
#3488 = CARTESIAN_POINT ( 'NONE',  ( 60.00000000000001421, 8.000000000000000000, 59.99999999999999289 ) ) ;
#3489 = ORIENTED_EDGE ( 'NONE', *, *, #1927, .F. ) ;
#3490 = PLANE ( 'NONE',  #7075 ) ;
#3491 = CARTESIAN_POINT ( 'NONE',  ( -8.449200506237207975, 0.7499999999999997780, 30.39999999999998437 ) ) ;
#3492 = DIRECTION ( 'NONE',  ( 0.000000000000000000, -0.000000000000000000, -1.000000000000000000 ) ) ;
#3493 = CARTESIAN_POINT ( 'NONE',  ( -16.50000000000007816, 0.7499999999999997780, 30.39999999999998082 ) ) ;
#3494 = ORIENTED_EDGE ( 'NONE', *, *, #889, .F. ) ;
#3495 = DIRECTION ( 'NONE',  ( 1.000000000000000000, 0.000000000000000000, -0.000000000000000000 ) ) ;
#3496 = ORIENTED_EDGE ( 'NONE', *, *, #1522, .F. ) ;
#3497 = EDGE_LOOP ( 'NONE', ( #1146, #9270, #8092, #4765, #3484 ) ) ;
#3498 = ORIENTED_EDGE ( 'NONE', *, *, #3476, .T. ) ;
#3499 = LINE ( 'NONE', #5051, #9779 ) ;
#3500 = CARTESIAN_POINT ( 'NONE',  ( -59.99999999999987921, 0.000000000000000000, -74.99999999999997158 ) ) ;
#3501 = CARTESIAN_POINT ( 'NONE',  ( -12.59999999999999964, 8.000000000000000000, 25.19999999999997442 ) ) ;
#3502 = LINE ( 'NONE', #2795, #8059 ) ;
#3503 = CARTESIAN_POINT ( 'NONE',  ( -7.099999999999999645, 7.000000000000000000, 56.10000000000001563 ) ) ;
#3504 = LINE ( 'NONE', #8083, #1962 ) ;
#3505 = EDGE_LOOP ( 'NONE', ( #2934, #513, #4432, #3610 ) ) ;
#3506 = DIRECTION ( 'NONE',  ( 0.000000000000000000, 0.000000000000000000, 1.000000000000000000 ) ) ;
#3507 = VERTEX_POINT ( 'NONE', #631 ) ;
#3508 = CARTESIAN_POINT ( 'NONE',  ( -6.999992337364513872, 2.361603382272654095, 31.14439028883058214 ) ) ;
#3509 = ORIENTED_EDGE ( 'NONE', *, *, #7771, .T. ) ;
#3510 = DIRECTION ( 'NONE',  ( -0.000000000000000000, 1.000000000000000000, -0.000000000000000000 ) ) ;
#3511 = CARTESIAN_POINT ( 'NONE',  ( -13.00000000000000178, -1.219312084155296683, 46.00000000000000000 ) ) ;
#3512 = CARTESIAN_POINT ( 'NONE',  ( 9.499999999999925393, 3.780687915844703539, 39.99999999999999289 ) ) ;
#3513 = ORIENTED_EDGE ( 'NONE', *, *, #2003, .F. ) ;
#3514 = CC_DESIGN_PERSON_AND_ORGANIZATION_ASSIGNMENT ( #9563, #9453, ( #1445 ) ) ;
#3515 = DIRECTION ( 'NONE',  ( 1.000000000000000000, 0.000000000000000000, -0.000000000000000000 ) ) ;
#3516 = ADVANCED_FACE ( 'NONE', ( #6757 ), #1389, .F. ) ;
#3517 = ORIENTED_EDGE ( 'NONE', *, *, #5125, .T. ) ;
#3518 = LINE ( 'NONE', #8103, #4181 ) ;
#3519 = CARTESIAN_POINT ( 'NONE',  ( -7.099999999999999645, 7.000000000000000000, 54.00000000000001421 ) ) ;
#3520 = CARTESIAN_POINT ( 'NONE',  ( -16.50000000000007816, 1.780687915844703539, 30.67033270233854125 ) ) ;
#3521 = AXIS2_PLACEMENT_3D ( 'NONE', #6824, #5959, #2892 ) ;
#3522 = FACE_OUTER_BOUND ( 'NONE', #8390, .T. ) ;
#3523 = DIRECTION ( 'NONE',  ( -1.000000000000000000, 0.000000000000000000, 0.000000000000000000 ) ) ;
#3524 = ADVANCED_FACE ( 'NONE', ( #6817 ), #8317, .F. ) ;
#3525 = ADVANCED_FACE ( 'NONE', ( #2145 ), #4404, .F. ) ;
#3526 = VERTEX_POINT ( 'NONE', #6053 ) ;
#3527 = AXIS2_PLACEMENT_3D ( 'NONE', #6072, #3968, #4677 ) ;
#3528 = DESIGN_CONTEXT ( 'detailed design', #5440, 'design' ) ;
#3529 = ORIENTED_EDGE ( 'NONE', *, *, #2714, .F. ) ;
#3530 = DIRECTION ( 'NONE',  ( -1.000000000000000000, 0.000000000000000000, 0.000000000000000000 ) ) ;
#3531 = CARTESIAN_POINT ( 'NONE',  ( 2.675911418893201595E-15, -1.719312084155296239, -41.50000000000000711 ) ) ;
#3532 = ORIENTED_EDGE ( 'NONE', *, *, #6616, .T. ) ;
#3533 = FACE_OUTER_BOUND ( 'NONE', #115, .T. ) ;
#3534 = CIRCLE ( 'NONE', #9631, 2.099999999999997868 ) ;
#3535 = VECTOR ( 'NONE', #9492, 1000.000000000000000 ) ;
#3536 = DIRECTION ( 'NONE',  ( -0.000000000000000000, -0.000000000000000000, 1.000000000000000000 ) ) ;
#3537 = EDGE_CURVE ( 'NONE', #2196, #6315, #7998, .T. ) ;
#3538 = DIRECTION ( 'NONE',  ( 1.000000000000000000, 0.000000000000000000, 0.000000000000000000 ) ) ;
#3539 = EDGE_CURVE ( 'NONE', #514, #1102, #8033, .T. ) ;
#3540 = ORIENTED_EDGE ( 'NONE', *, *, #5507, .F. ) ;
#3541 = CARTESIAN_POINT ( 'NONE',  ( -17.00000000000000000, -1.219312084155296683, 45.00000000000000000 ) ) ;
#3542 = EDGE_LOOP ( 'NONE', ( #4988, #5276, #9688, #8919 ) ) ;
#3543 = VERTEX_POINT ( 'NONE', #2991 ) ;
#3544 = VECTOR ( 'NONE', #3118, 999.9999999999998863 ) ;
#3545 = CIRCLE ( 'NONE', #4822, 2.500000000000002220 ) ;
#3546 = ORIENTED_EDGE ( 'NONE', *, *, #1150, .F. ) ;
#3547 = DIRECTION ( 'NONE',  ( 0.000000000000000000, -1.000000000000000000, -0.000000000000000000 ) ) ;
#3548 = EDGE_CURVE ( 'NONE', #9316, #1099, #7566, .T. ) ;
#3549 = CARTESIAN_POINT ( 'NONE',  ( -17.00000000000000000, 4.780687915844703539, 46.00000000000000000 ) ) ;
#3550 = PLANE ( 'NONE',  #5034 ) ;
#3551 = CARTESIAN_POINT ( 'NONE',  ( -10.09999999999999432, 10.80000000000000071, 24.99999999999998224 ) ) ;
#3552 = CARTESIAN_POINT ( 'NONE',  ( 11.10000000000000497, 10.80000000000000071, 70.99999999999998579 ) ) ;
#3553 = VECTOR ( 'NONE', #4747, 1000.000000000000000 ) ;
#3554 = VECTOR ( 'NONE', #6435, 1000.000000000000000 ) ;
#3555 = CARTESIAN_POINT ( 'NONE',  ( 19.79999999999996874, -5.119312084155315468, -57.09601004648968114 ) ) ;
#3556 = ORIENTED_EDGE ( 'NONE', *, *, #6706, .F. ) ;
#3557 = FACE_BOUND ( 'NONE', #2585, .T. ) ;
#3558 = EDGE_LOOP ( 'NONE', ( #2657, #7330, #9596, #5141 ) ) ;
#3559 = CC_DESIGN_APPROVAL ( #7237, ( #555 ) ) ;
#3560 = AXIS2_PLACEMENT_3D ( 'NONE', #7777, #9337, #4573 ) ;
#3561 = CARTESIAN_POINT ( 'NONE',  ( -7.500000000000001776, 1.890660852021001315, 30.73679473098938431 ) ) ;
#3562 = VECTOR ( 'NONE', #6788, 1000.000000000000000 ) ;
#3563 = ORIENTED_EDGE ( 'NONE', *, *, #5874, .T. ) ;
#3564 = FACE_OUTER_BOUND ( 'NONE', #9858, .T. ) ;
#3565 = CARTESIAN_POINT ( 'NONE',  ( -9.500000000000001776, -5.219312084155296461, 17.99999999999998934 ) ) ;
#3566 = DIRECTION ( 'NONE',  ( -0.000000000000000000, -1.000000000000000000, -0.000000000000000000 ) ) ;
#3567 = DIRECTION ( 'NONE',  ( 1.000000000000000000, -0.000000000000000000, -0.000000000000000000 ) ) ;
#3568 = VECTOR ( 'NONE', #3620, 1000.000000000000000 ) ;
#3569 = VERTEX_POINT ( 'NONE', #9127 ) ;
#3570 = CARTESIAN_POINT ( 'NONE',  ( -9.000000000000001776, 3.780687915844703539, 46.00000000000000000 ) ) ;
#3571 = VECTOR ( 'NONE', #3144, 1000.000000000000000 ) ;
#3572 = VERTEX_POINT ( 'NONE', #5203 ) ;
#3573 = EDGE_CURVE ( 'NONE', #2337, #2034, #742, .T. ) ;
#3574 = CARTESIAN_POINT ( 'NONE',  ( -25.20000000000002771, -6.519312084155297171, -59.05398995351029612 ) ) ;
#3575 = CYLINDRICAL_SURFACE ( 'NONE', #5283, 2.100000000000000977 ) ;
#3576 = AXIS2_PLACEMENT_3D ( 'NONE', #2443, #2347, #4654 ) ;
#3577 = DIRECTION ( 'NONE',  ( -1.000000000000000000, 0.000000000000000000, 0.000000000000000000 ) ) ;
#3578 = AXIS2_PLACEMENT_3D ( 'NONE', #8947, #5776, #5174 ) ;
#3579 = DIRECTION ( 'NONE',  ( 8.260587980841934835E-16, 0.000000000000000000, -1.000000000000000000 ) ) ;
#3580 = VECTOR ( 'NONE', #97, 1000.000000000000000 ) ;
#3581 = AXIS2_PLACEMENT_3D ( 'NONE', #2708, #500, #7234 ) ;
#3582 = VERTEX_POINT ( 'NONE', #6101 ) ;
#3583 = VECTOR ( 'NONE', #5585, 1000.000000000000000 ) ;
#3584 = ORIENTED_EDGE ( 'NONE', *, *, #7907, .F. ) ;
#3585 = CARTESIAN_POINT ( 'NONE',  ( -6.858022075225183482E-16, -5.600000000000000533, -72.00000000000000000 ) ) ;
#3586 = PLANE ( 'NONE',  #8856 ) ;
#3587 = EDGE_LOOP ( 'NONE', ( #5624, #7148, #5667, #2894, #9564, #5651, #7953, #2515 ) ) ;
#3588 = EDGE_CURVE ( 'NONE', #6230, #6108, #5148, .T. ) ;
#3589 = ADVANCED_FACE ( 'NONE', ( #8968 ), #2085, .F. ) ;
#3590 = VECTOR ( 'NONE', #4158, 1000.000000000000000 ) ;
#3591 = LINE ( 'NONE', #5840, #6160 ) ;
#3592 = DIRECTION ( 'NONE',  ( -0.000000000000000000, 1.000000000000000000, -0.000000000000000000 ) ) ;
#3593 = PLANE ( 'NONE',  #9676 ) ;
#3594 = CIRCLE ( 'NONE', #9220, 1.250000000000001110 ) ;
#3595 = EDGE_LOOP ( 'NONE', ( #2015, #3046, #722, #9005 ) ) ;
#3596 = CARTESIAN_POINT ( 'NONE',  ( 2.308517379148995757E-15, -1.719312084155296239, -35.50000000000000711 ) ) ;
#3597 = ORIENTED_EDGE ( 'NONE', *, *, #9680, .F. ) ;
#3598 = ORIENTED_EDGE ( 'NONE', *, *, #327, .T. ) ;
#3599 = VECTOR ( 'NONE', #7473, 1000.000000000000114 ) ;
#3600 = EDGE_LOOP ( 'NONE', ( #6685, #6810, #2319, #4419 ) ) ;
#3601 = EDGE_CURVE ( 'NONE', #8240, #8439, #8150, .T. ) ;
#3602 = ORIENTED_EDGE ( 'NONE', *, *, #4097, .T. ) ;
#3603 = DIRECTION ( 'NONE',  ( 1.000000000000000000, -2.315848374724873665E-16, 0.000000000000000000 ) ) ;
#3604 = EDGE_CURVE ( 'NONE', #2289, #3952, #125, .T. ) ;
#3605 = DIRECTION ( 'NONE',  ( -1.000000000000000000, -0.000000000000000000, -0.000000000000000000 ) ) ;
#3606 = DIRECTION ( 'NONE',  ( -0.000000000000000000, -1.000000000000000000, -0.000000000000000000 ) ) ;
#3607 = CARTESIAN_POINT ( 'NONE',  ( -23.00000000000000000, -1.219312084155296683, 62.25000000000000000 ) ) ;
#3608 = DIRECTION ( 'NONE',  ( -0.000000000000000000, 1.000000000000000000, -0.000000000000000000 ) ) ;
#3609 = CARTESIAN_POINT ( 'NONE',  ( -9.500000000000001776, 1.780687915844703539, -72.00000000000000000 ) ) ;
#3610 = ORIENTED_EDGE ( 'NONE', *, *, #716, .F. ) ;
#3611 = CARTESIAN_POINT ( 'NONE',  ( 16.99999999999999289, -1.219312084155296683, 45.00000000000000000 ) ) ;
#3612 = EDGE_CURVE ( 'NONE', #1736, #7799, #1257, .T. ) ;
#3613 = EDGE_LOOP ( 'NONE', ( #4172, #5693, #4970, #8005, #247 ) ) ;
#3614 = LINE ( 'NONE', #8173, #8495 ) ;
#3615 = EDGE_CURVE ( 'NONE', #578, #1813, #6543, .T. ) ;
#3616 = ORIENTED_EDGE ( 'NONE', *, *, #8926, .T. ) ;
#3617 = DIRECTION ( 'NONE',  ( 1.000000000000000000, 0.000000000000000000, 0.000000000000000000 ) ) ;
#3618 = LINE ( 'NONE', #353, #1304 ) ;
#3619 = CARTESIAN_POINT ( 'NONE',  ( -20.49999999999999289, 3.780687915844703539, 51.00000000000000000 ) ) ;
#3620 = DIRECTION ( 'NONE',  ( 0.000000000000000000, -1.000000000000000000, 0.000000000000000000 ) ) ;
#3621 = VERTEX_POINT ( 'NONE', #4985 ) ;
#3622 = CARTESIAN_POINT ( 'NONE',  ( -17.00000000000000000, -1.219312084155296683, 46.00000000000000000 ) ) ;
#3623 = ORIENTED_EDGE ( 'NONE', *, *, #4223, .F. ) ;
#3624 = FACE_OUTER_BOUND ( 'NONE', #8640, .T. ) ;
#3625 = CARTESIAN_POINT ( 'NONE',  ( -58.49999999999990052, 4.780687915844703539, 72.00000000000000000 ) ) ;
#3626 = LINE ( 'NONE', #506, #9480 ) ;
#3627 = CARTESIAN_POINT ( 'NONE',  ( 2.308517379148995757E-15, -1.719312084155296239, -38.50000000000000711 ) ) ;
#3628 = VERTEX_POINT ( 'NONE', #517 ) ;
#3629 = ORIENTED_EDGE ( 'NONE', *, *, #2051, .T. ) ;
#3630 = CARTESIAN_POINT ( 'NONE',  ( 7.389181280764496762, 1.999999999999998668, -74.79696787429843141 ) ) ;
#3631 = DIRECTION ( 'NONE',  ( -0.000000000000000000, 1.000000000000000000, -0.000000000000000000 ) ) ;
#3632 = EDGE_LOOP ( 'NONE', ( #3170, #9498, #2092, #8506, #4523, #5275 ) ) ;
#3633 = CARTESIAN_POINT ( 'NONE',  ( 23.00000000000000000, 4.780687915844703539, 61.00000000000000000 ) ) ;
#3634 = CARTESIAN_POINT ( 'NONE',  ( -11.59999999999999609, 9.799999999999998934, 21.19999999999997087 ) ) ;
#3635 = CARTESIAN_POINT ( 'NONE',  ( -75.00000000000000000, -6.500000000000000000, 59.99999999999992184 ) ) ;
#3636 = ORIENTED_EDGE ( 'NONE', *, *, #6908, .T. ) ;
#3637 = CARTESIAN_POINT ( 'NONE',  ( -7.099999999999999645, 7.000000000000000000, 53.30000000000001137 ) ) ;
#3638 = EDGE_CURVE ( 'NONE', #948, #2970, #424, .T. ) ;
#3639 = ORIENTED_EDGE ( 'NONE', *, *, #508, .T. ) ;
#3640 = EDGE_CURVE ( 'NONE', #9290, #2620, #4646, .T. ) ;
#3641 = VERTEX_POINT ( 'NONE', #8110 ) ;
#3642 = ORIENTED_EDGE ( 'NONE', *, *, #9211, .F. ) ;
#3643 = VERTEX_POINT ( 'NONE', #6645 ) ;
#3644 = CARTESIAN_POINT ( 'NONE',  ( 2.981572719041233110, 4.572106098079255609, 11.88497312633335135 ) ) ;
#3645 = DIRECTION ( 'NONE',  ( -1.000000000000000000, -0.000000000000000000, -0.000000000000000000 ) ) ;
#3646 = CARTESIAN_POINT ( 'NONE',  ( 25.20000000000002771, -6.519312084155297171, -59.05398995351029612 ) ) ;
#3647 = CARTESIAN_POINT ( 'NONE',  ( -7.389181280764467452, 1.999999999999999112, -75.00000000000000000 ) ) ;
#3648 = CARTESIAN_POINT ( 'NONE',  ( 0.000000000000000000, 3.780687915844703539, 0.000000000000000000 ) ) ;
#3649 = CARTESIAN_POINT ( 'NONE',  ( -11.09999999999999609, 10.80000000000000071, 24.99999999999997868 ) ) ;
#3650 = ORIENTED_EDGE ( 'NONE', *, *, #6971, .T. ) ;
#3651 = LINE ( 'NONE', #6709, #389 ) ;
#3652 = EDGE_CURVE ( 'NONE', #4080, #8635, #5126, .T. ) ;
#3653 = ORIENTED_EDGE ( 'NONE', *, *, #361, .T. ) ;
#3654 = CARTESIAN_POINT ( 'NONE',  ( 21.70000000000002416, 4.780687915844703539, -59.05398995351029612 ) ) ;
#3655 = ORIENTED_EDGE ( 'NONE', *, *, #4754, .F. ) ;
#3656 = LINE ( 'NONE', #1959, #6255 ) ;
#3657 = DIRECTION ( 'NONE',  ( 0.000000000000000000, 0.000000000000000000, -1.000000000000000000 ) ) ;
#3658 = CYLINDRICAL_SURFACE ( 'NONE', #1799, 10.00000000000000178 ) ;
#3659 = EDGE_CURVE ( 'NONE', #329, #9365, #3486, .T. ) ;
#3660 = CARTESIAN_POINT ( 'NONE',  ( 23.20000000000002771, -3.219312084155296461, -59.05398995351029612 ) ) ;
#3661 = EDGE_CURVE ( 'NONE', #3569, #7484, #8060, .T. ) ;
#3662 = ORIENTED_EDGE ( 'NONE', *, *, #4138, .F. ) ;
#3663 = DIRECTION ( 'NONE',  ( 1.000000000000000000, 0.000000000000000000, 0.000000000000000000 ) ) ;
#3664 = EDGE_CURVE ( 'NONE', #1684, #2983, #3441, .T. ) ;
#3665 = VERTEX_POINT ( 'NONE', #6499 ) ;
#3666 = CARTESIAN_POINT ( 'NONE',  ( 2.308517379148995757E-15, 4.780687915844703539, 11.49999999999999289 ) ) ;
#3667 = DIRECTION ( 'NONE',  ( 1.000000000000000000, -0.000000000000000000, 5.634144622830656211E-16 ) ) ;
#3668 = PLANE ( 'NONE',  #5316 ) ;
#3669 = CARTESIAN_POINT ( 'NONE',  ( -72.00000000000000000, -6.500000000000000000, 58.49999999999990052 ) ) ;
#3670 = ADVANCED_FACE ( 'NONE', ( #1223 ), #2721, .F. ) ;
#3671 = DIRECTION ( 'NONE',  ( -1.000000000000000000, 0.000000000000000000, 0.000000000000000000 ) ) ;
#3672 = ORIENTED_EDGE ( 'NONE', *, *, #8457, .F. ) ;
#3673 = ORIENTED_EDGE ( 'NONE', *, *, #454, .F. ) ;
#3674 = ORIENTED_EDGE ( 'NONE', *, *, #5231, .T. ) ;
#3675 = DIRECTION ( 'NONE',  ( 0.000000000000000000, 0.000000000000000000, -1.000000000000000000 ) ) ;
#3676 = DIRECTION ( 'NONE',  ( 1.000000000000000000, -0.000000000000000000, 3.469446951953611428E-15 ) ) ;
#3677 = VERTEX_POINT ( 'NONE', #1176 ) ;
#3678 = LINE ( 'NONE', #6648, #1514 ) ;
#3679 = DIRECTION ( 'NONE',  ( -1.000000000000000000, 0.000000000000000000, 0.000000000000000000 ) ) ;
#3680 = CIRCLE ( 'NONE', #2080, 1.000000000000000888 ) ;
#3681 = AXIS2_PLACEMENT_3D ( 'NONE', #6013, #5158, #9085 ) ;
#3682 = CARTESIAN_POINT ( 'NONE',  ( -7.099999999999999645, 7.000000000000000000, 51.90000000000000568 ) ) ;
#3683 = EDGE_LOOP ( 'NONE', ( #4565, #1557, #4263, #9792, #8961, #2233, #6886, #2872, #7099, #8932 ) ) ;
#3684 = CARTESIAN_POINT ( 'NONE',  ( 30.50000000000000000, 3.780687915844703539, 71.99999999999998579 ) ) ;
#3685 = ORIENTED_EDGE ( 'NONE', *, *, #4689, .F. ) ;
#3686 = ORIENTED_EDGE ( 'NONE', *, *, #2772, .F. ) ;
#3687 = EDGE_LOOP ( 'NONE', ( #137, #1990, #8535, #3343 ) ) ;
#3688 = ORIENTED_EDGE ( 'NONE', *, *, #4284, .T. ) ;
#3689 = VECTOR ( 'NONE', #1154, 1000.000000000000000 ) ;
#3690 = DIRECTION ( 'NONE',  ( -1.000000000000000000, 1.214306433183764966E-16, 0.000000000000000000 ) ) ;
#3691 = DIRECTION ( 'NONE',  ( 0.7071067811865477948, -0.7071067811865473507, -2.133277797124695310E-15 ) ) ;
#3692 = CARTESIAN_POINT ( 'NONE',  ( 0.000000000000000000, -1.219312084155296683, 0.000000000000000000 ) ) ;
#3693 = CARTESIAN_POINT ( 'NONE',  ( 24.24999999999993605, 1.500000000000001332, -90.38314064867232389 ) ) ;
#3694 = DIRECTION ( 'NONE',  ( 0.000000000000000000, -1.000000000000000000, 0.000000000000000000 ) ) ;
#3695 = DIRECTION ( 'NONE',  ( 0.000000000000000000, 0.000000000000000000, 1.000000000000000000 ) ) ;
#3696 = ORIENTED_EDGE ( 'NONE', *, *, #4466, .T. ) ;
#3697 = VECTOR ( 'NONE', #2213, 1000.000000000000000 ) ;
#3698 = LINE ( 'NONE', #3611, #4231 ) ;
#3699 = VECTOR ( 'NONE', #3691, 1000.000000000000000 ) ;
#3700 = ORIENTED_EDGE ( 'NONE', *, *, #1464, .T. ) ;
#3701 = EDGE_CURVE ( 'NONE', #6656, #9812, #1979, .T. ) ;
#3702 = PLANE ( 'NONE',  #6146 ) ;
#3703 = CARTESIAN_POINT ( 'NONE',  ( 12.50000000000000178, 3.850000000000004974, 66.99999999999998579 ) ) ;
#3704 = ORIENTED_EDGE ( 'NONE', *, *, #1371, .F. ) ;
#3705 = CARTESIAN_POINT ( 'NONE',  ( 8.395184441433917399, 1.780687915844703539, 30.67033270233855546 ) ) ;
#3706 = CARTESIAN_POINT ( 'NONE',  ( 55.00000000000000000, 4.780687915844703539, 3.000000000000002665 ) ) ;
#3707 = EDGE_CURVE ( 'NONE', #6498, #6922, #1239, .T. ) ;
#3708 = AXIS2_PLACEMENT_3D ( 'NONE', #8542, #4016, #5469 ) ;
#3709 = DIRECTION ( 'NONE',  ( 1.000000000000000000, -0.000000000000000000, 5.634144622830656211E-16 ) ) ;
#3710 = VECTOR ( 'NONE', #8395, 1000.000000000000000 ) ;
#3711 = EDGE_CURVE ( 'NONE', #7699, #6747, #6373, .T. ) ;
#3712 = DIRECTION ( 'NONE',  ( 0.000000000000000000, -0.000000000000000000, -1.000000000000000000 ) ) ;
#3713 = DIRECTION ( 'NONE',  ( 1.000000000000000000, -0.000000000000000000, 3.469446951953611428E-15 ) ) ;
#3714 = ORIENTED_EDGE ( 'NONE', *, *, #933, .F. ) ;
#3715 = CARTESIAN_POINT ( 'NONE',  ( -9.999999999999978684, 1.999999999999999112, -72.00000000000000000 ) ) ;
#3716 = VECTOR ( 'NONE', #9271, 1000.000000000000000 ) ;
#3717 = VECTOR ( 'NONE', #5409, 1000.000000000000000 ) ;
#3718 = VECTOR ( 'NONE', #1294, 1000.000000000000000 ) ;
#3719 = ORIENTED_EDGE ( 'NONE', *, *, #3912, .T. ) ;
#3720 = CARTESIAN_POINT ( 'NONE',  ( 20.49999999999991473, 3.780687915844703539, 39.99999999999999289 ) ) ;
#3721 = LINE ( 'NONE', #1461, #5443 ) ;
#3722 = EDGE_CURVE ( 'NONE', #8260, #8373, #7984, .T. ) ;
#3723 = CARTESIAN_POINT ( 'NONE',  ( 2.308517379148995757E-15, -1.719312084155296239, 14.49999999999999467 ) ) ;
#3724 = DIRECTION ( 'NONE',  ( 0.000000000000000000, -0.000000000000000000, -1.000000000000000000 ) ) ;
#3725 = EDGE_CURVE ( 'NONE', #3379, #2391, #4589, .T. ) ;
#3726 = VECTOR ( 'NONE', #2025, 1000.000000000000000 ) ;
#3727 = VECTOR ( 'NONE', #9888, 1000.000000000000000 ) ;
#3728 = DIRECTION ( 'NONE',  ( 0.000000000000000000, -1.000000000000000000, 0.000000000000000000 ) ) ;
#3729 = ORIENTED_EDGE ( 'NONE', *, *, #3612, .F. ) ;
#3730 = VECTOR ( 'NONE', #8350, 1000.000000000000000 ) ;
#3731 = EDGE_CURVE ( 'NONE', #3413, #2810, #3128, .T. ) ;
#3732 = ORIENTED_EDGE ( 'NONE', *, *, #4945, .T. ) ;
#3733 = AXIS2_PLACEMENT_3D ( 'NONE', #5099, #8167, #3695 ) ;
#3734 = AXIS2_PLACEMENT_3D ( 'NONE', #6438, #3325, #7189 ) ;
#3735 = DIRECTION ( 'NONE',  ( -1.000000000000000000, -2.392722035830078479E-16, 0.000000000000000000 ) ) ;
#3736 = DIRECTION ( 'NONE',  ( 1.734723475976805517E-15, 0.000000000000000000, 1.000000000000000000 ) ) ;
#3737 = ORIENTED_EDGE ( 'NONE', *, *, #9319, .T. ) ;
#3738 = EDGE_CURVE ( 'NONE', #3582, #3875, #2172, .T. ) ;
#3739 = FACE_OUTER_BOUND ( 'NONE', #5179, .T. ) ;
#3740 = CARTESIAN_POINT ( 'NONE',  ( -23.00000000000000000, 4.780687915844703539, 61.00000000000000000 ) ) ;
#3741 = VECTOR ( 'NONE', #3886, 1000.000000000000000 ) ;
#3742 = VECTOR ( 'NONE', #9895, 1000.000000000000000 ) ;
#3743 = CARTESIAN_POINT ( 'NONE',  ( -13.00000000000000178, -3.719312084155296905, 50.60000000000000142 ) ) ;
#3744 = ORIENTED_EDGE ( 'NONE', *, *, #4197, .T. ) ;
#3745 = DIRECTION ( 'NONE',  ( -0.000000000000000000, 1.000000000000000000, -0.000000000000000000 ) ) ;
#3746 = VERTEX_POINT ( 'NONE', #4539 ) ;
#3747 = ORIENTED_EDGE ( 'NONE', *, *, #1000, .F. ) ;
#3748 = ORIENTED_EDGE ( 'NONE', *, *, #9008, .F. ) ;
#3749 = VECTOR ( 'NONE', #1950, 1000.000000000000000 ) ;
#3750 = EDGE_LOOP ( 'NONE', ( #9587, #293, #1273, #7629, #4485, #6009 ) ) ;
#3751 = CARTESIAN_POINT ( 'NONE',  ( 2.145068389081269178, 4.780687915844703539, 13.59730341299590428 ) ) ;
#3752 = FACE_OUTER_BOUND ( 'NONE', #2830, .T. ) ;
#3753 = CARTESIAN_POINT ( 'NONE',  ( -2.145068389081270954, 4.780687915844703539, -40.59730341299590606 ) ) ;
#3754 = DIRECTION ( 'NONE',  ( 1.000000000000000000, -0.000000000000000000, -0.000000000000000000 ) ) ;
#3755 = DIRECTION ( 'NONE',  ( 0.000000000000000000, 1.000000000000000000, 0.000000000000000000 ) ) ;
#3756 = VECTOR ( 'NONE', #6462, 1000.000000000000000 ) ;
#3757 = CARTESIAN_POINT ( 'NONE',  ( -25.20000000000002771, 4.780687915844703539, -59.05398995351029612 ) ) ;
#3758 = CIRCLE ( 'NONE', #1993, 1.000000000000000888 ) ;
#3759 = ORIENTED_EDGE ( 'NONE', *, *, #21, .F. ) ;
#3760 = CARTESIAN_POINT ( 'NONE',  ( 12.60000000000000142, 9.799999999999998934, 22.19999999999997087 ) ) ;
#3761 = VERTEX_POINT ( 'NONE', #9057 ) ;
#3762 = ORIENTED_EDGE ( 'NONE', *, *, #9720, .T. ) ;
#3763 = LINE ( 'NONE', #4040, #3099 ) ;
#3764 = CARTESIAN_POINT ( 'NONE',  ( -23.00000000000000000, -1.219312084155296683, 61.00000000000000000 ) ) ;
#3765 = ORIENTED_EDGE ( 'NONE', *, *, #4824, .T. ) ;
#3766 = FACE_OUTER_BOUND ( 'NONE', #3314, .T. ) ;
#3767 = DIRECTION ( 'NONE',  ( -2.315848374724873665E-16, -1.000000000000000000, -0.000000000000000000 ) ) ;
#3768 = CARTESIAN_POINT ( 'NONE',  ( -26.99999999999999645, -1.219312084155296683, 64.00000000000000000 ) ) ;
#3769 = DIRECTION ( 'NONE',  ( 0.000000000000000000, 1.000000000000000000, 0.000000000000000000 ) ) ;
#3770 = CARTESIAN_POINT ( 'NONE',  ( 2.308517379148995757E-15, -1.719312084155296239, -38.50000000000000711 ) ) ;
#3771 = ORIENTED_EDGE ( 'NONE', *, *, #6668, .T. ) ;
#3772 = DIRECTION ( 'NONE',  ( 3.016910393003142859E-15, 0.000000000000000000, -1.000000000000000000 ) ) ;
#3773 = EDGE_CURVE ( 'NONE', #1643, #7173, #4476, .T. ) ;
#3774 = EDGE_CURVE ( 'NONE', #7428, #1656, #3016, .T. ) ;
#3775 = ORIENTED_EDGE ( 'NONE', *, *, #1619, .F. ) ;
#3776 = CARTESIAN_POINT ( 'NONE',  ( -16.25000000000000000, 1.780687915844703539, 72.00000000000000000 ) ) ;
#3777 = CARTESIAN_POINT ( 'NONE',  ( -11.09999999999999432, 9.600000000000001421, 42.14999999999997016 ) ) ;
#3778 = CARTESIAN_POINT ( 'NONE',  ( -7.099999999999999645, 8.000000000000000000, 56.10000000000001563 ) ) ;
#3779 = CARTESIAN_POINT ( 'NONE',  ( -27.74999999999999645, -3.250000000002357226, -87.50000000000224532 ) ) ;
#3780 = CARTESIAN_POINT ( 'NONE',  ( -8.500000000000000000, -0.2193120841552965994, 0.000000000000000000 ) ) ;
#3781 = ORIENTED_EDGE ( 'NONE', *, *, #3418, .T. ) ;
#3782 = EDGE_CURVE ( 'NONE', #5649, #6221, #9869, .T. ) ;
#3783 = VERTEX_POINT ( 'NONE', #1571 ) ;
#3784 = LINE ( 'NONE', #9157, #7467 ) ;
#3785 = DIRECTION ( 'NONE',  ( -0.000000000000000000, -1.000000000000000000, -0.000000000000000000 ) ) ;
#3786 = ORIENTED_EDGE ( 'NONE', *, *, #5481, .T. ) ;
#3787 = CARTESIAN_POINT ( 'NONE',  ( 9.500000000000015987, 4.780687915844703539, 19.99999999999999289 ) ) ;
#3788 = DIRECTION ( 'NONE',  ( 1.000000000000000000, 0.000000000000000000, 0.000000000000000000 ) ) ;
#3789 = EDGE_CURVE ( 'NONE', #6720, #9928, #415, .T. ) ;
#3790 = DIRECTION ( 'NONE',  ( -1.000000000000000000, 0.000000000000000000, 0.000000000000000000 ) ) ;
#3791 = EDGE_CURVE ( 'NONE', #3507, #2273, #3784, .T. ) ;
#3792 = ORIENTED_EDGE ( 'NONE', *, *, #8586, .F. ) ;
#3793 = DIRECTION ( 'NONE',  ( -1.652117596168394412E-16, 0.000000000000000000, -1.000000000000000000 ) ) ;
#3794 = ORIENTED_EDGE ( 'NONE', *, *, #2839, .F. ) ;
#3795 = EDGE_CURVE ( 'NONE', #9865, #2961, #8, .T. ) ;
#3796 = ORIENTED_EDGE ( 'NONE', *, *, #2444, .T. ) ;
#3797 = ORIENTED_EDGE ( 'NONE', *, *, #817, .T. ) ;
#3798 = EDGE_CURVE ( 'NONE', #4695, #1379, #2122, .T. ) ;
#3799 = ORIENTED_EDGE ( 'NONE', *, *, #5319, .F. ) ;
#3800 = CARTESIAN_POINT ( 'NONE',  ( 8.449200506237202646, 0.7499999999999997780, 30.39999999999999147 ) ) ;
#3801 = CARTESIAN_POINT ( 'NONE',  ( 8.999999999999932498, 3.780687915844703539, 46.00000000000000000 ) ) ;
#3802 = DIRECTION ( 'NONE',  ( 0.000000000000000000, 0.000000000000000000, -1.000000000000000000 ) ) ;
#3803 = DIRECTION ( 'NONE',  ( 0.000000000000000000, -1.000000000000000000, 0.000000000000000000 ) ) ;
#3804 = DIRECTION ( 'NONE',  ( -1.982541115402066342E-16, -0.000000000000000000, 1.000000000000000000 ) ) ;
#3805 = CARTESIAN_POINT ( 'NONE',  ( 19.79999999999996874, 4.780687915844703539, -57.09601004648968114 ) ) ;
#3806 = ORIENTED_EDGE ( 'NONE', *, *, #1838, .F. ) ;
#3807 = CARTESIAN_POINT ( 'NONE',  ( -7.099999999999999645, 7.000000000000000000, 51.90000000000000568 ) ) ;
#3808 = VERTEX_POINT ( 'NONE', #614 ) ;
#3809 = CARTESIAN_POINT ( 'NONE',  ( -7.520331544528487733, -1.384696410178755110, 45.00000000000000000 ) ) ;
#3810 = LINE ( 'NONE', #2093, #8652 ) ;
#3811 = ORIENTED_EDGE ( 'NONE', *, *, #2087, .F. ) ;
#3812 = CARTESIAN_POINT ( 'NONE',  ( -23.00000000000000000, 4.780687915844703539, 59.75000000000000000 ) ) ;
#3813 = DIRECTION ( 'NONE',  ( -0.000000000000000000, 1.000000000000000000, -0.000000000000000000 ) ) ;
#3814 =( BOUNDED_CURVE ( )  B_SPLINE_CURVE ( 3, ( #7373, #597, #551, #3705 ),
 .UNSPECIFIED., .F., .F. ) 
 B_SPLINE_CURVE_WITH_KNOTS ( ( 4, 4 ),
 ( 1.570796326794907438, 2.083808366380854427 ),
 .UNSPECIFIED. ) 
 CURVE ( )  GEOMETRIC_REPRESENTATION_ITEM ( )  RATIONAL_B_SPLINE_CURVE ( ( 1.000000000000000000, 0.9781882079185708623, 0.9781882079185708623, 1.000000000000000000 ) ) 
 REPRESENTATION_ITEM ( '' )  );
#3815 = AXIS2_PLACEMENT_3D ( 'NONE', #3829, #3735, #4430 ) ;
#3816 = PLANE ( 'NONE',  #360 ) ;
#3817 = CARTESIAN_POINT ( 'NONE',  ( -8.411764224688425884, 1.464326805312569313, 30.49212020759404140 ) ) ;
#3818 = DIRECTION ( 'NONE',  ( 0.000000000000000000, 0.000000000000000000, -1.000000000000000000 ) ) ;
#3819 = ORIENTED_EDGE ( 'NONE', *, *, #6611, .F. ) ;
#3820 = DIRECTION ( 'NONE',  ( 0.000000000000000000, 1.000000000000000000, 0.000000000000000000 ) ) ;
#3821 = ORIENTED_EDGE ( 'NONE', *, *, #2716, .T. ) ;
#3822 = LINE ( 'NONE', #6129, #9161 ) ;
#3823 = DIRECTION ( 'NONE',  ( 0.000000000000000000, -1.000000000000000000, 0.000000000000000000 ) ) ;
#3824 = FACE_OUTER_BOUND ( 'NONE', #5564, .T. ) ;
#3825 = DIRECTION ( 'NONE',  ( 0.000000000000000000, 0.000000000000000000, 1.000000000000000000 ) ) ;
#3826 = DIRECTION ( 'NONE',  ( -1.000000000000000000, -0.000000000000000000, 8.673617379884028570E-16 ) ) ;
#3827 = ORIENTED_EDGE ( 'NONE', *, *, #8948, .F. ) ;
#3828 = EDGE_LOOP ( 'NONE', ( #6022, #6556, #4355, #1668 ) ) ;
#3829 = CARTESIAN_POINT ( 'NONE',  ( -27.74999999999999645, -1.691654479331865729E-13, -87.50000000000224532 ) ) ;
#3830 = DIRECTION ( 'NONE',  ( 0.000000000000000000, -1.000000000000000000, 0.000000000000000000 ) ) ;
#3831 = EDGE_LOOP ( 'NONE', ( #2967, #5423, #1659, #1561, #9618, #8556, #3179, #8461 ) ) ;
#3832 = LINE ( 'NONE', #8497, #9099 ) ;
#3833 = EDGE_CURVE ( 'NONE', #9709, #4008, #3880, .T. ) ;
#3834 = CARTESIAN_POINT ( 'NONE',  ( 9.500000000000015987, -5.219312084155296461, 17.99999999999999289 ) ) ;
#3835 = EDGE_CURVE ( 'NONE', #3079, #3112, #5386, .T. ) ;
#3836 = DIRECTION ( 'NONE',  ( 0.000000000000000000, 0.000000000000000000, 1.000000000000000000 ) ) ;
#3837 = ORIENTED_EDGE ( 'NONE', *, *, #1136, .F. ) ;
#3838 = DIRECTION ( 'NONE',  ( -0.000000000000000000, -1.000000000000000000, -0.000000000000000000 ) ) ;
#3839 = VERTEX_POINT ( 'NONE', #2222 ) ;
#3840 = ORIENTED_EDGE ( 'NONE', *, *, #4197, .F. ) ;
#3841 = ORIENTED_EDGE ( 'NONE', *, *, #7169, .F. ) ;
#3842 = EDGE_LOOP ( 'NONE', ( #5080, #668, #624, #2663 ) ) ;
#3843 = CARTESIAN_POINT ( 'NONE',  ( -39.99999999999998579, -5.219312084155296461, 2.999999999999985345 ) ) ;
#3844 = DIRECTION ( 'NONE',  ( 0.000000000000000000, -1.000000000000000000, 0.000000000000000000 ) ) ;
#3845 = EDGE_CURVE ( 'NONE', #7005, #6391, #8531, .T. ) ;
#3846 = CARTESIAN_POINT ( 'NONE',  ( 10.25000000000000178, -2.000000000002335465, -87.50000000000224532 ) ) ;
#3847 = DIRECTION ( 'NONE',  ( -0.000000000000000000, -0.000000000000000000, 1.000000000000000000 ) ) ;
#3848 = VECTOR ( 'NONE', #7015, 1000.000000000000000 ) ;
#3849 = ADVANCED_FACE ( 'NONE', ( #8299 ), #8253, .T. ) ;
#3850 = CARTESIAN_POINT ( 'NONE',  ( -7.500000000000001776, 1.890660852021001315, 70.96998267230843283 ) ) ;
#3851 = ORIENTED_EDGE ( 'NONE', *, *, #355, .F. ) ;
#3852 = PLANE ( 'NONE',  #4079 ) ;
#3853 = EDGE_LOOP ( 'NONE', ( #5286, #669, #7129, #9020 ) ) ;
#3854 = AXIS2_PLACEMENT_3D ( 'NONE', #8142, #9650, #7441 ) ;
#3855 = ADVANCED_FACE ( 'NONE', ( #670 ), #2971, .F. ) ;
#3856 = VERTEX_POINT ( 'NONE', #8405 ) ;
#3857 = CARTESIAN_POINT ( 'NONE',  ( -2.280821906412533906, 4.752635769291932100, -36.54154181890019260 ) ) ;
#3858 = ORIENTED_EDGE ( 'NONE', *, *, #6279, .F. ) ;
#3859 = DIRECTION ( 'NONE',  ( -1.000000000000000000, -2.392722035830078479E-16, 0.000000000000000000 ) ) ;
#3860 = CARTESIAN_POINT ( 'NONE',  ( -23.99999999999999645, 0.5000000000000004441, -95.00000000000223110 ) ) ;
#3861 = FACE_OUTER_BOUND ( 'NONE', #4592, .T. ) ;
#3862 = DIRECTION ( 'NONE',  ( 1.000000000000000000, 0.000000000000000000, -0.000000000000000000 ) ) ;
#3863 = CIRCLE ( 'NONE', #2257, 1.500000000000001332 ) ;
#3864 = DIRECTION ( 'NONE',  ( 0.000000000000000000, -1.000000000000000000, 0.000000000000000000 ) ) ;
#3865 = ORIENTED_EDGE ( 'NONE', *, *, #471, .F. ) ;
#3866 = PLANE ( 'NONE',  #380 ) ;
#3867 = EDGE_LOOP ( 'NONE', ( #3115, #5537, #6771, #1952 ) ) ;
#3868 = ORIENTED_EDGE ( 'NONE', *, *, #1519, .T. ) ;
#3869 = AXIS2_PLACEMENT_3D ( 'NONE', #3997, #392, #9473 ) ;
#3870 = CARTESIAN_POINT ( 'NONE',  ( 12.60000000000000497, 10.80000000000000071, 24.19999999999997087 ) ) ;
#3871 = CARTESIAN_POINT ( 'NONE',  ( 23.00000000000000000, -1.219312084155296683, 61.00000000000000000 ) ) ;
#3872 = DIRECTION ( 'NONE',  ( 0.000000000000000000, 0.000000000000000000, 1.000000000000000000 ) ) ;
#3873 = CARTESIAN_POINT ( 'NONE',  ( -6.858022075225183482E-16, -5.600000000000000533, 45.00000000000000000 ) ) ;
#3874 = FACE_BOUND ( 'NONE', #5216, .T. ) ;
#3875 = VERTEX_POINT ( 'NONE', #4737 ) ;
#3876 = VECTOR ( 'NONE', #7739, 1000.000000000000000 ) ;
#3877 = VECTOR ( 'NONE', #2155, 1000.000000000000000 ) ;
#3878 = EDGE_CURVE ( 'NONE', #1715, #7372, #9641, .T. ) ;
#3879 = ORIENTED_EDGE ( 'NONE', *, *, #5001, .T. ) ;
#3880 = LINE ( 'NONE', #2331, #8853 ) ;
#3881 = DIRECTION ( 'NONE',  ( 0.000000000000000000, 0.000000000000000000, -1.000000000000000000 ) ) ;
#3882 = VECTOR ( 'NONE', #1075, 1000.000000000000000 ) ;
#3883 = VECTOR ( 'NONE', #4222, 1000.000000000000000 ) ;
#3884 = PLANE ( 'NONE',  #8612 ) ;
#3885 = LINE ( 'NONE', #2226, #1009 ) ;
#3886 = DIRECTION ( 'NONE',  ( 1.000000000000000000, 0.000000000000000000, 0.000000000000000000 ) ) ;
#3887 = VECTOR ( 'NONE', #9757, 1000.000000000000000 ) ;
#3888 = EDGE_LOOP ( 'NONE', ( #8226, #9022, #7572, #3719 ) ) ;
#3889 = PLANE ( 'NONE',  #7404 ) ;
#3890 = AXIS2_PLACEMENT_3D ( 'NONE', #9683, #440, #6662 ) ;
#3891 = EDGE_LOOP ( 'NONE', ( #5437, #9839, #4473, #8950, #4452 ) ) ;
#3892 = ORIENTED_EDGE ( 'NONE', *, *, #8452, .T. ) ;
#3893 = EDGE_CURVE ( 'NONE', #2776, #2800, #8599, .T. ) ;
#3894 = EDGE_LOOP ( 'NONE', ( #7459, #569, #9033, #2252 ) ) ;
#3895 = EDGE_CURVE ( 'NONE', #3204, #4080, #3977, .T. ) ;
#3896 = EDGE_LOOP ( 'NONE', ( #2458, #1780, #257, #8629 ) ) ;
#3897 = CARTESIAN_POINT ( 'NONE',  ( -58.49999999999998579, -6.500000000000000000, -58.50000000000000000 ) ) ;
#3898 = AXIS2_PLACEMENT_3D ( 'NONE', #8516, #3990, #886 ) ;
#3899 = CARTESIAN_POINT ( 'NONE',  ( 6.000000000000000000, -3.719312084155296905, 50.60000000000000142 ) ) ;
#3900 = AXIS2_PLACEMENT_3D ( 'NONE', #8189, #7245, #1310 ) ;
#3901 = CARTESIAN_POINT ( 'NONE',  ( 6.000000000000000000, 3.138420909981388451, 45.00000000000000000 ) ) ;
#3902 = CARTESIAN_POINT ( 'NONE',  ( 16.99999999999999289, -1.219312084155296683, 55.00000000000000000 ) ) ;
#3903 = VERTEX_POINT ( 'NONE', #2333 ) ;
#3904 = CARTESIAN_POINT ( 'NONE',  ( -54.99999999999998579, -5.219312084155296461, 2.999999999999988898 ) ) ;
#3905 = ORIENTED_EDGE ( 'NONE', *, *, #9910, .T. ) ;
#3906 = EDGE_CURVE ( 'NONE', #347, #4839, #1770, .T. ) ;
#3907 = AXIS2_PLACEMENT_3D ( 'NONE', #4994, #7917, #1734 ) ;
#3908 = VECTOR ( 'NONE', #8061, 1000.000000000000000 ) ;
#3909 = EDGE_CURVE ( 'NONE', #5167, #721, #5610, .T. ) ;
#3910 = VERTEX_POINT ( 'NONE', #5477 ) ;
#3911 = CARTESIAN_POINT ( 'NONE',  ( -25.20000000000002771, -5.119312084155316356, -55.59601004648968114 ) ) ;
#3912 = EDGE_CURVE ( 'NONE', #6089, #4124, #8412, .T. ) ;
#3913 = FACE_OUTER_BOUND ( 'NONE', #8492, .T. ) ;
#3914 = VECTOR ( 'NONE', #8315, 1000.000000000000000 ) ;
#3915 = CARTESIAN_POINT ( 'NONE',  ( -9.500000000000001776, 4.780687915844703539, 45.00000000000000000 ) ) ;
#3916 = CARTESIAN_POINT ( 'NONE',  ( 13.39999999999999858, 9.600000000000001421, 42.14999999999997016 ) ) ;
#3917 = CARTESIAN_POINT ( 'NONE',  ( 2.145068389081269178, 4.780687915844703539, 13.59730341299590428 ) ) ;
#3918 = AXIS2_PLACEMENT_3D ( 'NONE', #7368, #1857, #1805 ) ;
#3919 = DIRECTION ( 'NONE',  ( 0.05233595624294377913, 0.9986295347545739443, 0.000000000000000000 ) ) ;
#3920 = ADVANCED_FACE ( 'NONE', ( #874 ), #7837, .F. ) ;
#3921 = ORIENTED_EDGE ( 'NONE', *, *, #7096, .F. ) ;
#3922 = CARTESIAN_POINT ( 'NONE',  ( -12.59999999999999609, 10.80000000000000071, 21.19999999999997087 ) ) ;
#3923 = ORIENTED_EDGE ( 'NONE', *, *, #4753, .T. ) ;
#3924 = EDGE_CURVE ( 'NONE', #8068, #8210, #73, .T. ) ;
#3925 = ADVANCED_FACE ( 'NONE', ( #6997 ), #7794, .F. ) ;
#3926 = VERTEX_POINT ( 'NONE', #2376 ) ;
#3927 = CYLINDRICAL_SURFACE ( 'NONE', #2265, 1.250000000000001110 ) ;
#3928 = CARTESIAN_POINT ( 'NONE',  ( 40.00000000000000000, -5.219312084155296461, 18.00000000000000000 ) ) ;
#3929 = FACE_OUTER_BOUND ( 'NONE', #4429, .T. ) ;
#3930 = CARTESIAN_POINT ( 'NONE',  ( 72.00000000000000000, 4.780687915844703539, 58.49999999999990052 ) ) ;
#3931 = CARTESIAN_POINT ( 'NONE',  ( 7.500000000000002665, 1.890660852020997762, 34.26320526901058372 ) ) ;
#3932 = ORIENTED_EDGE ( 'NONE', *, *, #9934, .T. ) ;
#3933 = VERTEX_POINT ( 'NONE', #9158 ) ;
#3934 = DIRECTION ( 'NONE',  ( -1.000000000000000000, 0.000000000000000000, 3.469446951953611033E-15 ) ) ;
#3935 = CARTESIAN_POINT ( 'NONE',  ( -9.500000000000001776, -5.219312084155296461, 19.99999999999998934 ) ) ;
#3936 = CARTESIAN_POINT ( 'NONE',  ( 9.499999999999934275, -0.2193120841552965994, 30.63708988850493853 ) ) ;
#3937 = DIRECTION ( 'NONE',  ( 1.000000000000000000, 0.000000000000000000, -1.156482317317874190E-16 ) ) ;
#3938 = EDGE_LOOP ( 'NONE', ( #5206, #7713, #7408, #5436 ) ) ;
#3939 = CARTESIAN_POINT ( 'NONE',  ( 9.500000000000028422, -5.219312084155296461, -47.00000000000000000 ) ) ;
#3940 = EDGE_LOOP ( 'NONE', ( #7193, #2610, #9250, #5681, #3149 ) ) ;
#3941 = ORIENTED_EDGE ( 'NONE', *, *, #9432, .F. ) ;
#3942 = LINE ( 'NONE', #3234, #487 ) ;
#3943 = ORIENTED_EDGE ( 'NONE', *, *, #7162, .F. ) ;
#3944 = DIRECTION ( 'NONE',  ( -0.000000000000000000, 1.000000000000000000, -0.000000000000000000 ) ) ;
#3945 = LINE ( 'NONE', #3899, #6800 ) ;
#3946 = CARTESIAN_POINT ( 'NONE',  ( 24.00000000000000355, 0.5000000000000004441, -95.00000000000221689 ) ) ;
#3947 = EDGE_CURVE ( 'NONE', #147, #3190, #161, .T. ) ;
#3948 = ADVANCED_FACE ( 'NONE', ( #8496, #916 ), #1718, .F. ) ;
#3949 = CARTESIAN_POINT ( 'NONE',  ( -17.00000000000000000, 4.780687915844703539, 55.00000000000000000 ) ) ;
#3950 = ORIENTED_EDGE ( 'NONE', *, *, #2135, .T. ) ;
#3951 = LINE ( 'NONE', #5404, #1191 ) ;
#3952 = VERTEX_POINT ( 'NONE', #3174 ) ;
#3953 = EDGE_LOOP ( 'NONE', ( #3837, #7824 ) ) ;
#3954 = CARTESIAN_POINT ( 'NONE',  ( 40.00000000000000000, -5.219312084155296461, 2.999999999999999112 ) ) ;
#3955 = EDGE_CURVE ( 'NONE', #2362, #5167, #3221, .T. ) ;
#3956 = CARTESIAN_POINT ( 'NONE',  ( 24.24999999999993605, 1.500000000000001332, -90.38314064867232389 ) ) ;
#3957 = DIRECTION ( 'NONE',  ( -0.000000000000000000, 0.000000000000000000, 1.000000000000000000 ) ) ;
#3958 = DIRECTION ( 'NONE',  ( -1.000000000000000000, -0.000000000000000000, -0.000000000000000000 ) ) ;
#3959 = CARTESIAN_POINT ( 'NONE',  ( -21.70000000000002416, 4.780687915844703539, -63.05398995351030322 ) ) ;
#3960 = EDGE_CURVE ( 'NONE', #8301, #2832, #119, .T. ) ;
#3961 = EDGE_CURVE ( 'NONE', #4306, #2590, #2421, .T. ) ;
#3962 = CARTESIAN_POINT ( 'NONE',  ( -12.49999999999999645, 0.7500000000000126565, 79.99999999999998579 ) ) ;
#3963 = ORIENTED_EDGE ( 'NONE', *, *, #5565, .F. ) ;
#3964 = CARTESIAN_POINT ( 'NONE',  ( 16.25000000000000000, 4.780687915844703539, 72.00000000000000000 ) ) ;
#3965 = ORIENTED_EDGE ( 'NONE', *, *, #9247, .F. ) ;
#3966 = VERTEX_POINT ( 'NONE', #6141 ) ;
#3967 = DIRECTION ( 'NONE',  ( 1.476360405086644309E-16, 0.000000000000000000, 1.000000000000000000 ) ) ;
#3968 = DIRECTION ( 'NONE',  ( -1.000000000000000000, 0.000000000000000000, -1.186135710069613884E-16 ) ) ;
#3969 = LINE ( 'NONE', #7030, #5474 ) ;
#3970 = CARTESIAN_POINT ( 'NONE',  ( 6.000000000000000000, -3.719312084155296905, 50.60000000000000142 ) ) ;
#3971 = EDGE_CURVE ( 'NONE', #4806, #299, #2278, .T. ) ;
#3972 = ADVANCED_FACE ( 'NONE', ( #9358 ), #7649, .T. ) ;
#3973 = ORIENTED_EDGE ( 'NONE', *, *, #1991, .T. ) ;
#3974 = ORIENTED_EDGE ( 'NONE', *, *, #7711, .T. ) ;
#3975 = LINE ( 'NONE', #3173, #4359 ) ;
#3976 = ADVANCED_FACE ( 'NONE', ( #5578 ), #5627, .F. ) ;
#3977 = LINE ( 'NONE', #3935, #7869 ) ;
#3978 = PLANE ( 'NONE',  #275 ) ;
#3979 = CARTESIAN_POINT ( 'NONE',  ( 13.00000000000000178, -1.219312084155296683, 45.00000000000000000 ) ) ;
#3980 = EDGE_LOOP ( 'NONE', ( #5823, #6148, #9620, #208 ) ) ;
#3981 = LINE ( 'NONE', #2286, #8367 ) ;
#3982 = ORIENTED_EDGE ( 'NONE', *, *, #3539, .F. ) ;
#3983 = ORIENTED_EDGE ( 'NONE', *, *, #2666, .F. ) ;
#3984 = CARTESIAN_POINT ( 'NONE',  ( -11.09999999999999609, 10.80000000000000071, 24.99999999999997868 ) ) ;
#3985 = FACE_OUTER_BOUND ( 'NONE', #1247, .T. ) ;
#3986 = ORIENTED_EDGE ( 'NONE', *, *, #4818, .T. ) ;
#3987 = DIRECTION ( 'NONE',  ( 0.000000000000000000, -1.000000000000000000, 0.000000000000000000 ) ) ;
#3988 = CARTESIAN_POINT ( 'NONE',  ( 6.000000000000000000, 4.780687915844703539, 50.60000000000000142 ) ) ;
#3989 = DIRECTION ( 'NONE',  ( -0.000000000000000000, 1.000000000000000000, -0.000000000000000000 ) ) ;
#3990 = DIRECTION ( 'NONE',  ( -0.000000000000000000, 1.000000000000000000, 0.000000000000000000 ) ) ;
#3991 = VERTEX_POINT ( 'NONE', #2565 ) ;
#3992 = CARTESIAN_POINT ( 'NONE',  ( 31.50000000000000000, 3.780687915844703539, 71.99999999999998579 ) ) ;
#3993 = ORIENTED_EDGE ( 'NONE', *, *, #4453, .T. ) ;
#3994 = EDGE_CURVE ( 'NONE', #4554, #9753, #8846, .T. ) ;
#3995 = ORIENTED_EDGE ( 'NONE', *, *, #859, .F. ) ;
#3996 = CARTESIAN_POINT ( 'NONE',  ( 26.99999999999999645, 4.780687915844703539, 72.00000000000000000 ) ) ;
#3997 = CARTESIAN_POINT ( 'NONE',  ( -9.500000000000001776, -0.2193120841552965994, -72.00000000000000000 ) ) ;
#3998 = FACE_OUTER_BOUND ( 'NONE', #4170, .T. ) ;
#3999 = DIRECTION ( 'NONE',  ( -8.673617379884028570E-16, 0.000000000000000000, -1.000000000000000000 ) ) ;
#4000 = CARTESIAN_POINT ( 'NONE',  ( 9.499999999999932498, 0.7499999999999997780, 32.49999999999999289 ) ) ;
#4001 = LINE ( 'NONE', #194, #5478 ) ;
#4002 = EDGE_LOOP ( 'NONE', ( #4048, #826, #3181, #7966, #8861, #297 ) ) ;
#4003 = DIRECTION ( 'NONE',  ( -0.000000000000000000, -0.000000000000000000, 1.000000000000000000 ) ) ;
#4004 = VECTOR ( 'NONE', #3004, 1000.000000000000000 ) ;
#4005 = VECTOR ( 'NONE', #5973, 1000.000000000000000 ) ;
#4006 = CIRCLE ( 'NONE', #5284, 15.00000000000000000 ) ;
#4007 = EDGE_LOOP ( 'NONE', ( #1286, #5583, #3982, #519 ) ) ;
#4008 = VERTEX_POINT ( 'NONE', #9504 ) ;
#4009 = EDGE_CURVE ( 'NONE', #3162, #7650, #2624, .T. ) ;
#4010 = CARTESIAN_POINT ( 'NONE',  ( 17.00000000000000000, -1.219312084155296683, 46.00000000000000000 ) ) ;
#4011 = EDGE_CURVE ( 'NONE', #2483, #7763, #5726, .T. ) ;
#4012 = ORIENTED_EDGE ( 'NONE', *, *, #2924, .T. ) ;
#4013 = DIRECTION ( 'NONE',  ( 1.000000000000000000, 0.000000000000000000, -0.000000000000000000 ) ) ;
#4014 = CARTESIAN_POINT ( 'NONE',  ( -7.500000000000001776, 1.890660852021001315, 34.26320526901057661 ) ) ;
#4015 = AXIS2_PLACEMENT_3D ( 'NONE', #7079, #4813, #6477 ) ;
#4016 = DIRECTION ( 'NONE',  ( 3.652049423109082125E-16, 0.000000000000000000, -1.000000000000000000 ) ) ;
#4017 = VERTEX_POINT ( 'NONE', #8696 ) ;
#4018 = CIRCLE ( 'NONE', #9639, 13.49999999999999822 ) ;
#4019 = VECTOR ( 'NONE', #1942, 1000.000000000000114 ) ;
#4020 = EDGE_LOOP ( 'NONE', ( #7043, #1738, #904, #8591 ) ) ;
#4021 = EDGE_CURVE ( 'NONE', #9758, #5448, #7186, .T. ) ;
#4022 = DIRECTION ( 'NONE',  ( 0.000000000000000000, 0.000000000000000000, -1.000000000000000000 ) ) ;
#4023 = ADVANCED_FACE ( 'NONE', ( #364 ), #7994, .F. ) ;
#4024 = DIRECTION ( 'NONE',  ( -0.000000000000000000, 1.000000000000000000, -0.000000000000000000 ) ) ;
#4025 = DIRECTION ( 'NONE',  ( 0.000000000000000000, 1.000000000000000000, 0.000000000000000000 ) ) ;
#4026 = DIRECTION ( 'NONE',  ( -0.000000000000000000, 1.000000000000000000, -0.000000000000000000 ) ) ;
#4027 = VECTOR ( 'NONE', #8656, 1000.000000000000000 ) ;
#4028 = LINE ( 'NONE', #9451, #9352 ) ;
#4029 = VECTOR ( 'NONE', #7618, 1000.000000000000000 ) ;
#4030 = EDGE_CURVE ( 'NONE', #5637, #6899, #3680, .T. ) ;
#4031 = ORIENTED_EDGE ( 'NONE', *, *, #3295, .F. ) ;
#4032 = PERSON_AND_ORGANIZATION ( #8748, #7567 ) ;
#4033 = ORIENTED_EDGE ( 'NONE', *, *, #3774, .F. ) ;
#4034 = VERTEX_POINT ( 'NONE', #1914 ) ;
#4035 = VECTOR ( 'NONE', #9313, 1000.000000000000000 ) ;
#4036 = VECTOR ( 'NONE', #1698, 1000.000000000000000 ) ;
#4037 = ORIENTED_EDGE ( 'NONE', *, *, #2400, .F. ) ;
#4038 = VECTOR ( 'NONE', #4361, 1000.000000000000000 ) ;
#4039 = EDGE_CURVE ( 'NONE', #3582, #3543, #5031, .T. ) ;
#4040 = CARTESIAN_POINT ( 'NONE',  ( 17.00000000000000000, 4.780687915844703539, 46.00000000000000000 ) ) ;
#4041 = ORIENTED_EDGE ( 'NONE', *, *, #8639, .T. ) ;
#4042 = LINE ( 'NONE', #9323, #1946 ) ;
#4043 = CARTESIAN_POINT ( 'NONE',  ( 7.500000000000001776, 1.780687915844703539, 45.00000000000000000 ) ) ;
#4044 = CARTESIAN_POINT ( 'NONE',  ( -2.906707048696245188, 4.593751639243115470, 10.73251428678485020 ) ) ;
#4045 = VECTOR ( 'NONE', #3785, 1000.000000000000000 ) ;
#4046 = AXIS2_PLACEMENT_3D ( 'NONE', #939, #4057, #3305 ) ;
#4047 = DIRECTION ( 'NONE',  ( -1.000000000000000000, -0.000000000000000000, -2.275047181608928137E-16 ) ) ;
#4048 = ORIENTED_EDGE ( 'NONE', *, *, #7836, .F. ) ;
#4049 = CARTESIAN_POINT ( 'NONE',  ( 23.20000000000002771, 0.000000000000000000, 0.000000000000000000 ) ) ;
#4050 = ORIENTED_EDGE ( 'NONE', *, *, #7831, .T. ) ;
#4051 = AXIS2_PLACEMENT_3D ( 'NONE', #4499, #2147, #693 ) ;
#4052 = ORIENTED_EDGE ( 'NONE', *, *, #531, .F. ) ;
#4053 = CIRCLE ( 'NONE', #1491, 15.00000000000000000 ) ;
#4054 = CARTESIAN_POINT ( 'NONE',  ( -2.145068389081270954, 4.780687915844703539, -40.59730341299590606 ) ) ;
#4055 = PLANE ( 'NONE',  #5305 ) ;
#4056 = LINE ( 'NONE', #3254, #3264 ) ;
#4057 = DIRECTION ( 'NONE',  ( 0.000000000000000000, -1.000000000000000000, 0.000000000000000000 ) ) ;
#4058 = CARTESIAN_POINT ( 'NONE',  ( 26.99999999999999645, -1.219312084155296683, 59.50000000000000711 ) ) ;
#4059 = DIRECTION ( 'NONE',  ( 0.000000000000000000, 0.000000000000000000, 1.000000000000000000 ) ) ;
#4060 = VECTOR ( 'NONE', #5768, 1000.000000000000000 ) ;
#4061 = EDGE_LOOP ( 'NONE', ( #1584, #4869, #202, #7938 ) ) ;
#4062 = DIRECTION ( 'NONE',  ( 0.000000000000000000, 1.000000000000000000, 0.000000000000000000 ) ) ;
#4063 = VECTOR ( 'NONE', #5641, 1000.000000000000000 ) ;
#4064 = ORIENTED_EDGE ( 'NONE', *, *, #6797, .F. ) ;
#4065 = ORIENTED_EDGE ( 'NONE', *, *, #3031, .F. ) ;
#4066 = AXIS2_PLACEMENT_3D ( 'NONE', #7167, #1139, #7272 ) ;
#4067 = CARTESIAN_POINT ( 'NONE',  ( -6.672871968404264997, 2.636269326656160761, 33.42740635999767562 ) ) ;
#4068 = ORIENTED_EDGE ( 'NONE', *, *, #7662, .T. ) ;
#4069 = FACE_OUTER_BOUND ( 'NONE', #5159, .T. ) ;
#4070 = VECTOR ( 'NONE', #8481, 1000.000000000000000 ) ;
#4071 = CYLINDRICAL_SURFACE ( 'NONE', #4842, 20.00000000000000355 ) ;
#4072 = LINE ( 'NONE', #9592, #8209 ) ;
#4073 = CIRCLE ( 'NONE', #4560, 2.100000000000004530 ) ;
#4074 = ORIENTED_EDGE ( 'NONE', *, *, #1652, .T. ) ;
#4075 =( BOUNDED_CURVE ( )  B_SPLINE_CURVE ( 3, ( #8067, #2533, #6505, #1787 ),
 .UNSPECIFIED., .F., .F. ) 
 B_SPLINE_CURVE_WITH_KNOTS ( ( 4, 4 ),
 ( 4.199376940798750013, 4.712388980384700332 ),
 .UNSPECIFIED. ) 
 CURVE ( )  GEOMETRIC_REPRESENTATION_ITEM ( )  RATIONAL_B_SPLINE_CURVE ( ( 1.000000000000000000, 0.9781882079185706402, 0.9781882079185706402, 1.000000000000000000 ) ) 
 REPRESENTATION_ITEM ( '' )  );
#4076 = EDGE_CURVE ( 'NONE', #2337, #1222, #4928, .T. ) ;
#4077 = CARTESIAN_POINT ( 'NONE',  ( 17.49999999999999645, 4.780687915844703539, 53.99999999999999289 ) ) ;
#4078 = ADVANCED_FACE ( 'NONE', ( #413 ), #2519, .F. ) ;
#4079 = AXIS2_PLACEMENT_3D ( 'NONE', #9329, #2302, #5362 ) ;
#4080 = VERTEX_POINT ( 'NONE', #1065 ) ;
#4081 = DIRECTION ( 'NONE',  ( 1.000000000000000000, -0.000000000000000000, 1.365923996832130623E-16 ) ) ;
#4082 = CARTESIAN_POINT ( 'NONE',  ( -20.49999999999991829, 3.780687915844703539, 39.99999999999999289 ) ) ;
#4083 = LINE ( 'NONE', #8699, #9173 ) ;
#4084 = CARTESIAN_POINT ( 'NONE',  ( 24.24999999999993605, 1.500000000000001332, -84.61685935133216674 ) ) ;
#4085 = LINE ( 'NONE', #7997, #7747 ) ;
#4086 = EDGE_CURVE ( 'NONE', #9825, #1483, #3202, .T. ) ;
#4087 = ORIENTED_EDGE ( 'NONE', *, *, #5626, .T. ) ;
#4088 = PERSON_AND_ORGANIZATION ( #8748, #7567 ) ;
#4089 = ORIENTED_EDGE ( 'NONE', *, *, #910, .F. ) ;
#4090 = ORIENTED_EDGE ( 'NONE', *, *, #6679, .T. ) ;
#4091 = CARTESIAN_POINT ( 'NONE',  ( 8.500000000000000000, -0.2193120841552965994, 0.000000000000000000 ) ) ;
#4092 = ORIENTED_EDGE ( 'NONE', *, *, #3615, .T. ) ;
#4093 = EDGE_CURVE ( 'NONE', #7046, #7543, #6897, .T. ) ;
#4094 = LINE ( 'NONE', #3669, #348 ) ;
#4095 = CARTESIAN_POINT ( 'NONE',  ( 27.74999999999999645, -1.691654479331865729E-13, -87.50000000000224532 ) ) ;
#4096 = CARTESIAN_POINT ( 'NONE',  ( -2.401065458903561822, 4.725049876822161821, 13.30878023092422247 ) ) ;
#4097 = EDGE_CURVE ( 'NONE', #1102, #6315, #4126, .T. ) ;
#4098 = DIRECTION ( 'NONE',  ( 1.000000000000000000, -0.000000000000000000, 5.634144622830656211E-16 ) ) ;
#4099 = EDGE_CURVE ( 'NONE', #7624, #6959, #1602, .T. ) ;
#4100 = ORIENTED_EDGE ( 'NONE', *, *, #4986, .T. ) ;
#4101 = DIRECTION ( 'NONE',  ( 0.000000000000000000, -1.000000000000000000, 0.000000000000000000 ) ) ;
#4102 = VERTEX_POINT ( 'NONE', #9556 ) ;
#4103 = EDGE_LOOP ( 'NONE', ( #794, #5290 ) ) ;
#4104 = CARTESIAN_POINT ( 'NONE',  ( 2.308517379148995757E-15, -1.719312084155296239, 11.49999999999999289 ) ) ;
#4105 = EDGE_CURVE ( 'NONE', #8489, #9205, #9304, .T. ) ;
#4106 = LINE ( 'NONE', #7210, #9640 ) ;
#4107 = CARTESIAN_POINT ( 'NONE',  ( 24.00000000000000711, 8.000000000000000000, -80.00000000000001421 ) ) ;
#4108 = CARTESIAN_POINT ( 'NONE',  ( -4.200000000000000178, 10.80000000000000071, 51.90000000000001279 ) ) ;
#4109 = DIRECTION ( 'NONE',  ( 0.000000000000000000, 0.000000000000000000, 1.000000000000000000 ) ) ;
#4110 = DIRECTION ( 'NONE',  ( 0.000000000000000000, 0.000000000000000000, 1.000000000000000000 ) ) ;
#4111 = CARTESIAN_POINT ( 'NONE',  ( 19.79999999999996874, -6.769312084155298059, -56.84601004648968114 ) ) ;
#4112 = VERTEX_POINT ( 'NONE', #7298 ) ;
#4113 = DIRECTION ( 'NONE',  ( 0.000000000000000000, -1.000000000000000000, 0.000000000000000000 ) ) ;
#4114 = EDGE_LOOP ( 'NONE', ( #4563, #3841, #7494, #2212 ) ) ;
#4115 = ORIENTED_EDGE ( 'NONE', *, *, #9199, .T. ) ;
#4116 = CARTESIAN_POINT ( 'NONE',  ( -6.409413160351052241, 2.842746659834701095, 32.70082299892234801 ) ) ;
#4117 = ORIENTED_EDGE ( 'NONE', *, *, #2857, .F. ) ;
#4118 = LINE ( 'NONE', #203, #9310 ) ;
#4119 = LINE ( 'NONE', #301, #3718 ) ;
#4120 = LINE ( 'NONE', #302, #5157 ) ;
#4121 = VECTOR ( 'NONE', #8050, 1000.000000000000000 ) ;
#4122 = VERTEX_POINT ( 'NONE', #3477 ) ;
#4123 = DIRECTION ( 'NONE',  ( -0.5240974256643353701, 0.8516583167045433944, 0.000000000000000000 ) ) ;
#4124 = VERTEX_POINT ( 'NONE', #6534 ) ;
#4125 = PLANE ( 'NONE',  #8039 ) ;
#4126 = LINE ( 'NONE', #4082, #7697 ) ;
#4127 = DIRECTION ( 'NONE',  ( -1.000000000000000000, 2.392722035830078479E-16, -0.000000000000000000 ) ) ;
#4128 = CARTESIAN_POINT ( 'NONE',  ( 12.60000000000000675, 9.799999999999998934, 25.19999999999997087 ) ) ;
#4129 =( BOUNDED_CURVE ( )  B_SPLINE_CURVE ( 3, ( #2357, #3817, #800, #6066 ),
 .UNSPECIFIED., .F., .F. ) 
 B_SPLINE_CURVE_WITH_KNOTS ( ( 4, 4 ),
 ( 1.057784287208962892, 1.570796326794907438 ),
 .UNSPECIFIED. ) 
 CURVE ( )  GEOMETRIC_REPRESENTATION_ITEM ( )  RATIONAL_B_SPLINE_CURVE ( ( 1.000000000000000000, 0.9781882079185710843, 0.9781882079185710843, 1.000000000000000000 ) ) 
 REPRESENTATION_ITEM ( '' )  );
#4130 = DIRECTION ( 'NONE',  ( -1.156482317317874190E-16, 0.000000000000000000, -1.000000000000000000 ) ) ;
#4131 = ORIENTED_EDGE ( 'NONE', *, *, #1745, .T. ) ;
#4132 = PERSON_AND_ORGANIZATION ( #8748, #7567 ) ;
#4133 = ORIENTED_EDGE ( 'NONE', *, *, #6238, .T. ) ;
#4134 = VERTEX_POINT ( 'NONE', #5773 ) ;
#4135 = CARTESIAN_POINT ( 'NONE',  ( 21.70000000000002416, 4.780687915844703539, -59.05398995351029612 ) ) ;
#4136 = VERTEX_POINT ( 'NONE', #4276 ) ;
#4137 = EDGE_CURVE ( 'NONE', #2846, #5100, #3278, .T. ) ;
#4138 = EDGE_CURVE ( 'NONE', #3190, #4632, #1439, .T. ) ;
#4139 = DIRECTION ( 'NONE',  ( 1.000000000000000000, 0.000000000000000000, 0.000000000000000000 ) ) ;
#4140 = CARTESIAN_POINT ( 'NONE',  ( -8.500000000000000000, -0.2193120841552965994, 30.63708988850492787 ) ) ;
#4141 = FACE_OUTER_BOUND ( 'NONE', #5576, .T. ) ;
#4142 = ADVANCED_FACE ( 'NONE', ( #8944 ), #6682, .F. ) ;
#4143 = DIRECTION ( 'NONE',  ( -1.541976423090493661E-15, 0.000000000000000000, -1.000000000000000000 ) ) ;
#4144 = VERTEX_POINT ( 'NONE', #6725 ) ;
#4145 = CARTESIAN_POINT ( 'NONE',  ( -17.00000000000000000, 4.780687915844703539, 46.00000000000000000 ) ) ;
#4146 = VERTEX_POINT ( 'NONE', #8291 ) ;
#4147 = EDGE_CURVE ( 'NONE', #9917, #6388, #4370, .T. ) ;
#4148 = ORIENTED_EDGE ( 'NONE', *, *, #8693, .F. ) ;
#4149 = CARTESIAN_POINT ( 'NONE',  ( 9.500000000000015987, -5.219312084155296461, 19.99999999999999289 ) ) ;
#4150 = ADVANCED_FACE ( 'NONE', ( #8187 ), #2109, .F. ) ;
#4151 = PLANE ( 'NONE',  #2097 ) ;
#4152 = DIRECTION ( 'NONE',  ( 0.000000000000000000, -1.000000000000000000, 0.000000000000000000 ) ) ;
#4153 = PLANE ( 'NONE',  #8850 ) ;
#4154 = DIRECTION ( 'NONE',  ( -0.000000000000000000, 0.000000000000000000, 1.000000000000000000 ) ) ;
#4155 = CARTESIAN_POINT ( 'NONE',  ( 6.399823581195859923, 2.849985688161228659, 32.60035220415602453 ) ) ;
#4156 = PLANE ( 'NONE',  #678 ) ;
#4157 = ORIENTED_EDGE ( 'NONE', *, *, #3912, .F. ) ;
#4158 = DIRECTION ( 'NONE',  ( 1.000000000000000000, 0.000000000000000000, 0.000000000000000000 ) ) ;
#4159 = ADVANCED_FACE ( 'NONE', ( #1408, #2059 ), #4469, .T. ) ;
#4160 = ORIENTED_EDGE ( 'NONE', *, *, #601, .F. ) ;
#4161 = ORIENTED_EDGE ( 'NONE', *, *, #3909, .F. ) ;
#4162 = DIRECTION ( 'NONE',  ( -1.000000000000000000, -0.000000000000000000, -0.000000000000000000 ) ) ;
#4163 = EDGE_CURVE ( 'NONE', #2589, #6078, #7537, .T. ) ;
#4164 = VERTEX_POINT ( 'NONE', #8901 ) ;
#4165 = PLANE ( 'NONE',  #6 ) ;
#4166 = LINE ( 'NONE', #7374, #4684 ) ;
#4167 = CARTESIAN_POINT ( 'NONE',  ( -31.50000000000000000, 3.780687915844703539, 71.99999999999998579 ) ) ;
#4168 = AXIS2_PLACEMENT_3D ( 'NONE', #6638, #6579, #5221 ) ;
#4169 = VECTOR ( 'NONE', #1101, 1000.000000000000000 ) ;
#4170 = EDGE_LOOP ( 'NONE', ( #4778, #2931, #709, #1534 ) ) ;
#4171 = DIRECTION ( 'NONE',  ( 1.000000000000000000, -0.000000000000000000, -0.000000000000000000 ) ) ;
#4172 = ORIENTED_EDGE ( 'NONE', *, *, #3652, .T. ) ;
#4173 = VECTOR ( 'NONE', #2154, 1000.000000000000000 ) ;
#4174 = FACE_OUTER_BOUND ( 'NONE', #9292, .T. ) ;
#4175 = CARTESIAN_POINT ( 'NONE',  ( 25.20000000000002771, -6.519312084155297171, -59.05398995351029612 ) ) ;
#4176 = FACE_BOUND ( 'NONE', #1365, .T. ) ;
#4177 = VECTOR ( 'NONE', #9935, 1000.000000000000000 ) ;
#4178 = CARTESIAN_POINT ( 'NONE',  ( 0.000000000000000000, 10.80000000000000071, 0.000000000000000000 ) ) ;
#4179 = LINE ( 'NONE', #2715, #8389 ) ;
#4180 = EDGE_CURVE ( 'NONE', #528, #1836, #7535, .T. ) ;
#4181 = VECTOR ( 'NONE', #560, 1000.000000000000114 ) ;
#4182 = VECTOR ( 'NONE', #7707, 1000.000000000000000 ) ;
#4183 = ORIENTED_EDGE ( 'NONE', *, *, #4212, .T. ) ;
#4184 = ORIENTED_EDGE ( 'NONE', *, *, #2968, .T. ) ;
#4185 = ORIENTED_EDGE ( 'NONE', *, *, #5017, .F. ) ;
#4186 = CARTESIAN_POINT ( 'NONE',  ( 5.791846533066408398, 3.279760952409069841, -72.53931314903836380 ) ) ;
#4187 = CARTESIAN_POINT ( 'NONE',  ( 11.10000000000000142, 10.80000000000000071, 24.99999999999997513 ) ) ;
#4188 = EDGE_LOOP ( 'NONE', ( #1935, #954, #7756, #8036, #4996, #3329, #4940, #476, #9703, #2079, #3700, #3636 ) ) ;
#4189 = AXIS2_PLACEMENT_3D ( 'NONE', #3271, #6332, #3825 ) ;
#4190 = VECTOR ( 'NONE', #4470, 1000.000000000000000 ) ;
#4191 = LINE ( 'NONE', #5173, #182 ) ;
#4192 = DIRECTION ( 'NONE',  ( -1.000000000000000000, 0.000000000000000000, -9.340818716798197812E-16 ) ) ;
#4193 = CYLINDRICAL_SURFACE ( 'NONE', #681, 1.000000000000000888 ) ;
#4194 = CARTESIAN_POINT ( 'NONE',  ( 0.000000000000000000, -6.519312084155297171, -56.59601004648968114 ) ) ;
#4195 = ORIENTED_EDGE ( 'NONE', *, *, #9623, .F. ) ;
#4196 = FACE_OUTER_BOUND ( 'NONE', #6592, .T. ) ;
#4197 = EDGE_CURVE ( 'NONE', #7392, #4554, #9778, .T. ) ;
#4198 = AXIS2_PLACEMENT_3D ( 'NONE', #7031, #153, #3212 ) ;
#4199 = AXIS2_PLACEMENT_3D ( 'NONE', #109, #950, #6377 ) ;
#4200 = EDGE_CURVE ( 'NONE', #2681, #1592, #3721, .T. ) ;
#4201 = ORIENTED_EDGE ( 'NONE', *, *, #2560, .F. ) ;
#4202 = EDGE_LOOP ( 'NONE', ( #7074, #18, #4068, #5363 ) ) ;
#4203 = CARTESIAN_POINT ( 'NONE',  ( 23.00000000000000000, -1.219312084155296683, 61.00000000000000000 ) ) ;
#4204 = FACE_OUTER_BOUND ( 'NONE', #2687, .T. ) ;
#4205 = VECTOR ( 'NONE', #143, 1000.000000000000000 ) ;
#4206 = LINE ( 'NONE', #3501, #8881 ) ;
#4207 = VECTOR ( 'NONE', #2356, 1000.000000000000000 ) ;
#4208 = LINE ( 'NONE', #6320, #4841 ) ;
#4209 = DIRECTION ( 'NONE',  ( -0.000000000000000000, -0.000000000000000000, 1.000000000000000000 ) ) ;
#4210 = CARTESIAN_POINT ( 'NONE',  ( 6.999758162913512827, 2.361811062197222810, 31.14462597485750095 ) ) ;
#4211 = CARTESIAN_POINT ( 'NONE',  ( -9.999999999999978684, 1.999999999999999112, -72.00000000000000000 ) ) ;
#4212 = EDGE_CURVE ( 'NONE', #1626, #6710, #4526, .T. ) ;
#4213 = ORIENTED_EDGE ( 'NONE', *, *, #4691, .T. ) ;
#4214 = DIRECTION ( 'NONE',  ( 1.000000000000000000, 0.000000000000000000, -0.000000000000000000 ) ) ;
#4215 = ADVANCED_FACE ( 'NONE', ( #2963 ), #5917, .F. ) ;
#4216 = ORIENTED_EDGE ( 'NONE', *, *, #9496, .T. ) ;
#4217 = CIRCLE ( 'NONE', #9351, 10.00000000000000178 ) ;
#4218 = PLANE ( 'NONE',  #472 ) ;
#4219 = EDGE_LOOP ( 'NONE', ( #1469, #2044, #8379, #2828 ) ) ;
#4220 = DIRECTION ( 'NONE',  ( 1.156482317317873451E-16, 0.000000000000000000, -1.000000000000000000 ) ) ;
#4221 = DIRECTION ( 'NONE',  ( 0.000000000000000000, 0.000000000000000000, 1.000000000000000000 ) ) ;
#4222 = DIRECTION ( 'NONE',  ( -1.652117596168394412E-16, -0.000000000000000000, 1.000000000000000000 ) ) ;
#4223 = EDGE_CURVE ( 'NONE', #9300, #4550, #6025, .T. ) ;
#4224 = VECTOR ( 'NONE', #8139, 1000.000000000000000 ) ;
#4225 = VECTOR ( 'NONE', #8455, 1000.000000000000000 ) ;
#4226 = ADVANCED_FACE ( 'NONE', ( #2214 ), #5271, .F. ) ;
#4227 = EDGE_LOOP ( 'NONE', ( #8416, #1071, #1163, #8015 ) ) ;
#4228 = LINE ( 'NONE', #9702, #7107 ) ;
#4229 = EDGE_CURVE ( 'NONE', #6094, #3354, #5920, .T. ) ;
#4230 = ORIENTED_EDGE ( 'NONE', *, *, #912, .F. ) ;
#4231 = VECTOR ( 'NONE', #6763, 1000.000000000000000 ) ;
#4232 = AXIS2_PLACEMENT_3D ( 'NONE', #4243, #7306, #425 ) ;
#4233 = CARTESIAN_POINT ( 'NONE',  ( -19.79999999999996874, -5.519312084155297171, -55.59601004648968114 ) ) ;
#4234 = DIRECTION ( 'NONE',  ( 0.000000000000000000, 0.000000000000000000, -1.000000000000000000 ) ) ;
#4235 = PLANE ( 'NONE',  #5623 ) ;
#4236 = DIRECTION ( 'NONE',  ( -0.000000000000000000, 1.000000000000000000, -0.000000000000000000 ) ) ;
#4237 = VECTOR ( 'NONE', #9887, 1000.000000000000000 ) ;
#4238 = PLANE ( 'NONE',  #3900 ) ;
#4239 = CIRCLE ( 'NONE', #2102, 3.000000000000000888 ) ;
#4240 = VERTEX_POINT ( 'NONE', #607 ) ;
#4241 = ORIENTED_EDGE ( 'NONE', *, *, #6387, .F. ) ;
#4242 = CARTESIAN_POINT ( 'NONE',  ( 7.071854706777019217, 2.296821020449896444, -73.68584652194653017 ) ) ;
#4243 = CARTESIAN_POINT ( 'NONE',  ( 59.99999999999999289, 0.000000000000000000, -60.00000000000001421 ) ) ;
#4244 = VERTEX_POINT ( 'NONE', #4318 ) ;
#4245 = CARTESIAN_POINT ( 'NONE',  ( -39.99999999999997158, -5.219312084155296461, -47.00000000000001421 ) ) ;
#4246 = LINE ( 'NONE', #5787, #9692 ) ;
#4247 = LINE ( 'NONE', #1373, #6943 ) ;
#4248 = DIRECTION ( 'NONE',  ( 0.000000000000000000, 0.000000000000000000, -1.000000000000000000 ) ) ;
#4249 = VERTEX_POINT ( 'NONE', #7384 ) ;
#4250 = DIRECTION ( 'NONE',  ( -1.000000000000000000, 0.000000000000000000, 2.275047181608929616E-16 ) ) ;
#4251 = ORIENTED_EDGE ( 'NONE', *, *, #8811, .T. ) ;
#4252 = ORIENTED_EDGE ( 'NONE', *, *, #234, .T. ) ;
#4253 = ORIENTED_EDGE ( 'NONE', *, *, #7339, .F. ) ;
#4254 = DIRECTION ( 'NONE',  ( 8.673617379884028570E-16, 0.000000000000000000, -1.000000000000000000 ) ) ;
#4255 = CARTESIAN_POINT ( 'NONE',  ( -17.50000000000000000, 1.780687915844703539, 72.00000000000000000 ) ) ;
#4256 = DIRECTION ( 'NONE',  ( 1.476360405086644309E-16, 0.000000000000000000, 1.000000000000000000 ) ) ;
#4257 = FACE_OUTER_BOUND ( 'NONE', #8790, .T. ) ;
#4258 = ADVANCED_FACE ( 'NONE', ( #4423 ), #3575, .F. ) ;
#4259 = DIRECTION ( 'NONE',  ( -1.000000000000000000, 0.000000000000000000, -3.016910393003142859E-15 ) ) ;
#4260 = CARTESIAN_POINT ( 'NONE',  ( -9.000000000000001776, 4.780687915844703539, 72.00000000000000000 ) ) ;
#4261 = EDGE_LOOP ( 'NONE', ( #4033, #155, #8277, #588, #6680, #1473 ) ) ;
#4262 = DIRECTION ( 'NONE',  ( 0.000000000000000000, 0.000000000000000000, 1.000000000000000000 ) ) ;
#4263 = ORIENTED_EDGE ( 'NONE', *, *, #8631, .T. ) ;
#4264 = LINE ( 'NONE', #3703, #7054 ) ;
#4265 = VERTEX_POINT ( 'NONE', #5326 ) ;
#4266 = CARTESIAN_POINT ( 'NONE',  ( 0.000000000000000000, -3.719312084155296905, 0.000000000000000000 ) ) ;
#4267 = DIRECTION ( 'NONE',  ( 1.000000000000000000, 0.000000000000000000, 0.000000000000000000 ) ) ;
#4268 = EDGE_CURVE ( 'NONE', #6371, #9540, #9907, .T. ) ;
#4269 = DIRECTION ( 'NONE',  ( -0.000000000000000000, 1.000000000000000000, -0.000000000000000000 ) ) ;
#4270 = EDGE_CURVE ( 'NONE', #6496, #6014, #5123, .T. ) ;
#4271 = VECTOR ( 'NONE', #8880, 1000.000000000000000 ) ;
#4272 = EDGE_LOOP ( 'NONE', ( #1994, #7377, #6068, #7615 ) ) ;
#4273 = FACE_OUTER_BOUND ( 'NONE', #6891, .T. ) ;
#4274 = ORIENTED_EDGE ( 'NONE', *, *, #9319, .F. ) ;
#4275 = DIRECTION ( 'NONE',  ( -0.000000000000000000, 1.000000000000000000, -0.000000000000000000 ) ) ;
#4276 = CARTESIAN_POINT ( 'NONE',  ( -23.00000000000000000, -1.219312084155296683, 59.75000000000000000 ) ) ;
#4277 = ADVANCED_FACE ( 'NONE', ( #151 ), #6183, .F. ) ;
#4278 = CARTESIAN_POINT ( 'NONE',  ( -26.99999999999999645, -1.219312084155296683, 64.00000000000000000 ) ) ;
#4279 = EDGE_CURVE ( 'NONE', #8545, #9897, #7641, .T. ) ;
#4280 = DIRECTION ( 'NONE',  ( 0.000000000000000000, -1.000000000000000000, 0.000000000000000000 ) ) ;
#4281 = CARTESIAN_POINT ( 'NONE',  ( -11.59999999999999609, 10.80000000000000071, 22.19999999999997442 ) ) ;
#4282 = AXIS2_PLACEMENT_3D ( 'NONE', #5728, #1020, #8849 ) ;
#4283 = ORIENTED_EDGE ( 'NONE', *, *, #2969, .T. ) ;
#4284 = EDGE_CURVE ( 'NONE', #3299, #8240, #4731, .T. ) ;
#4285 = ORIENTED_EDGE ( 'NONE', *, *, #3168, .F. ) ;
#4286 = CARTESIAN_POINT ( 'NONE',  ( 17.50000000000000000, 1.780687915844703539, 72.00000000000000000 ) ) ;
#4287 = FACE_OUTER_BOUND ( 'NONE', #2219, .T. ) ;
#4288 = EDGE_LOOP ( 'NONE', ( #3227, #2709, #5439, #3674, #6045, #9701, #7956, #8732 ) ) ;
#4289 = CARTESIAN_POINT ( 'NONE',  ( 40.00000000000002132, 4.780687915844703539, -48.99999999999999289 ) ) ;
#4290 = CARTESIAN_POINT ( 'NONE',  ( -9.999999999999976907, -2.000000000000000000, -72.00000000000000000 ) ) ;
#4291 = LINE ( 'NONE', #9614, #4377 ) ;
#4292 = ORIENTED_EDGE ( 'NONE', *, *, #8323, .T. ) ;
#4293 = FACE_OUTER_BOUND ( 'NONE', #2033, .T. ) ;
#4294 = VERTEX_POINT ( 'NONE', #5419 ) ;
#4295 = ORIENTED_EDGE ( 'NONE', *, *, #2106, .F. ) ;
#4296 = VERTEX_POINT ( 'NONE', #3164 ) ;
#4297 = FACE_OUTER_BOUND ( 'NONE', #9736, .T. ) ;
#4298 = DIRECTION ( 'NONE',  ( -0.000000000000000000, -0.000000000000000000, 1.000000000000000000 ) ) ;
#4299 = CARTESIAN_POINT ( 'NONE',  ( -23.00000000000000000, -1.219312084155296683, 59.75000000000000000 ) ) ;
#4300 = CARTESIAN_POINT ( 'NONE',  ( -7.368306704394051110, 2.020448699851752128, -74.59871592377275817 ) ) ;
#4301 = LINE ( 'NONE', #9684, #2186 ) ;
#4302 = LINE ( 'NONE', #2945, #53 ) ;
#4303 = EDGE_CURVE ( 'NONE', #5929, #9879, #6226, .T. ) ;
#4304 = VERTEX_POINT ( 'NONE', #9296 ) ;
#4305 = CARTESIAN_POINT ( 'NONE',  ( -58.49999999999990052, 3.850000000000013411, 72.00000000000000000 ) ) ;
#4306 = VERTEX_POINT ( 'NONE', #3777 ) ;
#4307 = DIRECTION ( 'NONE',  ( 0.000000000000000000, -0.000000000000000000, -1.000000000000000000 ) ) ;
#4308 = ORIENTED_EDGE ( 'NONE', *, *, #3773, .T. ) ;
#4309 = DIRECTION ( 'NONE',  ( 0.000000000000000000, 0.000000000000000000, 1.000000000000000000 ) ) ;
#4310 = CARTESIAN_POINT ( 'NONE',  ( 58.50000000000002132, 4.780687915844703539, -58.50000000000000000 ) ) ;
#4311 = LINE ( 'NONE', #7375, #509 ) ;
#4312 = ORIENTED_EDGE ( 'NONE', *, *, #767, .F. ) ;
#4313 = DIRECTION ( 'NONE',  ( -1.000000000000000000, -0.000000000000000000, -3.652049423109081632E-16 ) ) ;
#4314 = EDGE_CURVE ( 'NONE', #9189, #528, #907, .T. ) ;
#4315 = ADVANCED_FACE ( 'NONE', ( #3010 ), #7737, .F. ) ;
#4316 = ORIENTED_EDGE ( 'NONE', *, *, #6806, .F. ) ;
#4317 = DIRECTION ( 'NONE',  ( -1.000000000000000000, -1.606225440719248864E-16, 0.000000000000000000 ) ) ;
#4318 = CARTESIAN_POINT ( 'NONE',  ( -26.99999999999999645, -1.219312084155296683, 59.50000000000000711 ) ) ;
#4319 = DIRECTION ( 'NONE',  ( -0.000000000000000000, 1.000000000000000000, -0.000000000000000000 ) ) ;
#4320 = VECTOR ( 'NONE', #8429, 1000.000000000000000 ) ;
#4321 = DIRECTION ( 'NONE',  ( 1.000000000000000000, 0.000000000000000000, 5.634144622830656211E-16 ) ) ;
#4322 = EDGE_CURVE ( 'NONE', #8489, #7791, #7028, .T. ) ;
#4323 = ORIENTED_EDGE ( 'NONE', *, *, #7893, .F. ) ;
#4324 = VECTOR ( 'NONE', #2399, 1000.000000000000000 ) ;
#4325 = AXIS2_PLACEMENT_3D ( 'NONE', #9, #7090, #5387 ) ;
#4326 = EDGE_CURVE ( 'NONE', #1041, #2681, #760, .T. ) ;
#4327 = EDGE_LOOP ( 'NONE', ( #7827, #8326, #5348, #8963 ) ) ;
#4328 = CARTESIAN_POINT ( 'NONE',  ( 7.367939697585112135, 2.020799836725306609, -74.59697315872742251 ) ) ;
#4329 = LINE ( 'NONE', #4431, #6444 ) ;
#4330 = ORIENTED_EDGE ( 'NONE', *, *, #8054, .T. ) ;
#4331 = DIRECTION ( 'NONE',  ( 0.000000000000000000, 0.000000000000000000, 1.000000000000000000 ) ) ;
#4332 = AXIS2_PLACEMENT_3D ( 'NONE', #7089, #214, #2374 ) ;
#4333 = VECTOR ( 'NONE', #2323, 1000.000000000000000 ) ;
#4334 = LINE ( 'NONE', #6649, #1658 ) ;
#4335 = ADVANCED_FACE ( 'NONE', ( #5524 ), #9347, .F. ) ;
#4336 = CARTESIAN_POINT ( 'NONE',  ( -59.99999999999987921, -6.500000000000000000, -74.99999999999997158 ) ) ;
#4337 = ORIENTED_EDGE ( 'NONE', *, *, #443, .T. ) ;
#4338 = DIRECTION ( 'NONE',  ( -0.000000000000000000, -1.000000000000000000, -0.000000000000000000 ) ) ;
#4339 = ORIENTED_EDGE ( 'NONE', *, *, #8888, .T. ) ;
#4340 = ADVANCED_FACE ( 'NONE', ( #5467 ), #1563, .F. ) ;
#4341 = ORIENTED_EDGE ( 'NONE', *, *, #6038, .T. ) ;
#4342 = VECTOR ( 'NONE', #1850, 1000.000000000000000 ) ;
#4343 = ORIENTED_EDGE ( 'NONE', *, *, #9211, .T. ) ;
#4344 = ORIENTED_EDGE ( 'NONE', *, *, #8135, .T. ) ;
#4345 = CARTESIAN_POINT ( 'NONE',  ( 2.849950325129380513, 4.609973700822003195, 10.54327479742999074 ) ) ;
#4346 = CARTESIAN_POINT ( 'NONE',  ( -31.50000000000000000, 3.780687915844703539, 71.99999999999998579 ) ) ;
#4347 = FACE_OUTER_BOUND ( 'NONE', #5846, .T. ) ;
#4348 = CARTESIAN_POINT ( 'NONE',  ( -5.943354232878180987, 3.178889975156901304, -72.61217303544866297 ) ) ;
#4349 = DIRECTION ( 'NONE',  ( -1.000000000000000000, -2.392722035830078479E-16, -0.000000000000000000 ) ) ;
#4350 = VECTOR ( 'NONE', #9101, 1000.000000000000000 ) ;
#4351 = AXIS2_PLACEMENT_3D ( 'NONE', #5021, #4967, #3468 ) ;
#4352 = LINE ( 'NONE', #542, #5812 ) ;
#4353 = VERTEX_POINT ( 'NONE', #2269 ) ;
#4354 = CARTESIAN_POINT ( 'NONE',  ( 40.00000000000000000, -5.219312084155296461, 2.999999999999993783 ) ) ;
#4355 = ORIENTED_EDGE ( 'NONE', *, *, #4639, .T. ) ;
#4356 = VECTOR ( 'NONE', #4338, 1000.000000000000000 ) ;
#4357 = AXIS2_PLACEMENT_3D ( 'NONE', #599, #8329, #2807 ) ;
#4358 = DIRECTION ( 'NONE',  ( 0.000000000000000000, -1.000000000000000000, 0.000000000000000000 ) ) ;
#4359 = VECTOR ( 'NONE', #9305, 1000.000000000000114 ) ;
#4360 = ORIENTED_EDGE ( 'NONE', *, *, #6612, .T. ) ;
#4361 = DIRECTION ( 'NONE',  ( -1.000000000000000000, 1.214306433183764966E-16, 0.000000000000000000 ) ) ;
#4362 = DIRECTION ( 'NONE',  ( 1.000000000000000000, -0.000000000000000000, 5.634144622830656211E-16 ) ) ;
#4363 = DIRECTION ( 'NONE',  ( -0.000000000000000000, 1.000000000000000000, -0.000000000000000000 ) ) ;
#4364 = CIRCLE ( 'NONE', #5163, 10.59999999999999964 ) ;
#4365 = EDGE_LOOP ( 'NONE', ( #6654, #6202, #6752, #6647, #4603, #8215 ) ) ;
#4366 = DIRECTION ( 'NONE',  ( 0.000000000000000000, -1.000000000000000000, 0.000000000000000000 ) ) ;
#4367 = AXIS2_PLACEMENT_3D ( 'NONE', #1843, #3679, #6548 ) ;
#4368 = ORIENTED_EDGE ( 'NONE', *, *, #4652, .T. ) ;
#4369 = LINE ( 'NONE', #363, #5615 ) ;
#4370 = LINE ( 'NONE', #8243, #4005 ) ;
#4371 = VECTOR ( 'NONE', #929, 1000.000000000000000 ) ;
#4372 = PLANE ( 'NONE',  #1468 ) ;
#4373 = AXIS2_PLACEMENT_3D ( 'NONE', #821, #729, #1532 ) ;
#4374 = EDGE_CURVE ( 'NONE', #468, #9397, #4491, .T. ) ;
#4375 = CARTESIAN_POINT ( 'NONE',  ( -11.09999999999999609, 9.799999999999998934, 25.99999999999997868 ) ) ;
#4376 = EDGE_CURVE ( 'NONE', #268, #7699, #6882, .T. ) ;
#4377 = VECTOR ( 'NONE', #2727, 999.9999999999998863 ) ;
#4378 = ORIENTED_EDGE ( 'NONE', *, *, #7727, .T. ) ;
#4379 = AXIS2_PLACEMENT_3D ( 'NONE', #5661, #1900, #7574 ) ;
#4380 = ORIENTED_EDGE ( 'NONE', *, *, #4631, .F. ) ;
#4381 = CARTESIAN_POINT ( 'NONE',  ( -19.79999999999996874, -6.519312084155297171, -55.59601004648968114 ) ) ;
#4382 = CARTESIAN_POINT ( 'NONE',  ( 7.099999999999999645, -3.999999999999999112, 54.00000000000001421 ) ) ;
#4383 = EDGE_LOOP ( 'NONE', ( #7324, #6750, #613, #2235, #9721, #590 ) ) ;
#4384 = VECTOR ( 'NONE', #85, 1000.000000000000000 ) ;
#4385 = VECTOR ( 'NONE', #5606, 1000.000000000000000 ) ;
#4386 = DIRECTION ( 'NONE',  ( -0.000000000000000000, 1.000000000000000000, -0.000000000000000000 ) ) ;
#4387 = FACE_OUTER_BOUND ( 'NONE', #4682, .T. ) ;
#4388 = ADVANCED_FACE ( 'NONE', ( #3061 ), #4625, .F. ) ;
#4389 = CARTESIAN_POINT ( 'NONE',  ( -59.99999999999987210, 8.000000000000000000, -80.00000000000001421 ) ) ;
#4390 = ORIENTED_EDGE ( 'NONE', *, *, #7006, .F. ) ;
#4391 = CARTESIAN_POINT ( 'NONE',  ( 40.00000000000002132, 4.780687915844703539, -48.99999999999998579 ) ) ;
#4392 = ORIENTED_EDGE ( 'NONE', *, *, #6262, .F. ) ;
#4393 = VERTEX_POINT ( 'NONE', #62 ) ;
#4394 = CIRCLE ( 'NONE', #6802, 10.00000000000000178 ) ;
#4395 = EDGE_LOOP ( 'NONE', ( #8998, #6142, #9423, #5396, #2511, #9119, #2863, #4621 ) ) ;
#4396 = ADVANCED_FACE ( 'NONE', ( #3119 ), #2611, .T. ) ;
#4397 = ORIENTED_EDGE ( 'NONE', *, *, #5177, .F. ) ;
#4398 = PLANE ( 'NONE',  #3225 ) ;
#4399 = CARTESIAN_POINT ( 'NONE',  ( 8.450697058314460719, 0.7214440852535839444, -72.00000000000000000 ) ) ;
#4400 = EDGE_CURVE ( 'NONE', #2273, #8086, #8786, .T. ) ;
#4401 = DIRECTION ( 'NONE',  ( -1.000000000000000000, 0.000000000000000000, 0.000000000000000000 ) ) ;
#4402 = DIRECTION ( 'NONE',  ( 0.000000000000000000, -1.000000000000000000, 0.000000000000000000 ) ) ;
#4403 = EDGE_CURVE ( 'NONE', #4122, #2959, #7227, .T. ) ;
#4404 = PLANE ( 'NONE',  #783 ) ;
#4405 = CYLINDRICAL_SURFACE ( 'NONE', #5335, 2.000000000002175593 ) ;
#4406 = ADVANCED_FACE ( 'NONE', ( #1907 ), #4165, .F. ) ;
#4407 = EDGE_LOOP ( 'NONE', ( #4292, #5373, #8346, #3623, #2184, #6697 ) ) ;
#4408 = CARTESIAN_POINT ( 'NONE',  ( -12.34999999999999076, 10.84999999999999964, 42.14999999999997016 ) ) ;
#4409 = ORIENTED_EDGE ( 'NONE', *, *, #7029, .F. ) ;
#4410 = ADVANCED_FACE ( 'NONE', ( #1056 ), #7939, .T. ) ;
#4411 = ORIENTED_EDGE ( 'NONE', *, *, #1078, .T. ) ;
#4412 = LINE ( 'NONE', #3654, #316 ) ;
#4413 = ORIENTED_EDGE ( 'NONE', *, *, #6351, .T. ) ;
#4414 = FACE_OUTER_BOUND ( 'NONE', #351, .T. ) ;
#4415 = DIRECTION ( 'NONE',  ( 3.304235192336789810E-16, -0.000000000000000000, 1.000000000000000000 ) ) ;
#4416 = DIRECTION ( 'NONE',  ( 0.000000000000000000, 0.000000000000000000, -1.000000000000000000 ) ) ;
#4417 = DIRECTION ( 'NONE',  ( 1.000000000000000000, 0.000000000000000000, -0.000000000000000000 ) ) ;
#4418 = VECTOR ( 'NONE', #5277, 1000.000000000000000 ) ;
#4419 = ORIENTED_EDGE ( 'NONE', *, *, #4147, .T. ) ;
#4420 = FACE_OUTER_BOUND ( 'NONE', #492, .T. ) ;
#4421 = ORIENTED_EDGE ( 'NONE', *, *, #328, .F. ) ;
#4422 = CARTESIAN_POINT ( 'NONE',  ( 19.79999999999996874, -5.119312084155315468, -57.09601004648968114 ) ) ;
#4423 = FACE_OUTER_BOUND ( 'NONE', #6458, .T. ) ;
#4424 = FACE_OUTER_BOUND ( 'NONE', #8643, .T. ) ;
#4425 = CARTESIAN_POINT ( 'NONE',  ( 26.00000000000000000, -1.219312084155296683, 72.00000000000000000 ) ) ;
#4426 = CARTESIAN_POINT ( 'NONE',  ( -30.49999999999999645, 3.780687915844703539, 51.00000000000006395 ) ) ;
#4427 = ORIENTED_EDGE ( 'NONE', *, *, #3140, .F. ) ;
#4428 = VERTEX_POINT ( 'NONE', #1862 ) ;
#4429 = EDGE_LOOP ( 'NONE', ( #6539, #8108, #2151, #8606 ) ) ;
#4430 = DIRECTION ( 'NONE',  ( 0.000000000000000000, -1.000000000000000000, 0.000000000000000000 ) ) ;
#4431 = CARTESIAN_POINT ( 'NONE',  ( -9.500000000000001776, 4.780687915844703539, 45.00000000000000000 ) ) ;
#4432 = ORIENTED_EDGE ( 'NONE', *, *, #5992, .T. ) ;
#4433 = CARTESIAN_POINT ( 'NONE',  ( -10.09999999999999432, 9.799999999999998934, 25.99999999999998224 ) ) ;
#4434 = DIRECTION ( 'NONE',  ( -0.000000000000000000, 1.000000000000000000, -0.000000000000000000 ) ) ;
#4435 = FACE_OUTER_BOUND ( 'NONE', #2771, .T. ) ;
#4436 = ORIENTED_EDGE ( 'NONE', *, *, #3895, .F. ) ;
#4437 = LINE ( 'NONE', #6746, #6924 ) ;
#4438 = ORIENTED_EDGE ( 'NONE', *, *, #2734, .T. ) ;
#4439 = VERTEX_POINT ( 'NONE', #7987 ) ;
#4440 = ADVANCED_FACE ( 'NONE', ( #352 ), #7132, .T. ) ;
#4441 = VERTEX_POINT ( 'NONE', #1814 ) ;
#4442 = ADVANCED_FACE ( 'NONE', ( #4966 ), #7828, .T. ) ;
#4443 = EDGE_LOOP ( 'NONE', ( #683, #5997, #9837, #3792 ) ) ;
#4444 = CARTESIAN_POINT ( 'NONE',  ( -20.49999999999991829, 3.780687915844703539, 39.99999999999999289 ) ) ;
#4445 = DIRECTION ( 'NONE',  ( -0.000000000000000000, -1.000000000000000000, -0.000000000000000000 ) ) ;
#4446 = DIRECTION ( 'NONE',  ( 0.000000000000000000, 0.000000000000000000, 1.000000000000000000 ) ) ;
#4447 = CARTESIAN_POINT ( 'NONE',  ( -16.25000000000000000, 4.780687915844703539, 72.00000000000000000 ) ) ;
#4448 = CARTESIAN_POINT ( 'NONE',  ( 25.20000000000002771, -6.519312084155297171, -59.05398995351029612 ) ) ;
#4449 = CARTESIAN_POINT ( 'NONE',  ( -11.59999999999999609, 10.80000000000000071, 21.19999999999997087 ) ) ;
#4450 = ORIENTED_EDGE ( 'NONE', *, *, #3171, .F. ) ;
#4451 = CARTESIAN_POINT ( 'NONE',  ( -7.500000000000001776, 1.890660852021001315, -72.00000000000000000 ) ) ;
#4452 = ORIENTED_EDGE ( 'NONE', *, *, #8754, .T. ) ;
#4453 = EDGE_CURVE ( 'NONE', #3643, #6371, #8037, .T. ) ;
#4454 = EDGE_CURVE ( 'NONE', #2360, #7046, #4118, .T. ) ;
#4455 = DIRECTION ( 'NONE',  ( 3.469446951953611033E-15, 0.000000000000000000, 1.000000000000000000 ) ) ;
#4456 = CARTESIAN_POINT ( 'NONE',  ( 60.00000000000000000, -6.500000000000000000, -59.99999999999997158 ) ) ;
#4457 = ORIENTED_EDGE ( 'NONE', *, *, #6917, .T. ) ;
#4458 = DIRECTION ( 'NONE',  ( 1.000000000000000000, 0.000000000000000000, 0.000000000000000000 ) ) ;
#4459 = CARTESIAN_POINT ( 'NONE',  ( -27.74999999999999645, -1.691654479331865729E-13, -87.50000000000224532 ) ) ;
#4460 = DIRECTION ( 'NONE',  ( 0.000000000000000000, 0.000000000000000000, 1.000000000000000000 ) ) ;
#4461 = LINE ( 'NONE', #8477, #1764 ) ;
#4462 = PLANE ( 'NONE',  #4848 ) ;
#4463 = EDGE_CURVE ( 'NONE', #6391, #6485, #4772, .T. ) ;
#4464 = EDGE_LOOP ( 'NONE', ( #920, #7355, #5581 ) ) ;
#4465 = DIRECTION ( 'NONE',  ( -1.000000000000000000, 0.000000000000000000, -0.000000000000000000 ) ) ;
#4466 = EDGE_CURVE ( 'NONE', #7428, #1821, #2878, .T. ) ;
#4467 = ORIENTED_EDGE ( 'NONE', *, *, #9931, .F. ) ;
#4468 = DIRECTION ( 'NONE',  ( 0.000000000000000000, -1.000000000000000000, 0.000000000000000000 ) ) ;
#4469 = PLANE ( 'NONE',  #4659 ) ;
#4470 = DIRECTION ( 'NONE',  ( -0.000000000000000000, 1.000000000000000000, -0.000000000000000000 ) ) ;
#4471 = CARTESIAN_POINT ( 'NONE',  ( -23.20000000000002771, 4.780687915844703539, -63.05398995351030322 ) ) ;
#4472 = LINE ( 'NONE', #6188, #9851 ) ;
#4473 = ORIENTED_EDGE ( 'NONE', *, *, #3237, .F. ) ;
#4474 = ORIENTED_EDGE ( 'NONE', *, *, #7696, .F. ) ;
#4475 = ORIENTED_EDGE ( 'NONE', *, *, #2215, .F. ) ;
#4476 = LINE ( 'NONE', #6738, #256 ) ;
#4477 = DIRECTION ( 'NONE',  ( -2.315848374724873665E-16, -1.000000000000000000, 0.000000000000000000 ) ) ;
#4478 = ORIENTED_EDGE ( 'NONE', *, *, #2930, .F. ) ;
#4479 = EDGE_CURVE ( 'NONE', #3621, #2885, #2703, .T. ) ;
#4480 = CARTESIAN_POINT ( 'NONE',  ( 23.99999999999999645, -1.682681771697502882E-13, -87.50000000000224532 ) ) ;
#4481 = FACE_OUTER_BOUND ( 'NONE', #5745, .T. ) ;
#4482 = AXIS2_PLACEMENT_3D ( 'NONE', #3519, #5075, #1360 ) ;
#4483 = CIRCLE ( 'NONE', #3521, 3.099999999999995204 ) ;
#4484 = PLANE ( 'NONE',  #63 ) ;
#4485 = ORIENTED_EDGE ( 'NONE', *, *, #5800, .F. ) ;
#4486 = CARTESIAN_POINT ( 'NONE',  ( -80.00000000000001421, 8.000000000000000000, -59.99999999999987210 ) ) ;
#4487 = ORIENTED_EDGE ( 'NONE', *, *, #6984, .T. ) ;
#4488 = VERTEX_POINT ( 'NONE', #5613 ) ;
#4489 = VERTEX_POINT ( 'NONE', #5761 ) ;
#4490 = ORIENTED_EDGE ( 'NONE', *, *, #4270, .T. ) ;
#4491 = CIRCLE ( 'NONE', #8664, 1.250000000000001110 ) ;
#4492 = CARTESIAN_POINT ( 'NONE',  ( 20.49999999999991473, 3.780687915844703539, 39.99999999999999289 ) ) ;
#4493 = DIRECTION ( 'NONE',  ( 1.000000000000000000, 0.000000000000000000, 3.304235192336789810E-16 ) ) ;
#4494 = LINE ( 'NONE', #1490, #4237 ) ;
#4495 = CARTESIAN_POINT ( 'NONE',  ( -0.8022433757111454566, 5.000000000000000000, -71.99999999999998579 ) ) ;
#4496 = CARTESIAN_POINT ( 'NONE',  ( 11.59999999999999964, 10.80000000000000071, 21.19999999999996732 ) ) ;
#4497 = EDGE_CURVE ( 'NONE', #7791, #3136, #949, .T. ) ;
#4498 = EDGE_CURVE ( 'NONE', #6014, #6496, #7706, .T. ) ;
#4499 = CARTESIAN_POINT ( 'NONE',  ( 75.00000000000000000, -6.500000000000000000, 59.99999999999992184 ) ) ;
#4500 = ORIENTED_EDGE ( 'NONE', *, *, #1588, .F. ) ;
#4501 = VECTOR ( 'NONE', #806, 1000.000000000000000 ) ;
#4502 = DIRECTION ( 'NONE',  ( 1.000000000000000000, -0.000000000000000000, -1.734723475976805714E-15 ) ) ;
#4503 = VECTOR ( 'NONE', #4298, 1000.000000000000000 ) ;
#4504 = ORIENTED_EDGE ( 'NONE', *, *, #8797, .T. ) ;
#4505 = VERTEX_POINT ( 'NONE', #8636 ) ;
#4506 = CYLINDRICAL_SURFACE ( 'NONE', #1183, 1.000000000000000888 ) ;
#4507 = CYLINDRICAL_SURFACE ( 'NONE', #9306, 2.500000000000002220 ) ;
#4508 = ORIENTED_EDGE ( 'NONE', *, *, #938, .T. ) ;
#4509 = DIRECTION ( 'NONE',  ( 0.000000000000000000, 0.000000000000000000, 1.000000000000000000 ) ) ;
#4510 = CARTESIAN_POINT ( 'NONE',  ( 31.50000000000000000, 3.780687915844703539, 71.99999999999998579 ) ) ;
#4511 = VECTOR ( 'NONE', #8567, 1000.000000000000000 ) ;
#4512 = DIRECTION ( 'NONE',  ( -0.000000000000000000, 1.000000000000000000, -0.000000000000000000 ) ) ;
#4513 = VECTOR ( 'NONE', #9506, 1000.000000000000000 ) ;
#4514 = CARTESIAN_POINT ( 'NONE',  ( 0.000000000000000000, 1.500000000000000444, 0.000000000000000000 ) ) ;
#4515 = EDGE_CURVE ( 'NONE', #456, #4488, #7179, .T. ) ;
#4516 = ADVANCED_FACE ( 'NONE', ( #4069 ), #4874, .T. ) ;
#4517 = DIRECTION ( 'NONE',  ( 1.000000000000000000, 0.000000000000000000, 1.885568995626964287E-16 ) ) ;
#4518 = ORIENTED_EDGE ( 'NONE', *, *, #7952, .T. ) ;
#4519 = CARTESIAN_POINT ( 'NONE',  ( -27.00000000000000355, -1.219312084155296683, 55.00000000000000000 ) ) ;
#4520 = APPROVAL_PERSON_ORGANIZATION ( #3438, #7237, #6495 ) ;
#4521 = VECTOR ( 'NONE', #8935, 1000.000000000000000 ) ;
#4522 = VECTOR ( 'NONE', #5313, 1000.000000000000000 ) ;
#4523 = ORIENTED_EDGE ( 'NONE', *, *, #817, .F. ) ;
#4524 = CARTESIAN_POINT ( 'NONE',  ( 2.308517379148995757E-15, -1.719312084155296239, -38.50000000000000711 ) ) ;
#4525 = EDGE_CURVE ( 'NONE', #831, #8635, #9696, .T. ) ;
#4526 = LINE ( 'NONE', #3625, #4969 ) ;
#4527 = CARTESIAN_POINT ( 'NONE',  ( -39.99999999999998579, -5.219312084155296461, 2.999999999999988898 ) ) ;
#4528 = CARTESIAN_POINT ( 'NONE',  ( 20.49999999999999289, 3.780687915844703539, 51.00000000000000000 ) ) ;
#4529 = ADVANCED_FACE ( 'NONE', ( #7523 ), #6015, .T. ) ;
#4530 = AXIS2_PLACEMENT_3D ( 'NONE', #8236, #1355, #4417 ) ;
#4531 = AXIS2_PLACEMENT_3D ( 'NONE', #6692, #3592, #2869 ) ;
#4532 = DIRECTION ( 'NONE',  ( 0.000000000000000000, 0.000000000000000000, -1.000000000000000000 ) ) ;
#4533 = EDGE_CURVE ( 'NONE', #2667, #7543, #8282, .T. ) ;
#4534 = ORIENTED_EDGE ( 'NONE', *, *, #345, .F. ) ;
#4535 = ADVANCED_FACE ( 'NONE', ( #4414 ), #644, .F. ) ;
#4536 = ORIENTED_EDGE ( 'NONE', *, *, #1876, .T. ) ;
#4537 = VECTOR ( 'NONE', #235, 1000.000000000000000 ) ;
#4538 = VECTOR ( 'NONE', #510, 1000.000000000000000 ) ;
#4539 = CARTESIAN_POINT ( 'NONE',  ( 23.00000000000000000, -1.219312084155296683, 58.50000000000000000 ) ) ;
#4540 = CARTESIAN_POINT ( 'NONE',  ( 40.00000000000000000, -5.219312084155296461, 2.999999999999993783 ) ) ;
#4541 = ORIENTED_EDGE ( 'NONE', *, *, #3774, .T. ) ;
#4542 = DIRECTION ( 'NONE',  ( -0.000000000000000000, -1.000000000000000000, -0.000000000000000000 ) ) ;
#4543 = CARTESIAN_POINT ( 'NONE',  ( -19.79999999999996874, -5.119312084155315468, -55.59601004648968114 ) ) ;
#4544 = AXIS2_PLACEMENT_3D ( 'NONE', #304, #9594, #3515 ) ;
#4545 = AXIS2_PLACEMENT_3D ( 'NONE', #9260, #3728, #6791 ) ;
#4546 = CARTESIAN_POINT ( 'NONE',  ( -7.389181280764467452, 1.999999999999999112, -75.00000000000000000 ) ) ;
#4547 = VERTEX_POINT ( 'NONE', #1248 ) ;
#4548 = CARTESIAN_POINT ( 'NONE',  ( 12.39999999999999680, 10.80000000000000071, 54.84999999999998010 ) ) ;
#4549 = ORIENTED_EDGE ( 'NONE', *, *, #4569, .F. ) ;
#4550 = VERTEX_POINT ( 'NONE', #449 ) ;
#4551 = VECTOR ( 'NONE', #4256, 1000.000000000000000 ) ;
#4552 = VERTEX_POINT ( 'NONE', #8175 ) ;
#4553 = CIRCLE ( 'NONE', #70, 1.250000000000001110 ) ;
#4554 = VERTEX_POINT ( 'NONE', #9784 ) ;
#4555 = CARTESIAN_POINT ( 'NONE',  ( 2.401065458903561378, 4.725049876822160044, 9.691219769075761548 ) ) ;
#4556 = CARTESIAN_POINT ( 'NONE',  ( -31.50000000000000000, 3.780687915844703539, 71.99999999999998579 ) ) ;
#4557 = CARTESIAN_POINT ( 'NONE',  ( -24.99999999999995026, 1.000000000000000888, -95.00000000000223110 ) ) ;
#4558 = CARTESIAN_POINT ( 'NONE',  ( -26.99999999999999645, -1.219312084155296683, 59.50000000000000711 ) ) ;
#4559 = DIRECTION ( 'NONE',  ( 0.000000000000000000, 0.000000000000000000, 1.000000000000000000 ) ) ;
#4560 = AXIS2_PLACEMENT_3D ( 'NONE', #6503, #9571, #5738 ) ;
#4561 = CARTESIAN_POINT ( 'NONE',  ( -17.49999999999999645, 4.780687915844703539, 56.99999999999999289 ) ) ;
#4562 = AXIS2_PLACEMENT_3D ( 'NONE', #3992, #3094, #3246 ) ;
#4563 = ORIENTED_EDGE ( 'NONE', *, *, #6463, .F. ) ;
#4564 = DIRECTION ( 'NONE',  ( -0.000000000000000000, -0.000000000000000000, -1.000000000000000000 ) ) ;
#4565 = ORIENTED_EDGE ( 'NONE', *, *, #7439, .F. ) ;
#4566 = CARTESIAN_POINT ( 'NONE',  ( 8.395184441433917399, 1.780687915844703539, 30.67033270233855546 ) ) ;
#4567 = EDGE_CURVE ( 'NONE', #6869, #7757, #6672, .T. ) ;
#4568 = FACE_OUTER_BOUND ( 'NONE', #1320, .T. ) ;
#4569 = EDGE_CURVE ( 'NONE', #6190, #5028, #1293, .T. ) ;
#4570 = VERTEX_POINT ( 'NONE', #2805 ) ;
#4571 = CARTESIAN_POINT ( 'NONE',  ( -27.74999999999999645, -1.691654479331865729E-13, -87.50000000000224532 ) ) ;
#4572 = CARTESIAN_POINT ( 'NONE',  ( 40.00000000000002132, -5.219312084155296461, -48.99999999999998579 ) ) ;
#4573 = DIRECTION ( 'NONE',  ( 0.000000000000000000, 0.000000000000000000, -1.000000000000000000 ) ) ;
#4574 = LINE ( 'NONE', #9946, #1117 ) ;
#4575 = DIRECTION ( 'NONE',  ( 0.000000000000000000, 1.000000000000000000, 0.000000000000000000 ) ) ;
#4576 = ORIENTED_EDGE ( 'NONE', *, *, #5483, .F. ) ;
#4577 = DIRECTION ( 'NONE',  ( -1.000000000000000000, 0.000000000000000000, 0.000000000000000000 ) ) ;
#4578 = ORIENTED_EDGE ( 'NONE', *, *, #4713, .F. ) ;
#4579 = EDGE_CURVE ( 'NONE', #3437, #578, #7480, .T. ) ;
#4580 = LINE ( 'NONE', #7640, #1781 ) ;
#4581 = ADVANCED_FACE ( 'NONE', ( #2049 ), #493, .T. ) ;
#4582 = DIRECTION ( 'NONE',  ( -0.000000000000000000, 1.000000000000000000, -0.000000000000000000 ) ) ;
#4583 = DIRECTION ( 'NONE',  ( -1.000000000000000000, 0.000000000000000000, -5.634144622830656211E-16 ) ) ;
#4584 = DIRECTION ( 'NONE',  ( 0.000000000000000000, 0.000000000000000000, 1.000000000000000000 ) ) ;
#4585 = PLANE ( 'NONE',  #9041 ) ;
#4586 = ORIENTED_EDGE ( 'NONE', *, *, #3833, .T. ) ;
#4587 = ORIENTED_EDGE ( 'NONE', *, *, #2741, .F. ) ;
#4588 = EDGE_CURVE ( 'NONE', #2329, #7337, #3814, .T. ) ;
#4589 = LINE ( 'NONE', #1470, #8783 ) ;
#4590 = EDGE_CURVE ( 'NONE', #8298, #7264, #3656, .T. ) ;
#4591 = DIRECTION ( 'NONE',  ( -0.000000000000000000, 1.000000000000000000, -0.000000000000000000 ) ) ;
#4592 = EDGE_LOOP ( 'NONE', ( #9716, #2820, #6740, #1391 ) ) ;
#4593 = DIRECTION ( 'NONE',  ( 1.000000000000000000, 0.000000000000000000, 0.000000000000000000 ) ) ;
#4594 = DIRECTION ( 'NONE',  ( -0.000000000000000000, 1.000000000000000000, -0.000000000000000000 ) ) ;
#4595 = FACE_OUTER_BOUND ( 'NONE', #7701, .T. ) ;
#4596 = EDGE_CURVE ( 'NONE', #7337, #6103, #8231, .T. ) ;
#4597 = ORIENTED_EDGE ( 'NONE', *, *, #1441, .T. ) ;
#4598 = DIRECTION ( 'NONE',  ( 0.000000000000000000, 1.000000000000000000, -0.000000000000000000 ) ) ;
#4599 = ORIENTED_EDGE ( 'NONE', *, *, #9375, .T. ) ;
#4600 = ORIENTED_EDGE ( 'NONE', *, *, #4463, .F. ) ;
#4601 = VECTOR ( 'NONE', #3036, 1000.000000000000000 ) ;
#4602 = ORIENTED_EDGE ( 'NONE', *, *, #2328, .T. ) ;
#4603 = ORIENTED_EDGE ( 'NONE', *, *, #8070, .T. ) ;
#4604 = CARTESIAN_POINT ( 'NONE',  ( -10.00000000000000000, 3.780687915844703539, 72.00000000000000000 ) ) ;
#4605 = CARTESIAN_POINT ( 'NONE',  ( -11.09999999999999609, 8.000000000000000000, 24.99999999999997868 ) ) ;
#4606 = FACE_OUTER_BOUND ( 'NONE', #8854, .T. ) ;
#4607 = DIRECTION ( 'NONE',  ( 0.000000000000000000, -1.000000000000000000, 0.000000000000000000 ) ) ;
#4608 = DIRECTION ( 'NONE',  ( -0.000000000000000000, 1.000000000000000000, -0.000000000000000000 ) ) ;
#4609 = EDGE_LOOP ( 'NONE', ( #2617, #7102 ) ) ;
#4610 = LINE ( 'NONE', #3904, #1669 ) ;
#4611 = ORIENTED_EDGE ( 'NONE', *, *, #8807, .T. ) ;
#4612 = LINE ( 'NONE', #2306, #4320 ) ;
#4613 = VERTEX_POINT ( 'NONE', #1399 ) ;
#4614 = PLANE ( 'NONE',  #8030 ) ;
#4615 = DIRECTION ( 'NONE',  ( -0.000000000000000000, 1.000000000000000000, -0.000000000000000000 ) ) ;
#4616 = LINE ( 'NONE', #141, #7253 ) ;
#4617 = DIRECTION ( 'NONE',  ( -1.000000000000000000, 0.000000000000000000, -0.000000000000000000 ) ) ;
#4618 = ADVANCED_FACE ( 'NONE', ( #3564 ), #5160, .T. ) ;
#4619 = APPLICATION_CONTEXT ( 'configuration controlled 3d designs of mechanical parts and assemblies' ) ;
#4620 = CARTESIAN_POINT ( 'NONE',  ( -30.50000000000000000, 4.780687915844703539, 71.99999999999998579 ) ) ;
#4621 = ORIENTED_EDGE ( 'NONE', *, *, #5740, .T. ) ;
#4622 = CARTESIAN_POINT ( 'NONE',  ( 12.00000000000000000, 4.780687915844703539, 50.60000000000000142 ) ) ;
#4623 = ORIENTED_EDGE ( 'NONE', *, *, #7531, .T. ) ;
#4624 = FACE_OUTER_BOUND ( 'NONE', #2874, .T. ) ;
#4625 = CYLINDRICAL_SURFACE ( 'NONE', #6906, 2.100000000000000977 ) ;
#4626 = LINE ( 'NONE', #9257, #2744 ) ;
#4627 = LINE ( 'NONE', #8487, #6926 ) ;
#4628 = CARTESIAN_POINT ( 'NONE',  ( -9.500000000000001776, -5.219312084155296461, -47.00000000000000000 ) ) ;
#4629 = ORIENTED_EDGE ( 'NONE', *, *, #1312, .F. ) ;
#4630 = ADVANCED_FACE ( 'NONE', ( #2953 ), #8933, .F. ) ;
#4631 = EDGE_CURVE ( 'NONE', #8538, #6014, #7331, .T. ) ;
#4632 = VERTEX_POINT ( 'NONE', #6569 ) ;
#4633 = DIRECTION ( 'NONE',  ( 1.000000000000000000, -0.000000000000000000, -0.000000000000000000 ) ) ;
#4634 = DIRECTION ( 'NONE',  ( 0.000000000000000000, -0.000000000000000000, -1.000000000000000000 ) ) ;
#4635 = CARTESIAN_POINT ( 'NONE',  ( -4.200000000000000178, 7.000000000000000000, 54.00000000000001421 ) ) ;
#4636 = PLANE ( 'NONE',  #3734 ) ;
#4637 = EDGE_CURVE ( 'NONE', #5122, #325, #9637, .T. ) ;
#4638 = LINE ( 'NONE', #1011, #3258 ) ;
#4639 = EDGE_CURVE ( 'NONE', #6922, #4851, #6826, .T. ) ;
#4640 = EDGE_LOOP ( 'NONE', ( #6375, #4041, #5551, #7104 ) ) ;
#4641 = DIRECTION ( 'NONE',  ( 0.000000000000000000, 0.000000000000000000, -1.000000000000000000 ) ) ;
#4642 = ORIENTED_EDGE ( 'NONE', *, *, #2666, .T. ) ;
#4643 = ORIENTED_EDGE ( 'NONE', *, *, #6234, .F. ) ;
#4644 = CYLINDRICAL_SURFACE ( 'NONE', #7229, 2.100000000000000977 ) ;
#4645 = VERTEX_POINT ( 'NONE', #8380 ) ;
#4646 = CIRCLE ( 'NONE', #6717, 10.59999999999999964 ) ;
#4647 = EDGE_CURVE ( 'NONE', #3903, #4393, #9194, .T. ) ;
#4648 = CARTESIAN_POINT ( 'NONE',  ( 24.00000000000000711, 8.000000000000000000, -80.00000000000001421 ) ) ;
#4649 = DIRECTION ( 'NONE',  ( -1.000000000000000000, -0.000000000000000000, -0.000000000000000000 ) ) ;
#4650 = AXIS2_PLACEMENT_3D ( 'NONE', #6786, #1256, #8991 ) ;
#4651 = CARTESIAN_POINT ( 'NONE',  ( -1.590333330284956048, 4.910060047217423396, -71.99608054782416389 ) ) ;
#4652 = EDGE_CURVE ( 'NONE', #781, #2846, #1614, .T. ) ;
#4653 = VECTOR ( 'NONE', #6061, 1000.000000000000000 ) ;
#4654 = DIRECTION ( 'NONE',  ( 0.000000000000000000, 0.000000000000000000, -1.000000000000000000 ) ) ;
#4655 = ADVANCED_FACE ( 'NONE', ( #6214, #9898 ), #46, .F. ) ;
#4656 = ORIENTED_EDGE ( 'NONE', *, *, #962, .F. ) ;
#4657 = DIRECTION ( 'NONE',  ( -1.000000000000000000, -0.000000000000000000, -0.000000000000000000 ) ) ;
#4658 = ORIENTED_EDGE ( 'NONE', *, *, #1522, .T. ) ;
#4659 = AXIS2_PLACEMENT_3D ( 'NONE', #1307, #9748, #2908 ) ;
#4660 = ORIENTED_EDGE ( 'NONE', *, *, #9799, .T. ) ;
#4661 = DIRECTION ( 'NONE',  ( 0.000000000000000000, 0.000000000000000000, 1.000000000000000000 ) ) ;
#4662 = VECTOR ( 'NONE', #7622, 1000.000000000000000 ) ;
#4663 = LINE ( 'NONE', #7721, #5294 ) ;
#4664 = DIRECTION ( 'NONE',  ( -0.000000000000000000, 1.000000000000000000, -0.000000000000000000 ) ) ;
#4665 = CARTESIAN_POINT ( 'NONE',  ( 21.70000000000002416, 4.780687915844703539, -63.05398995351030322 ) ) ;
#4666 = FACE_OUTER_BOUND ( 'NONE', #3894, .T. ) ;
#4667 = CIRCLE ( 'NONE', #5, 3.250000000002188028 ) ;
#4668 = VECTOR ( 'NONE', #8892, 1000.000000000000000 ) ;
#4669 = LINE ( 'NONE', #5459, #999 ) ;
#4670 = ORIENTED_EDGE ( 'NONE', *, *, #725, .T. ) ;
#4671 = LINE ( 'NONE', #7731, #5186 ) ;
#4672 = ORIENTED_EDGE ( 'NONE', *, *, #9555, .T. ) ;
#4673 = ORIENTED_EDGE ( 'NONE', *, *, #3960, .F. ) ;
#4674 = CIRCLE ( 'NONE', #1135, 13.49999999999999822 ) ;
#4675 = FACE_OUTER_BOUND ( 'NONE', #1933, .T. ) ;
#4676 = AXIS2_PLACEMENT_3D ( 'NONE', #8920, #9023, #5094 ) ;
#4677 = DIRECTION ( 'NONE',  ( -1.186135710069613884E-16, 0.000000000000000000, 1.000000000000000000 ) ) ;
#4678 = CARTESIAN_POINT ( 'NONE',  ( 9.499999999999927169, 3.780687915844703539, 40.99999999999999289 ) ) ;
#4679 = DIRECTION ( 'NONE',  ( -1.000000000000000000, -0.000000000000000000, -0.000000000000000000 ) ) ;
#4680 = CARTESIAN_POINT ( 'NONE',  ( 7.243397788789249780, 2.140816378313297630, 30.91867035376308337 ) ) ;
#4681 = LOCAL_TIME ( 11, 36, 54.00000000000000000, #1919 ) ;
#4682 = EDGE_LOOP ( 'NONE', ( #6689, #802, #2371, #7688 ) ) ;
#4683 = VECTOR ( 'NONE', #3291, 1000.000000000000000 ) ;
#4684 = VECTOR ( 'NONE', #7289, 1000.000000000000000 ) ;
#4685 = VERTEX_POINT ( 'NONE', #750 ) ;
#4686 = DIRECTION ( 'NONE',  ( -0.000000000000000000, -1.000000000000000000, -0.000000000000000000 ) ) ;
#4687 = CARTESIAN_POINT ( 'NONE',  ( 75.00000000000000000, -6.500000000000000000, 59.99999999999992184 ) ) ;
#4688 = VECTOR ( 'NONE', #7125, 1000.000000000000000 ) ;
#4689 = EDGE_CURVE ( 'NONE', #4102, #3425, #5407, .T. ) ;
#4690 = AXIS2_PLACEMENT_3D ( 'NONE', #3768, #9140, #9900 ) ;
#4691 = EDGE_CURVE ( 'NONE', #3136, #9333, #2205, .T. ) ;
#4692 = DIRECTION ( 'NONE',  ( 0.000000000000000000, 0.000000000000000000, -1.000000000000000000 ) ) ;
#4693 = LINE ( 'NONE', #5991, #8706 ) ;
#4694 = AXIS2_PLACEMENT_3D ( 'NONE', #1390, #7514, #7366 ) ;
#4695 = VERTEX_POINT ( 'NONE', #1447 ) ;
#4696 = DIRECTION ( 'NONE',  ( 1.000000000000000000, 0.000000000000000000, 0.000000000000000000 ) ) ;
#4697 = VECTOR ( 'NONE', #7512, 1000.000000000000000 ) ;
#4698 = ORIENTED_EDGE ( 'NONE', *, *, #7638, .F. ) ;
#4699 = ORIENTED_EDGE ( 'NONE', *, *, #6733, .T. ) ;
#4700 = CARTESIAN_POINT ( 'NONE',  ( -7.465107571683481602, 1.780687915844703539, 45.99999999999998579 ) ) ;
#4701 = EDGE_LOOP ( 'NONE', ( #1060, #5942, #146, #4836 ) ) ;
#4702 = EDGE_CURVE ( 'NONE', #5412, #3161, #1649, .T. ) ;
#4703 = FACE_OUTER_BOUND ( 'NONE', #1190, .T. ) ;
#4704 = VECTOR ( 'NONE', #3836, 1000.000000000000000 ) ;
#4705 = DIRECTION ( 'NONE',  ( 0.000000000000000000, 0.000000000000000000, 1.000000000000000000 ) ) ;
#4706 = VECTOR ( 'NONE', #3788, 1000.000000000000000 ) ;
#4707 = DIRECTION ( 'NONE',  ( 0.000000000000000000, 0.000000000000000000, -1.000000000000000000 ) ) ;
#4708 = DIRECTION ( 'NONE',  ( -0.000000000000000000, 1.000000000000000000, -0.000000000000000000 ) ) ;
#4709 = ORIENTED_EDGE ( 'NONE', *, *, #6301, .T. ) ;
#4710 = LINE ( 'NONE', #7670, #2787 ) ;
#4711 = VERTEX_POINT ( 'NONE', #7630 ) ;
#4712 = CIRCLE ( 'NONE', #5827, 10.00000000000000178 ) ;
#4713 = EDGE_CURVE ( 'NONE', #3311, #9014, #4663, .T. ) ;
#4714 = EDGE_LOOP ( 'NONE', ( #7003, #250, #1691, #5414 ) ) ;
#4715 = LINE ( 'NONE', #7774, #8020 ) ;
#4716 = ADVANCED_FACE ( 'NONE', ( #1503 ), #5262, .F. ) ;
#4717 = CARTESIAN_POINT ( 'NONE',  ( -39.99999999999998579, -5.219312084155296461, 2.999999999999985345 ) ) ;
#4718 = AXIS2_PLACEMENT_3D ( 'NONE', #6005, #5297, #6815 ) ;
#4719 = FACE_OUTER_BOUND ( 'NONE', #4061, .T. ) ;
#4720 = LINE ( 'NONE', #852, #3399 ) ;
#4721 = CARTESIAN_POINT ( 'NONE',  ( 17.49999999999999645, 1.780687915844703539, 56.99999999999999289 ) ) ;
#4722 = ADVANCED_FACE ( 'NONE', ( #7675 ), #850, .F. ) ;
#4723 = AXIS2_PLACEMENT_3D ( 'NONE', #9744, #2211, #8334 ) ;
#4724 = CARTESIAN_POINT ( 'NONE',  ( 13.00000000000000178, 4.780687915844703539, 46.00000000000000000 ) ) ;
#4725 = ORIENTED_EDGE ( 'NONE', *, *, #1989, .F. ) ;
#4726 = CARTESIAN_POINT ( 'NONE',  ( 24.00000000000000355, 7.999999999999998224, -145.1422975141768177 ) ) ;
#4727 = ADVANCED_FACE ( 'NONE', ( #1552, #3913 ), #4614, .T. ) ;
#4728 = ORIENTED_EDGE ( 'NONE', *, *, #9361, .F. ) ;
#4729 = ORIENTED_EDGE ( 'NONE', *, *, #2135, .F. ) ;
#4730 = DIRECTION ( 'NONE',  ( 1.000000000000000000, -0.000000000000000000, 0.000000000000000000 ) ) ;
#4731 = LINE ( 'NONE', #6274, #6728 ) ;
#4732 = LINE ( 'NONE', #4814, #191 ) ;
#4733 = CARTESIAN_POINT ( 'NONE',  ( 9.499999999999930722, -0.2193120841552965994, 34.36291011149504726 ) ) ;
#4734 = ORIENTED_EDGE ( 'NONE', *, *, #9799, .F. ) ;
#4735 = ORIENTED_EDGE ( 'NONE', *, *, #3798, .F. ) ;
#4736 = CARTESIAN_POINT ( 'NONE',  ( 11.10000000000000142, 8.000000000000000000, 24.99999999999997513 ) ) ;
#4737 = CARTESIAN_POINT ( 'NONE',  ( -2.145068389081270954, 4.780687915844704428, 45.00000000000000000 ) ) ;
#4738 = DIRECTION ( 'NONE',  ( 0.000000000000000000, 0.000000000000000000, 1.000000000000000000 ) ) ;
#4739 = CARTESIAN_POINT ( 'NONE',  ( 60.00000000000000000, -6.500000000000000000, 60.00000000000002842 ) ) ;
#4740 = ORIENTED_EDGE ( 'NONE', *, *, #6127, .F. ) ;
#4741 = CARTESIAN_POINT ( 'NONE',  ( -16.50000000000007816, 0.7500000000000000000, 34.59999999999998010 ) ) ;
#4742 = ORIENTED_EDGE ( 'NONE', *, *, #3485, .F. ) ;
#4743 = ORIENTED_EDGE ( 'NONE', *, *, #1530, .F. ) ;
#4744 = EDGE_LOOP ( 'NONE', ( #4740, #3796, #8905, #9552 ) ) ;
#4745 = LINE ( 'NONE', #7802, #1824 ) ;
#4746 = VERTEX_POINT ( 'NONE', #3956 ) ;
#4747 = DIRECTION ( 'NONE',  ( -5.634144622830656211E-16, -0.000000000000000000, 1.000000000000000000 ) ) ;
#4748 = DIRECTION ( 'NONE',  ( 0.000000000000000000, 0.000000000000000000, 1.000000000000000000 ) ) ;
#4749 = CARTESIAN_POINT ( 'NONE',  ( 2.308517379148995757E-15, -1.719312084155296239, 11.49999999999999289 ) ) ;
#4750 = DIRECTION ( 'NONE',  ( -0.000000000000000000, 1.000000000000000000, -0.000000000000000000 ) ) ;
#4751 = VERTEX_POINT ( 'NONE', #3812 ) ;
#4752 = FACE_OUTER_BOUND ( 'NONE', #3896, .T. ) ;
#4753 = EDGE_CURVE ( 'NONE', #3473, #6293, #6096, .T. ) ;
#4754 = EDGE_CURVE ( 'NONE', #5849, #3808, #6976, .T. ) ;
#4755 = ORIENTED_EDGE ( 'NONE', *, *, #4326, .F. ) ;
#4756 = EDGE_LOOP ( 'NONE', ( #1356, #6985, #8469, #8464, #3639, #811, #6902, #8472 ) ) ;
#4757 = CARTESIAN_POINT ( 'NONE',  ( -2.981572719041230002, 4.572106098079256498, -38.88497312633337089 ) ) ;
#4758 = DIRECTION ( 'NONE',  ( 0.000000000000000000, 0.8944271909999156334, -0.4472135954999582608 ) ) ;
#4759 = CYLINDRICAL_SURFACE ( 'NONE', #9846, 0.6999999999999992895 ) ;
#4760 = DIRECTION ( 'NONE',  ( 0.000000000000000000, -0.000000000000000000, -1.000000000000000000 ) ) ;
#4761 = LINE ( 'NONE', #7728, #6415 ) ;
#4762 = LINE ( 'NONE', #7679, #6133 ) ;
#4763 = EDGE_CURVE ( 'NONE', #2667, #2360, #1774, .T. ) ;
#4764 = AXIS2_PLACEMENT_3D ( 'NONE', #4433, #5085, #8955 ) ;
#4765 = ORIENTED_EDGE ( 'NONE', *, *, #2416, .F. ) ;
#4766 = CARTESIAN_POINT ( 'NONE',  ( 13.00000000000000178, -3.719312084155296905, 50.60000000000000142 ) ) ;
#4767 = EDGE_CURVE ( 'NONE', #9300, #7264, #703, .T. ) ;
#4768 = ORIENTED_EDGE ( 'NONE', *, *, #2704, .T. ) ;
#4769 = ORIENTED_EDGE ( 'NONE', *, *, #7638, .T. ) ;
#4770 = DIRECTION ( 'NONE',  ( -0.000000000000000000, 1.000000000000000000, -0.000000000000000000 ) ) ;
#4771 = ORIENTED_EDGE ( 'NONE', *, *, #9675, .T. ) ;
#4772 = LINE ( 'NONE', #6376, #4973 ) ;
#4773 = PLANE ( 'NONE',  #4199 ) ;
#4774 = DIRECTION ( 'NONE',  ( 7.709882115452468306E-16, 0.000000000000000000, -1.000000000000000000 ) ) ;
#4775 = ADVANCED_FACE ( 'NONE', ( #3766 ), #3001, .F. ) ;
#4776 = VERTEX_POINT ( 'NONE', #6363 ) ;
#4777 = EDGE_CURVE ( 'NONE', #1912, #8595, #7925, .T. ) ;
#4778 = ORIENTED_EDGE ( 'NONE', *, *, #5176, .T. ) ;
#4779 = DIRECTION ( 'NONE',  ( 0.000000000000000000, -0.000000000000000000, -1.000000000000000000 ) ) ;
#4780 = DIRECTION ( 'NONE',  ( 0.000000000000000000, -1.000000000000000000, 0.000000000000000000 ) ) ;
#4781 = LINE ( 'NONE', #6196, #5235 ) ;
#4782 = PLANE ( 'NONE',  #6948 ) ;
#4783 = ORIENTED_EDGE ( 'NONE', *, *, #5103, .F. ) ;
#4784 = ORIENTED_EDGE ( 'NONE', *, *, #8872, .T. ) ;
#4785 = ORIENTED_EDGE ( 'NONE', *, *, #4105, .F. ) ;
#4786 = DIRECTION ( 'NONE',  ( 0.000000000000000000, -1.000000000000000000, 0.000000000000000000 ) ) ;
#4787 = DIRECTION ( 'NONE',  ( 0.000000000000000000, -1.000000000000000000, 0.000000000000000000 ) ) ;
#4788 = ORIENTED_EDGE ( 'NONE', *, *, #6849, .F. ) ;
#4789 = DIRECTION ( 'NONE',  ( -0.000000000000000000, -1.000000000000000000, -0.000000000000000000 ) ) ;
#4790 = DIRECTION ( 'NONE',  ( 1.000000000000000000, -0.000000000000000000, 5.634144622830656211E-16 ) ) ;
#4791 = CARTESIAN_POINT ( 'NONE',  ( -2.980532592267699066, 4.572411463592845671, 11.89230634699020328 ) ) ;
#4792 = LINE ( 'NONE', #324, #1008 ) ;
#4793 = ORIENTED_EDGE ( 'NONE', *, *, #7096, .T. ) ;
#4794 = DIRECTION ( 'NONE',  ( 1.000000000000000000, -0.000000000000000000, -7.381802025433220315E-17 ) ) ;
#4795 = ORIENTED_EDGE ( 'NONE', *, *, #8977, .T. ) ;
#4796 = ORIENTED_EDGE ( 'NONE', *, *, #4767, .F. ) ;
#4797 = DIRECTION ( 'NONE',  ( -0.000000000000000000, -1.000000000000000000, -0.000000000000000000 ) ) ;
#4798 = VECTOR ( 'NONE', #5364, 1000.000000000000000 ) ;
#4799 = LINE ( 'NONE', #1384, #3382 ) ;
#4800 = LINE ( 'NONE', #5455, #1974 ) ;
#4801 = EDGE_CURVE ( 'NONE', #5143, #3572, #4106, .T. ) ;
#4802 = DIRECTION ( 'NONE',  ( 1.000000000000000000, 0.000000000000000000, -8.673617379884028570E-16 ) ) ;
#4803 = ADVANCED_FACE ( 'NONE', ( #242 ), #4055, .T. ) ;
#4804 = FACE_OUTER_BOUND ( 'NONE', #3200, .T. ) ;
#4805 = CARTESIAN_POINT ( 'NONE',  ( 8.999999999999955591, 4.780687915844703539, 46.00000000000000000 ) ) ;
#4806 = VERTEX_POINT ( 'NONE', #2452 ) ;
#4807 = DIRECTION ( 'NONE',  ( 1.000000000000000000, 0.000000000000000000, 0.000000000000000000 ) ) ;
#4808 = AXIS2_PLACEMENT_3D ( 'NONE', #5169, #8338, #2017 ) ;
#4809 = VERTEX_POINT ( 'NONE', #1696 ) ;
#4810 = ORIENTED_EDGE ( 'NONE', *, *, #6679, .F. ) ;
#4811 = CARTESIAN_POINT ( 'NONE',  ( 12.59999999999999964, 10.80000000000000071, 21.19999999999996732 ) ) ;
#4812 = VERTEX_POINT ( 'NONE', #988 ) ;
#4813 = DIRECTION ( 'NONE',  ( -0.000000000000000000, 1.000000000000000000, -0.000000000000000000 ) ) ;
#4814 = CARTESIAN_POINT ( 'NONE',  ( 25.67638558210932942, 0.000000000000000000, 75.00000000000002842 ) ) ;
#4815 = AXIS2_PLACEMENT_3D ( 'NONE', #5625, #5577, #3321 ) ;
#4816 = VECTOR ( 'NONE', #3103, 1000.000000000000000 ) ;
#4817 = LINE ( 'NONE', #6480, #2750 ) ;
#4818 = EDGE_CURVE ( 'NONE', #696, #4164, #936, .T. ) ;
#4819 = VERTEX_POINT ( 'NONE', #6406 ) ;
#4820 = LINE ( 'NONE', #8690, #2138 ) ;
#4821 = VECTOR ( 'NONE', #3967, 1000.000000000000000 ) ;
#4822 = AXIS2_PLACEMENT_3D ( 'NONE', #9534, #5598, #2649 ) ;
#4823 = AXIS2_PLACEMENT_3D ( 'NONE', #2939, #2292, #8646 ) ;
#4824 = EDGE_CURVE ( 'NONE', #5352, #3641, #1741, .T. ) ;
#4825 = ORIENTED_EDGE ( 'NONE', *, *, #9259, .T. ) ;
#4826 = DIRECTION ( 'NONE',  ( 1.000000000000000000, -0.000000000000000000, -3.469446951953611428E-15 ) ) ;
#4827 = CARTESIAN_POINT ( 'NONE',  ( 12.50000000000000000, -2.349999999999986322, 66.99999999999998579 ) ) ;
#4828 = EDGE_CURVE ( 'NONE', #4505, #6856, #8725, .T. ) ;
#4829 = CARTESIAN_POINT ( 'NONE',  ( 19.79999999999996874, -6.519312084155297171, -57.09601004648968114 ) ) ;
#4830 = ADVANCED_FACE ( 'NONE', ( #3345 ), #1796, .F. ) ;
#4831 = CARTESIAN_POINT ( 'NONE',  ( 26.71719133879120989, -0.9671913387912450810, -84.13192787025798225 ) ) ;
#4832 =( BOUNDED_CURVE ( )  B_SPLINE_CURVE ( 3, ( #4864, #7932, #6367, #9431 ),
 .UNSPECIFIED., .F., .F. ) 
 B_SPLINE_CURVE_WITH_KNOTS ( ( 4, 4 ),
 ( 4.712388980384700332, 5.225401019970650651 ),
 .UNSPECIFIED. ) 
 CURVE ( )  GEOMETRIC_REPRESENTATION_ITEM ( )  RATIONAL_B_SPLINE_CURVE ( ( 1.000000000000000000, 0.9781882079185706402, 0.9781882079185706402, 1.000000000000000000 ) ) 
 REPRESENTATION_ITEM ( '' )  );
#4833 = VECTOR ( 'NONE', #8789, 1000.000000000000000 ) ;
#4834 = LINE ( 'NONE', #8648, #858 ) ;
#4835 = AXIS2_PLACEMENT_3D ( 'NONE', #3323, #4886, #5532 ) ;
#4836 = ORIENTED_EDGE ( 'NONE', *, *, #8517, .F. ) ;
#4837 = APPROVAL_ROLE ( '' ) ;
#4838 = ORIENTED_EDGE ( 'NONE', *, *, #2801, .T. ) ;
#4839 = VERTEX_POINT ( 'NONE', #7119 ) ;
#4840 = APPROVAL_PERSON_ORGANIZATION ( #7248, #9629, #5582 ) ;
#4841 = VECTOR ( 'NONE', #1046, 1000.000000000000000 ) ;
#4842 = AXIS2_PLACEMENT_3D ( 'NONE', #8486, #204, #7134 ) ;
#4843 = DIRECTION ( 'NONE',  ( -5.634144622830656211E-16, 0.000000000000000000, 1.000000000000000000 ) ) ;
#4844 = ORIENTED_EDGE ( 'NONE', *, *, #4637, .T. ) ;
#4845 = CARTESIAN_POINT ( 'NONE',  ( -58.49999999999988631, -6.500000000000000000, -72.00000000000000000 ) ) ;
#4846 = DIRECTION ( 'NONE',  ( 1.000000000000000000, 0.000000000000000000, 0.000000000000000000 ) ) ;
#4847 = CARTESIAN_POINT ( 'NONE',  ( -3.000094719888585448, 4.566584071433438474, 11.30759852269703813 ) ) ;
#4848 = AXIS2_PLACEMENT_3D ( 'NONE', #6719, #5266, #1452 ) ;
#4849 = VECTOR ( 'NONE', #3989, 1000.000000000000000 ) ;
#4850 = DIRECTION ( 'NONE',  ( -1.000000000000000000, -0.000000000000000000, -3.652049423109081632E-16 ) ) ;
#4851 = VERTEX_POINT ( 'NONE', #5555 ) ;
#4852 = DIRECTION ( 'NONE',  ( 0.000000000000000000, 0.000000000000000000, 1.000000000000000000 ) ) ;
#4853 = ORIENTED_EDGE ( 'NONE', *, *, #4076, .T. ) ;
#4854 = AXIS2_PLACEMENT_3D ( 'NONE', #3949, #5500, #5359 ) ;
#4855 = ORIENTED_EDGE ( 'NONE', *, *, #2790, .T. ) ;
#4856 = AXIS2_PLACEMENT_3D ( 'NONE', #1675, #5580, #3374 ) ;
#4857 = DIRECTION ( 'NONE',  ( 1.000000000000000000, 0.000000000000000000, 1.982541115402066342E-16 ) ) ;
#4858 = CARTESIAN_POINT ( 'NONE',  ( -20.49999999999991829, 3.780687915844703539, 39.99999999999999289 ) ) ;
#4859 = LINE ( 'NONE', #7723, #4862 ) ;
#4860 = CARTESIAN_POINT ( 'NONE',  ( 40.00000000000000000, -5.219312084155296461, 2.999999999999999112 ) ) ;
#4861 = PLANE ( 'NONE',  #6516 ) ;
#4862 = VECTOR ( 'NONE', #2397, 1000.000000000000000 ) ;
#4863 = DIRECTION ( 'NONE',  ( -0.000000000000000000, 1.000000000000000000, -0.000000000000000000 ) ) ;
#4864 = CARTESIAN_POINT ( 'NONE',  ( -8.449200506237207975, 0.7500000000000000000, 34.59999999999998721 ) ) ;
#4865 = VECTOR ( 'NONE', #7294, 1000.000000000000000 ) ;
#4866 = ORIENTED_EDGE ( 'NONE', *, *, #3971, .F. ) ;
#4867 = PLANE ( 'NONE',  #6154 ) ;
#4868 = VECTOR ( 'NONE', #3671, 1000.000000000000000 ) ;
#4869 = ORIENTED_EDGE ( 'NONE', *, *, #3361, .F. ) ;
#4870 = ORIENTED_EDGE ( 'NONE', *, *, #5381, .T. ) ;
#4871 = VECTOR ( 'NONE', #9234, 1000.000000000000000 ) ;
#4872 = CARTESIAN_POINT ( 'NONE',  ( 27.74999999999999645, -3.250000000002357670, -87.50000000000224532 ) ) ;
#4873 = ORIENTED_EDGE ( 'NONE', *, *, #1525, .T. ) ;
#4874 = CYLINDRICAL_SURFACE ( 'NONE', #649, 1.000000000000000888 ) ;
#4875 = DIRECTION ( 'NONE',  ( -2.275047181608928137E-16, 0.000000000000000000, 1.000000000000000000 ) ) ;
#4876 = CARTESIAN_POINT ( 'NONE',  ( 23.00000000000000000, 4.780687915844703539, 63.50000000000000000 ) ) ;
#4877 = VECTOR ( 'NONE', #1321, 1000.000000000000000 ) ;
#4878 = ORIENTED_EDGE ( 'NONE', *, *, #3798, .T. ) ;
#4879 = LINE ( 'NONE', #3743, #6469 ) ;
#4880 = VECTOR ( 'NONE', #8868, 1000.000000000000000 ) ;
#4881 = EDGE_CURVE ( 'NONE', #5279, #5929, #5140, .T. ) ;
#4882 = ADVANCED_FACE ( 'NONE', ( #4907 ), #8667, .F. ) ;
#4883 = EDGE_LOOP ( 'NONE', ( #8721, #5549, #1278, #6200 ) ) ;
#4884 = CARTESIAN_POINT ( 'NONE',  ( 11.10000000000000142, 9.799999999999998934, 24.99999999999997513 ) ) ;
#4885 = DIRECTION ( 'NONE',  ( 0.000000000000000000, 0.000000000000000000, -1.000000000000000000 ) ) ;
#4886 = DIRECTION ( 'NONE',  ( -1.000000000000000000, 0.000000000000000000, -8.673617379884028570E-16 ) ) ;
#4887 = CARTESIAN_POINT ( 'NONE',  ( -58.50000000000000000, -6.500000000000000000, 72.00000000000000000 ) ) ;
#4888 = CYLINDRICAL_SURFACE ( 'NONE', #4856, 1.000000000000000888 ) ;
#4889 = ADVANCED_FACE ( 'NONE', ( #3303 ), #4151, .T. ) ;
#4890 = ORIENTED_EDGE ( 'NONE', *, *, #5514, .T. ) ;
#4891 = VERTEX_POINT ( 'NONE', #5510 ) ;
#4892 = EDGE_CURVE ( 'NONE', #1632, #5758, #3545, .T. ) ;
#4893 = ORIENTED_EDGE ( 'NONE', *, *, #6481, .T. ) ;
#4894 = LINE ( 'NONE', #9662, #3882 ) ;
#4895 = ORIENTED_EDGE ( 'NONE', *, *, #6716, .F. ) ;
#4896 = CARTESIAN_POINT ( 'NONE',  ( 15.59999999999999609, 0.7500000000000096589, 66.99999999999998579 ) ) ;
#4897 = CARTESIAN_POINT ( 'NONE',  ( -8.466972104714013625, 0.4108977003046533905, 30.39999999999998792 ) ) ;
#4898 = CARTESIAN_POINT ( 'NONE',  ( -75.00000000000000000, 0.000000000000000000, 59.99999999999992184 ) ) ;
#4899 = EDGE_CURVE ( 'NONE', #9562, #6963, #1138, .T. ) ;
#4900 = CARTESIAN_POINT ( 'NONE',  ( 9.500000000000015987, -5.219312084155296461, 19.99999999999999289 ) ) ;
#4901 = ORIENTED_EDGE ( 'NONE', *, *, #2801, .F. ) ;
#4902 = PLANE ( 'NONE',  #3117 ) ;
#4903 = EDGE_CURVE ( 'NONE', #5122, #3926, #5707, .T. ) ;
#4904 = EDGE_LOOP ( 'NONE', ( #7238, #4397, #8507, #1404 ) ) ;
#4905 = ORIENTED_EDGE ( 'NONE', *, *, #8708, .F. ) ;
#4906 = PLANE ( 'NONE',  #1120 ) ;
#4907 = FACE_OUTER_BOUND ( 'NONE', #7933, .T. ) ;
#4908 = AXIS2_PLACEMENT_3D ( 'NONE', #3633, #2176, #9872 ) ;
#4909 = DIRECTION ( 'NONE',  ( -1.000000000000000000, -0.000000000000000000, -0.000000000000000000 ) ) ;
#4910 = CARTESIAN_POINT ( 'NONE',  ( 25.67638558210932231, 0.000000000000000000, 75.00000000000002842 ) ) ;
#4911 = CARTESIAN_POINT ( 'NONE',  ( -75.00000000000000000, -6.500000000000000000, 59.99999999999992184 ) ) ;
#4912 = CYLINDRICAL_SURFACE ( 'NONE', #382, 7.000000000000006217 ) ;
#4913 = DIRECTION ( 'NONE',  ( -1.000000000000000000, 0.000000000000000000, 0.000000000000000000 ) ) ;
#4914 = ORIENTED_EDGE ( 'NONE', *, *, #1810, .T. ) ;
#4915 = CARTESIAN_POINT ( 'NONE',  ( -9.500000000000001776, -0.2193120841552965994, 45.00000000000000000 ) ) ;
#4916 = ORIENTED_EDGE ( 'NONE', *, *, #1577, .F. ) ;
#4917 = ORIENTED_EDGE ( 'NONE', *, *, #5652, .F. ) ;
#4918 = CARTESIAN_POINT ( 'NONE',  ( 55.00000000000001421, -5.219312084155296461, -31.99999999999999289 ) ) ;
#4919 = ORIENTED_EDGE ( 'NONE', *, *, #6350, .T. ) ;
#4920 = CARTESIAN_POINT ( 'NONE',  ( 0.000000000000000000, 9.799999999999998934, 24.19999999999997442 ) ) ;
#4921 = ADVANCED_FACE ( 'NONE', ( #4204 ), #8578, .T. ) ;
#4922 = FACE_OUTER_BOUND ( 'NONE', #9853, .T. ) ;
#4923 = DIRECTION ( 'NONE',  ( -1.000000000000000000, -0.000000000000000000, -0.000000000000000000 ) ) ;
#4924 = ORIENTED_EDGE ( 'NONE', *, *, #5069, .T. ) ;
#4925 = DIRECTION ( 'NONE',  ( 1.000000000000000000, 0.000000000000000000, 0.000000000000000000 ) ) ;
#4926 = ORIENTED_EDGE ( 'NONE', *, *, #2062, .T. ) ;
#4927 = CARTESIAN_POINT ( 'NONE',  ( -12.59999999999999964, 8.000000000000000000, 25.19999999999997442 ) ) ;
#4928 = LINE ( 'NONE', #4175, #1921 ) ;
#4929 = DIRECTION ( 'NONE',  ( -1.000000000000000000, -0.000000000000000000, -3.652049423109081632E-16 ) ) ;
#4930 = CARTESIAN_POINT ( 'NONE',  ( 20.49999999999999645, 4.780687915844703539, 50.99999999999999289 ) ) ;
#4931 = EDGE_CURVE ( 'NONE', #1750, #9416, #4799, .T. ) ;
#4932 = CARTESIAN_POINT ( 'NONE',  ( -12.00000000000000000, -3.719312084155296905, 46.00000000000000000 ) ) ;
#4933 = ADVANCED_FACE ( 'NONE', ( #8122 ), #3455, .F. ) ;
#4934 = ORIENTED_EDGE ( 'NONE', *, *, #9389, .T. ) ;
#4935 = MECHANICAL_CONTEXT ( 'NONE', #4619, 'mechanical' ) ;
#4936 = ORIENTED_EDGE ( 'NONE', *, *, #6908, .F. ) ;
#4937 = ORIENTED_EDGE ( 'NONE', *, *, #1260, .T. ) ;
#4938 = DIRECTION ( 'NONE',  ( -1.000000000000000000, -0.000000000000000000, -0.000000000000000000 ) ) ;
#4939 = CARTESIAN_POINT ( 'NONE',  ( -7.099999999999999645, 7.000000000000000000, 56.10000000000001563 ) ) ;
#4940 = ORIENTED_EDGE ( 'NONE', *, *, #6052, .T. ) ;
#4941 = LINE ( 'NONE', #9151, #6749 ) ;
#4942 = ADVANCED_FACE ( 'NONE', ( #6701 ), #5946, .T. ) ;
#4943 = FACE_OUTER_BOUND ( 'NONE', #8289, .T. ) ;
#4944 = FACE_OUTER_BOUND ( 'NONE', #6519, .T. ) ;
#4945 = EDGE_CURVE ( 'NONE', #332, #9879, #8268, .T. ) ;
#4946 = CARTESIAN_POINT ( 'NONE',  ( -26.99999999999999645, -1.219312084155296683, 59.50000000000000711 ) ) ;
#4947 = ORIENTED_EDGE ( 'NONE', *, *, #7110, .T. ) ;
#4948 = DIRECTION ( 'NONE',  ( 0.000000000000000000, 0.000000000000000000, -1.000000000000000000 ) ) ;
#4949 = ORIENTED_EDGE ( 'NONE', *, *, #6484, .F. ) ;
#4950 = ADVANCED_FACE ( 'NONE', ( #1281 ), #2693, .F. ) ;
#4951 = ORIENTED_EDGE ( 'NONE', *, *, #3548, .F. ) ;
#4952 = CARTESIAN_POINT ( 'NONE',  ( -24.99999999999995026, -112.0000000000001705, -95.00000000000223110 ) ) ;
#4953 = CARTESIAN_POINT ( 'NONE',  ( -25.20000000000002771, -5.519312084155296283, -55.59601004648968114 ) ) ;
#4954 = EDGE_CURVE ( 'NONE', #6103, #9677, #5897, .T. ) ;
#4955 = DIRECTION ( 'NONE',  ( -1.000000000000000000, 2.392722035830078479E-16, -0.000000000000000000 ) ) ;
#4956 = DIRECTION ( 'NONE',  ( -0.000000000000000000, 1.000000000000000000, -0.000000000000000000 ) ) ;
#4957 = EDGE_CURVE ( 'NONE', #6070, #1870, #8838, .T. ) ;
#4958 = CARTESIAN_POINT ( 'NONE',  ( -10.09999999999998721, 10.80000000000000071, 71.99999999999998579 ) ) ;
#4959 = CARTESIAN_POINT ( 'NONE',  ( 6.399785844408165225, 2.850014268998190659, 32.40024767990189503 ) ) ;
#4960 = LINE ( 'NONE', #9482, #4688 ) ;
#4961 = ORIENTED_EDGE ( 'NONE', *, *, #6191, .T. ) ;
#4962 = LINE ( 'NONE', #3353, #5981 ) ;
#4963 = ORIENTED_EDGE ( 'NONE', *, *, #5074, .T. ) ;
#4964 = CARTESIAN_POINT ( 'NONE',  ( -6.446823986725718214, 2.814214833452539199, 32.10133243951273130 ) ) ;
#4965 = ORIENTED_EDGE ( 'NONE', *, *, #6493, .F. ) ;
#4966 = FACE_OUTER_BOUND ( 'NONE', #3376, .T. ) ;
#4967 = DIRECTION ( 'NONE',  ( 0.000000000000000000, -1.000000000000000000, 0.000000000000000000 ) ) ;
#4968 = CARTESIAN_POINT ( 'NONE',  ( 10.10000000000000142, 10.80000000000000071, 25.99999999999997868 ) ) ;
#4969 = VECTOR ( 'NONE', #9048, 1000.000000000000000 ) ;
#4970 = ORIENTED_EDGE ( 'NONE', *, *, #7302, .F. ) ;
#4971 = CARTESIAN_POINT ( 'NONE',  ( -27.74999999999999645, -2.000000000002344347, -87.50000000000224532 ) ) ;
#4972 = ORIENTED_EDGE ( 'NONE', *, *, #9187, .T. ) ;
#4973 = VECTOR ( 'NONE', #4220, 1000.000000000000000 ) ;
#4974 = FACE_OUTER_BOUND ( 'NONE', #7280, .T. ) ;
#4975 = DIRECTION ( 'NONE',  ( 0.000000000000000000, 0.000000000000000000, 1.000000000000000000 ) ) ;
#4976 = CARTESIAN_POINT ( 'NONE',  ( 2.981572719041233110, 4.572106098079256498, -38.11502687366665043 ) ) ;
#4977 = CARTESIAN_POINT ( 'NONE',  ( 2.308517379148995757E-15, -1.719312084155296239, 11.49999999999999289 ) ) ;
#4978 = PLANE ( 'NONE',  #3578 ) ;
#4979 = VECTOR ( 'NONE', #2623, 1000.000000000000000 ) ;
#4980 = AXIS2_PLACEMENT_3D ( 'NONE', #1896, #187, #7974 ) ;
#4981 = VERTEX_POINT ( 'NONE', #3549 ) ;
#4982 = DATE_AND_TIME ( #1173, #4681 ) ;
#4983 = ORIENTED_EDGE ( 'NONE', *, *, #5370, .F. ) ;
#4984 = EDGE_CURVE ( 'NONE', #4552, #6295, #8217, .T. ) ;
#4985 = CARTESIAN_POINT ( 'NONE',  ( 9.500000000000031974, -5.219312084155296461, -49.00000000000000000 ) ) ;
#4986 = EDGE_CURVE ( 'NONE', #7335, #4746, #8079, .T. ) ;
#4987 = DIRECTION ( 'NONE',  ( -1.000000000000000000, 0.000000000000000000, 0.000000000000000000 ) ) ;
#4988 = ORIENTED_EDGE ( 'NONE', *, *, #7453, .T. ) ;
#4989 = VECTOR ( 'NONE', #3444, 1000.000000000000000 ) ;
#4990 = AXIS2_PLACEMENT_3D ( 'NONE', #6580, #2859, #8902 ) ;
#4991 = CARTESIAN_POINT ( 'NONE',  ( -39.99999999999998579, 4.780687915844703539, 17.99999999999998934 ) ) ;
#4992 = CARTESIAN_POINT ( 'NONE',  ( -7.099999999999999645, -3.999999999999999112, 54.70000000000000995 ) ) ;
#4993 = DIRECTION ( 'NONE',  ( 0.000000000000000000, -0.000000000000000000, -1.000000000000000000 ) ) ;
#4994 = CARTESIAN_POINT ( 'NONE',  ( 2.308517379148995757E-15, 4.780687915844703539, -38.50000000000000711 ) ) ;
#4995 = LOCAL_TIME ( 11, 36, 54.00000000000000000, #2573 ) ;
#4996 = ORIENTED_EDGE ( 'NONE', *, *, #9745, .T. ) ;
#4997 = CARTESIAN_POINT ( 'NONE',  ( -16.50000000000007816, 0.7499999999999997780, 32.49999999999997868 ) ) ;
#4998 = VECTOR ( 'NONE', #6628, 1000.000000000000000 ) ;
#4999 = ORIENTED_EDGE ( 'NONE', *, *, #1323, .F. ) ;
#5000 = EDGE_CURVE ( 'NONE', #5288, #3, #5801, .T. ) ;
#5001 = EDGE_CURVE ( 'NONE', #9948, #1446, #5052, .T. ) ;
#5002 = ORIENTED_EDGE ( 'NONE', *, *, #8478, .F. ) ;
#5003 = PLANE ( 'NONE',  #3203 ) ;
#5004 = DIRECTION ( 'NONE',  ( 1.000000000000000000, -0.000000000000000000, -0.000000000000000000 ) ) ;
#5005 = VECTOR ( 'NONE', #3713, 1000.000000000000000 ) ;
#5006 = CARTESIAN_POINT ( 'NONE',  ( 26.99999999999999645, 4.780687915844703539, 59.50000000000000711 ) ) ;
#5007 = AXIS2_PLACEMENT_3D ( 'NONE', #6249, #3803, #7667 ) ;
#5008 = PLANE ( 'NONE',  #4046 ) ;
#5009 = DIRECTION ( 'NONE',  ( 0.000000000000000000, 0.000000000000000000, 1.000000000000000000 ) ) ;
#5010 = DIRECTION ( 'NONE',  ( -1.927470528863118802E-16, -0.000000000000000000, 1.000000000000000000 ) ) ;
#5011 = ORIENTED_EDGE ( 'NONE', *, *, #4009, .T. ) ;
#5012 = FACE_OUTER_BOUND ( 'NONE', #1106, .T. ) ;
#5013 = ORIENTED_EDGE ( 'NONE', *, *, #3242, .T. ) ;
#5014 = EDGE_CURVE ( 'NONE', #2527, #3643, #583, .T. ) ;
#5015 = VECTOR ( 'NONE', #4708, 1000.000000000000000 ) ;
#5016 = AXIS2_PLACEMENT_3D ( 'NONE', #6037, #6952, #6804 ) ;
#5017 = EDGE_CURVE ( 'NONE', #1346, #7843, #8877, .T. ) ;
#5018 = CARTESIAN_POINT ( 'NONE',  ( 9.999999999999930722, 3.780687915844703539, 72.00000000000000000 ) ) ;
#5019 = ORIENTED_EDGE ( 'NONE', *, *, #522, .F. ) ;
#5020 = CARTESIAN_POINT ( 'NONE',  ( -9.500000000000001776, -0.2193120841552965994, 45.00000000000000000 ) ) ;
#5021 = CARTESIAN_POINT ( 'NONE',  ( 2.308517379148995757E-15, 4.780687915844703539, 11.49999999999999289 ) ) ;
#5022 = LINE ( 'NONE', #9443, #9006 ) ;
#5023 = AXIS2_PLACEMENT_3D ( 'NONE', #8205, #2130, #5190 ) ;
#5024 = AXIS2_PLACEMENT_3D ( 'NONE', #270, #9568, #4987 ) ;
#5025 = EDGE_CURVE ( 'NONE', #4439, #4776, #5145, .T. ) ;
#5026 = ORIENTED_EDGE ( 'NONE', *, *, #355, .T. ) ;
#5027 = DIRECTION ( 'NONE',  ( -1.000000000000000000, 0.000000000000000000, -0.000000000000000000 ) ) ;
#5028 = VERTEX_POINT ( 'NONE', #2142 ) ;
#5029 = AXIS2_PLACEMENT_3D ( 'NONE', #2656, #8733, #3506 ) ;
#5030 = DIRECTION ( 'NONE',  ( -1.000000000000000000, -0.000000000000000000, -0.000000000000000000 ) ) ;
#5031 = LINE ( 'NONE', #7340, #957 ) ;
#5032 = DIRECTION ( 'NONE',  ( -7.381802025433221547E-17, 0.000000000000000000, -1.000000000000000000 ) ) ;
#5033 = LINE ( 'NONE', #6385, #4121 ) ;
#5034 = AXIS2_PLACEMENT_3D ( 'NONE', #335, #1236, #5708 ) ;
#5035 = CARTESIAN_POINT ( 'NONE',  ( -9.500000000000001776, 0.7499999999999997780, 30.39999999999998437 ) ) ;
#5036 = CIRCLE ( 'NONE', #7124, 2.999999999999999112 ) ;
#5037 = ORIENTED_EDGE ( 'NONE', *, *, #2549, .F. ) ;
#5038 = ORIENTED_EDGE ( 'NONE', *, *, #2103, .F. ) ;
#5039 = CARTESIAN_POINT ( 'NONE',  ( 4.258026221992147420, 4.115148012457095383, -72.12762962394897670 ) ) ;
#5040 = LINE ( 'NONE', #2775, #7282 ) ;
#5041 = EDGE_LOOP ( 'NONE', ( #6528, #6934, #2139, #9673 ) ) ;
#5042 = EDGE_CURVE ( 'NONE', #6821, #8076, #1235, .T. ) ;
#5043 = DIRECTION ( 'NONE',  ( 1.000000000000000000, -0.000000000000000000, -0.000000000000000000 ) ) ;
#5044 = CARTESIAN_POINT ( 'NONE',  ( 0.000000000000000000, -0.2193120841552965994, 0.000000000000000000 ) ) ;
#5045 = DIRECTION ( 'NONE',  ( -8.673617379874600696E-16, 1.000000000000000000, -1.124100812431748200E-12 ) ) ;
#5046 = ORIENTED_EDGE ( 'NONE', *, *, #420, .F. ) ;
#5047 = PLANE ( 'NONE',  #8729 ) ;
#5048 = VERTEX_POINT ( 'NONE', #7362 ) ;
#5049 = VERTEX_POINT ( 'NONE', #1338 ) ;
#5050 = ORIENTED_EDGE ( 'NONE', *, *, #8888, .F. ) ;
#5051 = CARTESIAN_POINT ( 'NONE',  ( 11.09999999999999787, 9.600000000000001421, 42.14999999999997726 ) ) ;
#5052 = LINE ( 'NONE', #3500, #5622 ) ;
#5053 = FACE_OUTER_BOUND ( 'NONE', #1600, .T. ) ;
#5054 = CARTESIAN_POINT ( 'NONE',  ( -7.225653123929361321, 2.156345549650869664, -74.02641537560980112 ) ) ;
#5055 = CARTESIAN_POINT ( 'NONE',  ( 10.25000000000000178, 2.000000000002015277, -87.50000000000224532 ) ) ;
#5056 = EDGE_CURVE ( 'NONE', #7650, #2393, #7230, .T. ) ;
#5057 = EDGE_CURVE ( 'NONE', #6625, #5649, #5852, .T. ) ;
#5058 = DIRECTION ( 'NONE',  ( 1.000000000000000000, 0.000000000000000000, 0.000000000000000000 ) ) ;
#5059 = ORIENTED_EDGE ( 'NONE', *, *, #3485, .T. ) ;
#5060 = FACE_OUTER_BOUND ( 'NONE', #7522, .T. ) ;
#5061 = ORIENTED_EDGE ( 'NONE', *, *, #2014, .F. ) ;
#5062 = FACE_OUTER_BOUND ( 'NONE', #3687, .T. ) ;
#5063 = ORIENTED_EDGE ( 'NONE', *, *, #5669, .F. ) ;
#5064 = CARTESIAN_POINT ( 'NONE',  ( 7.099999999999999645, -3.999999999999999112, 53.30000000000001137 ) ) ;
#5065 = FACE_OUTER_BOUND ( 'NONE', #6454, .T. ) ;
#5066 = PLANE ( 'NONE',  #8537 ) ;
#5067 = VECTOR ( 'NONE', #9476, 1000.000000000000000 ) ;
#5068 = EDGE_CURVE ( 'NONE', #2036, #8870, #9770, .T. ) ;
#5069 = EDGE_CURVE ( 'NONE', #6643, #4306, #7510, .T. ) ;
#5070 = ORIENTED_EDGE ( 'NONE', *, *, #7474, .T. ) ;
#5071 = LINE ( 'NONE', #8100, #4865 ) ;
#5072 = ORIENTED_EDGE ( 'NONE', *, *, #1313, .T. ) ;
#5073 = DIRECTION ( 'NONE',  ( -0.000000000000000000, 0.000000000000000000, 1.000000000000000000 ) ) ;
#5074 = EDGE_CURVE ( 'NONE', #5129, #782, #2387, .T. ) ;
#5075 = DIRECTION ( 'NONE',  ( 0.000000000000000000, 1.000000000000000000, 0.000000000000000000 ) ) ;
#5076 = CARTESIAN_POINT ( 'NONE',  ( -23.99999999999999289, 0.000000000000000000, -74.99999999999997158 ) ) ;
#5077 = CARTESIAN_POINT ( 'NONE',  ( 10.25000000000000178, -2.000000000002335465, -87.50000000000224532 ) ) ;
#5078 = EDGE_CURVE ( 'NONE', #9397, #4839, #786, .T. ) ;
#5079 = VECTOR ( 'NONE', #8106, 1000.000000000000000 ) ;
#5080 = ORIENTED_EDGE ( 'NONE', *, *, #7277, .F. ) ;
#5081 = ORIENTED_EDGE ( 'NONE', *, *, #2907, .T. ) ;
#5082 = CARTESIAN_POINT ( 'NONE',  ( 6.762453197227461743, 2.563907055229013299, -73.24083564989459205 ) ) ;
#5083 = DIRECTION ( 'NONE',  ( 0.000000000000000000, 0.000000000000000000, -1.000000000000000000 ) ) ;
#5084 = ORIENTED_EDGE ( 'NONE', *, *, #2168, .F. ) ;
#5085 = DIRECTION ( 'NONE',  ( 1.000000000000000000, -0.000000000000000000, -1.476360405086644309E-16 ) ) ;
#5086 = DIRECTION ( 'NONE',  ( 1.000000000000000000, 5.318727638608135376E-15, 0.000000000000000000 ) ) ;
#5087 = CARTESIAN_POINT ( 'NONE',  ( -39.99999999999999289, -5.219312084155296461, -49.00000000000000000 ) ) ;
#5088 = ORIENTED_EDGE ( 'NONE', *, *, #5415, .T. ) ;
#5089 = DIRECTION ( 'NONE',  ( -0.000000000000000000, 1.000000000000000000, -0.000000000000000000 ) ) ;
#5090 = ORIENTED_EDGE ( 'NONE', *, *, #2011, .T. ) ;
#5091 = ORIENTED_EDGE ( 'NONE', *, *, #9188, .F. ) ;
#5092 = ORIENTED_EDGE ( 'NONE', *, *, #8997, .T. ) ;
#5093 = VERTEX_POINT ( 'NONE', #3801 ) ;
#5094 = DIRECTION ( 'NONE',  ( 0.000000000000000000, -0.000000000000000000, -1.000000000000000000 ) ) ;
#5095 = DIRECTION ( 'NONE',  ( 1.000000000000000000, 0.000000000000000000, 0.000000000000000000 ) ) ;
#5096 = CARTESIAN_POINT ( 'NONE',  ( 57.00000000000000000, -5.219312084155296461, 2.999999999999995559 ) ) ;
#5097 = CARTESIAN_POINT ( 'NONE',  ( -6.237852148812245368, 2.972139132266797823, -72.78506441711304831 ) ) ;
#5098 = CARTESIAN_POINT ( 'NONE',  ( 60.00000000000000000, -6.500000000000000000, 60.00000000000002842 ) ) ;
#5099 = CARTESIAN_POINT ( 'NONE',  ( 11.10000000000000497, 9.799999999999998934, 70.99999999999998579 ) ) ;
#5100 = VERTEX_POINT ( 'NONE', #4648 ) ;
#5101 = DIRECTION ( 'NONE',  ( -1.000000000000000000, 0.000000000000000000, 0.000000000000000000 ) ) ;
#5102 = ORIENTED_EDGE ( 'NONE', *, *, #5304, .F. ) ;
#5103 = EDGE_CURVE ( 'NONE', #2800, #4122, #6586, .T. ) ;
#5104 = FACE_OUTER_BOUND ( 'NONE', #2243, .T. ) ;
#5105 = ADVANCED_FACE ( 'NONE', ( #7665 ), #2988, .F. ) ;
#5106 = VERTEX_POINT ( 'NONE', #7619 ) ;
#5107 = DIRECTION ( 'NONE',  ( 0.000000000000000000, 0.000000000000000000, -1.000000000000000000 ) ) ;
#5108 = LINE ( 'NONE', #2705, #1152 ) ;
#5109 = CARTESIAN_POINT ( 'NONE',  ( 10.00000000000002132, 1.999999999999999112, -87.50000000000000000 ) ) ;
#5110 = CYLINDRICAL_SURFACE ( 'NONE', #7091, 3.000000000000002665 ) ;
#5111 = ORIENTED_EDGE ( 'NONE', *, *, #3707, .T. ) ;
#5112 = DIRECTION ( 'NONE',  ( -0.000000000000000000, 0.000000000000000000, 1.000000000000000000 ) ) ;
#5113 = ORIENTED_EDGE ( 'NONE', *, *, #9478, .T. ) ;
#5114 = CARTESIAN_POINT ( 'NONE',  ( 9.500000000000028422, -5.219312084155296461, -47.00000000000000000 ) ) ;
#5115 = EDGE_CURVE ( 'NONE', #8264, #8869, #5777, .T. ) ;
#5116 = EDGE_CURVE ( 'NONE', #81, #4428, #739, .T. ) ;
#5117 = DIRECTION ( 'NONE',  ( 0.000000000000000000, 0.000000000000000000, 1.000000000000000000 ) ) ;
#5118 = CYLINDRICAL_SURFACE ( 'NONE', #8996, 10.59999999999999964 ) ;
#5119 = AXIS2_PLACEMENT_3D ( 'NONE', #6670, #1501, #9735 ) ;
#5120 = DIRECTION ( 'NONE',  ( -0.000000000000000000, -0.000000000000000000, 1.000000000000000000 ) ) ;
#5121 = ADVANCED_FACE ( 'NONE', ( #4703 ), #9829, .F. ) ;
#5122 = VERTEX_POINT ( 'NONE', #9073 ) ;
#5123 = CIRCLE ( 'NONE', #1118, 1.500000000000001332 ) ;
#5124 = VERTEX_POINT ( 'NONE', #8421 ) ;
#5125 = EDGE_CURVE ( 'NONE', #5929, #9928, #1541, .T. ) ;
#5126 = LINE ( 'NONE', #1318, #8009 ) ;
#5127 = EDGE_CURVE ( 'NONE', #9237, #6379, #4674, .T. ) ;
#5128 = DIRECTION ( 'NONE',  ( 1.000000000000000000, 0.000000000000000000, 0.000000000000000000 ) ) ;
#5129 = VERTEX_POINT ( 'NONE', #3142 ) ;
#5130 = LINE ( 'NONE', #8153, #1030 ) ;
#5131 = VECTOR ( 'NONE', #4275, 1000.000000000000000 ) ;
#5132 = VECTOR ( 'NONE', #8979, 1000.000000000000000 ) ;
#5133 = DIRECTION ( 'NONE',  ( 1.000000000000000000, -0.000000000000000000, -1.927470528863118802E-16 ) ) ;
#5134 = DIRECTION ( 'NONE',  ( 1.000000000000000000, 0.000000000000000000, 0.000000000000000000 ) ) ;
#5135 = EDGE_CURVE ( 'NONE', #2386, #4265, #6157, .T. ) ;
#5136 = ORIENTED_EDGE ( 'NONE', *, *, #2364, .F. ) ;
#5137 = DIRECTION ( 'NONE',  ( 0.000000000000000000, -1.000000000000000000, 0.000000000000000000 ) ) ;
#5138 = ORIENTED_EDGE ( 'NONE', *, *, #1895, .F. ) ;
#5139 = ORIENTED_EDGE ( 'NONE', *, *, #714, .T. ) ;
#5140 = CIRCLE ( 'NONE', #4980, 13.49999999999999822 ) ;
#5141 = ORIENTED_EDGE ( 'NONE', *, *, #1393, .T. ) ;
#5142 = VECTOR ( 'NONE', #4583, 1000.000000000000000 ) ;
#5143 = VERTEX_POINT ( 'NONE', #5355 ) ;
#5144 = CARTESIAN_POINT ( 'NONE',  ( 18.32361441789066347, -3.499999999999999556, 128.4381048349333980 ) ) ;
#5145 = LINE ( 'NONE', #7466, #1295 ) ;
#5146 = DIRECTION ( 'NONE',  ( 0.000000000000000000, -1.000000000000000000, -0.000000000000000000 ) ) ;
#5147 = CARTESIAN_POINT ( 'NONE',  ( 25.41238779767269307, 0.3376122023272570827, -90.98789147736103189 ) ) ;
#5148 = LINE ( 'NONE', #9180, #3220 ) ;
#5149 = CIRCLE ( 'NONE', #7082, 16.99999999999999645 ) ;
#5150 = VECTOR ( 'NONE', #8761, 1000.000000000000000 ) ;
#5151 = VECTOR ( 'NONE', #3767, 1000.000000000000000 ) ;
#5152 = DIRECTION ( 'NONE',  ( 1.000000000000000000, -0.000000000000000000, 5.634144622830656211E-16 ) ) ;
#5153 = VERTEX_POINT ( 'NONE', #6861 ) ;
#5154 = LINE ( 'NONE', #4408, #3599 ) ;
#5155 = VERTEX_POINT ( 'NONE', #9176 ) ;
#5156 = VECTOR ( 'NONE', #2401, 1000.000000000000000 ) ;
#5157 = VECTOR ( 'NONE', #3469, 1000.000000000000000 ) ;
#5158 = DIRECTION ( 'NONE',  ( 0.000000000000000000, 0.000000000000000000, 1.000000000000000000 ) ) ;
#5159 = EDGE_LOOP ( 'NONE', ( #7606, #1417, #679, #3685 ) ) ;
#5160 = PLANE ( 'NONE',  #813 ) ;
#5161 = CARTESIAN_POINT ( 'NONE',  ( -10.00000000000000000, 3.780687915844703539, 72.00000000000000000 ) ) ;
#5162 = DIRECTION ( 'NONE',  ( 0.000000000000000000, -0.000000000000000000, 1.000000000000000000 ) ) ;
#5163 = AXIS2_PLACEMENT_3D ( 'NONE', #7497, #8300, #726 ) ;
#5164 = ORIENTED_EDGE ( 'NONE', *, *, #617, .F. ) ;
#5165 = DIRECTION ( 'NONE',  ( -1.927470528863118802E-16, 0.000000000000000000, -1.000000000000000000 ) ) ;
#5166 = VECTOR ( 'NONE', #8716, 1000.000000000000000 ) ;
#5167 = VERTEX_POINT ( 'NONE', #8512 ) ;
#5168 = CARTESIAN_POINT ( 'NONE',  ( -17.50000000000000000, 1.780687915844703539, 72.00000000000000000 ) ) ;
#5169 = CARTESIAN_POINT ( 'NONE',  ( -25.20000000000002771, -6.519312084155297171, -57.09601004648968114 ) ) ;
#5170 = VECTOR ( 'NONE', #8927, 1000.000000000000000 ) ;
#5171 = CARTESIAN_POINT ( 'NONE',  ( 2.980532592267704839, 4.572411463592843894, -38.89230634699022460 ) ) ;
#5172 = VECTOR ( 'NONE', #9911, 1000.000000000000000 ) ;
#5173 = CARTESIAN_POINT ( 'NONE',  ( -12.00000000000000000, -3.719312084155296905, 50.60000000000000142 ) ) ;
#5174 = DIRECTION ( 'NONE',  ( 0.000000000000000000, -0.000000000000000000, -1.000000000000000000 ) ) ;
#5175 = ORIENTED_EDGE ( 'NONE', *, *, #5306, .F. ) ;
#5176 = EDGE_CURVE ( 'NONE', #2360, #2667, #3216, .T. ) ;
#5177 = EDGE_CURVE ( 'NONE', #872, #38, #6909, .T. ) ;
#5178 = AXIS2_PLACEMENT_3D ( 'NONE', #473, #5937, #5790 ) ;
#5179 = EDGE_LOOP ( 'NONE', ( #7704, #2383, #6256, #7871 ) ) ;
#5180 = CIRCLE ( 'NONE', #9343, 2.100000000000000977 ) ;
#5181 = ORIENTED_EDGE ( 'NONE', *, *, #6690, .F. ) ;
#5182 = DIRECTION ( 'NONE',  ( -1.000000000000000000, -0.000000000000000000, -0.000000000000000000 ) ) ;
#5183 = CARTESIAN_POINT ( 'NONE',  ( -9.500000000000001776, 0.7499999999999997780, 32.49999999999998579 ) ) ;
#5184 = ORIENTED_EDGE ( 'NONE', *, *, #890, .F. ) ;
#5185 = VECTOR ( 'NONE', #2581, 1000.000000000000000 ) ;
#5186 = VECTOR ( 'NONE', #857, 1000.000000000000000 ) ;
#5187 = CARTESIAN_POINT ( 'NONE',  ( 4.200000000000000178, 4.780687915844703539, 51.90000000000001279 ) ) ;
#5188 = CARTESIAN_POINT ( 'NONE',  ( 9.499999999999932498, 0.7499999999999997780, 32.49999999999999289 ) ) ;
#5189 = ADVANCED_FACE ( 'NONE', ( #628, #6814, #84, #3752 ), #9886, .T. ) ;
#5190 = DIRECTION ( 'NONE',  ( 0.000000000000000000, 0.000000000000000000, 1.000000000000000000 ) ) ;
#5191 = ADVANCED_FACE ( 'NONE', ( #9930 ), #2237, .T. ) ;
#5192 = ORIENTED_EDGE ( 'NONE', *, *, #849, .T. ) ;
#5193 = CARTESIAN_POINT ( 'NONE',  ( 23.99999999999999645, -3.250000000002356337, -87.50000000000224532 ) ) ;
#5194 = ORIENTED_EDGE ( 'NONE', *, *, #9062, .T. ) ;
#5195 = ORIENTED_EDGE ( 'NONE', *, *, #7761, .F. ) ;
#5196 = EDGE_LOOP ( 'NONE', ( #7307, #8677, #8418, #4934 ) ) ;
#5197 = ORIENTED_EDGE ( 'NONE', *, *, #9545, .F. ) ;
#5198 = CARTESIAN_POINT ( 'NONE',  ( 72.00000000000002842, 4.780687915844703539, -58.49999999999990052 ) ) ;
#5199 = EDGE_CURVE ( 'NONE', #6388, #1684, #1729, .T. ) ;
#5200 = CARTESIAN_POINT ( 'NONE',  ( -9.999999999999976907, -2.000000000000000000, -72.00000000000000000 ) ) ;
#5201 = DIRECTION ( 'NONE',  ( -1.476360405086644309E-16, -0.000000000000000000, -1.000000000000000000 ) ) ;
#5202 = DIRECTION ( 'NONE',  ( 1.000000000000000000, -1.063745527721627075E-14, 0.000000000000000000 ) ) ;
#5203 = CARTESIAN_POINT ( 'NONE',  ( 2.675911418893201595E-15, 4.780687915844703539, 8.499999999999991118 ) ) ;
#5204 = FACE_OUTER_BOUND ( 'NONE', #4202, .T. ) ;
#5205 = EDGE_CURVE ( 'NONE', #3139, #456, #7007, .T. ) ;
#5206 = ORIENTED_EDGE ( 'NONE', *, *, #1397, .T. ) ;
#5207 = LINE ( 'NONE', #8374, #8554 ) ;
#5208 = ORIENTED_EDGE ( 'NONE', *, *, #2685, .F. ) ;
#5209 = CARTESIAN_POINT ( 'NONE',  ( -6.000000000000005329, 4.780687915844703539, 50.60000000000000853 ) ) ;
#5210 = ORIENTED_EDGE ( 'NONE', *, *, #6481, .F. ) ;
#5211 = DIRECTION ( 'NONE',  ( 0.000000000000000000, 0.000000000000000000, 1.000000000000000000 ) ) ;
#5212 = DIRECTION ( 'NONE',  ( -0.000000000000000000, -0.000000000000000000, -1.000000000000000000 ) ) ;
#5213 = FACE_OUTER_BOUND ( 'NONE', #8344, .T. ) ;
#5214 = CARTESIAN_POINT ( 'NONE',  ( 26.00000000000000000, -1.219312084155296683, 64.00000000000000000 ) ) ;
#5215 = LINE ( 'NONE', #7584, #9505 ) ;
#5216 = EDGE_LOOP ( 'NONE', ( #7358, #7946, #444, #9529 ) ) ;
#5217 = FACE_OUTER_BOUND ( 'NONE', #7577, .T. ) ;
#5218 = VERTEX_POINT ( 'NONE', #2640 ) ;
#5219 = EDGE_CURVE ( 'NONE', #781, #626, #7153, .T. ) ;
#5220 = DIRECTION ( 'NONE',  ( 1.734723475976805517E-15, 0.000000000000000000, -1.000000000000000000 ) ) ;
#5221 = DIRECTION ( 'NONE',  ( -1.000000000000000000, 0.000000000000000000, -0.000000000000000000 ) ) ;
#5222 = CARTESIAN_POINT ( 'NONE',  ( -25.20000000000002771, 4.780687915844703539, -57.09601004648968114 ) ) ;
#5223 = CARTESIAN_POINT ( 'NONE',  ( -7.465107571683481602, 1.780687915844703539, 44.99999999999998579 ) ) ;
#5224 = DIRECTION ( 'NONE',  ( 0.000000000000000000, 0.000000000000000000, -1.000000000000000000 ) ) ;
#5225 = ORIENTED_EDGE ( 'NONE', *, *, #6733, .F. ) ;
#5226 = ORIENTED_EDGE ( 'NONE', *, *, #4039, .F. ) ;
#5227 = VERTEX_POINT ( 'NONE', #3239 ) ;
#5228 = CARTESIAN_POINT ( 'NONE',  ( 58.50000000000000000, -6.500000000000000000, 58.50000000000000000 ) ) ;
#5229 = CARTESIAN_POINT ( 'NONE',  ( 7.499999999999998224, -13.09066085202100282, 45.00000000000000000 ) ) ;
#5230 = ORIENTED_EDGE ( 'NONE', *, *, #9122, .F. ) ;
#5231 = EDGE_CURVE ( 'NONE', #4570, #526, #7106, .T. ) ;
#5232 = ADVANCED_FACE ( 'NONE', ( #9460 ), #1077, .F. ) ;
#5233 = DIRECTION ( 'NONE',  ( 0.000000000000000000, 0.000000000000000000, -1.000000000000000000 ) ) ;
#5234 = DIRECTION ( 'NONE',  ( 0.000000000000000000, 0.000000000000000000, 1.000000000000000000 ) ) ;
#5235 = VECTOR ( 'NONE', #2334, 1000.000000000000000 ) ;
#5236 = DIRECTION ( 'NONE',  ( -1.652117596168394412E-16, 0.000000000000000000, -1.000000000000000000 ) ) ;
#5237 = ORIENTED_EDGE ( 'NONE', *, *, #3217, .T. ) ;
#5238 = CARTESIAN_POINT ( 'NONE',  ( -39.99999999999998579, -5.219312084155296461, -32.00000000000000000 ) ) ;
#5239 = EDGE_LOOP ( 'NONE', ( #985, #6764, #2330, #2088, #2603, #1131 ) ) ;
#5240 = ORIENTED_EDGE ( 'NONE', *, *, #579, .T. ) ;
#5241 = ORIENTED_EDGE ( 'NONE', *, *, #9751, .T. ) ;
#5242 = EDGE_CURVE ( 'NONE', #1084, #3394, #977, .T. ) ;
#5243 = EDGE_CURVE ( 'NONE', #3926, #329, #176, .T. ) ;
#5244 = ORIENTED_EDGE ( 'NONE', *, *, #8249, .T. ) ;
#5245 = FACE_OUTER_BOUND ( 'NONE', #7682, .T. ) ;
#5246 = EDGE_CURVE ( 'NONE', #7529, #2393, #5587, .T. ) ;
#5247 = CARTESIAN_POINT ( 'NONE',  ( -7.520331544528487733, -1.384696410178755110, 46.00000000000000000 ) ) ;
#5248 = CARTESIAN_POINT ( 'NONE',  ( -13.00000000000000178, -3.719312084155296905, 50.60000000000000142 ) ) ;
#5249 = LINE ( 'NONE', #7766, #2759 ) ;
#5250 = CARTESIAN_POINT ( 'NONE',  ( -12.00000000000000000, -3.719312084155296905, 50.60000000000000142 ) ) ;
#5251 = LINE ( 'NONE', #6707, #6451 ) ;
#5252 = VERTEX_POINT ( 'NONE', #1784 ) ;
#5253 = DIRECTION ( 'NONE',  ( 0.000000000000000000, 0.000000000000000000, -1.000000000000000000 ) ) ;
#5254 = EDGE_CURVE ( 'NONE', #6379, #8870, #5493, .T. ) ;
#5255 = ORIENTED_EDGE ( 'NONE', *, *, #1078, .F. ) ;
#5256 = EDGE_CURVE ( 'NONE', #1626, #2196, #7911, .T. ) ;
#5257 = ORIENTED_EDGE ( 'NONE', *, *, #5911, .F. ) ;
#5258 = CYLINDRICAL_SURFACE ( 'NONE', #3427, 3.099999999999995204 ) ;
#5259 = CARTESIAN_POINT ( 'NONE',  ( 11.10000000000000142, 10.80000000000000071, 24.99999999999997513 ) ) ;
#5260 = EDGE_CURVE ( 'NONE', #9897, #5129, #8611, .T. ) ;
#5261 = ORIENTED_EDGE ( 'NONE', *, *, #6801, .F. ) ;
#5262 = CYLINDRICAL_SURFACE ( 'NONE', #2412, 15.00000000000000000 ) ;
#5263 = FACE_OUTER_BOUND ( 'NONE', #5196, .T. ) ;
#5264 = CARTESIAN_POINT ( 'NONE',  ( -12.99999999999999822, 4.780687915844703539, 50.60000000000000853 ) ) ;
#5265 = DIRECTION ( 'NONE',  ( -0.000000000000000000, 1.000000000000000000, -0.000000000000000000 ) ) ;
#5266 = DIRECTION ( 'NONE',  ( 0.000000000000000000, 1.000000000000000000, 0.000000000000000000 ) ) ;
#5267 = ORIENTED_EDGE ( 'NONE', *, *, #3601, .T. ) ;
#5268 = CYLINDRICAL_SURFACE ( 'NONE', #4723, 3.000000000000002665 ) ;
#5269 = ORIENTED_EDGE ( 'NONE', *, *, #2968, .F. ) ;
#5270 = CARTESIAN_POINT ( 'NONE',  ( -30.50000000000000000, 4.780687915844703539, 71.99999999999998579 ) ) ;
#5271 = PLANE ( 'NONE',  #4808 ) ;
#5272 = CARTESIAN_POINT ( 'NONE',  ( -12.49999999999999822, -2.349999999999990319, 72.00000000000000000 ) ) ;
#5273 = CARTESIAN_POINT ( 'NONE',  ( 2.145068389081269178, 4.780687915844704428, 70.96998267230843283 ) ) ;
#5274 = FACE_BOUND ( 'NONE', #8587, .T. ) ;
#5275 = ORIENTED_EDGE ( 'NONE', *, *, #9503, .F. ) ;
#5276 = ORIENTED_EDGE ( 'NONE', *, *, #6657, .F. ) ;
#5277 = DIRECTION ( 'NONE',  ( -8.673617379884037444E-16, 1.000000000000000000, -0.000000000000000000 ) ) ;
#5278 = CARTESIAN_POINT ( 'NONE',  ( 80.00000000000001421, 8.000000000000000000, 59.99999999999984368 ) ) ;
#5279 = VERTEX_POINT ( 'NONE', #7198 ) ;
#5280 = DIRECTION ( 'NONE',  ( -0.000000000000000000, 1.000000000000000000, -0.000000000000000000 ) ) ;
#5281 = CYLINDRICAL_SURFACE ( 'NONE', #5016, 10.99999999999999645 ) ;
#5282 = VECTOR ( 'NONE', #647, 1000.000000000000000 ) ;
#5283 = AXIS2_PLACEMENT_3D ( 'NONE', #7488, #3667, #5377 ) ;
#5284 = AXIS2_PLACEMENT_3D ( 'NONE', #4456, #5905, #9135 ) ;
#5285 = PLANE ( 'NONE',  #212 ) ;
#5286 = ORIENTED_EDGE ( 'NONE', *, *, #6981, .T. ) ;
#5287 = CARTESIAN_POINT ( 'NONE',  ( -39.99999999999997158, -5.219312084155296461, -47.00000000000001421 ) ) ;
#5288 = VERTEX_POINT ( 'NONE', #926 ) ;
#5289 = EDGE_CURVE ( 'NONE', #9083, #3991, #4042, .T. ) ;
#5290 = ORIENTED_EDGE ( 'NONE', *, *, #88, .F. ) ;
#5291 = ORIENTED_EDGE ( 'NONE', *, *, #4099, .F. ) ;
#5292 = ORIENTED_EDGE ( 'NONE', *, *, #1199, .T. ) ;
#5293 = VECTOR ( 'NONE', #4826, 1000.000000000000000 ) ;
#5294 = VECTOR ( 'NONE', #894, 1000.000000000000000 ) ;
#5295 = DIRECTION ( 'NONE',  ( 0.000000000000000000, 0.000000000000000000, -1.000000000000000000 ) ) ;
#5296 = CARTESIAN_POINT ( 'NONE',  ( -18.32361441789065282, -3.499999999999999556, -59.99999999999997158 ) ) ;
#5297 = DIRECTION ( 'NONE',  ( 0.000000000000000000, -1.000000000000000000, 0.000000000000000000 ) ) ;
#5298 = DIRECTION ( 'NONE',  ( 0.000000000000000000, 0.000000000000000000, 1.000000000000000000 ) ) ;
#5299 = PLANE ( 'NONE',  #1082 ) ;
#5300 = DIRECTION ( 'NONE',  ( -1.000000000000000000, -0.000000000000000000, -1.927470528863118802E-16 ) ) ;
#5301 = ORIENTED_EDGE ( 'NONE', *, *, #6175, .F. ) ;
#5302 = VECTOR ( 'NONE', #6328, 1000.000000000000000 ) ;
#5303 = DIRECTION ( 'NONE',  ( 0.000000000000000000, -1.000000000000000000, 0.000000000000000000 ) ) ;
#5304 = EDGE_CURVE ( 'NONE', #7346, #1074, #828, .T. ) ;
#5305 = AXIS2_PLACEMENT_3D ( 'NONE', #7815, #9427, #4758 ) ;
#5306 = EDGE_CURVE ( 'NONE', #872, #6432, #1034, .T. ) ;
#5307 = EDGE_LOOP ( 'NONE', ( #1819, #4768, #7730 ) ) ;
#5308 = EDGE_CURVE ( 'NONE', #4393, #3526, #2437, .T. ) ;
#5309 = CARTESIAN_POINT ( 'NONE',  ( 23.99999999999999645, 1.500000000000000444, -90.38314064867232389 ) ) ;
#5310 = DIRECTION ( 'NONE',  ( 1.000000000000000000, 0.000000000000000000, 0.000000000000000000 ) ) ;
#5311 = EDGE_LOOP ( 'NONE', ( #5769, #6349, #6030, #2349 ) ) ;
#5312 = DIRECTION ( 'NONE',  ( -0.000000000000000000, 1.000000000000000000, 0.000000000000000000 ) ) ;
#5313 = DIRECTION ( 'NONE',  ( -0.000000000000000000, 1.000000000000000000, -0.000000000000000000 ) ) ;
#5314 = AXIS2_PLACEMENT_3D ( 'NONE', #2613, #7882, #3317 ) ;
#5315 = DIRECTION ( 'NONE',  ( 7.381802025433221547E-17, 0.000000000000000000, 1.000000000000000000 ) ) ;
#5316 = AXIS2_PLACEMENT_3D ( 'NONE', #6726, #9800, #5975 ) ;
#5317 = CARTESIAN_POINT ( 'NONE',  ( -9.500000000000001776, -0.2193120841552965994, 45.00000000000000000 ) ) ;
#5318 = DIRECTION ( 'NONE',  ( -0.000000000000000000, -1.000000000000000000, -0.000000000000000000 ) ) ;
#5319 = EDGE_CURVE ( 'NONE', #2647, #9540, #2489, .T. ) ;
#5320 = ORIENTED_EDGE ( 'NONE', *, *, #2665, .T. ) ;
#5321 = FACE_OUTER_BOUND ( 'NONE', #9228, .T. ) ;
#5322 = EDGE_CURVE ( 'NONE', #1133, #8918, #6437, .T. ) ;
#5323 = CIRCLE ( 'NONE', #6117, 2.000000000002175593 ) ;
#5324 = ORIENTED_EDGE ( 'NONE', *, *, #9760, .F. ) ;
#5325 = DIRECTION ( 'NONE',  ( -1.652117596168394412E-16, -0.000000000000000000, 1.000000000000000000 ) ) ;
#5326 = CARTESIAN_POINT ( 'NONE',  ( -11.09999999999999609, 8.000000000000000000, 24.99999999999997868 ) ) ;
#5327 = CARTESIAN_POINT ( 'NONE',  ( 11.09999999999999787, 10.80000000000000071, 54.84999999999998010 ) ) ;
#5328 = CARTESIAN_POINT ( 'NONE',  ( -10.09999999999999432, 8.000000000000000000, 24.99999999999998224 ) ) ;
#5329 = EDGE_CURVE ( 'NONE', #2702, #3952, #231, .T. ) ;
#5330 = AXIS2_PLACEMENT_3D ( 'NONE', #2358, #942, #854 ) ;
#5331 = AXIS2_PLACEMENT_3D ( 'NONE', #8257, #4993, #5086 ) ;
#5332 = FACE_OUTER_BOUND ( 'NONE', #685, .T. ) ;
#5333 = ORIENTED_EDGE ( 'NONE', *, *, #832, .T. ) ;
#5334 = ORIENTED_EDGE ( 'NONE', *, *, #8384, .T. ) ;
#5335 = AXIS2_PLACEMENT_3D ( 'NONE', #7471, #6054, #9077 ) ;
#5336 = VECTOR ( 'NONE', #2335, 1000.000000000000000 ) ;
#5337 = DIRECTION ( 'NONE',  ( 0.000000000000000000, 0.000000000000000000, -1.000000000000000000 ) ) ;
#5338 = DIRECTION ( 'NONE',  ( 1.000000000000000000, 0.000000000000000000, 0.000000000000000000 ) ) ;
#5339 = ORIENTED_EDGE ( 'NONE', *, *, #8084, .F. ) ;
#5340 = CARTESIAN_POINT ( 'NONE',  ( -9.500000000000001776, 0.7499999999999997780, 32.49999999999998579 ) ) ;
#5341 = CARTESIAN_POINT ( 'NONE',  ( -12.49999999999999822, 3.850000000000008082, 66.99999999999998579 ) ) ;
#5342 = AXIS2_PLACEMENT_3D ( 'NONE', #8413, #6805, #2283 ) ;
#5343 = CIRCLE ( 'NONE', #65, 1.000000000000000888 ) ;
#5344 = LINE ( 'NONE', #9445, #4704 ) ;
#5345 = ORIENTED_EDGE ( 'NONE', *, *, #5103, .T. ) ;
#5346 = PLANE ( 'NONE',  #3232 ) ;
#5347 = ORIENTED_EDGE ( 'NONE', *, *, #8322, .F. ) ;
#5348 = ORIENTED_EDGE ( 'NONE', *, *, #3226, .F. ) ;
#5349 = VECTOR ( 'NONE', #5201, 1000.000000000000000 ) ;
#5350 = ORIENTED_EDGE ( 'NONE', *, *, #8577, .F. ) ;
#5351 = AXIS2_PLACEMENT_3D ( 'NONE', #1357, #3772, #2101 ) ;
#5352 = VERTEX_POINT ( 'NONE', #6352 ) ;
#5353 = EDGE_CURVE ( 'NONE', #4008, #9237, #4094, .T. ) ;
#5354 = DIRECTION ( 'NONE',  ( -1.000000000000000000, -0.000000000000000000, -0.000000000000000000 ) ) ;
#5355 = CARTESIAN_POINT ( 'NONE',  ( 2.675911418893201595E-15, -1.719312084155296239, 8.499999999999991118 ) ) ;
#5356 = CARTESIAN_POINT ( 'NONE',  ( -26.99999999999999645, 4.780687915844703539, 64.00000000000000000 ) ) ;
#5357 = DIRECTION ( 'NONE',  ( 0.000000000000000000, -1.000000000000000000, 0.000000000000000000 ) ) ;
#5358 = VECTOR ( 'NONE', #381, 1000.000000000000000 ) ;
#5359 = DIRECTION ( 'NONE',  ( 0.000000000000000000, 0.000000000000000000, 1.000000000000000000 ) ) ;
#5360 = VECTOR ( 'NONE', #9186, 1000.000000000000000 ) ;
#5361 = ORIENTED_EDGE ( 'NONE', *, *, #7110, .F. ) ;
#5362 = DIRECTION ( 'NONE',  ( -0.5240974256643353701, 0.8516583167045433944, 0.000000000000000000 ) ) ;
#5363 = ORIENTED_EDGE ( 'NONE', *, *, #4639, .F. ) ;
#5364 = DIRECTION ( 'NONE',  ( 1.000000000000000000, 0.000000000000000000, 0.000000000000000000 ) ) ;
#5365 = ORIENTED_EDGE ( 'NONE', *, *, #6175, .T. ) ;
#5366 = DIRECTION ( 'NONE',  ( -1.000000000000000000, 0.000000000000000000, -0.000000000000000000 ) ) ;
#5367 = CARTESIAN_POINT ( 'NONE',  ( -8.466972104714013625, 0.4108977003046527243, 34.59999999999999432 ) ) ;
#5368 = EDGE_CURVE ( 'NONE', #6667, #9055, #1126, .T. ) ;
#5369 = CARTESIAN_POINT ( 'NONE',  ( -6.000000000000000000, -3.719312084155296905, 45.00000000000000000 ) ) ;
#5370 = EDGE_CURVE ( 'NONE', #2415, #5795, #4191, .T. ) ;
#5371 = CARTESIAN_POINT ( 'NONE',  ( 2.308517379148995757E-15, -1.719312084155296239, 11.49999999999999289 ) ) ;
#5372 = CARTESIAN_POINT ( 'NONE',  ( 26.99999999999999645, -1.219312084155296683, 72.00000000000000000 ) ) ;
#5373 = ORIENTED_EDGE ( 'NONE', *, *, #1028, .T. ) ;
#5374 = CARTESIAN_POINT ( 'NONE',  ( -23.99999999999999645, 7.999999999999998224, -145.1422975141768177 ) ) ;
#5375 = VERTEX_POINT ( 'NONE', #2217 ) ;
#5376 = CARTESIAN_POINT ( 'NONE',  ( 9.500000000000031974, -5.219312084155296461, -49.00000000000000000 ) ) ;
#5377 = DIRECTION ( 'NONE',  ( 0.000000000000000000, 0.000000000000000000, -1.000000000000000000 ) ) ;
#5378 = EDGE_CURVE ( 'NONE', #9634, #1178, #8246, .T. ) ;
#5379 = DIRECTION ( 'NONE',  ( -0.000000000000000000, 1.000000000000000000, -0.000000000000000000 ) ) ;
#5380 = DIRECTION ( 'NONE',  ( 0.000000000000000000, 0.000000000000000000, -1.000000000000000000 ) ) ;
#5381 = EDGE_CURVE ( 'NONE', #9730, #42, #6546, .T. ) ;
#5382 = CARTESIAN_POINT ( 'NONE',  ( -21.70000000000002416, -3.219312084155296461, -59.05398995351029612 ) ) ;
#5383 = VERTEX_POINT ( 'NONE', #1410 ) ;
#5384 = EDGE_CURVE ( 'NONE', #6078, #9825, #7538, .T. ) ;
#5385 = ORIENTED_EDGE ( 'NONE', *, *, #714, .F. ) ;
#5386 = LINE ( 'NONE', #9809, #49 ) ;
#5387 = DIRECTION ( 'NONE',  ( 2.315848374724873665E-16, 1.000000000000000000, 0.000000000000000000 ) ) ;
#5388 = ADVANCED_FACE ( 'NONE', ( #1362 ), #2860, .F. ) ;
#5389 = DIRECTION ( 'NONE',  ( -1.000000000000000000, -0.000000000000000000, -0.000000000000000000 ) ) ;
#5390 = CARTESIAN_POINT ( 'NONE',  ( -71.99999999999998579, 4.780687915844703539, -58.49999999999990763 ) ) ;
#5391 = CIRCLE ( 'NONE', #1062, 2.100000000000000977 ) ;
#5392 = DIRECTION ( 'NONE',  ( -0.000000000000000000, -1.000000000000000000, -0.000000000000000000 ) ) ;
#5393 = VERTEX_POINT ( 'NONE', #379 ) ;
#5394 = LINE ( 'NONE', #4741, #7722 ) ;
#5395 = VERTEX_POINT ( 'NONE', #5223 ) ;
#5396 = ORIENTED_EDGE ( 'NONE', *, *, #3123, .T. ) ;
#5397 = FACE_OUTER_BOUND ( 'NONE', #981, .T. ) ;
#5398 = ORIENTED_EDGE ( 'NONE', *, *, #9910, .F. ) ;
#5399 = CARTESIAN_POINT ( 'NONE',  ( -11.09999999999999254, 9.600000000000001421, 42.14999999999997726 ) ) ;
#5400 = CARTESIAN_POINT ( 'NONE',  ( 10.25000000000000178, 2.000000000002015277, -87.50000000000224532 ) ) ;
#5401 = DIRECTION ( 'NONE',  ( -0.000000000000000000, 1.000000000000000000, -0.000000000000000000 ) ) ;
#5402 = FACE_OUTER_BOUND ( 'NONE', #9018, .T. ) ;
#5403 = ORIENTED_EDGE ( 'NONE', *, *, #8639, .F. ) ;
#5404 = CARTESIAN_POINT ( 'NONE',  ( -11.59999999999999609, 9.799999999999998934, 21.19999999999997087 ) ) ;
#5405 = VERTEX_POINT ( 'NONE', #5921 ) ;
#5406 = CARTESIAN_POINT ( 'NONE',  ( 60.00000000000001421, 0.000000000000000000, 59.99999999999999289 ) ) ;
#5407 = LINE ( 'NONE', #6873, #9155 ) ;
#5408 = LINE ( 'NONE', #8624, #6627 ) ;
#5409 = DIRECTION ( 'NONE',  ( -0.000000000000000000, 1.000000000000000000, -0.000000000000000000 ) ) ;
#5410 = CARTESIAN_POINT ( 'NONE',  ( -9.500000000000001776, -0.2193120841552965994, 19.99999999999998934 ) ) ;
#5411 = DIRECTION ( 'NONE',  ( 0.000000000000000000, -1.000000000000000000, 0.000000000000000000 ) ) ;
#5412 = VERTEX_POINT ( 'NONE', #6074 ) ;
#5413 = CARTESIAN_POINT ( 'NONE',  ( 10.00000000000002487, -2.000000000000000000, -87.50000000000000000 ) ) ;
#5414 = ORIENTED_EDGE ( 'NONE', *, *, #1123, .T. ) ;
#5415 = EDGE_CURVE ( 'NONE', #1346, #7763, #7491, .T. ) ;
#5416 = EDGE_CURVE ( 'NONE', #332, #9758, #8294, .T. ) ;
#5417 = ORIENTED_EDGE ( 'NONE', *, *, #4818, .F. ) ;
#5418 = FACE_OUTER_BOUND ( 'NONE', #1725, .T. ) ;
#5419 = CARTESIAN_POINT ( 'NONE',  ( 17.00000000000000000, -1.219312084155296683, 46.00000000000000000 ) ) ;
#5420 = DIRECTION ( 'NONE',  ( -1.000000000000000000, -0.000000000000000000, -0.000000000000000000 ) ) ;
#5421 = CARTESIAN_POINT ( 'NONE',  ( 8.500000000000000000, -0.2193120841552965994, 0.000000000000000000 ) ) ;
#5422 = CARTESIAN_POINT ( 'NONE',  ( 7.500000000000003553, 1.890660852020999538, 30.73679473098939852 ) ) ;
#5423 = ORIENTED_EDGE ( 'NONE', *, *, #5260, .T. ) ;
#5424 = EDGE_CURVE ( 'NONE', #6311, #6297, #609, .T. ) ;
#5425 = ORIENTED_EDGE ( 'NONE', *, *, #8311, .F. ) ;
#5426 = CARTESIAN_POINT ( 'NONE',  ( 23.00000000000000000, -1.219312084155296683, 61.00000000000000000 ) ) ;
#5427 = CARTESIAN_POINT ( 'NONE',  ( 60.00000000000000000, 0.000000000000000000, 60.00000000000002842 ) ) ;
#5428 = DIRECTION ( 'NONE',  ( 0.000000000000000000, 0.000000000000000000, -1.000000000000000000 ) ) ;
#5429 = CARTESIAN_POINT ( 'NONE',  ( -8.395184441433917399, 1.780687915844703539, 30.67033270233854125 ) ) ;
#5430 = EDGE_CURVE ( 'NONE', #6498, #9230, #719, .T. ) ;
#5431 = EDGE_CURVE ( 'NONE', #7033, #2169, #4941, .T. ) ;
#5432 = EDGE_LOOP ( 'NONE', ( #2547, #9658, #229, #9440, #5960, #4074, #6982, #2094 ) ) ;
#5433 = PLANE ( 'NONE',  #1797 ) ;
#5434 = VERTEX_POINT ( 'NONE', #1463 ) ;
#5435 = EDGE_CURVE ( 'NONE', #9593, #5783, #7308, .T. ) ;
#5436 = ORIENTED_EDGE ( 'NONE', *, *, #236, .T. ) ;
#5437 = ORIENTED_EDGE ( 'NONE', *, *, #6716, .T. ) ;
#5438 = EDGE_CURVE ( 'NONE', #7380, #7315, #6838, .T. ) ;
#5439 = ORIENTED_EDGE ( 'NONE', *, *, #1530, .T. ) ;
#5440 = APPLICATION_CONTEXT ( 'configuration controlled 3d designs of mechanical parts and assemblies' ) ;
#5441 = CARTESIAN_POINT ( 'NONE',  ( 58.49999999999990052, 4.780687915844703539, 72.00000000000000000 ) ) ;
#5442 = LINE ( 'NONE', #835, #2777 ) ;
#5443 = VECTOR ( 'NONE', #9798, 1000.000000000000000 ) ;
#5444 = DIRECTION ( 'NONE',  ( -0.000000000000000000, 1.000000000000000000, -0.000000000000000000 ) ) ;
#5445 = AXIS2_PLACEMENT_3D ( 'NONE', #3954, #1740, #8473 ) ;
#5446 = ADVANCED_FACE ( 'NONE', ( #661 ), #3490, .T. ) ;
#5447 = FACE_OUTER_BOUND ( 'NONE', #7884, .T. ) ;
#5448 = VERTEX_POINT ( 'NONE', #6790 ) ;
#5449 = PLANE ( 'NONE',  #5516 ) ;
#5450 = CC_DESIGN_PERSON_AND_ORGANIZATION_ASSIGNMENT ( #4088, #7842, ( #555 ) ) ;
#5451 = EDGE_LOOP ( 'NONE', ( #1225, #8120, #7460, #1485 ) ) ;
#5452 = ORIENTED_EDGE ( 'NONE', *, *, #7772, .T. ) ;
#5453 = CARTESIAN_POINT ( 'NONE',  ( -2.145068389081296711, 4.780687915844701763, -36.40269658700412236 ) ) ;
#5454 = DIRECTION ( 'NONE',  ( 1.000000000000000000, 0.000000000000000000, 0.000000000000000000 ) ) ;
#5455 = CARTESIAN_POINT ( 'NONE',  ( -58.49999999999990052, 3.850000000000013411, 72.00000000000000000 ) ) ;
#5456 = DIRECTION ( 'NONE',  ( -1.927470528863118802E-16, 0.000000000000000000, -1.000000000000000000 ) ) ;
#5457 = DIRECTION ( 'NONE',  ( 0.000000000000000000, 1.000000000000000000, 0.000000000000000000 ) ) ;
#5458 = VECTOR ( 'NONE', #2962, 1000.000000000000000 ) ;
#5459 = CARTESIAN_POINT ( 'NONE',  ( -12.59999999999999609, 8.000000000000000000, 21.19999999999997087 ) ) ;
#5460 = ORIENTED_EDGE ( 'NONE', *, *, #8797, .F. ) ;
#5461 = CARTESIAN_POINT ( 'NONE',  ( -20.49999999999992184, 3.780687915844703539, 40.99999999999999289 ) ) ;
#5462 = ORIENTED_EDGE ( 'NONE', *, *, #3971, .T. ) ;
#5463 = EDGE_LOOP ( 'NONE', ( #1292, #880, #6677, #8360 ) ) ;
#5464 = VECTOR ( 'NONE', #1842, 1000.000000000000000 ) ;
#5465 = DIRECTION ( 'NONE',  ( -0.000000000000000000, 1.000000000000000000, -0.000000000000000000 ) ) ;
#5466 = VECTOR ( 'NONE', #1915, 1000.000000000000000 ) ;
#5467 = FACE_OUTER_BOUND ( 'NONE', #8558, .T. ) ;
#5468 = CARTESIAN_POINT ( 'NONE',  ( -16.50000000000007816, -0.2193120841552965994, 34.36291011149503305 ) ) ;
#5469 = DIRECTION ( 'NONE',  ( -1.000000000000000000, 0.000000000000000000, -3.652049423109082125E-16 ) ) ;
#5470 = CARTESIAN_POINT ( 'NONE',  ( 7.370119425355116327, 2.020703358160337970, 30.82092242641936508 ) ) ;
#5471 = VECTOR ( 'NONE', #5891, 1000.000000000000000 ) ;
#5472 = EDGE_LOOP ( 'NONE', ( #5882, #8308, #1427, #5521 ) ) ;
#5473 = VECTOR ( 'NONE', #1296, 1000.000000000000000 ) ;
#5474 = VECTOR ( 'NONE', #3362, 1000.000000000000000 ) ;
#5475 = ORIENTED_EDGE ( 'NONE', *, *, #2375, .T. ) ;
#5476 = DIRECTION ( 'NONE',  ( 0.000000000000000000, 0.000000000000000000, -1.000000000000000000 ) ) ;
#5477 = CARTESIAN_POINT ( 'NONE',  ( -20.87858936800429532, -5.072292276993011662, 79.99999999999998579 ) ) ;
#5478 = VECTOR ( 'NONE', #9391, 1000.000000000000000 ) ;
#5479 = VECTOR ( 'NONE', #9196, 1000.000000000000000 ) ;
#5480 = DIRECTION ( 'NONE',  ( -1.000000000000000000, 0.000000000000000000, -0.000000000000000000 ) ) ;
#5481 = EDGE_CURVE ( 'NONE', #3761, #5049, #8806, .T. ) ;
#5482 = CARTESIAN_POINT ( 'NONE',  ( -12.00000000000000000, 4.780687915844703539, 50.60000000000000142 ) ) ;
#5483 = EDGE_CURVE ( 'NONE', #5508, #1809, #9570, .T. ) ;
#5484 = VECTOR ( 'NONE', #5857, 1000.000000000000000 ) ;
#5485 = ORIENTED_EDGE ( 'NONE', *, *, #2802, .T. ) ;
#5486 = DIRECTION ( 'NONE',  ( 0.000000000000000000, 0.000000000000000000, -1.000000000000000000 ) ) ;
#5487 = AXIS2_PLACEMENT_3D ( 'NONE', #3386, #6306, #1786 ) ;
#5488 = ORIENTED_EDGE ( 'NONE', *, *, #5025, .F. ) ;
#5489 = ORIENTED_EDGE ( 'NONE', *, *, #4579, .T. ) ;
#5490 = CARTESIAN_POINT ( 'NONE',  ( -31.50000000000000000, 3.780687915844703539, 71.99999999999998579 ) ) ;
#5491 = LINE ( 'NONE', #9415, #9356 ) ;
#5492 = VERTEX_POINT ( 'NONE', #4991 ) ;
#5493 = LINE ( 'NONE', #4845, #9330 ) ;
#5494 = EDGE_CURVE ( 'NONE', #9302, #8349, #8063, .T. ) ;
#5495 = VECTOR ( 'NONE', #7336, 1000.000000000000000 ) ;
#5496 = CARTESIAN_POINT ( 'NONE',  ( -13.39999999999998614, 9.600000000000001421, 54.84999999999998010 ) ) ;
#5497 = AXIS2_PLACEMENT_3D ( 'NONE', #3627, #419, #2818 ) ;
#5498 = CARTESIAN_POINT ( 'NONE',  ( 0.000000000000000000, 9.799999999999998934, 22.19999999999997442 ) ) ;
#5499 = ADVANCED_FACE ( 'NONE', ( #2369 ), #809, .F. ) ;
#5500 = DIRECTION ( 'NONE',  ( -0.000000000000000000, 1.000000000000000000, -0.000000000000000000 ) ) ;
#5501 = AXIS2_PLACEMENT_3D ( 'NONE', #8668, #6215, #1650 ) ;
#5502 = ORIENTED_EDGE ( 'NONE', *, *, #5308, .F. ) ;
#5503 = DIRECTION ( 'NONE',  ( -1.365923996832130623E-16, 0.000000000000000000, 1.000000000000000000 ) ) ;
#5504 = VERTEX_POINT ( 'NONE', #9956 ) ;
#5505 = VECTOR ( 'NONE', #6369, 1000.000000000000000 ) ;
#5506 = AXIS2_PLACEMENT_3D ( 'NONE', #9102, #2218, #2913 ) ;
#5507 = EDGE_CURVE ( 'NONE', #6345, #4547, #5631, .T. ) ;
#5508 = VERTEX_POINT ( 'NONE', #8594 ) ;
#5509 = DIRECTION ( 'NONE',  ( -0.000000000000000000, 1.000000000000000000, -0.000000000000000000 ) ) ;
#5510 = CARTESIAN_POINT ( 'NONE',  ( 12.00000000000000000, -3.719312084155296905, 50.60000000000000142 ) ) ;
#5511 = CIRCLE ( 'NONE', #6318, 3.000000000000002665 ) ;
#5512 = CARTESIAN_POINT ( 'NONE',  ( -8.395184441433917399, 1.780687915844703539, 0.000000000000000000 ) ) ;
#5513 = FACE_OUTER_BOUND ( 'NONE', #7812, .T. ) ;
#5514 = EDGE_CURVE ( 'NONE', #2855, #9634, #4627, .T. ) ;
#5515 = DIRECTION ( 'NONE',  ( -0.000000000000000000, -0.000000000000000000, 1.000000000000000000 ) ) ;
#5516 = AXIS2_PLACEMENT_3D ( 'NONE', #7057, #8519, #6312 ) ;
#5517 = DIRECTION ( 'NONE',  ( 0.000000000000000000, 0.000000000000000000, -1.000000000000000000 ) ) ;
#5518 = VERTEX_POINT ( 'NONE', #7830 ) ;
#5519 = FACE_OUTER_BOUND ( 'NONE', #5472, .T. ) ;
#5520 = ORIENTED_EDGE ( 'NONE', *, *, #2426, .F. ) ;
#5521 = ORIENTED_EDGE ( 'NONE', *, *, #9807, .T. ) ;
#5522 = DIRECTION ( 'NONE',  ( 1.000000000000000000, 0.000000000000000000, -0.000000000000000000 ) ) ;
#5523 = ORIENTED_EDGE ( 'NONE', *, *, #3404, .T. ) ;
#5524 = FACE_OUTER_BOUND ( 'NONE', #3940, .T. ) ;
#5525 = CARTESIAN_POINT ( 'NONE',  ( 6.999999999999999112, -3.719312084155296905, 46.00000000000000000 ) ) ;
#5526 = LINE ( 'NONE', #5328, #1467 ) ;
#5527 = ORIENTED_EDGE ( 'NONE', *, *, #6770, .T. ) ;
#5528 = EDGE_CURVE ( 'NONE', #5612, #5492, #8842, .T. ) ;
#5529 = ORIENTED_EDGE ( 'NONE', *, *, #3701, .T. ) ;
#5530 = DIRECTION ( 'NONE',  ( 1.000000000000000000, -0.000000000000000000, 5.634144622830656211E-16 ) ) ;
#5531 = DIRECTION ( 'NONE',  ( -0.000000000000000000, 0.000000000000000000, -1.000000000000000000 ) ) ;
#5532 = DIRECTION ( 'NONE',  ( 0.000000000000000000, 0.000000000000000000, -1.000000000000000000 ) ) ;
#5533 = CARTESIAN_POINT ( 'NONE',  ( -23.20000000000002771, 0.000000000000000000, 0.000000000000000000 ) ) ;
#5534 = LINE ( 'NONE', #5482, #7426 ) ;
#5535 = VERTEX_POINT ( 'NONE', #8397 ) ;
#5536 = APPLICATION_PROTOCOL_DEFINITION ( 'international standard', 'config_control_design', 1994, #5440 ) ;
#5537 = ORIENTED_EDGE ( 'NONE', *, *, #6463, .T. ) ;
#5538 = ORIENTED_EDGE ( 'NONE', *, *, #2373, .T. ) ;
#5539 = EDGE_CURVE ( 'NONE', #4136, #6230, #501, .T. ) ;
#5540 = DIRECTION ( 'NONE',  ( 0.000000000000000000, -1.000000000000000000, 0.000000000000000000 ) ) ;
#5541 = ADVANCED_FACE ( 'NONE', ( #6941 ), #1610, .F. ) ;
#5542 = CARTESIAN_POINT ( 'NONE',  ( 2.492214399021098479E-15, -1.719312084155296239, 9.999999999999991118 ) ) ;
#5543 = ORIENTED_EDGE ( 'NONE', *, *, #4099, .T. ) ;
#5544 = AXIS2_PLACEMENT_3D ( 'NONE', #5660, #7818, #897 ) ;
#5545 = CARTESIAN_POINT ( 'NONE',  ( 9.499999999999925393, 4.780687915844703539, 45.00000000000000711 ) ) ;
#5546 = LINE ( 'NONE', #2531, #1342 ) ;
#5547 = CARTESIAN_POINT ( 'NONE',  ( -59.99999999999987921, -6.500000000000000000, -74.99999999999997158 ) ) ;
#5548 = CARTESIAN_POINT ( 'NONE',  ( 16.25000000000000000, 1.780687915844703539, 72.00000000000000000 ) ) ;
#5549 = ORIENTED_EDGE ( 'NONE', *, *, #5590, .F. ) ;
#5550 = CARTESIAN_POINT ( 'NONE',  ( 25.20000000000002771, 4.780687915844703539, -57.09601004648968114 ) ) ;
#5551 = ORIENTED_EDGE ( 'NONE', *, *, #3300, .T. ) ;
#5552 = EDGE_CURVE ( 'NONE', #6522, #5279, #7686, .T. ) ;
#5553 = ORIENTED_EDGE ( 'NONE', *, *, #7453, .F. ) ;
#5554 = CARTESIAN_POINT ( 'NONE',  ( -2.906707048696245188, 4.593751639243114582, -39.26748571321513737 ) ) ;
#5555 = CARTESIAN_POINT ( 'NONE',  ( -23.99999999999999645, 3.250000000002020162, -87.50000000000224532 ) ) ;
#5556 = PLANE ( 'NONE',  #378 ) ;
#5557 = CARTESIAN_POINT ( 'NONE',  ( -9.000000000000001776, 3.850000000000007194, 72.00000000000000000 ) ) ;
#5558 = DIRECTION ( 'NONE',  ( 0.000000000000000000, 0.000000000000000000, -1.000000000000000000 ) ) ;
#5559 = CARTESIAN_POINT ( 'NONE',  ( -59.99999999999987921, -6.500000000000000000, -74.99999999999997158 ) ) ;
#5560 = EDGE_CURVE ( 'NONE', #1201, #6390, #66, .T. ) ;
#5561 = CIRCLE ( 'NONE', #4764, 1.000000000000000888 ) ;
#5562 = EDGE_LOOP ( 'NONE', ( #8436, #1724, #7461, #6170, #8407, #2231, #9937, #6762, #6179, #5932, #4947, #5072, #2030, #5984, #5292, #4283 ) ) ;
#5563 = PLANE ( 'NONE',  #9530 ) ;
#5564 = EDGE_LOOP ( 'NONE', ( #4411, #2877, #2316, #9927 ) ) ;
#5565 = EDGE_CURVE ( 'NONE', #9118, #9677, #3122, .T. ) ;
#5566 = EDGE_CURVE ( 'NONE', #8483, #2386, #5526, .T. ) ;
#5567 = ORIENTED_EDGE ( 'NONE', *, *, #4828, .F. ) ;
#5568 = CARTESIAN_POINT ( 'NONE',  ( -9.500000000000001776, -5.219312084155296461, -49.00000000000000000 ) ) ;
#5569 = EDGE_LOOP ( 'NONE', ( #6044, #9046, #8999, #9070 ) ) ;
#5570 = DIRECTION ( 'NONE',  ( 0.000000000000000000, 0.000000000000000000, -1.000000000000000000 ) ) ;
#5571 = EDGE_CURVE ( 'NONE', #4891, #124, #9350, .T. ) ;
#5572 = DIRECTION ( 'NONE',  ( 0.000000000000000000, -1.000000000000000000, 0.000000000000000000 ) ) ;
#5573 = LINE ( 'NONE', #4167, #2274 ) ;
#5574 = ORIENTED_EDGE ( 'NONE', *, *, #5560, .T. ) ;
#5575 = DIRECTION ( 'NONE',  ( 9.340818716798197812E-16, 0.000000000000000000, -1.000000000000000000 ) ) ;
#5576 = EDGE_LOOP ( 'NONE', ( #6799, #2875, #9273, #2023 ) ) ;
#5577 = DIRECTION ( 'NONE',  ( 0.000000000000000000, -1.000000000000000000, 0.000000000000000000 ) ) ;
#5578 = FACE_OUTER_BOUND ( 'NONE', #9056, .T. ) ;
#5579 = CARTESIAN_POINT ( 'NONE',  ( 25.20000000000002771, 4.780687915844703539, -59.05398995351029612 ) ) ;
#5580 = DIRECTION ( 'NONE',  ( -1.000000000000000000, 0.000000000000000000, 0.000000000000000000 ) ) ;
#5581 = ORIENTED_EDGE ( 'NONE', *, *, #2614, .F. ) ;
#5582 = APPROVAL_ROLE ( '' ) ;
#5583 = ORIENTED_EDGE ( 'NONE', *, *, #4097, .F. ) ;
#5584 = ORIENTED_EDGE ( 'NONE', *, *, #9558, .F. ) ;
#5585 = DIRECTION ( 'NONE',  ( -0.000000000000000000, 1.000000000000000000, -0.000000000000000000 ) ) ;
#5586 = EDGE_LOOP ( 'NONE', ( #1893, #1039, #2646, #4413, #1398, #6494, #4793, #3471, #7906, #8588, #8152, #1923 ) ) ;
#5587 = LINE ( 'NONE', #4896, #4027 ) ;
#5588 = FACE_OUTER_BOUND ( 'NONE', #8255, .T. ) ;
#5589 = CARTESIAN_POINT ( 'NONE',  ( 23.00000000000000000, -1.219312084155296683, 58.50000000000000000 ) ) ;
#5590 = EDGE_CURVE ( 'NONE', #8287, #2524, #1666, .T. ) ;
#5591 = LINE ( 'NONE', #4900, #3249 ) ;
#5592 = ORIENTED_EDGE ( 'NONE', *, *, #3893, .T. ) ;
#5593 = CARTESIAN_POINT ( 'NONE',  ( -12.49999999999999822, -2.349999999999990319, 66.99999999999998579 ) ) ;
#5594 = VERTEX_POINT ( 'NONE', #4733 ) ;
#5595 = ORIENTED_EDGE ( 'NONE', *, *, #8631, .F. ) ;
#5596 = DIRECTION ( 'NONE',  ( -0.000000000000000000, -0.000000000000000000, -1.000000000000000000 ) ) ;
#5597 = AXIS2_PLACEMENT_3D ( 'NONE', #5259, #9843, #7477 ) ;
#5598 = DIRECTION ( 'NONE',  ( 0.000000000000000000, -1.000000000000000000, 0.000000000000000000 ) ) ;
#5599 = CARTESIAN_POINT ( 'NONE',  ( 7.099999999999999645, -3.999999999999999112, 54.00000000000001421 ) ) ;
#5600 = PLANE ( 'NONE',  #3243 ) ;
#5601 = CARTESIAN_POINT ( 'NONE',  ( 25.20000000000002771, -6.519312084155297171, -57.09601004648968114 ) ) ;
#5602 = EDGE_CURVE ( 'NONE', #195, #2301, #9210, .T. ) ;
#5603 = EDGE_CURVE ( 'NONE', #6122, #9753, #8359, .T. ) ;
#5604 = CARTESIAN_POINT ( 'NONE',  ( -58.49999999999988631, 4.780687915844703539, -72.00000000000000000 ) ) ;
#5605 = ORIENTED_EDGE ( 'NONE', *, *, #345, .T. ) ;
#5606 = DIRECTION ( 'NONE',  ( -1.000000000000000000, 1.214306433183764966E-16, 0.000000000000000000 ) ) ;
#5607 = AXIS2_PLACEMENT_3D ( 'NONE', #1617, #5531, #8549 ) ;
#5608 = VERTEX_POINT ( 'NONE', #7081 ) ;
#5609 = ORIENTED_EDGE ( 'NONE', *, *, #3417, .T. ) ;
#5610 = CIRCLE ( 'NONE', #2567, 15.00000000000000000 ) ;
#5611 = LINE ( 'NONE', #8681, #3544 ) ;
#5612 = VERTEX_POINT ( 'NONE', #6276 ) ;
#5613 = CARTESIAN_POINT ( 'NONE',  ( 26.99999999999999645, 4.780687915844703539, 64.00000000000000000 ) ) ;
#5614 = CARTESIAN_POINT ( 'NONE',  ( -27.74999999999999645, -1.692252659840823101E-13, -87.50000000000224532 ) ) ;
#5615 = VECTOR ( 'NONE', #2710, 1000.000000000000000 ) ;
#5616 = AXIS2_PLACEMENT_3D ( 'NONE', #3928, #7788, #1662 ) ;
#5617 = DIRECTION ( 'NONE',  ( -0.000000000000000000, 1.000000000000000000, -0.000000000000000000 ) ) ;
#5618 = ADVANCED_FACE ( 'NONE', ( #1714, #205 ), #3063, .F. ) ;
#5619 = EDGE_CURVE ( 'NONE', #93, #4746, #6884, .T. ) ;
#5620 = VERTEX_POINT ( 'NONE', #2706 ) ;
#5621 = PLANE ( 'NONE',  #5342 ) ;
#5622 = VECTOR ( 'NONE', #7415, 1000.000000000000000 ) ;
#5623 = AXIS2_PLACEMENT_3D ( 'NONE', #5830, #6489, #3577 ) ;
#5624 = ORIENTED_EDGE ( 'NONE', *, *, #8619, .F. ) ;
#5625 = CARTESIAN_POINT ( 'NONE',  ( 2.308517379148995757E-15, 4.780687915844703539, 11.49999999999999289 ) ) ;
#5626 = EDGE_CURVE ( 'NONE', #3526, #3665, #3416, .T. ) ;
#5627 = PLANE ( 'NONE',  #2718 ) ;
#5628 = LINE ( 'NONE', #4604, #8843 ) ;
#5629 = VECTOR ( 'NONE', #574, 1000.000000000000000 ) ;
#5630 = CYLINDRICAL_SURFACE ( 'NONE', #2035, 3.000000000000000888 ) ;
#5631 = CIRCLE ( 'NONE', #8200, 10.59999999999999964 ) ;
#5632 = DIRECTION ( 'NONE',  ( -0.000000000000000000, 1.000000000000000000, -0.000000000000000000 ) ) ;
#5633 = AXIS2_PLACEMENT_3D ( 'NONE', #3565, #8836, #9698 ) ;
#5634 = ORIENTED_EDGE ( 'NONE', *, *, #9187, .F. ) ;
#5635 = PERSON_AND_ORGANIZATION ( #8748, #7567 ) ;
#5636 = EDGE_LOOP ( 'NONE', ( #2707, #5240, #1457, #1426, #8184, #7519, #3138 ) ) ;
#5637 = VERTEX_POINT ( 'NONE', #4968 ) ;
#5638 = CC_DESIGN_APPROVAL ( #9021, ( #1302 ) ) ;
#5639 = CIRCLE ( 'NONE', #8369, 3.099999999999995204 ) ;
#5640 = AXIS2_PLACEMENT_3D ( 'NONE', #6578, #1871, #2815 ) ;
#5641 = DIRECTION ( 'NONE',  ( -1.000000000000000000, 0.000000000000000000, 0.000000000000000000 ) ) ;
#5642 = ORIENTED_EDGE ( 'NONE', *, *, #4899, .F. ) ;
#5643 = CARTESIAN_POINT ( 'NONE',  ( 26.99999999999999645, -1.219312084155296683, 64.00000000000000000 ) ) ;
#5644 = PLANE ( 'NONE',  #7758 ) ;
#5645 = CARTESIAN_POINT ( 'NONE',  ( -20.49999999999991829, 3.780687915844703539, 39.99999999999999289 ) ) ;
#5646 = VECTOR ( 'NONE', #6980, 1000.000000000000000 ) ;
#5647 = AXIS2_PLACEMENT_3D ( 'NONE', #2826, #5133, #8810 ) ;
#5648 = CARTESIAN_POINT ( 'NONE',  ( -10.09999999999998721, 8.000000000000000000, 71.99999999999998579 ) ) ;
#5649 = VERTEX_POINT ( 'NONE', #1059 ) ;
#5650 = DIRECTION ( 'NONE',  ( -0.000000000000000000, -0.000000000000000000, 1.000000000000000000 ) ) ;
#5651 = ORIENTED_EDGE ( 'NONE', *, *, #5671, .T. ) ;
#5652 = EDGE_CURVE ( 'NONE', #9416, #7689, #9645, .T. ) ;
#5653 = VECTOR ( 'NONE', #7623, 1000.000000000000000 ) ;
#5654 = ORIENTED_EDGE ( 'NONE', *, *, #8335, .T. ) ;
#5655 = VECTOR ( 'NONE', #3131, 1000.000000000000000 ) ;
#5656 = CARTESIAN_POINT ( 'NONE',  ( 0.000000000000000000, -6.519312084155297171, 0.000000000000000000 ) ) ;
#5657 = DIRECTION ( 'NONE',  ( -0.000000000000000000, 0.000000000000000000, 1.000000000000000000 ) ) ;
#5658 = DIRECTION ( 'NONE',  ( 0.000000000000000000, -0.000000000000000000, -1.000000000000000000 ) ) ;
#5659 = DIRECTION ( 'NONE',  ( -0.000000000000000000, 0.000000000000000000, 1.000000000000000000 ) ) ;
#5660 = CARTESIAN_POINT ( 'NONE',  ( 40.00000000000001421, -5.219312084155296461, -31.99999999999999289 ) ) ;
#5661 = CARTESIAN_POINT ( 'NONE',  ( -12.59999999999999964, 10.80000000000000071, 25.19999999999997442 ) ) ;
#5662 = DIRECTION ( 'NONE',  ( 0.000000000000000000, -0.000000000000000000, -1.000000000000000000 ) ) ;
#5663 = VECTOR ( 'NONE', #5236, 1000.000000000000000 ) ;
#5664 = EDGE_LOOP ( 'NONE', ( #2753, #7412, #1751, #80 ) ) ;
#5665 = CARTESIAN_POINT ( 'NONE',  ( 9.500000000000031974, 4.780687915844703539, -49.00000000000000000 ) ) ;
#5666 = VECTOR ( 'NONE', #6870, 999.9999999999998863 ) ;
#5667 = ORIENTED_EDGE ( 'NONE', *, *, #9510, .T. ) ;
#5668 = ORIENTED_EDGE ( 'NONE', *, *, #844, .T. ) ;
#5669 = EDGE_CURVE ( 'NONE', #831, #948, #9171, .T. ) ;
#5670 = PLANE ( 'NONE',  #1603 ) ;
#5671 = EDGE_CURVE ( 'NONE', #7843, #514, #5573, .T. ) ;
#5672 = ORIENTED_EDGE ( 'NONE', *, *, #8946, .F. ) ;
#5673 = DIRECTION ( 'NONE',  ( -1.000000000000000000, 0.000000000000000000, 0.000000000000000000 ) ) ;
#5674 = VECTOR ( 'NONE', #3461, 1000.000000000000000 ) ;
#5675 = CARTESIAN_POINT ( 'NONE',  ( -80.00000000000000000, 0.000000000000000000, 59.99999999999984368 ) ) ;
#5676 = DIRECTION ( 'NONE',  ( 1.156482317317873451E-16, 0.000000000000000000, -1.000000000000000000 ) ) ;
#5677 = AXIS2_PLACEMENT_3D ( 'NONE', #706, #753, #50 ) ;
#5678 = ORIENTED_EDGE ( 'NONE', *, *, #7388, .F. ) ;
#5679 = CARTESIAN_POINT ( 'NONE',  ( -59.99999999999985789, 8.000000000000000000, 79.99999999999998579 ) ) ;
#5680 = VECTOR ( 'NONE', #1690, 1000.000000000000000 ) ;
#5681 = ORIENTED_EDGE ( 'NONE', *, *, #6121, .T. ) ;
#5682 = EDGE_CURVE ( 'NONE', #5724, #303, #5763, .T. ) ;
#5683 = LINE ( 'NONE', #3475, #5131 ) ;
#5684 = EDGE_CURVE ( 'NONE', #6605, #9672, #5022, .T. ) ;
#5685 = CARTESIAN_POINT ( 'NONE',  ( -58.49999999999990052, 4.780687915844703539, 72.00000000000000000 ) ) ;
#5686 = CARTESIAN_POINT ( 'NONE',  ( 24.00000000000000355, 1.000000000000000888, -95.00000000000221689 ) ) ;
#5687 = LINE ( 'NONE', #7243, #8292 ) ;
#5688 = CARTESIAN_POINT ( 'NONE',  ( -19.79999999999996874, -6.519312084155297171, -59.05398995351029612 ) ) ;
#5689 = ADVANCED_FACE ( 'NONE', ( #1909 ), #8839, .T. ) ;
#5690 = ORIENTED_EDGE ( 'NONE', *, *, #9496, .F. ) ;
#5691 = DIRECTION ( 'NONE',  ( 1.000000000000000000, 0.000000000000000000, 0.000000000000000000 ) ) ;
#5692 = ORIENTED_EDGE ( 'NONE', *, *, #5308, .T. ) ;
#5693 = ORIENTED_EDGE ( 'NONE', *, *, #4525, .F. ) ;
#5694 = ADVANCED_FACE ( 'NONE', ( #1156 ), #7231, .F. ) ;
#5695 = DIRECTION ( 'NONE',  ( 0.000000000000000000, 0.000000000000000000, 1.000000000000000000 ) ) ;
#5696 = VERTEX_POINT ( 'NONE', #3512 ) ;
#5697 = DIRECTION ( 'NONE',  ( 1.000000000000000000, 0.000000000000000000, 0.000000000000000000 ) ) ;
#5698 = FACE_OUTER_BOUND ( 'NONE', #3297, .T. ) ;
#5699 = LINE ( 'NONE', #9463, #367 ) ;
#5700 = DIRECTION ( 'NONE',  ( 1.885568995626964287E-16, -0.000000000000000000, 1.000000000000000000 ) ) ;
#5701 = ORIENTED_EDGE ( 'NONE', *, *, #3217, .F. ) ;
#5702 = CARTESIAN_POINT ( 'NONE',  ( 11.10000000000000497, 8.000000000000000000, 71.99999999999998579 ) ) ;
#5703 = ORIENTED_EDGE ( 'NONE', *, *, #5056, .T. ) ;
#5704 = AXIS2_PLACEMENT_3D ( 'NONE', #5098, #8826, #5009 ) ;
#5705 = ORIENTED_EDGE ( 'NONE', *, *, #3906, .T. ) ;
#5706 = LINE ( 'NONE', #1043, #3364 ) ;
#5707 = LINE ( 'NONE', #4953, #9322 ) ;
#5708 = DIRECTION ( 'NONE',  ( -1.000000000000000000, 0.000000000000000000, 0.000000000000000000 ) ) ;
#5709 = CARTESIAN_POINT ( 'NONE',  ( -9.500000000000001776, -5.219312084155296461, -49.00000000000000000 ) ) ;
#5710 = CARTESIAN_POINT ( 'NONE',  ( 7.465107571683480714, 1.780687915844703539, 0.000000000000000000 ) ) ;
#5711 = DIRECTION ( 'NONE',  ( -4.956352788505158337E-16, 0.000000000000000000, 1.000000000000000000 ) ) ;
#5712 = ORIENTED_EDGE ( 'NONE', *, *, #1327, .F. ) ;
#5713 = CARTESIAN_POINT ( 'NONE',  ( -71.99999999999998579, -6.500000000000000000, -58.49999999999990763 ) ) ;
#5714 = ORIENTED_EDGE ( 'NONE', *, *, #7277, .T. ) ;
#5715 = FACE_OUTER_BOUND ( 'NONE', #5041, .T. ) ;
#5716 = VERTEX_POINT ( 'NONE', #1208 ) ;
#5717 = CARTESIAN_POINT ( 'NONE',  ( 0.000000000000000000, 0.000000000000000000, -55.59601004648968114 ) ) ;
#5718 = CARTESIAN_POINT ( 'NONE',  ( -58.49999999999990052, 3.850000000000013411, 72.00000000000000000 ) ) ;
#5719 = CARTESIAN_POINT ( 'NONE',  ( 12.00000000000000000, -3.719312084155296905, 50.60000000000000142 ) ) ;
#5720 = ORIENTED_EDGE ( 'NONE', *, *, #7943, .F. ) ;
#5721 = EDGE_CURVE ( 'NONE', #7033, #1346, #1105, .T. ) ;
#5722 = CARTESIAN_POINT ( 'NONE',  ( 6.000000000000000000, 3.780687915844703539, 39.99999999999999289 ) ) ;
#5723 = EDGE_CURVE ( 'NONE', #124, #6656, #4817, .T. ) ;
#5724 = VERTEX_POINT ( 'NONE', #1757 ) ;
#5725 = CARTESIAN_POINT ( 'NONE',  ( -9.500000000000001776, -0.2193120841552965994, 45.00000000000000000 ) ) ;
#5726 = LINE ( 'NONE', #5685, #2405 ) ;
#5727 = DIRECTION ( 'NONE',  ( 0.000000000000000000, 0.000000000000000000, -1.000000000000000000 ) ) ;
#5728 = CARTESIAN_POINT ( 'NONE',  ( 26.99999999999999645, -1.219312084155296683, 59.50000000000000711 ) ) ;
#5729 = PLANE ( 'NONE',  #8228 ) ;
#5730 = EDGE_CURVE ( 'NONE', #4812, #9065, #7290, .T. ) ;
#5731 = EDGE_CURVE ( 'NONE', #7060, #4891, #6425, .T. ) ;
#5732 = EDGE_LOOP ( 'NONE', ( #1859, #5690, #4951, #5070 ) ) ;
#5733 = EDGE_LOOP ( 'NONE', ( #6368, #279, #4893, #9132 ) ) ;
#5734 = CARTESIAN_POINT ( 'NONE',  ( 5.946081094850188542, 3.177061935422203387, -72.61351870409345111 ) ) ;
#5735 = CARTESIAN_POINT ( 'NONE',  ( 72.00000000000000000, 4.780687915844703539, 58.49999999999990052 ) ) ;
#5736 = ORIENTED_EDGE ( 'NONE', *, *, #8577, .T. ) ;
#5737 = DIRECTION ( 'NONE',  ( 1.927470528863118802E-16, 0.000000000000000000, -1.000000000000000000 ) ) ;
#5738 = DIRECTION ( 'NONE',  ( 0.000000000000000000, 0.000000000000000000, 1.000000000000000000 ) ) ;
#5739 = DIRECTION ( 'NONE',  ( -0.000000000000000000, 1.000000000000000000, -0.000000000000000000 ) ) ;
#5740 = EDGE_CURVE ( 'NONE', #426, #3839, #4120, .T. ) ;
#5741 = LINE ( 'NONE', #8615, #6138 ) ;
#5742 = EDGE_CURVE ( 'NONE', #126, #5637, #4072, .T. ) ;
#5743 = VERTEX_POINT ( 'NONE', #8740 ) ;
#5744 = FACE_OUTER_BOUND ( 'NONE', #5451, .T. ) ;
#5745 = EDGE_LOOP ( 'NONE', ( #7351, #3806, #559, #421 ) ) ;
#5746 = EDGE_CURVE ( 'NONE', #6419, #465, #8096, .T. ) ;
#5747 = ORIENTED_EDGE ( 'NONE', *, *, #1312, .T. ) ;
#5748 = DIRECTION ( 'NONE',  ( 0.000000000000000000, 0.000000000000000000, 1.000000000000000000 ) ) ;
#5749 = EDGE_CURVE ( 'NONE', #8439, #9083, #2556, .T. ) ;
#5750 = CARTESIAN_POINT ( 'NONE',  ( 13.00000000000000178, -3.719312084155296905, 45.00000000000000000 ) ) ;
#5751 = CARTESIAN_POINT ( 'NONE',  ( -23.99999999999999645, -6.500000000000000000, -145.1422975141768177 ) ) ;
#5752 = LINE ( 'NONE', #8625, #9822 ) ;
#5753 = CARTESIAN_POINT ( 'NONE',  ( 25.20000000000002771, -6.769312084155298059, -56.84601004648968114 ) ) ;
#5754 = FACE_OUTER_BOUND ( 'NONE', #3613, .T. ) ;
#5755 = CC_DESIGN_PERSON_AND_ORGANIZATION_ASSIGNMENT ( #4132, #8605, ( #1302 ) ) ;
#5756 = VERTEX_POINT ( 'NONE', #1816 ) ;
#5757 = DIRECTION ( 'NONE',  ( -0.000000000000000000, 1.000000000000000000, -0.000000000000000000 ) ) ;
#5758 = VERTEX_POINT ( 'NONE', #4876 ) ;
#5759 = PLANE ( 'NONE',  #7539 ) ;
#5760 = VERTEX_POINT ( 'NONE', #7941 ) ;
#5761 = CARTESIAN_POINT ( 'NONE',  ( 7.000000000000000000, -3.719312084155296905, 50.60000000000000142 ) ) ;
#5762 = FACE_OUTER_BOUND ( 'NONE', #8770, .T. ) ;
#5763 = LINE ( 'NONE', #451, #4833 ) ;
#5764 = AXIS2_PLACEMENT_3D ( 'NONE', #8434, #4617, #6979 ) ;
#5765 = AXIS2_PLACEMENT_3D ( 'NONE', #8794, #7948, #8750 ) ;
#5766 = CIRCLE ( 'NONE', #1440, 15.00000000000000000 ) ;
#5767 = ORIENTED_EDGE ( 'NONE', *, *, #7378, .F. ) ;
#5768 = DIRECTION ( 'NONE',  ( 0.000000000000000000, 1.000000000000000000, 0.000000000000000000 ) ) ;
#5769 = ORIENTED_EDGE ( 'NONE', *, *, #5435, .F. ) ;
#5770 = EDGE_CURVE ( 'NONE', #4428, #814, #2431, .T. ) ;
#5771 = VECTOR ( 'NONE', #7016, 1000.000000000000000 ) ;
#5772 = CARTESIAN_POINT ( 'NONE',  ( 26.00000000000000000, -1.219312084155296683, 64.00000000000000000 ) ) ;
#5773 = CARTESIAN_POINT ( 'NONE',  ( 9.499999999999991118, 4.780687915844703539, -72.00000000000000000 ) ) ;
#5774 = CARTESIAN_POINT ( 'NONE',  ( 2.632162983938123535, 4.669102249763530388, -37.00998622166380159 ) ) ;
#5775 = LINE ( 'NONE', #2568, #9264 ) ;
#5776 = DIRECTION ( 'NONE',  ( 0.000000000000000000, -1.000000000000000000, 0.000000000000000000 ) ) ;
#5777 = CIRCLE ( 'NONE', #6264, 2.000000000002175593 ) ;
#5778 = AXIS2_PLACEMENT_3D ( 'NONE', #9915, #1367, #3675 ) ;
#5779 = EDGE_LOOP ( 'NONE', ( #3262, #5139, #5979, #9884 ) ) ;
#5780 = EDGE_LOOP ( 'NONE', ( #1748, #4735, #3941, #7658 ) ) ;
#5781 = DIRECTION ( 'NONE',  ( 0.000000000000000000, 0.000000000000000000, 1.000000000000000000 ) ) ;
#5782 = DIRECTION ( 'NONE',  ( -0.000000000000000000, -0.000000000000000000, 1.000000000000000000 ) ) ;
#5783 = VERTEX_POINT ( 'NONE', #554 ) ;
#5784 = ADVANCED_FACE ( 'NONE', ( #8233 ), #6674, .F. ) ;
#5785 = VECTOR ( 'NONE', #7257, 1000.000000000000000 ) ;
#5786 = ADVANCED_FACE ( 'NONE', ( #1354 ), #9039, .F. ) ;
#5787 = CARTESIAN_POINT ( 'NONE',  ( -6.000000000000000000, -3.719312084155296905, 50.60000000000000142 ) ) ;
#5788 = LINE ( 'NONE', #8203, #2607 ) ;
#5789 = EDGE_CURVE ( 'NONE', #426, #57, #2849, .T. ) ;
#5790 = DIRECTION ( 'NONE',  ( -1.000000000000000000, 0.000000000000000000, -0.000000000000000000 ) ) ;
#5791 = VECTOR ( 'NONE', #5089, 1000.000000000000000 ) ;
#5792 = ORIENTED_EDGE ( 'NONE', *, *, #776, .F. ) ;
#5793 = CARTESIAN_POINT ( 'NONE',  ( -25.20000000000002771, -6.519312084155297171, -57.09601004648968114 ) ) ;
#5794 = AXIS2_PLACEMENT_3D ( 'NONE', #6464, #7168, #3457 ) ;
#5795 = VERTEX_POINT ( 'NONE', #9089 ) ;
#5796 = VERTEX_POINT ( 'NONE', #5264 ) ;
#5797 = EDGE_CURVE ( 'NONE', #2937, #4122, #5963, .T. ) ;
#5798 = ORIENTED_EDGE ( 'NONE', *, *, #3463, .T. ) ;
#5799 = DIRECTION ( 'NONE',  ( 1.982541115402066342E-16, 0.000000000000000000, -1.000000000000000000 ) ) ;
#5800 = EDGE_CURVE ( 'NONE', #465, #6432, #6629, .T. ) ;
#5801 = LINE ( 'NONE', #4255, #975 ) ;
#5802 = AXIS2_PLACEMENT_3D ( 'NONE', #9092, #4363, #2209 ) ;
#5803 = DIRECTION ( 'NONE',  ( -0.01744355970870637221, -0.9998478495374627517, 0.000000000000000000 ) ) ;
#5804 = AXIS2_PLACEMENT_3D ( 'NONE', #5188, #429, #1322 ) ;
#5805 = CARTESIAN_POINT ( 'NONE',  ( -7.286784352124234587, 2.098438535360787949, -74.21279232284648231 ) ) ;
#5806 = FACE_OUTER_BOUND ( 'NONE', #7113, .T. ) ;
#5807 = DIRECTION ( 'NONE',  ( 0.000000000000000000, 0.000000000000000000, -1.000000000000000000 ) ) ;
#5808 = ORIENTED_EDGE ( 'NONE', *, *, #2969, .F. ) ;
#5809 = LINE ( 'NONE', #3807, #8883 ) ;
#5810 = EDGE_CURVE ( 'NONE', #5849, #6221, #6017, .T. ) ;
#5811 = ORIENTED_EDGE ( 'NONE', *, *, #7359, .F. ) ;
#5812 = VECTOR ( 'NONE', #2992, 1000.000000000000000 ) ;
#5813 = AXIS2_PLACEMENT_3D ( 'NONE', #4932, #2424, #2522 ) ;
#5814 = DIRECTION ( 'NONE',  ( 4.097771990496391869E-16, -0.000000000000000000, 1.000000000000000000 ) ) ;
#5815 = ADVANCED_FACE ( 'NONE', ( #5213 ), #8284, .T. ) ;
#5816 = ORIENTED_EDGE ( 'NONE', *, *, #6994, .T. ) ;
#5817 = CARTESIAN_POINT ( 'NONE',  ( 2.308517379148995757E-15, -1.719312084155296239, 12.99999999999999467 ) ) ;
#5818 = VECTOR ( 'NONE', #8475, 1000.000000000000000 ) ;
#5819 = CARTESIAN_POINT ( 'NONE',  ( -26.00000000000000000, 4.780687915844703539, 72.00000000000000000 ) ) ;
#5820 = CARTESIAN_POINT ( 'NONE',  ( -16.50000000000007816, 0.7499999999999997780, 32.49999999999997868 ) ) ;
#5821 = VECTOR ( 'NONE', #8259, 1000.000000000000000 ) ;
#5822 = VECTOR ( 'NONE', #6028, 1000.000000000000000 ) ;
#5823 = ORIENTED_EDGE ( 'NONE', *, *, #9054, .T. ) ;
#5824 = FACE_OUTER_BOUND ( 'NONE', #5586, .T. ) ;
#5825 = AXIS2_PLACEMENT_3D ( 'NONE', #3692, #5146, #9026 ) ;
#5826 = EDGE_LOOP ( 'NONE', ( #6239, #2480, #3185, #4878 ) ) ;
#5827 = AXIS2_PLACEMENT_3D ( 'NONE', #145, #6268, #248 ) ;
#5828 = CARTESIAN_POINT ( 'NONE',  ( -23.00000000000000000, -1.219312084155296683, 63.50000000000000000 ) ) ;
#5829 = DIRECTION ( 'NONE',  ( -1.000000000000000000, 0.000000000000000000, -4.550094363217859232E-16 ) ) ;
#5830 = CARTESIAN_POINT ( 'NONE',  ( 17.00000000000000000, -1.219312084155296683, 46.00000000000000000 ) ) ;
#5831 = CARTESIAN_POINT ( 'NONE',  ( 17.50000000000000000, 4.780687915844703539, 72.00000000000000000 ) ) ;
#5832 = VECTOR ( 'NONE', #1930, 1000.000000000000000 ) ;
#5833 = LINE ( 'NONE', #2861, #3251 ) ;
#5834 = VECTOR ( 'NONE', #9422, 1000.000000000000000 ) ;
#5835 = ORIENTED_EDGE ( 'NONE', *, *, #455, .T. ) ;
#5836 = EDGE_LOOP ( 'NONE', ( #1537, #7000, #1763, #5574 ) ) ;
#5837 = CARTESIAN_POINT ( 'NONE',  ( -60.00000000000000711, 0.000000000000000000, 59.99999999999998579 ) ) ;
#5838 = CARTESIAN_POINT ( 'NONE',  ( -10.00000000000000000, 3.780687915844703539, 72.00000000000000000 ) ) ;
#5839 = ORIENTED_EDGE ( 'NONE', *, *, #7655, .T. ) ;
#5840 = CARTESIAN_POINT ( 'NONE',  ( -12.59999999999999964, 10.80000000000000071, 25.19999999999997442 ) ) ;
#5841 = LINE ( 'NONE', #1184, #516 ) ;
#5842 = PLANE ( 'NONE',  #1333 ) ;
#5843 = EDGE_LOOP ( 'NONE', ( #8973, #9193, #8941, #7286, #8214, #9881, #5692, #4087 ) ) ;
#5844 = DIRECTION ( 'NONE',  ( 0.000000000000000000, 0.000000000000000000, 1.000000000000000000 ) ) ;
#5845 = ADVANCED_FACE ( 'NONE', ( #8981 ), #5066, .F. ) ;
#5846 = EDGE_LOOP ( 'NONE', ( #5192, #616, #9712, #6267 ) ) ;
#5847 = ADVANCED_FACE ( 'NONE', ( #2098 ), #3658, .F. ) ;
#5848 = ORIENTED_EDGE ( 'NONE', *, *, #7145, .F. ) ;
#5849 = VERTEX_POINT ( 'NONE', #5109 ) ;
#5850 = ORIENTED_EDGE ( 'NONE', *, *, #8948, .T. ) ;
#5851 = CARTESIAN_POINT ( 'NONE',  ( 2.905389563131800745, 4.594127770665320298, 10.72786640410894066 ) ) ;
#5852 = LINE ( 'NONE', #5200, #1782 ) ;
#5853 = VECTOR ( 'NONE', #3069, 1000.000000000000000 ) ;
#5854 = FACE_OUTER_BOUND ( 'NONE', #9893, .T. ) ;
#5855 = DIRECTION ( 'NONE',  ( 0.000000000000000000, -1.000000000000000000, 0.000000000000000000 ) ) ;
#5856 = DIRECTION ( 'NONE',  ( 1.000000000000000000, 0.000000000000000000, 1.156482317317873451E-16 ) ) ;
#5857 = DIRECTION ( 'NONE',  ( 1.000000000000000000, 0.000000000000000000, 0.000000000000000000 ) ) ;
#5858 = ORIENTED_EDGE ( 'NONE', *, *, #2127, .T. ) ;
#5859 = CARTESIAN_POINT ( 'NONE',  ( 8.500000000000000000, -0.2193120841552965994, 46.00000000000000000 ) ) ;
#5860 = EDGE_CURVE ( 'NONE', #576, #2285, #2898, .T. ) ;
#5861 = EDGE_LOOP ( 'NONE', ( #7493, #9733, #9905 ) ) ;
#5862 = DIRECTION ( 'NONE',  ( 0.000000000000000000, 0.000000000000000000, 1.000000000000000000 ) ) ;
#5863 = VERTEX_POINT ( 'NONE', #6774 ) ;
#5864 = DIRECTION ( 'NONE',  ( 0.000000000000000000, -0.000000000000000000, 1.000000000000000000 ) ) ;
#5865 = FACE_OUTER_BOUND ( 'NONE', #4883, .T. ) ;
#5866 = CARTESIAN_POINT ( 'NONE',  ( 7.099999999999999645, 7.000000000000000000, 51.90000000000000568 ) ) ;
#5867 = EDGE_CURVE ( 'NONE', #4353, #1643, #7886, .T. ) ;
#5868 = CARTESIAN_POINT ( 'NONE',  ( -11.09999999999998899, 10.80000000000000071, 71.99999999999998579 ) ) ;
#5869 = ADVANCED_FACE ( 'NONE', ( #705 ), #9642, .F. ) ;
#5870 = ORIENTED_EDGE ( 'NONE', *, *, #5800, .T. ) ;
#5871 = DIRECTION ( 'NONE',  ( 0.000000000000000000, 0.000000000000000000, 1.000000000000000000 ) ) ;
#5872 = EDGE_CURVE ( 'NONE', #6252, #3628, #4311, .T. ) ;
#5873 = EDGE_LOOP ( 'NONE', ( #8814, #7702, #550, #6418, #3827, #805, #8425 ) ) ;
#5874 = EDGE_CURVE ( 'NONE', #3250, #9129, #9699, .T. ) ;
#5875 = LINE ( 'NONE', #1306, #7409 ) ;
#5876 = CARTESIAN_POINT ( 'NONE',  ( -26.00000000000000000, 4.780687915844703539, 72.00000000000000000 ) ) ;
#5877 = DIRECTION ( 'NONE',  ( -0.000000000000000000, 1.000000000000000000, -0.000000000000000000 ) ) ;
#5878 = EDGE_CURVE ( 'NONE', #4552, #6345, #2052, .T. ) ;
#5879 = CARTESIAN_POINT ( 'NONE',  ( -27.74999999999999645, 3.250000000002019274, -87.50000000000224532 ) ) ;
#5880 = VECTOR ( 'NONE', #5389, 1000.000000000000000 ) ;
#5881 = EDGE_LOOP ( 'NONE', ( #6509, #7890, #200, #9353, #2004, #530, #358, #252, #448, #5091, #7146, #2006 ) ) ;
#5882 = ORIENTED_EDGE ( 'NONE', *, *, #7785, .T. ) ;
#5883 = CARTESIAN_POINT ( 'NONE',  ( 12.59999999999999964, 10.80000000000000071, 21.19999999999996732 ) ) ;
#5884 = DIRECTION ( 'NONE',  ( -0.000000000000000000, 1.000000000000000000, -0.000000000000000000 ) ) ;
#5885 = ORIENTED_EDGE ( 'NONE', *, *, #2193, .F. ) ;
#5886 = VECTOR ( 'NONE', #3530, 1000.000000000000000 ) ;
#5887 = LINE ( 'NONE', #2825, #4877 ) ;
#5888 = CARTESIAN_POINT ( 'NONE',  ( -19.79999999999996874, 4.780687915844703539, -57.09601004648968114 ) ) ;
#5889 = DIRECTION ( 'NONE',  ( 1.000000000000000000, 0.000000000000000000, 0.000000000000000000 ) ) ;
#5890 = ORIENTED_EDGE ( 'NONE', *, *, #6225, .F. ) ;
#5891 = DIRECTION ( 'NONE',  ( -0.000000000000000000, -1.000000000000000000, -0.000000000000000000 ) ) ;
#5892 = ORIENTED_EDGE ( 'NONE', *, *, #1692, .T. ) ;
#5893 = ORIENTED_EDGE ( 'NONE', *, *, #7505, .F. ) ;
#5894 = EDGE_LOOP ( 'NONE', ( #1454, #4534, #5398, #4549, #860 ) ) ;
#5895 = VERTEX_POINT ( 'NONE', #7431 ) ;
#5896 = DIRECTION ( 'NONE',  ( 0.000000000000000000, 0.000000000000000000, 1.000000000000000000 ) ) ;
#5897 = LINE ( 'NONE', #4399, #4019 ) ;
#5898 = CARTESIAN_POINT ( 'NONE',  ( -7.500000000000001776, 1.780687915844701763, 30.67033270233854836 ) ) ;
#5899 = DIRECTION ( 'NONE',  ( 1.476360405086644309E-16, 0.000000000000000000, 1.000000000000000000 ) ) ;
#5900 = DIRECTION ( 'NONE',  ( -0.000000000000000000, 1.000000000000000000, -0.000000000000000000 ) ) ;
#5901 = CARTESIAN_POINT ( 'NONE',  ( -9.500000000000001776, -5.219312084155296461, -47.00000000000000000 ) ) ;
#5902 = ORIENTED_EDGE ( 'NONE', *, *, #2087, .T. ) ;
#5903 = CARTESIAN_POINT ( 'NONE',  ( -58.49999999999990052, 4.780687915844703539, 72.00000000000000000 ) ) ;
#5904 = EDGE_LOOP ( 'NONE', ( #3266, #7014, #7555, #7656 ) ) ;
#5905 = DIRECTION ( 'NONE',  ( 0.000000000000000000, -1.000000000000000000, 0.000000000000000000 ) ) ;
#5906 = ORIENTED_EDGE ( 'NONE', *, *, #8511, .F. ) ;
#5907 = DIRECTION ( 'NONE',  ( 0.000000000000000000, -1.000000000000000000, -0.000000000000000000 ) ) ;
#5908 = DIRECTION ( 'NONE',  ( -0.000000000000000000, 1.000000000000000000, -0.000000000000000000 ) ) ;
#5909 = EDGE_CURVE ( 'NONE', #8439, #4240, #6065, .T. ) ;
#5910 = CARTESIAN_POINT ( 'NONE',  ( 4.200000000000000178, 10.80000000000000071, 56.10000000000000853 ) ) ;
#5911 = EDGE_CURVE ( 'NONE', #9709, #2994, #1651, .T. ) ;
#5912 = LINE ( 'NONE', #9791, #3568 ) ;
#5913 = EDGE_LOOP ( 'NONE', ( #7317, #4467, #7136, #8834, #7197, #8159, #8653, #4769, #2982, #9868, #2538, #9370 ) ) ;
#5914 = CARTESIAN_POINT ( 'NONE',  ( 16.25000000000000000, 1.780687915844703539, 72.00000000000000000 ) ) ;
#5915 = EDGE_LOOP ( 'NONE', ( #1548, #3781, #3207, #5237, #1549, #973, #211, #3357 ) ) ;
#5916 = DIRECTION ( 'NONE',  ( -0.000000000000000000, 1.000000000000000000, -0.000000000000000000 ) ) ;
#5917 = PLANE ( 'NONE',  #4650 ) ;
#5918 = EDGE_CURVE ( 'NONE', #2831, #2382, #2454, .T. ) ;
#5919 = LINE ( 'NONE', #8847, #2899 ) ;
#5920 = CIRCLE ( 'NONE', #4482, 2.100000000000004530 ) ;
#5921 = CARTESIAN_POINT ( 'NONE',  ( 9.500000000000015987, -5.219312084155296461, 19.99999999999999289 ) ) ;
#5922 = VECTOR ( 'NONE', #8976, 1000.000000000000000 ) ;
#5923 = EDGE_CURVE ( 'NONE', #5895, #6869, #3154, .T. ) ;
#5924 = DIRECTION ( 'NONE',  ( 1.000000000000000000, 0.000000000000000000, 0.000000000000000000 ) ) ;
#5925 = ORIENTED_EDGE ( 'NONE', *, *, #4021, .T. ) ;
#5926 = AXIS2_PLACEMENT_3D ( 'NONE', #6174, #2256, #6829 ) ;
#5927 = VECTOR ( 'NONE', #9441, 1000.000000000000000 ) ;
#5928 = EDGE_CURVE ( 'NONE', #6667, #3582, #8529, .T. ) ;
#5929 = VERTEX_POINT ( 'NONE', #8433 ) ;
#5930 = CARTESIAN_POINT ( 'NONE',  ( -10.00000000000000000, 3.780687915844703539, 72.00000000000000000 ) ) ;
#5931 = DIRECTION ( 'NONE',  ( 0.000000000000000000, 1.000000000000000000, 0.000000000000000000 ) ) ;
#5932 = ORIENTED_EDGE ( 'NONE', *, *, #577, .T. ) ;
#5933 = EDGE_CURVE ( 'NONE', #4554, #2342, #4720, .T. ) ;
#5934 = DIRECTION ( 'NONE',  ( 1.606225440719248864E-16, 1.000000000000000000, -0.000000000000000000 ) ) ;
#5935 = AXIS2_PLACEMENT_3D ( 'NONE', #2474, #4081, #2518 ) ;
#5936 = FACE_OUTER_BOUND ( 'NONE', #2905, .T. ) ;
#5937 = DIRECTION ( 'NONE',  ( 0.000000000000000000, 0.000000000000000000, -1.000000000000000000 ) ) ;
#5938 = ORIENTED_EDGE ( 'NONE', *, *, #8035, .F. ) ;
#5939 = DIRECTION ( 'NONE',  ( 0.000000000000000000, 0.000000000000000000, 1.000000000000000000 ) ) ;
#5940 = ORIENTED_EDGE ( 'NONE', *, *, #5983, .T. ) ;
#5941 = ORIENTED_EDGE ( 'NONE', *, *, #1070, .F. ) ;
#5942 = ORIENTED_EDGE ( 'NONE', *, *, #3782, .T. ) ;
#5943 = VECTOR ( 'NONE', #5354, 1000.000000000000000 ) ;
#5944 = VERTEX_POINT ( 'NONE', #6875 ) ;
#5945 = LINE ( 'NONE', #1487, #4029 ) ;
#5946 = PLANE ( 'NONE',  #2733 ) ;
#5947 = CARTESIAN_POINT ( 'NONE',  ( 8.449200506237202646, 0.7499999999999997780, 30.39999999999999147 ) ) ;
#5948 = DIRECTION ( 'NONE',  ( -0.000000000000000000, 1.000000000000000000, -0.000000000000000000 ) ) ;
#5949 = DIRECTION ( 'NONE',  ( -1.000000000000000000, 0.000000000000000000, 0.000000000000000000 ) ) ;
#5950 = VECTOR ( 'NONE', #427, 1000.000000000000000 ) ;
#5951 = CIRCLE ( 'NONE', #1631, 1.000000000000000888 ) ;
#5952 = LINE ( 'NONE', #4449, #3409 ) ;
#5953 = EDGE_CURVE ( 'NONE', #4294, #5760, #1554, .T. ) ;
#5954 = EDGE_LOOP ( 'NONE', ( #1646, #3923, #7078, #4599, #1029, #6211, #9435, #5966 ) ) ;
#5955 = LINE ( 'NONE', #1288, #3109 ) ;
#5956 = ORIENTED_EDGE ( 'NONE', *, *, #2977, .T. ) ;
#5957 = VECTOR ( 'NONE', #2259, 1000.000000000000000 ) ;
#5958 = VECTOR ( 'NONE', #336, 1000.000000000000000 ) ;
#5959 = DIRECTION ( 'NONE',  ( 0.000000000000000000, 0.000000000000000000, 1.000000000000000000 ) ) ;
#5960 = ORIENTED_EDGE ( 'NONE', *, *, #4984, .T. ) ;
#5961 = CARTESIAN_POINT ( 'NONE',  ( 23.20000000000002771, 4.780687915844703539, -63.05398995351030322 ) ) ;
#5962 = CARTESIAN_POINT ( 'NONE',  ( -17.00000000000000000, -1.219312084155296683, 55.00000000000000000 ) ) ;
#5963 = LINE ( 'NONE', #5910, #6445 ) ;
#5964 = LINE ( 'NONE', #8331, #8058 ) ;
#5965 = VECTOR ( 'NONE', #341, 1000.000000000000000 ) ;
#5966 = ORIENTED_EDGE ( 'NONE', *, *, #2379, .T. ) ;
#5967 = PLANE ( 'NONE',  #7279 ) ;
#5968 = CIRCLE ( 'NONE', #4367, 2.099999999999997868 ) ;
#5969 = ADVANCED_FACE ( 'NONE', ( #5513 ), #752, .F. ) ;
#5970 = ADVANCED_FACE ( 'NONE', ( #3861 ), #3816, .T. ) ;
#5971 = ORIENTED_EDGE ( 'NONE', *, *, #3791, .T. ) ;
#5972 = DIRECTION ( 'NONE',  ( -1.927470528863118802E-16, 0.000000000000000000, 1.000000000000000000 ) ) ;
#5973 = DIRECTION ( 'NONE',  ( 1.000000000000000000, 0.000000000000000000, 0.000000000000000000 ) ) ;
#5974 = AXIS2_PLACEMENT_3D ( 'NONE', #7456, #2827, #5889 ) ;
#5975 = DIRECTION ( 'NONE',  ( 0.000000000000000000, -0.000000000000000000, -1.000000000000000000 ) ) ;
#5976 = CIRCLE ( 'NONE', #3090, 10.00000000000000178 ) ;
#5977 = CARTESIAN_POINT ( 'NONE',  ( 11.09999999999999787, 9.600000000000001421, 42.14999999999997726 ) ) ;
#5978 = CARTESIAN_POINT ( 'NONE',  ( -18.32361441789065637, -6.499999999999989342, 79.99999999999998579 ) ) ;
#5979 = ORIENTED_EDGE ( 'NONE', *, *, #8074, .T. ) ;
#5980 = EDGE_CURVE ( 'NONE', #4632, #3190, #9500, .T. ) ;
#5981 = VECTOR ( 'NONE', #3407, 1000.000000000000000 ) ;
#5982 = ORIENTED_EDGE ( 'NONE', *, *, #2299, .F. ) ;
#5983 = EDGE_CURVE ( 'NONE', #1750, #7005, #7817, .T. ) ;
#5984 = ORIENTED_EDGE ( 'NONE', *, *, #5684, .T. ) ;
#5985 = DIRECTION ( 'NONE',  ( 0.000000000000000000, 0.000000000000000000, -1.000000000000000000 ) ) ;
#5986 = CARTESIAN_POINT ( 'NONE',  ( 26.99999999999999645, -1.219312084155296683, 59.50000000000000711 ) ) ;
#5987 = VERTEX_POINT ( 'NONE', #9246 ) ;
#5988 = VECTOR ( 'NONE', #4152, 1000.000000000000000 ) ;
#5989 = AXIS2_PLACEMENT_3D ( 'NONE', #3449, #7160, #9575 ) ;
#5990 = CARTESIAN_POINT ( 'NONE',  ( -39.99999999999998579, 4.780687915844703539, 2.999999999999985345 ) ) ;
#5991 = CARTESIAN_POINT ( 'NONE',  ( -7.389181280764467452, 1.999999999999999112, -75.00000000000000000 ) ) ;
#5992 = EDGE_CURVE ( 'NONE', #2393, #5434, #5639, .T. ) ;
#5993 = DIRECTION ( 'NONE',  ( 0.000000000000000000, -0.000000000000000000, -1.000000000000000000 ) ) ;
#5994 = EDGE_CURVE ( 'NONE', #8758, #5743, #2255, .T. ) ;
#5995 = ORIENTED_EDGE ( 'NONE', *, *, #6484, .T. ) ;
#5996 = DIRECTION ( 'NONE',  ( -0.000000000000000000, -0.000000000000000000, -1.000000000000000000 ) ) ;
#5997 = ORIENTED_EDGE ( 'NONE', *, *, #2487, .F. ) ;
#5998 = EDGE_CURVE ( 'NONE', #4134, #9201, #4616, .T. ) ;
#5999 = ORIENTED_EDGE ( 'NONE', *, *, #9883, .T. ) ;
#6000 = ORIENTED_EDGE ( 'NONE', *, *, #1884, .T. ) ;
#6001 = ORIENTED_EDGE ( 'NONE', *, *, #8368, .T. ) ;
#6002 = AXIS2_PLACEMENT_3D ( 'NONE', #4514, #3769, #9197 ) ;
#6003 = DIRECTION ( 'NONE',  ( 0.000000000000000000, -1.000000000000000000, 0.000000000000000000 ) ) ;
#6004 = DIRECTION ( 'NONE',  ( 0.000000000000000000, -1.000000000000000000, 0.000000000000000000 ) ) ;
#6005 = CARTESIAN_POINT ( 'NONE',  ( 58.50000000000002132, -6.500000000000000000, -58.50000000000000000 ) ) ;
#6006 = DIRECTION ( 'NONE',  ( 0.000000000000000000, 0.000000000000000000, -1.000000000000000000 ) ) ;
#6007 = DIRECTION ( 'NONE',  ( 0.000000000000000000, -0.000000000000000000, 1.000000000000000000 ) ) ;
#6008 = CARTESIAN_POINT ( 'NONE',  ( -9.999999999999976907, -2.000000000000000000, -87.50000000000000000 ) ) ;
#6009 = ORIENTED_EDGE ( 'NONE', *, *, #7034, .F. ) ;
#6010 = FACE_OUTER_BOUND ( 'NONE', #7986, .T. ) ;
#6011 = ORIENTED_EDGE ( 'NONE', *, *, #5319, .T. ) ;
#6012 = CARTESIAN_POINT ( 'NONE',  ( -25.20000000000002771, 4.780687915844703539, -59.05398995351029612 ) ) ;
#6013 = CARTESIAN_POINT ( 'NONE',  ( 25.20000000000002771, -6.519312084155297171, -57.09601004648968114 ) ) ;
#6014 = VERTEX_POINT ( 'NONE', #8382 ) ;
#6015 = CYLINDRICAL_SURFACE ( 'NONE', #9790, 20.00000000000000355 ) ;
#6016 = CARTESIAN_POINT ( 'NONE',  ( 11.59999999999999964, 10.80000000000000071, 21.19999999999996732 ) ) ;
#6017 = LINE ( 'NONE', #7525, #7734 ) ;
#6018 = FACE_OUTER_BOUND ( 'NONE', #8930, .T. ) ;
#6019 = CARTESIAN_POINT ( 'NONE',  ( -25.99999999999999645, -1.219312084155296683, 55.00000000000000000 ) ) ;
#6020 = ORIENTED_EDGE ( 'NONE', *, *, #8309, .F. ) ;
#6021 = CARTESIAN_POINT ( 'NONE',  ( 25.20000000000002771, -6.519312084155297171, -59.05398995351029612 ) ) ;
#6022 = ORIENTED_EDGE ( 'NONE', *, *, #5430, .F. ) ;
#6023 = DIRECTION ( 'NONE',  ( 1.000000000000000000, 0.000000000000000000, 1.734723475976805517E-15 ) ) ;
#6024 = VECTOR ( 'NONE', #1141, 1000.000000000000000 ) ;
#6025 = LINE ( 'NONE', #458, #8018 ) ;
#6026 = CARTESIAN_POINT ( 'NONE',  ( 6.999999999999999112, -3.719312084155296905, 46.00000000000000000 ) ) ;
#6027 = CARTESIAN_POINT ( 'NONE',  ( 25.20000000000002771, 4.780687915844703539, -59.05398995351029612 ) ) ;
#6028 = DIRECTION ( 'NONE',  ( 1.000000000000000000, 0.000000000000000000, 0.000000000000000000 ) ) ;
#6029 = EDGE_CURVE ( 'NONE', #4249, #9777, #1597, .T. ) ;
#6030 = ORIENTED_EDGE ( 'NONE', *, *, #4713, .T. ) ;
#6031 = ORIENTED_EDGE ( 'NONE', *, *, #8671, .T. ) ;
#6032 = DIRECTION ( 'NONE',  ( -1.000000000000000000, -0.000000000000000000, 1.476360405086644309E-16 ) ) ;
#6033 = LINE ( 'NONE', #9058, #4045 ) ;
#6034 = ORIENTED_EDGE ( 'NONE', *, *, #4284, .F. ) ;
#6035 = LINE ( 'NONE', #9009, #8765 ) ;
#6036 = EDGE_CURVE ( 'NONE', #1582, #7650, #6116, .T. ) ;
#6037 = CARTESIAN_POINT ( 'NONE',  ( 20.49999999999999645, 3.780687915844703539, 50.99999999999999289 ) ) ;
#6038 = EDGE_CURVE ( 'NONE', #594, #7005, #48, .T. ) ;
#6039 = AXIS2_PLACEMENT_3D ( 'NONE', #4178, #8796, #1829 ) ;
#6040 = LINE ( 'NONE', #9113, #6303 ) ;
#6041 = ORIENTED_EDGE ( 'NONE', *, *, #5304, .T. ) ;
#6042 = PLANE ( 'NONE',  #8848 ) ;
#6043 = VERTEX_POINT ( 'NONE', #7725 ) ;
#6044 = ORIENTED_EDGE ( 'NONE', *, *, #6362, .T. ) ;
#6045 = ORIENTED_EDGE ( 'NONE', *, *, #1826, .F. ) ;
#6046 = EDGE_LOOP ( 'NONE', ( #7810, #945, #5609, #879 ) ) ;
#6047 = CARTESIAN_POINT ( 'NONE',  ( -59.99999999999998579, -6.500000000000000000, -59.99999999999997158 ) ) ;
#6048 = CARTESIAN_POINT ( 'NONE',  ( 58.50000000000002132, 4.780687915844703539, -58.50000000000000000 ) ) ;
#6049 = EDGE_CURVE ( 'NONE', #9634, #782, #6978, .T. ) ;
#6050 = CARTESIAN_POINT ( 'NONE',  ( -10.09999999999999432, 10.80000000000000071, 24.99999999999998224 ) ) ;
#6051 = CARTESIAN_POINT ( 'NONE',  ( -20.49999999999991829, 4.780687915844703539, 39.99999999999999289 ) ) ;
#6052 = EDGE_CURVE ( 'NONE', #533, #317, #2398, .T. ) ;
#6053 = CARTESIAN_POINT ( 'NONE',  ( -7.000000000000012434, 4.780687915844703539, 46.00000000000000000 ) ) ;
#6054 = DIRECTION ( 'NONE',  ( -1.000000000000000000, -2.392722035830078479E-16, -0.000000000000000000 ) ) ;
#6055 = EDGE_LOOP ( 'NONE', ( #3496, #3950, #4536, #4504, #6136, #3024, #3744, #9532 ) ) ;
#6056 = DIRECTION ( 'NONE',  ( 1.000000000000000000, 0.000000000000000000, 0.000000000000000000 ) ) ;
#6057 = ORIENTED_EDGE ( 'NONE', *, *, #5483, .T. ) ;
#6058 = ADVANCED_FACE ( 'NONE', ( #8727 ), #7065, .F. ) ;
#6059 = ORIENTED_EDGE ( 'NONE', *, *, #6611, .T. ) ;
#6060 = FACE_OUTER_BOUND ( 'NONE', #6694, .T. ) ;
#6061 = DIRECTION ( 'NONE',  ( 0.000000000000000000, 1.000000000000000000, 0.000000000000000000 ) ) ;
#6062 = ORIENTED_EDGE ( 'NONE', *, *, #1453, .F. ) ;
#6063 = CARTESIAN_POINT ( 'NONE',  ( 59.99999999999999289, 8.000000000000000000, -60.00000000000001421 ) ) ;
#6064 = CARTESIAN_POINT ( 'NONE',  ( -11.59999999999999609, 9.799999999999998934, 22.19999999999997442 ) ) ;
#6065 = LINE ( 'NONE', #98, #1639 ) ;
#6066 = CARTESIAN_POINT ( 'NONE',  ( -8.449200506237207975, 0.7499999999999997780, 30.39999999999998437 ) ) ;
#6067 = CARTESIAN_POINT ( 'NONE',  ( -9.500000000000001776, 3.780687915844703539, 39.99999999999999289 ) ) ;
#6068 = ORIENTED_EDGE ( 'NONE', *, *, #8811, .F. ) ;
#6069 = CARTESIAN_POINT ( 'NONE',  ( 9.999999999999930722, 3.780687915844703539, 72.00000000000000000 ) ) ;
#6070 = VERTEX_POINT ( 'NONE', #4910 ) ;
#6071 = LINE ( 'NONE', #1359, #7859 ) ;
#6072 = CARTESIAN_POINT ( 'NONE',  ( -72.00000000000000000, 4.780687915844703539, 58.49999999999990052 ) ) ;
#6073 = DIRECTION ( 'NONE',  ( 0.000000000000000000, -1.000000000000000000, 0.000000000000000000 ) ) ;
#6074 = CARTESIAN_POINT ( 'NONE',  ( 8.395184441433917399, 1.780687915844703539, 45.99999999999998579 ) ) ;
#6075 = CYLINDRICAL_SURFACE ( 'NONE', #2770, 2.500000000000002220 ) ;
#6076 = VERTEX_POINT ( 'NONE', #2543 ) ;
#6077 = EDGE_CURVE ( 'NONE', #5987, #3526, #5752, .T. ) ;
#6078 = VERTEX_POINT ( 'NONE', #1852 ) ;
#6079 = CARTESIAN_POINT ( 'NONE',  ( -58.50000000000000000, 4.780687915844703539, 58.50000000000000000 ) ) ;
#6080 = AXIS2_PLACEMENT_3D ( 'NONE', #2658, #8091, #1955 ) ;
#6081 = DIRECTION ( 'NONE',  ( 0.000000000000000000, 0.000000000000000000, -1.000000000000000000 ) ) ;
#6082 = ORIENTED_EDGE ( 'NONE', *, *, #7965, .T. ) ;
#6083 = FACE_OUTER_BOUND ( 'NONE', #4714, .T. ) ;
#6084 = CARTESIAN_POINT ( 'NONE',  ( 12.00000000000000000, 4.780687915844703539, 46.00000000000000000 ) ) ;
#6085 = VECTOR ( 'NONE', #9148, 1000.000000000000000 ) ;
#6086 = DIRECTION ( 'NONE',  ( 0.000000000000000000, 0.000000000000000000, -1.000000000000000000 ) ) ;
#6087 = ORIENTED_EDGE ( 'NONE', *, *, #4105, .T. ) ;
#6088 = LINE ( 'NONE', #1625, #9003 ) ;
#6089 = VERTEX_POINT ( 'NONE', #8776 ) ;
#6090 = ORIENTED_EDGE ( 'NONE', *, *, #5878, .T. ) ;
#6091 = EDGE_CURVE ( 'NONE', #4550, #6404, #2597, .T. ) ;
#6092 = VERTEX_POINT ( 'NONE', #993 ) ;
#6093 = EDGE_CURVE ( 'NONE', #6606, #9068, #9536, .T. ) ;
#6094 = VERTEX_POINT ( 'NONE', #2695 ) ;
#6095 = VECTOR ( 'NONE', #6298, 1000.000000000000000 ) ;
#6096 = CIRCLE ( 'NONE', #966, 7.000000000000006217 ) ;
#6097 = CARTESIAN_POINT ( 'NONE',  ( -30.50000000000000000, 3.780687915844703539, 71.99999999999998579 ) ) ;
#6098 = DIRECTION ( 'NONE',  ( 0.000000000000000000, -1.000000000000000000, 0.000000000000000000 ) ) ;
#6099 = CARTESIAN_POINT ( 'NONE',  ( 75.00000000000000000, -6.500000000000000000, 59.99999999999992184 ) ) ;
#6100 = CARTESIAN_POINT ( 'NONE',  ( 24.00000000000000355, 7.999999999999998224, -95.00000000000221689 ) ) ;
#6101 = CARTESIAN_POINT ( 'NONE',  ( -6.000000000000000000, 3.138420909981389784, 45.00000000000000000 ) ) ;
#6102 = CYLINDRICAL_SURFACE ( 'NONE', #3576, 13.49999999999999822 ) ;
#6103 = VERTEX_POINT ( 'NONE', #190 ) ;
#6104 = VECTOR ( 'NONE', #862, 1000.000000000000000 ) ;
#6105 = CARTESIAN_POINT ( 'NONE',  ( 57.00000000000000000, -5.219312084155296461, 2.999999999999995559 ) ) ;
#6106 = VECTOR ( 'NONE', #6964, 1000.000000000000000 ) ;
#6107 = VECTOR ( 'NONE', #2520, 1000.000000000000114 ) ;
#6108 = VERTEX_POINT ( 'NONE', #1898 ) ;
#6109 = ADVANCED_FACE ( 'NONE', ( #1800 ), #6513, .F. ) ;
#6110 = ADVANCED_FACE ( 'NONE', ( #7928 ), #3255, .F. ) ;
#6111 = FACE_OUTER_BOUND ( 'NONE', #796, .T. ) ;
#6112 = EDGE_LOOP ( 'NONE', ( #2419, #6347 ) ) ;
#6113 = DIRECTION ( 'NONE',  ( -0.000000000000000000, 1.000000000000000000, -0.000000000000000000 ) ) ;
#6114 = CARTESIAN_POINT ( 'NONE',  ( 7.499999999999998224, -13.09066085202100282, -72.00000000000000000 ) ) ;
#6115 = AXIS2_PLACEMENT_3D ( 'NONE', #8686, #8041, #1961 ) ;
#6116 = LINE ( 'NONE', #7677, #2113 ) ;
#6117 = AXIS2_PLACEMENT_3D ( 'NONE', #5614, #1058, #6227 ) ;
#6118 = PLANE ( 'NONE',  #5764 ) ;
#6119 = VECTOR ( 'NONE', #9217, 1000.000000000000000 ) ;
#6120 = CARTESIAN_POINT ( 'NONE',  ( 16.99999999999999289, 4.780687915844703539, 45.00000000000000000 ) ) ;
#6121 = EDGE_CURVE ( 'NONE', #4296, #6371, #4208, .T. ) ;
#6122 = VERTEX_POINT ( 'NONE', #7865 ) ;
#6123 = LINE ( 'NONE', #8181, #9364 ) ;
#6124 = VECTOR ( 'NONE', #7657, 1000.000000000000000 ) ;
#6125 = AXIS2_PLACEMENT_3D ( 'NONE', #354, #4269, #7333 ) ;
#6126 = AXIS2_PLACEMENT_3D ( 'NONE', #8788, #8134, #4221 ) ;
#6127 = EDGE_CURVE ( 'NONE', #5716, #7097, #9429, .T. ) ;
#6128 = ORIENTED_EDGE ( 'NONE', *, *, #5746, .T. ) ;
#6129 = CARTESIAN_POINT ( 'NONE',  ( 10.10000000000000142, 10.80000000000000071, 24.99999999999997868 ) ) ;
#6130 = CARTESIAN_POINT ( 'NONE',  ( -16.50000000000007816, 0.7499999999999997780, 32.49999999999997868 ) ) ;
#6131 = CARTESIAN_POINT ( 'NONE',  ( -20.87858936800429532, -5.072292276993011662, 75.00000000000002842 ) ) ;
#6132 = CARTESIAN_POINT ( 'NONE',  ( 24.24999999999993605, 1.500000000000000444, 0.000000000000000000 ) ) ;
#6133 = VECTOR ( 'NONE', #9947, 1000.000000000000000 ) ;
#6134 = AXIS2_PLACEMENT_3D ( 'NONE', #2345, #5298, #3091 ) ;
#6135 = LINE ( 'NONE', #3780, #5172 ) ;
#6136 = ORIENTED_EDGE ( 'NONE', *, *, #8309, .T. ) ;
#6137 = ORIENTED_EDGE ( 'NONE', *, *, #5953, .T. ) ;
#6138 = VECTOR ( 'NONE', #278, 1000.000000000000000 ) ;
#6139 = VECTOR ( 'NONE', #7695, 1000.000000000000000 ) ;
#6140 = CARTESIAN_POINT ( 'NONE',  ( -11.09999999999998899, 9.799999999999998934, 70.99999999999998579 ) ) ;
#6141 = CARTESIAN_POINT ( 'NONE',  ( -4.200000000000000178, 7.000000000000000000, 56.10000000000000853 ) ) ;
#6142 = ORIENTED_EDGE ( 'NONE', *, *, #272, .T. ) ;
#6143 = DIRECTION ( 'NONE',  ( -0.000000000000000000, -1.000000000000000000, -0.000000000000000000 ) ) ;
#6144 = DIRECTION ( 'NONE',  ( 0.000000000000000000, -0.8944271909999157444, 0.4472135954999582608 ) ) ;
#6145 = CIRCLE ( 'NONE', #1823, 3.000000000000000888 ) ;
#6146 = AXIS2_PLACEMENT_3D ( 'NONE', #2950, #9318, #3289 ) ;
#6147 = CARTESIAN_POINT ( 'NONE',  ( 60.00000000000001421, 8.000000000000000000, 56.10000000000000853 ) ) ;
#6148 = ORIENTED_EDGE ( 'NONE', *, *, #9867, .F. ) ;
#6149 = CARTESIAN_POINT ( 'NONE',  ( -9.500000000000001776, 3.780687915844703539, 39.99999999999999289 ) ) ;
#6150 = ORIENTED_EDGE ( 'NONE', *, *, #5378, .T. ) ;
#6151 = VERTEX_POINT ( 'NONE', #5557 ) ;
#6152 = VECTOR ( 'NONE', #30, 1000.000000000000000 ) ;
#6153 = DIRECTION ( 'NONE',  ( -0.000000000000000000, 1.000000000000000000, -0.000000000000000000 ) ) ;
#6154 = AXIS2_PLACEMENT_3D ( 'NONE', #2604, #4262, #4214 ) ;
#6155 = EDGE_LOOP ( 'NONE', ( #9670, #4597, #5538, #129 ) ) ;
#6156 = FACE_OUTER_BOUND ( 'NONE', #1705, .T. ) ;
#6157 = LINE ( 'NONE', #4605, #339 ) ;
#6158 = LINE ( 'NONE', #1226, #6960 ) ;
#6159 = DIRECTION ( 'NONE',  ( -1.000000000000000000, -0.000000000000000000, 7.381802025433221547E-17 ) ) ;
#6160 = VECTOR ( 'NONE', #4542, 1000.000000000000000 ) ;
#6161 = ADVANCED_FACE ( 'NONE', ( #9475 ), #4153, .F. ) ;
#6162 = EDGE_CURVE ( 'NONE', #3808, #2158, #7084, .T. ) ;
#6163 = CARTESIAN_POINT ( 'NONE',  ( 2.308517379148995757E-15, 4.780687915844703539, -35.50000000000000711 ) ) ;
#6164 = CIRCLE ( 'NONE', #5989, 3.250000000002188028 ) ;
#6165 = ORIENTED_EDGE ( 'NONE', *, *, #731, .T. ) ;
#6166 = PLANE ( 'NONE',  #1516 ) ;
#6167 = ORIENTED_EDGE ( 'NONE', *, *, #1577, .T. ) ;
#6168 = ORIENTED_EDGE ( 'NONE', *, *, #9664, .T. ) ;
#6169 = CARTESIAN_POINT ( 'NONE',  ( -2.401065458903556493, 4.725049876822162709, -36.69121976907577221 ) ) ;
#6170 = ORIENTED_EDGE ( 'NONE', *, *, #8499, .T. ) ;
#6171 = DIRECTION ( 'NONE',  ( 0.000000000000000000, 0.000000000000000000, -1.000000000000000000 ) ) ;
#6172 = DIRECTION ( 'NONE',  ( 0.000000000000000000, 0.000000000000000000, 1.000000000000000000 ) ) ;
#6173 = DIRECTION ( 'NONE',  ( 0.000000000000000000, -1.000000000000000000, 0.000000000000000000 ) ) ;
#6174 = CARTESIAN_POINT ( 'NONE',  ( 26.99999999999999645, -1.219312084155296683, 59.50000000000000711 ) ) ;
#6175 = EDGE_CURVE ( 'NONE', #8538, #1004, #9344, .T. ) ;
#6176 = CARTESIAN_POINT ( 'NONE',  ( -7.000000000000000000, -3.719312084155296905, 50.60000000000000142 ) ) ;
#6177 = ORIENTED_EDGE ( 'NONE', *, *, #6077, .F. ) ;
#6178 = CARTESIAN_POINT ( 'NONE',  ( -21.70000000000002416, -3.219312084155296461, -59.05398995351029612 ) ) ;
#6179 = ORIENTED_EDGE ( 'NONE', *, *, #6797, .T. ) ;
#6180 = ORIENTED_EDGE ( 'NONE', *, *, #1989, .T. ) ;
#6181 = CARTESIAN_POINT ( 'NONE',  ( -7.099999999999999645, -3.999999999999999112, 54.00000000000001421 ) ) ;
#6182 = ADVANCED_FACE ( 'NONE', ( #2651, #1944 ), #5008, .T. ) ;
#6183 = CYLINDRICAL_SURFACE ( 'NONE', #6248, 2.100000000000000977 ) ;
#6184 = DIRECTION ( 'NONE',  ( 0.000000000000000000, 0.000000000000000000, -1.000000000000000000 ) ) ;
#6185 = DIRECTION ( 'NONE',  ( 1.000000000000000000, 3.518542899386920229E-15, 0.000000000000000000 ) ) ;
#6186 = ADVANCED_FACE ( 'NONE', ( #6365 ), #5600, .F. ) ;
#6187 = VECTOR ( 'NONE', #7604, 1000.000000000000000 ) ;
#6188 = CARTESIAN_POINT ( 'NONE',  ( 24.00000000000000711, 0.000000000000000000, 59.99999999999999289 ) ) ;
#6189 = EDGE_CURVE ( 'NONE', #4746, #8073, #2020, .T. ) ;
#6190 = VERTEX_POINT ( 'NONE', #2192 ) ;
#6191 = EDGE_CURVE ( 'NONE', #737, #5987, #2837, .T. ) ;
#6192 = ORIENTED_EDGE ( 'NONE', *, *, #2065, .F. ) ;
#6193 = CARTESIAN_POINT ( 'NONE',  ( -9.999999999999978684, 1.999999999999999112, -72.00000000000000000 ) ) ;
#6194 = ADVANCED_FACE ( 'NONE', ( #630 ), #9833, .F. ) ;
#6195 = CARTESIAN_POINT ( 'NONE',  ( -4.200000000000000178, 4.780687915844703539, 51.90000000000001279 ) ) ;
#6196 = CARTESIAN_POINT ( 'NONE',  ( 13.00000000000000178, -3.719312084155296905, 45.00000000000000000 ) ) ;
#6197 = DIRECTION ( 'NONE',  ( -0.000000000000000000, -0.000000000000000000, 1.000000000000000000 ) ) ;
#6198 = ORIENTED_EDGE ( 'NONE', *, *, #1707, .F. ) ;
#6199 = CARTESIAN_POINT ( 'NONE',  ( 11.10000000000000142, 10.80000000000000071, 24.99999999999997513 ) ) ;
#6200 = ORIENTED_EDGE ( 'NONE', *, *, #3295, .T. ) ;
#6201 = ORIENTED_EDGE ( 'NONE', *, *, #849, .F. ) ;
#6202 = ORIENTED_EDGE ( 'NONE', *, *, #3731, .F. ) ;
#6203 = ORIENTED_EDGE ( 'NONE', *, *, #9740, .F. ) ;
#6204 = DIRECTION ( 'NONE',  ( -1.000000000000000000, -0.000000000000000000, -3.469446951953611033E-15 ) ) ;
#6205 = VECTOR ( 'NONE', #9508, 1000.000000000000000 ) ;
#6206 = DIRECTION ( 'NONE',  ( 0.000000000000000000, -1.000000000000000000, 0.000000000000000000 ) ) ;
#6207 = CARTESIAN_POINT ( 'NONE',  ( -4.959440650763593084, 3.770266033819218876, -72.26160835346996691 ) ) ;
#6208 = CARTESIAN_POINT ( 'NONE',  ( 72.00000000000000000, -6.500000000000000000, 58.49999999999990052 ) ) ;
#6209 = ORIENTED_EDGE ( 'NONE', *, *, #9414, .T. ) ;
#6210 = CARTESIAN_POINT ( 'NONE',  ( 11.09999999999999787, 9.600000000000001421, 54.84999999999998010 ) ) ;
#6211 = ORIENTED_EDGE ( 'NONE', *, *, #2179, .T. ) ;
#6212 = EDGE_LOOP ( 'NONE', ( #8116, #1926, #8414, #8559, #6532 ) ) ;
#6213 = CARTESIAN_POINT ( 'NONE',  ( 7.500000000000003553, 1.780687915844703539, 34.32966729766143033 ) ) ;
#6214 = FACE_OUTER_BOUND ( 'NONE', #5843, .T. ) ;
#6215 = DIRECTION ( 'NONE',  ( 0.000000000000000000, 1.000000000000000000, 0.000000000000000000 ) ) ;
#6216 = CARTESIAN_POINT ( 'NONE',  ( 12.50000000000000000, 0.7500000000000096589, 79.99999999999998579 ) ) ;
#6217 = LINE ( 'NONE', #4058, #7219 ) ;
#6218 = LINE ( 'NONE', #9289, #5156 ) ;
#6219 = VERTEX_POINT ( 'NONE', #4447 ) ;
#6220 = CARTESIAN_POINT ( 'NONE',  ( 13.39999999999999680, 9.600000000000001421, 54.84999999999998010 ) ) ;
#6221 = VERTEX_POINT ( 'NONE', #8165 ) ;
#6222 = EDGE_LOOP ( 'NONE', ( #8402, #1334 ) ) ;
#6223 = ADVANCED_FACE ( 'NONE', ( #6615 ), #8967, .F. ) ;
#6224 = CARTESIAN_POINT ( 'NONE',  ( -7.370119425355114551, 2.020703358160338858, 34.17907757358059939 ) ) ;
#6225 = EDGE_CURVE ( 'NONE', #3839, #3072, #9772, .T. ) ;
#6226 = LINE ( 'NONE', #2410, #6573 ) ;
#6227 = DIRECTION ( 'NONE',  ( 0.000000000000000000, -1.000000000000000000, 0.000000000000000000 ) ) ;
#6228 = DIRECTION ( 'NONE',  ( 0.000000000000000000, 0.7071067811865475727, -0.7071067811865475727 ) ) ;
#6229 = CARTESIAN_POINT ( 'NONE',  ( 12.59999999999999964, 9.799999999999998934, 21.19999999999996732 ) ) ;
#6230 = VERTEX_POINT ( 'NONE', #3607 ) ;
#6231 = EDGE_LOOP ( 'NONE', ( #1939, #9606, #4783, #6958 ) ) ;
#6232 = ADVANCED_FACE ( 'NONE', ( #6756 ), #2882, .T. ) ;
#6233 = LINE ( 'NONE', #4884, #5293 ) ;
#6234 = EDGE_CURVE ( 'NONE', #8349, #4294, #2919, .T. ) ;
#6235 = CARTESIAN_POINT ( 'NONE',  ( -13.39999999999999147, 9.600000000000001421, 42.14999999999997016 ) ) ;
#6236 = CARTESIAN_POINT ( 'NONE',  ( 40.00000000000002132, -5.219312084155296461, -48.99999999999998579 ) ) ;
#6237 = FACE_OUTER_BOUND ( 'NONE', #8307, .T. ) ;
#6238 = EDGE_CURVE ( 'NONE', #4112, #8489, #3502, .T. ) ;
#6239 = ORIENTED_EDGE ( 'NONE', *, *, #471, .T. ) ;
#6240 = ORIENTED_EDGE ( 'NONE', *, *, #5116, .T. ) ;
#6241 = ORIENTED_EDGE ( 'NONE', *, *, #6038, .F. ) ;
#6242 = DIRECTION ( 'NONE',  ( 0.000000000000000000, 0.000000000000000000, -1.000000000000000000 ) ) ;
#6243 = EDGE_CURVE ( 'NONE', #3875, #8616, #2442, .T. ) ;
#6244 = DIRECTION ( 'NONE',  ( -1.000000000000000000, 0.000000000000000000, 3.469446951953611428E-15 ) ) ;
#6245 = ORIENTED_EDGE ( 'NONE', *, *, #1707, .T. ) ;
#6246 = CARTESIAN_POINT ( 'NONE',  ( 26.99999999999999645, -1.219312084155296683, 55.00000000000000000 ) ) ;
#6247 = LINE ( 'NONE', #7108, #6310 ) ;
#6248 = AXIS2_PLACEMENT_3D ( 'NONE', #108, #9207, #8485 ) ;
#6249 = CARTESIAN_POINT ( 'NONE',  ( 2.308517379148995757E-15, 4.780687915844703539, -38.50000000000000711 ) ) ;
#6250 = CIRCLE ( 'NONE', #5445, 15.00000000000000000 ) ;
#6251 = CARTESIAN_POINT ( 'NONE',  ( 17.50000000000000000, 1.780687915844703539, 72.00000000000000000 ) ) ;
#6252 = VERTEX_POINT ( 'NONE', #7321 ) ;
#6253 = DIRECTION ( 'NONE',  ( 1.000000000000000000, 0.000000000000000000, 0.000000000000000000 ) ) ;
#6254 = ORIENTED_EDGE ( 'NONE', *, *, #1087, .F. ) ;
#6255 = VECTOR ( 'NONE', #5211, 1000.000000000000000 ) ;
#6256 = ORIENTED_EDGE ( 'NONE', *, *, #8016, .T. ) ;
#6257 = CARTESIAN_POINT ( 'NONE',  ( 59.99999999999989342, -6.500000000000000000, 75.00000000000002842 ) ) ;
#6258 = CARTESIAN_POINT ( 'NONE',  ( 0.000000000000000000, -1.219312084155296683, 0.000000000000000000 ) ) ;
#6259 = CARTESIAN_POINT ( 'NONE',  ( 10.25000000000000178, -1.601329222479280134E-13, -87.50000000000224532 ) ) ;
#6260 = DIRECTION ( 'NONE',  ( 1.000000000000000000, 0.000000000000000000, 0.000000000000000000 ) ) ;
#6261 = CARTESIAN_POINT ( 'NONE',  ( -54.99999999999998579, 4.780687915844703539, -32.00000000000000711 ) ) ;
#6262 = EDGE_CURVE ( 'NONE', #6293, #1878, #7469, .T. ) ;
#6263 = CIRCLE ( 'NONE', #3214, 1.250000000000001110 ) ;
#6264 = AXIS2_PLACEMENT_3D ( 'NONE', #1429, #9276, #6004 ) ;
#6265 = CIRCLE ( 'NONE', #6594, 3.000000000000000888 ) ;
#6266 = FACE_OUTER_BOUND ( 'NONE', #9808, .T. ) ;
#6267 = ORIENTED_EDGE ( 'NONE', *, *, #1812, .T. ) ;
#6268 = DIRECTION ( 'NONE',  ( 0.000000000000000000, -1.000000000000000000, 0.000000000000000000 ) ) ;
#6269 = ORIENTED_EDGE ( 'NONE', *, *, #5205, .T. ) ;
#6270 = ORIENTED_EDGE ( 'NONE', *, *, #3269, .F. ) ;
#6271 = AXIS2_PLACEMENT_3D ( 'NONE', #6448, #1685, #2580 ) ;
#6272 = LINE ( 'NONE', #201, #5302 ) ;
#6273 = VECTOR ( 'NONE', #7595, 1000.000000000000000 ) ;
#6274 = CARTESIAN_POINT ( 'NONE',  ( 17.50000000000000000, 1.780687915844703539, 72.00000000000000000 ) ) ;
#6275 = CARTESIAN_POINT ( 'NONE',  ( 2.675911418893201595E-15, 4.780687915844703539, -41.50000000000000711 ) ) ;
#6276 = CARTESIAN_POINT ( 'NONE',  ( -54.99999999999998579, 4.780687915844703539, 2.999999999999988898 ) ) ;
#6277 = VECTOR ( 'NONE', #9764, 1000.000000000000000 ) ;
#6278 = ORIENTED_EDGE ( 'NONE', *, *, #5438, .T. ) ;
#6279 = EDGE_CURVE ( 'NONE', #3761, #8260, #6768, .T. ) ;
#6280 = VECTOR ( 'NONE', #896, 1000.000000000000000 ) ;
#6281 = AXIS2_PLACEMENT_3D ( 'NONE', #8176, #553, #3415 ) ;
#6282 = ADVANCED_FACE ( 'NONE', ( #4257 ), #1998, .T. ) ;
#6283 = VECTOR ( 'NONE', #9106, 1000.000000000000000 ) ;
#6284 = ORIENTED_EDGE ( 'NONE', *, *, #8440, .F. ) ;
#6285 = PLANE ( 'NONE',  #7549 ) ;
#6286 = CARTESIAN_POINT ( 'NONE',  ( -11.09999999999999254, 9.600000000000001421, 42.14999999999997726 ) ) ;
#6287 = VECTOR ( 'NONE', #6515, 1000.000000000000000 ) ;
#6288 = AXIS2_PLACEMENT_3D ( 'NONE', #2532, #7853, #7109 ) ;
#6289 = LINE ( 'NONE', #9359, #5880 ) ;
#6290 = CARTESIAN_POINT ( 'NONE',  ( 23.99999999999999645, 1.499999999999999112, -84.61685935133216674 ) ) ;
#6291 = EDGE_CURVE ( 'NONE', #8608, #2289, #2348, .T. ) ;
#6292 = EDGE_CURVE ( 'NONE', #3569, #7115, #5249, .T. ) ;
#6293 = VERTEX_POINT ( 'NONE', #3946 ) ;
#6294 = CARTESIAN_POINT ( 'NONE',  ( -13.00000000000000178, -3.719312084155296905, 45.00000000000000000 ) ) ;
#6295 = VERTEX_POINT ( 'NONE', #8316 ) ;
#6296 = EDGE_CURVE ( 'NONE', #9065, #4102, #8220, .T. ) ;
#6297 = VERTEX_POINT ( 'NONE', #1492 ) ;
#6298 = DIRECTION ( 'NONE',  ( -0.000000000000000000, -1.000000000000000000, -0.000000000000000000 ) ) ;
#6299 = CARTESIAN_POINT ( 'NONE',  ( 9.020562075079394367E-14, 9.799999999999998934, 26.00000000000001421 ) ) ;
#6300 = ORIENTED_EDGE ( 'NONE', *, *, #962, .T. ) ;
#6301 = EDGE_CURVE ( 'NONE', #2527, #9201, #7009, .T. ) ;
#6302 = CARTESIAN_POINT ( 'NONE',  ( 0.000000000000000000, -5.519312084155296283, -55.59601004648968114 ) ) ;
#6303 = VECTOR ( 'NONE', #8354, 1000.000000000000000 ) ;
#6304 = LINE ( 'NONE', #8568, #2146 ) ;
#6305 = AXIS2_PLACEMENT_3D ( 'NONE', #4091, #1124, #6500 ) ;
#6306 = DIRECTION ( 'NONE',  ( -0.000000000000000000, 1.000000000000000000, -0.000000000000000000 ) ) ;
#6307 = EDGE_CURVE ( 'NONE', #777, #5252, #1431, .T. ) ;
#6308 = CARTESIAN_POINT ( 'NONE',  ( -13.00000000000000178, -3.719312084155296905, 45.00000000000000000 ) ) ;
#6309 = EDGE_CURVE ( 'NONE', #4244, #7392, #6816, .T. ) ;
#6310 = VECTOR ( 'NONE', #9324, 1000.000000000000114 ) ;
#6311 = VERTEX_POINT ( 'NONE', #2990 ) ;
#6312 = DIRECTION ( 'NONE',  ( -5.634144622830656211E-16, 0.000000000000000000, 1.000000000000000000 ) ) ;
#6313 = ORIENTED_EDGE ( 'NONE', *, *, #7039, .F. ) ;
#6314 = VECTOR ( 'NONE', #6620, 1000.000000000000000 ) ;
#6315 = VERTEX_POINT ( 'NONE', #6051 ) ;
#6316 = DIRECTION ( 'NONE',  ( -1.000000000000000000, 0.000000000000000000, 0.000000000000000000 ) ) ;
#6317 = CARTESIAN_POINT ( 'NONE',  ( 0.000000000000000000, -0.2193120841552965994, 0.000000000000000000 ) ) ;
#6318 = AXIS2_PLACEMENT_3D ( 'NONE', #584, #689, #3802 ) ;
#6319 = DIRECTION ( 'NONE',  ( 1.000000000000000000, -0.000000000000000000, 5.634144622830656211E-16 ) ) ;
#6320 = CARTESIAN_POINT ( 'NONE',  ( 9.500000000000015987, -5.219312084155296461, 17.99999999999999289 ) ) ;
#6321 = DIRECTION ( 'NONE',  ( 0.000000000000000000, 0.000000000000000000, 1.000000000000000000 ) ) ;
#6322 = AXIS2_PLACEMENT_3D ( 'NONE', #4354, #2799, #7423 ) ;
#6323 = FACE_BOUND ( 'NONE', #7476, .T. ) ;
#6324 = ORIENTED_EDGE ( 'NONE', *, *, #2788, .T. ) ;
#6325 = CARTESIAN_POINT ( 'NONE',  ( -7.099999999999999645, 7.000000000000000000, 54.00000000000001421 ) ) ;
#6326 = ORIENTED_EDGE ( 'NONE', *, *, #2366, .F. ) ;
#6327 = ORIENTED_EDGE ( 'NONE', *, *, #6917, .F. ) ;
#6328 = DIRECTION ( 'NONE',  ( 1.927470528863118802E-16, -0.000000000000000000, 1.000000000000000000 ) ) ;
#6329 = ORIENTED_EDGE ( 'NONE', *, *, #4753, .F. ) ;
#6330 = DIRECTION ( 'NONE',  ( -1.000000000000000000, -0.000000000000000000, -0.000000000000000000 ) ) ;
#6331 = LINE ( 'NONE', #5468, #7085 ) ;
#6332 = DIRECTION ( 'NONE',  ( -0.000000000000000000, 1.000000000000000000, 0.000000000000000000 ) ) ;
#6333 = VERTEX_POINT ( 'NONE', #2239 ) ;
#6334 = DIRECTION ( 'NONE',  ( 0.000000000000000000, 0.000000000000000000, 1.000000000000000000 ) ) ;
#6335 = ORIENTED_EDGE ( 'NONE', *, *, #5928, .T. ) ;
#6336 = DIRECTION ( 'NONE',  ( -1.000000000000000000, 0.000000000000000000, -2.275047181608928137E-16 ) ) ;
#6337 = CARTESIAN_POINT ( 'NONE',  ( -59.99999999999987210, 8.000000000000000000, -80.00000000000001421 ) ) ;
#6338 = DIRECTION ( 'NONE',  ( 0.000000000000000000, -1.000000000000000000, 0.000000000000000000 ) ) ;
#6339 = ADVANCED_FACE ( 'NONE', ( #9126 ), #836, .F. ) ;
#6340 = ADVANCED_FACE ( 'NONE', ( #8365, #7621 ), #3188, .F. ) ;
#6341 = LINE ( 'NONE', #9408, #1025 ) ;
#6342 = CARTESIAN_POINT ( 'NONE',  ( 10.10000000000000142, 9.799999999999998934, 24.99999999999997868 ) ) ;
#6343 = EDGE_LOOP ( 'NONE', ( #8171, #3963, #5747, #1172, #3273 ) ) ;
#6344 = DATE_TIME_ROLE ( 'classification_date' ) ;
#6345 = VERTEX_POINT ( 'NONE', #3901 ) ;
#6346 = ORIENTED_EDGE ( 'NONE', *, *, #593, .T. ) ;
#6347 = ORIENTED_EDGE ( 'NONE', *, *, #4138, .T. ) ;
#6348 = CARTESIAN_POINT ( 'NONE',  ( 7.500000000000001776, -0.2193120841552965994, 46.00000000000000000 ) ) ;
#6349 = ORIENTED_EDGE ( 'NONE', *, *, #6984, .F. ) ;
#6350 = EDGE_CURVE ( 'NONE', #1222, #8138, #2297, .T. ) ;
#6351 = EDGE_CURVE ( 'NONE', #6651, #9240, #9832, .T. ) ;
#6352 = CARTESIAN_POINT ( 'NONE',  ( 75.00000000000000000, -6.500000000000000000, -59.99999999999986500 ) ) ;
#6353 = CARTESIAN_POINT ( 'NONE',  ( -9.500000000000001776, -5.219312084155296461, 17.99999999999998934 ) ) ;
#6354 = CARTESIAN_POINT ( 'NONE',  ( -7.500000000000001776, -0.2193120841552965994, 45.00000000000000000 ) ) ;
#6355 = LINE ( 'NONE', #1932, #7425 ) ;
#6356 = ORIENTED_EDGE ( 'NONE', *, *, #1758, .T. ) ;
#6357 = LINE ( 'NONE', #7114, #6642 ) ;
#6358 = ORIENTED_EDGE ( 'NONE', *, *, #4030, .T. ) ;
#6359 = EDGE_CURVE ( 'NONE', #1350, #6293, #6911, .T. ) ;
#6360 = ORIENTED_EDGE ( 'NONE', *, *, #5560, .F. ) ;
#6361 = CARTESIAN_POINT ( 'NONE',  ( -7.500000000000001776, 1.780687915844703539, 45.00000000000000000 ) ) ;
#6362 = EDGE_CURVE ( 'NONE', #1332, #3641, #3410, .T. ) ;
#6363 = CARTESIAN_POINT ( 'NONE',  ( 26.99999999999999645, 4.780687915844703539, 72.00000000000000000 ) ) ;
#6364 = LINE ( 'NONE', #1798, #9360 ) ;
#6365 = FACE_OUTER_BOUND ( 'NONE', #3460, .T. ) ;
#6366 = CARTESIAN_POINT ( 'NONE',  ( -9.999999999999978684, 1.999999999999999112, -87.50000000000000000 ) ) ;
#6367 = CARTESIAN_POINT ( 'NONE',  ( -8.411764224688424108, 1.464326805312576862, 34.50787979240591596 ) ) ;
#6368 = ORIENTED_EDGE ( 'NONE', *, *, #100, .F. ) ;
#6369 = DIRECTION ( 'NONE',  ( -0.000000000000000000, -1.000000000000000000, -0.000000000000000000 ) ) ;
#6370 = EDGE_CURVE ( 'NONE', #9055, #737, #31, .T. ) ;
#6371 = VERTEX_POINT ( 'NONE', #8467 ) ;
#6372 = ORIENTED_EDGE ( 'NONE', *, *, #9375, .F. ) ;
#6373 = CIRCLE ( 'NONE', #1568, 1.000000000000000888 ) ;
#6374 = DIRECTION ( 'NONE',  ( -0.000000000000000000, -0.7071067811865474617, -0.7071067811865474617 ) ) ;
#6375 = ORIENTED_EDGE ( 'NONE', *, *, #522, .T. ) ;
#6376 = CARTESIAN_POINT ( 'NONE',  ( -75.00000000000000000, 0.000000000000000000, 59.99999999999992184 ) ) ;
#6377 = DIRECTION ( 'NONE',  ( 0.000000000000000000, -0.000000000000000000, -1.000000000000000000 ) ) ;
#6378 = CARTESIAN_POINT ( 'NONE',  ( -39.99999999999998579, -5.219312084155296461, 2.999999999999985345 ) ) ;
#6379 = VERTEX_POINT ( 'NONE', #1587 ) ;
#6380 = DIRECTION ( 'NONE',  ( 1.000000000000000000, 0.000000000000000000, -0.000000000000000000 ) ) ;
#6381 = ORIENTED_EDGE ( 'NONE', *, *, #8551, .T. ) ;
#6382 = CARTESIAN_POINT ( 'NONE',  ( 9.499999999999928946, 4.780687915844703539, 39.99999999999999289 ) ) ;
#6383 = DIRECTION ( 'NONE',  ( -0.000000000000000000, 1.000000000000000000, -0.000000000000000000 ) ) ;
#6384 = DIRECTION ( 'NONE',  ( -0.000000000000000000, -1.000000000000000000, -0.000000000000000000 ) ) ;
#6385 = CARTESIAN_POINT ( 'NONE',  ( -58.49999999999990052, 4.780687915844703539, 72.00000000000000000 ) ) ;
#6386 = CARTESIAN_POINT ( 'NONE',  ( -80.00000000000001421, 8.000000000000000000, -59.99999999999987210 ) ) ;
#6387 = EDGE_CURVE ( 'NONE', #3079, #5608, #8514, .T. ) ;
#6388 = VERTEX_POINT ( 'NONE', #2439 ) ;
#6389 = SHAPE_DEFINITION_REPRESENTATION ( #9782, #7915 ) ;
#6390 = VERTEX_POINT ( 'NONE', #3446 ) ;
#6391 = VERTEX_POINT ( 'NONE', #4898 ) ;
#6392 = CARTESIAN_POINT ( 'NONE',  ( 11.10000000000000142, 9.799999999999998934, 24.99999999999997513 ) ) ;
#6393 = ORIENTED_EDGE ( 'NONE', *, *, #2161, .F. ) ;
#6394 = CARTESIAN_POINT ( 'NONE',  ( 7.389181280764465676, 1.999999999999999112, -72.00000000000000000 ) ) ;
#6395 = CARTESIAN_POINT ( 'NONE',  ( -8.484234814047685092, 0.08150558390836547262, 30.48056800428609492 ) ) ;
#6396 = CARTESIAN_POINT ( 'NONE',  ( -74.99999999999998579, 0.000000000000000000, -59.99999999999986500 ) ) ;
#6397 = LINE ( 'NONE', #9464, #9355 ) ;
#6398 = ORIENTED_EDGE ( 'NONE', *, *, #107, .T. ) ;
#6399 = DIRECTION ( 'NONE',  ( 0.000000000000000000, 0.000000000000000000, 1.000000000000000000 ) ) ;
#6400 = EDGE_CURVE ( 'NONE', #7472, #6963, #7962, .T. ) ;
#6401 = ADVANCED_FACE ( 'NONE', ( #4141 ), #4193, .T. ) ;
#6402 = ORIENTED_EDGE ( 'NONE', *, *, #1888, .F. ) ;
#6403 = AXIS2_PLACEMENT_3D ( 'NONE', #5837, #8907, #2024 ) ;
#6404 = VERTEX_POINT ( 'NONE', #8011 ) ;
#6405 = CYLINDRICAL_SURFACE ( 'NONE', #6574, 1.250000000000001110 ) ;
#6406 = CARTESIAN_POINT ( 'NONE',  ( 9.999999999999955591, 3.780687915844703539, 46.00000000000001421 ) ) ;
#6407 = LINE ( 'NONE', #9625, #4551 ) ;
#6408 = DIRECTION ( 'NONE',  ( -0.000000000000000000, -1.000000000000000000, -0.000000000000000000 ) ) ;
#6409 = LINE ( 'NONE', #1047, #5067 ) ;
#6410 = CARTESIAN_POINT ( 'NONE',  ( 2.145068389081294935, 4.780687915844701763, 9.402696587004106377 ) ) ;
#6411 = DIRECTION ( 'NONE',  ( 0.000000000000000000, -1.000000000000000000, 0.000000000000000000 ) ) ;
#6412 = ADVANCED_FACE ( 'NONE', ( #3241 ), #2642, .F. ) ;
#6413 = ORIENTED_EDGE ( 'NONE', *, *, #6370, .F. ) ;
#6414 = CARTESIAN_POINT ( 'NONE',  ( -23.99999999999999645, -3.250000000002356337, -87.50000000000224532 ) ) ;
#6415 = VECTOR ( 'NONE', #5457, 1000.000000000000000 ) ;
#6416 = VECTOR ( 'NONE', #816, 1000.000000000000000 ) ;
#6417 = ADVANCED_FACE ( 'NONE', ( #4944 ), #1687, .F. ) ;
#6418 = ORIENTED_EDGE ( 'NONE', *, *, #7582, .F. ) ;
#6419 = VERTEX_POINT ( 'NONE', #6354 ) ;
#6420 = FACE_OUTER_BOUND ( 'NONE', #2867, .T. ) ;
#6421 = ORIENTED_EDGE ( 'NONE', *, *, #113, .T. ) ;
#6422 = DIRECTION ( 'NONE',  ( 1.000000000000000000, 0.000000000000000000, 0.000000000000000000 ) ) ;
#6423 = LINE ( 'NONE', #3316, #9007 ) ;
#6424 = VECTOR ( 'NONE', #6171, 1000.000000000000000 ) ;
#6425 = LINE ( 'NONE', #5719, #7407 ) ;
#6426 = ADVANCED_FACE ( 'NONE', ( #8658 ), #3294, .T. ) ;
#6427 = VERTEX_POINT ( 'NONE', #277 ) ;
#6428 = CARTESIAN_POINT ( 'NONE',  ( 11.10000000000000142, 10.80000000000000071, 24.99999999999997513 ) ) ;
#6429 = EDGE_CURVE ( 'NONE', #8240, #3112, #7807, .T. ) ;
#6430 = AXIS2_PLACEMENT_3D ( 'NONE', #7271, #334, #1090 ) ;
#6431 = VECTOR ( 'NONE', #262, 1000.000000000000000 ) ;
#6432 = VERTEX_POINT ( 'NONE', #928 ) ;
#6433 = DIRECTION ( 'NONE',  ( -0.000000000000000000, 1.000000000000000000, -0.000000000000000000 ) ) ;
#6434 = DIRECTION ( 'NONE',  ( -0.000000000000000000, 1.000000000000000000, -0.000000000000000000 ) ) ;
#6435 = DIRECTION ( 'NONE',  ( 0.000000000000000000, 0.000000000000000000, 1.000000000000000000 ) ) ;
#6436 = CARTESIAN_POINT ( 'NONE',  ( 20.49999999999992539, 3.780687915844703539, 40.99999999999999289 ) ) ;
#6437 = CIRCLE ( 'NONE', #7557, 10.99999999999999645 ) ;
#6438 = CARTESIAN_POINT ( 'NONE',  ( -9.999999999999976907, -2.000000000000000000, -87.50000000000000000 ) ) ;
#6439 = CIRCLE ( 'NONE', #2105, 3.000000000000002665 ) ;
#6440 = EDGE_LOOP ( 'NONE', ( #2187, #8604, #9043, #6192 ) ) ;
#6441 = APPROVAL_STATUS ( 'not_yet_approved' ) ;
#6442 = ORIENTED_EDGE ( 'NONE', *, *, #4498, .F. ) ;
#6443 = ORIENTED_EDGE ( 'NONE', *, *, #4588, .F. ) ;
#6444 = VECTOR ( 'NONE', #6739, 1000.000000000000000 ) ;
#6445 = VECTOR ( 'NONE', #3566, 1000.000000000000000 ) ;
#6446 = CARTESIAN_POINT ( 'NONE',  ( 12.50000000000000178, 3.850000000000004974, 72.00000000000000000 ) ) ;
#6447 = ORIENTED_EDGE ( 'NONE', *, *, #9259, .F. ) ;
#6448 = CARTESIAN_POINT ( 'NONE',  ( 20.49999999999999289, 4.780687915844703539, 51.00000000000000000 ) ) ;
#6449 = LINE ( 'NONE', #8862, #2782 ) ;
#6450 = DIRECTION ( 'NONE',  ( -0.000000000000000000, -1.000000000000000000, -0.000000000000000000 ) ) ;
#6451 = VECTOR ( 'NONE', #5058, 1000.000000000000000 ) ;
#6452 = AXIS2_PLACEMENT_3D ( 'NONE', #3551, #1196, #5899 ) ;
#6453 = DIRECTION ( 'NONE',  ( -0.000000000000000000, 1.000000000000000000, -0.000000000000000000 ) ) ;
#6454 = EDGE_LOOP ( 'NONE', ( #1694, #9392, #8735, #6000, #1866, #3973 ) ) ;
#6455 = CARTESIAN_POINT ( 'NONE',  ( -25.20000000000002771, -6.519312084155297171, -57.09601004648968114 ) ) ;
#6456 = ORIENTED_EDGE ( 'NONE', *, *, #9919, .T. ) ;
#6457 = VECTOR ( 'NONE', #8812, 1000.000000000000000 ) ;
#6458 = EDGE_LOOP ( 'NONE', ( #3672, #4629, #184, #9263 ) ) ;
#6459 = AXIS2_PLACEMENT_3D ( 'NONE', #810, #1411, #8248 ) ;
#6460 = CARTESIAN_POINT ( 'NONE',  ( -59.99999999999998579, 0.000000000000000000, -59.99999999999997158 ) ) ;
#6461 = DIRECTION ( 'NONE',  ( 0.000000000000000000, -0.000000000000000000, -1.000000000000000000 ) ) ;
#6462 = DIRECTION ( 'NONE',  ( -2.312964634635748380E-16, -0.000000000000000000, -1.000000000000000000 ) ) ;
#6463 = EDGE_CURVE ( 'NONE', #3746, #1632, #383, .T. ) ;
#6464 = CARTESIAN_POINT ( 'NONE',  ( -9.999999999999980460, -1.649781843704839107E-13, -87.50000000000224532 ) ) ;
#6465 = EDGE_CURVE ( 'NONE', #5252, #1736, #6504, .T. ) ;
#6466 = DIRECTION ( 'NONE',  ( 0.000000000000000000, -1.000000000000000000, 0.000000000000000000 ) ) ;
#6467 = CARTESIAN_POINT ( 'NONE',  ( 6.881724994566794429, 2.463549772657220416, 33.72601562344753745 ) ) ;
#6468 = DIRECTION ( 'NONE',  ( -0.000000000000000000, 0.7071067811865474617, 0.7071067811865474617 ) ) ;
#6469 = VECTOR ( 'NONE', #6086, 1000.000000000000000 ) ;
#6470 = ORIENTED_EDGE ( 'NONE', *, *, #8322, .T. ) ;
#6471 = FACE_OUTER_BOUND ( 'NONE', #5569, .T. ) ;
#6472 = AXIS2_PLACEMENT_3D ( 'NONE', #128, #8654, #9371 ) ;
#6473 = ORIENTED_EDGE ( 'NONE', *, *, #9096, .F. ) ;
#6474 = CIRCLE ( 'NONE', #4718, 13.49999999999999822 ) ;
#6475 = DIRECTION ( 'NONE',  ( 3.965082230804131206E-16, 0.000000000000000000, -1.000000000000000000 ) ) ;
#6476 = ORIENTED_EDGE ( 'NONE', *, *, #960, .F. ) ;
#6477 = DIRECTION ( 'NONE',  ( 0.000000000000000000, 0.000000000000000000, 1.000000000000000000 ) ) ;
#6478 = VECTOR ( 'NONE', #3201, 1000.000000000000000 ) ;
#6479 = CARTESIAN_POINT ( 'NONE',  ( -9.500000000000001776, 1.780687915844703539, -72.00000000000000000 ) ) ;
#6480 = CARTESIAN_POINT ( 'NONE',  ( 12.00000000000000000, -3.719312084155296905, 46.00000000000000000 ) ) ;
#6481 = EDGE_CURVE ( 'NONE', #7070, #5724, #5699, .T. ) ;
#6482 = VERTEX_POINT ( 'NONE', #5547 ) ;
#6483 = CARTESIAN_POINT ( 'NONE',  ( -25.99999999999999645, -1.219312084155296683, 59.50000000000000711 ) ) ;
#6484 = EDGE_CURVE ( 'NONE', #6722, #6568, #1735, .T. ) ;
#6485 = VERTEX_POINT ( 'NONE', #6396 ) ;
#6486 = CARTESIAN_POINT ( 'NONE',  ( -9.500000000000001776, -5.219312084155296461, -47.00000000000000000 ) ) ;
#6487 = DIRECTION ( 'NONE',  ( 0.000000000000000000, 0.000000000000000000, -1.000000000000000000 ) ) ;
#6488 = EDGE_CURVE ( 'NONE', #1102, #7645, #2582, .T. ) ;
#6489 = DIRECTION ( 'NONE',  ( -0.000000000000000000, 0.000000000000000000, -1.000000000000000000 ) ) ;
#6490 = EDGE_CURVE ( 'NONE', #2185, #1615, #5968, .T. ) ;
#6491 = LINE ( 'NONE', #1218, #7970 ) ;
#6492 = CARTESIAN_POINT ( 'NONE',  ( 11.10000000000000142, 8.000000000000000000, 24.99999999999997513 ) ) ;
#6493 = EDGE_CURVE ( 'NONE', #9730, #9316, #1965, .T. ) ;
#6494 = ORIENTED_EDGE ( 'NONE', *, *, #2298, .T. ) ;
#6495 = APPROVAL_ROLE ( '' ) ;
#6496 = VERTEX_POINT ( 'NONE', #2725 ) ;
#6497 = EDGE_CURVE ( 'NONE', #468, #347, #9761, .T. ) ;
#6498 = VERTEX_POINT ( 'NONE', #8956 ) ;
#6499 = CARTESIAN_POINT ( 'NONE',  ( -9.000000000000001776, 4.780687915844703539, 46.00000000000000000 ) ) ;
#6500 = DIRECTION ( 'NONE',  ( -0.05233595624294377913, 0.9986295347545739443, -0.000000000000000000 ) ) ;
#6501 = ORIENTED_EDGE ( 'NONE', *, *, #8148, .F. ) ;
#6502 = DIRECTION ( 'NONE',  ( -0.000000000000000000, -0.000000000000000000, -1.000000000000000000 ) ) ;
#6503 = CARTESIAN_POINT ( 'NONE',  ( 7.099999999999999645, 7.000000000000000000, 54.00000000000001421 ) ) ;
#6504 = LINE ( 'NONE', #1036, #9507 ) ;
#6505 = CARTESIAN_POINT ( 'NONE',  ( 8.430171065814363374, 1.113103353799141493, 34.59999999999999432 ) ) ;
#6506 = ORIENTED_EDGE ( 'NONE', *, *, #9424, .F. ) ;
#6507 = FACE_OUTER_BOUND ( 'NONE', #4407, .T. ) ;
#6508 = ORIENTED_EDGE ( 'NONE', *, *, #4314, .F. ) ;
#6509 = ORIENTED_EDGE ( 'NONE', *, *, #3782, .F. ) ;
#6510 = PLANE ( 'NONE',  #6889 ) ;
#6511 = DIRECTION ( 'NONE',  ( -1.000000000000000000, 0.000000000000000000, -0.000000000000000000 ) ) ;
#6512 = DIRECTION ( 'NONE',  ( 8.673617379884027583E-16, 0.000000000000000000, 1.000000000000000000 ) ) ;
#6513 = CYLINDRICAL_SURFACE ( 'NONE', #9654, 15.00000000000000000 ) ;
#6514 = DIRECTION ( 'NONE',  ( -0.000000000000000000, -1.000000000000000000, -0.000000000000000000 ) ) ;
#6515 = DIRECTION ( 'NONE',  ( 1.000000000000000000, 0.000000000000000000, 0.000000000000000000 ) ) ;
#6516 = AXIS2_PLACEMENT_3D ( 'NONE', #7929, #4154, #397 ) ;
#6517 = ORIENTED_EDGE ( 'NONE', *, *, #7297, .F. ) ;
#6518 = FACE_OUTER_BOUND ( 'NONE', #7671, .T. ) ;
#6519 = EDGE_LOOP ( 'NONE', ( #5365, #5714, #6442, #4380 ) ) ;
#6520 = VECTOR ( 'NONE', #3804, 1000.000000000000000 ) ;
#6521 = PLANE ( 'NONE',  #7844 ) ;
#6522 = VERTEX_POINT ( 'NONE', #1270 ) ;
#6523 = DIRECTION ( 'NONE',  ( 0.000000000000000000, 0.000000000000000000, -1.000000000000000000 ) ) ;
#6524 = CARTESIAN_POINT ( 'NONE',  ( 12.60000000000000142, 10.80000000000000071, 22.19999999999997087 ) ) ;
#6525 = CARTESIAN_POINT ( 'NONE',  ( 11.10000000000000497, 9.799999999999998934, 71.99999999999998579 ) ) ;
#6526 = VECTOR ( 'NONE', #8454, 1000.000000000000000 ) ;
#6527 = B_SPLINE_CURVE_WITH_KNOTS ( 'NONE', 3,
 ( #2081, #7413, #4555, #2037, #7464, #4345, #5851, #582, #1382, #686, #3644, #2879, #2188, #2834, #6609, #3751 ),
 .UNSPECIFIED., .F., .F.,
 ( 4, 2, 2, 2, 2, 2, 2, 4 ),
 ( 0.000000000000000000, 0.0005804601179925497406, 0.001160920235985099481, 0.001741380353977649113, 0.002321840471970198962, 0.002902300589962748811, 0.003482760707955298227, 0.004643680943940397925 ),
 .UNSPECIFIED. ) ;
#6528 = ORIENTED_EDGE ( 'NONE', *, *, #3237, .T. ) ;
#6529 = DIRECTION ( 'NONE',  ( -1.000000000000000000, -0.000000000000000000, -0.000000000000000000 ) ) ;
#6530 = EDGE_CURVE ( 'NONE', #8132, #6658, #5841, .T. ) ;
#6531 = EDGE_CURVE ( 'NONE', #2285, #5594, #1168, .T. ) ;
#6532 = ORIENTED_EDGE ( 'NONE', *, *, #5590, .T. ) ;
#6533 = LINE ( 'NONE', #2761, #9321 ) ;
#6534 = CARTESIAN_POINT ( 'NONE',  ( -23.00000000000000000, 4.780687915844703539, 58.50000000000000000 ) ) ;
#6535 = DIRECTION ( 'NONE',  ( 0.000000000000000000, 0.000000000000000000, 1.000000000000000000 ) ) ;
#6536 = DIRECTION ( 'NONE',  ( 0.000000000000000000, 0.000000000000000000, 1.000000000000000000 ) ) ;
#6537 = LINE ( 'NONE', #5077, #2460 ) ;
#6538 = ADVANCED_FACE ( 'NONE', ( #5936 ), #2126, .F. ) ;
#6539 = ORIENTED_EDGE ( 'NONE', *, *, #1733, .T. ) ;
#6540 = PERSON_AND_ORGANIZATION_ROLE ( 'design_supplier' ) ;
#6541 = ADVANCED_FACE ( 'NONE', ( #4387 ), #8912, .F. ) ;
#6542 = ORIENTED_EDGE ( 'NONE', *, *, #2011, .F. ) ;
#6543 = LINE ( 'NONE', #5883, #8970 ) ;
#6544 = DIRECTION ( 'NONE',  ( 0.000000000000000000, 1.000000000000000000, 0.000000000000000000 ) ) ;
#6545 = ORIENTED_EDGE ( 'NONE', *, *, #7518, .F. ) ;
#6546 = LINE ( 'NONE', #4245, #7244 ) ;
#6547 = DIRECTION ( 'NONE',  ( 1.000000000000000000, -0.000000000000000000, 2.275047181608928630E-16 ) ) ;
#6548 = DIRECTION ( 'NONE',  ( 0.000000000000000000, 0.000000000000000000, 1.000000000000000000 ) ) ;
#6549 = EDGE_CURVE ( 'NONE', #8616, #6345, #7575, .T. ) ;
#6550 = DIRECTION ( 'NONE',  ( -0.000000000000000000, 1.000000000000000000, -0.000000000000000000 ) ) ;
#6551 = ORIENTED_EDGE ( 'NONE', *, *, #7533, .F. ) ;
#6552 = LINE ( 'NONE', #4145, #5834 ) ;
#6553 = ORIENTED_EDGE ( 'NONE', *, *, #7329, .T. ) ;
#6554 = EDGE_CURVE ( 'NONE', #3299, #8655, #3081, .T. ) ;
#6555 = ORIENTED_EDGE ( 'NONE', *, *, #9531, .F. ) ;
#6556 = ORIENTED_EDGE ( 'NONE', *, *, #8746, .F. ) ;
#6557 = FACE_OUTER_BOUND ( 'NONE', #499, .T. ) ;
#6558 = CARTESIAN_POINT ( 'NONE',  ( 25.67638558210932942, -3.000000000000000000, 75.00000000000002842 ) ) ;
#6559 = DIRECTION ( 'NONE',  ( 0.000000000000000000, 0.000000000000000000, -1.000000000000000000 ) ) ;
#6560 = DIRECTION ( 'NONE',  ( -1.000000000000000000, 0.000000000000000000, -2.775557561562891844E-16 ) ) ;
#6561 = LINE ( 'NONE', #2742, #1701 ) ;
#6562 = DIRECTION ( 'NONE',  ( -1.000000000000000000, -0.000000000000000000, -0.000000000000000000 ) ) ;
#6563 = ORIENTED_EDGE ( 'NONE', *, *, #5416, .T. ) ;
#6564 = PLANE ( 'NONE',  #6793 ) ;
#6565 = ORIENTED_EDGE ( 'NONE', *, *, #3429, .F. ) ;
#6566 = VECTOR ( 'NONE', #1648, 1000.000000000000000 ) ;
#6567 = CARTESIAN_POINT ( 'NONE',  ( -6.399785844408169666, 2.850014268998191103, 32.59975232009809076 ) ) ;
#6568 = VERTEX_POINT ( 'NONE', #2780 ) ;
#6569 = CARTESIAN_POINT ( 'NONE',  ( 2.308517379148995757E-15, 4.780687915844703539, -37.00000000000000711 ) ) ;
#6570 = CARTESIAN_POINT ( 'NONE',  ( 2.308517379148995757E-15, -1.719312084155296239, -35.50000000000000711 ) ) ;
#6571 = DIRECTION ( 'NONE',  ( -0.000000000000000000, 0.000000000000000000, 1.000000000000000000 ) ) ;
#6572 = VECTOR ( 'NONE', #6321, 1000.000000000000000 ) ;
#6573 = VECTOR ( 'NONE', #1712, 1000.000000000000000 ) ;
#6574 = AXIS2_PLACEMENT_3D ( 'NONE', #4203, #8078, #3395 ) ;
#6575 = EDGE_LOOP ( 'NONE', ( #702, #3029, #3714, #4611, #611, #1221, #2183 ) ) ;
#6576 = LINE ( 'NONE', #1212, #5495 ) ;
#6577 = ORIENTED_EDGE ( 'NONE', *, *, #8332, .T. ) ;
#6578 = CARTESIAN_POINT ( 'NONE',  ( -24.99999999999995381, 1.000000000000000888, -88.00000000000223110 ) ) ;
#6579 = DIRECTION ( 'NONE',  ( 0.000000000000000000, 0.000000000000000000, -1.000000000000000000 ) ) ;
#6580 = CARTESIAN_POINT ( 'NONE',  ( -59.99999999999987210, 8.000000000000000000, -80.00000000000001421 ) ) ;
#6581 = FACE_OUTER_BOUND ( 'NONE', #3750, .T. ) ;
#6582 = EDGE_CURVE ( 'NONE', #5393, #2681, #7310, .T. ) ;
#6583 = DIRECTION ( 'NONE',  ( -0.000000000000000000, 1.000000000000000000, -0.000000000000000000 ) ) ;
#6584 = EDGE_CURVE ( 'NONE', #6151, #7990, #4247, .T. ) ;
#6585 = AXIS2_PLACEMENT_3D ( 'NONE', #4524, #7591, #2552 ) ;
#6586 = CIRCLE ( 'NONE', #3058, 2.099999999999997868 ) ;
#6587 = AXIS2_PLACEMENT_3D ( 'NONE', #1572, #9218, #1673 ) ;
#6588 = EDGE_LOOP ( 'NONE', ( #8387, #9404, #4438, #7845, #8705, #3993, #8564, #1966 ) ) ;
#6589 = EDGE_LOOP ( 'NONE', ( #8986, #399, #9137, #2074 ) ) ;
#6590 = CARTESIAN_POINT ( 'NONE',  ( 3.892677794523547785, 4.267391030454706247, -72.08770766517604045 ) ) ;
#6591 = DIRECTION ( 'NONE',  ( -7.381802025433220315E-17, -0.000000000000000000, -1.000000000000000000 ) ) ;
#6592 = EDGE_LOOP ( 'NONE', ( #122, #7745, #3986, #7800, #54, #185, #3068, #8951, #911, #1211, #6470, #237 ) ) ;
#6593 = AXIS2_PLACEMENT_3D ( 'NONE', #6378, #7181, #1007 ) ;
#6594 = AXIS2_PLACEMENT_3D ( 'NONE', #534, #6003, #5295 ) ;
#6595 = LINE ( 'NONE', #7199, #7926 ) ;
#6596 = CARTESIAN_POINT ( 'NONE',  ( 18.32361441789066347, -6.499999999999984013, 79.99999999999998579 ) ) ;
#6597 = EDGE_CURVE ( 'NONE', #271, #5375, #5788, .T. ) ;
#6598 = CARTESIAN_POINT ( 'NONE',  ( -11.59999999999999609, 10.80000000000000071, 24.19999999999997442 ) ) ;
#6599 = VECTOR ( 'NONE', #2338, 1000.000000000000000 ) ;
#6600 = VERTEX_POINT ( 'NONE', #571 ) ;
#6601 = CARTESIAN_POINT ( 'NONE',  ( -39.99999999999997158, 4.780687915844703539, -32.00000000000000711 ) ) ;
#6602 = AXIS2_PLACEMENT_3D ( 'NONE', #2756, #8136, #1250 ) ;
#6603 = VERTEX_POINT ( 'NONE', #5888 ) ;
#6604 = AXIS2_PLACEMENT_3D ( 'NONE', #4459, #8232, #3048 ) ;
#6605 = VERTEX_POINT ( 'NONE', #9010 ) ;
#6606 = VERTEX_POINT ( 'NONE', #3634 ) ;
#6607 = EDGE_CURVE ( 'NONE', #2497, #922, #4334, .T. ) ;
#6608 = ORIENTED_EDGE ( 'NONE', *, *, #8501, .T. ) ;
#6609 = CARTESIAN_POINT ( 'NONE',  ( 2.416603668789085724, 4.724577786174728899, 13.31958406089244740 ) ) ;
#6610 = DIRECTION ( 'NONE',  ( 0.000000000000000000, 0.000000000000000000, 1.000000000000000000 ) ) ;
#6611 = EDGE_CURVE ( 'NONE', #8832, #922, #6623, .T. ) ;
#6612 = EDGE_CURVE ( 'NONE', #446, #6656, #7500, .T. ) ;
#6613 = CARTESIAN_POINT ( 'NONE',  ( -30.49999999999999645, 4.780687915844703539, 51.00000000000006395 ) ) ;
#6614 = VECTOR ( 'NONE', #6560, 1000.000000000000000 ) ;
#6615 = FACE_OUTER_BOUND ( 'NONE', #1442, .T. ) ;
#6616 = EDGE_CURVE ( 'NONE', #3966, #2959, #8114, .T. ) ;
#6617 = CYLINDRICAL_SURFACE ( 'NONE', #3453, 19.99999999999999645 ) ;
#6618 = FACE_OUTER_BOUND ( 'NONE', #92, .T. ) ;
#6619 = ORIENTED_EDGE ( 'NONE', *, *, #9256, .T. ) ;
#6620 = DIRECTION ( 'NONE',  ( 0.000000000000000000, 1.000000000000000000, 0.000000000000000000 ) ) ;
#6621 = ORIENTED_EDGE ( 'NONE', *, *, #8168, .F. ) ;
#6622 = AXIS2_PLACEMENT_3D ( 'NONE', #7278, #6411, #5662 ) ;
#6623 = CIRCLE ( 'NONE', #6789, 2.100000000000000533 ) ;
#6624 = CARTESIAN_POINT ( 'NONE',  ( -6.473687840860888443, 2.793640955604971055, 32.99246879972710644 ) ) ;
#6625 = VERTEX_POINT ( 'NONE', #4290 ) ;
#6626 = DIRECTION ( 'NONE',  ( 0.000000000000000000, 0.000000000000000000, -1.000000000000000000 ) ) ;
#6627 = VECTOR ( 'NONE', #1697, 1000.000000000000000 ) ;
#6628 = DIRECTION ( 'NONE',  ( -0.000000000000000000, -1.000000000000000000, -0.000000000000000000 ) ) ;
#6629 = LINE ( 'NONE', #2156, #9016 ) ;
#6630 = AXIS2_PLACEMENT_3D ( 'NONE', #5722, #5112, #7991 ) ;
#6631 = VECTOR ( 'NONE', #7687, 1000.000000000000000 ) ;
#6632 = CARTESIAN_POINT ( 'NONE',  ( 21.70000000000002416, -3.219312084155296461, -59.05398995351029612 ) ) ;
#6633 = ORIENTED_EDGE ( 'NONE', *, *, #5353, .T. ) ;
#6634 = CARTESIAN_POINT ( 'NONE',  ( 10.10000000000000142, 8.000000000000000000, 24.99999999999997868 ) ) ;
#6635 = VECTOR ( 'NONE', #7620, 1000.000000000000000 ) ;
#6636 = ORIENTED_EDGE ( 'NONE', *, *, #5528, .T. ) ;
#6637 = DIRECTION ( 'NONE',  ( -0.000000000000000000, 1.000000000000000000, -0.000000000000000000 ) ) ;
#6638 = CARTESIAN_POINT ( 'NONE',  ( 11.10000000000000497, 10.80000000000000071, 71.99999999999998579 ) ) ;
#6639 = CARTESIAN_POINT ( 'NONE',  ( 2.850469714739670479, 4.609824099997023694, -37.54505070094617025 ) ) ;
#6640 = AXIS2_PLACEMENT_3D ( 'NONE', #4480, #7454, #7399 ) ;
#6641 = FACE_OUTER_BOUND ( 'NONE', #9456, .T. ) ;
#6642 = VECTOR ( 'NONE', #8768, 1000.000000000000000 ) ;
#6643 = VERTEX_POINT ( 'NONE', #470 ) ;
#6644 = EDGE_LOOP ( 'NONE', ( #69, #2915, #4672, #6553, #7639, #3775, #6696, #5529 ) ) ;
#6645 = CARTESIAN_POINT ( 'NONE',  ( 9.500000000000028422, -0.2193120841552965994, -47.00000000000000000 ) ) ;
#6646 = FACE_OUTER_BOUND ( 'NONE', #3842, .T. ) ;
#6647 = ORIENTED_EDGE ( 'NONE', *, *, #9262, .T. ) ;
#6648 = CARTESIAN_POINT ( 'NONE',  ( -9.500000000000001776, -0.2193120841552965994, -72.00000000000000000 ) ) ;
#6649 = CARTESIAN_POINT ( 'NONE',  ( 7.500000000000001776, 1.780687915844703539, 70.96998267230843283 ) ) ;
#6650 = LINE ( 'NONE', #3682, #2457 ) ;
#6651 = VERTEX_POINT ( 'NONE', #6596 ) ;
#6652 = DIRECTION ( 'NONE',  ( -0.000000000000000000, 1.000000000000000000, -0.000000000000000000 ) ) ;
#6653 = ORIENTED_EDGE ( 'NONE', *, *, #4567, .F. ) ;
#6654 = ORIENTED_EDGE ( 'NONE', *, *, #1760, .T. ) ;
#6655 = ADVANCED_FACE ( 'NONE', ( #9667 ), #521, .F. ) ;
#6656 = VERTEX_POINT ( 'NONE', #6084 ) ;
#6657 = EDGE_CURVE ( 'NONE', #2846, #1201, #9269, .T. ) ;
#6658 = VERTEX_POINT ( 'NONE', #8353 ) ;
#6659 = DIRECTION ( 'NONE',  ( 0.000000000000000000, 0.000000000000000000, -1.000000000000000000 ) ) ;
#6660 = CARTESIAN_POINT ( 'NONE',  ( 27.74999999999999645, 1.500000000000000444, -90.38314064867232389 ) ) ;
#6661 = DIRECTION ( 'NONE',  ( 0.000000000000000000, 0.000000000000000000, -1.000000000000000000 ) ) ;
#6662 = DIRECTION ( 'NONE',  ( 0.000000000000000000, -0.000000000000000000, -1.000000000000000000 ) ) ;
#6663 = CARTESIAN_POINT ( 'NONE',  ( 6.000000000000000000, -3.719312084155296905, 45.00000000000000000 ) ) ;
#6664 = DIRECTION ( 'NONE',  ( 1.000000000000000000, 0.000000000000000000, 0.000000000000000000 ) ) ;
#6665 = ORIENTED_EDGE ( 'NONE', *, *, #4984, .F. ) ;
#6666 = CARTESIAN_POINT ( 'NONE',  ( 18.32361441789066347, -3.499999999999999556, 75.00000000000002842 ) ) ;
#6667 = VERTEX_POINT ( 'NONE', #2378 ) ;
#6668 = EDGE_CURVE ( 'NONE', #4505, #7479, #9061, .T. ) ;
#6669 = ADVANCED_FACE ( 'NONE', ( #676 ), #2926, .F. ) ;
#6670 = CARTESIAN_POINT ( 'NONE',  ( -25.67638558210932942, -3.000000000000000000, 128.4381048349333980 ) ) ;
#6671 = EDGE_LOOP ( 'NONE', ( #9242, #9804, #1305, #4390 ) ) ;
#6672 = LINE ( 'NONE', #5961, #7059 ) ;
#6673 = DIRECTION ( 'NONE',  ( 0.000000000000000000, -0.000000000000000000, -1.000000000000000000 ) ) ;
#6674 = PLANE ( 'NONE',  #6759 ) ;
#6675 = FACE_OUTER_BOUND ( 'NONE', #1804, .T. ) ;
#6676 = EDGE_CURVE ( 'NONE', #9365, #913, #6895, .T. ) ;
#6677 = ORIENTED_EDGE ( 'NONE', *, *, #1093, .F. ) ;
#6678 = LINE ( 'NONE', #7485, #1345 ) ;
#6679 = EDGE_CURVE ( 'NONE', #3354, #3966, #76, .T. ) ;
#6680 = ORIENTED_EDGE ( 'NONE', *, *, #890, .T. ) ;
#6681 = DIRECTION ( 'NONE',  ( -0.000000000000000000, 1.000000000000000000, -0.000000000000000000 ) ) ;
#6682 = PLANE ( 'NONE',  #4168 ) ;
#6683 = CARTESIAN_POINT ( 'NONE',  ( 2.849950325129378736, 4.609973700822003195, -39.45672520257001992 ) ) ;
#6684 = FACE_BOUND ( 'NONE', #8782, .T. ) ;
#6685 = ORIENTED_EDGE ( 'NONE', *, *, #5199, .T. ) ;
#6686 = VERTEX_POINT ( 'NONE', #5429 ) ;
#6687 = CARTESIAN_POINT ( 'NONE',  ( 7.697562365065523461E-46, 4.999999999999999112, -72.00000000000000000 ) ) ;
#6688 = CARTESIAN_POINT ( 'NONE',  ( 13.00000000000000178, 4.780687915844703539, 50.60000000000000142 ) ) ;
#6689 = ORIENTED_EDGE ( 'NONE', *, *, #8371, .T. ) ;
#6690 = EDGE_CURVE ( 'NONE', #6108, #4751, #372, .T. ) ;
#6691 = CARTESIAN_POINT ( 'NONE',  ( -23.00000000000000000, 4.780687915844703539, 61.00000000000000000 ) ) ;
#6692 = CARTESIAN_POINT ( 'NONE',  ( -39.99999999999997158, -5.219312084155296461, -32.00000000000000711 ) ) ;
#6693 = LINE ( 'NONE', #9011, #864 ) ;
#6694 = EDGE_LOOP ( 'NONE', ( #9294, #3799, #9261, #8518, #1434, #7935 ) ) ;
#6695 = DIRECTION ( 'NONE',  ( -0.000000000000000000, 0.000000000000000000, 1.000000000000000000 ) ) ;
#6696 = ORIENTED_EDGE ( 'NONE', *, *, #5723, .T. ) ;
#6697 = ORIENTED_EDGE ( 'NONE', *, *, #4702, .T. ) ;
#6698 = ORIENTED_EDGE ( 'NONE', *, *, #8990, .T. ) ;
#6699 = ORIENTED_EDGE ( 'NONE', *, *, #2477, .T. ) ;
#6700 = CARTESIAN_POINT ( 'NONE',  ( -23.99999999999999645, -1.682681771697502882E-13, -87.50000000000224532 ) ) ;
#6701 = FACE_OUTER_BOUND ( 'NONE', #2634, .T. ) ;
#6702 = DIRECTION ( 'NONE',  ( 0.000000000000000000, 0.000000000000000000, -1.000000000000000000 ) ) ;
#6703 = CARTESIAN_POINT ( 'NONE',  ( -6.975607906834992100, 2.382527320850890362, -73.52437146212429298 ) ) ;
#6704 = LINE ( 'NONE', #692, #6520 ) ;
#6705 = EDGE_CURVE ( 'NONE', #1178, #7233, #2178, .T. ) ;
#6706 = EDGE_CURVE ( 'NONE', #8608, #2620, #4693, .T. ) ;
#6707 = CARTESIAN_POINT ( 'NONE',  ( 6.000000000000000000, 3.780687915844703539, 39.99999999999999289 ) ) ;
#6708 = EDGE_LOOP ( 'NONE', ( #4089, #8102, #8649, #9794, #3406, #5941, #6506, #3448, #1413, #4183, #8427, #1267, #9783, #8978, #3811 ) ) ;
#6709 = CARTESIAN_POINT ( 'NONE',  ( 7.099999999999999645, 7.000000000000000000, 56.10000000000001563 ) ) ;
#6710 = VERTEX_POINT ( 'NONE', #7652 ) ;
#6711 = CARTESIAN_POINT ( 'NONE',  ( 27.74999999999999645, -1.691654479331865729E-13, -87.50000000000224532 ) ) ;
#6712 = ORIENTED_EDGE ( 'NONE', *, *, #6077, .T. ) ;
#6713 = CARTESIAN_POINT ( 'NONE',  ( -60.00000000000000711, 8.000000000000000000, 59.99999999999998579 ) ) ;
#6714 = CARTESIAN_POINT ( 'NONE',  ( -11.59999999999999609, 8.000000000000000000, 21.19999999999997087 ) ) ;
#6715 = DIRECTION ( 'NONE',  ( -1.000000000000000000, 0.000000000000000000, 2.312964634635748380E-16 ) ) ;
#6716 = EDGE_CURVE ( 'NONE', #3665, #7990, #3885, .T. ) ;
#6717 = AXIS2_PLACEMENT_3D ( 'NONE', #3585, #7254, #375 ) ;
#6718 = EDGE_CURVE ( 'NONE', #7337, #1715, #773, .T. ) ;
#6719 = CARTESIAN_POINT ( 'NONE',  ( 0.000000000000000000, 10.80000000000000071, 0.000000000000000000 ) ) ;
#6720 = VERTEX_POINT ( 'NONE', #6743 ) ;
#6721 = PLANE ( 'NONE',  #5351 ) ;
#6722 = VERTEX_POINT ( 'NONE', #3022 ) ;
#6723 = DIRECTION ( 'NONE',  ( 0.000000000000000000, 0.000000000000000000, -1.000000000000000000 ) ) ;
#6724 = ADVANCED_FACE ( 'NONE', ( #4481 ), #5281, .T. ) ;
#6725 = CARTESIAN_POINT ( 'NONE',  ( -10.00000000000000000, 3.850000000000007194, 72.00000000000000000 ) ) ;
#6726 = CARTESIAN_POINT ( 'NONE',  ( 0.000000000000000000, 9.600000000000001421, 0.000000000000000000 ) ) ;
#6727 = VECTOR ( 'NONE', #4109, 1000.000000000000000 ) ;
#6728 = VECTOR ( 'NONE', #863, 1000.000000000000000 ) ;
#6729 = DIRECTION ( 'NONE',  ( -0.000000000000000000, 1.000000000000000000, -0.000000000000000000 ) ) ;
#6730 = AXIS2_PLACEMENT_3D ( 'NONE', #6711, #2845, #4358 ) ;
#6731 = EDGE_CURVE ( 'NONE', #1902, #8737, #13, .T. ) ;
#6732 = CARTESIAN_POINT ( 'NONE',  ( -59.99999999999985789, 0.000000000000000000, 79.99999999999998579 ) ) ;
#6733 = EDGE_CURVE ( 'NONE', #5895, #7743, #9112, .T. ) ;
#6734 = ORIENTED_EDGE ( 'NONE', *, *, #933, .T. ) ;
#6735 = VERTEX_POINT ( 'NONE', #9223 ) ;
#6736 = VECTOR ( 'NONE', #8738, 1000.000000000000000 ) ;
#6737 = EDGE_LOOP ( 'NONE', ( #6734, #3218, #575, #8458 ) ) ;
#6738 = CARTESIAN_POINT ( 'NONE',  ( 12.59999999999999964, 9.799999999999998934, 21.19999999999996732 ) ) ;
#6739 = DIRECTION ( 'NONE',  ( 0.000000000000000000, 0.000000000000000000, -1.000000000000000000 ) ) ;
#6740 = ORIENTED_EDGE ( 'NONE', *, *, #9815, .T. ) ;
#6741 = LINE ( 'NONE', #9111, #8438 ) ;
#6742 = VECTOR ( 'NONE', #7764, 1000.000000000000000 ) ;
#6743 = CARTESIAN_POINT ( 'NONE',  ( 72.00000000000000000, -6.500000000000000000, 58.49999999999990052 ) ) ;
#6744 = DIRECTION ( 'NONE',  ( -0.000000000000000000, 1.000000000000000000, -0.000000000000000000 ) ) ;
#6745 = ORIENTED_EDGE ( 'NONE', *, *, #3640, .F. ) ;
#6746 = CARTESIAN_POINT ( 'NONE',  ( -26.99999999999999645, -1.219312084155296683, 72.00000000000000000 ) ) ;
#6747 = VERTEX_POINT ( 'NONE', #8303 ) ;
#6748 = VERTEX_POINT ( 'NONE', #9873 ) ;
#6749 = VECTOR ( 'NONE', #9050, 1000.000000000000000 ) ;
#6750 = ORIENTED_EDGE ( 'NONE', *, *, #4801, .T. ) ;
#6751 = AXIS2_PLACEMENT_3D ( 'NONE', #3843, #9750, #6535 ) ;
#6752 = ORIENTED_EDGE ( 'NONE', *, *, #2523, .T. ) ;
#6753 = FACE_OUTER_BOUND ( 'NONE', #1027, .T. ) ;
#6754 = CARTESIAN_POINT ( 'NONE',  ( 7.099999999999999645, 4.780687915844703539, 54.00000000000001421 ) ) ;
#6755 = CARTESIAN_POINT ( 'NONE',  ( 20.49999999999999645, 4.780687915844703539, 39.99999999999999289 ) ) ;
#6756 = FACE_OUTER_BOUND ( 'NONE', #5432, .T. ) ;
#6757 = FACE_OUTER_BOUND ( 'NONE', #7669, .T. ) ;
#6758 = SECURITY_CLASSIFICATION ( '', '', #1723 ) ;
#6759 = AXIS2_PLACEMENT_3D ( 'NONE', #1401, #6715, #9739 ) ;
#6760 = AXIS2_PLACEMENT_3D ( 'NONE', #2164, #7685, #1361 ) ;
#6761 = DIRECTION ( 'NONE',  ( -0.000000000000000000, -0.000000000000000000, -1.000000000000000000 ) ) ;
#6762 = ORIENTED_EDGE ( 'NONE', *, *, #8769, .T. ) ;
#6763 = DIRECTION ( 'NONE',  ( 1.000000000000000000, -0.000000000000000000, -0.000000000000000000 ) ) ;
#6764 = ORIENTED_EDGE ( 'NONE', *, *, #7598, .T. ) ;
#6765 = VECTOR ( 'NONE', #6468, 1000.000000000000114 ) ;
#6766 = CARTESIAN_POINT ( 'NONE',  ( 19.79999999999996874, -6.519312084155297171, -59.05398995351029612 ) ) ;
#6767 = EDGE_CURVE ( 'NONE', #2994, #9237, #2282, .T. ) ;
#6768 = CIRCLE ( 'NONE', #2287, 3.000000000000002665 ) ;
#6769 = DIRECTION ( 'NONE',  ( -0.000000000000000000, 1.000000000000000000, -0.000000000000000000 ) ) ;
#6770 = EDGE_CURVE ( 'NONE', #7560, #6427, #2975, .T. ) ;
#6771 = ORIENTED_EDGE ( 'NONE', *, *, #4892, .T. ) ;
#6772 = CARTESIAN_POINT ( 'NONE',  ( 0.000000000000000000, 10.80000000000000071, 0.000000000000000000 ) ) ;
#6773 = CARTESIAN_POINT ( 'NONE',  ( -7.500000000000001776, -0.2193120841552965994, 0.000000000000000000 ) ) ;
#6774 = CARTESIAN_POINT ( 'NONE',  ( 72.00000000000002842, -6.500000000000000000, -58.49999999999990052 ) ) ;
#6775 = DIRECTION ( 'NONE',  ( 0.000000000000000000, 0.000000000000000000, -1.000000000000000000 ) ) ;
#6776 = CARTESIAN_POINT ( 'NONE',  ( 9.499999999999927169, 4.780687915844703539, 40.99999999999999289 ) ) ;
#6777 = VECTOR ( 'NONE', #398, 1000.000000000000000 ) ;
#6778 = ORIENTED_EDGE ( 'NONE', *, *, #4086, .T. ) ;
#6779 = CARTESIAN_POINT ( 'NONE',  ( 58.50000000000002132, 4.780687915844703539, -58.50000000000000000 ) ) ;
#6780 = AXIS2_PLACEMENT_3D ( 'NONE', #9612, #8154, #2071 ) ;
#6781 = ORIENTED_EDGE ( 'NONE', *, *, #5415, .F. ) ;
#6782 = AXIS2_PLACEMENT_3D ( 'NONE', #5990, #675, #2027 ) ;
#6783 = ADVANCED_FACE ( 'NONE', ( #1574 ), #4636, .F. ) ;
#6784 = DIRECTION ( 'NONE',  ( 0.000000000000000000, 0.000000000000000000, -1.000000000000000000 ) ) ;
#6785 = ADVANCED_FACE ( 'NONE', ( #1022 ), #1069, .F. ) ;
#6786 = CARTESIAN_POINT ( 'NONE',  ( 12.60000000000000675, 10.80000000000000071, 25.19999999999997087 ) ) ;
#6787 = VECTOR ( 'NONE', #8940, 1000.000000000000000 ) ;
#6788 = DIRECTION ( 'NONE',  ( -0.000000000000000000, 1.000000000000000000, -0.000000000000000000 ) ) ;
#6789 = AXIS2_PLACEMENT_3D ( 'NONE', #7400, #7455, #8863 ) ;
#6790 = CARTESIAN_POINT ( 'NONE',  ( 30.49999999999999645, 3.780687915844703539, 51.00000000000006395 ) ) ;
#6791 = DIRECTION ( 'NONE',  ( 0.000000000000000000, -0.000000000000000000, -1.000000000000000000 ) ) ;
#6792 = ORIENTED_EDGE ( 'NONE', *, *, #8398, .F. ) ;
#6793 = AXIS2_PLACEMENT_3D ( 'NONE', #8781, #1903, #9484 ) ;
#6794 = EDGE_LOOP ( 'NONE', ( #1205, #3482, #8057, #4825 ) ) ;
#6795 = EDGE_CURVE ( 'NONE', #2362, #901, #4053, .T. ) ;
#6796 = DIRECTION ( 'NONE',  ( 0.000000000000000000, 0.000000000000000000, 1.000000000000000000 ) ) ;
#6797 = EDGE_CURVE ( 'NONE', #1536, #6651, #4028, .T. ) ;
#6798 = LINE ( 'NONE', #5278, #3726 ) ;
#6799 = ORIENTED_EDGE ( 'NONE', *, *, #1991, .F. ) ;
#6800 = VECTOR ( 'NONE', #927, 1000.000000000000000 ) ;
#6801 = EDGE_CURVE ( 'NONE', #594, #6605, #7098, .T. ) ;
#6802 = AXIS2_PLACEMENT_3D ( 'NONE', #7769, #91, #7811 ) ;
#6803 = DIRECTION ( 'NONE',  ( -1.000000000000000000, 1.606225440719248864E-16, 0.000000000000000000 ) ) ;
#6804 = DIRECTION ( 'NONE',  ( 0.000000000000000000, 0.000000000000000000, 1.000000000000000000 ) ) ;
#6805 = DIRECTION ( 'NONE',  ( -0.000000000000000000, 0.000000000000000000, -1.000000000000000000 ) ) ;
#6806 = EDGE_CURVE ( 'NONE', #5743, #9562, #4085, .T. ) ;
#6807 = ORIENTED_EDGE ( 'NONE', *, *, #6972, .F. ) ;
#6808 = LINE ( 'NONE', #7458, #1953 ) ;
#6809 = EDGE_LOOP ( 'NONE', ( #2394, #4755, #5460, #9380 ) ) ;
#6810 = ORIENTED_EDGE ( 'NONE', *, *, #3664, .T. ) ;
#6811 = ORIENTED_EDGE ( 'NONE', *, *, #6718, .F. ) ;
#6812 = ORIENTED_EDGE ( 'NONE', *, *, #2907, .F. ) ;
#6813 = DIRECTION ( 'NONE',  ( 1.000000000000000000, 0.000000000000000000, 0.000000000000000000 ) ) ;
#6814 = FACE_BOUND ( 'NONE', #27, .T. ) ;
#6815 = DIRECTION ( 'NONE',  ( 0.000000000000000000, 0.000000000000000000, -1.000000000000000000 ) ) ;
#6816 = LINE ( 'NONE', #4558, #3727 ) ;
#6817 = FACE_OUTER_BOUND ( 'NONE', #9312, .T. ) ;
#6818 = LINE ( 'NONE', #3609, #2294 ) ;
#6819 = ORIENTED_EDGE ( 'NONE', *, *, #8054, .F. ) ;
#6820 = DIRECTION ( 'NONE',  ( -0.000000000000000000, 1.000000000000000000, -0.000000000000000000 ) ) ;
#6821 = VERTEX_POINT ( 'NONE', #5688 ) ;
#6822 = ORIENTED_EDGE ( 'NONE', *, *, #9718, .F. ) ;
#6823 = DIRECTION ( 'NONE',  ( -1.000000000000000000, 0.000000000000000000, 0.000000000000000000 ) ) ;
#6824 = CARTESIAN_POINT ( 'NONE',  ( 12.50000000000000000, 0.7500000000000096589, 72.00000000000000000 ) ) ;
#6825 = ORIENTED_EDGE ( 'NONE', *, *, #7659, .F. ) ;
#6826 = LINE ( 'NONE', #7775, #8831 ) ;
#6827 = CARTESIAN_POINT ( 'NONE',  ( 55.00000000000000711, -5.219312084155296461, -31.99999999999999289 ) ) ;
#6828 = DIRECTION ( 'NONE',  ( 1.000000000000000000, 0.000000000000000000, 0.000000000000000000 ) ) ;
#6829 = DIRECTION ( 'NONE',  ( -1.000000000000000000, 0.000000000000000000, 0.000000000000000000 ) ) ;
#6830 = ADVANCED_FACE ( 'NONE', ( #1721 ), #2569, .F. ) ;
#6831 = PLANE ( 'NONE',  #198 ) ;
#6832 = ORIENTED_EDGE ( 'NONE', *, *, #3269, .T. ) ;
#6833 = FACE_OUTER_BOUND ( 'NONE', #5636, .T. ) ;
#6834 = ORIENTED_EDGE ( 'NONE', *, *, #5260, .F. ) ;
#6835 = FACE_BOUND ( 'NONE', #9844, .T. ) ;
#6836 = CARTESIAN_POINT ( 'NONE',  ( 2.308517379148995757E-15, 4.780687915844703539, 11.49999999999999289 ) ) ;
#6837 = CARTESIAN_POINT ( 'NONE',  ( 10.25000000000000178, -1.601329222479280134E-13, -87.50000000000224532 ) ) ;
#6838 = LINE ( 'NONE', #6027, #22 ) ;
#6839 = DIRECTION ( 'NONE',  ( -1.000000000000000000, 0.000000000000000000, -0.000000000000000000 ) ) ;
#6840 = ORIENTED_EDGE ( 'NONE', *, *, #9694, .T. ) ;
#6841 = ADVANCED_FACE ( 'NONE', ( #7144 ), #9362, .T. ) ;
#6842 = EDGE_CURVE ( 'NONE', #696, #1902, #1875, .T. ) ;
#6843 = ORIENTED_EDGE ( 'NONE', *, *, #156, .F. ) ;
#6844 = DIRECTION ( 'NONE',  ( 0.000000000000000000, 0.000000000000000000, -1.000000000000000000 ) ) ;
#6845 = DIRECTION ( 'NONE',  ( -0.000000000000000000, 1.000000000000000000, -0.000000000000000000 ) ) ;
#6846 = VERTEX_POINT ( 'NONE', #6290 ) ;
#6847 = DIRECTION ( 'NONE',  ( -0.000000000000000000, 1.000000000000000000, -0.000000000000000000 ) ) ;
#6848 = DIRECTION ( 'NONE',  ( 1.000000000000000000, 0.000000000000000000, -0.000000000000000000 ) ) ;
#6849 = EDGE_CURVE ( 'NONE', #573, #7874, #4834, .T. ) ;
#6850 = AXIS2_PLACEMENT_3D ( 'NONE', #4930, #2671, #2713 ) ;
#6851 = CARTESIAN_POINT ( 'NONE',  ( 2.308517379148995757E-15, -1.719312084155296239, 11.49999999999999289 ) ) ;
#6852 = ADVANCED_FACE ( 'NONE', ( #6237 ), #264, .F. ) ;
#6853 = EDGE_LOOP ( 'NONE', ( #8062, #4031, #5002, #7304 ) ) ;
#6854 = FACE_OUTER_BOUND ( 'NONE', #3980, .T. ) ;
#6855 = ORIENTED_EDGE ( 'NONE', *, *, #7771, .F. ) ;
#6856 = VERTEX_POINT ( 'NONE', #1831 ) ;
#6857 = ORIENTED_EDGE ( 'NONE', *, *, #2957, .F. ) ;
#6858 = ORIENTED_EDGE ( 'NONE', *, *, #5749, .F. ) ;
#6859 = CARTESIAN_POINT ( 'NONE',  ( 8.500000000000000000, -0.2193120841552965994, 30.63708988850493853 ) ) ;
#6860 = EDGE_CURVE ( 'NONE', #7992, #5796, #5534, .T. ) ;
#6861 = CARTESIAN_POINT ( 'NONE',  ( -12.00000000000000000, -3.719312084155296905, 46.00000000000000000 ) ) ;
#6862 = LINE ( 'NONE', #9831, #3433 ) ;
#6863 = CARTESIAN_POINT ( 'NONE',  ( 10.10000000000000497, 9.799999999999998934, 70.99999999999998579 ) ) ;
#6864 = DIRECTION ( 'NONE',  ( 0.000000000000000000, -0.000000000000000000, 1.000000000000000000 ) ) ;
#6865 = DIRECTION ( 'NONE',  ( -2.372271420139227768E-16, -0.000000000000000000, 1.000000000000000000 ) ) ;
#6866 = ADVANCED_FACE ( 'NONE', ( #8553 ), #4888, .T. ) ;
#6867 = ORIENTED_EDGE ( 'NONE', *, *, #5740, .F. ) ;
#6868 = DIRECTION ( 'NONE',  ( 1.000000000000000000, -0.000000000000000000, -0.000000000000000000 ) ) ;
#6869 = VERTEX_POINT ( 'NONE', #918 ) ;
#6870 = DIRECTION ( 'NONE',  ( -0.01744355970870637221, -0.9998478495374628627, -0.000000000000000000 ) ) ;
#6871 = CARTESIAN_POINT ( 'NONE',  ( -80.00000000000001421, 8.000000000000000000, -59.99999999999987210 ) ) ;
#6872 = VERTEX_POINT ( 'NONE', #3979 ) ;
#6873 = CARTESIAN_POINT ( 'NONE',  ( 0.000000000000000000, 10.80000000000000071, 70.99999999999998579 ) ) ;
#6874 = LINE ( 'NONE', #2310, #3877 ) ;
#6875 = CARTESIAN_POINT ( 'NONE',  ( -11.59999999999999609, 8.000000000000000000, 25.19999999999997442 ) ) ;
#6876 = CARTESIAN_POINT ( 'NONE',  ( 12.49999999999999645, -2.349999999999986766, 72.00000000000000000 ) ) ;
#6877 = DIRECTION ( 'NONE',  ( -0.000000000000000000, 1.000000000000000000, -0.000000000000000000 ) ) ;
#6878 = VERTEX_POINT ( 'NONE', #163 ) ;
#6879 = CARTESIAN_POINT ( 'NONE',  ( -19.79999999999996874, -6.519312084155297171, -57.09601004648968114 ) ) ;
#6880 = ORIENTED_EDGE ( 'NONE', *, *, #5953, .F. ) ;
#6881 = CARTESIAN_POINT ( 'NONE',  ( 59.99999999999989342, -6.500000000000000000, -74.99999999999997158 ) ) ;
#6882 = LINE ( 'NONE', #6939, #4333 ) ;
#6883 = DIRECTION ( 'NONE',  ( 0.000000000000000000, 0.000000000000000000, 1.000000000000000000 ) ) ;
#6884 = LINE ( 'NONE', #6132, #1629 ) ;
#6885 = CARTESIAN_POINT ( 'NONE',  ( 23.00000000000000000, -1.219312084155296683, 61.00000000000000000 ) ) ;
#6886 = ORIENTED_EDGE ( 'NONE', *, *, #8817, .F. ) ;
#6887 = EDGE_LOOP ( 'NONE', ( #1880, #3102 ) ) ;
#6888 = DIRECTION ( 'NONE',  ( 0.000000000000000000, 0.000000000000000000, -1.000000000000000000 ) ) ;
#6889 = AXIS2_PLACEMENT_3D ( 'NONE', #9578, #4857, #5799 ) ;
#6890 = DIRECTION ( 'NONE',  ( 0.000000000000000000, 0.000000000000000000, 1.000000000000000000 ) ) ;
#6891 = EDGE_LOOP ( 'NONE', ( #7056, #5403, #843, #1412 ) ) ;
#6892 = EDGE_CURVE ( 'NONE', #2427, #8914, #3224, .T. ) ;
#6893 = ADVANCED_FACE ( 'NONE', ( #7095 ), #4782, .F. ) ;
#6894 = LINE ( 'NONE', #9222, #6526 ) ;
#6895 = LINE ( 'NONE', #4543, #5655 ) ;
#6896 = AXIS2_PLACEMENT_3D ( 'NONE', #7526, #4280, #3712 ) ;
#6897 = CIRCLE ( 'NONE', #9150, 0.6999999999999992895 ) ;
#6898 = DIRECTION ( 'NONE',  ( 0.000000000000000000, 0.000000000000000000, 1.000000000000000000 ) ) ;
#6899 = VERTEX_POINT ( 'NONE', #6342 ) ;
#6900 = CARTESIAN_POINT ( 'NONE',  ( -9.500000000000001776, 1.999999999999999112, -72.00000000000000000 ) ) ;
#6901 = VERTEX_POINT ( 'NONE', #4281 ) ;
#6902 = ORIENTED_EDGE ( 'NONE', *, *, #9595, .T. ) ;
#6903 = ORIENTED_EDGE ( 'NONE', *, *, #5256, .T. ) ;
#6904 = ORIENTED_EDGE ( 'NONE', *, *, #3738, .T. ) ;
#6905 = VECTOR ( 'NONE', #5916, 1000.000000000000000 ) ;
#6906 = AXIS2_PLACEMENT_3D ( 'NONE', #6130, #7684, #807 ) ;
#6907 = LINE ( 'NONE', #8600, #6107 ) ;
#6908 = EDGE_CURVE ( 'NONE', #3341, #8533, #1219, .T. ) ;
#6909 = LINE ( 'NONE', #5247, #1459 ) ;
#6910 = CARTESIAN_POINT ( 'NONE',  ( -58.50000000000000000, -6.500000000000000000, 58.50000000000000000 ) ) ;
#6911 = LINE ( 'NONE', #6100, #8543 ) ;
#6912 = DIRECTION ( 'NONE',  ( -0.000000000000000000, 0.4472135954999583163, 0.8944271909999157444 ) ) ;
#6913 = ORIENTED_EDGE ( 'NONE', *, *, #9389, .F. ) ;
#6914 = CARTESIAN_POINT ( 'NONE',  ( 9.500000000000015987, 4.780687915844703539, 17.99999999999999289 ) ) ;
#6915 = VECTOR ( 'NONE', #7863, 1000.000000000000000 ) ;
#6916 = VECTOR ( 'NONE', #4127, 1000.000000000000000 ) ;
#6917 = EDGE_CURVE ( 'NONE', #2482, #2169, #5976, .T. ) ;
#6918 = ORIENTED_EDGE ( 'NONE', *, *, #1973, .T. ) ;
#6919 = ADVANCED_FACE ( 'NONE', ( #7343, #6684 ), #4978, .T. ) ;
#6920 = LINE ( 'NONE', #1849, #9950 ) ;
#6921 = ADVANCED_FACE ( 'NONE', ( #1972 ), #2767, .F. ) ;
#6922 = VERTEX_POINT ( 'NONE', #5879 ) ;
#6923 = DIRECTION ( 'NONE',  ( 0.000000000000000000, 0.000000000000000000, 1.000000000000000000 ) ) ;
#6924 = VECTOR ( 'NONE', #3745, 1000.000000000000000 ) ;
#6925 = CARTESIAN_POINT ( 'NONE',  ( 19.79999999999996874, -6.519312084155297171, -59.05398995351029612 ) ) ;
#6926 = VECTOR ( 'NONE', #2325, 1000.000000000000000 ) ;
#6927 = CARTESIAN_POINT ( 'NONE',  ( 10.10000000000000142, 8.000000000000000000, 24.99999999999997868 ) ) ;
#6928 = AXIS2_PLACEMENT_3D ( 'NONE', #9038, #3813, #3657 ) ;
#6929 = PLANE ( 'NONE',  #6896 ) ;
#6930 = CARTESIAN_POINT ( 'NONE',  ( -31.50000000000000000, 3.780687915844703539, 71.99999999999998579 ) ) ;
#6931 = ORIENTED_EDGE ( 'NONE', *, *, #6238, .F. ) ;
#6932 = LINE ( 'NONE', #4726, #707 ) ;
#6933 = EDGE_CURVE ( 'NONE', #2814, #5106, #2928, .T. ) ;
#6934 = ORIENTED_EDGE ( 'NONE', *, *, #2106, .T. ) ;
#6935 = VECTOR ( 'NONE', #3958, 1000.000000000000000 ) ;
#6936 = VECTOR ( 'NONE', #6433, 1000.000000000000000 ) ;
#6937 = ORIENTED_EDGE ( 'NONE', *, *, #6731, .T. ) ;
#6938 = PLANE ( 'NONE',  #7867 ) ;
#6939 = CARTESIAN_POINT ( 'NONE',  ( -11.09999999999998899, 9.799999999999998934, 71.99999999999998579 ) ) ;
#6940 = CARTESIAN_POINT ( 'NONE',  ( -39.99999999999999289, -5.219312084155296461, -49.00000000000000000 ) ) ;
#6941 = FACE_OUTER_BOUND ( 'NONE', #5861, .T. ) ;
#6942 = AXIS2_PLACEMENT_3D ( 'NONE', #1416, #7546, #3736 ) ;
#6943 = VECTOR ( 'NONE', #4434, 1000.000000000000000 ) ;
#6944 = FACE_BOUND ( 'NONE', #6222, .T. ) ;
#6945 = ORIENTED_EDGE ( 'NONE', *, *, #5000, .F. ) ;
#6946 = ORIENTED_EDGE ( 'NONE', *, *, #3331, .F. ) ;
#6947 = VECTOR ( 'NONE', #6865, 1000.000000000000000 ) ;
#6948 = AXIS2_PLACEMENT_3D ( 'NONE', #7840, #219, #3282 ) ;
#6949 = CARTESIAN_POINT ( 'NONE',  ( 57.00000000000000711, -5.219312084155296461, 2.999999999999996447 ) ) ;
#6950 = CARTESIAN_POINT ( 'NONE',  ( -23.00000000000000000, 4.780687915844703539, 61.00000000000000000 ) ) ;
#6951 = CARTESIAN_POINT ( 'NONE',  ( 6.000000000000000000, 3.780687915844703539, 40.99999999999999289 ) ) ;
#6952 = DIRECTION ( 'NONE',  ( -0.000000000000000000, 1.000000000000000000, -0.000000000000000000 ) ) ;
#6953 = VECTOR ( 'NONE', #1576, 1000.000000000000000 ) ;
#6954 = VECTOR ( 'NONE', #4532, 1000.000000000000000 ) ;
#6955 = FACE_OUTER_BOUND ( 'NONE', #8767, .T. ) ;
#6956 = VERTEX_POINT ( 'NONE', #7386 ) ;
#6957 = CARTESIAN_POINT ( 'NONE',  ( 9.500000000000015987, -5.219312084155296461, 17.99999999999999289 ) ) ;
#6958 = ORIENTED_EDGE ( 'NONE', *, *, #3893, .F. ) ;
#6959 = VERTEX_POINT ( 'NONE', #5035 ) ;
#6960 = VECTOR ( 'NONE', #8714, 1000.000000000000000 ) ;
#6961 = CARTESIAN_POINT ( 'NONE',  ( -17.49999999999999645, 1.780687915844703539, 56.99999999999999289 ) ) ;
#6962 = VECTOR ( 'NONE', #902, 1000.000000000000000 ) ;
#6963 = VERTEX_POINT ( 'NONE', #6492 ) ;
#6964 = DIRECTION ( 'NONE',  ( -0.000000000000000000, 1.000000000000000000, -0.000000000000000000 ) ) ;
#6965 = DIRECTION ( 'NONE',  ( -1.000000000000000000, 0.000000000000000000, 0.000000000000000000 ) ) ;
#6966 = CARTESIAN_POINT ( 'NONE',  ( 9.500000000000031974, -5.219312084155296461, -49.00000000000000000 ) ) ;
#6967 = DIRECTION ( 'NONE',  ( 0.000000000000000000, 0.000000000000000000, -1.000000000000000000 ) ) ;
#6968 = VECTOR ( 'NONE', #1934, 1000.000000000000000 ) ;
#6969 = ORIENTED_EDGE ( 'NONE', *, *, #7087, .T. ) ;
#6970 = DIRECTION ( 'NONE',  ( 0.000000000000000000, 1.000000000000000000, 0.000000000000000000 ) ) ;
#6971 = EDGE_CURVE ( 'NONE', #4393, #5153, #2021, .T. ) ;
#6972 = EDGE_CURVE ( 'NONE', #8523, #1551, #8052, .T. ) ;
#6973 = ORIENTED_EDGE ( 'NONE', *, *, #1519, .F. ) ;
#6974 = ORIENTED_EDGE ( 'NONE', *, *, #8212, .T. ) ;
#6975 = CARTESIAN_POINT ( 'NONE',  ( -2.416603668789081283, 4.724577786174732452, -40.31958406089245983 ) ) ;
#6976 = LINE ( 'NONE', #96, #5771 ) ;
#6977 = DIRECTION ( 'NONE',  ( 0.000000000000000000, 0.000000000000000000, -1.000000000000000000 ) ) ;
#6978 = LINE ( 'NONE', #3916, #673 ) ;
#6979 = DIRECTION ( 'NONE',  ( -0.000000000000000000, 0.000000000000000000, 1.000000000000000000 ) ) ;
#6980 = DIRECTION ( 'NONE',  ( -0.000000000000000000, 1.000000000000000000, -0.000000000000000000 ) ) ;
#6981 = EDGE_CURVE ( 'NONE', #1364, #147, #2616, .T. ) ;
#6982 = ORIENTED_EDGE ( 'NONE', *, *, #5731, .T. ) ;
#6983 = LINE ( 'NONE', #5413, #2778 ) ;
#6984 = EDGE_CURVE ( 'NONE', #3311, #9593, #5833, .T. ) ;
#6985 = ORIENTED_EDGE ( 'NONE', *, *, #2065, .T. ) ;
#6986 = ORIENTED_EDGE ( 'NONE', *, *, #6234, .T. ) ;
#6987 = DIRECTION ( 'NONE',  ( -0.000000000000000000, 0.000000000000000000, 1.000000000000000000 ) ) ;
#6988 = CARTESIAN_POINT ( 'NONE',  ( 9.500000000000015987, -5.219312084155296461, 17.99999999999999289 ) ) ;
#6989 = CARTESIAN_POINT ( 'NONE',  ( 0.000000000000000000, -0.2193120841552965994, 0.000000000000000000 ) ) ;
#6990 = CARTESIAN_POINT ( 'NONE',  ( -59.99999999999987210, 0.000000000000000000, -80.00000000000001421 ) ) ;
#6991 = ADVANCED_FACE ( 'NONE', ( #6641 ), #2063, .T. ) ;
#6992 = LINE ( 'NONE', #9299, #8396 ) ;
#6993 = ORIENTED_EDGE ( 'NONE', *, *, #5025, .T. ) ;
#6994 = EDGE_CURVE ( 'NONE', #2158, #8869, #6537, .T. ) ;
#6995 = ORIENTED_EDGE ( 'NONE', *, *, #7836, .T. ) ;
#6996 = CARTESIAN_POINT ( 'NONE',  ( 11.10000000000000142, 10.80000000000000071, 25.99999999999997513 ) ) ;
#6997 = FACE_OUTER_BOUND ( 'NONE', #3000, .T. ) ;
#6998 = CARTESIAN_POINT ( 'NONE',  ( 13.39999999999999680, 9.600000000000001421, 54.84999999999998010 ) ) ;
#6999 = CARTESIAN_POINT ( 'NONE',  ( 10.00000000000002132, 1.999999999999999112, -87.50000000000000000 ) ) ;
#7000 = ORIENTED_EDGE ( 'NONE', *, *, #4137, .F. ) ;
#7001 = CARTESIAN_POINT ( 'NONE',  ( 4.200000000000000178, 7.000000000000000000, 51.90000000000001279 ) ) ;
#7002 = ORIENTED_EDGE ( 'NONE', *, *, #406, .F. ) ;
#7003 = ORIENTED_EDGE ( 'NONE', *, *, #8247, .T. ) ;
#7004 = CARTESIAN_POINT ( 'NONE',  ( 9.499999999999928946, 3.780687915844703539, 39.99999999999999289 ) ) ;
#7005 = VERTEX_POINT ( 'NONE', #2114 ) ;
#7006 = EDGE_CURVE ( 'NONE', #1813, #4353, #8146, .T. ) ;
#7007 = LINE ( 'NONE', #5643, #2888 ) ;
#7008 = CARTESIAN_POINT ( 'NONE',  ( -20.49999999999999289, 4.780687915844703539, 40.99999999999999289 ) ) ;
#7009 = LINE ( 'NONE', #6966, #7418 ) ;
#7010 = LINE ( 'NONE', #2242, #2128 ) ;
#7011 = ORIENTED_EDGE ( 'NONE', *, *, #2862, .F. ) ;
#7012 = DIRECTION ( 'NONE',  ( 0.000000000000000000, 0.000000000000000000, 1.000000000000000000 ) ) ;
#7013 = ORIENTED_EDGE ( 'NONE', *, *, #9012, .T. ) ;
#7014 = ORIENTED_EDGE ( 'NONE', *, *, #8335, .F. ) ;
#7015 = DIRECTION ( 'NONE',  ( -0.000000000000000000, -0.000000000000000000, 1.000000000000000000 ) ) ;
#7016 = DIRECTION ( 'NONE',  ( -1.000000000000000000, -0.000000000000000000, -0.000000000000000000 ) ) ;
#7017 = PLANE ( 'NONE',  #7105 ) ;
#7018 = EDGE_CURVE ( 'NONE', #3473, #967, #4179, .T. ) ;
#7019 = DIRECTION ( 'NONE',  ( -5.634144622830656211E-16, -0.000000000000000000, 1.000000000000000000 ) ) ;
#7020 = ADVANCED_FACE ( 'NONE', ( #8107 ), #4238, .T. ) ;
#7021 = FACE_OUTER_BOUND ( 'NONE', #4744, .T. ) ;
#7022 = DIRECTION ( 'NONE',  ( 0.000000000000000000, 0.000000000000000000, 1.000000000000000000 ) ) ;
#7023 = EDGE_LOOP ( 'NONE', ( #7367, #3686, #1438, #1275 ) ) ;
#7024 = PLANE ( 'NONE',  #9687 ) ;
#7025 = VERTEX_POINT ( 'NONE', #2672 ) ;
#7026 = EDGE_LOOP ( 'NONE', ( #7117, #5605, #6011, #2149 ) ) ;
#7027 = PLANE ( 'NONE',  #495 ) ;
#7028 = LINE ( 'NONE', #8540, #6085 ) ;
#7029 = EDGE_CURVE ( 'NONE', #5218, #8250, #207, .T. ) ;
#7030 = CARTESIAN_POINT ( 'NONE',  ( 13.00000000000000178, -3.719312084155296905, 50.60000000000000142 ) ) ;
#7031 = CARTESIAN_POINT ( 'NONE',  ( -17.00000000000000000, 4.780687915844703539, 55.00000000000000000 ) ) ;
#7032 = ADVANCED_FACE ( 'NONE', ( #8798 ), #5729, .F. ) ;
#7033 = VERTEX_POINT ( 'NONE', #4426 ) ;
#7034 = EDGE_CURVE ( 'NONE', #3014, #465, #6135, .T. ) ;
#7035 = ORIENTED_EDGE ( 'NONE', *, *, #4497, .F. ) ;
#7036 = LINE ( 'NONE', #1017, #8663 ) ;
#7037 = DIRECTION ( 'NONE',  ( -0.000000000000000000, 1.000000000000000000, -0.000000000000000000 ) ) ;
#7038 = ADVANCED_FACE ( 'NONE', ( #7599, #5274, #2370, #9152, #3874, #7492 ), #1, .T. ) ;
#7039 = EDGE_CURVE ( 'NONE', #6390, #8169, #4472, .T. ) ;
#7040 = CARTESIAN_POINT ( 'NONE',  ( -11.59999999999999609, 10.80000000000000071, 24.19999999999997442 ) ) ;
#7041 = CARTESIAN_POINT ( 'NONE',  ( -39.99999999999998579, -5.219312084155296461, -32.00000000000000000 ) ) ;
#7042 = ADVANCED_FACE ( 'NONE', ( #1465, #6944 ), #2167, .T. ) ;
#7043 = ORIENTED_EDGE ( 'NONE', *, *, #221, .T. ) ;
#7044 = LINE ( 'NONE', #6149, #9487 ) ;
#7045 = ORIENTED_EDGE ( 'NONE', *, *, #593, .F. ) ;
#7046 = VERTEX_POINT ( 'NONE', #67 ) ;
#7047 = CARTESIAN_POINT ( 'NONE',  ( 2.308517379148995757E-15, -1.719312084155296239, -38.50000000000000711 ) ) ;
#7048 = LINE ( 'NONE', #1443, #3742 ) ;
#7049 = EDGE_LOOP ( 'NONE', ( #1703, #9574, #2935, #4148 ) ) ;
#7050 = CARTESIAN_POINT ( 'NONE',  ( 2.308517379148995757E-15, -1.719312084155296239, -38.50000000000000711 ) ) ;
#7051 = DIRECTION ( 'NONE',  ( 0.000000000000000000, 0.000000000000000000, -1.000000000000000000 ) ) ;
#7052 = VECTOR ( 'NONE', #9406, 1000.000000000000000 ) ;
#7053 = CARTESIAN_POINT ( 'NONE',  ( -2.611894093711529141, 4.673742236402466332, 12.98822394314729678 ) ) ;
#7054 = VECTOR ( 'NONE', #7628, 1000.000000000000000 ) ;
#7055 = LINE ( 'NONE', #839, #8227 ) ;
#7056 = ORIENTED_EDGE ( 'NONE', *, *, #2298, .F. ) ;
#7057 = CARTESIAN_POINT ( 'NONE',  ( 9.499999999999925393, -0.2193120841552965994, 45.00000000000000711 ) ) ;
#7058 = ORIENTED_EDGE ( 'NONE', *, *, #1758, .F. ) ;
#7059 = VECTOR ( 'NONE', #9737, 1000.000000000000000 ) ;
#7060 = VERTEX_POINT ( 'NONE', #3124 ) ;
#7061 = CARTESIAN_POINT ( 'NONE',  ( -2.999904558552103584, 4.566640184908965949, -38.30465595389149058 ) ) ;
#7062 = B_SPLINE_CURVE_WITH_KNOTS ( 'NONE', 3,
 ( #5453, #3857, #6169, #138, #3194, #9334, #2395, #8524, #7061, #2451, #4757, #5554, #186, #3150, #6975, #4054 ),
 .UNSPECIFIED., .F., .F.,
 ( 4, 2, 2, 2, 2, 2, 2, 4 ),
 ( 0.000000000000000000, 0.0005804601179925474638, 0.001160920235985094928, 0.001741380353977642391, 0.002321840471970189855, 0.002902300589962737536, 0.003482760707955284783, 0.004643680943940379710 ),
 .UNSPECIFIED. ) ;
#7063 = CARTESIAN_POINT ( 'NONE',  ( -20.49999999999992184, 3.780687915844703539, 40.99999999999999289 ) ) ;
#7064 = DIRECTION ( 'NONE',  ( -0.000000000000000000, -0.000000000000000000, -1.000000000000000000 ) ) ;
#7065 = PLANE ( 'NONE',  #2280 ) ;
#7066 = CARTESIAN_POINT ( 'NONE',  ( 7.099999999999999645, 7.000000000000000000, 51.90000000000000568 ) ) ;
#7067 = AXIS2_PLACEMENT_3D ( 'NONE', #3776, #8337, #5972 ) ;
#7068 = AXIS2_PLACEMENT_3D ( 'NONE', #6048, #9123, #9233 ) ;
#7069 = DIRECTION ( 'NONE',  ( -0.9986295347545739443, 0.05233595624294377913, 0.000000000000000000 ) ) ;
#7070 = VERTEX_POINT ( 'NONE', #8295 ) ;
#7071 = LINE ( 'NONE', #4622, #6962 ) ;
#7072 = ORIENTED_EDGE ( 'NONE', *, *, #766, .T. ) ;
#7073 = ADVANCED_FACE ( 'NONE', ( #663 ), #2327, .T. ) ;
#7074 = ORIENTED_EDGE ( 'NONE', *, *, #3707, .F. ) ;
#7075 = AXIS2_PLACEMENT_3D ( 'NONE', #4528, #8008, #3724 ) ;
#7076 = DIRECTION ( 'NONE',  ( 0.000000000000000000, -1.000000000000000000, 0.000000000000000000 ) ) ;
#7077 = VECTOR ( 'NONE', #9208, 1000.000000000000000 ) ;
#7078 = ORIENTED_EDGE ( 'NONE', *, *, #6359, .F. ) ;
#7079 = CARTESIAN_POINT ( 'NONE',  ( 23.00000000000000000, -1.219312084155296683, 61.00000000000000000 ) ) ;
#7080 = FACE_OUTER_BOUND ( 'NONE', #9722, .T. ) ;
#7081 = CARTESIAN_POINT ( 'NONE',  ( 25.99999999999999645, 4.780687915844703539, 64.00000000000000000 ) ) ;
#7082 = AXIS2_PLACEMENT_3D ( 'NONE', #5238, #5137, #8306 ) ;
#7083 = ORIENTED_EDGE ( 'NONE', *, *, #1637, .T. ) ;
#7084 = CIRCLE ( 'NONE', #5794, 2.000000000002175593 ) ;
#7085 = VECTOR ( 'NONE', #3270, 1000.000000000000000 ) ;
#7086 = EDGE_CURVE ( 'NONE', #9014, #5783, #764, .T. ) ;
#7087 = EDGE_CURVE ( 'NONE', #7070, #3437, #5343, .T. ) ;
#7088 = EDGE_LOOP ( 'NONE', ( #2985, #7164, #3056, #4050 ) ) ;
#7089 = CARTESIAN_POINT ( 'NONE',  ( -9.000000000000001776, 3.780687915844703539, 72.00000000000000000 ) ) ;
#7090 = DIRECTION ( 'NONE',  ( 1.000000000000000000, -2.315848374724873665E-16, 0.000000000000000000 ) ) ;
#7091 = AXIS2_PLACEMENT_3D ( 'NONE', #3770, #600, #8286 ) ;
#7092 = DIRECTION ( 'NONE',  ( 0.000000000000000000, 0.000000000000000000, 1.000000000000000000 ) ) ;
#7093 = AXIS2_PLACEMENT_3D ( 'NONE', #5044, #2028, #3492 ) ;
#7094 = CARTESIAN_POINT ( 'NONE',  ( -8.500000000000000000, -0.2193120841552965994, -72.00000000000000000 ) ) ;
#7095 = FACE_OUTER_BOUND ( 'NONE', #5239, .T. ) ;
#7096 = EDGE_CURVE ( 'NONE', #7647, #4809, #610, .T. ) ;
#7097 = VERTEX_POINT ( 'NONE', #9803 ) ;
#7098 = CIRCLE ( 'NONE', #2296, 15.00000000000000000 ) ;
#7099 = ORIENTED_EDGE ( 'NONE', *, *, #1000, .T. ) ;
#7100 = EDGE_CURVE ( 'NONE', #6297, #6748, #9497, .T. ) ;
#7101 = EDGE_LOOP ( 'NONE', ( #1073, #1775, #8237, #9394 ) ) ;
#7102 = ORIENTED_EDGE ( 'NONE', *, *, #5539, .F. ) ;
#7103 = DIRECTION ( 'NONE',  ( -1.000000000000000000, 0.000000000000000000, 0.000000000000000000 ) ) ;
#7104 = ORIENTED_EDGE ( 'NONE', *, *, #2619, .T. ) ;
#7105 = AXIS2_PLACEMENT_3D ( 'NONE', #9286, #1596, #6977 ) ;
#7106 = LINE ( 'NONE', #2530, #6742 ) ;
#7107 = VECTOR ( 'NONE', #6529, 1000.000000000000000 ) ;
#7108 = CARTESIAN_POINT ( 'NONE',  ( 8.575546176318663782, -1.660819000726960093, 46.00000000000000000 ) ) ;
#7109 = DIRECTION ( 'NONE',  ( -0.000000000000000000, 0.000000000000000000, 1.000000000000000000 ) ) ;
#7110 = EDGE_CURVE ( 'NONE', #7128, #8447, #3064, .T. ) ;
#7111 = CARTESIAN_POINT ( 'NONE',  ( 26.00000000000000000, -1.219312084155296683, 55.00000000000000000 ) ) ;
#7112 = VECTOR ( 'NONE', #9461, 1000.000000000000000 ) ;
#7113 = EDGE_LOOP ( 'NONE', ( #1375, #694, #2933, #3127 ) ) ;
#7114 = CARTESIAN_POINT ( 'NONE',  ( -11.09999999999999787, 10.80000000000000071, 25.99999999999997868 ) ) ;
#7115 = VERTEX_POINT ( 'NONE', #720 ) ;
#7116 = VECTOR ( 'NONE', #944, 999.9999999999998863 ) ;
#7117 = ORIENTED_EDGE ( 'NONE', *, *, #4453, .F. ) ;
#7118 = PLANE ( 'NONE',  #804 ) ;
#7119 = CARTESIAN_POINT ( 'NONE',  ( 23.00000000000000000, 4.780687915844703539, 59.75000000000000000 ) ) ;
#7120 = AXIS2_PLACEMENT_3D ( 'NONE', #4095, #3385, #3336 ) ;
#7121 = LINE ( 'NONE', #3304, #7600 ) ;
#7122 = DIRECTION ( 'NONE',  ( -0.000000000000000000, -0.000000000000000000, 1.000000000000000000 ) ) ;
#7123 = DIRECTION ( 'NONE',  ( 0.01744355970870637221, -0.9998478495374627517, 0.000000000000000000 ) ) ;
#7124 = AXIS2_PLACEMENT_3D ( 'NONE', #8572, #9381, #37 ) ;
#7125 = DIRECTION ( 'NONE',  ( -0.000000000000000000, 1.000000000000000000, -0.000000000000000000 ) ) ;
#7126 = ORIENTED_EDGE ( 'NONE', *, *, #148, .F. ) ;
#7127 = LINE ( 'NONE', #7782, #2632 ) ;
#7128 = VERTEX_POINT ( 'NONE', #5978 ) ;
#7129 = ORIENTED_EDGE ( 'NONE', *, *, #5980, .F. ) ;
#7130 = CARTESIAN_POINT ( 'NONE',  ( -6.582494815552595746, 2.708677074670536644, 33.26267859967885698 ) ) ;
#7131 = ORIENTED_EDGE ( 'NONE', *, *, #1246, .F. ) ;
#7132 = CYLINDRICAL_SURFACE ( 'NONE', #4015, 2.500000000000002220 ) ;
#7133 = ADVANCED_FACE ( 'NONE', ( #3013 ), #6075, .T. ) ;
#7134 = DIRECTION ( 'NONE',  ( 0.000000000000000000, 0.000000000000000000, -1.000000000000000000 ) ) ;
#7135 = DIRECTION ( 'NONE',  ( -1.000000000000000000, 0.000000000000000000, 3.469446951953611428E-15 ) ) ;
#7136 = ORIENTED_EDGE ( 'NONE', *, *, #5872, .T. ) ;
#7137 = DIRECTION ( 'NONE',  ( -1.000000000000000000, 0.000000000000000000, 0.000000000000000000 ) ) ;
#7138 = ORIENTED_EDGE ( 'NONE', *, *, #4011, .T. ) ;
#7139 = DIRECTION ( 'NONE',  ( 0.000000000000000000, 0.000000000000000000, 1.000000000000000000 ) ) ;
#7140 = CARTESIAN_POINT ( 'NONE',  ( -17.00000000000000000, -1.219312084155296683, 45.00000000000000000 ) ) ;
#7141 = DIRECTION ( 'NONE',  ( 0.000000000000000000, 0.000000000000000000, -1.000000000000000000 ) ) ;
#7142 = CARTESIAN_POINT ( 'NONE',  ( -71.99999999999998579, 4.780687915844703539, -58.49999999999990763 ) ) ;
#7143 = ADVANCED_FACE ( 'NONE', ( #5332 ), #4585, .T. ) ;
#7144 = FACE_OUTER_BOUND ( 'NONE', #3558, .T. ) ;
#7145 = EDGE_CURVE ( 'NONE', #317, #7097, #1566, .T. ) ;
#7146 = ORIENTED_EDGE ( 'NONE', *, *, #8618, .F. ) ;
#7147 = APPROVAL_DATE_TIME ( #7954, #9629 ) ;
#7148 = ORIENTED_EDGE ( 'NONE', *, *, #4777, .T. ) ;
#7149 = ORIENTED_EDGE ( 'NONE', *, *, #3835, .T. ) ;
#7150 = CARTESIAN_POINT ( 'NONE',  ( 0.000000000000000000, -5.519312084155296283, -55.59601004648968114 ) ) ;
#7151 = ORIENTED_EDGE ( 'NONE', *, *, #8278, .F. ) ;
#7152 = VECTOR ( 'NONE', #941, 1000.000000000000000 ) ;
#7153 = LINE ( 'NONE', #3335, #8509 ) ;
#7154 = EDGE_CURVE ( 'NONE', #7372, #8832, #9756, .T. ) ;
#7155 = DIRECTION ( 'NONE',  ( 1.000000000000000000, 0.000000000000000000, 0.000000000000000000 ) ) ;
#7156 = CARTESIAN_POINT ( 'NONE',  ( -2.999904558552101808, 4.566640184908966837, 11.69534404610850586 ) ) ;
#7157 = EDGE_CURVE ( 'NONE', #1483, #9825, #7914, .T. ) ;
#7158 = DIRECTION ( 'NONE',  ( 7.709882115452468306E-16, 0.000000000000000000, -1.000000000000000000 ) ) ;
#7159 = ORIENTED_EDGE ( 'NONE', *, *, #1884, .F. ) ;
#7160 = DIRECTION ( 'NONE',  ( -1.000000000000000000, 2.392722035830078479E-16, -0.000000000000000000 ) ) ;
#7161 = ORIENTED_EDGE ( 'NONE', *, *, #7780, .F. ) ;
#7162 = EDGE_CURVE ( 'NONE', #7612, #5393, #8730, .T. ) ;
#7163 = VECTOR ( 'NONE', #4331, 1000.000000000000000 ) ;
#7164 = ORIENTED_EDGE ( 'NONE', *, *, #8977, .F. ) ;
#7165 = LINE ( 'NONE', #285, #159 ) ;
#7166 = DIRECTION ( 'NONE',  ( -0.000000000000000000, 1.000000000000000000, -0.000000000000000000 ) ) ;
#7167 = CARTESIAN_POINT ( 'NONE',  ( 17.50000000000000000, 1.780687915844703539, 72.00000000000000000 ) ) ;
#7168 = DIRECTION ( 'NONE',  ( 1.000000000000000000, 4.336808689942018722E-16, 0.000000000000000000 ) ) ;
#7169 = EDGE_CURVE ( 'NONE', #5227, #3746, #2593, .T. ) ;
#7170 = CARTESIAN_POINT ( 'NONE',  ( -9.000000000000001776, 3.780687915844703539, 72.00000000000000000 ) ) ;
#7171 = DIRECTION ( 'NONE',  ( 0.000000000000000000, 1.000000000000000000, 0.000000000000000000 ) ) ;
#7172 = DIRECTION ( 'NONE',  ( -1.000000000000000000, -0.000000000000000000, -0.000000000000000000 ) ) ;
#7173 = VERTEX_POINT ( 'NONE', #6229 ) ;
#7174 = CARTESIAN_POINT ( 'NONE',  ( -4.200000000000000178, 10.80000000000000071, 51.90000000000001279 ) ) ;
#7175 = ORIENTED_EDGE ( 'NONE', *, *, #7659, .T. ) ;
#7176 = ORIENTED_EDGE ( 'NONE', *, *, #9188, .T. ) ;
#7177 = CARTESIAN_POINT ( 'NONE',  ( -6.473959366388450043, 2.793433099475964632, 32.00658113317750519 ) ) ;
#7178 = ORIENTED_EDGE ( 'NONE', *, *, #3123, .F. ) ;
#7179 = LINE ( 'NONE', #7880, #8500 ) ;
#7180 = DIRECTION ( 'NONE',  ( 0.000000000000000000, -0.000000000000000000, -1.000000000000000000 ) ) ;
#7181 = DIRECTION ( 'NONE',  ( 0.000000000000000000, -1.000000000000000000, 0.000000000000000000 ) ) ;
#7182 = ORIENTED_EDGE ( 'NONE', *, *, #4497, .T. ) ;
#7183 = LINE ( 'NONE', #1160, #2768 ) ;
#7184 = ORIENTED_EDGE ( 'NONE', *, *, #2168, .T. ) ;
#7185 = CARTESIAN_POINT ( 'NONE',  ( 9.500000000000015987, -5.219312084155296461, 19.99999999999999289 ) ) ;
#7186 = LINE ( 'NONE', #1768, #8340 ) ;
#7187 = CARTESIAN_POINT ( 'NONE',  ( -10.00000000000000000, 3.780687915844703539, 72.00000000000000000 ) ) ;
#7188 = CYLINDRICAL_SURFACE ( 'NONE', #8244, 10.99999999999999645 ) ;
#7189 = DIRECTION ( 'NONE',  ( 0.000000000000000000, -0.000000000000000000, -1.000000000000000000 ) ) ;
#7190 = ORIENTED_EDGE ( 'NONE', *, *, #1157, .F. ) ;
#7191 = APPROVAL_STATUS ( 'not_yet_approved' ) ;
#7192 = EDGE_LOOP ( 'NONE', ( #282, #5291, #8001, #5037 ) ) ;
#7193 = ORIENTED_EDGE ( 'NONE', *, *, #1380, .T. ) ;
#7194 = ADVANCED_FACE ( 'NONE', ( #9538 ), #4912, .T. ) ;
#7195 = EDGE_CURVE ( 'NONE', #6371, #6252, #6992, .T. ) ;
#7196 = PLANE ( 'NONE',  #6305 ) ;
#7197 = ORIENTED_EDGE ( 'NONE', *, *, #52, .T. ) ;
#7198 = CARTESIAN_POINT ( 'NONE',  ( 72.00000000000000000, 4.780687915844703539, 58.49999999999990052 ) ) ;
#7199 = CARTESIAN_POINT ( 'NONE',  ( 40.00000000000000000, -5.219312084155296461, 18.00000000000000000 ) ) ;
#7200 = DIRECTION ( 'NONE',  ( 0.000000000000000000, 0.000000000000000000, -1.000000000000000000 ) ) ;
#7201 = CARTESIAN_POINT ( 'NONE',  ( 25.99999999999999645, 4.780687915844703539, 59.50000000000000711 ) ) ;
#7202 = VERTEX_POINT ( 'NONE', #6410 ) ;
#7203 = DIRECTION ( 'NONE',  ( -0.000000000000000000, 1.000000000000000000, -0.000000000000000000 ) ) ;
#7204 = EDGE_LOOP ( 'NONE', ( #1414, #6031 ) ) ;
#7205 = ADVANCED_FACE ( 'NONE', ( #8778 ), #2601, .F. ) ;
#7206 = EDGE_LOOP ( 'NONE', ( #7902, #6326, #4983, #2509 ) ) ;
#7207 = VECTOR ( 'NONE', #4582, 1000.000000000000000 ) ;
#7208 = CARTESIAN_POINT ( 'NONE',  ( 8.499999999999992895, -0.2193120841552965994, 34.36291011149504726 ) ) ;
#7209 = VECTOR ( 'NONE', #437, 1000.000000000000000 ) ;
#7210 = CARTESIAN_POINT ( 'NONE',  ( 2.675911418893201595E-15, -1.719312084155296239, 8.499999999999991118 ) ) ;
#7211 = LINE ( 'NONE', #1091, #3756 ) ;
#7212 = DIRECTION ( 'NONE',  ( 0.000000000000000000, -1.000000000000000000, 0.000000000000000000 ) ) ;
#7213 = DIRECTION ( 'NONE',  ( -0.000000000000000000, 1.000000000000000000, -0.000000000000000000 ) ) ;
#7214 = CARTESIAN_POINT ( 'NONE',  ( 6.473959366388448267, 2.793433099475963299, 32.99341886682248060 ) ) ;
#7215 = DIRECTION ( 'NONE',  ( -0.000000000000000000, 1.000000000000000000, -0.000000000000000000 ) ) ;
#7216 = ADVANCED_FACE ( 'NONE', ( #641 ), #3702, .F. ) ;
#7217 = VERTEX_POINT ( 'NONE', #8376 ) ;
#7218 = PLANE ( 'NONE',  #3918 ) ;
#7219 = VECTOR ( 'NONE', #5515, 1000.000000000000000 ) ;
#7220 = AXIS2_PLACEMENT_3D ( 'NONE', #4266, #5907, #2095 ) ;
#7221 = ORIENTED_EDGE ( 'NONE', *, *, #7157, .T. ) ;
#7222 = ADVANCED_FACE ( 'NONE', ( #3985 ), #4506, .T. ) ;
#7223 = EDGE_CURVE ( 'NONE', #6603, #1570, #7048, .T. ) ;
#7224 = ORIENTED_EDGE ( 'NONE', *, *, #4, .F. ) ;
#7225 = CARTESIAN_POINT ( 'NONE',  ( 0.000000000000000000, 1.780687915844703539, 0.000000000000000000 ) ) ;
#7226 = ORIENTED_EDGE ( 'NONE', *, *, #9732, .F. ) ;
#7227 = LINE ( 'NONE', #2554, #6736 ) ;
#7228 = CARTESIAN_POINT ( 'NONE',  ( 59.99999999999987210, 8.000000000000000000, 79.99999999999998579 ) ) ;
#7229 = AXIS2_PLACEMENT_3D ( 'NONE', #7947, #5530, #5476 ) ;
#7230 = CIRCLE ( 'NONE', #8995, 3.099999999999995204 ) ;
#7231 = CYLINDRICAL_SURFACE ( 'NONE', #6125, 1.250000000000001110 ) ;
#7232 = EDGE_CURVE ( 'NONE', #5492, #9086, #2528, .T. ) ;
#7233 = VERTEX_POINT ( 'NONE', #1727 ) ;
#7234 = DIRECTION ( 'NONE',  ( 0.000000000000000000, 0.000000000000000000, 1.000000000000000000 ) ) ;
#7235 = AXIS2_PLACEMENT_3D ( 'NONE', #5296, #3032, #9374 ) ;
#7236 = CIRCLE ( 'NONE', #8521, 15.00000000000000000 ) ;
#7237 = APPROVAL ( #7191, '未' ) ;
#7238 = ORIENTED_EDGE ( 'NONE', *, *, #1760, .F. ) ;
#7239 = DIRECTION ( 'NONE',  ( -0.000000000000000000, -0.000000000000000000, 1.000000000000000000 ) ) ;
#7240 = DIRECTION ( 'NONE',  ( 0.000000000000000000, 0.000000000000000000, 1.000000000000000000 ) ) ;
#7241 = FACE_BOUND ( 'NONE', #9214, .T. ) ;
#7242 = VECTOR ( 'NONE', #5939, 1000.000000000000000 ) ;
#7243 = CARTESIAN_POINT ( 'NONE',  ( -9.500000000000001776, -0.2193120841552965994, 45.00000000000000000 ) ) ;
#7244 = VECTOR ( 'NONE', #6729, 1000.000000000000000 ) ;
#7245 = DIRECTION ( 'NONE',  ( -1.000000000000000000, -2.392722035830078479E-16, 0.000000000000000000 ) ) ;
#7246 = AXIS2_PLACEMENT_3D ( 'NONE', #6989, #5572, #3210 ) ;
#7247 = ORIENTED_EDGE ( 'NONE', *, *, #3994, .T. ) ;
#7248 = PERSON_AND_ORGANIZATION ( #8748, #7567 ) ;
#7250 = ORIENTED_EDGE ( 'NONE', *, *, #9595, .F. ) ;
#7249 = UNCERTAINTY_MEASURE_WITH_UNIT (LENGTH_MEASURE( 1.000000000000000082E-05 ), #7798, 'distance_accuracy_value', 'NONE');
#7251 = ORIENTED_EDGE ( 'NONE', *, *, #9348, .T. ) ;
#7252 = CIRCLE ( 'NONE', #8536, 20.00000000000000355 ) ;
#7253 = VECTOR ( 'NONE', #7019, 1000.000000000000000 ) ;
#7254 = DIRECTION ( 'NONE',  ( 0.000000000000000000, 0.000000000000000000, -1.000000000000000000 ) ) ;
#7255 = DIRECTION ( 'NONE',  ( -3.016910393003142859E-15, 0.000000000000000000, -1.000000000000000000 ) ) ;
#7256 = ORIENTED_EDGE ( 'NONE', *, *, #9802, .T. ) ;
#7257 = DIRECTION ( 'NONE',  ( -1.000000000000000000, -0.000000000000000000, 3.016910393003142859E-15 ) ) ;
#7258 = EDGE_CURVE ( 'NONE', #2034, #7315, #2998, .T. ) ;
#7259 = LINE ( 'NONE', #1983, #5358 ) ;
#7260 = DIRECTION ( 'NONE',  ( -0.000000000000000000, 1.000000000000000000, -0.000000000000000000 ) ) ;
#7261 = AXIS2_PLACEMENT_3D ( 'NONE', #4561, #5300, #6967 ) ;
#7262 = VECTOR ( 'NONE', #5401, 1000.000000000000000 ) ;
#7263 = CARTESIAN_POINT ( 'NONE',  ( 9.499999999999925393, -0.2193120841552965994, 45.00000000000000711 ) ) ;
#7264 = VERTEX_POINT ( 'NONE', #6348 ) ;
#7265 = DIRECTION ( 'NONE',  ( -0.05233595624294377913, 0.9986295347545739443, -0.000000000000000000 ) ) ;
#7266 = ORIENTED_EDGE ( 'NONE', *, *, #9856, .F. ) ;
#7267 = AXIS2_PLACEMENT_3D ( 'NONE', #5679, #1964, #5027 ) ;
#7268 = VERTEX_POINT ( 'NONE', #7520 ) ;
#7269 = AXIS2_PLACEMENT_3D ( 'NONE', #563, #7301, #3434 ) ;
#7270 = DIRECTION ( 'NONE',  ( 2.775557561562891844E-16, 0.000000000000000000, -1.000000000000000000 ) ) ;
#7271 = CARTESIAN_POINT ( 'NONE',  ( 4.200000000000000178, 10.80000000000000071, 54.00000000000001421 ) ) ;
#7272 = DIRECTION ( 'NONE',  ( 1.927470528863118802E-16, 0.000000000000000000, 1.000000000000000000 ) ) ;
#7273 = DIRECTION ( 'NONE',  ( 1.000000000000000000, 0.000000000000000000, 0.000000000000000000 ) ) ;
#7274 = CARTESIAN_POINT ( 'NONE',  ( -8.395184441433917399, 1.780687915844703539, 34.32966729766140901 ) ) ;
#7275 = CARTESIAN_POINT ( 'NONE',  ( 6.999992337364511208, 2.361603382272657203, 33.85560971116939299 ) ) ;
#7276 = EDGE_CURVE ( 'NONE', #2994, #9367, #7596, .T. ) ;
#7277 = EDGE_CURVE ( 'NONE', #1004, #6496, #2434, .T. ) ;
#7278 = CARTESIAN_POINT ( 'NONE',  ( 0.000000000000000000, 1.780687915844703539, 0.000000000000000000 ) ) ;
#7279 = AXIS2_PLACEMENT_3D ( 'NONE', #6021, #9793, #2902 ) ;
#7280 = EDGE_LOOP ( 'NONE', ( #4253, #2864, #3598, #5736, #168, #4323, #9483, #8742, #7247, #4337, #4274, #5269, #8897 ) ) ;
#7281 = LINE ( 'NONE', #8129, #3268 ) ;
#7282 = VECTOR ( 'NONE', #8759, 1000.000000000000000 ) ;
#7283 = ORIENTED_EDGE ( 'NONE', *, *, #6162, .T. ) ;
#7284 = VECTOR ( 'NONE', #8080, 1000.000000000000000 ) ;
#7285 = CARTESIAN_POINT ( 'NONE',  ( -6.541458592131848881, 2.740932935825800332, 33.17467022994549097 ) ) ;
#7286 = ORIENTED_EDGE ( 'NONE', *, *, #4400, .T. ) ;
#7287 = DIRECTION ( 'NONE',  ( 0.000000000000000000, -1.000000000000000000, 0.000000000000000000 ) ) ;
#7288 = VECTOR ( 'NONE', #5650, 1000.000000000000000 ) ;
#7289 = DIRECTION ( 'NONE',  ( -0.000000000000000000, 1.000000000000000000, -0.000000000000000000 ) ) ;
#7290 = LINE ( 'NONE', #6525, #2596 ) ;
#7291 = EDGE_CURVE ( 'NONE', #7689, #7999, #5491, .T. ) ;
#7292 = ADVANCED_FACE ( 'NONE', ( #6060 ), #3184, .T. ) ;
#7293 = EDGE_LOOP ( 'NONE', ( #3440, #3532, #8482, #1593 ) ) ;
#7294 = DIRECTION ( 'NONE',  ( -0.000000000000000000, -0.000000000000000000, -1.000000000000000000 ) ) ;
#7295 = ORIENTED_EDGE ( 'NONE', *, *, #8084, .T. ) ;
#7296 = CARTESIAN_POINT ( 'NONE',  ( -19.79999999999996874, -5.119312084155315468, -57.09601004648968114 ) ) ;
#7297 = EDGE_CURVE ( 'NONE', #5760, #7874, #4745, .T. ) ;
#7298 = CARTESIAN_POINT ( 'NONE',  ( 24.00000000000000355, 7.999999999999998224, -88.00000000000221689 ) ) ;
#7299 = PLANE ( 'NONE',  #4990 ) ;
#7300 = DIRECTION ( 'NONE',  ( -0.000000000000000000, 1.000000000000000000, -0.000000000000000000 ) ) ;
#7301 = DIRECTION ( 'NONE',  ( -0.000000000000000000, 1.000000000000000000, 0.000000000000000000 ) ) ;
#7302 = EDGE_CURVE ( 'NONE', #637, #831, #699, .T. ) ;
#7303 = ORIENTED_EDGE ( 'NONE', *, *, #7029, .T. ) ;
#7304 = ORIENTED_EDGE ( 'NONE', *, *, #1486, .T. ) ;
#7305 = CARTESIAN_POINT ( 'NONE',  ( 0.8019823418022954398, 5.000000000000001776, -72.00000000000001421 ) ) ;
#7306 = DIRECTION ( 'NONE',  ( 0.000000000000000000, 1.000000000000000000, 0.000000000000000000 ) ) ;
#7307 = ORIENTED_EDGE ( 'NONE', *, *, #7344, .T. ) ;
#7308 = LINE ( 'NONE', #4471, #5950 ) ;
#7309 = LINE ( 'NONE', #2683, #548 ) ;
#7310 = LINE ( 'NONE', #8065, #1317 ) ;
#7311 = LINE ( 'NONE', #430, #3098 ) ;
#7312 = EDGE_LOOP ( 'NONE', ( #5210, #6969, #1159, #9542, #5059, #343 ) ) ;
#7313 = LINE ( 'NONE', #2729, #4880 ) ;
#7314 = ORIENTED_EDGE ( 'NONE', *, *, #8212, .F. ) ;
#7315 = VERTEX_POINT ( 'NONE', #923 ) ;
#7316 = ADVANCED_FACE ( 'NONE', ( #228 ), #7627, .T. ) ;
#7317 = ORIENTED_EDGE ( 'NONE', *, *, #6933, .F. ) ;
#7318 = CARTESIAN_POINT ( 'NONE',  ( 8.466972104714008296, 0.4108977003046525578, 34.60000000000000142 ) ) ;
#7319 = DIRECTION ( 'NONE',  ( -1.000000000000000000, -3.614007241618349165E-15, 0.000000000000000000 ) ) ;
#7320 = PLANE ( 'NONE',  #68 ) ;
#7321 = CARTESIAN_POINT ( 'NONE',  ( 9.500000000000015987, -0.2193120841552965994, 19.99999999999999289 ) ) ;
#7322 = LINE ( 'NONE', #8924, #4271 ) ;
#7323 = CARTESIAN_POINT ( 'NONE',  ( 6.000000000000000000, 3.780687915844703539, 40.99999999999999289 ) ) ;
#7324 = ORIENTED_EDGE ( 'NONE', *, *, #8671, .F. ) ;
#7325 = CYLINDRICAL_SURFACE ( 'NONE', #9040, 3.250000000002188028 ) ;
#7326 = VERTEX_POINT ( 'NONE', #6012 ) ;
#7327 = ADVANCED_FACE ( 'NONE', ( #9084 ), #5258, .F. ) ;
#7328 = FACE_OUTER_BOUND ( 'NONE', #9485, .T. ) ;
#7329 = EDGE_CURVE ( 'NONE', #7770, #4711, #3763, .T. ) ;
#7330 = ORIENTED_EDGE ( 'NONE', *, *, #1456, .F. ) ;
#7331 = LINE ( 'NONE', #5817, #3052 ) ;
#7332 = CYLINDRICAL_SURFACE ( 'NONE', #9656, 3.099999999999998757 ) ;
#7333 = DIRECTION ( 'NONE',  ( 0.000000000000000000, 0.000000000000000000, 1.000000000000000000 ) ) ;
#7334 = AXIS2_PLACEMENT_3D ( 'NONE', #875, #120, #75 ) ;
#7335 = VERTEX_POINT ( 'NONE', #5309 ) ;
#7336 = DIRECTION ( 'NONE',  ( -4.097771990496391869E-16, 0.000000000000000000, -1.000000000000000000 ) ) ;
#7337 = VERTEX_POINT ( 'NONE', #4566 ) ;
#7338 = CARTESIAN_POINT ( 'NONE',  ( 16.99999999999999289, -1.219312084155296683, 45.00000000000000000 ) ) ;
#7339 = EDGE_CURVE ( 'NONE', #5395, #6419, #747, .T. ) ;
#7340 = CARTESIAN_POINT ( 'NONE',  ( -6.000000000000000000, -3.719312084155296905, 45.00000000000000000 ) ) ;
#7341 = DIRECTION ( 'NONE',  ( 1.000000000000000000, 0.000000000000000000, 0.000000000000000000 ) ) ;
#7342 = FACE_OUTER_BOUND ( 'NONE', #7101, .T. ) ;
#7343 = FACE_OUTER_BOUND ( 'NONE', #7204, .T. ) ;
#7344 = EDGE_CURVE ( 'NONE', #4613, #9129, #866, .T. ) ;
#7345 = ORIENTED_EDGE ( 'NONE', *, *, #6767, .F. ) ;
#7346 = VERTEX_POINT ( 'NONE', #8710 ) ;
#7347 = ADVANCED_FACE ( 'NONE', ( #376 ), #9608, .T. ) ;
#7348 = CARTESIAN_POINT ( 'NONE',  ( 17.00000000000000000, 4.780687915844703539, 46.00000000000000000 ) ) ;
#7349 = EDGE_CURVE ( 'NONE', #325, #7326, #5040, .T. ) ;
#7350 = DIRECTION ( 'NONE',  ( -1.000000000000000000, 0.000000000000000000, -5.634144622830656211E-16 ) ) ;
#7351 = ORIENTED_EDGE ( 'NONE', *, *, #2993, .T. ) ;
#7352 = CARTESIAN_POINT ( 'NONE',  ( -7.389181280764467452, 1.999999999999999112, -72.00000000000000000 ) ) ;
#7353 = CARTESIAN_POINT ( 'NONE',  ( -4.200000000000000178, 10.80000000000000071, 56.10000000000000853 ) ) ;
#7354 = CARTESIAN_POINT ( 'NONE',  ( -20.49999999999992184, 3.780687915844703539, 40.99999999999999289 ) ) ;
#7355 = ORIENTED_EDGE ( 'NONE', *, *, #8693, .T. ) ;
#7356 = CARTESIAN_POINT ( 'NONE',  ( 9.999999999999930722, 3.780687915844703539, 72.00000000000000000 ) ) ;
#7357 = ORIENTED_EDGE ( 'NONE', *, *, #3994, .F. ) ;
#7358 = ORIENTED_EDGE ( 'NONE', *, *, #5566, .F. ) ;
#7359 = EDGE_CURVE ( 'NONE', #6568, #6722, #4894, .T. ) ;
#7360 = ORIENTED_EDGE ( 'NONE', *, *, #8148, .T. ) ;
#7361 = DIRECTION ( 'NONE',  ( -0.000000000000000000, 1.000000000000000000, -0.000000000000000000 ) ) ;
#7362 = CARTESIAN_POINT ( 'NONE',  ( 16.25000000000000000, 4.780687915844703539, 53.99999999999999289 ) ) ;
#7363 = DIRECTION ( 'NONE',  ( -1.000000000000000000, 0.000000000000000000, -1.982541115402066342E-16 ) ) ;
#7364 = CARTESIAN_POINT ( 'NONE',  ( -6.641368321290884502, 2.663160240941101709, -73.11252438065682213 ) ) ;
#7365 = DIRECTION ( 'NONE',  ( 1.000000000000000000, 1.214306433183764966E-16, -0.000000000000000000 ) ) ;
#7366 = DIRECTION ( 'NONE',  ( 0.000000000000000000, 1.000000000000000000, 0.000000000000000000 ) ) ;
#7367 = ORIENTED_EDGE ( 'NONE', *, *, #3909, .T. ) ;
#7368 = CARTESIAN_POINT ( 'NONE',  ( -7.099999999999999645, 7.000000000000000000, 54.00000000000001421 ) ) ;
#7369 = EDGE_LOOP ( 'NONE', ( #259, #2577, #5792, #4936, #1918 ) ) ;
#7370 = VECTOR ( 'NONE', #4797, 1000.000000000000000 ) ;
#7371 = DIRECTION ( 'NONE',  ( 1.000000000000000000, 0.000000000000000000, -0.000000000000000000 ) ) ;
#7372 = VERTEX_POINT ( 'NONE', #2576 ) ;
#7373 = CARTESIAN_POINT ( 'NONE',  ( 8.449200506237202646, 0.7499999999999997780, 30.39999999999999147 ) ) ;
#7374 = CARTESIAN_POINT ( 'NONE',  ( 9.500000000000031974, -5.219312084155296461, -49.00000000000000000 ) ) ;
#7375 = CARTESIAN_POINT ( 'NONE',  ( 9.500000000000015987, -5.219312084155296461, 19.99999999999999289 ) ) ;
#7376 = AXIS2_PLACEMENT_3D ( 'NONE', #6950, #3830, #959 ) ;
#7377 = ORIENTED_EDGE ( 'NONE', *, *, #8871, .T. ) ;
#7378 = EDGE_CURVE ( 'NONE', #2171, #144, #1882, .T. ) ;
#7379 = FACE_OUTER_BOUND ( 'NONE', #756, .T. ) ;
#7380 = VERTEX_POINT ( 'NONE', #4135 ) ;
#7381 = VECTOR ( 'NONE', #4686, 1000.000000000000000 ) ;
#7382 = AXIS2_PLACEMENT_3D ( 'NONE', #3151, #9285, #2396 ) ;
#7383 = LINE ( 'NONE', #3428, #9469 ) ;
#7384 = CARTESIAN_POINT ( 'NONE',  ( 26.99999999999999645, -1.219312084155296683, 72.00000000000000000 ) ) ;
#7385 = CARTESIAN_POINT ( 'NONE',  ( 2.703209002422314544, 4.649801994009687078, -39.81537107242050411 ) ) ;
#7386 = CARTESIAN_POINT ( 'NONE',  ( -24.00000000000000000, -6.500000000000000000, -74.99999999999997158 ) ) ;
#7387 = CIRCLE ( 'NONE', #8351, 17.00000000000000355 ) ;
#7388 = EDGE_CURVE ( 'NONE', #2937, #8505, #1177, .T. ) ;
#7389 = VECTOR ( 'NONE', #29, 1000.000000000000000 ) ;
#7390 = AXIS2_PLACEMENT_3D ( 'NONE', #1280, #2236, #3690 ) ;
#7391 = ADVANCED_FACE ( 'NONE', ( #7908 ), #1925, .F. ) ;
#7392 = VERTEX_POINT ( 'NONE', #9457 ) ;
#7393 = ORIENTED_EDGE ( 'NONE', *, *, #539, .F. ) ;
#7394 = CARTESIAN_POINT ( 'NONE',  ( 6.383213536172154257, 2.864139787310677310, -72.88786240710130926 ) ) ;
#7395 = FACE_OUTER_BOUND ( 'NONE', #2783, .T. ) ;
#7396 = ORIENTED_EDGE ( 'NONE', *, *, #7727, .F. ) ;
#7397 = VECTOR ( 'NONE', #909, 1000.000000000000000 ) ;
#7398 = CIRCLE ( 'NONE', #2433, 2.000000000002175593 ) ;
#7399 = DIRECTION ( 'NONE',  ( 0.000000000000000000, -1.000000000000000000, 0.000000000000000000 ) ) ;
#7400 = CARTESIAN_POINT ( 'NONE',  ( 7.500000000000003553, 0.7499999999999997780, 32.49999999999999289 ) ) ;
#7401 = EDGE_CURVE ( 'NONE', #8447, #1529, #8235, .T. ) ;
#7402 = DIRECTION ( 'NONE',  ( 1.000000000000000000, 0.000000000000000000, -0.000000000000000000 ) ) ;
#7403 = EDGE_CURVE ( 'NONE', #1055, #5504, #213, .T. ) ;
#7404 = AXIS2_PLACEMENT_3D ( 'NONE', #6199, #79, #8356 ) ;
#7405 = VERTEX_POINT ( 'NONE', #6446 ) ;
#7406 = CARTESIAN_POINT ( 'NONE',  ( 2.308517379148995757E-15, -1.719312084155296239, -37.00000000000000711 ) ) ;
#7407 = VECTOR ( 'NONE', #407, 1000.000000000000000 ) ;
#7408 = ORIENTED_EDGE ( 'NONE', *, *, #5205, .F. ) ;
#7409 = VECTOR ( 'NONE', #8900, 1000.000000000000000 ) ;
#7410 = ORIENTED_EDGE ( 'NONE', *, *, #7344, .F. ) ;
#7411 = ORIENTED_EDGE ( 'NONE', *, *, #8687, .F. ) ;
#7412 = ORIENTED_EDGE ( 'NONE', *, *, #4596, .F. ) ;
#7413 = CARTESIAN_POINT ( 'NONE',  ( 2.280821906412533462, 4.752635769291932988, 9.541541818900178384 ) ) ;
#7414 = EDGE_CURVE ( 'NONE', #2983, #4144, #1224, .T. ) ;
#7415 = DIRECTION ( 'NONE',  ( 1.000000000000000000, 0.000000000000000000, 0.000000000000000000 ) ) ;
#7416 = VECTOR ( 'NONE', #5318, 1000.000000000000000 ) ;
#7417 = CYLINDRICAL_SURFACE ( 'NONE', #1186, 19.99999999999999645 ) ;
#7418 = VECTOR ( 'NONE', #5444, 1000.000000000000000 ) ;
#7419 = CARTESIAN_POINT ( 'NONE',  ( -5.789182017590722040, 3.281512815570674313, -72.53807493621199853 ) ) ;
#7420 = CARTESIAN_POINT ( 'NONE',  ( -11.09999999999999254, 10.80000000000000071, 42.14999999999997726 ) ) ;
#7421 = LINE ( 'NONE', #2797, #5170 ) ;
#7422 = ORIENTED_EDGE ( 'NONE', *, *, #4498, .T. ) ;
#7423 = DIRECTION ( 'NONE',  ( 0.000000000000000000, 0.000000000000000000, -1.000000000000000000 ) ) ;
#7424 = VERTEX_POINT ( 'NONE', #7957 ) ;
#7425 = VECTOR ( 'NONE', #9379, 1000.000000000000000 ) ;
#7426 = VECTOR ( 'NONE', #7951, 1000.000000000000000 ) ;
#7427 = CARTESIAN_POINT ( 'NONE',  ( 59.99999999999989342, 0.000000000000000000, 75.00000000000002842 ) ) ;
#7428 = VERTEX_POINT ( 'NONE', #3531 ) ;
#7429 = DIRECTION ( 'NONE',  ( -0.000000000000000000, 1.000000000000000000, -0.000000000000000000 ) ) ;
#7430 = CARTESIAN_POINT ( 'NONE',  ( -19.79999999999996874, -6.519312084155297171, -59.05398995351029612 ) ) ;
#7431 = CARTESIAN_POINT ( 'NONE',  ( 21.70000000000002416, 4.780687915844703539, -63.05398995351030322 ) ) ;
#7432 = VECTOR ( 'NONE', #8562, 1000.000000000000000 ) ;
#7433 = FACE_OUTER_BOUND ( 'NONE', #2833, .T. ) ;
#7434 = ORIENTED_EDGE ( 'NONE', *, *, #5078, .F. ) ;
#7435 = LINE ( 'NONE', #4519, #2148 ) ;
#7436 = AXIS2_PLACEMENT_3D ( 'NONE', #6910, #7765, #4748 ) ;
#7437 = ORIENTED_EDGE ( 'NONE', *, *, #9603, .T. ) ;
#7438 = AXIS2_PLACEMENT_3D ( 'NONE', #6666, #8320, #5101 ) ;
#7439 = EDGE_CURVE ( 'NONE', #3425, #1512, #1031, .T. ) ;
#7440 = LINE ( 'NONE', #1913, #1311 ) ;
#7441 = DIRECTION ( 'NONE',  ( 0.000000000000000000, 0.000000000000000000, -1.000000000000000000 ) ) ;
#7442 = DIRECTION ( 'NONE',  ( -0.000000000000000000, -0.000000000000000000, -1.000000000000000000 ) ) ;
#7443 = AXIS2_PLACEMENT_3D ( 'NONE', #2925, #5934, #6803 ) ;
#7444 = DIRECTION ( 'NONE',  ( -1.000000000000000000, -0.000000000000000000, 1.476360405086644309E-16 ) ) ;
#7445 = AXIS2_PLACEMENT_3D ( 'NONE', #3760, #4502, #1347 ) ;
#7446 = ORIENTED_EDGE ( 'NONE', *, *, #9561, .F. ) ;
#7447 = ORIENTED_EDGE ( 'NONE', *, *, #328, .T. ) ;
#7448 = CARTESIAN_POINT ( 'NONE',  ( -12.34999999999998543, 10.84999999999999787, 54.84999999999998010 ) ) ;
#7449 = CYLINDRICAL_SURFACE ( 'NONE', #7733, 1.500000000000001332 ) ;
#7450 = ORIENTED_EDGE ( 'NONE', *, *, #7276, .F. ) ;
#7451 = ADVANCED_FACE ( 'NONE', ( #3333 ), #7196, .F. ) ;
#7452 = EDGE_CURVE ( 'NONE', #5279, #6720, #2637, .T. ) ;
#7453 = EDGE_CURVE ( 'NONE', #626, #1201, #9523, .T. ) ;
#7454 = DIRECTION ( 'NONE',  ( -1.000000000000000000, 2.392722035830078479E-16, -0.000000000000000000 ) ) ;
#7455 = DIRECTION ( 'NONE',  ( 1.000000000000000000, -2.315848374724873665E-16, 0.000000000000000000 ) ) ;
#7456 = CARTESIAN_POINT ( 'NONE',  ( -6.858022075225183482E-16, -5.600000000000000533, 45.00000000000000000 ) ) ;
#7457 = ORIENTED_EDGE ( 'NONE', *, *, #4400, .F. ) ;
#7458 = CARTESIAN_POINT ( 'NONE',  ( -16.25000000000000000, 1.780687915844703539, 72.00000000000000000 ) ) ;
#7459 = ORIENTED_EDGE ( 'NONE', *, *, #9078, .T. ) ;
#7460 = ORIENTED_EDGE ( 'NONE', *, *, #4009, .F. ) ;
#7461 = ORIENTED_EDGE ( 'NONE', *, *, #7018, .T. ) ;
#7462 = EDGE_CURVE ( 'NONE', #3641, #5167, #1779, .T. ) ;
#7463 = ORIENTED_EDGE ( 'NONE', *, *, #7711, .F. ) ;
#7464 = CARTESIAN_POINT ( 'NONE',  ( 2.703209002422318097, 4.649801994009687078, 10.18462892757951010 ) ) ;
#7465 = ADVANCED_FACE ( 'NONE', ( #4287 ), #8860, .F. ) ;
#7466 = CARTESIAN_POINT ( 'NONE',  ( -58.49999999999990052, 4.780687915844703539, 72.00000000000000000 ) ) ;
#7467 = VECTOR ( 'NONE', #6888, 1000.000000000000000 ) ;
#7468 = CARTESIAN_POINT ( 'NONE',  ( -13.00000000000000178, -1.219312084155296683, 45.00000000000000000 ) ) ;
#7469 = LINE ( 'NONE', #1387, #6614 ) ;
#7470 = CARTESIAN_POINT ( 'NONE',  ( -54.99999999999998579, -5.219312084155296461, -32.00000000000000711 ) ) ;
#7471 = CARTESIAN_POINT ( 'NONE',  ( 10.25000000000000178, -1.601329222479280134E-13, -87.50000000000224532 ) ) ;
#7472 = VERTEX_POINT ( 'NONE', #6392 ) ;
#7473 = DIRECTION ( 'NONE',  ( 0.7071067811865474617, 0.7071067811865474617, 2.133277797124694522E-15 ) ) ;
#7474 = EDGE_CURVE ( 'NONE', #9316, #4685, #3017, .T. ) ;
#7475 = VERTEX_POINT ( 'NONE', #6688 ) ;
#7476 = EDGE_LOOP ( 'NONE', ( #1137, #5938, #7616, #9550, #8805, #1108, #1243, #4487 ) ) ;
#7477 = DIRECTION ( 'NONE',  ( 1.000000000000000000, 0.000000000000000000, -3.469446951953611428E-15 ) ) ;
#7478 = ADVANCED_FACE ( 'NONE', ( #6646 ), #7449, .F. ) ;
#7479 = VERTEX_POINT ( 'NONE', #2123 ) ;
#7480 = LINE ( 'NONE', #2847, #489 ) ;
#7481 = LINE ( 'NONE', #6827, #830 ) ;
#7482 = DIRECTION ( 'NONE',  ( 0.000000000000000000, 0.000000000000000000, -1.000000000000000000 ) ) ;
#7483 = CARTESIAN_POINT ( 'NONE',  ( -11.09999999999998899, 9.799999999999998934, 71.99999999999998579 ) ) ;
#7484 = VERTEX_POINT ( 'NONE', #2972 ) ;
#7485 = CARTESIAN_POINT ( 'NONE',  ( -11.09999999999998899, 9.600000000000001421, 54.84999999999998010 ) ) ;
#7486 = ORIENTED_EDGE ( 'NONE', *, *, #1123, .F. ) ;
#7487 = LINE ( 'NONE', #3009, #1287 ) ;
#7488 = CARTESIAN_POINT ( 'NONE',  ( -16.50000000000007816, 0.7499999999999997780, 32.49999999999997868 ) ) ;
#7489 = VECTOR ( 'NONE', #3021, 1000.000000000000000 ) ;
#7490 = DIRECTION ( 'NONE',  ( -0.000000000000000000, 1.000000000000000000, -0.000000000000000000 ) ) ;
#7491 = LINE ( 'NONE', #8341, #4350 ) ;
#7492 = FACE_OUTER_BOUND ( 'NONE', #887, .T. ) ;
#7493 = ORIENTED_EDGE ( 'NONE', *, *, #9856, .T. ) ;
#7494 = ORIENTED_EDGE ( 'NONE', *, *, #3020, .T. ) ;
#7495 = ORIENTED_EDGE ( 'NONE', *, *, #8400, .T. ) ;
#7496 = DIRECTION ( 'NONE',  ( 1.000000000000000000, 4.418635268997527802E-15, 0.000000000000000000 ) ) ;
#7497 = CARTESIAN_POINT ( 'NONE',  ( -6.858022075225183482E-16, -5.600000000000000533, -72.00000000000000000 ) ) ;
#7498 = EDGE_LOOP ( 'NONE', ( #1861, #8785, #3146, #7035 ) ) ;
#7499 = DIRECTION ( 'NONE',  ( -1.927470528863118802E-16, 0.000000000000000000, -1.000000000000000000 ) ) ;
#7500 = LINE ( 'NONE', #2684, #8865 ) ;
#7501 = DIRECTION ( 'NONE',  ( 1.000000000000000000, -0.000000000000000000, -0.000000000000000000 ) ) ;
#7502 = ORIENTED_EDGE ( 'NONE', *, *, #417, .F. ) ;
#7503 = DIRECTION ( 'NONE',  ( 1.000000000000000000, 0.000000000000000000, 0.000000000000000000 ) ) ;
#7504 = ORIENTED_EDGE ( 'NONE', *, *, #7858, .F. ) ;
#7505 = EDGE_CURVE ( 'NONE', #8660, #5375, #5180, .T. ) ;
#7506 = ORIENTED_EDGE ( 'NONE', *, *, #1395, .T. ) ;
#7507 = ORIENTED_EDGE ( 'NONE', *, *, #6429, .T. ) ;
#7508 = EDGE_LOOP ( 'NONE', ( #8207, #3513, #9767, #8319 ) ) ;
#7509 = CARTESIAN_POINT ( 'NONE',  ( 59.99999999999984368, 0.000000000000000000, -80.00000000000001421 ) ) ;
#7510 = LINE ( 'NONE', #5399, #7389 ) ;
#7511 = CARTESIAN_POINT ( 'NONE',  ( 9.499999999999930722, 0.7500000000000000000, 34.59999999999999432 ) ) ;
#7512 = DIRECTION ( 'NONE',  ( 1.000000000000000000, 0.000000000000000000, 0.000000000000000000 ) ) ;
#7513 = CARTESIAN_POINT ( 'NONE',  ( -20.49999999999999645, 3.780687915844703539, 50.99999999999999289 ) ) ;
#7514 = DIRECTION ( 'NONE',  ( 1.000000000000000000, 2.392722035830078479E-16, -0.000000000000000000 ) ) ;
#7515 = ORIENTED_EDGE ( 'NONE', *, *, #3474, .F. ) ;
#7516 = FACE_OUTER_BOUND ( 'NONE', #3595, .T. ) ;
#7517 = ADVANCED_FACE ( 'NONE', ( #7395 ), #9004, .F. ) ;
#7518 = EDGE_CURVE ( 'NONE', #5756, #2855, #615, .T. ) ;
#7519 = ORIENTED_EDGE ( 'NONE', *, *, #938, .F. ) ;
#7520 = CARTESIAN_POINT ( 'NONE',  ( -7.500000000000001776, 1.890660852021001315, 30.73679473098938431 ) ) ;
#7521 = LINE ( 'NONE', #1291, #640 ) ;
#7522 = EDGE_LOOP ( 'NONE', ( #6398, #1348, #1315, #4100, #8266 ) ) ;
#7523 = FACE_OUTER_BOUND ( 'NONE', #2100, .T. ) ;
#7524 = DIRECTION ( 'NONE',  ( 0.000000000000000000, 0.000000000000000000, 1.000000000000000000 ) ) ;
#7525 = CARTESIAN_POINT ( 'NONE',  ( 10.00000000000002132, 1.999999999999999112, -87.50000000000000000 ) ) ;
#7526 = CARTESIAN_POINT ( 'NONE',  ( 0.000000000000000000, 10.80000000000000071, 0.000000000000000000 ) ) ;
#7527 = CARTESIAN_POINT ( 'NONE',  ( -9.500000000000001776, -0.2193120841552965994, 30.63708988850492787 ) ) ;
#7528 = ADVANCED_FACE ( 'NONE', ( #9811 ), #9870, .T. ) ;
#7529 = VERTEX_POINT ( 'NONE', #8151 ) ;
#7530 = CARTESIAN_POINT ( 'NONE',  ( -9.999999999999978684, 1.999999999999999112, -75.00000000000000000 ) ) ;
#7531 = EDGE_CURVE ( 'NONE', #2493, #4017, #568, .T. ) ;
#7532 = EDGE_LOOP ( 'NONE', ( #8939, #4541, #3328, #7506, #1406, #5324 ) ) ;
#7533 = EDGE_CURVE ( 'NONE', #9421, #7799, #6033, .T. ) ;
#7534 = DIRECTION ( 'NONE',  ( 0.000000000000000000, 0.000000000000000000, -1.000000000000000000 ) ) ;
#7535 = LINE ( 'NONE', #5876, #314 ) ;
#7536 = CARTESIAN_POINT ( 'NONE',  ( 40.00000000000000000, -5.219312084155296461, -32.00000000000000000 ) ) ;
#7537 = CIRCLE ( 'NONE', #3854, 0.6999999999999992895 ) ;
#7538 = LINE ( 'NONE', #9610, #1143 ) ;
#7539 = AXIS2_PLACEMENT_3D ( 'NONE', #2803, #5862, #2751 ) ;
#7540 = ADVANCED_FACE ( 'NONE', ( #1319 ), #9107, .T. ) ;
#7541 = DIRECTION ( 'NONE',  ( 0.000000000000000000, 0.000000000000000000, 1.000000000000000000 ) ) ;
#7542 = ORIENTED_EDGE ( 'NONE', *, *, #7831, .F. ) ;
#7543 = VERTEX_POINT ( 'NONE', #1266 ) ;
#7544 = EDGE_LOOP ( 'NONE', ( #6946, #9382, #7131, #9546 ) ) ;
#7545 = CARTESIAN_POINT ( 'NONE',  ( 2.308517379148995757E-15, 4.780687915844703539, -38.50000000000000711 ) ) ;
#7546 = DIRECTION ( 'NONE',  ( 1.000000000000000000, -0.000000000000000000, -1.734723475976805714E-15 ) ) ;
#7547 = ORIENTED_EDGE ( 'NONE', *, *, #3417, .F. ) ;
#7548 = PLANE ( 'NONE',  #7443 ) ;
#7549 = AXIS2_PLACEMENT_3D ( 'NONE', #1717, #260, #4779 ) ;
#7550 = VECTOR ( 'NONE', #8921, 1000.000000000000000 ) ;
#7551 = CARTESIAN_POINT ( 'NONE',  ( 21.70000000000002416, 4.780687915844703539, -63.05398995351030322 ) ) ;
#7552 = LINE ( 'NONE', #6598, #8713 ) ;
#7553 = VERTEX_POINT ( 'NONE', #2223 ) ;
#7554 = LINE ( 'NONE', #3596, #5629 ) ;
#7555 = ORIENTED_EDGE ( 'NONE', *, *, #579, .F. ) ;
#7556 = ORIENTED_EDGE ( 'NONE', *, *, #1441, .F. ) ;
#7557 = AXIS2_PLACEMENT_3D ( 'NONE', #7804, #3987, #7850 ) ;
#7558 = ORIENTED_EDGE ( 'NONE', *, *, #5770, .T. ) ;
#7559 = AXIS2_PLACEMENT_3D ( 'NONE', #6700, #1336, #6659 ) ;
#7560 = VERTEX_POINT ( 'NONE', #2822 ) ;
#7561 = EDGE_CURVE ( 'NONE', #5129, #7233, #8254, .T. ) ;
#7562 = FACE_OUTER_BOUND ( 'NONE', #9069, .T. ) ;
#7563 = DIRECTION ( 'NONE',  ( 0.01744355970870637221, 0.9998478495374628627, -0.000000000000000000 ) ) ;
#7564 = FACE_OUTER_BOUND ( 'NONE', #4640, .T. ) ;
#7565 = CARTESIAN_POINT ( 'NONE',  ( -3.890070333246567369, 4.268466547634434782, -72.08742622897892716 ) ) ;
#7566 = LINE ( 'NONE', #7470, #4662 ) ;
#7567 = ORGANIZATION ( '未', '未', '' ) ;
#7568 = AXIS2_PLACEMENT_3D ( 'NONE', #7881, #4875, #1664 ) ;
#7569 = LINE ( 'NONE', #1285, #8704 ) ;
#7570 = EDGE_LOOP ( 'NONE', ( #2465, #3865, #1590, #682, #4201, #2402, #7176, #6346, #1761, #771, #9340, #2445, #2447, #249, #4587 ) ) ;
#7571 = CARTESIAN_POINT ( 'NONE',  ( -19.79999999999996874, -5.119312084155315468, -55.59601004648968114 ) ) ;
#7572 = ORIENTED_EDGE ( 'NONE', *, *, #2979, .T. ) ;
#7573 = AXIS2_PLACEMENT_3D ( 'NONE', #8938, #4517, #8983 ) ;
#7574 = DIRECTION ( 'NONE',  ( -1.000000000000000000, 0.000000000000000000, -0.000000000000000000 ) ) ;
#7575 = CIRCLE ( 'NONE', #5331, 10.59999999999999964 ) ;
#7576 = DIRECTION ( 'NONE',  ( -1.000000000000000000, 0.000000000000000000, -4.550094363217859232E-16 ) ) ;
#7577 = EDGE_LOOP ( 'NONE', ( #4642, #3318, #9458, #943, #9354, #3133, #2230, #296 ) ) ;
#7578 = DIRECTION ( 'NONE',  ( 0.000000000000000000, 0.000000000000000000, 1.000000000000000000 ) ) ;
#7579 = CARTESIAN_POINT ( 'NONE',  ( -8.500000000000000000, -0.2193120841552965994, 34.36291011149504726 ) ) ;
#7580 = EDGE_CURVE ( 'NONE', #3393, #1261, #4329, .T. ) ;
#7581 = DIRECTION ( 'NONE',  ( -1.000000000000000000, -0.000000000000000000, 8.673617379884028570E-16 ) ) ;
#7582 = EDGE_CURVE ( 'NONE', #2702, #7841, #4364, .T. ) ;
#7583 = FACE_OUTER_BOUND ( 'NONE', #7026, .T. ) ;
#7584 = CARTESIAN_POINT ( 'NONE',  ( 16.99999999999999289, 4.780687915844703539, 45.00000000000000000 ) ) ;
#7585 = VECTOR ( 'NONE', #4143, 1000.000000000000000 ) ;
#7586 = VERTEX_POINT ( 'NONE', #5986 ) ;
#7587 = DIRECTION ( 'NONE',  ( 0.000000000000000000, -1.000000000000000000, 0.000000000000000000 ) ) ;
#7588 = VECTOR ( 'NONE', #5924, 1000.000000000000000 ) ;
#7589 = ORIENTED_EDGE ( 'NONE', *, *, #7359, .T. ) ;
#7590 = VECTOR ( 'NONE', #7064, 1000.000000000000000 ) ;
#7591 = DIRECTION ( 'NONE',  ( 0.000000000000000000, -1.000000000000000000, 0.000000000000000000 ) ) ;
#7592 = DIRECTION ( 'NONE',  ( 1.000000000000000000, 0.000000000000000000, 0.000000000000000000 ) ) ;
#7593 = EDGE_CURVE ( 'NONE', #4547, #2497, #2922, .T. ) ;
#7594 = CIRCLE ( 'NONE', #5974, 10.59999999999999964 ) ;
#7595 = DIRECTION ( 'NONE',  ( -0.000000000000000000, -0.000000000000000000, -1.000000000000000000 ) ) ;
#7596 = CIRCLE ( 'NONE', #6472, 13.49999999999999822 ) ;
#7597 = DIRECTION ( 'NONE',  ( 1.186135710069613884E-16, 0.000000000000000000, -1.000000000000000000 ) ) ;
#7598 = EDGE_CURVE ( 'NONE', #578, #9253, #9659, .T. ) ;
#7599 = FACE_BOUND ( 'NONE', #9823, .T. ) ;
#7600 = VECTOR ( 'NONE', #9428, 1000.000000000000000 ) ;
#7601 = ORIENTED_EDGE ( 'NONE', *, *, #221, .F. ) ;
#7602 = EDGE_CURVE ( 'NONE', #5504, #6043, #6798, .T. ) ;
#7603 = ORIENTED_EDGE ( 'NONE', *, *, #7414, .T. ) ;
#7604 = DIRECTION ( 'NONE',  ( -0.000000000000000000, 1.000000000000000000, -0.000000000000000000 ) ) ;
#7605 = CARTESIAN_POINT ( 'NONE',  ( -9.020562075079395629E-14, 9.799999999999998934, 26.00000000000001776 ) ) ;
#7606 = ORIENTED_EDGE ( 'NONE', *, *, #6296, .F. ) ;
#7607 = ADVANCED_FACE ( 'NONE', ( #518 ), #3586, .F. ) ;
#7608 = VECTOR ( 'NONE', #4657, 1000.000000000000000 ) ;
#7609 = DIRECTION ( 'NONE',  ( -1.000000000000000000, -0.000000000000000000, -0.000000000000000000 ) ) ;
#7610 = CARTESIAN_POINT ( 'NONE',  ( -16.50000000000007816, 1.780687915844703539, 30.67033270233854125 ) ) ;
#7611 = DIRECTION ( 'NONE',  ( 1.000000000000000000, 0.000000000000000000, 9.340818716798197812E-16 ) ) ;
#7612 = VERTEX_POINT ( 'NONE', #6019 ) ;
#7613 = DIRECTION ( 'NONE',  ( 1.000000000000000000, 0.000000000000000000, -1.652117596168394412E-16 ) ) ;
#7614 = ORIENTED_EDGE ( 'NONE', *, *, #8896, .T. ) ;
#7615 = ORIENTED_EDGE ( 'NONE', *, *, #3960, .T. ) ;
#7616 = ORIENTED_EDGE ( 'NONE', *, *, #2190, .F. ) ;
#7617 = ORIENTED_EDGE ( 'NONE', *, *, #4647, .T. ) ;
#7618 = DIRECTION ( 'NONE',  ( 1.885568995626964287E-16, -0.000000000000000000, 1.000000000000000000 ) ) ;
#7619 = CARTESIAN_POINT ( 'NONE',  ( 9.499999999999934275, 0.7499999999999997780, 30.39999999999999147 ) ) ;
#7620 = DIRECTION ( 'NONE',  ( 1.000000000000000000, -0.000000000000000000, 2.775557561562891844E-16 ) ) ;
#7621 = FACE_OUTER_BOUND ( 'NONE', #1192, .T. ) ;
#7622 = DIRECTION ( 'NONE',  ( 0.000000000000000000, 0.000000000000000000, 1.000000000000000000 ) ) ;
#7623 = DIRECTION ( 'NONE',  ( -0.000000000000000000, -0.000000000000000000, -1.000000000000000000 ) ) ;
#7624 = VERTEX_POINT ( 'NONE', #7527 ) ;
#7625 = LINE ( 'NONE', #2090, #2467 ) ;
#7626 = ORIENTED_EDGE ( 'NONE', *, *, #2549, .T. ) ;
#7627 = PLANE ( 'NONE',  #698 ) ;
#7628 = DIRECTION ( 'NONE',  ( -0.000000000000000000, -0.000000000000000000, 1.000000000000000000 ) ) ;
#7629 = ORIENTED_EDGE ( 'NONE', *, *, #1215, .T. ) ;
#7630 = CARTESIAN_POINT ( 'NONE',  ( 6.999999999999999112, 4.780687915844703539, 46.00000000000000000 ) ) ;
#7631 = CARTESIAN_POINT ( 'NONE',  ( -26.99999999999999645, -1.219312084155296683, 59.50000000000000711 ) ) ;
#7632 = DIRECTION ( 'NONE',  ( -0.000000000000000000, 1.000000000000000000, -0.000000000000000000 ) ) ;
#7633 = CARTESIAN_POINT ( 'NONE',  ( -6.000000000000000000, 4.780687915844703539, 45.00000000000000000 ) ) ;
#7634 = DIRECTION ( 'NONE',  ( 0.000000000000000000, 0.000000000000000000, 1.000000000000000000 ) ) ;
#7635 = ORIENTED_EDGE ( 'NONE', *, *, #4376, .T. ) ;
#7636 = PLANE ( 'NONE',  #8722 ) ;
#7637 = EDGE_CURVE ( 'NONE', #1261, #1912, #5912, .T. ) ;
#7638 = EDGE_CURVE ( 'NONE', #7717, #8448, #708, .T. ) ;
#7639 = ORIENTED_EDGE ( 'NONE', *, *, #1486, .F. ) ;
#7640 = CARTESIAN_POINT ( 'NONE',  ( -17.00000000000000000, 4.780687915844703539, 45.00000000000000000 ) ) ;
#7641 = LINE ( 'NONE', #3209, #480 ) ;
#7642 = DIRECTION ( 'NONE',  ( -0.000000000000000000, 1.000000000000000000, -0.000000000000000000 ) ) ;
#7643 = CARTESIAN_POINT ( 'NONE',  ( 12.00000000000000000, -3.719312084155296905, 46.00000000000000000 ) ) ;
#7644 = DIRECTION ( 'NONE',  ( -0.000000000000000000, 0.000000000000000000, 1.000000000000000000 ) ) ;
#7645 = VERTEX_POINT ( 'NONE', #6067 ) ;
#7646 = EDGE_CURVE ( 'NONE', #2961, #6625, #2099, .T. ) ;
#7647 = VERTEX_POINT ( 'NONE', #8179 ) ;
#7648 = CARTESIAN_POINT ( 'NONE',  ( 2.675911418893201595E-15, -1.719312084155296239, -41.50000000000000711 ) ) ;
#7649 = PLANE ( 'NONE',  #157 ) ;
#7650 = VERTEX_POINT ( 'NONE', #2900 ) ;
#7651 = DIRECTION ( 'NONE',  ( 0.000000000000000000, 0.000000000000000000, -1.000000000000000000 ) ) ;
#7652 = CARTESIAN_POINT ( 'NONE',  ( -58.50000000000000000, 4.780687915844703539, 72.00000000000000000 ) ) ;
#7653 = ADVANCED_FACE ( 'NONE', ( #9852 ), #4462, .T. ) ;
#7654 = CARTESIAN_POINT ( 'NONE',  ( 8.999999999999911182, 4.780687915844703539, 72.00000000000000000 ) ) ;
#7655 = EDGE_CURVE ( 'NONE', #8632, #7990, #5964, .T. ) ;
#7656 = ORIENTED_EDGE ( 'NONE', *, *, #5243, .F. ) ;
#7657 = DIRECTION ( 'NONE',  ( -0.000000000000000000, 1.000000000000000000, -0.000000000000000000 ) ) ;
#7658 = ORIENTED_EDGE ( 'NONE', *, *, #8440, .T. ) ;
#7659 = EDGE_CURVE ( 'NONE', #7699, #1963, #2054, .T. ) ;
#7660 = ORIENTED_EDGE ( 'NONE', *, *, #58, .T. ) ;
#7661 = ORIENTED_EDGE ( 'NONE', *, *, #3361, .T. ) ;
#7662 = EDGE_CURVE ( 'NONE', #9230, #4851, #3397, .T. ) ;
#7663 = ORIENTED_EDGE ( 'NONE', *, *, #420, .T. ) ;
#7664 = DIRECTION ( 'NONE',  ( 0.000000000000000000, 0.000000000000000000, -1.000000000000000000 ) ) ;
#7665 = FACE_OUTER_BOUND ( 'NONE', #6055, .T. ) ;
#7666 = CARTESIAN_POINT ( 'NONE',  ( -11.09999999999998899, 8.000000000000000000, 71.99999999999998579 ) ) ;
#7667 = DIRECTION ( 'NONE',  ( 0.000000000000000000, -0.000000000000000000, -1.000000000000000000 ) ) ;
#7668 = LINE ( 'NONE', #9936, #5015 ) ;
#7669 = EDGE_LOOP ( 'NONE', ( #7663, #6781, #409, #2678 ) ) ;
#7670 = CARTESIAN_POINT ( 'NONE',  ( -9.500000000000001776, 4.780687915844703539, 45.00000000000000000 ) ) ;
#7671 = EDGE_LOOP ( 'NONE', ( #7126, #6209, #5940, #6241, #1213, #7768 ) ) ;
#7672 = ORIENTED_EDGE ( 'NONE', *, *, #4180, .F. ) ;
#7673 = FACE_OUTER_BOUND ( 'NONE', #7293, .T. ) ;
#7674 = ORIENTED_EDGE ( 'NONE', *, *, #3205, .T. ) ;
#7675 = FACE_OUTER_BOUND ( 'NONE', #4188, .T. ) ;
#7676 = CARTESIAN_POINT ( 'NONE',  ( 7.099999999999999645, 7.000000000000000000, 54.00000000000001421 ) ) ;
#7677 = CARTESIAN_POINT ( 'NONE',  ( -12.49999999999999822, -2.349999999999990319, 79.99999999999998579 ) ) ;
#7678 = CARTESIAN_POINT ( 'NONE',  ( 8.395184441433917399, 1.780687915844703539, 34.32966729766141611 ) ) ;
#7679 = CARTESIAN_POINT ( 'NONE',  ( -23.99999999999999289, 8.000000000000000000, -80.00000000000001421 ) ) ;
#7680 = ORIENTED_EDGE ( 'NONE', *, *, #3588, .T. ) ;
#7681 = DIRECTION ( 'NONE',  ( -0.000000000000000000, 1.000000000000000000, -0.000000000000000000 ) ) ;
#7682 = EDGE_LOOP ( 'NONE', ( #7719, #4064, #882, #1423 ) ) ;
#7683 = PLANE ( 'NONE',  #1458 ) ;
#7684 = DIRECTION ( 'NONE',  ( 1.000000000000000000, -0.000000000000000000, 5.634144622830656211E-16 ) ) ;
#7685 = DIRECTION ( 'NONE',  ( -0.000000000000000000, 1.000000000000000000, -0.000000000000000000 ) ) ;
#7686 = LINE ( 'NONE', #3930, #2587 ) ;
#7687 = DIRECTION ( 'NONE',  ( -0.000000000000000000, 1.000000000000000000, -0.000000000000000000 ) ) ;
#7688 = ORIENTED_EDGE ( 'NONE', *, *, #7973, .T. ) ;
#7689 = VERTEX_POINT ( 'NONE', #8385 ) ;
#7690 = DIRECTION ( 'NONE',  ( 0.000000000000000000, 0.000000000000000000, 1.000000000000000000 ) ) ;
#7691 = AXIS2_PLACEMENT_3D ( 'NONE', #8229, #1349, #8576 ) ;
#7692 = DIRECTION ( 'NONE',  ( -0.000000000000000000, 1.000000000000000000, -0.000000000000000000 ) ) ;
#7693 = DIRECTION ( 'NONE',  ( -0.000000000000000000, 1.000000000000000000, -0.000000000000000000 ) ) ;
#7694 = ADVANCED_FACE ( 'NONE', ( #6675 ), #2852, .F. ) ;
#7695 = DIRECTION ( 'NONE',  ( -0.000000000000000000, -1.000000000000000000, -0.000000000000000000 ) ) ;
#7696 = EDGE_CURVE ( 'NONE', #8448, #7786, #5215, .T. ) ;
#7697 = VECTOR ( 'NONE', #307, 1000.000000000000000 ) ;
#7698 = DIRECTION ( 'NONE',  ( -0.000000000000000000, -0.000000000000000000, 1.000000000000000000 ) ) ;
#7699 = VERTEX_POINT ( 'NONE', #7483 ) ;
#7700 = DIRECTION ( 'NONE',  ( 1.000000000000000000, -0.000000000000000000, 5.634144622830656211E-16 ) ) ;
#7701 = EDGE_LOOP ( 'NONE', ( #6698, #4131, #6807, #5385 ) ) ;
#7702 = ORIENTED_EDGE ( 'NONE', *, *, #8098, .F. ) ;
#7703 = LINE ( 'NONE', #3984, #6095 ) ;
#7704 = ORIENTED_EDGE ( 'NONE', *, *, #396, .F. ) ;
#7705 = CLOSED_SHELL ( 'NONE', ( #2053, #8515, #6417, #1037, #2010, #7708, #1068, #7133, #5694, #723, #6110, #8031, #23, #8101, #9178, #4277, #5786, #87, #9602, #4388, #650, #311, #4655, #3976, #1682, #7216, #3342, #4258, #1149, #6339, #3948, #4921, #7073, #4830, #3925, #903, #4882, #8910, #4159, #818, #9413, #4226, #7759, #1424, #9553, #4630, #3292, #7465, #3114, #1746, #7292, #6223, #2232, #5189, #7959, #4775, #4078, #6921, #2850, #8757, #5446, #2631, #9874, #9267, #9293, #7042, #8887, #5105, #1383, #7143, #754, #1867, #4023, #7820, #7718, #4950, #8566, #1388, #9245, #8491, #2385, #5784, #1644, #3435, #6785, #4529, #8822, #7038, #9231, #8088, #3451, #5815, #3421, #1508, #1198, #8265, #9866, #4315, #3855, #1244, #2893, #2322, #9437, #785, #5191, #8825, #1181, #9019, #547, #1081, #7194, #273, #1938, #4727, #2118, #7020, #6830, #3283, #6783, #8272, #3126, #6412, #1767, #1209, #7327, #9615, #5618, #6426, #591, #8975, #6182, #4440, #9315, #165, #2246, #9000, #3524, #2332, #462, #5970, #9072, #5969, #3215, #4889, #1928, #2536, #2812, #3589, #4406, #394, #3019, #3155, #6541, #4535, #5388, #5869, #2040, #2313, #3849, #8642, #7032, #9204, #1833, #118, #9880, #662, #6232, #2060, #3525, #925, #2220, #7694, #6852, #4581, #5121, #3045, #5847, #3516, #9876, #1560, #6724, #9481, #701, #171, #5845, #7316, #8701, #2635, #8628, #3487, #6194, #26, #4933, #7653, #774, #1437, #4142, #3153, #6893, #512, #6161, #4215, #3040, #1732, #6669, #1001, #7205, #4618, #7347, #150, #9133, #1569, #5689, #8925, #7744, #8565, #4516, #2507, #7222, #7540, #4442, #6866, #4396, #6401, #6991, #633, #5541, #4340, #9826, #8937, #4335, #6109, #664, #1506, #9567, #464, #1634, #3306, #2177, #7528, #160, #6655, #9648, #1822, #7900, #1370, #1024, #6841, #8603, #1210, #4150, #3920, #7607, #4716, #6058, #4722, #6340, #8258, #477, #5232, #2595, #3043, #6919, #7478, #8943, #9690, #6282, #8021, #4410, #7391, #4803, #7878, #2824, #4942, #2546, #1057, #2726, #632, #5499, #8194, #8697, #9613, #8764, #6186, #9053, #1941, #9136, #3670, #536, #7517, #7451, #8006, #658, #1693, #9665, #3330, #7808, #1680, #3165, #2166, #3972, #6538 ) ) ;
#7706 = CIRCLE ( 'NONE', #8988, 1.500000000000001332 ) ;
#7707 = DIRECTION ( 'NONE',  ( -1.000000000000000000, -0.000000000000000000, -0.000000000000000000 ) ) ;
#7708 = ADVANCED_FACE ( 'NONE', ( #1511 ), #5110, .T. ) ;
#7709 = CYLINDRICAL_SURFACE ( 'NONE', #385, 10.00000000000000178 ) ;
#7710 = DIRECTION ( 'NONE',  ( 1.156482317317874190E-16, 0.000000000000000000, 1.000000000000000000 ) ) ;
#7711 = EDGE_CURVE ( 'NONE', #8250, #9411, #1299, .T. ) ;
#7712 = CARTESIAN_POINT ( 'NONE',  ( -56.99999999999998579, -5.219312084155296461, 2.999999999999982236 ) ) ;
#7713 = ORIENTED_EDGE ( 'NONE', *, *, #4515, .F. ) ;
#7714 = CARTESIAN_POINT ( 'NONE',  ( -7.500000000000001776, 0.7499999999999997780, 32.49999999999998579 ) ) ;
#7715 = VECTOR ( 'NONE', #1633, 1000.000000000000000 ) ;
#7716 = VECTOR ( 'NONE', #5727, 1000.000000000000000 ) ;
#7717 = VERTEX_POINT ( 'NONE', #6776 ) ;
#7718 = ADVANCED_FACE ( 'NONE', ( #3005 ), #6831, .F. ) ;
#7719 = ORIENTED_EDGE ( 'NONE', *, *, #6351, .F. ) ;
#7720 = CYLINDRICAL_SURFACE ( 'NONE', #953, 2.099999999999997868 ) ;
#7721 = CARTESIAN_POINT ( 'NONE',  ( -21.70000000000002416, 4.780687915844703539, -63.05398995351030322 ) ) ;
#7722 = VECTOR ( 'NONE', #7700, 1000.000000000000000 ) ;
#7723 = CARTESIAN_POINT ( 'NONE',  ( -12.40000000000000746, 10.80000000000000071, 5.081237268215529784E-15 ) ) ;
#7724 = VECTOR ( 'NONE', #883, 1000.000000000000000 ) ;
#7725 = CARTESIAN_POINT ( 'NONE',  ( 80.00000000000001421, 0.000000000000000000, 59.99999999999984368 ) ) ;
#7726 = CIRCLE ( 'NONE', #8053, 7.000000000000006217 ) ;
#7727 = EDGE_CURVE ( 'NONE', #4839, #347, #515, .T. ) ;
#7728 = CARTESIAN_POINT ( 'NONE',  ( -7.500000000000001776, -13.09066085202100105, -72.00000000000000000 ) ) ;
#7729 = DIRECTION ( 'NONE',  ( -1.000000000000000000, -2.392722035830078479E-16, 0.000000000000000000 ) ) ;
#7730 = ORIENTED_EDGE ( 'NONE', *, *, #5435, .T. ) ;
#7731 = CARTESIAN_POINT ( 'NONE',  ( 31.50000000000000000, 4.780687915844703539, 71.99999999999998579 ) ) ;
#7732 = ORIENTED_EDGE ( 'NONE', *, *, #8371, .F. ) ;
#7733 = AXIS2_PLACEMENT_3D ( 'NONE', #8198, #6845, #2866 ) ;
#7734 = VECTOR ( 'NONE', #2009, 1000.000000000000000 ) ;
#7735 = ORIENTED_EDGE ( 'NONE', *, *, #2417, .T. ) ;
#7736 = CARTESIAN_POINT ( 'NONE',  ( -31.49999999999999289, 3.780687915844703539, 51.00000000000006395 ) ) ;
#7737 = PLANE ( 'NONE',  #3527 ) ;
#7738 = DIRECTION ( 'NONE',  ( 0.000000000000000000, 1.000000000000000000, 0.000000000000000000 ) ) ;
#7739 = DIRECTION ( 'NONE',  ( 0.000000000000000000, 0.000000000000000000, -1.000000000000000000 ) ) ;
#7740 = VECTOR ( 'NONE', #7172, 1000.000000000000000 ) ;
#7741 = VECTOR ( 'NONE', #2942, 1000.000000000000000 ) ;
#7742 = CARTESIAN_POINT ( 'NONE',  ( 6.409502365731390761, 2.842679089187186925, 32.70152650473085743 ) ) ;
#7743 = VERTEX_POINT ( 'NONE', #6632 ) ;
#7744 = ADVANCED_FACE ( 'NONE', ( #7433 ), #556, .T. ) ;
#7745 = ORIENTED_EDGE ( 'NONE', *, *, #859, .T. ) ;
#7746 = VECTOR ( 'NONE', #4123, 1000.000000000000114 ) ;
#7747 = VECTOR ( 'NONE', #1772, 1000.000000000000000 ) ;
#7748 = DIRECTION ( 'NONE',  ( 0.000000000000000000, -1.000000000000000000, 0.000000000000000000 ) ) ;
#7749 = CARTESIAN_POINT ( 'NONE',  ( 23.00000000000000000, 4.780687915844703539, 61.00000000000000000 ) ) ;
#7750 = CARTESIAN_POINT ( 'NONE',  ( -13.39999999999998614, 9.600000000000001421, 54.84999999999998010 ) ) ;
#7751 = CARTESIAN_POINT ( 'NONE',  ( -7.099999999999999645, 7.000000000000000000, 56.10000000000001563 ) ) ;
#7752 = CIRCLE ( 'NONE', #2621, 2.999999999999999112 ) ;
#7753 = AXIS2_PLACEMENT_3D ( 'NONE', #3488, #6544, #1839 ) ;
#7754 = ORIENTED_EDGE ( 'NONE', *, *, #7580, .F. ) ;
#7755 = CYLINDRICAL_SURFACE ( 'NONE', #3388, 13.49999999999999822 ) ;
#7756 = ORIENTED_EDGE ( 'NONE', *, *, #5669, .T. ) ;
#7757 = VERTEX_POINT ( 'NONE', #3660 ) ;
#7758 = AXIS2_PLACEMENT_3D ( 'NONE', #1079, #1785, #1035 ) ;
#7759 = ADVANCED_FACE ( 'NONE', ( #6323, #1654 ), #8479, .T. ) ;
#7760 = LINE ( 'NONE', #5490, #330 ) ;
#7761 = EDGE_CURVE ( 'NONE', #2832, #6643, #4001, .T. ) ;
#7762 = VECTOR ( 'NONE', #4577, 1000.000000000000000 ) ;
#7763 = VERTEX_POINT ( 'NONE', #4620 ) ;
#7764 = DIRECTION ( 'NONE',  ( 1.000000000000000000, 0.000000000000000000, 0.000000000000000000 ) ) ;
#7765 = DIRECTION ( 'NONE',  ( 0.000000000000000000, -1.000000000000000000, 0.000000000000000000 ) ) ;
#7766 = CARTESIAN_POINT ( 'NONE',  ( -11.09999999999998899, 10.80000000000000071, 54.84999999999998010 ) ) ;
#7767 = FACE_OUTER_BOUND ( 'NONE', #4261, .T. ) ;
#7768 = ORIENTED_EDGE ( 'NONE', *, *, #7401, .T. ) ;
#7769 = CARTESIAN_POINT ( 'NONE',  ( -20.49999999999999289, 3.780687915844703539, 51.00000000000000000 ) ) ;
#7770 = VERTEX_POINT ( 'NONE', #4805 ) ;
#7771 = EDGE_CURVE ( 'NONE', #9068, #4806, #4669, .T. ) ;
#7772 = EDGE_CURVE ( 'NONE', #2730, #7791, #4762, .T. ) ;
#7773 = ORIENTED_EDGE ( 'NONE', *, *, #5797, .F. ) ;
#7774 = CARTESIAN_POINT ( 'NONE',  ( 26.00000000000000000, -1.219312084155296683, 72.00000000000000000 ) ) ;
#7775 = CARTESIAN_POINT ( 'NONE',  ( -27.74999999999999645, 3.250000000002019274, -87.50000000000224532 ) ) ;
#7776 = FACE_OUTER_BOUND ( 'NONE', #8662, .T. ) ;
#7777 = CARTESIAN_POINT ( 'NONE',  ( 2.308517379148995757E-15, 4.780687915844703539, -38.50000000000000711 ) ) ;
#7778 = DIRECTION ( 'NONE',  ( -1.000000000000000000, -2.392722035830078479E-16, -0.000000000000000000 ) ) ;
#7779 = CARTESIAN_POINT ( 'NONE',  ( -9.500000000000001776, 4.780687915844703539, -72.00000000000000000 ) ) ;
#7780 = EDGE_CURVE ( 'NONE', #3903, #5987, #755, .T. ) ;
#7781 = EDGE_LOOP ( 'NONE', ( #2372, #7542, #6020, #2901 ) ) ;
#7782 = CARTESIAN_POINT ( 'NONE',  ( 9.999999999999930722, 3.780687915844703539, 72.00000000000000000 ) ) ;
#7783 = EDGE_LOOP ( 'NONE', ( #8756, #4508, #2698, #5584 ) ) ;
#7784 = EDGE_CURVE ( 'NONE', #6078, #2589, #1807, .T. ) ;
#7785 = EDGE_CURVE ( 'NONE', #2483, #2382, #8583, .T. ) ;
#7786 = VERTEX_POINT ( 'NONE', #6120 ) ;
#7787 = DIRECTION ( 'NONE',  ( 0.000000000000000000, -0.000000000000000000, 1.000000000000000000 ) ) ;
#7788 = DIRECTION ( 'NONE',  ( -2.275047181608928630E-16, 0.000000000000000000, 1.000000000000000000 ) ) ;
#7789 = CARTESIAN_POINT ( 'NONE',  ( 11.59999999999999964, 9.799999999999998934, 21.19999999999996732 ) ) ;
#7790 = DIRECTION ( 'NONE',  ( -2.372271420139227768E-16, -0.000000000000000000, 1.000000000000000000 ) ) ;
#7791 = VERTEX_POINT ( 'NONE', #899 ) ;
#7792 = EDGE_LOOP ( 'NONE', ( #2842, #7486, #7045, #169 ) ) ;
#7793 = DIRECTION ( 'NONE',  ( 1.000000000000000000, 0.000000000000000000, -0.000000000000000000 ) ) ;
#7794 = PLANE ( 'NONE',  #4325 ) ;
#7795 = DIRECTION ( 'NONE',  ( 0.000000000000000000, 0.000000000000000000, 1.000000000000000000 ) ) ;
#7796 = DIRECTION ( 'NONE',  ( 0.000000000000000000, 0.000000000000000000, 1.000000000000000000 ) ) ;
#7797 = ORIENTED_EDGE ( 'NONE', *, *, #4479, .F. ) ;
#7798 =( LENGTH_UNIT ( ) NAMED_UNIT ( * ) SI_UNIT ( .MILLI., .METRE. ) );
#7799 = VERTEX_POINT ( 'NONE', #9249 ) ;
#7800 = ORIENTED_EDGE ( 'NONE', *, *, #8398, .T. ) ;
#7801 = FACE_OUTER_BOUND ( 'NONE', #4227, .T. ) ;
#7802 = CARTESIAN_POINT ( 'NONE',  ( 17.00000000000000000, 4.780687915844703539, 46.00000000000000000 ) ) ;
#7803 = ORIENTED_EDGE ( 'NONE', *, *, #40, .F. ) ;
#7804 = CARTESIAN_POINT ( 'NONE',  ( 20.49999999999999645, 3.780687915844703539, 50.99999999999999289 ) ) ;
#7805 = VECTOR ( 'NONE', #7499, 1000.000000000000000 ) ;
#7806 = DIRECTION ( 'NONE',  ( 0.000000000000000000, -1.000000000000000000, 0.000000000000000000 ) ) ;
#7807 = LINE ( 'NONE', #1731, #9027 ) ;
#7808 = ADVANCED_FACE ( 'NONE', ( #8435 ), #9198, .F. ) ;
#7809 = CARTESIAN_POINT ( 'NONE',  ( 2.308517379148995757E-15, -1.719312084155296239, -38.50000000000000711 ) ) ;
#7810 = ORIENTED_EDGE ( 'NONE', *, *, #1623, .F. ) ;
#7811 = DIRECTION ( 'NONE',  ( 0.000000000000000000, 0.000000000000000000, 1.000000000000000000 ) ) ;
#7812 = EDGE_LOOP ( 'NONE', ( #5090, #6508, #7556, #2290 ) ) ;
#7813 = VERTEX_POINT ( 'NONE', #7779 ) ;
#7814 = DIRECTION ( 'NONE',  ( 0.000000000000000000, 0.000000000000000000, -1.000000000000000000 ) ) ;
#7815 = CARTESIAN_POINT ( 'NONE',  ( -21.70000000000002416, 4.780687915844703539, -63.05398995351030322 ) ) ;
#7816 = DIRECTION ( 'NONE',  ( -0.000000000000000000, 1.000000000000000000, -0.000000000000000000 ) ) ;
#7817 = LINE ( 'NONE', #3049, #6935 ) ;
#7818 = DIRECTION ( 'NONE',  ( -0.000000000000000000, 1.000000000000000000, -0.000000000000000000 ) ) ;
#7819 = EDGE_CURVE ( 'NONE', #2427, #2407, #8698, .T. ) ;
#7820 = ADVANCED_FACE ( 'NONE', ( #2504 ), #1599, .F. ) ;
#7821 = CARTESIAN_POINT ( 'NONE',  ( -8.500000000000000000, -0.2193120841552965994, 0.000000000000000000 ) ) ;
#7822 = ORIENTED_EDGE ( 'NONE', *, *, #4763, .F. ) ;
#7823 = CARTESIAN_POINT ( 'NONE',  ( 7.520331544528486845, -1.384696410178755110, 45.00000000000000000 ) ) ;
#7824 = ORIENTED_EDGE ( 'NONE', *, *, #7662, .F. ) ;
#7825 = VERTEX_POINT ( 'NONE', #801 ) ;
#7826 = CARTESIAN_POINT ( 'NONE',  ( 58.50000000000002132, 4.780687915844703539, -58.50000000000000000 ) ) ;
#7827 = ORIENTED_EDGE ( 'NONE', *, *, #2379, .F. ) ;
#7828 = CYLINDRICAL_SURFACE ( 'NONE', #1451, 1.000000000000000888 ) ;
#7829 = CARTESIAN_POINT ( 'NONE',  ( 11.59999999999999964, 8.000000000000000000, 21.19999999999996732 ) ) ;
#7830 = CARTESIAN_POINT ( 'NONE',  ( -13.39999999999999147, 9.799999999999998934, 42.14999999999997016 ) ) ;
#7831 = EDGE_CURVE ( 'NONE', #4244, #1592, #8532, .T. ) ;
#7832 = EDGE_CURVE ( 'NONE', #456, #4249, #51, .T. ) ;
#7833 = ORIENTED_EDGE ( 'NONE', *, *, #9414, .F. ) ;
#7834 = ORIENTED_EDGE ( 'NONE', *, *, #2537, .F. ) ;
#7835 = FACE_OUTER_BOUND ( 'NONE', #3891, .T. ) ;
#7836 = EDGE_CURVE ( 'NONE', #573, #6872, #2314, .T. ) ;
#7837 = CYLINDRICAL_SURFACE ( 'NONE', #639, 15.00000000000001066 ) ;
#7838 = LINE ( 'NONE', #9449, #3383 ) ;
#7839 = LINE ( 'NONE', #963, #265 ) ;
#7840 = CARTESIAN_POINT ( 'NONE',  ( 12.59999999999999964, 10.80000000000000071, 21.19999999999996732 ) ) ;
#7841 = VERTEX_POINT ( 'NONE', #2456 ) ;
#7842 = PERSON_AND_ORGANIZATION_ROLE ( 'creator' ) ;
#7843 = VERTEX_POINT ( 'NONE', #6930 ) ;
#7844 = AXIS2_PLACEMENT_3D ( 'NONE', #8784, #1151, #402 ) ;
#7845 = ORIENTED_EDGE ( 'NONE', *, *, #9561, .T. ) ;
#7846 =( BOUNDED_CURVE ( )  B_SPLINE_CURVE ( 3, ( #9621, #7318, #333, #7208 ),
 .UNSPECIFIED., .F., .F. ) 
 B_SPLINE_CURVE_WITH_KNOTS ( ( 4, 4 ),
 ( 4.712388980384700332, 5.192161266973340794 ),
 .UNSPECIFIED. ) 
 CURVE ( )  GEOMETRIC_REPRESENTATION_ITEM ( )  RATIONAL_B_SPLINE_CURVE ( ( 1.000000000000000000, 0.9809100217293671431, 0.9809100217293671431, 1.000000000000000000 ) ) 
 REPRESENTATION_ITEM ( '' )  );
#7847 = DIRECTION ( 'NONE',  ( -3.469446951953611428E-15, 0.000000000000000000, 1.000000000000000000 ) ) ;
#7848 = DIRECTION ( 'NONE',  ( -0.000000000000000000, -0.000000000000000000, 1.000000000000000000 ) ) ;
#7849 = VERTEX_POINT ( 'NONE', #3110 ) ;
#7850 = DIRECTION ( 'NONE',  ( 0.000000000000000000, 0.000000000000000000, -1.000000000000000000 ) ) ;
#7851 = FACE_OUTER_BOUND ( 'NONE', #1010, .T. ) ;
#7852 = VECTOR ( 'NONE', #1607, 1000.000000000000000 ) ;
#7853 = DIRECTION ( 'NONE',  ( -0.7071067811865439090, -0.7071067811865512365, 0.000000000000000000 ) ) ;
#7854 = CARTESIAN_POINT ( 'NONE',  ( -13.39999999999999147, 9.600000000000001421, 42.14999999999997016 ) ) ;
#7855 = ORIENTED_EDGE ( 'NONE', *, *, #5626, .F. ) ;
#7856 = LINE ( 'NONE', #1591, #5680 ) ;
#7857 = ORIENTED_EDGE ( 'NONE', *, *, #6530, .T. ) ;
#7858 = EDGE_CURVE ( 'NONE', #6190, #9093, #6218, .T. ) ;
#7859 = VECTOR ( 'NONE', #6681, 1000.000000000000000 ) ;
#7860 = AXIS2_PLACEMENT_3D ( 'NONE', #2466, #7592, #8443 ) ;
#7861 = EDGE_LOOP ( 'NONE', ( #6973, #78, #824, #7, #3368, #5452, #1466, #6087 ) ) ;
#7862 = CARTESIAN_POINT ( 'NONE',  ( -19.79999999999996874, -6.519312084155297171, -57.09601004648968114 ) ) ;
#7863 = DIRECTION ( 'NONE',  ( -1.000000000000000000, -0.000000000000000000, -0.000000000000000000 ) ) ;
#7864 = DIRECTION ( 'NONE',  ( -1.000000000000000000, 1.214306433183764966E-16, 0.000000000000000000 ) ) ;
#7865 = CARTESIAN_POINT ( 'NONE',  ( -27.00000000000000355, 4.780687915844703539, 55.00000000000000000 ) ) ;
#7866 = CARTESIAN_POINT ( 'NONE',  ( -39.99999999999998579, -5.219312084155296461, 17.99999999999998934 ) ) ;
#7867 = AXIS2_PLACEMENT_3D ( 'NONE', #4811, #7787, #5522 ) ;
#7868 = AXIS2_PLACEMENT_3D ( 'NONE', #2940, #687, #2343 ) ;
#7869 = VECTOR ( 'NONE', #215, 1000.000000000000000 ) ;
#7870 = PLANE ( 'NONE',  #837 ) ;
#7871 = ORIENTED_EDGE ( 'NONE', *, *, #4828, .T. ) ;
#7872 = LINE ( 'NONE', #5461, #1510 ) ;
#7873 = ORIENTED_EDGE ( 'NONE', *, *, #5998, .T. ) ;
#7874 = VERTEX_POINT ( 'NONE', #4724 ) ;
#7875 = EDGE_CURVE ( 'NONE', #6427, #1582, #1638, .T. ) ;
#7876 = VECTOR ( 'NONE', #5697, 1000.000000000000000 ) ;
#7877 = CARTESIAN_POINT ( 'NONE',  ( -7.500000000000001776, 1.890660852021001315, 34.26320526901057661 ) ) ;
#7878 = ADVANCED_FACE ( 'NONE', ( #6266 ), #7870, .F. ) ;
#7879 = ORIENTED_EDGE ( 'NONE', *, *, #1706, .T. ) ;
#7880 = CARTESIAN_POINT ( 'NONE',  ( 26.99999999999999645, -1.219312084155296683, 64.00000000000000000 ) ) ;
#7881 = CARTESIAN_POINT ( 'NONE',  ( 40.00000000000002132, -5.219312084155296461, -48.99999999999999289 ) ) ;
#7882 = DIRECTION ( 'NONE',  ( 0.000000000000000000, 0.000000000000000000, -1.000000000000000000 ) ) ;
#7883 = VECTOR ( 'NONE', #6652, 1000.000000000000000 ) ;
#7884 = EDGE_LOOP ( 'NONE', ( #1482, #840, #8099, #1778, #8711, #3655, #1883, #1858, #5850, #3159 ) ) ;
#7885 = LINE ( 'NONE', #9224, #8234 ) ;
#7886 = CIRCLE ( 'NONE', #8051, 1.000000000000000888 ) ;
#7887 = AXIS2_PLACEMENT_3D ( 'NONE', #7676, #4615, #9088 ) ;
#7888 = AXIS2_PLACEMENT_3D ( 'NONE', #2173, #8451, #6796 ) ;
#7889 = VECTOR ( 'NONE', #8196, 1000.000000000000000 ) ;
#7890 = ORIENTED_EDGE ( 'NONE', *, *, #5057, .F. ) ;
#7891 = EDGE_CURVE ( 'NONE', #637, #3204, #4960, .T. ) ;
#7892 = FACE_OUTER_BOUND ( 'NONE', #1981, .T. ) ;
#7893 = EDGE_CURVE ( 'NONE', #8158, #6667, #8882, .T. ) ;
#7894 = DIRECTION ( 'NONE',  ( -1.652117596168394412E-16, 0.000000000000000000, -1.000000000000000000 ) ) ;
#7895 = VECTOR ( 'NONE', #5931, 1000.000000000000000 ) ;
#7896 = LINE ( 'NONE', #1019, #4513 ) ;
#7897 = AXIS2_PLACEMENT_3D ( 'NONE', #8081, #5855, #9626 ) ;
#7898 = CARTESIAN_POINT ( 'NONE',  ( 25.41238779767269307, 0.3376122023272575268, -84.01210852264345874 ) ) ;
#7899 = CARTESIAN_POINT ( 'NONE',  ( 10.25000000000000178, -2.000000000002335465, -87.50000000000224532 ) ) ;
#7900 = ADVANCED_FACE ( 'NONE', ( #5754 ), #995, .F. ) ;
#7901 = AXIS2_PLACEMENT_3D ( 'NONE', #9573, #2583, #4248 ) ;
#7902 = ORIENTED_EDGE ( 'NONE', *, *, #6860, .T. ) ;
#7903 = PERSON_AND_ORGANIZATION_ROLE ( 'classification_officer' ) ;
#7904 = VECTOR ( 'NONE', #8602, 1000.000000000000000 ) ;
#7905 = ORIENTED_EDGE ( 'NONE', *, *, #3722, .F. ) ;
#7906 = ORIENTED_EDGE ( 'NONE', *, *, #1708, .F. ) ;
#7907 = EDGE_CURVE ( 'NONE', #2473, #6219, #3504, .T. ) ;
#7908 = FACE_OUTER_BOUND ( 'NONE', #5904, .T. ) ;
#7909 = EDGE_LOOP ( 'NONE', ( #9345, #727, #7834, #6358, #5835, #8118 ) ) ;
#7910 = VECTOR ( 'NONE', #8579, 1000.000000000000000 ) ;
#7911 = LINE ( 'NONE', #9417, #5150 ) ;
#7912 = AXIS2_PLACEMENT_3D ( 'NONE', #9818, #9063, #3538 ) ;
#7913 = CARTESIAN_POINT ( 'NONE',  ( -11.09999999999999254, 10.80000000000000071, 42.14999999999997726 ) ) ;
#7914 = CIRCLE ( 'NONE', #1977, 0.6999999999999992895 ) ;
#7915 = ADVANCED_BREP_SHAPE_REPRESENTATION ( 'GAI', ( #8809, #989 ), #8526 ) ;
#7916 = CARTESIAN_POINT ( 'NONE',  ( -2.416603668789085280, 4.724577786174729788, 9.680415939107543721 ) ) ;
#7917 = DIRECTION ( 'NONE',  ( 0.000000000000000000, -1.000000000000000000, 0.000000000000000000 ) ) ;
#7918 = VECTOR ( 'NONE', #3033, 1000.000000000000000 ) ;
#7919 = EDGE_LOOP ( 'NONE', ( #9452, #6501, #5063, #8772 ) ) ;
#7920 = FACE_OUTER_BOUND ( 'NONE', #8884, .T. ) ;
#7921 = ORIENTED_EDGE ( 'NONE', *, *, #3051, .T. ) ;
#7922 = CIRCLE ( 'NONE', #9215, 2.099999999999997868 ) ;
#7923 = ORIENTED_EDGE ( 'NONE', *, *, #5057, .T. ) ;
#7924 = FACE_OUTER_BOUND ( 'NONE', #4383, .T. ) ;
#7925 = LINE ( 'NONE', #7063, #6915 ) ;
#7926 = VECTOR ( 'NONE', #6547, 1000.000000000000000 ) ;
#7927 = CYLINDRICAL_SURFACE ( 'NONE', #1021, 2.000000000002175593 ) ;
#7928 = FACE_OUTER_BOUND ( 'NONE', #3505, .T. ) ;
#7929 = CARTESIAN_POINT ( 'NONE',  ( -9.500000000000001776, -0.2193120841552965994, -72.00000000000000000 ) ) ;
#7930 = AXIS2_PLACEMENT_3D ( 'NONE', #4997, #1846, #4948 ) ;
#7931 = CARTESIAN_POINT ( 'NONE',  ( 7.370162829917852321, 2.020659899481997090, 34.17910568806843941 ) ) ;
#7932 = CARTESIAN_POINT ( 'NONE',  ( -8.430171065814368703, 1.113103353799140383, 34.59999999999998721 ) ) ;
#7933 = EDGE_LOOP ( 'NONE', ( #7803, #930, #5345, #7773 ) ) ;
#7934 = LINE ( 'NONE', #4915, #1663 ) ;
#7935 = ORIENTED_EDGE ( 'NONE', *, *, #9934, .F. ) ;
#7936 = ORIENTED_EDGE ( 'NONE', *, *, #6307, .T. ) ;
#7937 = CARTESIAN_POINT ( 'NONE',  ( -6.446648490627164385, 2.814349140636237312, 32.89797121089331000 ) ) ;
#7938 = ORIENTED_EDGE ( 'NONE', *, *, #4515, .T. ) ;
#7939 = PLANE ( 'NONE',  #2091 ) ;
#7940 = CARTESIAN_POINT ( 'NONE',  ( 40.00000000000000000, 4.780687915844703539, -32.00000000000000000 ) ) ;
#7941 = CARTESIAN_POINT ( 'NONE',  ( 17.00000000000000000, 4.780687915844703539, 46.00000000000000000 ) ) ;
#7942 = ORIENTED_EDGE ( 'NONE', *, *, #2366, .T. ) ;
#7943 = EDGE_CURVE ( 'NONE', #3677, #3413, #4832, .T. ) ;
#7944 = CARTESIAN_POINT ( 'NONE',  ( 9.499999999999991118, -0.2193120841552965994, -72.00000000000000000 ) ) ;
#7945 = EDGE_CURVE ( 'NONE', #5252, #9421, #7252, .T. ) ;
#7946 = ORIENTED_EDGE ( 'NONE', *, *, #2488, .F. ) ;
#7947 = CARTESIAN_POINT ( 'NONE',  ( -16.50000000000007816, 0.7499999999999997780, 32.49999999999997868 ) ) ;
#7948 = DIRECTION ( 'NONE',  ( -0.000000000000000000, 0.000000000000000000, 1.000000000000000000 ) ) ;
#7949 = CARTESIAN_POINT ( 'NONE',  ( 8.484234814047679762, 0.08150558390836416811, 30.48056800428610913 ) ) ;
#7950 = DIRECTION ( 'NONE',  ( -1.000000000000000000, 0.000000000000000000, 0.000000000000000000 ) ) ;
#7951 = DIRECTION ( 'NONE',  ( -1.000000000000000000, 0.000000000000000000, 0.000000000000000000 ) ) ;
#7952 = EDGE_CURVE ( 'NONE', #8844, #2493, #2602, .T. ) ;
#7953 = ORIENTED_EDGE ( 'NONE', *, *, #3539, .T. ) ;
#7954 = DATE_AND_TIME ( #8650, #4995 ) ;
#7955 = EDGE_LOOP ( 'NONE', ( #4421, #5890, #758, #9216, #6745, #6270, #19 ) ) ;
#7956 = ORIENTED_EDGE ( 'NONE', *, *, #7349, .T. ) ;
#7957 = CARTESIAN_POINT ( 'NONE',  ( -23.99999999999999645, -6.500000000000000000, -88.00000000000223110 ) ) ;
#7958 = EDGE_LOOP ( 'NONE', ( #284, #7058, #4728, #3905 ) ) ;
#7959 = ADVANCED_FACE ( 'NONE', ( #1049 ), #4156, .F. ) ;
#7960 = CARTESIAN_POINT ( 'NONE',  ( -6.999999999999999112, -3.719312084155296905, 46.00000000000000000 ) ) ;
#7961 = LINE ( 'NONE', #4992, #7112 ) ;
#7962 = LINE ( 'NONE', #1080, #9191 ) ;
#7963 = EDGE_CURVE ( 'NONE', #2620, #9865, #3350, .T. ) ;
#7964 = LINE ( 'NONE', #7263, #4537 ) ;
#7965 = EDGE_CURVE ( 'NONE', #3008, #5124, #1200, .T. ) ;
#7966 = ORIENTED_EDGE ( 'NONE', *, *, #9064, .F. ) ;
#7967 = DIRECTION ( 'NONE',  ( 1.000000000000000000, -0.000000000000000000, -1.476360405086644309E-16 ) ) ;
#7968 = ORIENTED_EDGE ( 'NONE', *, *, #9802, .F. ) ;
#7969 = EDGE_CURVE ( 'NONE', #9333, #5155, #8386, .T. ) ;
#7970 = VECTOR ( 'NONE', #9559, 1000.000000000000000 ) ;
#7971 = ORIENTED_EDGE ( 'NONE', *, *, #39, .T. ) ;
#7972 = PLANE ( 'NONE',  #8510 ) ;
#7973 = EDGE_CURVE ( 'NONE', #9302, #144, #442, .T. ) ;
#7974 = DIRECTION ( 'NONE',  ( 0.000000000000000000, 0.000000000000000000, -1.000000000000000000 ) ) ;
#7975 = CARTESIAN_POINT ( 'NONE',  ( -9.999999999999976907, -2.000000000000000000, -87.50000000000000000 ) ) ;
#7976 = CARTESIAN_POINT ( 'NONE',  ( 8.499999999999998224, -0.2193120841552965994, 0.000000000000000000 ) ) ;
#7977 = CARTESIAN_POINT ( 'NONE',  ( 26.99999999999999645, 4.780687915844703539, 55.00000000000000000 ) ) ;
#7978 = CARTESIAN_POINT ( 'NONE',  ( -7.099999999999999645, 7.000000000000000000, 54.00000000000001421 ) ) ;
#7979 = DIRECTION ( 'NONE',  ( -1.000000000000000000, 0.000000000000000000, -0.000000000000000000 ) ) ;
#7980 = ORIENTED_EDGE ( 'NONE', *, *, #2425, .F. ) ;
#7981 = CARTESIAN_POINT ( 'NONE',  ( -10.00000000000000000, 3.780687915844703539, 46.00000000000000000 ) ) ;
#7982 = ORIENTED_EDGE ( 'NONE', *, *, #1436, .T. ) ;
#7983 = EDGE_LOOP ( 'NONE', ( #2408, #6421, #1627, #2996 ) ) ;
#7984 = CIRCLE ( 'NONE', #8462, 3.000000000000002665 ) ;
#7985 = DIRECTION ( 'NONE',  ( 1.000000000000000000, 0.000000000000000000, 3.965082230804131206E-16 ) ) ;
#7986 = EDGE_LOOP ( 'NONE', ( #7434, #9114, #2204, #5705 ) ) ;
#7987 = CARTESIAN_POINT ( 'NONE',  ( 30.50000000000000000, 4.780687915844703539, 71.99999999999998579 ) ) ;
#7988 = DIRECTION ( 'NONE',  ( -0.000000000000000000, -0.000000000000000000, 1.000000000000000000 ) ) ;
#7989 = CARTESIAN_POINT ( 'NONE',  ( -12.59999999999999964, 9.799999999999998934, 24.19999999999997442 ) ) ;
#7990 = VERTEX_POINT ( 'NONE', #4260 ) ;
#7991 = DIRECTION ( 'NONE',  ( 1.000000000000000000, 0.000000000000000000, 0.000000000000000000 ) ) ;
#7992 = VERTEX_POINT ( 'NONE', #9539 ) ;
#7993 = CARTESIAN_POINT ( 'NONE',  ( 23.00000000000000000, 4.780687915844703539, 62.25000000000000000 ) ) ;
#7994 = PLANE ( 'NONE',  #5765 ) ;
#7995 = DIRECTION ( 'NONE',  ( 0.000000000000000000, 0.000000000000000000, -1.000000000000000000 ) ) ;
#7996 = CARTESIAN_POINT ( 'NONE',  ( 12.59999999999999964, 8.000000000000000000, 21.19999999999996732 ) ) ;
#7997 = CARTESIAN_POINT ( 'NONE',  ( 11.10000000000000497, 8.000000000000000000, 71.99999999999998579 ) ) ;
#7998 = CIRCLE ( 'NONE', #9120, 10.99999999999999645 ) ;
#7999 = VERTEX_POINT ( 'NONE', #9628 ) ;
#8000 = DIRECTION ( 'NONE',  ( 0.000000000000000000, 0.000000000000000000, 1.000000000000000000 ) ) ;
#8001 = ORIENTED_EDGE ( 'NONE', *, *, #1012, .T. ) ;
#8002 = ORIENTED_EDGE ( 'NONE', *, *, #6307, .F. ) ;
#8003 = CARTESIAN_POINT ( 'NONE',  ( 1.591022074243316986, 4.910120867587232318, -71.99603716536003617 ) ) ;
#8004 = DIRECTION ( 'NONE',  ( -0.000000000000000000, 1.000000000000000000, -0.000000000000000000 ) ) ;
#8005 = ORIENTED_EDGE ( 'NONE', *, *, #7891, .T. ) ;
#8006 = ADVANCED_FACE ( 'NONE', ( #292 ), #2654, .T. ) ;
#8007 = EDGE_CURVE ( 'NONE', #6221, #8089, #1901, .T. ) ;
#8008 = DIRECTION ( 'NONE',  ( 0.000000000000000000, -1.000000000000000000, 0.000000000000000000 ) ) ;
#8009 = VECTOR ( 'NONE', #9001, 1000.000000000000000 ) ;
#8010 = CARTESIAN_POINT ( 'NONE',  ( -11.09999999999999609, 10.80000000000000071, 24.99999999999997868 ) ) ;
#8011 = CARTESIAN_POINT ( 'NONE',  ( 8.499999999999992895, -0.2193120841552965994, 34.36291011149504726 ) ) ;
#8012 = CARTESIAN_POINT ( 'NONE',  ( -23.00000000000000000, 4.780687915844703539, 61.00000000000000000 ) ) ;
#8013 = EDGE_LOOP ( 'NONE', ( #6324, #10, #4656, #5347, #7857 ) ) ;
#8014 = PLANE ( 'NONE',  #2320 ) ;
#8015 = ORIENTED_EDGE ( 'NONE', *, *, #8517, .T. ) ;
#8016 = EDGE_CURVE ( 'NONE', #4017, #4505, #8731, .T. ) ;
#8017 = EDGE_LOOP ( 'NONE', ( #5595, #1033, #5892, #8958 ) ) ;
#8018 = VECTOR ( 'NONE', #9098, 1000.000000000000000 ) ;
#8019 = CARTESIAN_POINT ( 'NONE',  ( 24.00000000000000000, -6.500000000000000000, -74.99999999999997158 ) ) ;
#8020 = VECTOR ( 'NONE', #1695, 1000.000000000000000 ) ;
#8021 = ADVANCED_FACE ( 'NONE', ( #3459 ), #9584, .F. ) ;
#8022 = DIRECTION ( 'NONE',  ( -0.000000000000000000, 0.7071067811865474617, 0.7071067811865474617 ) ) ;
#8023 = FACE_OUTER_BOUND ( 'NONE', #5780, .T. ) ;
#8024 = CARTESIAN_POINT ( 'NONE',  ( -11.59999999999999609, 10.80000000000000071, 21.19999999999997087 ) ) ;
#8025 = CARTESIAN_POINT ( 'NONE',  ( -7.500000000000001776, 1.780687915844703539, -72.00000000000000000 ) ) ;
#8026 = CARTESIAN_POINT ( 'NONE',  ( 6.881437170294864458, 2.463796412695933302, 31.27430968318222071 ) ) ;
#8027 = CARTESIAN_POINT ( 'NONE',  ( 19.79999999999996874, -5.119312084155315468, -55.59601004648968114 ) ) ;
#8028 = VERTEX_POINT ( 'NONE', #485 ) ;
#8029 = DIRECTION ( 'NONE',  ( 0.000000000000000000, 1.000000000000000000, 0.000000000000000000 ) ) ;
#8030 = AXIS2_PLACEMENT_3D ( 'NONE', #4571, #3859, #8474 ) ;
#8031 = ADVANCED_FACE ( 'NONE', ( #1433 ), #4405, .F. ) ;
#8032 = ORIENTED_EDGE ( 'NONE', *, *, #5481, .F. ) ;
#8033 = CIRCLE ( 'NONE', #9465, 10.99999999999999645 ) ;
#8034 = LINE ( 'NONE', #9489, #4169 ) ;
#8035 = EDGE_CURVE ( 'NONE', #7326, #9282, #8969, .T. ) ;
#8036 = ORIENTED_EDGE ( 'NONE', *, *, #3638, .T. ) ;
#8037 = LINE ( 'NONE', #8835, #3689 ) ;
#8038 = DIRECTION ( 'NONE',  ( 1.000000000000000000, 0.000000000000000000, 0.000000000000000000 ) ) ;
#8039 = AXIS2_PLACEMENT_3D ( 'NONE', #7185, #3370, #6336 ) ;
#8040 = VECTOR ( 'NONE', #4445, 1000.000000000000000 ) ;
#8041 = DIRECTION ( 'NONE',  ( -1.000000000000000000, 0.000000000000000000, 4.097771990496391869E-16 ) ) ;
#8042 = ORIENTED_EDGE ( 'NONE', *, *, #5431, .F. ) ;
#8043 = CARTESIAN_POINT ( 'NONE',  ( 58.49999999999992895, -6.500000000000000000, -72.00000000000000000 ) ) ;
#8044 = AXIS2_PLACEMENT_3D ( 'NONE', #1521, #6228, #2413 ) ;
#8045 = CIRCLE ( 'NONE', #183, 2.500000000000002220 ) ;
#8046 = ORIENTED_EDGE ( 'NONE', *, *, #776, .T. ) ;
#8047 = LINE ( 'NONE', #2668, #34 ) ;
#8048 = CARTESIAN_POINT ( 'NONE',  ( -20.49999999999992184, 3.780687915844703539, 40.99999999999999289 ) ) ;
#8049 = CARTESIAN_POINT ( 'NONE',  ( 40.00000000000000000, 4.780687915844703539, 18.00000000000000000 ) ) ;
#8050 = DIRECTION ( 'NONE',  ( -1.000000000000000000, -0.000000000000000000, -0.000000000000000000 ) ) ;
#8051 = AXIS2_PLACEMENT_3D ( 'NONE', #9848, #7581, #2955 ) ;
#8052 = LINE ( 'NONE', #9752, #4538 ) ;
#8053 = AXIS2_PLACEMENT_3D ( 'NONE', #2270, #1006, #9297 ) ;
#8054 = EDGE_CURVE ( 'NONE', #5594, #6404, #4302, .T. ) ;
#8055 = ORIENTED_EDGE ( 'NONE', *, *, #4777, .F. ) ;
#8056 = DATE_AND_TIME ( #9605, #2277 ) ;
#8057 = ORIENTED_EDGE ( 'NONE', *, *, #4229, .F. ) ;
#8058 = VECTOR ( 'NONE', #9741, 1000.000000000000000 ) ;
#8059 = VECTOR ( 'NONE', #585, 1000.000000000000000 ) ;
#8060 = LINE ( 'NONE', #7448, #9583 ) ;
#8061 = DIRECTION ( 'NONE',  ( -0.000000000000000000, -1.000000000000000000, -0.000000000000000000 ) ) ;
#8062 = ORIENTED_EDGE ( 'NONE', *, *, #1150, .T. ) ;
#8063 = LINE ( 'NONE', #3167, #3066 ) ;
#8064 = CARTESIAN_POINT ( 'NONE',  ( 25.20000000000002771, -6.519312084155297171, -57.09601004648968114 ) ) ;
#8065 = CARTESIAN_POINT ( 'NONE',  ( -25.99999999999999645, 4.780687915844703539, 59.50000000000000711 ) ) ;
#8066 = VECTOR ( 'NONE', #1419, 1000.000000000000000 ) ;
#8067 = CARTESIAN_POINT ( 'NONE',  ( 8.395184441433917399, 1.780687915844703539, 34.32966729766141611 ) ) ;
#8068 = VERTEX_POINT ( 'NONE', #3555 ) ;
#8069 = DIRECTION ( 'NONE',  ( 1.000000000000000000, 1.214306433183764966E-16, 0.000000000000000000 ) ) ;
#8070 = EDGE_CURVE ( 'NONE', #861, #5395, #7421, .T. ) ;
#8071 = VERTEX_POINT ( 'NONE', #2195 ) ;
#8072 = EDGE_CURVE ( 'NONE', #2890, #6901, #5952, .T. ) ;
#8073 = VERTEX_POINT ( 'NONE', #2086 ) ;
#8074 = EDGE_CURVE ( 'NONE', #8523, #5093, #4352, .T. ) ;
#8075 = AXIS2_PLACEMENT_3D ( 'NONE', #8456, #3790, #6898 ) ;
#8076 = VERTEX_POINT ( 'NONE', #8274 ) ;
#8077 = VECTOR ( 'NONE', #876, 1000.000000000000000 ) ;
#8078 = DIRECTION ( 'NONE',  ( -0.000000000000000000, 1.000000000000000000, -0.000000000000000000 ) ) ;
#8079 = LINE ( 'NONE', #6660, #12 ) ;
#8080 = DIRECTION ( 'NONE',  ( -8.673617379884027583E-16, 0.000000000000000000, 1.000000000000000000 ) ) ;
#8081 = CARTESIAN_POINT ( 'NONE',  ( 0.000000000000000000, -6.519312084155297171, 0.000000000000000000 ) ) ;
#8082 = DIRECTION ( 'NONE',  ( 0.000000000000000000, 0.000000000000000000, -1.000000000000000000 ) ) ;
#8083 = CARTESIAN_POINT ( 'NONE',  ( -16.25000000000000000, 4.780687915844703539, 72.00000000000000000 ) ) ;
#8084 = EDGE_CURVE ( 'NONE', #922, #3161, #9030, .T. ) ;
#8085 = VECTOR ( 'NONE', #9949, 1000.000000000000000 ) ;
#8086 = VERTEX_POINT ( 'NONE', #1240 ) ;
#8087 = CARTESIAN_POINT ( 'NONE',  ( -26.00000000000000000, -1.219312084155296683, 64.00000000000000000 ) ) ;
#8088 = ADVANCED_FACE ( 'NONE', ( #6618 ), #9686, .F. ) ;
#8089 = VERTEX_POINT ( 'NONE', #9890 ) ;
#8090 = VECTOR ( 'NONE', #8613, 1000.000000000000000 ) ;
#8091 = DIRECTION ( 'NONE',  ( 0.000000000000000000, -1.000000000000000000, 0.000000000000000000 ) ) ;
#8092 = ORIENTED_EDGE ( 'NONE', *, *, #9256, .F. ) ;
#8093 = DIRECTION ( 'NONE',  ( 0.000000000000000000, 0.000000000000000000, -1.000000000000000000 ) ) ;
#8094 = AXIS2_PLACEMENT_3D ( 'NONE', #9617, #1132, #4250 ) ;
#8095 = CARTESIAN_POINT ( 'NONE',  ( -17.00000000000000000, 1.780687915844703539, 46.00000000000000000 ) ) ;
#8096 = LINE ( 'NONE', #9400, #1309 ) ;
#8097 = EDGE_CURVE ( 'NONE', #7115, #6747, #587, .T. ) ;
#8098 = EDGE_CURVE ( 'NONE', #6878, #6103, #6818, .T. ) ;
#8099 = ORIENTED_EDGE ( 'NONE', *, *, #7963, .T. ) ;
#8100 = CARTESIAN_POINT ( 'NONE',  ( 7.500000000000001776, 1.890660852020999538, 70.96998267230843283 ) ) ;
#8101 = ADVANCED_FACE ( 'NONE', ( #5204 ), #9729, .T. ) ;
#8102 = ORIENTED_EDGE ( 'NONE', *, *, #7100, .F. ) ;
#8103 = CARTESIAN_POINT ( 'NONE',  ( -8.502739052315863688, -0.2715763157891233348, -72.00000000000000000 ) ) ;
#8104 = DIRECTION ( 'NONE',  ( 1.000000000000000000, 0.000000000000000000, 0.000000000000000000 ) ) ;
#8105 = LINE ( 'NONE', #4278, #340 ) ;
#8106 = DIRECTION ( 'NONE',  ( 0.000000000000000000, 0.000000000000000000, -1.000000000000000000 ) ) ;
#8107 = FACE_OUTER_BOUND ( 'NONE', #1578, .T. ) ;
#8108 = ORIENTED_EDGE ( 'NONE', *, *, #3725, .T. ) ;
#8109 = EDGE_LOOP ( 'NONE', ( #5971, #2973, #5712, #7603, #672 ) ) ;
#8110 = CARTESIAN_POINT ( 'NONE',  ( 75.00000000000000000, 0.000000000000000000, -59.99999999999986500 ) ) ;
#8111 = DIRECTION ( 'NONE',  ( 0.000000000000000000, 0.7071067811865475727, -0.7071067811865475727 ) ) ;
#8112 = ORIENTED_EDGE ( 'NONE', *, *, #8551, .F. ) ;
#8113 = CARTESIAN_POINT ( 'NONE',  ( 20.87858936800429532, -5.072292276993006332, 75.00000000000002842 ) ) ;
#8114 = LINE ( 'NONE', #7353, #56 ) ;
#8115 = CARTESIAN_POINT ( 'NONE',  ( 10.00000000000002309, -1.601927402988237506E-13, -87.50000000000224532 ) ) ;
#8116 = ORIENTED_EDGE ( 'NONE', *, *, #3429, .T. ) ;
#8117 = CARTESIAN_POINT ( 'NONE',  ( 8.500000000000000000, -0.2193120841552965994, 0.000000000000000000 ) ) ;
#8118 = ORIENTED_EDGE ( 'NONE', *, *, #5994, .T. ) ;
#8119 = ORIENTED_EDGE ( 'NONE', *, *, #9694, .F. ) ;
#8120 = ORIENTED_EDGE ( 'NONE', *, *, #6036, .T. ) ;
#8121 = DIRECTION ( 'NONE',  ( 0.000000000000000000, 0.000000000000000000, -1.000000000000000000 ) ) ;
#8122 = FACE_OUTER_BOUND ( 'NONE', #9368, .T. ) ;
#8123 = CARTESIAN_POINT ( 'NONE',  ( -7.500000000000001776, 1.780687915844703539, 34.32966729766142322 ) ) ;
#8124 = CARTESIAN_POINT ( 'NONE',  ( -7.071053372813847382, 2.297541614436542812, -73.68434186502071270 ) ) ;
#8125 = EDGE_CURVE ( 'NONE', #5696, #1133, #5251, .T. ) ;
#8126 = DIRECTION ( 'NONE',  ( 1.000000000000000000, 0.000000000000000000, 0.000000000000000000 ) ) ;
#8127 = DIRECTION ( 'NONE',  ( -0.000000000000000000, 1.000000000000000000, -0.000000000000000000 ) ) ;
#8128 = VERTEX_POINT ( 'NONE', #2043 ) ;
#8129 = CARTESIAN_POINT ( 'NONE',  ( -9.500000000000001776, -5.219312084155296461, -49.00000000000000000 ) ) ;
#8130 = ORIENTED_EDGE ( 'NONE', *, *, #6607, .T. ) ;
#8131 = CARTESIAN_POINT ( 'NONE',  ( -9.500000000000001776, -5.219312084155296461, 19.99999999999998934 ) ) ;
#8132 = VERTEX_POINT ( 'NONE', #634 ) ;
#8133 = CARTESIAN_POINT ( 'NONE',  ( 17.00000000000000000, -1.219312084155296683, 55.00000000000000000 ) ) ;
#8134 = DIRECTION ( 'NONE',  ( -1.000000000000000000, 0.000000000000000000, 0.000000000000000000 ) ) ;
#8135 = EDGE_CURVE ( 'NONE', #7097, #7553, #2841, .T. ) ;
#8136 = DIRECTION ( 'NONE',  ( 0.000000000000000000, 0.000000000000000000, 1.000000000000000000 ) ) ;
#8137 = EDGE_CURVE ( 'NONE', #3425, #4812, #2120, .T. ) ;
#8138 = VERTEX_POINT ( 'NONE', #9774 ) ;
#8139 = DIRECTION ( 'NONE',  ( -0.000000000000000000, -0.000000000000000000, 1.000000000000000000 ) ) ;
#8140 = ORIENTED_EDGE ( 'NONE', *, *, #6582, .F. ) ;
#8141 = CARTESIAN_POINT ( 'NONE',  ( 31.50000000000000000, 3.780687915844703539, 71.99999999999998579 ) ) ;
#8142 = CARTESIAN_POINT ( 'NONE',  ( -7.099999999999999645, 4.780687915844703539, 54.00000000000001421 ) ) ;
#8143 = EDGE_CURVE ( 'NONE', #8349, #7025, #7569, .T. ) ;
#8144 = CARTESIAN_POINT ( 'NONE',  ( 2.999904558552108025, 4.566640184908964173, -38.69534404610852363 ) ) ;
#8145 = EDGE_CURVE ( 'NONE', #2158, #8914, #9835, .T. ) ;
#8146 = LINE ( 'NONE', #1114, #9514 ) ;
#8147 = ORIENTED_EDGE ( 'NONE', *, *, #5742, .F. ) ;
#8148 = EDGE_CURVE ( 'NONE', #948, #6311, #1688, .T. ) ;
#8149 = ORIENTED_EDGE ( 'NONE', *, *, #1559, .T. ) ;
#8150 = LINE ( 'NONE', #4286, #7889 ) ;
#8151 = CARTESIAN_POINT ( 'NONE',  ( 15.59999999999999609, 0.7500000000000096589, 72.00000000000000000 ) ) ;
#8152 = ORIENTED_EDGE ( 'NONE', *, *, #2499, .T. ) ;
#8153 = CARTESIAN_POINT ( 'NONE',  ( -23.20000000000002771, 4.780687915844703539, -59.05398995351029612 ) ) ;
#8154 = DIRECTION ( 'NONE',  ( 1.000000000000000000, 0.000000000000000000, 7.709882115452468306E-16 ) ) ;
#8155 = LINE ( 'NONE', #3635, #9521 ) ;
#8156 = EDGE_LOOP ( 'NONE', ( #1262, #6822, #3286, #2228, #5995, #4914 ) ) ;
#8157 = LINE ( 'NONE', #4486, #5471 ) ;
#8158 = VERTEX_POINT ( 'NONE', #6308 ) ;
#8159 = ORIENTED_EDGE ( 'NONE', *, *, #1793, .F. ) ;
#8160 = ORIENTED_EDGE ( 'NONE', *, *, #6842, .F. ) ;
#8161 = EDGE_LOOP ( 'NONE', ( #9185, #9486, #2048, #6300 ) ) ;
#8162 = FACE_OUTER_BOUND ( 'NONE', #9017, .T. ) ;
#8163 = DIRECTION ( 'NONE',  ( 1.927470528863118802E-16, 0.000000000000000000, -1.000000000000000000 ) ) ;
#8164 = PLANE ( 'NONE',  #4066 ) ;
#8165 = CARTESIAN_POINT ( 'NONE',  ( 10.00000000000002309, 1.999999999999999112, -72.00000000000000000 ) ) ;
#8166 = LINE ( 'NONE', #9582, #1864 ) ;
#8167 = DIRECTION ( 'NONE',  ( 1.000000000000000000, -0.000000000000000000, -7.381802025433220315E-17 ) ) ;
#8168 = EDGE_CURVE ( 'NONE', #1809, #3, #9200, .T. ) ;
#8169 = VERTEX_POINT ( 'NONE', #743 ) ;
#8170 = DIRECTION ( 'NONE',  ( 1.734723475976805517E-15, -0.000000000000000000, -1.000000000000000000 ) ) ;
#8171 = ORIENTED_EDGE ( 'NONE', *, *, #4954, .T. ) ;
#8172 = AXIS2_PLACEMENT_3D ( 'NONE', #5406, #9385, #4661 ) ;
#8173 = CARTESIAN_POINT ( 'NONE',  ( -9.500000000000001776, -5.219312084155296461, 17.99999999999998934 ) ) ;
#8174 = ORIENTED_EDGE ( 'NONE', *, *, #209, .T. ) ;
#8175 = CARTESIAN_POINT ( 'NONE',  ( 6.000000000000000000, -3.719312084155296905, 45.00000000000000000 ) ) ;
#8176 = CARTESIAN_POINT ( 'NONE',  ( 6.000000000000000000, -3.719312084155296905, 50.60000000000000142 ) ) ;
#8177 = CARTESIAN_POINT ( 'NONE',  ( 6.000000000000000000, -3.719312084155296905, 45.00000000000000000 ) ) ;
#8178 = AXIS2_PLACEMENT_3D ( 'NONE', #9861, #9705, #5829 ) ;
#8179 = CARTESIAN_POINT ( 'NONE',  ( 25.67638558210932942, 0.000000000000000000, 79.99999999999998579 ) ) ;
#8180 = ORIENTED_EDGE ( 'NONE', *, *, #940, .F. ) ;
#8181 = CARTESIAN_POINT ( 'NONE',  ( -17.49999999999999645, 4.780687915844703539, 53.99999999999999289 ) ) ;
#8182 = EDGE_CURVE ( 'NONE', #9865, #7813, #7010, .T. ) ;
#8183 = EDGE_CURVE ( 'NONE', #8607, #1615, #9279, .T. ) ;
#8184 = ORIENTED_EDGE ( 'NONE', *, *, #9565, .T. ) ;
#8185 = AXIS2_PLACEMENT_3D ( 'NONE', #2384, #2484, #5540 ) ;
#8186 = CARTESIAN_POINT ( 'NONE',  ( 12.60000000000000675, 8.000000000000000000, 25.19999999999997087 ) ) ;
#8187 = FACE_OUTER_BOUND ( 'NONE', #388, .T. ) ;
#8188 = LINE ( 'NONE', #1308, #7716 ) ;
#8189 = CARTESIAN_POINT ( 'NONE',  ( 10.25000000000000178, -1.601329222479280134E-13, -87.50000000000224532 ) ) ;
#8190 = VECTOR ( 'NONE', #287, 1000.000000000000000 ) ;
#8191 = CIRCLE ( 'NONE', #4835, 1.000000000000000888 ) ;
#8192 = EDGE_CURVE ( 'NONE', #6856, #9438, #7055, .T. ) ;
#8193 = ORIENTED_EDGE ( 'NONE', *, *, #417, .T. ) ;
#8194 = ADVANCED_FACE ( 'NONE', ( #5402 ), #3189, .F. ) ;
#8195 = ORIENTED_EDGE ( 'NONE', *, *, #2116, .T. ) ;
#8196 = DIRECTION ( 'NONE',  ( -1.000000000000000000, 0.000000000000000000, 0.000000000000000000 ) ) ;
#8197 = CC_DESIGN_SECURITY_CLASSIFICATION ( #6758, ( #1302 ) ) ;
#8198 = CARTESIAN_POINT ( 'NONE',  ( 2.308517379148995757E-15, -1.719312084155296239, 11.49999999999999289 ) ) ;
#8199 = ORIENTED_EDGE ( 'NONE', *, *, #9078, .F. ) ;
#8200 = AXIS2_PLACEMENT_3D ( 'NONE', #3873, #9298, #6185 ) ;
#8201 = VECTOR ( 'NONE', #5212, 1000.000000000000000 ) ;
#8202 = FACE_OUTER_BOUND ( 'NONE', #3263, .T. ) ;
#8203 = CARTESIAN_POINT ( 'NONE',  ( -9.500000000000001776, -0.2193120841552965994, 45.00000000000000000 ) ) ;
#8204 = EDGE_CURVE ( 'NONE', #7586, #9302, #89, .T. ) ;
#8205 = CARTESIAN_POINT ( 'NONE',  ( -7.099999999999999645, -3.999999999999999112, 54.00000000000001421 ) ) ;
#8206 = VECTOR ( 'NONE', #8324, 1000.000000000000000 ) ;
#8207 = ORIENTED_EDGE ( 'NONE', *, *, #7339, .T. ) ;
#8208 = DIRECTION ( 'NONE',  ( 0.000000000000000000, -1.000000000000000000, 0.000000000000000000 ) ) ;
#8209 = VECTOR ( 'NONE', #7135, 1000.000000000000000 ) ;
#8210 = VERTEX_POINT ( 'NONE', #3805 ) ;
#8211 = AXIS2_PLACEMENT_3D ( 'NONE', #8942, #5073, #9704 ) ;
#8212 = EDGE_CURVE ( 'NONE', #8621, #1084, #4217, .T. ) ;
#8213 = EDGE_LOOP ( 'NONE', ( #3366, #3408, #9585, #8055 ) ) ;
#8214 = ORIENTED_EDGE ( 'NONE', *, *, #209, .F. ) ;
#8215 = ORIENTED_EDGE ( 'NONE', *, *, #1013, .F. ) ;
#8216 = LINE ( 'NONE', #8964, #1297 ) ;
#8217 = LINE ( 'NONE', #5750, #2897 ) ;
#8218 = AXIS2_PLACEMENT_3D ( 'NONE', #5559, #1556, #101 ) ;
#8219 = LINE ( 'NONE', #5248, #3914 ) ;
#8220 = CIRCLE ( 'NONE', #847, 1.000000000000000888 ) ;
#8221 = CARTESIAN_POINT ( 'NONE',  ( -9.500000000000001776, -0.2193120841552965994, -72.00000000000000000 ) ) ;
#8222 = CARTESIAN_POINT ( 'NONE',  ( -25.99999999999999645, -1.219312084155296683, 59.50000000000000711 ) ) ;
#8223 = DIRECTION ( 'NONE',  ( -1.000000000000000000, 0.000000000000000000, -5.634144622830656211E-16 ) ) ;
#8224 = ORIENTED_EDGE ( 'NONE', *, *, #5322, .T. ) ;
#8225 = CARTESIAN_POINT ( 'NONE',  ( -12.59999999999999609, 9.799999999999998934, 21.19999999999997087 ) ) ;
#8226 = ORIENTED_EDGE ( 'NONE', *, *, #8400, .F. ) ;
#8227 = VECTOR ( 'NONE', #4750, 1000.000000000000000 ) ;
#8228 = AXIS2_PLACEMENT_3D ( 'NONE', #1917, #6839, #7644 ) ;
#8229 = CARTESIAN_POINT ( 'NONE',  ( 12.50000000000000000, 0.7500000000000096589, 72.00000000000000000 ) ) ;
#8230 = EDGE_LOOP ( 'NONE', ( #433, #2844, #4378, #1681 ) ) ;
#8231 = LINE ( 'NONE', #2007, #5132 ) ;
#8232 = DIRECTION ( 'NONE',  ( 1.000000000000000000, 2.392722035830078479E-16, -0.000000000000000000 ) ) ;
#8233 = FACE_OUTER_BOUND ( 'NONE', #5463, .T. ) ;
#8234 = VECTOR ( 'NONE', #5392, 1000.000000000000000 ) ;
#8235 = CIRCLE ( 'NONE', #5024, 2.999999999999999112 ) ;
#8236 = CARTESIAN_POINT ( 'NONE',  ( -11.09999999999998899, 9.600000000000001421, 54.84999999999998010 ) ) ;
#8237 = ORIENTED_EDGE ( 'NONE', *, *, #2373, .F. ) ;
#8238 = DIRECTION ( 'NONE',  ( 0.000000000000000000, 0.000000000000000000, -1.000000000000000000 ) ) ;
#8239 = AXIS2_PLACEMENT_3D ( 'NONE', #8064, #4846, #8657 ) ;
#8240 = VERTEX_POINT ( 'NONE', #6251 ) ;
#8241 = AXIS2_PLACEMENT_3D ( 'NONE', #5903, #1435, #2948 ) ;
#8242 = DIRECTION ( 'NONE',  ( 0.000000000000000000, 0.000000000000000000, 1.000000000000000000 ) ) ;
#8243 = CARTESIAN_POINT ( 'NONE',  ( -10.00000000000000000, 3.780687915844703539, 46.00000000000000000 ) ) ;
#8244 = AXIS2_PLACEMENT_3D ( 'NONE', #309, #7300, #418 ) ;
#8245 = LINE ( 'NONE', #3062, #6273 ) ;
#8246 = LINE ( 'NONE', #5977, #5785 ) ;
#8247 = EDGE_CURVE ( 'NONE', #5863, #6720, #1589, .T. ) ;
#8248 = DIRECTION ( 'NONE',  ( 0.000000000000000000, -0.000000000000000000, 1.000000000000000000 ) ) ;
#8249 = EDGE_CURVE ( 'NONE', #6600, #6219, #7668, .T. ) ;
#8250 = VERTEX_POINT ( 'NONE', #35 ) ;
#8251 = ORIENTED_EDGE ( 'NONE', *, *, #8449, .F. ) ;
#8252 = VERTEX_POINT ( 'NONE', #789 ) ;
#8253 = CYLINDRICAL_SURFACE ( 'NONE', #5778, 3.000000000000002665 ) ;
#8254 = LINE ( 'NONE', #8908, #1316 ) ;
#8255 = EDGE_LOOP ( 'NONE', ( #3771, #2550, #1676, #4853, #9923, #956, #5567 ) ) ;
#8256 = CYLINDRICAL_SURFACE ( 'NONE', #914, 9.000000000000001776 ) ;
#8257 = CARTESIAN_POINT ( 'NONE',  ( -6.858022075225183482E-16, -5.600000000000000533, 45.00000000000000000 ) ) ;
#8258 = ADVANCED_FACE ( 'NONE', ( #7767 ), #133, .T. ) ;
#8259 = DIRECTION ( 'NONE',  ( 1.000000000000000000, 0.000000000000000000, 0.000000000000000000 ) ) ;
#8260 = VERTEX_POINT ( 'NONE', #6163 ) ;
#8261 = LINE ( 'NONE', #9015, #507 ) ;
#8262 = ORIENTED_EDGE ( 'NONE', *, *, #2131, .F. ) ;
#8263 = ORIENTED_EDGE ( 'NONE', *, *, #5368, .T. ) ;
#8264 = VERTEX_POINT ( 'NONE', #9236 ) ;
#8265 = ADVANCED_FACE ( 'NONE', ( #2390 ), #6102, .F. ) ;
#8266 = ORIENTED_EDGE ( 'NONE', *, *, #6189, .T. ) ;
#8267 = CARTESIAN_POINT ( 'NONE',  ( 26.99999999999999645, -1.219312084155296683, 55.00000000000000000 ) ) ;
#8268 = LINE ( 'NONE', #1996, #7550 ) ;
#8269 = EDGE_CURVE ( 'NONE', #317, #9730, #9184, .T. ) ;
#8270 = DIRECTION ( 'NONE',  ( -0.8516583167045435054, 0.5240974256643353701, 0.000000000000000000 ) ) ;
#8271 = CARTESIAN_POINT ( 'NONE',  ( 26.71719133879120278, -0.9671913387912450810, -90.86807212974645154 ) ) ;
#8272 = ADVANCED_FACE ( 'NONE', ( #5447 ), #2300, .F. ) ;
#8273 = LINE ( 'NONE', #4496, #763 ) ;
#8274 = CARTESIAN_POINT ( 'NONE',  ( -19.79999999999996874, -6.519312084155297171, -56.59601004648968114 ) ) ;
#8275 = ORIENTED_EDGE ( 'NONE', *, *, #8619, .T. ) ;
#8276 = CARTESIAN_POINT ( 'NONE',  ( -58.49999999999990052, 4.780687915844703539, 72.00000000000000000 ) ) ;
#8277 = ORIENTED_EDGE ( 'NONE', *, *, #9760, .T. ) ;
#8278 = EDGE_CURVE ( 'NONE', #4981, #5393, #1645, .T. ) ;
#8279 = VECTOR ( 'NONE', #2974, 1000.000000000000000 ) ;
#8280 = PLANE ( 'NONE',  #5597 ) ;
#8281 = ORIENTED_EDGE ( 'NONE', *, *, #5378, .F. ) ;
#8282 = LINE ( 'NONE', #5064, #9470 ) ;
#8283 = DIRECTION ( 'NONE',  ( 8.673617379884027583E-16, 0.000000000000000000, 1.000000000000000000 ) ) ;
#8284 = CYLINDRICAL_SURFACE ( 'NONE', #4357, 15.00000000000000000 ) ;
#8285 = LINE ( 'NONE', #5317, #3120 ) ;
#8286 = DIRECTION ( 'NONE',  ( 0.000000000000000000, 0.000000000000000000, 1.000000000000000000 ) ) ;
#8287 = VERTEX_POINT ( 'NONE', #8424 ) ;
#8288 = DIRECTION ( 'NONE',  ( -0.000000000000000000, 0.000000000000000000, 1.000000000000000000 ) ) ;
#8289 = EDGE_LOOP ( 'NONE', ( #9170, #7589, #3673, #6254, #7674, #1845 ) ) ;
#8290 = PLANE ( 'NONE',  #7067 ) ;
#8291 = CARTESIAN_POINT ( 'NONE',  ( 23.12141063199569402, -1.427707723006991669, 79.99999999999998579 ) ) ;
#8292 = VECTOR ( 'NONE', #9600, 1000.000000000000000 ) ;
#8293 = CARTESIAN_POINT ( 'NONE',  ( -59.99999999999998579, -6.500000000000000000, -59.99999999999997158 ) ) ;
#8294 = LINE ( 'NONE', #8993, #4989 ) ;
#8295 = CARTESIAN_POINT ( 'NONE',  ( 11.60000000000000320, 9.799999999999998934, 25.19999999999997087 ) ) ;
#8296 = ORIENTED_EDGE ( 'NONE', *, *, #2917, .T. ) ;
#8297 = ORIENTED_EDGE ( 'NONE', *, *, #5116, .F. ) ;
#8298 = VERTEX_POINT ( 'NONE', #8570 ) ;
#8299 = FACE_OUTER_BOUND ( 'NONE', #134, .T. ) ;
#8300 = DIRECTION ( 'NONE',  ( 0.000000000000000000, 0.000000000000000000, -1.000000000000000000 ) ) ;
#8301 = VERTEX_POINT ( 'NONE', #7854 ) ;
#8302 = DIRECTION ( 'NONE',  ( 0.000000000000000000, 0.000000000000000000, -1.000000000000000000 ) ) ;
#8303 = CARTESIAN_POINT ( 'NONE',  ( -11.09999999999998899, 10.80000000000000071, 70.99999999999998579 ) ) ;
#8304 = DIRECTION ( 'NONE',  ( 0.000000000000000000, 0.000000000000000000, 1.000000000000000000 ) ) ;
#8305 = ORIENTED_EDGE ( 'NONE', *, *, #5770, .F. ) ;
#8306 = DIRECTION ( 'NONE',  ( 0.000000000000000000, 0.000000000000000000, 1.000000000000000000 ) ) ;
#8307 = EDGE_LOOP ( 'NONE', ( #1904, #3704, #6843, #8174 ) ) ;
#8308 = ORIENTED_EDGE ( 'NONE', *, *, #5918, .F. ) ;
#8309 = EDGE_CURVE ( 'NONE', #1041, #4244, #8766, .T. ) ;
#8310 = EDGE_LOOP ( 'NONE', ( #1153, #1121, #1890, #4330 ) ) ;
#8311 = EDGE_CURVE ( 'NONE', #1592, #6122, #980, .T. ) ;
#8312 = ORIENTED_EDGE ( 'NONE', *, *, #3365, .F. ) ;
#8313 = DIRECTION ( 'NONE',  ( -2.312964634635748380E-16, -0.000000000000000000, -1.000000000000000000 ) ) ;
#8314 = DIRECTION ( 'NONE',  ( 0.000000000000000000, 0.000000000000000000, 1.000000000000000000 ) ) ;
#8315 = DIRECTION ( 'NONE',  ( -0.000000000000000000, 1.000000000000000000, -0.000000000000000000 ) ) ;
#8316 = CARTESIAN_POINT ( 'NONE',  ( 13.00000000000000178, -3.719312084155296905, 45.00000000000000000 ) ) ;
#8317 = PLANE ( 'NONE',  #8949 ) ;
#8318 = DIRECTION ( 'NONE',  ( 1.476360405086644309E-16, 0.000000000000000000, 1.000000000000000000 ) ) ;
#8319 = ORIENTED_EDGE ( 'NONE', *, *, #1013, .T. ) ;
#8320 = DIRECTION ( 'NONE',  ( 0.000000000000000000, 0.000000000000000000, -1.000000000000000000 ) ) ;
#8321 = ORIENTED_EDGE ( 'NONE', *, *, #3789, .F. ) ;
#8322 = EDGE_CURVE ( 'NONE', #8132, #5405, #5591, .T. ) ;
#8323 = EDGE_CURVE ( 'NONE', #3161, #576, #4075, .T. ) ;
#8324 = DIRECTION ( 'NONE',  ( -0.000000000000000000, 1.000000000000000000, -0.000000000000000000 ) ) ;
#8325 = CYLINDRICAL_SURFACE ( 'NONE', #5119, 2.999999999999999112 ) ;
#8326 = ORIENTED_EDGE ( 'NONE', *, *, #3351, .T. ) ;
#8327 = CARTESIAN_POINT ( 'NONE',  ( -7.000000000000000000, -3.719312084155296905, 50.60000000000000142 ) ) ;
#8328 = CARTESIAN_POINT ( 'NONE',  ( 27.74999999999999645, -1.691654479331865729E-13, -87.50000000000224532 ) ) ;
#8329 = DIRECTION ( 'NONE',  ( -0.000000000000000000, 1.000000000000000000, -0.000000000000000000 ) ) ;
#8330 = CARTESIAN_POINT ( 'NONE',  ( -60.00000000000002132, 8.000000000000000000, -80.00000000000001421 ) ) ;
#8331 = CARTESIAN_POINT ( 'NONE',  ( -58.49999999999990052, 4.780687915844703539, 72.00000000000000000 ) ) ;
#8332 = EDGE_CURVE ( 'NONE', #4124, #6089, #8864, .T. ) ;
#8333 = ORIENTED_EDGE ( 'NONE', *, *, #6860, .F. ) ;
#8334 = DIRECTION ( 'NONE',  ( 0.000000000000000000, 0.000000000000000000, 1.000000000000000000 ) ) ;
#8335 = EDGE_CURVE ( 'NONE', #8076, #5122, #9525, .T. ) ;
#8336 = EDGE_LOOP ( 'NONE', ( #8032, #3389 ) ) ;
#8337 = DIRECTION ( 'NONE',  ( -1.000000000000000000, 0.000000000000000000, -1.927470528863118802E-16 ) ) ;
#8338 = DIRECTION ( 'NONE',  ( 0.000000000000000000, 0.000000000000000000, -1.000000000000000000 ) ) ;
#8339 = DIRECTION ( 'NONE',  ( -0.000000000000000000, -0.000000000000000000, -1.000000000000000000 ) ) ;
#8340 = VECTOR ( 'NONE', #7894, 1000.000000000000000 ) ;
#8341 = CARTESIAN_POINT ( 'NONE',  ( -30.50000000000000000, 3.780687915844703539, 71.99999999999998579 ) ) ;
#8342 = CIRCLE ( 'NONE', #8172, 19.99999999999999645 ) ;
#8343 = CARTESIAN_POINT ( 'NONE',  ( -18.32361441789065282, -6.500000000000000000, 75.00000000000004263 ) ) ;
#8344 = EDGE_LOOP ( 'NONE', ( #105, #652, #5261, #4341 ) ) ;
#8345 = VECTOR ( 'NONE', #6330, 1000.000000000000000 ) ;
#8346 = ORIENTED_EDGE ( 'NONE', *, *, #6091, .F. ) ;
#8347 = DIRECTION ( 'NONE',  ( 0.000000000000000000, 0.000000000000000000, -1.000000000000000000 ) ) ;
#8348 = CARTESIAN_POINT ( 'NONE',  ( 19.79999999999996874, -6.519312084155297171, -55.59601004648968114 ) ) ;
#8349 = VERTEX_POINT ( 'NONE', #7111 ) ;
#8350 = DIRECTION ( 'NONE',  ( -5.634144622830656211E-16, -0.000000000000000000, 1.000000000000000000 ) ) ;
#8351 = AXIS2_PLACEMENT_3D ( 'NONE', #2856, #4468, #6784 ) ;
#8352 = VECTOR ( 'NONE', #3253, 1000.000000000000000 ) ;
#8353 = CARTESIAN_POINT ( 'NONE',  ( 40.00000000000000711, 4.780687915844703539, 20.00000000000000000 ) ) ;
#8354 = DIRECTION ( 'NONE',  ( 1.000000000000000000, -0.000000000000000000, 5.634144622830656211E-16 ) ) ;
#8355 = ORIENTED_EDGE ( 'NONE', *, *, #5789, .T. ) ;
#8356 = DIRECTION ( 'NONE',  ( 7.381802025433220315E-17, 0.000000000000000000, 1.000000000000000000 ) ) ;
#8357 = ORIENTED_EDGE ( 'NONE', *, *, #396, .T. ) ;
#8358 = ORIENTED_EDGE ( 'NONE', *, *, #8896, .F. ) ;
#8359 = CIRCLE ( 'NONE', #4198, 10.00000000000000178 ) ;
#8360 = ORIENTED_EDGE ( 'NONE', *, *, #7602, .T. ) ;
#8361 = ORIENTED_EDGE ( 'NONE', *, *, #3640, .T. ) ;
#8362 = CARTESIAN_POINT ( 'NONE',  ( -54.99999999999998579, -5.219312084155296461, 2.999999999999988898 ) ) ;
#8363 = CARTESIAN_POINT ( 'NONE',  ( 23.00000000000000000, -1.219312084155296683, 59.75000000000000000 ) ) ;
#8364 = LINE ( 'NONE', #4557, #6635 ) ;
#8365 = FACE_BOUND ( 'NONE', #6112, .T. ) ;
#8366 = CARTESIAN_POINT ( 'NONE',  ( -20.49999999999999645, 4.780687915844703539, 50.99999999999999289 ) ) ;
#8367 = VECTOR ( 'NONE', #1579, 1000.000000000000000 ) ;
#8368 = EDGE_CURVE ( 'NONE', #5594, #2435, #7964, .T. ) ;
#8369 = AXIS2_PLACEMENT_3D ( 'NONE', #6216, #3003, #6828 ) ;
#8370 = AXIS2_PLACEMENT_3D ( 'NONE', #7631, #9195, #1400 ) ;
#8371 = EDGE_CURVE ( 'NONE', #144, #7025, #1083, .T. ) ;
#8372 = DIRECTION ( 'NONE',  ( -0.000000000000000000, 1.000000000000000000, -0.000000000000000000 ) ) ;
#8373 = VERTEX_POINT ( 'NONE', #3447 ) ;
#8374 = CARTESIAN_POINT ( 'NONE',  ( -7.500000000000001776, 1.780687915844703539, 70.96998267230843283 ) ) ;
#8375 = EDGE_LOOP ( 'NONE', ( #5798, #3762, #8780, #6858, #829, #7507, #2914, #8180, #1497, #7661, #5488, #9806, #2728, #3732, #1086, #3517, #5081, #643, #2224, #635, #4185, #5088, #2889, #9708, #1660, #3653, #2153, #7502, #3027, #5244, #3794, #2633, #4972, #6381, #479, #7072, #5668 ) ) ;
#8376 = CARTESIAN_POINT ( 'NONE',  ( 7.465107571683480714, 1.780687915844703539, 44.99999999999998579 ) ) ;
#8377 = AXIS2_PLACEMENT_3D ( 'NONE', #9933, #3847, #3034 ) ;
#8378 = DIRECTION ( 'NONE',  ( 0.000000000000000000, -1.000000000000000000, 0.000000000000000000 ) ) ;
#8379 = ORIENTED_EDGE ( 'NONE', *, *, #1951, .F. ) ;
#8380 = CARTESIAN_POINT ( 'NONE',  ( 31.49999999999999289, 4.780687915844703539, 51.00000000000006395 ) ) ;
#8381 = CARTESIAN_POINT ( 'NONE',  ( -8.449200506237207975, 0.7500000000000000000, 34.59999999999998721 ) ) ;
#8382 = CARTESIAN_POINT ( 'NONE',  ( 2.308517379148995757E-15, 4.780687915844703539, 12.99999999999999467 ) ) ;
#8383 = DIRECTION ( 'NONE',  ( 0.05233595624294377913, 0.9986295347545739443, 0.000000000000000000 ) ) ;
#8384 = EDGE_CURVE ( 'NONE', #2435, #4550, #2492, .T. ) ;
#8385 = CARTESIAN_POINT ( 'NONE',  ( -23.12141063199569757, -1.427707723006992113, 79.99999999999998579 ) ) ;
#8386 = CIRCLE ( 'NONE', #2763, 19.99999999999999645 ) ;
#8387 = ORIENTED_EDGE ( 'NONE', *, *, #8745, .F. ) ;
#8388 = DIRECTION ( 'NONE',  ( 0.000000000000000000, 0.000000000000000000, -1.000000000000000000 ) ) ;
#8389 = VECTOR ( 'NONE', #5120, 1000.000000000000000 ) ;
#8390 = EDGE_LOOP ( 'NONE', ( #4999, #1958, #1976, #8119 ) ) ;
#8391 = DIRECTION ( 'NONE',  ( -1.000000000000000000, -0.000000000000000000, -0.000000000000000000 ) ) ;
#8392 = EDGE_CURVE ( 'NONE', #3839, #9865, #4792, .T. ) ;
#8393 = CARTESIAN_POINT ( 'NONE',  ( -25.99999999999999645, -1.219312084155296683, 59.50000000000000711 ) ) ;
#8394 = CIRCLE ( 'NONE', #7912, 3.099999999999998757 ) ;
#8395 = DIRECTION ( 'NONE',  ( -0.000000000000000000, 1.000000000000000000, 0.000000000000000000 ) ) ;
#8396 = VECTOR ( 'NONE', #1048, 1000.000000000000000 ) ;
#8397 = CARTESIAN_POINT ( 'NONE',  ( 7.465107571683480714, 1.780687915844703539, 45.99999999999998579 ) ) ;
#8398 = EDGE_CURVE ( 'NONE', #4164, #6190, #1817, .T. ) ;
#8399 = DIRECTION ( 'NONE',  ( 0.000000000000000000, -1.000000000000000000, 0.000000000000000000 ) ) ;
#8400 = EDGE_CURVE ( 'NONE', #3783, #4124, #2686, .T. ) ;
#8401 = VECTOR ( 'NONE', #1195, 1000.000000000000000 ) ;
#8402 = ORIENTED_EDGE ( 'NONE', *, *, #2774, .F. ) ;
#8403 = VECTOR ( 'NONE', #9202, 1000.000000000000000 ) ;
#8404 = ORIENTED_EDGE ( 'NONE', *, *, #8669, .F. ) ;
#8405 = CARTESIAN_POINT ( 'NONE',  ( -8.395184441433917399, 1.780687915844703539, -71.99999999999997158 ) ) ;
#8406 = DIRECTION ( 'NONE',  ( -0.000000000000000000, 1.000000000000000000, -0.000000000000000000 ) ) ;
#8407 = ORIENTED_EDGE ( 'NONE', *, *, #790, .T. ) ;
#8408 = AXIS2_PLACEMENT_3D ( 'NONE', #1127, #4192, #9611 ) ;
#8409 = CIRCLE ( 'NONE', #1032, 2.099999999999997868 ) ;
#8410 = LINE ( 'NONE', #9918, #7489 ) ;
#8411 = CARTESIAN_POINT ( 'NONE',  ( 55.00000000000001421, 4.780687915844703539, -31.99999999999999289 ) ) ;
#8412 = CIRCLE ( 'NONE', #7376, 2.500000000000002220 ) ;
#8413 = CARTESIAN_POINT ( 'NONE',  ( 9.999999999999930722, 3.780687915844703539, 72.00000000000000000 ) ) ;
#8414 = ORIENTED_EDGE ( 'NONE', *, *, #5878, .F. ) ;
#8415 = DIRECTION ( 'NONE',  ( -0.000000000000000000, 1.000000000000000000, -0.000000000000000000 ) ) ;
#8416 = ORIENTED_EDGE ( 'NONE', *, *, #3418, .F. ) ;
#8417 = ORIENTED_EDGE ( 'NONE', *, *, #3095, .T. ) ;
#8418 = ORIENTED_EDGE ( 'NONE', *, *, #2673, .F. ) ;
#8419 = ORIENTED_EDGE ( 'NONE', *, *, #5069, .F. ) ;
#8420 = DIRECTION ( 'NONE',  ( -0.000000000000000000, 1.000000000000000000, -0.000000000000000000 ) ) ;
#8421 = CARTESIAN_POINT ( 'NONE',  ( 9.499999999999927169, 3.780687915844703539, 40.99999999999999289 ) ) ;
#8422 = CARTESIAN_POINT ( 'NONE',  ( -17.00000000000000000, -1.219312084155296683, 55.00000000000000000 ) ) ;
#8423 = CARTESIAN_POINT ( 'NONE',  ( -4.785745664225509621, 3.860187642798238894, -72.22346703233081655 ) ) ;
#8424 = CARTESIAN_POINT ( 'NONE',  ( 6.000000000000000000, -3.719312084155296905, 50.60000000000000142 ) ) ;
#8425 = ORIENTED_EDGE ( 'NONE', *, *, #2734, .F. ) ;
#8426 = PLANE ( 'NONE',  #4562 ) ;
#8427 = ORIENTED_EDGE ( 'NONE', *, *, #2299, .T. ) ;
#8428 = ORIENTED_EDGE ( 'NONE', *, *, #6292, .F. ) ;
#8429 = DIRECTION ( 'NONE',  ( 1.000000000000000000, -0.000000000000000000, -0.000000000000000000 ) ) ;
#8430 = ORIENTED_EDGE ( 'NONE', *, *, #6690, .T. ) ;
#8431 = DIRECTION ( 'NONE',  ( 0.000000000000000000, -0.000000000000000000, -1.000000000000000000 ) ) ;
#8432 = LINE ( 'NONE', #6016, #8852 ) ;
#8433 = CARTESIAN_POINT ( 'NONE',  ( 58.49999999999990052, 4.780687915844703539, 72.00000000000000000 ) ) ;
#8434 = CARTESIAN_POINT ( 'NONE',  ( -26.00000000000000000, -1.219312084155296683, 72.00000000000000000 ) ) ;
#8435 = FACE_OUTER_BOUND ( 'NONE', #9942, .T. ) ;
#8436 = ORIENTED_EDGE ( 'NONE', *, *, #2260, .F. ) ;
#8437 = CARTESIAN_POINT ( 'NONE',  ( 75.00000000000000000, -6.500000000000000000, 59.99999999999992184 ) ) ;
#8438 = VECTOR ( 'NONE', #4386, 1000.000000000000000 ) ;
#8439 = VERTEX_POINT ( 'NONE', #5548 ) ;
#8440 = EDGE_CURVE ( 'NONE', #732, #104, #5741, .T. ) ;
#8441 = DIRECTION ( 'NONE',  ( 1.000000000000000000, 0.000000000000000000, 0.000000000000000000 ) ) ;
#8442 = EDGE_CURVE ( 'NONE', #9672, #6485, #6355, .T. ) ;
#8443 = DIRECTION ( 'NONE',  ( 0.000000000000000000, 0.000000000000000000, -1.000000000000000000 ) ) ;
#8444 = FACE_OUTER_BOUND ( 'NONE', #8723, .T. ) ;
#8445 = DIRECTION ( 'NONE',  ( -0.000000000000000000, 1.000000000000000000, -0.000000000000000000 ) ) ;
#8446 = DIRECTION ( 'NONE',  ( -0.000000000000000000, 1.000000000000000000, -0.000000000000000000 ) ) ;
#8447 = VERTEX_POINT ( 'NONE', #9420 ) ;
#8448 = VERTEX_POINT ( 'NONE', #8659 ) ;
#8449 = EDGE_CURVE ( 'NONE', #1656, #5049, #3088, .T. ) ;
#8450 = CIRCLE ( 'NONE', #8771, 2.100000000000000977 ) ;
#8451 = DIRECTION ( 'NONE',  ( 0.000000000000000000, -1.000000000000000000, 0.000000000000000000 ) ) ;
#8452 = EDGE_CURVE ( 'NONE', #2076, #8089, #7311, .T. ) ;
#8453 = CARTESIAN_POINT ( 'NONE',  ( 19.79999999999996874, -6.519312084155297171, -57.09601004648968114 ) ) ;
#8454 = DIRECTION ( 'NONE',  ( -0.000000000000000000, 1.000000000000000000, -0.000000000000000000 ) ) ;
#8455 = DIRECTION ( 'NONE',  ( 0.000000000000000000, -1.000000000000000000, -0.000000000000000000 ) ) ;
#8456 = CARTESIAN_POINT ( 'NONE',  ( 0.000000000000000000, 4.780687915844703539, 56.99999999999999289 ) ) ;
#8457 = EDGE_CURVE ( 'NONE', #2329, #5106, #3387, .T. ) ;
#8458 = ORIENTED_EDGE ( 'NONE', *, *, #6676, .T. ) ;
#8459 = CARTESIAN_POINT ( 'NONE',  ( 12.00000000000000000, -3.719312084155296905, 50.60000000000000142 ) ) ;
#8460 = ORIENTED_EDGE ( 'NONE', *, *, #4229, .T. ) ;
#8461 = ORIENTED_EDGE ( 'NONE', *, *, #7439, .T. ) ;
#8462 = AXIS2_PLACEMENT_3D ( 'NONE', #7545, #1527, #8347 ) ;
#8463 = CARTESIAN_POINT ( 'NONE',  ( 4.200000000000000178, 7.000000000000000000, 54.00000000000001421 ) ) ;
#8464 = ORIENTED_EDGE ( 'NONE', *, *, #8097, .T. ) ;
#8465 = CARTESIAN_POINT ( 'NONE',  ( 12.34999999999999787, 10.84999999999999964, 42.14999999999997016 ) ) ;
#8466 = CARTESIAN_POINT ( 'NONE',  ( -16.24999999999999645, 4.780687915844703539, 53.99999999999999289 ) ) ;
#8467 = CARTESIAN_POINT ( 'NONE',  ( 9.500000000000015987, -0.2193120841552965994, 17.99999999999999289 ) ) ;
#8468 = DIRECTION ( 'NONE',  ( 0.000000000000000000, 0.000000000000000000, -1.000000000000000000 ) ) ;
#8469 = ORIENTED_EDGE ( 'NONE', *, *, #6292, .T. ) ;
#8470 = DIRECTION ( 'NONE',  ( -0.000000000000000000, 1.000000000000000000, -0.000000000000000000 ) ) ;
#8471 = ORIENTED_EDGE ( 'NONE', *, *, #1298, .T. ) ;
#8472 = ORIENTED_EDGE ( 'NONE', *, *, #539, .T. ) ;
#8473 = DIRECTION ( 'NONE',  ( 0.000000000000000000, 0.000000000000000000, -1.000000000000000000 ) ) ;
#8474 = DIRECTION ( 'NONE',  ( 2.392722035830078479E-16, -1.000000000000000000, 0.000000000000000000 ) ) ;
#8475 = DIRECTION ( 'NONE',  ( -0.000000000000000000, -0.000000000000000000, 1.000000000000000000 ) ) ;
#8476 = CARTESIAN_POINT ( 'NONE',  ( 0.000000000000000000, 1.780687915844703539, 0.000000000000000000 ) ) ;
#8477 = CARTESIAN_POINT ( 'NONE',  ( 2.145068389081269178, 4.780687915844704428, 70.96998267230843283 ) ) ;
#8478 = EDGE_CURVE ( 'NONE', #478, #4489, #6397, .T. ) ;
#8479 = PLANE ( 'NONE',  #5330 ) ;
#8480 = ORIENTED_EDGE ( 'NONE', *, *, #6191, .F. ) ;
#8481 = DIRECTION ( 'NONE',  ( -0.000000000000000000, -0.000000000000000000, 1.000000000000000000 ) ) ;
#8482 = ORIENTED_EDGE ( 'NONE', *, *, #9326, .T. ) ;
#8483 = VERTEX_POINT ( 'NONE', #5648 ) ;
#8484 = LINE ( 'NONE', #61, #8837 ) ;
#8485 = DIRECTION ( 'NONE',  ( 0.000000000000000000, 0.000000000000000000, -1.000000000000000000 ) ) ;
#8486 = CARTESIAN_POINT ( 'NONE',  ( 59.99999999999999289, 8.000000000000000000, -60.00000000000001421 ) ) ;
#8487 = CARTESIAN_POINT ( 'NONE',  ( 13.39999999999999858, 9.600000000000001421, 42.14999999999997016 ) ) ;
#8488 = CARTESIAN_POINT ( 'NONE',  ( 7.243498464200025744, 2.140720324292121557, 34.08140448031811331 ) ) ;
#8489 = VERTEX_POINT ( 'NONE', #1844 ) ;
#8490 = EDGE_CURVE ( 'NONE', #6605, #6391, #8155, .T. ) ;
#8491 = ADVANCED_FACE ( 'NONE', ( #8913 ), #620, .F. ) ;
#8492 = EDGE_LOOP ( 'NONE', ( #9616, #5111 ) ) ;
#8493 = AXIS2_PLACEMENT_3D ( 'NONE', #8048, #4885, #2669 ) ;
#8494 = CARTESIAN_POINT ( 'NONE',  ( 12.60000000000000675, 10.80000000000000071, 25.19999999999997087 ) ) ;
#8495 = VECTOR ( 'NONE', #6769, 1000.000000000000000 ) ;
#8496 = FACE_OUTER_BOUND ( 'NONE', #6644, .T. ) ;
#8497 = CARTESIAN_POINT ( 'NONE',  ( 8.999999999999932498, 3.780687915844703539, 72.00000000000000000 ) ) ;
#8498 = DIRECTION ( 'NONE',  ( 0.000000000000000000, 1.000000000000000000, 0.000000000000000000 ) ) ;
#8499 = EDGE_CURVE ( 'NONE', #967, #434, #1420, .T. ) ;
#8500 = VECTOR ( 'NONE', #1005, 1000.000000000000000 ) ;
#8501 = EDGE_CURVE ( 'NONE', #8210, #9438, #6693, .T. ) ;
#8502 = ORIENTED_EDGE ( 'NONE', *, *, #2116, .F. ) ;
#8503 = LINE ( 'NONE', #1481, #8688 ) ;
#8504 = ORIENTED_EDGE ( 'NONE', *, *, #6616, .F. ) ;
#8505 = VERTEX_POINT ( 'NONE', #1374 ) ;
#8506 = ORIENTED_EDGE ( 'NONE', *, *, #9836, .F. ) ;
#8507 = ORIENTED_EDGE ( 'NONE', *, *, #5306, .T. ) ;
#8508 = CIRCLE ( 'NONE', #9795, 19.99999999999999645 ) ;
#8509 = VECTOR ( 'NONE', #4789, 1000.000000000000000 ) ;
#8510 = AXIS2_PLACEMENT_3D ( 'NONE', #4952, #7270, #391 ) ;
#8511 = EDGE_CURVE ( 'NONE', #7849, #6094, #6650, .T. ) ;
#8512 = CARTESIAN_POINT ( 'NONE',  ( 75.00000000000000000, 0.000000000000000000, 59.99999999999992184 ) ) ;
#8513 = DIRECTION ( 'NONE',  ( -0.000000000000000000, 1.000000000000000000, -0.000000000000000000 ) ) ;
#8514 = LINE ( 'NONE', #1636, #1808 ) ;
#8515 = ADVANCED_FACE ( 'NONE', ( #4435 ), #677, .F. ) ;
#8516 = CARTESIAN_POINT ( 'NONE',  ( -9.999999999999978684, 1.999999999999999112, -87.50000000000000000 ) ) ;
#8517 = EDGE_CURVE ( 'NONE', #8914, #5849, #1975, .T. ) ;
#8518 = ORIENTED_EDGE ( 'NONE', *, *, #1706, .F. ) ;
#8519 = DIRECTION ( 'NONE',  ( -1.000000000000000000, 0.000000000000000000, -5.634144622830656211E-16 ) ) ;
#8520 = VECTOR ( 'NONE', #2662, 1000.000000000000000 ) ;
#8521 = AXIS2_PLACEMENT_3D ( 'NONE', #4527, #7642, #3872 ) ;
#8522 = ORIENTED_EDGE ( 'NONE', *, *, #3095, .F. ) ;
#8523 = VERTEX_POINT ( 'NONE', #1326 ) ;
#8524 = CARTESIAN_POINT ( 'NONE',  ( -2.980532592267699954, 4.572411463592845671, -38.10769365300979672 ) ) ;
#8525 = CARTESIAN_POINT ( 'NONE',  ( 17.00000000000000000, -0.2193120841552965994, 46.00000000000000000 ) ) ;
#8526 =( GEOMETRIC_REPRESENTATION_CONTEXT ( 3 ) GLOBAL_UNCERTAINTY_ASSIGNED_CONTEXT ( ( #7249 ) ) GLOBAL_UNIT_ASSIGNED_CONTEXT ( ( #7798, #1776, #313 ) ) REPRESENTATION_CONTEXT ( 'NONE', 'WORKASPACE' ) );
#8527 = CARTESIAN_POINT ( 'NONE',  ( 2.308517379148995757E-15, -1.719312084155296239, -38.50000000000000711 ) ) ;
#8528 = AXIS2_PLACEMENT_3D ( 'NONE', #7050, #274, #320 ) ;
#8529 = LINE ( 'NONE', #5369, #3073 ) ;
#8530 = CARTESIAN_POINT ( 'NONE',  ( 59.99999999999989342, -6.500000000000000000, -74.99999999999997158 ) ) ;
#8531 = CIRCLE ( 'NONE', #7888, 15.00000000000000000 ) ;
#8532 = LINE ( 'NONE', #8627, #5646 ) ;
#8533 = VERTEX_POINT ( 'NONE', #8957 ) ;
#8534 = FACE_BOUND ( 'NONE', #3953, .T. ) ;
#8535 = ORIENTED_EDGE ( 'NONE', *, *, #6668, .F. ) ;
#8536 = AXIS2_PLACEMENT_3D ( 'NONE', #3405, #2545, #2697 ) ;
#8537 = AXIS2_PLACEMENT_3D ( 'NONE', #5161, #1449, #9787 ) ;
#8538 = VERTEX_POINT ( 'NONE', #1228 ) ;
#8539 = CARTESIAN_POINT ( 'NONE',  ( -7.243397788789252445, 2.140816378313302071, 34.08132964623690242 ) ) ;
#8540 = CARTESIAN_POINT ( 'NONE',  ( -23.99999999999999645, 7.999999999999998224, -145.1422975141768177 ) ) ;
#8541 = CARTESIAN_POINT ( 'NONE',  ( 23.00000000000000000, 4.780687915844703539, 58.50000000000000000 ) ) ;
#8542 = CARTESIAN_POINT ( 'NONE',  ( -9.500000000000001776, -0.2193120841552965994, 45.00000000000000000 ) ) ;
#8543 = VECTOR ( 'NONE', #5357, 1000.000000000000000 ) ;
#8544 = ORIENTED_EDGE ( 'NONE', *, *, #1255, .T. ) ;
#8545 = VERTEX_POINT ( 'NONE', #2180 ) ;
#8546 = AXIS2_PLACEMENT_3D ( 'NONE', #1868, #2013, #4925 ) ;
#8547 = VECTOR ( 'NONE', #3523, 1000.000000000000000 ) ;
#8548 = CARTESIAN_POINT ( 'NONE',  ( 57.00000000000000711, 4.780687915844703539, -31.99999999999998579 ) ) ;
#8549 = DIRECTION ( 'NONE',  ( -1.000000000000000000, 0.000000000000000000, 0.000000000000000000 ) ) ;
#8550 = EDGE_CURVE ( 'NONE', #4439, #7346, #2029, .T. ) ;
#8551 = EDGE_CURVE ( 'NONE', #7560, #1484, #8394, .T. ) ;
#8552 = DIRECTION ( 'NONE',  ( 0.000000000000000000, 1.000000000000000000, 0.000000000000000000 ) ) ;
#8553 = FACE_OUTER_BOUND ( 'NONE', #6671, .T. ) ;
#8554 = VECTOR ( 'NONE', #1392, 1000.000000000000000 ) ;
#8555 = VECTOR ( 'NONE', #8004, 1000.000000000000000 ) ;
#8556 = ORIENTED_EDGE ( 'NONE', *, *, #2537, .T. ) ;
#8557 = CARTESIAN_POINT ( 'NONE',  ( -9.500000000000001776, -0.2193120841552965994, 45.00000000000000000 ) ) ;
#8558 = EDGE_LOOP ( 'NONE', ( #6867, #8355, #5902, #3006, #197 ) ) ;
#8559 = ORIENTED_EDGE ( 'NONE', *, *, #8859, .F. ) ;
#8560 = AXIS2_PLACEMENT_3D ( 'NONE', #2191, #8270, #9074 ) ;
#8561 = DIRECTION ( 'NONE',  ( -0.000000000000000000, -1.000000000000000000, -0.000000000000000000 ) ) ;
#8562 = DIRECTION ( 'NONE',  ( 1.000000000000000000, 0.000000000000000000, 0.000000000000000000 ) ) ;
#8563 = VECTOR ( 'NONE', #5996, 1000.000000000000000 ) ;
#8564 = ORIENTED_EDGE ( 'NONE', *, *, #7195, .T. ) ;
#8565 = ADVANCED_FACE ( 'NONE', ( #2929 ), #4484, .T. ) ;
#8566 = ADVANCED_FACE ( 'NONE', ( #9762 ), #3593, .F. ) ;
#8567 = DIRECTION ( 'NONE',  ( 1.365923996832130623E-16, 0.000000000000000000, -1.000000000000000000 ) ) ;
#8568 = CARTESIAN_POINT ( 'NONE',  ( -59.99999999999985789, 0.000000000000000000, 79.99999999999998579 ) ) ;
#8569 = DIRECTION ( 'NONE',  ( 1.000000000000000000, 0.000000000000000000, 0.000000000000000000 ) ) ;
#8570 = CARTESIAN_POINT ( 'NONE',  ( 7.500000000000000888, -0.2193120841552965994, 45.00000000000000711 ) ) ;
#8571 = ORIENTED_EDGE ( 'NONE', *, *, #2673, .T. ) ;
#8572 = CARTESIAN_POINT ( 'NONE',  ( -25.67638558210932942, -3.000000000000000000, 75.00000000000002842 ) ) ;
#8573 = ORIENTED_EDGE ( 'NONE', *, *, #3168, .T. ) ;
#8574 = EDGE_CURVE ( 'NONE', #814, #2890, #7552, .T. ) ;
#8575 = ORIENTED_EDGE ( 'NONE', *, *, #9424, .T. ) ;
#8576 = DIRECTION ( 'NONE',  ( 1.000000000000000000, 0.000000000000000000, 0.000000000000000000 ) ) ;
#8577 = EDGE_CURVE ( 'NONE', #8607, #3582, #7594, .T. ) ;
#8578 = PLANE ( 'NONE',  #656 ) ;
#8579 = DIRECTION ( 'NONE',  ( -0.000000000000000000, -0.000000000000000000, 1.000000000000000000 ) ) ;
#8580 = CARTESIAN_POINT ( 'NONE',  ( 26.99999999999999645, -1.219312084155296683, 72.00000000000000000 ) ) ;
#8581 = CARTESIAN_POINT ( 'NONE',  ( 7.500000000000000888, -0.2193120841552965994, 0.000000000000000000 ) ) ;
#8582 = EDGE_CURVE ( 'NONE', #1366, #6092, #1985, .T. ) ;
#8583 = LINE ( 'NONE', #3053, #1479 ) ;
#8584 = ORIENTED_EDGE ( 'NONE', *, *, #5289, .T. ) ;
#8585 = CARTESIAN_POINT ( 'NONE',  ( 10.10000000000000497, 9.799999999999998934, 71.99999999999998579 ) ) ;
#8586 = EDGE_CURVE ( 'NONE', #5535, #7264, #4291, .T. ) ;
#8587 = EDGE_LOOP ( 'NONE', ( #7159, #5084, #4866, #6855 ) ) ;
#8588 = ORIENTED_EDGE ( 'NONE', *, *, #7533, .T. ) ;
#8589 = LINE ( 'NONE', #1710, #174 ) ;
#8590 = CC_DESIGN_DATE_AND_TIME_ASSIGNMENT ( #3327, #968, ( #555 ) ) ;
#8591 = ORIENTED_EDGE ( 'NONE', *, *, #5242, .T. ) ;
#8592 = CARTESIAN_POINT ( 'NONE',  ( -26.00000000000000000, -1.219312084155296683, 64.00000000000000000 ) ) ;
#8593 = PLANE ( 'NONE',  #7568 ) ;
#8594 = CARTESIAN_POINT ( 'NONE',  ( -17.50000000000000000, 4.780687915844703539, 72.00000000000000000 ) ) ;
#8595 = VERTEX_POINT ( 'NONE', #7354 ) ;
#8596 = AXIS2_PLACEMENT_3D ( 'NONE', #4911, #5856, #3458 ) ;
#8597 = ORIENTED_EDGE ( 'NONE', *, *, #5566, .T. ) ;
#8598 = CARTESIAN_POINT ( 'NONE',  ( 2.492214399021098873E-15, -1.719312084155296239, -40.00000000000000711 ) ) ;
#8599 = LINE ( 'NONE', #6195, #2267 ) ;
#8600 = CARTESIAN_POINT ( 'NONE',  ( -8.575546176318663782, -1.660819000726960093, 46.00000000000000000 ) ) ;
#8601 = CARTESIAN_POINT ( 'NONE',  ( -26.99999999999999645, -1.219312084155296683, 72.00000000000000000 ) ) ;
#8602 = DIRECTION ( 'NONE',  ( -1.000000000000000000, -2.392722035830078479E-16, -0.000000000000000000 ) ) ;
#8603 = ADVANCED_FACE ( 'NONE', ( #2781 ), #5842, .F. ) ;
#8604 = ORIENTED_EDGE ( 'NONE', *, *, #8871, .F. ) ;
#8605 = PERSON_AND_ORGANIZATION_ROLE ( 'creator' ) ;
#8606 = ORIENTED_EDGE ( 'NONE', *, *, #2051, .F. ) ;
#8607 = VERTEX_POINT ( 'NONE', #9922 ) ;
#8608 = VERTEX_POINT ( 'NONE', #4546 ) ;
#8609 = CARTESIAN_POINT ( 'NONE',  ( -39.99999999999998579, 4.780687915844703539, 17.99999999999998934 ) ) ;
#8610 = ORIENTED_EDGE ( 'NONE', *, *, #8990, .F. ) ;
#8611 = LINE ( 'NONE', #9520, #4511 ) ;
#8612 = AXIS2_PLACEMENT_3D ( 'NONE', #5533, #2422, #917 ) ;
#8613 = DIRECTION ( 'NONE',  ( 0.000000000000000000, 1.000000000000000000, 0.000000000000000000 ) ) ;
#8614 = CARTESIAN_POINT ( 'NONE',  ( -2.703209002422316320, 4.649801994009685302, 12.81537107242047036 ) ) ;
#8615 = CARTESIAN_POINT ( 'NONE',  ( 57.00000000000000711, -5.219312084155296461, -31.99999999999998579 ) ) ;
#8616 = VERTEX_POINT ( 'NONE', #1762 ) ;
#8617 = FACE_OUTER_BOUND ( 'NONE', #4219, .T. ) ;
#8618 = EDGE_CURVE ( 'NONE', #8089, #4134, #823, .T. ) ;
#8619 = EDGE_CURVE ( 'NONE', #1912, #7645, #4820, .T. ) ;
#8620 = ORIENTED_EDGE ( 'NONE', *, *, #9054, .F. ) ;
#8621 = VERTEX_POINT ( 'NONE', #2978 ) ;
#8622 = LINE ( 'NONE', #2353, #7370 ) ;
#8623 = CARTESIAN_POINT ( 'NONE',  ( 55.00000000000001421, -5.219312084155296461, -31.99999999999999289 ) ) ;
#8624 = CARTESIAN_POINT ( 'NONE',  ( -26.99999999999999645, 4.780687915844703539, 64.00000000000000000 ) ) ;
#8625 = CARTESIAN_POINT ( 'NONE',  ( -7.000000000000000000, 4.780687915844703539, 50.60000000000000142 ) ) ;
#8626 = DIRECTION ( 'NONE',  ( -0.000000000000000000, 1.000000000000000000, -0.000000000000000000 ) ) ;
#8627 = CARTESIAN_POINT ( 'NONE',  ( -26.99999999999999645, -1.219312084155296683, 59.50000000000000711 ) ) ;
#8628 = ADVANCED_FACE ( 'NONE', ( #2336 ), #5285, .F. ) ;
#8629 = ORIENTED_EDGE ( 'NONE', *, *, #2131, .T. ) ;
#8630 = CARTESIAN_POINT ( 'NONE',  ( -11.59999999999999609, 8.000000000000000000, 21.19999999999997087 ) ) ;
#8631 = EDGE_CURVE ( 'NONE', #4812, #9562, #7885, .T. ) ;
#8632 = VERTEX_POINT ( 'NONE', #7654 ) ;
#8633 = ORIENTED_EDGE ( 'NONE', *, *, #604, .T. ) ;
#8634 = FACE_BOUND ( 'NONE', #173, .T. ) ;
#8635 = VERTEX_POINT ( 'NONE', #9164 ) ;
#8636 = CARTESIAN_POINT ( 'NONE',  ( 25.20000000000002771, -5.119312084155316356, -55.59601004648968114 ) ) ;
#8637 = LINE ( 'NONE', #9442, #511 ) ;
#8638 = CARTESIAN_POINT ( 'NONE',  ( -30.50000000000000000, 3.780687915844703539, 71.99999999999998579 ) ) ;
#8639 = EDGE_CURVE ( 'NONE', #1870, #4146, #4638, .T. ) ;
#8640 = EDGE_LOOP ( 'NONE', ( #1330, #9384, #7314, #1794 ) ) ;
#8641 = FACE_OUTER_BOUND ( 'NONE', #9446, .T. ) ;
#8642 = ADVANCED_FACE ( 'NONE', ( #8641 ), #730, .T. ) ;
#8643 = EDGE_LOOP ( 'NONE', ( #7879, #7504, #6792, #6918 ) ) ;
#8644 = DIRECTION ( 'NONE',  ( -0.000000000000000000, -1.000000000000000000, -0.000000000000000000 ) ) ;
#8645 = CARTESIAN_POINT ( 'NONE',  ( -7.500000000000001776, -13.09066085202100105, 70.96998267230843283 ) ) ;
#8646 = DIRECTION ( 'NONE',  ( 0.000000000000000000, 0.000000000000000000, 1.000000000000000000 ) ) ;
#8647 = LINE ( 'NONE', #9849, #2315 ) ;
#8648 = CARTESIAN_POINT ( 'NONE',  ( 13.00000000000000178, -1.219312084155296683, 46.00000000000000000 ) ) ;
#8649 = ORIENTED_EDGE ( 'NONE', *, *, #5424, .F. ) ;
#8650 = CALENDAR_DATE ( 2026, 20, 8 ) ;
#8651 = ORIENTED_EDGE ( 'NONE', *, *, #9002, .F. ) ;
#8652 = VECTOR ( 'NONE', #8378, 1000.000000000000000 ) ;
#8653 = ORIENTED_EDGE ( 'NONE', *, *, #1623, .T. ) ;
#8654 = DIRECTION ( 'NONE',  ( 0.000000000000000000, -1.000000000000000000, 0.000000000000000000 ) ) ;
#8655 = VERTEX_POINT ( 'NONE', #4077 ) ;
#8656 = DIRECTION ( 'NONE',  ( -0.000000000000000000, -0.000000000000000000, 1.000000000000000000 ) ) ;
#8657 = DIRECTION ( 'NONE',  ( 0.000000000000000000, 0.000000000000000000, -1.000000000000000000 ) ) ;
#8658 = FACE_OUTER_BOUND ( 'NONE', #3888, .T. ) ;
#8659 = CARTESIAN_POINT ( 'NONE',  ( 9.499999999999925393, 4.780687915844703539, 45.00000000000000711 ) ) ;
#8660 = VERTEX_POINT ( 'NONE', #258 ) ;
#8661 = CARTESIAN_POINT ( 'NONE',  ( -74.99999999999998579, -6.500000000000000000, -59.99999999999986500 ) ) ;
#8662 = EDGE_LOOP ( 'NONE', ( #5701, #7283, #5816, #6245 ) ) ;
#8663 = VECTOR ( 'NONE', #7139, 1000.000000000000000 ) ;
#8664 = AXIS2_PLACEMENT_3D ( 'NONE', #3871, #3823, #1518 ) ;
#8665 = ORIENTED_EDGE ( 'NONE', *, *, #9543, .T. ) ;
#8666 = CARTESIAN_POINT ( 'NONE',  ( 17.00000000000000000, 4.780687915844703539, 55.00000000000000000 ) ) ;
#8667 = CYLINDRICAL_SURFACE ( 'NONE', #6430, 2.099999999999997868 ) ;
#8668 = CARTESIAN_POINT ( 'NONE',  ( 7.099999999999999645, 7.000000000000000000, 54.00000000000001421 ) ) ;
#8669 = EDGE_CURVE ( 'NONE', #3910, #7128, #7752, .T. ) ;
#8670 = DIRECTION ( 'NONE',  ( 0.000000000000000000, -0.000000000000000000, -1.000000000000000000 ) ) ;
#8671 = EDGE_CURVE ( 'NONE', #5143, #6333, #6145, .T. ) ;
#8672 = DIRECTION ( 'NONE',  ( 8.260587980841934835E-16, 0.000000000000000000, -1.000000000000000000 ) ) ;
#8673 = CARTESIAN_POINT ( 'NONE',  ( 6.473687840860885778, 2.793640955604971499, 32.00753120027288645 ) ) ;
#8674 = AXIS2_PLACEMENT_3D ( 'NONE', #4556, #4493, #834 ) ;
#8675 = VECTOR ( 'NONE', #4319, 1000.000000000000000 ) ;
#8676 = DIRECTION ( 'NONE',  ( 0.000000000000000000, 0.000000000000000000, -1.000000000000000000 ) ) ;
#8677 = ORIENTED_EDGE ( 'NONE', *, *, #5874, .F. ) ;
#8678 = FACE_OUTER_BOUND ( 'NONE', #305, .T. ) ;
#8679 = VERTEX_POINT ( 'NONE', #2227 ) ;
#8680 = ORIENTED_EDGE ( 'NONE', *, *, #408, .F. ) ;
#8681 = CARTESIAN_POINT ( 'NONE',  ( 24.00000000000000000, 4.080753882296249443E-15, 75.00000000000002842 ) ) ;
#8682 = VECTOR ( 'NONE', #1908, 1000.000000000000000 ) ;
#8683 = ORIENTED_EDGE ( 'NONE', *, *, #6705, .T. ) ;
#8684 = DIRECTION ( 'NONE',  ( 0.000000000000000000, 0.000000000000000000, -1.000000000000000000 ) ) ;
#8685 = CARTESIAN_POINT ( 'NONE',  ( -9.000000000000001776, 3.780687915844703539, 72.00000000000000000 ) ) ;
#8686 = CARTESIAN_POINT ( 'NONE',  ( -13.39999999999999147, 9.600000000000001421, 42.14999999999997016 ) ) ;
#8687 = EDGE_CURVE ( 'NONE', #5795, #8158, #4879, .T. ) ;
#8688 = VECTOR ( 'NONE', #3228, 1000.000000000000000 ) ;
#8689 = ORIENTED_EDGE ( 'NONE', *, *, #3924, .F. ) ;
#8690 = CARTESIAN_POINT ( 'NONE',  ( -9.500000000000001776, 3.780687915844703539, 50.99999999999999289 ) ) ;
#8691 = AXIS2_PLACEMENT_3D ( 'NONE', #5820, #4362, #4416 ) ;
#8692 = VECTOR ( 'NONE', #3934, 1000.000000000000000 ) ;
#8693 = EDGE_CURVE ( 'NONE', #8073, #8252, #5344, .T. ) ;
#8694 = ORIENTED_EDGE ( 'NONE', *, *, #6049, .F. ) ;
#8695 = LINE ( 'NONE', #1825, #3074 ) ;
#8696 = CARTESIAN_POINT ( 'NONE',  ( 19.79999999999996874, -5.119312084155315468, -55.59601004648968114 ) ) ;
#8697 = ADVANCED_FACE ( 'NONE', ( #6955 ), #3274, .F. ) ;
#8698 = CIRCLE ( 'NONE', #41, 2.000000000002175593 ) ;
#8699 = CARTESIAN_POINT ( 'NONE',  ( 25.20000000000002771, 4.780687915844703539, -57.09601004648968114 ) ) ;
#8700 = AXIS2_PLACEMENT_3D ( 'NONE', #395, #7212, #8824 ) ;
#8701 = ADVANCED_FACE ( 'NONE', ( #4595 ), #5621, .F. ) ;
#8702 = FACE_OUTER_BOUND ( 'NONE', #4007, .T. ) ;
#8703 = DIRECTION ( 'NONE',  ( -0.000000000000000000, -0.000000000000000000, 1.000000000000000000 ) ) ;
#8704 = VECTOR ( 'NONE', #2884, 1000.000000000000000 ) ;
#8705 = ORIENTED_EDGE ( 'NONE', *, *, #5014, .T. ) ;
#8706 = VECTOR ( 'NONE', #5234, 1000.000000000000000 ) ;
#8707 = ORIENTED_EDGE ( 'NONE', *, *, #5127, .F. ) ;
#8708 = EDGE_CURVE ( 'NONE', #1580, #4613, #9875, .T. ) ;
#8709 = EDGE_LOOP ( 'NONE', ( #4251, #9082, #8312, #2495, #1671 ) ) ;
#8710 = CARTESIAN_POINT ( 'NONE',  ( 30.49999999999999645, 4.780687915844703539, 51.00000000000006395 ) ) ;
#8711 = ORIENTED_EDGE ( 'NONE', *, *, #2062, .F. ) ;
#8712 = DIRECTION ( 'NONE',  ( 1.000000000000000000, -0.000000000000000000, -0.000000000000000000 ) ) ;
#8713 = VECTOR ( 'NONE', #8866, 1000.000000000000000 ) ;
#8714 = DIRECTION ( 'NONE',  ( 7.381802025433221547E-17, 0.000000000000000000, 1.000000000000000000 ) ) ;
#8715 = AXIS2_PLACEMENT_3D ( 'NONE', #318, #7255, #9517 ) ;
#8716 = DIRECTION ( 'NONE',  ( 1.000000000000000000, 0.000000000000000000, 0.000000000000000000 ) ) ;
#8717 = CARTESIAN_POINT ( 'NONE',  ( -9.500000000000001776, -0.2193120841552965994, 45.00000000000000000 ) ) ;
#8718 = VECTOR ( 'NONE', #4649, 1000.000000000000000 ) ;
#8719 = ORIENTED_EDGE ( 'NONE', *, *, #4021, .F. ) ;
#8720 = LINE ( 'NONE', #432, #6968 ) ;
#8721 = ORIENTED_EDGE ( 'NONE', *, *, #2496, .T. ) ;
#8722 = AXIS2_PLACEMENT_3D ( 'NONE', #5914, #8985, #5165 ) ;
#8723 = EDGE_LOOP ( 'NONE', ( #6041, #7547, #224, #8149 ) ) ;
#8724 = CYLINDRICAL_SURFACE ( 'NONE', #1922, 3.000000000000000888 ) ;
#8725 = LINE ( 'NONE', #2541, #8190 ) ;
#8726 = CARTESIAN_POINT ( 'NONE',  ( 27.74999999999999645, -3.250000000002357226, -87.50000000000224532 ) ) ;
#8727 = FACE_OUTER_BOUND ( 'NONE', #7369, .T. ) ;
#8728 = LINE ( 'NONE', #441, #9081 ) ;
#8729 = AXIS2_PLACEMENT_3D ( 'NONE', #8117, #238, #7265 ) ;
#8730 = LINE ( 'NONE', #338, #1016 ) ;
#8731 = LINE ( 'NONE', #8027, #6777 ) ;
#8732 = ORIENTED_EDGE ( 'NONE', *, *, #8035, .T. ) ;
#8733 = DIRECTION ( 'NONE',  ( -0.000000000000000000, 1.000000000000000000, -0.000000000000000000 ) ) ;
#8734 = ORIENTED_EDGE ( 'NONE', *, *, #2851, .T. ) ;
#8735 = ORIENTED_EDGE ( 'NONE', *, *, #955, .T. ) ;
#8736 = CARTESIAN_POINT ( 'NONE',  ( 12.00000000000000000, -3.719312084155296905, 46.00000000000000000 ) ) ;
#8737 = VERTEX_POINT ( 'NONE', #1533 ) ;
#8738 = DIRECTION ( 'NONE',  ( -1.000000000000000000, -0.000000000000000000, -0.000000000000000000 ) ) ;
#8739 = PLANE ( 'NONE',  #2904 ) ;
#8740 = CARTESIAN_POINT ( 'NONE',  ( 10.10000000000000497, 8.000000000000000000, 71.99999999999998579 ) ) ;
#8741 = B_SPLINE_CURVE_WITH_KNOTS ( 'NONE', 3,
 ( #7877, #6224, #8539, #1661, #1003, #2464, #4067, #7130, #7285, #6624, #7937, #4116, #6567, #1054, #2047, #4964, #7177, #2005, #1905, #2701, #3508, #447, #8890, #3561 ),
 .UNSPECIFIED., .F., .F.,
 ( 4, 2, 2, 2, 2, 2, 2, 2, 2, 2, 2, 4 ),
 ( 0.000000000000000000, 0.0005985183405493586014, 0.001197036681098717203, 0.001496295851373388372, 0.001795555021648059324, 0.002094814191922730710, 0.002394073362197401446, 0.002693332532472073049, 0.002992591702746744218, 0.003591110043296067474, 0.004189628383845406777, 0.004788146724394744778 ),
 .UNSPECIFIED. ) ;
#8742 = ORIENTED_EDGE ( 'NONE', *, *, #5933, .F. ) ;
#8743 = CYLINDRICAL_SURFACE ( 'NONE', #8546, 2.999999999999999112 ) ;
#8744 = CIRCLE ( 'NONE', #3137, 1.500000000000001332 ) ;
#8745 = EDGE_CURVE ( 'NONE', #9118, #2814, #6040, .T. ) ;
#8746 = EDGE_CURVE ( 'NONE', #6922, #6498, #370, .T. ) ;
#8747 = EDGE_LOOP ( 'NONE', ( #474, #3041, #2077, #8263, #5320, #7617, #3650, #1328 ) ) ;
#8748 = PERSON ( '未', '未', '未', ('未'), ('未'), ('未') ) ;
#8749 = CARTESIAN_POINT ( 'NONE',  ( -10.09999999999998721, 9.799999999999998934, 71.99999999999998579 ) ) ;
#8750 = DIRECTION ( 'NONE',  ( 1.000000000000000000, 0.000000000000000000, 0.000000000000000000 ) ) ;
#8751 = LINE ( 'NONE', #4829, #3554 ) ;
#8752 = LINE ( 'NONE', #7996, #116 ) ;
#8753 = DIRECTION ( 'NONE',  ( 0.000000000000000000, 1.000000000000000000, 0.000000000000000000 ) ) ;
#8754 = EDGE_CURVE ( 'NONE', #6388, #3665, #2516, .T. ) ;
#8755 = ORIENTED_EDGE ( 'NONE', *, *, #5056, .F. ) ;
#8756 = ORIENTED_EDGE ( 'NONE', *, *, #342, .F. ) ;
#8757 = ADVANCED_FACE ( 'NONE', ( #1911 ), #8898, .F. ) ;
#8758 = VERTEX_POINT ( 'NONE', #6634 ) ;
#8759 = DIRECTION ( 'NONE',  ( -0.000000000000000000, 1.000000000000000000, -0.000000000000000000 ) ) ;
#8760 = ORIENTED_EDGE ( 'NONE', *, *, #9912, .F. ) ;
#8761 = DIRECTION ( 'NONE',  ( 3.304235192336789810E-16, 0.000000000000000000, -1.000000000000000000 ) ) ;
#8762 = LINE ( 'NONE', #8113, #5832 ) ;
#8763 = CARTESIAN_POINT ( 'NONE',  ( -2.280821906412534794, 4.752635769291933876, 13.45845818109980385 ) ) ;
#8764 = ADVANCED_FACE ( 'NONE', ( #7379 ), #453, .F. ) ;
#8765 = VECTOR ( 'NONE', #6847, 1000.000000000000000 ) ;
#8766 = LINE ( 'NONE', #4946, #9830 ) ;
#8767 = EDGE_LOOP ( 'NONE', ( #6165, #4670, #4699 ) ) ;
#8768 = DIRECTION ( 'NONE',  ( -1.000000000000000000, 0.000000000000000000, -3.469446951953611428E-15 ) ) ;
#8769 = EDGE_CURVE ( 'NONE', #901, #1536, #4228, .T. ) ;
#8770 = EDGE_LOOP ( 'NONE', ( #8760, #1987, #8651, #8046 ) ) ;
#8771 = AXIS2_PLACEMENT_3D ( 'NONE', #5340, #4593, #7651 ) ;
#8772 = ORIENTED_EDGE ( 'NONE', *, *, #4525, .T. ) ;
#8773 = FACE_OUTER_BOUND ( 'NONE', #8230, .T. ) ;
#8774 = DIRECTION ( 'NONE',  ( 1.000000000000000000, 0.000000000000000000, 0.000000000000000000 ) ) ;
#8775 = CARTESIAN_POINT ( 'NONE',  ( -17.00000000000000000, -1.219312084155296683, 46.00000000000000000 ) ) ;
#8776 = CARTESIAN_POINT ( 'NONE',  ( -23.00000000000000000, 4.780687915844703539, 63.50000000000000000 ) ) ;
#8777 = LINE ( 'NONE', #5055, #2976 ) ;
#8778 = FACE_OUTER_BOUND ( 'NONE', #2717, .T. ) ;
#8779 = CARTESIAN_POINT ( 'NONE',  ( -60.00000000000002132, 0.000000000000000000, -60.00000000000002132 ) ) ;
#8780 = ORIENTED_EDGE ( 'NONE', *, *, #5289, .F. ) ;
#8781 = CARTESIAN_POINT ( 'NONE',  ( -59.99999999999989342, -6.500000000000000000, 75.00000000000002842 ) ) ;
#8782 = EDGE_LOOP ( 'NONE', ( #5301, #4427 ) ) ;
#8783 = VECTOR ( 'NONE', #7690, 1000.000000000000000 ) ;
#8784 = CARTESIAN_POINT ( 'NONE',  ( -10.00000000000000000, 3.780687915844703539, 72.00000000000000000 ) ) ;
#8785 = ORIENTED_EDGE ( 'NONE', *, *, #617, .T. ) ;
#8786 = LINE ( 'NONE', #3467, #3535 ) ;
#8787 = EDGE_CURVE ( 'NONE', #266, #3783, #3426, .T. ) ;
#8788 = CARTESIAN_POINT ( 'NONE',  ( -11.59999999999999609, 10.80000000000000071, 21.19999999999997087 ) ) ;
#8789 = DIRECTION ( 'NONE',  ( 1.000000000000000000, -0.000000000000000000, -0.000000000000000000 ) ) ;
#8790 = EDGE_LOOP ( 'NONE', ( #2132, #5654, #4844, #225 ) ) ;
#8791 = DIRECTION ( 'NONE',  ( -0.000000000000000000, -0.000000000000000000, -1.000000000000000000 ) ) ;
#8792 = ORIENTED_EDGE ( 'NONE', *, *, #6162, .F. ) ;
#8793 = CARTESIAN_POINT ( 'NONE',  ( -8.500000000000000000, -0.2193120841552965994, 0.000000000000000000 ) ) ;
#8794 = CARTESIAN_POINT ( 'NONE',  ( -59.99999999999987921, -6.500000000000000000, -74.99999999999997158 ) ) ;
#8795 = DIRECTION ( 'NONE',  ( 1.000000000000000000, 0.000000000000000000, -7.381802025433221547E-17 ) ) ;
#8796 = DIRECTION ( 'NONE',  ( 0.000000000000000000, -1.000000000000000000, 0.000000000000000000 ) ) ;
#8797 = EDGE_CURVE ( 'NONE', #7612, #1041, #2811, .T. ) ;
#8798 = FACE_OUTER_BOUND ( 'NONE', #4002, .T. ) ;
#8799 = EDGE_CURVE ( 'NONE', #2890, #81, #9840, .T. ) ;
#8800 = EDGE_LOOP ( 'NONE', ( #8899, #1848, #4184, #1229 ) ) ;
#8801 = APPROVAL_STATUS ( 'not_yet_approved' ) ;
#8802 = ORIENTED_EDGE ( 'NONE', *, *, #4590, .T. ) ;
#8803 = CARTESIAN_POINT ( 'NONE',  ( 6.241984594734145020, 2.969149603308006480, -72.78775163481711274 ) ) ;
#8804 = DIRECTION ( 'NONE',  ( 1.000000000000000000, 0.000000000000000000, 0.000000000000000000 ) ) ;
#8805 = ORIENTED_EDGE ( 'NONE', *, *, #9565, .F. ) ;
#8806 = LINE ( 'NONE', #5273, #983 ) ;
#8807 = EDGE_CURVE ( 'NONE', #913, #8128, #7183, .T. ) ;
#8808 = PLANE ( 'NONE',  #8239 ) ;
#8809 = MANIFOLD_SOLID_BREP ( '\X2\55077f18548c51f969fd\X0\(&G)1-Groove', #7705 ) ;
#8810 = DIRECTION ( 'NONE',  ( 0.000000000000000000, 0.000000000000000000, 1.000000000000000000 ) ) ;
#8811 = EDGE_CURVE ( 'NONE', #8301, #5518, #2056, .T. ) ;
#8812 = DIRECTION ( 'NONE',  ( -0.000000000000000000, 1.000000000000000000, -0.000000000000000000 ) ) ;
#8813 = EDGE_CURVE ( 'NONE', #3910, #7689, #3367, .T. ) ;
#8814 = ORIENTED_EDGE ( 'NONE', *, *, #4954, .F. ) ;
#8815 = FACE_OUTER_BOUND ( 'NONE', #2303, .T. ) ;
#8816 = ORIENTED_EDGE ( 'NONE', *, *, #8511, .T. ) ;
#8817 = EDGE_CURVE ( 'NONE', #7233, #126, #8841, .T. ) ;
#8818 = ORIENTED_EDGE ( 'NONE', *, *, #7582, .T. ) ;
#8819 = AXIS2_PLACEMENT_3D ( 'NONE', #9598, #1216, #4234 ) ;
#8820 = DIRECTION ( 'NONE',  ( 0.000000000000000000, 0.000000000000000000, 1.000000000000000000 ) ) ;
#8821 = CARTESIAN_POINT ( 'NONE',  ( 19.79999999999996874, -6.519312084155297171, -57.09601004648968114 ) ) ;
#8822 = ADVANCED_FACE ( 'NONE', ( #1252, #5824 ), #2618, .F. ) ;
#8823 = FACE_OUTER_BOUND ( 'NONE', #3287, .T. ) ;
#8824 = DIRECTION ( 'NONE',  ( 0.000000000000000000, 0.000000000000000000, -1.000000000000000000 ) ) ;
#8825 = ADVANCED_FACE ( 'NONE', ( #4273 ), #8743, .F. ) ;
#8826 = DIRECTION ( 'NONE',  ( -0.000000000000000000, 1.000000000000000000, -0.000000000000000000 ) ) ;
#8827 = CARTESIAN_POINT ( 'NONE',  ( -19.79999999999996874, -5.119312084155315468, -55.59601004648968114 ) ) ;
#8828 = EDGE_CURVE ( 'NONE', #7372, #7841, #5071, .T. ) ;
#8829 = ORIENTED_EDGE ( 'NONE', *, *, #8708, .T. ) ;
#8830 = DIRECTION ( 'NONE',  ( 0.000000000000000000, 0.000000000000000000, -1.000000000000000000 ) ) ;
#8831 = VECTOR ( 'NONE', #797, 1000.000000000000000 ) ;
#8832 = VERTEX_POINT ( 'NONE', #1107 ) ;
#8833 = FACE_OUTER_BOUND ( 'NONE', #8800, .T. ) ;
#8834 = ORIENTED_EDGE ( 'NONE', *, *, #2741, .T. ) ;
#8835 = CARTESIAN_POINT ( 'NONE',  ( 9.499999999999925393, -0.2193120841552965994, 45.00000000000000711 ) ) ;
#8836 = DIRECTION ( 'NONE',  ( -1.000000000000000000, 0.000000000000000000, 0.000000000000000000 ) ) ;
#8837 = VECTOR ( 'NONE', #4730, 1000.000000000000000 ) ;
#8838 = CIRCLE ( 'NONE', #496, 2.999999999999999112 ) ;
#8839 = PLANE ( 'NONE',  #6115 ) ;
#8840 = EDGE_LOOP ( 'NONE', ( #9059, #2690, #4916, #3540, #436, #1300, #1251, #5350, #24, #8633, #8195, #8361, #3556, #9925, #9604, #373, #8818 ) ) ;
#8841 = LINE ( 'NONE', #6428, #1655 ) ;
#8842 = CIRCLE ( 'NONE', #2903, 15.00000000000000000 ) ;
#8843 = VECTOR ( 'NONE', #8420, 1000.000000000000000 ) ;
#8844 = VERTEX_POINT ( 'NONE', #3423 ) ;
#8845 = LINE ( 'NONE', #7338, #6936 ) ;
#8846 = LINE ( 'NONE', #7140, #1765 ) ;
#8847 = CARTESIAN_POINT ( 'NONE',  ( -56.99999999999997868, -5.219312084155296461, -32.00000000000000000 ) ) ;
#8848 = AXIS2_PLACEMENT_3D ( 'NONE', #3541, #6695, #7503 ) ;
#8849 = DIRECTION ( 'NONE',  ( -0.000000000000000000, 0.000000000000000000, 1.000000000000000000 ) ) ;
#8850 = AXIS2_PLACEMENT_3D ( 'NONE', #3400, #4802, #3999 ) ;
#8851 = DIRECTION ( 'NONE',  ( 0.000000000000000000, 0.000000000000000000, 1.000000000000000000 ) ) ;
#8852 = VECTOR ( 'NONE', #8283, 1000.000000000000000 ) ;
#8853 = VECTOR ( 'NONE', #72, 1000.000000000000000 ) ;
#8854 = EDGE_LOOP ( 'NONE', ( #9103, #9743, #9775, #1502 ) ) ;
#8855 = ORIENTED_EDGE ( 'NONE', *, *, #6036, .F. ) ;
#8856 = AXIS2_PLACEMENT_3D ( 'NONE', #8953, #2808, #7634 ) ;
#8857 = AXIS2_PLACEMENT_3D ( 'NONE', #1543, #4607, #9278 ) ;
#8858 = DIRECTION ( 'NONE',  ( -1.734723475976805517E-15, -0.000000000000000000, -1.000000000000000000 ) ) ;
#8859 = EDGE_CURVE ( 'NONE', #8287, #4552, #3472, .T. ) ;
#8860 = PLANE ( 'NONE',  #3261 ) ;
#8861 = ORIENTED_EDGE ( 'NONE', *, *, #1652, .F. ) ;
#8862 = CARTESIAN_POINT ( 'NONE',  ( 11.09999999999999787, 10.80000000000000071, 54.84999999999998010 ) ) ;
#8863 = DIRECTION ( 'NONE',  ( 4.130293990420968404E-16, 1.000000000000000000, 0.000000000000000000 ) ) ;
#8864 = CIRCLE ( 'NONE', #523, 2.500000000000002220 ) ;
#8865 = VECTOR ( 'NONE', #1984, 1000.000000000000000 ) ;
#8866 = DIRECTION ( 'NONE',  ( 1.000000000000000000, -0.000000000000000000, 0.000000000000000000 ) ) ;
#8867 = ORIENTED_EDGE ( 'NONE', *, *, #2625, .F. ) ;
#8868 = DIRECTION ( 'NONE',  ( -1.000000000000000000, 1.214306433183764966E-16, 0.000000000000000000 ) ) ;
#8869 = VERTEX_POINT ( 'NONE', #4971 ) ;
#8870 = VERTEX_POINT ( 'NONE', #8043 ) ;
#8871 = EDGE_CURVE ( 'NONE', #7484, #5518, #6576, .T. ) ;
#8872 = EDGE_CURVE ( 'NONE', #3875, #3543, #9644, .T. ) ;
#8873 = AXIS2_PLACEMENT_3D ( 'NONE', #77, #1478, #9403 ) ;
#8874 = ORIENTED_EDGE ( 'NONE', *, *, #6465, .T. ) ;
#8875 = VECTOR ( 'NONE', #5884, 1000.000000000000000 ) ;
#8876 = CARTESIAN_POINT ( 'NONE',  ( 59.99999999999987210, 8.000000000000000000, 79.99999999999998579 ) ) ;
#8877 = LINE ( 'NONE', #4346, #175 ) ;
#8878 = DIRECTION ( 'NONE',  ( 1.000000000000000000, 0.000000000000000000, 0.000000000000000000 ) ) ;
#8879 = DIRECTION ( 'NONE',  ( 0.000000000000000000, 0.000000000000000000, -1.000000000000000000 ) ) ;
#8880 = DIRECTION ( 'NONE',  ( -0.000000000000000000, -0.000000000000000000, -1.000000000000000000 ) ) ;
#8881 = VECTOR ( 'NONE', #8878, 1000.000000000000000 ) ;
#8882 = LINE ( 'NONE', #1145, #6287 ) ;
#8883 = VECTOR ( 'NONE', #6820, 1000.000000000000000 ) ;
#8884 = EDGE_LOOP ( 'NONE', ( #2655, #4478, #5858, #1088, #6062, #5197, #9036, #452, #625, #5720 ) ) ;
#8885 = LINE ( 'NONE', #4305, #4385 ) ;
#8886 = ORIENTED_EDGE ( 'NONE', *, *, #9867, .T. ) ;
#8887 = ADVANCED_FACE ( 'NONE', ( #558 ), #603, .F. ) ;
#8888 = EDGE_CURVE ( 'NONE', #6643, #7115, #6678, .T. ) ;
#8889 = VECTOR ( 'NONE', #7609, 1000.000000000000000 ) ;
#8890 = CARTESIAN_POINT ( 'NONE',  ( -7.370162829917855873, 2.020659899481993094, 30.82089431193153928 ) ) ;
#8891 = ORIENTED_EDGE ( 'NONE', *, *, #1745, .F. ) ;
#8892 = DIRECTION ( 'NONE',  ( -0.000000000000000000, 1.000000000000000000, -0.000000000000000000 ) ) ;
#8893 = CIRCLE ( 'NONE', #7445, 1.000000000000000888 ) ;
#8894 = FACE_OUTER_BOUND ( 'NONE', #4464, .T. ) ;
#8895 = CARTESIAN_POINT ( 'NONE',  ( -9.500000000000001776, -5.219312084155296461, -49.00000000000000000 ) ) ;
#8896 = EDGE_CURVE ( 'NONE', #1809, #2473, #6123, .T. ) ;
#8897 = ORIENTED_EDGE ( 'NONE', *, *, #5746, .F. ) ;
#8898 = PLANE ( 'NONE',  #6630 ) ;
#8899 = ORIENTED_EDGE ( 'NONE', *, *, #1670, .F. ) ;
#8900 = DIRECTION ( 'NONE',  ( -1.000000000000000000, 0.000000000000000000, 0.000000000000000000 ) ) ;
#8901 = CARTESIAN_POINT ( 'NONE',  ( 55.00000000000000711, -5.219312084155296461, -31.99999999999999289 ) ) ;
#8902 = DIRECTION ( 'NONE',  ( 1.000000000000000000, 0.000000000000000000, -0.000000000000000000 ) ) ;
#8903 = CARTESIAN_POINT ( 'NONE',  ( 2.492214399021098873E-15, 4.780687915844703539, -40.00000000000000711 ) ) ;
#8904 = DIRECTION ( 'NONE',  ( -1.000000000000000000, 0.000000000000000000, 0.000000000000000000 ) ) ;
#8905 = ORIENTED_EDGE ( 'NONE', *, *, #9503, .T. ) ;
#8906 = ORIENTED_EDGE ( 'NONE', *, *, #1268, .F. ) ;
#8907 = DIRECTION ( 'NONE',  ( 0.000000000000000000, 1.000000000000000000, -0.000000000000000000 ) ) ;
#8908 = CARTESIAN_POINT ( 'NONE',  ( 11.09999999999999787, 10.80000000000000071, 42.14999999999997726 ) ) ;
#8909 = ORIENTED_EDGE ( 'NONE', *, *, #955, .F. ) ;
#8910 = ADVANCED_FACE ( 'NONE', ( #5217 ), #5967, .T. ) ;
#8911 = CARTESIAN_POINT ( 'NONE',  ( 16.25000000000000000, 4.780687915844703539, 72.00000000000000000 ) ) ;
#8912 = PLANE ( 'NONE',  #6780 ) ;
#8913 = FACE_OUTER_BOUND ( 'NONE', #2769, .T. ) ;
#8914 = VERTEX_POINT ( 'NONE', #3055 ) ;
#8915 = LINE ( 'NONE', #9878, #1628 ) ;
#8916 = ORIENTED_EDGE ( 'NONE', *, *, #1436, .F. ) ;
#8917 = ORIENTED_EDGE ( 'NONE', *, *, #3206, .F. ) ;
#8918 = VERTEX_POINT ( 'NONE', #9854 ) ;
#8919 = ORIENTED_EDGE ( 'NONE', *, *, #5219, .T. ) ;
#8920 = CARTESIAN_POINT ( 'NONE',  ( 60.00000000000000000, -6.500000000000000000, -59.99999999999997158 ) ) ;
#8921 = DIRECTION ( 'NONE',  ( -0.000000000000000000, 1.000000000000000000, -0.000000000000000000 ) ) ;
#8922 = CARTESIAN_POINT ( 'NONE',  ( -7.500000000000001776, -0.2193120841552965994, 0.000000000000000000 ) ) ;
#8923 = CARTESIAN_POINT ( 'NONE',  ( 17.00000000000000000, -1.219312084155296683, 55.00000000000000000 ) ) ;
#8924 = CARTESIAN_POINT ( 'NONE',  ( 6.000000000000000000, 4.780687915844703539, 45.00000000000000000 ) ) ;
#8925 = ADVANCED_FACE ( 'NONE', ( #1455 ), #6721, .T. ) ;
#8926 = EDGE_CURVE ( 'NONE', #9129, #2069, #9044, .T. ) ;
#8927 = DIRECTION ( 'NONE',  ( 1.000000000000000000, 0.000000000000000000, 0.000000000000000000 ) ) ;
#8928 = EDGE_LOOP ( 'NONE', ( #8305, #8297, #2119, #9657 ) ) ;
#8929 = PLANE ( 'NONE',  #871 ) ;
#8930 = EDGE_LOOP ( 'NONE', ( #768, #136, #2449, #8296 ) ) ;
#8931 = PLANE ( 'NONE',  #2240 ) ;
#8932 = ORIENTED_EDGE ( 'NONE', *, *, #9531, .T. ) ;
#8933 = PLANE ( 'NONE',  #331 ) ;
#8934 = PLANE ( 'NONE',  #6281 ) ;
#8935 = DIRECTION ( 'NONE',  ( -0.000000000000000000, 1.000000000000000000, -0.000000000000000000 ) ) ;
#8936 = EDGE_CURVE ( 'NONE', #6230, #4136, #4553, .T. ) ;
#8937 = ADVANCED_FACE ( 'NONE', ( #4420 ), #5268, .T. ) ;
#8938 = CARTESIAN_POINT ( 'NONE',  ( -7.000000000000000000, -3.719312084155296905, 50.60000000000000142 ) ) ;
#8939 = ORIENTED_EDGE ( 'NONE', *, *, #4466, .F. ) ;
#8940 = DIRECTION ( 'NONE',  ( -0.000000000000000000, 1.000000000000000000, -0.000000000000000000 ) ) ;
#8941 = ORIENTED_EDGE ( 'NONE', *, *, #9169, .T. ) ;
#8942 = CARTESIAN_POINT ( 'NONE',  ( -17.00000000000000000, -1.219312084155296683, 45.00000000000000000 ) ) ;
#8943 = ADVANCED_FACE ( 'NONE', ( #6833 ), #2317, .F. ) ;
#8944 = FACE_OUTER_BOUND ( 'NONE', #8017, .T. ) ;
#8945 = CARTESIAN_POINT ( 'NONE',  ( 2.611894093711528253, 4.673742236402462780, -39.98822394314729678 ) ) ;
#8946 = EDGE_CURVE ( 'NONE', #3952, #8608, #1405, .T. ) ;
#8947 = CARTESIAN_POINT ( 'NONE',  ( 2.308517379148995757E-15, -1.719312084155296239, 11.49999999999999289 ) ) ;
#8948 = EDGE_CURVE ( 'NONE', #8089, #2702, #653, .T. ) ;
#8949 = AXIS2_PLACEMENT_3D ( 'NONE', #9834, #2943, #6007 ) ;
#8950 = ORIENTED_EDGE ( 'NONE', *, *, #5199, .F. ) ;
#8951 = ORIENTED_EDGE ( 'NONE', *, *, #2862, .T. ) ;
#8952 = CARTESIAN_POINT ( 'NONE',  ( 7.226103341808009617, 2.155923008662140816, -74.02768213700242939 ) ) ;
#8953 = CARTESIAN_POINT ( 'NONE',  ( -54.99999999999998579, -5.219312084155296461, -32.00000000000000711 ) ) ;
#8954 = ORIENTED_EDGE ( 'NONE', *, *, #21, .T. ) ;
#8955 = DIRECTION ( 'NONE',  ( 0.000000000000000000, 0.000000000000000000, 1.000000000000000000 ) ) ;
#8956 = CARTESIAN_POINT ( 'NONE',  ( -27.74999999999999645, -3.250000000002357670, -87.50000000000224532 ) ) ;
#8957 = CARTESIAN_POINT ( 'NONE',  ( -9.500000000000001776, -5.219312084155296461, 17.99999999999998934 ) ) ;
#8958 = ORIENTED_EDGE ( 'NONE', *, *, #6806, .T. ) ;
#8959 = DIRECTION ( 'NONE',  ( 9.340818716798197812E-16, 0.000000000000000000, -1.000000000000000000 ) ) ;
#8960 = EDGE_LOOP ( 'NONE', ( #7923, #9695, #1100, #8573 ) ) ;
#8961 = ORIENTED_EDGE ( 'NONE', *, *, #6400, .F. ) ;
#8962 = ORIENTED_EDGE ( 'NONE', *, *, #4093, .T. ) ;
#8963 = ORIENTED_EDGE ( 'NONE', *, *, #8499, .F. ) ;
#8964 = CARTESIAN_POINT ( 'NONE',  ( 79.99999999999998579, 8.000000000000000000, -59.99999999999987210 ) ) ;
#8965 = DIRECTION ( 'NONE',  ( -0.000000000000000000, -0.000000000000000000, 1.000000000000000000 ) ) ;
#8966 = CARTESIAN_POINT ( 'NONE',  ( 15.59999999999999609, 0.7500000000000096589, 79.99999999999998579 ) ) ;
#8967 = PLANE ( 'NONE',  #43 ) ;
#8968 = FACE_OUTER_BOUND ( 'NONE', #6809, .T. ) ;
#8969 = LINE ( 'NONE', #3757, #5484 ) ;
#8970 = VECTOR ( 'NONE', #8858, 1000.000000000000000 ) ;
#8971 = EDGE_LOOP ( 'NONE', ( #7178, #5543, #9067, #2608, #9052, #3737, #2291, #2380, #8275, #5999, #2823, #4436 ) ) ;
#8972 = DIRECTION ( 'NONE',  ( -0.000000000000000000, 1.000000000000000000, -0.000000000000000000 ) ) ;
#8973 = ORIENTED_EDGE ( 'NONE', *, *, #8754, .F. ) ;
#8974 = AXIS2_PLACEMENT_3D ( 'NONE', #4918, #7985, #6475 ) ;
#8975 = ADVANCED_FACE ( 'NONE', ( #5321 ), #1301, .T. ) ;
#8976 = DIRECTION ( 'NONE',  ( -9.340818716798197812E-16, -0.000000000000000000, 1.000000000000000000 ) ) ;
#8977 = EDGE_CURVE ( 'NONE', #7392, #6122, #7435, .T. ) ;
#8978 = ORIENTED_EDGE ( 'NONE', *, *, #9940, .T. ) ;
#8979 = DIRECTION ( 'NONE',  ( 0.000000000000000000, -0.000000000000000000, -1.000000000000000000 ) ) ;
#8980 = PLANE ( 'NONE',  #2752 ) ;
#8981 = FACE_OUTER_BOUND ( 'NONE', #8109, .T. ) ;
#8982 = AXIS2_PLACEMENT_3D ( 'NONE', #3371, #8104, #6487 ) ;
#8983 = DIRECTION ( 'NONE',  ( 1.885568995626964287E-16, 0.000000000000000000, -1.000000000000000000 ) ) ;
#8984 = ORIENTED_EDGE ( 'NONE', *, *, #9720, .F. ) ;
#8985 = DIRECTION ( 'NONE',  ( 1.000000000000000000, 0.000000000000000000, -1.927470528863118802E-16 ) ) ;
#8986 = ORIENTED_EDGE ( 'NONE', *, *, #8936, .T. ) ;
#8987 = CIRCLE ( 'NONE', #4815, 3.000000000000000888 ) ;
#8988 = AXIS2_PLACEMENT_3D ( 'NONE', #9398, #2512, #5570 ) ;
#8989 = CARTESIAN_POINT ( 'NONE',  ( 16.99999999999999289, -1.219312084155296683, 55.00000000000000000 ) ) ;
#8990 = EDGE_CURVE ( 'NONE', #5620, #3933, #710, .T. ) ;
#8991 = DIRECTION ( 'NONE',  ( -1.000000000000000000, 0.000000000000000000, -0.000000000000000000 ) ) ;
#8992 = CARTESIAN_POINT ( 'NONE',  ( 2.145068389081294935, 4.780687915844701763, -40.59730341299589895 ) ) ;
#8993 = CARTESIAN_POINT ( 'NONE',  ( 31.50000000000000000, 3.780687915844703539, 71.99999999999998579 ) ) ;
#8994 = CARTESIAN_POINT ( 'NONE',  ( 12.40000000000000391, 10.80000000000000071, 1.693745756071842407E-15 ) ) ;
#8995 = AXIS2_PLACEMENT_3D ( 'NONE', #482, #6610, #2793 ) ;
#8996 = AXIS2_PLACEMENT_3D ( 'NONE', #9557, #7442, #2670 ) ;
#8997 = EDGE_CURVE ( 'NONE', #9777, #3139, #2262, .T. ) ;
#8998 = ORIENTED_EDGE ( 'NONE', *, *, #6225, .T. ) ;
#8999 = ORIENTED_EDGE ( 'NONE', *, *, #790, .F. ) ;
#9000 = ADVANCED_FACE ( 'NONE', ( #1513 ), #7636, .F. ) ;
#9001 = DIRECTION ( 'NONE',  ( -1.000000000000000000, 0.000000000000000000, 0.000000000000000000 ) ) ;
#9002 = EDGE_CURVE ( 'NONE', #8533, #637, #997, .T. ) ;
#9003 = VECTOR ( 'NONE', #4696, 1000.000000000000000 ) ;
#9004 = CYLINDRICAL_SURFACE ( 'NONE', #3078, 0.6999999999999992895 ) ;
#9005 = ORIENTED_EDGE ( 'NONE', *, *, #7655, .F. ) ;
#9006 = VECTOR ( 'NONE', #5676, 1000.000000000000000 ) ;
#9007 = VECTOR ( 'NONE', #2468, 1000.000000000000000 ) ;
#9008 = EDGE_CURVE ( 'NONE', #7786, #3394, #4712, .T. ) ;
#9009 = CARTESIAN_POINT ( 'NONE',  ( 9.499999999999925393, -0.2193120841552965994, 45.00000000000000711 ) ) ;
#9010 = CARTESIAN_POINT ( 'NONE',  ( -75.00000000000000000, -6.500000000000000000, 59.99999999999992184 ) ) ;
#9011 = CARTESIAN_POINT ( 'NONE',  ( 25.20000000000002771, 4.780687915844703539, -57.09601004648968114 ) ) ;
#9012 = EDGE_CURVE ( 'NONE', #9272, #4806, #2459, .T. ) ;
#9013 = AXIS2_PLACEMENT_3D ( 'NONE', #7821, #7069, #3919 ) ;
#9014 = VERTEX_POINT ( 'NONE', #6178 ) ;
#9015 = CARTESIAN_POINT ( 'NONE',  ( 9.500000000000028422, 4.780687915844703539, -47.00000000000000000 ) ) ;
#9016 = VECTOR ( 'NONE', #6571, 1000.000000000000000 ) ;
#9017 = EDGE_LOOP ( 'NONE', ( #1014, #312, #411, #5634, #4295, #4195, #8891, #9433 ) ) ;
#9018 = EDGE_LOOP ( 'NONE', ( #1612, #3983, #5225, #3248 ) ) ;
#9019 = ADVANCED_FACE ( 'NONE', ( #8534, #196 ), #7024, .F. ) ;
#9020 = ORIENTED_EDGE ( 'NONE', *, *, #9742, .F. ) ;
#9021 = APPROVAL ( #8801, '未' ) ;
#9022 = ORIENTED_EDGE ( 'NONE', *, *, #8787, .F. ) ;
#9023 = DIRECTION ( 'NONE',  ( 0.000000000000000000, -1.000000000000000000, 0.000000000000000000 ) ) ;
#9024 = CARTESIAN_POINT ( 'NONE',  ( -19.79999999999996874, -6.519312084155297171, -57.09601004648968114 ) ) ;
#9025 = VECTOR ( 'NONE', #1494, 1000.000000000000000 ) ;
#9026 = DIRECTION ( 'NONE',  ( 0.000000000000000000, 0.000000000000000000, -1.000000000000000000 ) ) ;
#9027 = VECTOR ( 'NONE', #7260, 1000.000000000000000 ) ;
#9028 = CARTESIAN_POINT ( 'NONE',  ( 27.74999999999999645, -2.000000000000024869, -90.06173769149502562 ) ) ;
#9029 = FACE_OUTER_BOUND ( 'NONE', #5779, .T. ) ;
#9030 = LINE ( 'NONE', #1343, #2615 ) ;
#9031 = ORIENTED_EDGE ( 'NONE', *, *, #960, .T. ) ;
#9032 = CARTESIAN_POINT ( 'NONE',  ( 23.00000000000000000, -1.219312084155296683, 59.75000000000000000 ) ) ;
#9033 = ORIENTED_EDGE ( 'NONE', *, *, #8586, .T. ) ;
#9034 = VECTOR ( 'NONE', #9817, 1000.000000000000000 ) ;
#9035 = DIRECTION ( 'NONE',  ( -0.000000000000000000, 1.000000000000000000, -0.000000000000000000 ) ) ;
#9036 = ORIENTED_EDGE ( 'NONE', *, *, #604, .F. ) ;
#9037 = DIRECTION ( 'NONE',  ( -0.000000000000000000, 1.000000000000000000, -0.000000000000000000 ) ) ;
#9038 = CARTESIAN_POINT ( 'NONE',  ( 20.49999999999999289, 3.780687915844703539, 51.00000000000000000 ) ) ;
#9039 = CYLINDRICAL_SURFACE ( 'NONE', #8691, 2.100000000000000977 ) ;
#9040 = AXIS2_PLACEMENT_3D ( 'NONE', #488, #1051, #4113 ) ;
#9041 = AXIS2_PLACEMENT_3D ( 'NONE', #9051, #8399, #1523 ) ;
#9042 = CARTESIAN_POINT ( 'NONE',  ( 9.499999999999925393, 4.780687915844703539, 45.00000000000000711 ) ) ;
#9043 = ORIENTED_EDGE ( 'NONE', *, *, #3661, .F. ) ;
#9044 = LINE ( 'NONE', #2159, #8403 ) ;
#9045 = AXIS2_PLACEMENT_3D ( 'NONE', #9932, #6702, #4401 ) ;
#9046 = ORIENTED_EDGE ( 'NONE', *, *, #4824, .F. ) ;
#9047 = LINE ( 'NONE', #5270, #2418 ) ;
#9048 = DIRECTION ( 'NONE',  ( -1.000000000000000000, -0.000000000000000000, -0.000000000000000000 ) ) ;
#9049 = DIRECTION ( 'NONE',  ( -0.000000000000000000, 1.000000000000000000, -0.000000000000000000 ) ) ;
#9050 = DIRECTION ( 'NONE',  ( -0.000000000000000000, 1.000000000000000000, -0.000000000000000000 ) ) ;
#9051 = CARTESIAN_POINT ( 'NONE',  ( 16.99999999999999289, -1.219312084155296683, 55.00000000000000000 ) ) ;
#9052 = ORIENTED_EDGE ( 'NONE', *, *, #6597, .F. ) ;
#9053 = ADVANCED_FACE ( 'NONE', ( #1558, #803 ), #5563, .T. ) ;
#9054 = EDGE_CURVE ( 'NONE', #7475, #446, #7071, .T. ) ;
#9055 = VERTEX_POINT ( 'NONE', #9393 ) ;
#9056 = EDGE_LOOP ( 'NONE', ( #9877, #780, #9105, #2853 ) ) ;
#9057 = CARTESIAN_POINT ( 'NONE',  ( 2.145068389081269178, 4.780687915844703539, -36.40269658700409394 ) ) ;
#9058 = CARTESIAN_POINT ( 'NONE',  ( -59.99999999999985789, 8.000000000000000000, 79.99999999999998579 ) ) ;
#9059 = ORIENTED_EDGE ( 'NONE', *, *, #8828, .F. ) ;
#9060 = CARTESIAN_POINT ( 'NONE',  ( 9.499999999999925393, 4.780687915844703539, 45.00000000000000711 ) ) ;
#9061 = LINE ( 'NONE', #3076, #4225 ) ;
#9062 = EDGE_CURVE ( 'NONE', #8595, #2482, #7872, .T. ) ;
#9063 = DIRECTION ( 'NONE',  ( 0.000000000000000000, 0.000000000000000000, 1.000000000000000000 ) ) ;
#9064 = EDGE_CURVE ( 'NONE', #7060, #7475, #9251, .T. ) ;
#9065 = VERTEX_POINT ( 'NONE', #8585 ) ;
#9066 = CARTESIAN_POINT ( 'NONE',  ( 19.79999999999996874, 4.780687915844703539, -57.09601004648968114 ) ) ;
#9067 = ORIENTED_EDGE ( 'NONE', *, *, #2930, .T. ) ;
#9068 = VERTEX_POINT ( 'NONE', #8630 ) ;
#9069 = EDGE_LOOP ( 'NONE', ( #1394, #9471, #6167, #6059 ) ) ;
#9070 = ORIENTED_EDGE ( 'NONE', *, *, #3226, .T. ) ;
#9071 = DIRECTION ( 'NONE',  ( -0.000000000000000000, -1.000000000000000000, -0.000000000000000000 ) ) ;
#9072 = ADVANCED_FACE ( 'NONE', ( #5519 ), #3866, .F. ) ;
#9073 = CARTESIAN_POINT ( 'NONE',  ( -25.20000000000002771, -6.519312084155297171, -56.59601004648968114 ) ) ;
#9074 = DIRECTION ( 'NONE',  ( -0.5240974256643353701, -0.8516583167045435054, 0.000000000000000000 ) ) ;
#9075 = DIRECTION ( 'NONE',  ( 3.652049423109082125E-16, 0.000000000000000000, -1.000000000000000000 ) ) ;
#9076 = CARTESIAN_POINT ( 'NONE',  ( -12.59999999999999609, 10.80000000000000071, 22.19999999999997442 ) ) ;
#9077 = DIRECTION ( 'NONE',  ( 0.000000000000000000, -1.000000000000000000, 0.000000000000000000 ) ) ;
#9078 = EDGE_CURVE ( 'NONE', #8298, #7217, #1657, .T. ) ;
#9079 = ORIENTED_EDGE ( 'NONE', *, *, #210, .F. ) ;
#9080 = DIRECTION ( 'NONE',  ( 0.000000000000000000, 0.000000000000000000, 1.000000000000000000 ) ) ;
#9081 = VECTOR ( 'NONE', #7365, 1000.000000000000000 ) ;
#9082 = ORIENTED_EDGE ( 'NONE', *, *, #9383, .T. ) ;
#9083 = VERTEX_POINT ( 'NONE', #3964 ) ;
#9084 = FACE_OUTER_BOUND ( 'NONE', #9153, .T. ) ;
#9085 = DIRECTION ( 'NONE',  ( 1.000000000000000000, 0.000000000000000000, -0.000000000000000000 ) ) ;
#9086 = VERTEX_POINT ( 'NONE', #2361 ) ;
#9087 = DIRECTION ( 'NONE',  ( 0.000000000000000000, 0.000000000000000000, 1.000000000000000000 ) ) ;
#9088 = DIRECTION ( 'NONE',  ( 0.000000000000000000, 0.000000000000000000, 1.000000000000000000 ) ) ;
#9089 = CARTESIAN_POINT ( 'NONE',  ( -13.00000000000000178, -3.719312084155296905, 50.60000000000000142 ) ) ;
#9090 = VECTOR ( 'NONE', #4259, 1000.000000000000000 ) ;
#9091 = PLANE ( 'NONE',  #9303 ) ;
#9092 = CARTESIAN_POINT ( 'NONE',  ( 23.00000000000000000, 4.780687915844703539, 61.00000000000000000 ) ) ;
#9093 = VERTEX_POINT ( 'NONE', #2403 ) ;
#9094 = CARTESIAN_POINT ( 'NONE',  ( -23.00000000000000000, -1.219312084155296683, 61.00000000000000000 ) ) ;
#9095 = ORIENTED_EDGE ( 'NONE', *, *, #3205, .F. ) ;
#9096 = EDGE_CURVE ( 'NONE', #4112, #5100, #6932, .T. ) ;
#9097 = FACE_OUTER_BOUND ( 'NONE', #2428, .T. ) ;
#9098 = DIRECTION ( 'NONE',  ( 0.000000000000000000, 0.000000000000000000, -1.000000000000000000 ) ) ;
#9099 = VECTOR ( 'NONE', #7693, 1000.000000000000000 ) ;
#9100 = CARTESIAN_POINT ( 'NONE',  ( 8.999999999999937828, 3.850000000000005418, 72.00000000000000000 ) ) ;
#9101 = DIRECTION ( 'NONE',  ( -0.000000000000000000, 1.000000000000000000, -0.000000000000000000 ) ) ;
#9102 = CARTESIAN_POINT ( 'NONE',  ( -39.99999999999998579, 4.780687915844703539, -32.00000000000000000 ) ) ;
#9103 = ORIENTED_EDGE ( 'NONE', *, *, #3711, .F. ) ;
#9104 = VECTOR ( 'NONE', #4938, 1000.000000000000000 ) ;
#9105 = ORIENTED_EDGE ( 'NONE', *, *, #8183, .F. ) ;
#9106 = DIRECTION ( 'NONE',  ( -0.000000000000000000, 1.000000000000000000, -0.000000000000000000 ) ) ;
#9107 = CYLINDRICAL_SURFACE ( 'NONE', #9819, 1.000000000000000888 ) ;
#9108 = ORIENTED_EDGE ( 'NONE', *, *, #3661, .T. ) ;
#9109 = EDGE_CURVE ( 'NONE', #4819, #5620, #7127, .T. ) ;
#9110 = EDGE_CURVE ( 'NONE', #8914, #5649, #6983, .T. ) ;
#9111 = CARTESIAN_POINT ( 'NONE',  ( 59.99999999999989342, -6.500000000000000000, 75.00000000000002842 ) ) ;
#9112 = LINE ( 'NONE', #7551, #1818 ) ;
#9113 = CARTESIAN_POINT ( 'NONE',  ( -16.50000000000007816, -0.2193120841552965994, 30.63708988850492432 ) ) ;
#9114 = ORIENTED_EDGE ( 'NONE', *, *, #88, .T. ) ;
#9115 = CARTESIAN_POINT ( 'NONE',  ( -72.00000000000000000, 4.780687915844703539, 58.49999999999990052 ) ) ;
#9116 = ORIENTED_EDGE ( 'NONE', *, *, #4093, .F. ) ;
#9117 = ORIENTED_EDGE ( 'NONE', *, *, #2200, .T. ) ;
#9118 = VERTEX_POINT ( 'NONE', #3310 ) ;
#9119 = ORIENTED_EDGE ( 'NONE', *, *, #6127, .T. ) ;
#9120 = AXIS2_PLACEMENT_3D ( 'NONE', #8366, #3694, #9889 ) ;
#9121 = DIRECTION ( 'NONE',  ( 0.000000000000000000, -1.000000000000000000, 0.000000000000000000 ) ) ;
#9122 = EDGE_CURVE ( 'NONE', #5352, #2362, #9434, .T. ) ;
#9123 = DIRECTION ( 'NONE',  ( 0.000000000000000000, -1.000000000000000000, 0.000000000000000000 ) ) ;
#9124 = EDGE_CURVE ( 'NONE', #4645, #9879, #4671, .T. ) ;
#9125 = CARTESIAN_POINT ( 'NONE',  ( -58.50000000000000000, 4.780687915844703539, 58.50000000000000000 ) ) ;
#9126 = FACE_OUTER_BOUND ( 'NONE', #2760, .T. ) ;
#9127 = CARTESIAN_POINT ( 'NONE',  ( -12.39999999999998614, 10.80000000000000071, 54.84999999999998010 ) ) ;
#9128 = DIRECTION ( 'NONE',  ( 1.000000000000000000, 1.606225440719248864E-16, 0.000000000000000000 ) ) ;
#9129 = VERTEX_POINT ( 'NONE', #103 ) ;
#9130 = PLANE ( 'NONE',  #8241 ) ;
#9131 = EDGE_CURVE ( 'NONE', #2855, #8545, #3160, .T. ) ;
#9132 = ORIENTED_EDGE ( 'NONE', *, *, #5682, .T. ) ;
#9133 = ADVANCED_FACE ( 'NONE', ( #8678 ), #4867, .T. ) ;
#9134 = DIRECTION ( 'NONE',  ( -1.000000000000000000, 0.000000000000000000, 0.000000000000000000 ) ) ;
#9135 = DIRECTION ( 'NONE',  ( 0.000000000000000000, 0.000000000000000000, -1.000000000000000000 ) ) ;
#9136 = ADVANCED_FACE ( 'NONE', ( #3557, #5012 ), #7218, .T. ) ;
#9137 = ORIENTED_EDGE ( 'NONE', *, *, #2685, .T. ) ;
#9138 = DIRECTION ( 'NONE',  ( 0.000000000000000000, 1.000000000000000000, 0.000000000000000000 ) ) ;
#9139 = DIRECTION ( 'NONE',  ( 1.000000000000000000, -2.392722035830078479E-16, 0.000000000000000000 ) ) ;
#9140 = DIRECTION ( 'NONE',  ( -0.000000000000000000, 0.000000000000000000, 1.000000000000000000 ) ) ;
#9141 = PLANE ( 'NONE',  #5926 ) ;
#9142 = DIRECTION ( 'NONE',  ( 0.000000000000000000, 0.000000000000000000, -1.000000000000000000 ) ) ;
#9143 = EDGE_LOOP ( 'NONE', ( #2210, #1605, #5255, #4600, #1189, #1175, #2026, #3100, #3729, #9079, #9320, #5164 ) ) ;
#9144 = DIRECTION ( 'NONE',  ( -0.000000000000000000, 1.000000000000000000, -0.000000000000000000 ) ) ;
#9145 = VECTOR ( 'NONE', #893, 1000.000000000000000 ) ;
#9146 = ORIENTED_EDGE ( 'NONE', *, *, #2263, .F. ) ;
#9147 = LINE ( 'NONE', #4422, #9154 ) ;
#9148 = DIRECTION ( 'NONE',  ( -0.000000000000000000, -0.000000000000000000, 1.000000000000000000 ) ) ;
#9149 = CARTESIAN_POINT ( 'NONE',  ( -12.49999999999999645, -2.349999999999990763, 79.99999999999998579 ) ) ;
#9150 = AXIS2_PLACEMENT_3D ( 'NONE', #3430, #2711, #9448 ) ;
#9151 = CARTESIAN_POINT ( 'NONE',  ( -30.49999999999999645, 3.780687915844703539, 51.00000000000006395 ) ) ;
#9152 = FACE_BOUND ( 'NONE', #3125, .T. ) ;
#9153 = EDGE_LOOP ( 'NONE', ( #2636, #269, #5011, #5703 ) ) ;
#9154 = VECTOR ( 'NONE', #9747, 1000.000000000000000 ) ;
#9155 = VECTOR ( 'NONE', #5454, 1000.000000000000000 ) ;
#9156 = ORIENTED_EDGE ( 'NONE', *, *, #5603, .T. ) ;
#9157 = CARTESIAN_POINT ( 'NONE',  ( -10.00000000000000000, 4.780687915844703539, 72.00000000000000000 ) ) ;
#9158 = CARTESIAN_POINT ( 'NONE',  ( 9.999999999999925393, 3.850000000000005418, 72.00000000000000000 ) ) ;
#9159 = ORIENTED_EDGE ( 'NONE', *, *, #6981, .F. ) ;
#9160 = CARTESIAN_POINT ( 'NONE',  ( -26.99999999999999645, -1.219312084155296683, 64.00000000000000000 ) ) ;
#9161 = VECTOR ( 'NONE', #9860, 1000.000000000000000 ) ;
#9162 = AXIS2_PLACEMENT_3D ( 'NONE', #9579, #2082, #6511 ) ;
#9163 = DIRECTION ( 'NONE',  ( 0.000000000000000000, 0.000000000000000000, -1.000000000000000000 ) ) ;
#9164 = CARTESIAN_POINT ( 'NONE',  ( -39.99999999999999289, 4.780687915844703539, 19.99999999999998934 ) ) ;
#9165 = EDGE_LOOP ( 'NONE', ( #9765, #892, #3868, #5475 ) ) ;
#9166 = FACE_OUTER_BOUND ( 'NONE', #3683, .T. ) ;
#9167 = EDGE_CURVE ( 'NONE', #7097, #426, #7934, .T. ) ;
#9168 = ORIENTED_EDGE ( 'NONE', *, *, #7462, .F. ) ;
#9169 = EDGE_CURVE ( 'NONE', #9917, #2273, #2548, .T. ) ;
#9170 = ORIENTED_EDGE ( 'NONE', *, *, #1810, .F. ) ;
#9171 = CIRCLE ( 'NONE', #6593, 17.00000000000000000 ) ;
#9172 = EDGE_LOOP ( 'NONE', ( #8802, #4796, #3148, #9444 ) ) ;
#9173 = VECTOR ( 'NONE', #7141, 1000.000000000000000 ) ;
#9174 = ORIENTED_EDGE ( 'NONE', *, *, #5671, .F. ) ;
#9175 = CARTESIAN_POINT ( 'NONE',  ( 40.00000000000000000, -5.219312084155296461, 18.00000000000000000 ) ) ;
#9176 = CARTESIAN_POINT ( 'NONE',  ( -80.00000000000001421, 0.000000000000000000, -59.99999999999987210 ) ) ;
#9177 = CARTESIAN_POINT ( 'NONE',  ( 7.697562365065523461E-46, 4.999999999999999112, -72.00000000000000000 ) ) ;
#9178 = ADVANCED_FACE ( 'NONE', ( #5060 ), #7325, .T. ) ;
#9179 = DIRECTION ( 'NONE',  ( 0.000000000000000000, 0.000000000000000000, -1.000000000000000000 ) ) ;
#9180 = CARTESIAN_POINT ( 'NONE',  ( -23.00000000000000000, -1.219312084155296683, 62.25000000000000000 ) ) ;
#9181 = LOCAL_TIME ( 11, 36, 54.00000000000000000, #3285 ) ;
#9182 = AXIS2_PLACEMENT_3D ( 'NONE', #1140, #7122, #7273 ) ;
#9183 = VECTOR ( 'NONE', #8339, 1000.000000000000000 ) ;
#9184 = LINE ( 'NONE', #1544, #4371 ) ;
#9185 = ORIENTED_EDGE ( 'NONE', *, *, #7195, .F. ) ;
#9186 = DIRECTION ( 'NONE',  ( -1.982541115402066342E-16, -0.000000000000000000, 1.000000000000000000 ) ) ;
#9187 = EDGE_CURVE ( 'NONE', #4144, #7560, #8885, .T. ) ;
#9188 = EDGE_CURVE ( 'NONE', #4134, #2036, #400, .T. ) ;
#9189 = VERTEX_POINT ( 'NONE', #8087 ) ;
#9190 = VECTOR ( 'NONE', #651, 1000.000000000000000 ) ;
#9191 = VECTOR ( 'NONE', #1129, 1000.000000000000000 ) ;
#9192 = CARTESIAN_POINT ( 'NONE',  ( 13.39999999999999858, 9.799999999999998934, 42.14999999999997016 ) ) ;
#9193 = ORIENTED_EDGE ( 'NONE', *, *, #4147, .F. ) ;
#9194 = LINE ( 'NONE', #8327, #2258 ) ;
#9195 = DIRECTION ( 'NONE',  ( 1.000000000000000000, 0.000000000000000000, -1.541976423090493661E-15 ) ) ;
#9196 = DIRECTION ( 'NONE',  ( 1.186135710069613884E-16, 0.000000000000000000, -1.000000000000000000 ) ) ;
#9197 = DIRECTION ( 'NONE',  ( 0.000000000000000000, -0.000000000000000000, 1.000000000000000000 ) ) ;
#9198 = PLANE ( 'NONE',  #9013 ) ;
#9199 = EDGE_CURVE ( 'NONE', #7849, #2776, #9586, .T. ) ;
#9200 = CIRCLE ( 'NONE', #7261, 3.000000000000002665 ) ;
#9201 = VERTEX_POINT ( 'NONE', #5665 ) ;
#9202 = DIRECTION ( 'NONE',  ( -1.000000000000000000, 0.000000000000000000, 0.000000000000000000 ) ) ;
#9203 = AXIS2_PLACEMENT_3D ( 'NONE', #4375, #7444, #369 ) ;
#9204 = ADVANCED_FACE ( 'NONE', ( #9632 ), #294, .F. ) ;
#9205 = VERTEX_POINT ( 'NONE', #344 ) ;
#9206 = CARTESIAN_POINT ( 'NONE',  ( 23.00000000000000000, -1.219312084155296683, 62.25000000000000000 ) ) ;
#9207 = DIRECTION ( 'NONE',  ( 1.000000000000000000, -0.000000000000000000, 5.634144622830656211E-16 ) ) ;
#9208 = DIRECTION ( 'NONE',  ( 0.000000000000000000, 1.000000000000000000, 0.000000000000000000 ) ) ;
#9209 = AXIS2_PLACEMENT_3D ( 'NONE', #9212, #2966, #1363 ) ;
#9210 = LINE ( 'NONE', #2469, #7397 ) ;
#9211 = EDGE_CURVE ( 'NONE', #8616, #3875, #4962, .T. ) ;
#9212 = CARTESIAN_POINT ( 'NONE',  ( 58.50000000000002132, 4.780687915844703539, -58.50000000000000000 ) ) ;
#9213 = VECTOR ( 'NONE', #6559, 1000.000000000000000 ) ;
#9214 = EDGE_LOOP ( 'NONE', ( #9095, #7190 ) ) ;
#9215 = AXIS2_PLACEMENT_3D ( 'NONE', #2197, #5303, #5253 ) ;
#9216 = ORIENTED_EDGE ( 'NONE', *, *, #7963, .F. ) ;
#9217 = DIRECTION ( 'NONE',  ( -1.000000000000000000, -0.000000000000000000, -0.000000000000000000 ) ) ;
#9218 = DIRECTION ( 'NONE',  ( 1.000000000000000000, -2.315848374724873665E-16, 0.000000000000000000 ) ) ;
#9219 = EDGE_LOOP ( 'NONE', ( #6198, #779 ) ) ;
#9220 = AXIS2_PLACEMENT_3D ( 'NONE', #6691, #5280, #5233 ) ;
#9221 = AXIS2_PLACEMENT_3D ( 'NONE', #5593, #1188, #8069 ) ;
#9222 = CARTESIAN_POINT ( 'NONE',  ( -31.49999999999999289, 3.780687915844703539, 51.00000000000006395 ) ) ;
#9223 = CARTESIAN_POINT ( 'NONE',  ( -26.99999999999999645, -1.219312084155296683, 72.00000000000000000 ) ) ;
#9224 = CARTESIAN_POINT ( 'NONE',  ( 11.10000000000000497, 10.80000000000000071, 71.99999999999998579 ) ) ;
#9225 = ORIENTED_EDGE ( 'NONE', *, *, #8807, .F. ) ;
#9226 = LINE ( 'NONE', #3939, #3070 ) ;
#9227 = ORIENTED_EDGE ( 'NONE', *, *, #342, .T. ) ;
#9228 = EDGE_LOOP ( 'NONE', ( #5181, #5208 ) ) ;
#9229 = FACE_OUTER_BOUND ( 'NONE', #3028, .T. ) ;
#9230 = VERTEX_POINT ( 'NONE', #6414 ) ;
#9231 = ADVANCED_FACE ( 'NONE', ( #6471 ), #9541, .T. ) ;
#9232 = CARTESIAN_POINT ( 'NONE',  ( 2.308517379148995757E-15, -1.719312084155296239, -37.00000000000000711 ) ) ;
#9233 = DIRECTION ( 'NONE',  ( 0.000000000000000000, -0.000000000000000000, -1.000000000000000000 ) ) ;
#9234 = DIRECTION ( 'NONE',  ( -0.000000000000000000, 1.000000000000000000, -0.000000000000000000 ) ) ;
#9235 = CARTESIAN_POINT ( 'NONE',  ( 25.20000000000002771, 4.780687915844703539, -59.05398995351029612 ) ) ;
#9236 = CARTESIAN_POINT ( 'NONE',  ( -27.74999999999999645, 2.000000000002006395, -87.50000000000224532 ) ) ;
#9237 = VERTEX_POINT ( 'NONE', #5713 ) ;
#9238 = LINE ( 'NONE', #181, #7608 ) ;
#9239 = ORIENTED_EDGE ( 'NONE', *, *, #2557, .F. ) ;
#9240 = VERTEX_POINT ( 'NONE', #1242 ) ;
#9241 = DIRECTION ( 'NONE',  ( -0.000000000000000000, -1.000000000000000000, -0.000000000000000000 ) ) ;
#9242 = ORIENTED_EDGE ( 'NONE', *, *, #9363, .F. ) ;
#9243 = DIRECTION ( 'NONE',  ( 1.885568995626964287E-16, 0.000000000000000000, -1.000000000000000000 ) ) ;
#9244 = FACE_OUTER_BOUND ( 'NONE', #932, .T. ) ;
#9245 = ADVANCED_FACE ( 'NONE', ( #6518 ), #6564, .F. ) ;
#9246 = CARTESIAN_POINT ( 'NONE',  ( -7.000000000000013323, 4.780687915844703539, 50.59999999999999432 ) ) ;
#9247 = EDGE_CURVE ( 'NONE', #7757, #8138, #2747, .T. ) ;
#9248 = LINE ( 'NONE', #9901, #4004 ) ;
#9249 = CARTESIAN_POINT ( 'NONE',  ( -59.99999999999985789, 0.000000000000000000, 79.99999999999998579 ) ) ;
#9250 = ORIENTED_EDGE ( 'NONE', *, *, #2599, .F. ) ;
#9251 = LINE ( 'NONE', #4766, #1982 ) ;
#9252 = EDGE_LOOP ( 'NONE', ( #9227, #9225, #1711, #90 ) ) ;
#9253 = VERTEX_POINT ( 'NONE', #1147 ) ;
#9254 = CARTESIAN_POINT ( 'NONE',  ( 13.00000000000000178, -1.219312084155296683, 46.00000000000000000 ) ) ;
#9255 = DIRECTION ( 'NONE',  ( -0.7071067811865477948, 0.7071067811865473507, 0.000000000000000000 ) ) ;
#9256 = EDGE_CURVE ( 'NONE', #533, #426, #7281, .T. ) ;
#9257 = CARTESIAN_POINT ( 'NONE',  ( 30.49999999999999645, 3.780687915844703539, 51.00000000000006395 ) ) ;
#9258 = DIRECTION ( 'NONE',  ( 0.000000000000000000, 0.000000000000000000, 1.000000000000000000 ) ) ;
#9259 = EDGE_CURVE ( 'NONE', #6094, #2069, #5809, .T. ) ;
#9260 = CARTESIAN_POINT ( 'NONE',  ( 0.000000000000000000, -0.2193120841552965994, 0.000000000000000000 ) ) ;
#9261 = ORIENTED_EDGE ( 'NONE', *, *, #9786, .F. ) ;
#9262 = EDGE_CURVE ( 'NONE', #2185, #861, #5207, .T. ) ;
#9263 = ORIENTED_EDGE ( 'NONE', *, *, #6933, .T. ) ;
#9264 = VECTOR ( 'NONE', #4236, 1000.000000000000000 ) ;
#9265 = CARTESIAN_POINT ( 'NONE',  ( 6.000000000000000000, -3.719312084155296905, 45.00000000000000000 ) ) ;
#9266 = DIRECTION ( 'NONE',  ( -8.673617379884027583E-16, 0.000000000000000000, 1.000000000000000000 ) ) ;
#9267 = ADVANCED_FACE ( 'NONE', ( #7516 ), #9130, .F. ) ;
#9268 = CARTESIAN_POINT ( 'NONE',  ( -58.49999999999990052, 4.780687915844703539, 72.00000000000000000 ) ) ;
#9269 = LINE ( 'NONE', #1477, #6139 ) ;
#9270 = ORIENTED_EDGE ( 'NONE', *, *, #5789, .F. ) ;
#9271 = DIRECTION ( 'NONE',  ( -0.000000000000000000, -0.000000000000000000, -1.000000000000000000 ) ) ;
#9272 = VERTEX_POINT ( 'NONE', #8225 ) ;
#9273 = ORIENTED_EDGE ( 'NONE', *, *, #1298, .F. ) ;
#9274 = ORIENTED_EDGE ( 'NONE', *, *, #8168, .T. ) ;
#9275 = ORIENTED_EDGE ( 'NONE', *, *, #8332, .F. ) ;
#9276 = DIRECTION ( 'NONE',  ( -1.000000000000000000, -2.392722035830078479E-16, 0.000000000000000000 ) ) ;
#9277 = LINE ( 'NONE', #232, #4871 ) ;
#9278 = DIRECTION ( 'NONE',  ( 0.000000000000000000, 0.000000000000000000, -1.000000000000000000 ) ) ;
#9279 = LINE ( 'NONE', #3850, #5653 ) ;
#9280 = ORIENTED_EDGE ( 'NONE', *, *, #4931, .F. ) ;
#9281 = DIRECTION ( 'NONE',  ( -1.000000000000000000, 0.000000000000000000, 0.000000000000000000 ) ) ;
#9282 = VERTEX_POINT ( 'NONE', #545 ) ;
#9283 = ORIENTED_EDGE ( 'NONE', *, *, #2839, .T. ) ;
#9284 = DIRECTION ( 'NONE',  ( 0.000000000000000000, 0.000000000000000000, 1.000000000000000000 ) ) ;
#9285 = DIRECTION ( 'NONE',  ( 0.000000000000000000, -1.000000000000000000, 0.000000000000000000 ) ) ;
#9286 = CARTESIAN_POINT ( 'NONE',  ( -13.00000000000000178, -3.719312084155296905, 50.60000000000000142 ) ) ;
#9287 = DIRECTION ( 'NONE',  ( 0.000000000000000000, 1.000000000000000000, 0.000000000000000000 ) ) ;
#9288 = DIRECTION ( 'NONE',  ( 4.336808689942018722E-16, -1.000000000000000000, 0.000000000000000000 ) ) ;
#9289 = CARTESIAN_POINT ( 'NONE',  ( 40.00000000000000000, -5.219312084155296461, -47.00000000000000711 ) ) ;
#9290 = VERTEX_POINT ( 'NONE', #4451 ) ;
#9291 = CARTESIAN_POINT ( 'NONE',  ( -26.99999999999999645, -1.219312084155296683, 72.00000000000000000 ) ) ;
#9292 = EDGE_LOOP ( 'NONE', ( #4785, #6931, #6372, #946 ) ) ;
#9293 = ADVANCED_FACE ( 'NONE', ( #636 ), #8929, .F. ) ;
#9294 = ORIENTED_EDGE ( 'NONE', *, *, #1380, .F. ) ;
#9295 = CYLINDRICAL_SURFACE ( 'NONE', #2732, 0.6999999999999992895 ) ;
#9296 = CARTESIAN_POINT ( 'NONE',  ( 2.308517379148995757E-15, 4.780687915844703539, 14.49999999999999467 ) ) ;
#9297 = DIRECTION ( 'NONE',  ( 0.000000000000000000, 0.000000000000000000, -1.000000000000000000 ) ) ;
#9298 = DIRECTION ( 'NONE',  ( 0.000000000000000000, -0.000000000000000000, -1.000000000000000000 ) ) ;
#9299 = CARTESIAN_POINT ( 'NONE',  ( 9.499999999999925393, -0.2193120841552965994, 45.00000000000000711 ) ) ;
#9300 = VERTEX_POINT ( 'NONE', #5859 ) ;
#9301 = EDGE_CURVE ( 'NONE', #6872, #8621, #3698, .T. ) ;
#9302 = VERTEX_POINT ( 'NONE', #9838 ) ;
#9303 = AXIS2_PLACEMENT_3D ( 'NONE', #2208, #2766, #8383 ) ;
#9304 = CIRCLE ( 'NONE', #8819, 7.000000000000006217 ) ;
#9305 = DIRECTION ( 'NONE',  ( 0.5240974256643353701, -0.8516583167045433944, 0.000000000000000000 ) ) ;
#9306 = AXIS2_PLACEMENT_3D ( 'NONE', #3764, #9035, #595 ) ;
#9307 = CARTESIAN_POINT ( 'NONE',  ( -12.59999999999999609, 8.000000000000000000, 21.19999999999997087 ) ) ;
#9308 = CARTESIAN_POINT ( 'NONE',  ( -23.20000000000002771, -3.219312084155296461, -59.05398995351029612 ) ) ;
#9309 = DIRECTION ( 'NONE',  ( 0.000000000000000000, 0.000000000000000000, -1.000000000000000000 ) ) ;
#9310 = VECTOR ( 'NONE', #404, 1000.000000000000000 ) ;
#9311 = EDGE_CURVE ( 'NONE', #9365, #6076, #9892, .T. ) ;
#9312 = EDGE_LOOP ( 'NONE', ( #2221, #7256, #3688, #5267 ) ) ;
#9313 = DIRECTION ( 'NONE',  ( -0.000000000000000000, 1.000000000000000000, -0.000000000000000000 ) ) ;
#9314 = ORIENTED_EDGE ( 'NONE', *, *, #283, .F. ) ;
#9315 = ADVANCED_FACE ( 'NONE', ( #6010 ), #2843, .F. ) ;
#9316 = VERTEX_POINT ( 'NONE', #9776 ) ;
#9317 = CARTESIAN_POINT ( 'NONE',  ( -11.59999999999999609, 9.799999999999998934, 25.19999999999997442 ) ) ;
#9318 = DIRECTION ( 'NONE',  ( -1.000000000000000000, 0.000000000000000000, 0.000000000000000000 ) ) ;
#9319 = EDGE_CURVE ( 'NONE', #271, #3393, #7625, .T. ) ;
#9320 = ORIENTED_EDGE ( 'NONE', *, *, #7969, .F. ) ;
#9321 = VECTOR ( 'NONE', #2058, 1000.000000000000000 ) ;
#9322 = VECTOR ( 'NONE', #8022, 1000.000000000000114 ) ;
#9323 = CARTESIAN_POINT ( 'NONE',  ( -58.49999999999990052, 4.780687915844703539, 72.00000000000000000 ) ) ;
#9324 = DIRECTION ( 'NONE',  ( -0.05233595624294378607, 0.9986295347545739443, -0.000000000000000000 ) ) ;
#9325 = CARTESIAN_POINT ( 'NONE',  ( -5.468082141016124886, 3.482729547060311237, -72.40921564089337892 ) ) ;
#9326 = EDGE_CURVE ( 'NONE', #2959, #2776, #7922, .T. ) ;
#9327 = DIRECTION ( 'NONE',  ( 0.000000000000000000, 0.000000000000000000, 1.000000000000000000 ) ) ;
#9328 = ORIENTED_EDGE ( 'NONE', *, *, #8550, .F. ) ;
#9329 = CARTESIAN_POINT ( 'NONE',  ( -24.00000000000000000, -1.797550753611047135E-15, 128.4381048349333980 ) ) ;
#9330 = VECTOR ( 'NONE', #4139, 1000.000000000000000 ) ;
#9331 = AXIS2_PLACEMENT_3D ( 'NONE', #8293, #761, #1564 ) ;
#9332 = ORIENTED_EDGE ( 'NONE', *, *, #8872, .F. ) ;
#9333 = VERTEX_POINT ( 'NONE', #695 ) ;
#9334 = CARTESIAN_POINT ( 'NONE',  ( -2.849950325129376516, 4.609973700822003195, -37.54327479742999429 ) ) ;
#9335 = CARTESIAN_POINT ( 'NONE',  ( 11.10000000000000142, 8.000000000000000000, 24.99999999999997513 ) ) ;
#9336 = DIRECTION ( 'NONE',  ( 0.000000000000000000, -1.000000000000000000, 0.000000000000000000 ) ) ;
#9337 = DIRECTION ( 'NONE',  ( 0.000000000000000000, -1.000000000000000000, 0.000000000000000000 ) ) ;
#9338 = CARTESIAN_POINT ( 'NONE',  ( 10.25000000000000178, 2.000000000002015277, -87.50000000000224532 ) ) ;
#9339 = CARTESIAN_POINT ( 'NONE',  ( 10.25000000000000178, -1.601329222479280134E-13, -87.50000000000224532 ) ) ;
#9340 = ORIENTED_EDGE ( 'NONE', *, *, #4303, .T. ) ;
#9341 = DIRECTION ( 'NONE',  ( 0.000000000000000000, -0.000000000000000000, 1.000000000000000000 ) ) ;
#9342 = ORIENTED_EDGE ( 'NONE', *, *, #3096, .T. ) ;
#9343 = AXIS2_PLACEMENT_3D ( 'NONE', #5183, #5128, #5083 ) ;
#9344 = CIRCLE ( 'NONE', #8700, 1.500000000000001332 ) ;
#9345 = ORIENTED_EDGE ( 'NONE', *, *, #1692, .F. ) ;
#9346 = FACE_OUTER_BOUND ( 'NONE', #5954, .T. ) ;
#9347 = PLANE ( 'NONE',  #5616 ) ;
#9348 = EDGE_CURVE ( 'NONE', #2352, #1536, #1832, .T. ) ;
#9349 = CARTESIAN_POINT ( 'NONE',  ( 0.000000000000000000, 1.780687915844703539, 0.000000000000000000 ) ) ;
#9350 = LINE ( 'NONE', #7643, #3391 ) ;
#9351 = AXIS2_PLACEMENT_3D ( 'NONE', #3902, #3037, #8468 ) ;
#9352 = VECTOR ( 'NONE', #8703, 1000.000000000000000 ) ;
#9353 = ORIENTED_EDGE ( 'NONE', *, *, #3795, .F. ) ;
#9354 = ORIENTED_EDGE ( 'NONE', *, *, #3573, .T. ) ;
#9355 = VECTOR ( 'NONE', #5700, 1000.000000000000000 ) ;
#9356 = VECTOR ( 'NONE', #1683, 1000.000000000000000 ) ;
#9357 = PLANE ( 'NONE',  #5935 ) ;
#9358 = FACE_OUTER_BOUND ( 'NONE', #4365, .T. ) ;
#9359 = CARTESIAN_POINT ( 'NONE',  ( -58.49999999999990052, -6.500000000000000000, 72.00000000000000000 ) ) ;
#9360 = VECTOR ( 'NONE', #2501, 1000.000000000000000 ) ;
#9361 = EDGE_CURVE ( 'NONE', #5028, #3621, #5955, .T. ) ;
#9362 = CYLINDRICAL_SURFACE ( 'NONE', #1325, 16.99999999999999645 ) ;
#9363 = EDGE_CURVE ( 'NONE', #7173, #1813, #8893, .T. ) ;
#9364 = VECTOR ( 'NONE', #3663, 1000.000000000000000 ) ;
#9365 = VERTEX_POINT ( 'NONE', #7571 ) ;
#9366 = FACE_OUTER_BOUND ( 'NONE', #905, .T. ) ;
#9367 = VERTEX_POINT ( 'NONE', #2995 ) ;
#9368 = EDGE_LOOP ( 'NONE', ( #2539, #7635, #7175, #2505 ) ) ;
#9369 = VECTOR ( 'NONE', #8513, 1000.000000000000000 ) ;
#9370 = ORIENTED_EDGE ( 'NONE', *, *, #3332, .F. ) ;
#9371 = DIRECTION ( 'NONE',  ( 0.000000000000000000, 0.000000000000000000, 1.000000000000000000 ) ) ;
#9372 = VECTOR ( 'NONE', #2446, 1000.000000000000000 ) ;
#9373 = ORIENTED_EDGE ( 'NONE', *, *, #6091, .T. ) ;
#9374 = DIRECTION ( 'NONE',  ( 1.000000000000000000, 0.000000000000000000, 0.000000000000000000 ) ) ;
#9375 = EDGE_CURVE ( 'NONE', #1350, #4112, #1352, .T. ) ;
#9376 = CARTESIAN_POINT ( 'NONE',  ( -23.00000000000000000, -1.219312084155296683, 61.00000000000000000 ) ) ;
#9377 = CARTESIAN_POINT ( 'NONE',  ( -2.905389563131797637, 4.594127770665324739, 12.27213359589103980 ) ) ;
#9378 = EDGE_CURVE ( 'NONE', #4695, #8132, #9697, .T. ) ;
#9379 = DIRECTION ( 'NONE',  ( -0.000000000000000000, 1.000000000000000000, -0.000000000000000000 ) ) ;
#9380 = ORIENTED_EDGE ( 'NONE', *, *, #7162, .T. ) ;
#9381 = DIRECTION ( 'NONE',  ( -0.000000000000000000, -0.000000000000000000, 1.000000000000000000 ) ) ;
#9382 = ORIENTED_EDGE ( 'NONE', *, *, #4, .T. ) ;
#9383 = EDGE_CURVE ( 'NONE', #5518, #3334, #5154, .T. ) ;
#9384 = ORIENTED_EDGE ( 'NONE', *, *, #5242, .F. ) ;
#9385 = DIRECTION ( 'NONE',  ( 0.000000000000000000, 1.000000000000000000, 0.000000000000000000 ) ) ;
#9386 = DIRECTION ( 'NONE',  ( 0.000000000000000000, -1.000000000000000000, 0.000000000000000000 ) ) ;
#9387 = FACE_OUTER_BOUND ( 'NONE', #3853, .T. ) ;
#9388 = CARTESIAN_POINT ( 'NONE',  ( -39.99999999999998579, -5.219312084155296461, 17.99999999999998934 ) ) ;
#9389 = EDGE_CURVE ( 'NONE', #8505, #4613, #3651, .T. ) ;
#9390 = LINE ( 'NONE', #6261, #6727 ) ;
#9391 = DIRECTION ( 'NONE',  ( 1.000000000000000000, -0.000000000000000000, -0.000000000000000000 ) ) ;
#9392 = ORIENTED_EDGE ( 'NONE', *, *, #8799, .T. ) ;
#9393 = CARTESIAN_POINT ( 'NONE',  ( -6.000000000000000000, -3.719312084155296905, 50.60000000000000142 ) ) ;
#9394 = ORIENTED_EDGE ( 'NONE', *, *, #4314, .T. ) ;
#9395 = ORIENTED_EDGE ( 'NONE', *, *, #725, .F. ) ;
#9396 = CARTESIAN_POINT ( 'NONE',  ( -26.00000000000000000, 4.780687915844703539, 64.00000000000000000 ) ) ;
#9397 = VERTEX_POINT ( 'NONE', #9032 ) ;
#9398 = CARTESIAN_POINT ( 'NONE',  ( 2.308517379148995757E-15, 4.780687915844703539, 11.49999999999999289 ) ) ;
#9399 = CARTESIAN_POINT ( 'NONE',  ( -31.50000000000000000, 4.780687915844703539, 71.99999999999998579 ) ) ;
#9400 = CARTESIAN_POINT ( 'NONE',  ( -9.500000000000001776, -0.2193120841552965994, 45.00000000000000000 ) ) ;
#9401 = AXIS2_PLACEMENT_3D ( 'NONE', #5228, #769, #5985 ) ;
#9402 = ORIENTED_EDGE ( 'NONE', *, *, #6554, .F. ) ;
#9403 = DIRECTION ( 'NONE',  ( 0.000000000000000000, -1.000000000000000000, 0.000000000000000000 ) ) ;
#9404 = ORIENTED_EDGE ( 'NONE', *, *, #5565, .T. ) ;
#9405 = CARTESIAN_POINT ( 'NONE',  ( 12.00000000000000000, -3.719312084155296905, 46.00000000000000000 ) ) ;
#9406 = DIRECTION ( 'NONE',  ( -0.000000000000000000, -0.000000000000000000, 1.000000000000000000 ) ) ;
#9407 = CYLINDRICAL_SURFACE ( 'NONE', #822, 13.49999999999999822 ) ;
#9408 = CARTESIAN_POINT ( 'NONE',  ( -10.09999999999999432, 10.80000000000000071, 24.99999999999998224 ) ) ;
#9409 = DIRECTION ( 'NONE',  ( 0.000000000000000000, 0.000000000000000000, 1.000000000000000000 ) ) ;
#9410 = ORIENTED_EDGE ( 'NONE', *, *, #6049, .T. ) ;
#9411 = VERTEX_POINT ( 'NONE', #2150 ) ;
#9412 = ORIENTED_EDGE ( 'NONE', *, *, #4881, .F. ) ;
#9413 = ADVANCED_FACE ( 'NONE', ( #841 ), #6166, .F. ) ;
#9414 = EDGE_CURVE ( 'NONE', #7999, #1750, #5036, .T. ) ;
#9415 = CARTESIAN_POINT ( 'NONE',  ( -23.12141063199569757, -1.427707723006992113, 75.00000000000002842 ) ) ;
#9416 = VERTEX_POINT ( 'NONE', #2350 ) ;
#9417 = CARTESIAN_POINT ( 'NONE',  ( -31.50000000000000000, 4.780687915844703539, 71.99999999999998579 ) ) ;
#9418 = DIRECTION ( 'NONE',  ( 1.000000000000000000, 0.000000000000000000, 0.000000000000000000 ) ) ;
#9419 = CARTESIAN_POINT ( 'NONE',  ( -2.632162983938121759, 4.669102249763530388, 10.00998622166379270 ) ) ;
#9420 = CARTESIAN_POINT ( 'NONE',  ( -18.32361441789065282, -6.500000000000000000, 75.00000000000002842 ) ) ;
#9421 = VERTEX_POINT ( 'NONE', #3147 ) ;
#9422 = DIRECTION ( 'NONE',  ( -1.000000000000000000, -0.000000000000000000, -0.000000000000000000 ) ) ;
#9423 = ORIENTED_EDGE ( 'NONE', *, *, #1012, .F. ) ;
#9424 = EDGE_CURVE ( 'NONE', #6315, #1834, #7856, .T. ) ;
#9425 = ORIENTED_EDGE ( 'NONE', *, *, #1957, .T. ) ;
#9426 = DIRECTION ( 'NONE',  ( 0.000000000000000000, 0.000000000000000000, 1.000000000000000000 ) ) ;
#9427 = DIRECTION ( 'NONE',  ( 0.000000000000000000, -0.4472135954999583163, -0.8944271909999157444 ) ) ;
#9428 = DIRECTION ( 'NONE',  ( -0.000000000000000000, -0.000000000000000000, 1.000000000000000000 ) ) ;
#9429 = LINE ( 'NONE', #2502, #1954 ) ;
#9430 = CARTESIAN_POINT ( 'NONE',  ( -8.449200506237207975, 0.7499999999999997780, 30.39999999999998437 ) ) ;
#9431 = CARTESIAN_POINT ( 'NONE',  ( -8.395184441433917399, 1.780687915844703539, 34.32966729766140901 ) ) ;
#9432 = EDGE_CURVE ( 'NONE', #732, #4695, #3039, .T. ) ;
#9433 = ORIENTED_EDGE ( 'NONE', *, *, #3463, .F. ) ;
#9434 = LINE ( 'NONE', #8437, #4070 ) ;
#9435 = ORIENTED_EDGE ( 'NONE', *, *, #7039, .T. ) ;
#9436 = EDGE_CURVE ( 'NONE', #782, #8545, #982, .T. ) ;
#9437 = ADVANCED_FACE ( 'NONE', ( #4752 ), #3852, .F. ) ;
#9438 = VERTEX_POINT ( 'NONE', #5550 ) ;
#9439 = CARTESIAN_POINT ( 'NONE',  ( -19.79999999999996874, 4.780687915844703539, -59.05398995351029612 ) ) ;
#9440 = ORIENTED_EDGE ( 'NONE', *, *, #8859, .T. ) ;
#9441 = DIRECTION ( 'NONE',  ( 1.000000000000000000, -0.000000000000000000, 2.275047181608928137E-16 ) ) ;
#9442 = CARTESIAN_POINT ( 'NONE',  ( -59.99999999999987921, -6.500000000000000000, -74.99999999999997158 ) ) ;
#9443 = CARTESIAN_POINT ( 'NONE',  ( -75.00000000000000000, -6.500000000000000000, 59.99999999999992184 ) ) ;
#9444 = ORIENTED_EDGE ( 'NONE', *, *, #1265, .T. ) ;
#9445 = CARTESIAN_POINT ( 'NONE',  ( 27.74999999999999645, -2.000000000000024425, -87.50000000000224532 ) ) ;
#9446 = EDGE_LOOP ( 'NONE', ( #6621, #7614, #4725, #734 ) ) ;
#9447 = FACE_OUTER_BOUND ( 'NONE', #6212, .T. ) ;
#9448 = DIRECTION ( 'NONE',  ( 0.000000000000000000, 0.000000000000000000, 1.000000000000000000 ) ) ;
#9449 = CARTESIAN_POINT ( 'NONE',  ( -23.99999999999999289, 0.000000000000000000, 59.99999999999999289 ) ) ;
#9450 = CARTESIAN_POINT ( 'NONE',  ( 23.00000000000000000, -1.219312084155296683, 63.50000000000000000 ) ) ;
#9451 = CARTESIAN_POINT ( 'NONE',  ( 18.32361441789066347, -6.500000000000000000, 79.99999999999998579 ) ) ;
#9452 = ORIENTED_EDGE ( 'NONE', *, *, #2738, .T. ) ;
#9453 = PERSON_AND_ORGANIZATION_ROLE ( 'design_owner' ) ;
#9454 = EDGE_LOOP ( 'NONE', ( #602, #7660, #2279, #3662 ) ) ;
#9455 = AXIS2_PLACEMENT_3D ( 'NONE', #8666, #7361, #8121 ) ;
#9456 = EDGE_LOOP ( 'NONE', ( #3038, #1754, #9766, #6834 ) ) ;
#9457 = CARTESIAN_POINT ( 'NONE',  ( -27.00000000000000355, -1.219312084155296683, 55.00000000000000000 ) ) ;
#9458 = ORIENTED_EDGE ( 'NONE', *, *, #6350, .F. ) ;
#9459 = VECTOR ( 'NONE', #2865, 1000.000000000000000 ) ;
#9460 = FACE_OUTER_BOUND ( 'NONE', #9454, .T. ) ;
#9461 = DIRECTION ( 'NONE',  ( -0.000000000000000000, 1.000000000000000000, -0.000000000000000000 ) ) ;
#9462 = AXIS2_PLACEMENT_3D ( 'NONE', #659, #561, #5117 ) ;
#9463 = CARTESIAN_POINT ( 'NONE',  ( 11.60000000000000320, 10.80000000000000071, 25.19999999999997087 ) ) ;
#9464 = CARTESIAN_POINT ( 'NONE',  ( 7.000000000000000000, -3.719312084155296905, 50.60000000000000142 ) ) ;
#9465 = AXIS2_PLACEMENT_3D ( 'NONE', #7513, #1432, #4559 ) ;
#9466 = ORIENTED_EDGE ( 'NONE', *, *, #1951, .T. ) ;
#9467 = LINE ( 'NONE', #2586, #7288 ) ;
#9468 = ORIENTED_EDGE ( 'NONE', *, *, #5381, .F. ) ;
#9469 = VECTOR ( 'NONE', #7239, 1000.000000000000000 ) ;
#9470 = VECTOR ( 'NONE', #7429, 1000.000000000000000 ) ;
#9471 = ORIENTED_EDGE ( 'NONE', *, *, #7593, .F. ) ;
#9472 = DIRECTION ( 'NONE',  ( 1.000000000000000000, -0.000000000000000000, 8.673617379884028570E-16 ) ) ;
#9473 = DIRECTION ( 'NONE',  ( 1.000000000000000000, 0.000000000000000000, 0.000000000000000000 ) ) ;
#9474 = CARTESIAN_POINT ( 'NONE',  ( -25.20000000000002771, 4.780687915844703539, -57.09601004648968114 ) ) ;
#9475 = FACE_OUTER_BOUND ( 'NONE', #7312, .T. ) ;
#9476 = DIRECTION ( 'NONE',  ( -0.5240974256643353701, -0.8516583167045435054, 0.000000000000000000 ) ) ;
#9477 = CARTESIAN_POINT ( 'NONE',  ( 6.446823986725716438, 2.814214833452541420, 32.89866756048724028 ) ) ;
#9478 = EDGE_CURVE ( 'NONE', #9272, #6606, #3951, .T. ) ;
#9479 = VECTOR ( 'NONE', #139, 1000.000000000000000 ) ;
#9480 = VECTOR ( 'NONE', #1112, 1000.000000000000000 ) ;
#9481 = ADVANCED_FACE ( 'NONE', ( #8617 ), #8426, .F. ) ;
#9482 = CARTESIAN_POINT ( 'NONE',  ( -9.500000000000001776, -5.219312084155296461, 19.99999999999998934 ) ) ;
#9483 = ORIENTED_EDGE ( 'NONE', *, *, #9857, .T. ) ;
#9484 = DIRECTION ( 'NONE',  ( -1.000000000000000000, 0.000000000000000000, -0.000000000000000000 ) ) ;
#9485 = EDGE_LOOP ( 'NONE', ( #4360, #2605, #3320, #8886 ) ) ;
#9486 = ORIENTED_EDGE ( 'NONE', *, *, #6121, .F. ) ;
#9487 = VECTOR ( 'NONE', #4598, 1000.000000000000000 ) ;
#9488 = VECTOR ( 'NONE', #3944, 1000.000000000000000 ) ;
#9489 = CARTESIAN_POINT ( 'NONE',  ( 9.999999999999955591, 3.780687915844703539, 46.00000000000001421 ) ) ;
#9490 = VECTOR ( 'NONE', #4415, 1000.000000000000000 ) ;
#9491 = ORIENTED_EDGE ( 'NONE', *, *, #1876, .F. ) ;
#9492 = DIRECTION ( 'NONE',  ( -1.000000000000000000, -0.000000000000000000, -0.000000000000000000 ) ) ;
#9493 = LINE ( 'NONE', #4678, #25 ) ;
#9494 = DIRECTION ( 'NONE',  ( -1.000000000000000000, 0.000000000000000000, -8.673617379884028570E-16 ) ) ;
#9495 = EDGE_CURVE ( 'NONE', #7472, #126, #3758, .T. ) ;
#9496 = EDGE_CURVE ( 'NONE', #1099, #5612, #4610, .T. ) ;
#9497 = CIRCLE ( 'NONE', #5506, 16.99999999999999645 ) ;
#9498 = ORIENTED_EDGE ( 'NONE', *, *, #5528, .F. ) ;
#9499 = DIRECTION ( 'NONE',  ( -7.381802025433220315E-17, -0.000000000000000000, -1.000000000000000000 ) ) ;
#9500 = CIRCLE ( 'NONE', #3560, 1.500000000000001332 ) ;
#9501 = ORIENTED_EDGE ( 'NONE', *, *, #9788, .F. ) ;
#9502 = LINE ( 'NONE', #5772, #4979 ) ;
#9503 = EDGE_CURVE ( 'NONE', #9086, #7553, #4710, .T. ) ;
#9504 = CARTESIAN_POINT ( 'NONE',  ( -72.00000000000000000, -6.500000000000000000, 58.49999999999990052 ) ) ;
#9505 = VECTOR ( 'NONE', #3567, 1000.000000000000000 ) ;
#9506 = DIRECTION ( 'NONE',  ( -0.000000000000000000, -1.000000000000000000, -0.000000000000000000 ) ) ;
#9507 = VECTOR ( 'NONE', #6450, 1000.000000000000000 ) ;
#9508 = DIRECTION ( 'NONE',  ( -0.000000000000000000, 1.000000000000000000, -0.000000000000000000 ) ) ;
#9509 = DIRECTION ( 'NONE',  ( 0.000000000000000000, -1.000000000000000000, 0.000000000000000000 ) ) ;
#9510 = EDGE_CURVE ( 'NONE', #8595, #7033, #4394, .T. ) ;
#9511 = VECTOR ( 'NONE', #384, 1000.000000000000000 ) ;
#9512 = ORIENTED_EDGE ( 'NONE', *, *, #4039, .T. ) ;
#9513 = COORDINATED_UNIVERSAL_TIME_OFFSET ( 8, 0, .AHEAD. ) ;
#9514 = VECTOR ( 'NONE', #1259, 1000.000000000000000 ) ;
#9515 = ORIENTED_EDGE ( 'NONE', *, *, #1889, .T. ) ;
#9516 = ORIENTED_EDGE ( 'NONE', *, *, #1464, .F. ) ;
#9517 = DIRECTION ( 'NONE',  ( -1.000000000000000000, 0.000000000000000000, 3.016910393003142859E-15 ) ) ;
#9518 = ORIENTED_EDGE ( 'NONE', *, *, #5797, .T. ) ;
#9519 = CIRCLE ( 'NONE', #5501, 0.6999999999999992895 ) ;
#9520 = CARTESIAN_POINT ( 'NONE',  ( 12.39999999999999858, 10.80000000000000071, 42.14999999999997016 ) ) ;
#9521 = VECTOR ( 'NONE', #6744, 1000.000000000000000 ) ;
#9522 = LINE ( 'NONE', #4289, #5185 ) ;
#9523 = CIRCLE ( 'NONE', #4232, 20.00000000000000355 ) ;
#9524 = DIRECTION ( 'NONE',  ( -0.000000000000000000, 1.000000000000000000, -0.000000000000000000 ) ) ;
#9525 = LINE ( 'NONE', #4194, #9511 ) ;
#9526 = AXIS2_PLACEMENT_3D ( 'NONE', #9376, #6206, #4705 ) ;
#9527 = ORIENTED_EDGE ( 'NONE', *, *, #2714, .T. ) ;
#9528 = CARTESIAN_POINT ( 'NONE',  ( -19.79999999999996874, 4.780687915844703539, -57.09601004648968114 ) ) ;
#9529 = ORIENTED_EDGE ( 'NONE', *, *, #5135, .F. ) ;
#9530 = AXIS2_PLACEMENT_3D ( 'NONE', #6325, #4062, #9341 ) ;
#9531 = EDGE_CURVE ( 'NONE', #5756, #1512, #888, .T. ) ;
#9532 = ORIENTED_EDGE ( 'NONE', *, *, #5933, .T. ) ;
#9533 = DIRECTION ( 'NONE',  ( 0.000000000000000000, 0.000000000000000000, -1.000000000000000000 ) ) ;
#9534 = CARTESIAN_POINT ( 'NONE',  ( 23.00000000000000000, 4.780687915844703539, 61.00000000000000000 ) ) ;
#9535 = LINE ( 'NONE', #4107, #5988 ) ;
#9536 = LINE ( 'NONE', #8024, #2912 ) ;
#9537 = DIRECTION ( 'NONE',  ( -1.000000000000000000, 1.214306433183764966E-16, 0.000000000000000000 ) ) ;
#9538 = FACE_OUTER_BOUND ( 'NONE', #1524, .T. ) ;
#9539 = CARTESIAN_POINT ( 'NONE',  ( -11.99999999999999645, 4.780687915844703539, 50.60000000000000853 ) ) ;
#9540 = VERTEX_POINT ( 'NONE', #6914 ) ;
#9541 = CYLINDRICAL_SURFACE ( 'NONE', #5029, 15.00000000000000000 ) ;
#9542 = ORIENTED_EDGE ( 'NONE', *, *, #5867, .T. ) ;
#9543 = EDGE_CURVE ( 'NONE', #721, #6070, #9238, .T. ) ;
#9544 = CARTESIAN_POINT ( 'NONE',  ( 55.00000000000000000, -5.219312084155296461, 3.000000000000002665 ) ) ;
#9545 = EDGE_CURVE ( 'NONE', #7268, #2391, #8409, .T. ) ;
#9546 = ORIENTED_EDGE ( 'NONE', *, *, #3573, .F. ) ;
#9547 = CARTESIAN_POINT ( 'NONE',  ( 0.000000000000000000, 9.799999999999998934, 24.19999999999997087 ) ) ;
#9548 = FACE_OUTER_BOUND ( 'NONE', #3632, .T. ) ;
#9549 = DIRECTION ( 'NONE',  ( -0.000000000000000000, 1.000000000000000000, -0.000000000000000000 ) ) ;
#9550 = ORIENTED_EDGE ( 'NONE', *, *, #7223, .F. ) ;
#9551 = CARTESIAN_POINT ( 'NONE',  ( -13.39999999999999147, 9.600000000000001421, 42.14999999999997016 ) ) ;
#9552 = ORIENTED_EDGE ( 'NONE', *, *, #8135, .F. ) ;
#9553 = ADVANCED_FACE ( 'NONE', ( #2392 ), #5449, .F. ) ;
#9554 = CARTESIAN_POINT ( 'NONE',  ( 40.00000000000001421, 4.780687915844703539, -31.99999999999999289 ) ) ;
#9555 = EDGE_CURVE ( 'NONE', #5093, #7770, #1642, .T. ) ;
#9556 = CARTESIAN_POINT ( 'NONE',  ( 10.10000000000000497, 10.80000000000000071, 70.99999999999998579 ) ) ;
#9557 = CARTESIAN_POINT ( 'NONE',  ( -6.858022075225183482E-16, -5.600000000000000533, 70.96998267230843283 ) ) ;
#9558 = EDGE_CURVE ( 'NONE', #8128, #1570, #2494, .T. ) ;
#9559 = DIRECTION ( 'NONE',  ( 1.000000000000000000, 0.000000000000000000, 0.000000000000000000 ) ) ;
#9560 = DIRECTION ( 'NONE',  ( 0.7071067811865472397, 0.7071067811865477948, 9.658541207454313798E-17 ) ) ;
#9561 = EDGE_CURVE ( 'NONE', #2076, #2527, #8720, .T. ) ;
#9562 = VERTEX_POINT ( 'NONE', #5702 ) ;
#9563 = PERSON_AND_ORGANIZATION ( #8748, #7567 ) ;
#9564 = ORIENTED_EDGE ( 'NONE', *, *, #5017, .T. ) ;
#9565 = EDGE_CURVE ( 'NONE', #526, #6603, #3340, .T. ) ;
#9566 = CARTESIAN_POINT ( 'NONE',  ( -7.099999999999999645, 7.000000000000000000, 54.00000000000001421 ) ) ;
#9567 = ADVANCED_FACE ( 'NONE', ( #3298 ), #387, .F. ) ;
#9568 = DIRECTION ( 'NONE',  ( 0.000000000000000000, 0.000000000000000000, -1.000000000000000000 ) ) ;
#9569 = EDGE_LOOP ( 'NONE', ( #4919, #7921, #846, #9395, #6278, #1906, #6608, #4937 ) ) ;
#9570 = LINE ( 'NONE', #2682, #666 ) ;
#9571 = DIRECTION ( 'NONE',  ( 0.000000000000000000, 1.000000000000000000, 0.000000000000000000 ) ) ;
#9572 = DIRECTION ( 'NONE',  ( -0.000000000000000000, 1.000000000000000000, -0.000000000000000000 ) ) ;
#9573 = CARTESIAN_POINT ( 'NONE',  ( 40.00000000000000000, -5.219312084155296461, -32.00000000000000000 ) ) ;
#9574 = ORIENTED_EDGE ( 'NONE', *, *, #5619, .F. ) ;
#9575 = DIRECTION ( 'NONE',  ( 0.000000000000000000, -1.000000000000000000, 0.000000000000000000 ) ) ;
#9576 = ORIENTED_EDGE ( 'NONE', *, *, #7157, .F. ) ;
#9577 = EDGE_LOOP ( 'NONE', ( #2288, #2691, #4965, #4870 ) ) ;
#9578 = CARTESIAN_POINT ( 'NONE',  ( -56.99999999999998579, -5.219312084155296461, 2.999999999999981792 ) ) ;
#9579 = CARTESIAN_POINT ( 'NONE',  ( -11.09999999999998899, 10.80000000000000071, 71.99999999999998579 ) ) ;
#9580 = LINE ( 'NONE', #5751, #8401 ) ;
#9581 = DIRECTION ( 'NONE',  ( 1.000000000000000000, 0.000000000000000000, 0.000000000000000000 ) ) ;
#9582 = CARTESIAN_POINT ( 'NONE',  ( -58.49999999999990052, 3.850000000000013411, 72.00000000000000000 ) ) ;
#9583 = VECTOR ( 'NONE', #567, 1000.000000000000114 ) ;
#9584 = PLANE ( 'NONE',  #1969 ) ;
#9585 = ORIENTED_EDGE ( 'NONE', *, *, #9062, .F. ) ;
#9586 = LINE ( 'NONE', #7174, #5674 ) ;
#9587 = ORIENTED_EDGE ( 'NONE', *, *, #1927, .T. ) ;
#9588 = CARTESIAN_POINT ( 'NONE',  ( 79.99999999999998579, 0.000000000000000000, -59.99999999999987210 ) ) ;
#9589 = ORIENTED_EDGE ( 'NONE', *, *, #6612, .F. ) ;
#9590 = DIRECTION ( 'NONE',  ( 0.000000000000000000, 0.000000000000000000, -1.000000000000000000 ) ) ;
#9591 = LINE ( 'NONE', #7228, #4998 ) ;
#9592 = CARTESIAN_POINT ( 'NONE',  ( 9.020562075079394367E-14, 10.80000000000000071, 26.00000000000001421 ) ) ;
#9593 = VERTEX_POINT ( 'NONE', #1789 ) ;
#9594 = DIRECTION ( 'NONE',  ( 0.000000000000000000, 0.000000000000000000, 1.000000000000000000 ) ) ;
#9595 = EDGE_CURVE ( 'NONE', #8071, #5218, #6357, .T. ) ;
#9596 = ORIENTED_EDGE ( 'NONE', *, *, #9745, .F. ) ;
#9597 = DIRECTION ( 'NONE',  ( 1.000000000000000000, 0.000000000000000000, -0.000000000000000000 ) ) ;
#9598 = CARTESIAN_POINT ( 'NONE',  ( -23.99999999999999645, 1.000000000000000888, -88.00000000000223110 ) ) ;
#9599 = CARTESIAN_POINT ( 'NONE',  ( 3.000094719888591221, 4.566584071433436698, -38.30759852269704879 ) ) ;
#9600 = DIRECTION ( 'NONE',  ( -1.000000000000000000, -0.000000000000000000, -3.652049423109081632E-16 ) ) ;
#9601 = CARTESIAN_POINT ( 'NONE',  ( -20.49999999999999289, 4.780687915844703539, 51.00000000000000000 ) ) ;
#9602 = ADVANCED_FACE ( 'NONE', ( #7920 ), #1891, .F. ) ;
#9603 = EDGE_CURVE ( 'NONE', #996, #4981, #6552, .T. ) ;
#9604 = ORIENTED_EDGE ( 'NONE', *, *, #3604, .T. ) ;
#9605 = CALENDAR_DATE ( 2026, 20, 8 ) ;
#9606 = ORIENTED_EDGE ( 'NONE', *, *, #4403, .F. ) ;
#9607 = CARTESIAN_POINT ( 'NONE',  ( 6.642865319645974154, 2.661925788371125812, -73.11414925288310940 ) ) ;
#9608 = PLANE ( 'NONE',  #8715 ) ;
#9609 = ORIENTED_EDGE ( 'NONE', *, *, #40, .T. ) ;
#9610 = CARTESIAN_POINT ( 'NONE',  ( -7.099999999999999645, -3.999999999999999112, 53.30000000000001137 ) ) ;
#9611 = DIRECTION ( 'NONE',  ( -9.340818716798197812E-16, 0.000000000000000000, 1.000000000000000000 ) ) ;
#9612 = CARTESIAN_POINT ( 'NONE',  ( 25.99999999999999645, -1.219312084155296683, 59.50000000000000711 ) ) ;
#9613 = ADVANCED_FACE ( 'NONE', ( #8815 ), #8014, .T. ) ;
#9614 = CARTESIAN_POINT ( 'NONE',  ( 7.520331544528486845, -1.384696410178755333, 46.00000000000000000 ) ) ;
#9615 = ADVANCED_FACE ( 'NONE', ( #5744 ), #2535, .F. ) ;
#9616 = ORIENTED_EDGE ( 'NONE', *, *, #8746, .T. ) ;
#9617 = CARTESIAN_POINT ( 'NONE',  ( 9.500000000000028422, -5.219312084155296461, -47.00000000000000000 ) ) ;
#9618 = ORIENTED_EDGE ( 'NONE', *, *, #5742, .T. ) ;
#9619 = ORIENTED_EDGE ( 'NONE', *, *, #6370, .T. ) ;
#9620 = ORIENTED_EDGE ( 'NONE', *, *, #5731, .F. ) ;
#9621 = CARTESIAN_POINT ( 'NONE',  ( 8.449200506237202646, 0.7500000000000000000, 34.59999999999999432 ) ) ;
#9622 = VECTOR ( 'NONE', #4162, 1000.000000000000000 ) ;
#9623 = EDGE_CURVE ( 'NONE', #1551, #6151, #7313, .T. ) ;
#9624 = CARTESIAN_POINT ( 'NONE',  ( 9.499999999999925393, -0.2193120841552965994, 45.00000000000000711 ) ) ;
#9625 = CARTESIAN_POINT ( 'NONE',  ( -11.09999999999999609, 8.000000000000000000, 24.99999999999997868 ) ) ;
#9626 = DIRECTION ( 'NONE',  ( 0.000000000000000000, -0.000000000000000000, -1.000000000000000000 ) ) ;
#9627 = CARTESIAN_POINT ( 'NONE',  ( -9.500000000000001776, 4.780687915844703539, 45.00000000000000000 ) ) ;
#9628 = CARTESIAN_POINT ( 'NONE',  ( -23.12141063199569757, -1.427707723006992113, 75.00000000000002842 ) ) ;
#9629 = APPROVAL ( #6441, '未' ) ;
#9630 = EDGE_LOOP ( 'NONE', ( #6937, #1042, #5417, #870 ) ) ;
#9631 = AXIS2_PLACEMENT_3D ( 'NONE', #8463, #8561, #1583 ) ;
#9632 = FACE_OUTER_BOUND ( 'NONE', #6853, .T. ) ;
#9633 = AXIS2_PLACEMENT_3D ( 'NONE', #2354, #2308, #5366 ) ;
#9634 = VERTEX_POINT ( 'NONE', #1040 ) ;
#9635 = LINE ( 'NONE', #9693, #9622 ) ;
#9636 = ORIENTED_EDGE ( 'NONE', *, *, #7784, .F. ) ;
#9637 = LINE ( 'NONE', #2754, #6424 ) ;
#9638 = PLANE ( 'NONE',  #5633 ) ;
#9639 = AXIS2_PLACEMENT_3D ( 'NONE', #7826, #7076, #3163 ) ;
#9640 = VECTOR ( 'NONE', #7166, 1000.000000000000000 ) ;
#9641 = CIRCLE ( 'NONE', #6587, 2.100000000000000533 ) ;
#9642 = PLANE ( 'NONE',  #6602 ) ;
#9643 = EDGE_LOOP ( 'NONE', ( #3932, #8160, #3995, #2461 ) ) ;
#9644 = LINE ( 'NONE', #2758, #532 ) ;
#9645 = CIRCLE ( 'NONE', #5314, 2.999999999999999112 ) ;
#9646 = VECTOR ( 'NONE', #4929, 1000.000000000000000 ) ;
#9647 = ORIENTED_EDGE ( 'NONE', *, *, #4702, .F. ) ;
#9648 = ADVANCED_FACE ( 'NONE', ( #4196 ), #4902, .T. ) ;
#9649 = LINE ( 'NONE', #5114, #1613 ) ;
#9650 = DIRECTION ( 'NONE',  ( 0.000000000000000000, -1.000000000000000000, 0.000000000000000000 ) ) ;
#9651 = LINE ( 'NONE', #2817, #8675 ) ;
#9652 = CIRCLE ( 'NONE', #2430, 15.00000000000000000 ) ;
#9653 = PLANE ( 'NONE',  #5677 ) ;
#9654 = AXIS2_PLACEMENT_3D ( 'NONE', #4860, #4956, #1743 ) ;
#9655 = DIRECTION ( 'NONE',  ( -1.365923996832130623E-16, 0.000000000000000000, 1.000000000000000000 ) ) ;
#9656 = AXIS2_PLACEMENT_3D ( 'NONE', #494, #7988, #4267 ) ;
#9657 = ORIENTED_EDGE ( 'NONE', *, *, #8574, .F. ) ;
#9658 = ORIENTED_EDGE ( 'NONE', *, *, #8478, .T. ) ;
#9659 = CIRCLE ( 'NONE', #6942, 1.000000000000000888 ) ;
#9660 = AXIS2_PLACEMENT_3D ( 'NONE', #8923, #5948, #8879 ) ;
#9661 = CARTESIAN_POINT ( 'NONE',  ( 2.755214082396016284, 4.643402429523707298, -72.01993189418161023 ) ) ;
#9662 = CARTESIAN_POINT ( 'NONE',  ( -2.145068389081270954, 4.780687915844704428, 70.96998267230843283 ) ) ;
#9663 = ORIENTED_EDGE ( 'NONE', *, *, #767, .T. ) ;
#9664 = EDGE_CURVE ( 'NONE', #2644, #268, #9859, .T. ) ;
#9665 = ADVANCED_FACE ( 'NONE', ( #6507 ), #5047, .F. ) ;
#9666 = DIRECTION ( 'NONE',  ( -1.000000000000000000, 0.000000000000000000, 0.000000000000000000 ) ) ;
#9667 = FACE_OUTER_BOUND ( 'NONE', #8161, .T. ) ;
#9668 = VECTOR ( 'NONE', #8127, 1000.000000000000000 ) ;
#9669 = CARTESIAN_POINT ( 'NONE',  ( 30.50000000000000000, 4.780687915844703539, 71.99999999999998579 ) ) ;
#9670 = ORIENTED_EDGE ( 'NONE', *, *, #2840, .T. ) ;
#9671 = LINE ( 'NONE', #9066, #7242 ) ;
#9672 = VERTEX_POINT ( 'NONE', #8661 ) ;
#9673 = ORIENTED_EDGE ( 'NONE', *, *, #3664, .F. ) ;
#9674 = ORIENTED_EDGE ( 'NONE', *, *, #8828, .T. ) ;
#9675 = EDGE_CURVE ( 'NONE', #9768, #6846, #6164, .T. ) ;
#9676 = AXIS2_PLACEMENT_3D ( 'NONE', #4389, #8304, #7402 ) ;
#9677 = VERTEX_POINT ( 'NONE', #2688 ) ;
#9678 = VECTOR ( 'NONE', #5782, 1000.000000000000000 ) ;
#9679 = CYLINDRICAL_SURFACE ( 'NONE', #502, 2.999999999999999112 ) ;
#9680 = EDGE_CURVE ( 'NONE', #7874, #7475, #9467, .T. ) ;
#9681 = DIRECTION ( 'NONE',  ( -1.000000000000000000, 0.000000000000000000, 0.000000000000000000 ) ) ;
#9682 = CARTESIAN_POINT ( 'NONE',  ( 58.50000000000002132, 4.780687915844703539, -58.50000000000000000 ) ) ;
#9683 = CARTESIAN_POINT ( 'NONE',  ( 0.000000000000000000, -3.719312084155296905, 0.000000000000000000 ) ) ;
#9684 = CARTESIAN_POINT ( 'NONE',  ( 26.99999999999999645, -1.219312084155296683, 72.00000000000000000 ) ) ;
#9685 = VECTOR ( 'NONE', #4909, 1000.000000000000000 ) ;
#9686 = PLANE ( 'NONE',  #4051 ) ;
#9687 = AXIS2_PLACEMENT_3D ( 'NONE', #5374, #4807, #3113 ) ;
#9688 = ORIENTED_EDGE ( 'NONE', *, *, #4652, .F. ) ;
#9689 = CARTESIAN_POINT ( 'NONE',  ( 23.00000000000000000, -1.219312084155296683, 61.00000000000000000 ) ) ;
#9690 = ADVANCED_FACE ( 'NONE', ( #1085 ), #3390, .F. ) ;
#9691 = ORIENTED_EDGE ( 'NONE', *, *, #1670, .T. ) ;
#9692 = VECTOR ( 'NONE', #9666, 1000.000000000000000 ) ;
#9693 = CARTESIAN_POINT ( 'NONE',  ( -59.99999999999987210, 0.000000000000000000, -80.00000000000001421 ) ) ;
#9694 = EDGE_CURVE ( 'NONE', #6846, #7335, #2133, .T. ) ;
#9695 = ORIENTED_EDGE ( 'NONE', *, *, #9110, .F. ) ;
#9696 = LINE ( 'NONE', #1351, #4668 ) ;
#9697 = CIRCLE ( 'NONE', #6322, 17.00000000000000355 ) ;
#9698 = DIRECTION ( 'NONE',  ( 0.000000000000000000, 0.000000000000000000, 1.000000000000000000 ) ) ;
#9699 = LINE ( 'NONE', #5866, #4521 ) ;
#9700 = CARTESIAN_POINT ( 'NONE',  ( -9.999999999999978684, 1.999999999999999112, -72.00000000000000000 ) ) ;
#9701 = ORIENTED_EDGE ( 'NONE', *, *, #3111, .F. ) ;
#9702 = CARTESIAN_POINT ( 'NONE',  ( -59.99999999999989342, -6.500000000000000000, 75.00000000000002842 ) ) ;
#9703 = ORIENTED_EDGE ( 'NONE', *, *, #6493, .T. ) ;
#9704 = DIRECTION ( 'NONE',  ( 1.000000000000000000, 0.000000000000000000, 0.000000000000000000 ) ) ;
#9705 = DIRECTION ( 'NONE',  ( 4.550094363217859232E-16, 0.000000000000000000, -1.000000000000000000 ) ) ;
#9706 = FACE_BOUND ( 'NONE', #9820, .T. ) ;
#9707 = CARTESIAN_POINT ( 'NONE',  ( -39.99999999999998579, -5.219312084155296461, 17.99999999999998934 ) ) ;
#9708 = ORIENTED_EDGE ( 'NONE', *, *, #9807, .F. ) ;
#9709 = VERTEX_POINT ( 'NONE', #9115 ) ;
#9710 = DIRECTION ( 'NONE',  ( -0.000000000000000000, 0.000000000000000000, 1.000000000000000000 ) ) ;
#9711 = DIRECTION ( 'NONE',  ( -0.000000000000000000, 1.000000000000000000, -0.000000000000000000 ) ) ;
#9712 = ORIENTED_EDGE ( 'NONE', *, *, #7403, .F. ) ;
#9713 = LINE ( 'NONE', #9060, #3730 ) ;
#9714 = DIRECTION ( 'NONE',  ( 0.000000000000000000, 0.000000000000000000, -1.000000000000000000 ) ) ;
#9715 = DIRECTION ( 'NONE',  ( -1.000000000000000000, -8.673617379884037444E-16, -0.000000000000000000 ) ) ;
#9716 = ORIENTED_EDGE ( 'NONE', *, *, #5000, .T. ) ;
#9717 = LINE ( 'NONE', #475, #4356 ) ;
#9718 = EDGE_CURVE ( 'NONE', #6333, #5143, #4239, .T. ) ;
#9719 = ORIENTED_EDGE ( 'NONE', *, *, #9545, .T. ) ;
#9720 = EDGE_CURVE ( 'NONE', #3933, #3991, #1422, .T. ) ;
#9721 = ORIENTED_EDGE ( 'NONE', *, *, #1087, .T. ) ;
#9722 = EDGE_LOOP ( 'NONE', ( #3231, #5138, #7797, #6356, #4709 ) ) ;
#9723 = ORIENTED_EDGE ( 'NONE', *, *, #5994, .F. ) ;
#9724 = DIRECTION ( 'NONE',  ( 2.315848374724873665E-16, 1.000000000000000000, 0.000000000000000000 ) ) ;
#9725 = DIRECTION ( 'NONE',  ( 0.000000000000000000, 0.000000000000000000, 1.000000000000000000 ) ) ;
#9726 = LINE ( 'NONE', #740, #7918 ) ;
#9727 = CARTESIAN_POINT ( 'NONE',  ( -6.000000000000000000, 4.780687915844703539, 50.60000000000000142 ) ) ;
#9728 = PLANE ( 'NONE',  #8596 ) ;
#9729 = CYLINDRICAL_SURFACE ( 'NONE', #4694, 3.250000000002188028 ) ;
#9730 = VERTEX_POINT ( 'NONE', #5287 ) ;
#9731 = DIRECTION ( 'NONE',  ( 0.000000000000000000, 0.000000000000000000, 1.000000000000000000 ) ) ;
#9732 = EDGE_CURVE ( 'NONE', #7424, #3473, #8915, .T. ) ;
#9733 = ORIENTED_EDGE ( 'NONE', *, *, #6549, .T. ) ;
#9734 = VECTOR ( 'NONE', #1874, 1000.000000000000000 ) ;
#9735 = DIRECTION ( 'NONE',  ( 1.000000000000000000, 0.000000000000000000, 0.000000000000000000 ) ) ;
#9736 = EDGE_LOOP ( 'NONE', ( #1232, #3326, #1276, #7360 ) ) ;
#9737 = DIRECTION ( 'NONE',  ( 0.000000000000000000, -0.8944271909999157444, 0.4472135954999582608 ) ) ;
#9738 = CARTESIAN_POINT ( 'NONE',  ( -9.500000000000001776, 3.780687915844703539, 40.99999999999999289 ) ) ;
#9739 = DIRECTION ( 'NONE',  ( 2.312964634635748380E-16, 0.000000000000000000, 1.000000000000000000 ) ) ;
#9740 = EDGE_CURVE ( 'NONE', #7315, #8210, #9671, .T. ) ;
#9741 = DIRECTION ( 'NONE',  ( -1.000000000000000000, -0.000000000000000000, -0.000000000000000000 ) ) ;
#9742 = EDGE_CURVE ( 'NONE', #1364, #4632, #2031, .T. ) ;
#9743 = ORIENTED_EDGE ( 'NONE', *, *, #4376, .F. ) ;
#9744 = CARTESIAN_POINT ( 'NONE',  ( -9.999999999999978684, 4.999999999999999112, -75.00000000000000000 ) ) ;
#9745 = EDGE_CURVE ( 'NONE', #2970, #1841, #5149, .T. ) ;
#9746 = ORIENTED_EDGE ( 'NONE', *, *, #8097, .F. ) ;
#9747 = DIRECTION ( 'NONE',  ( 1.000000000000000000, -1.606225440719248864E-16, 0.000000000000000000 ) ) ;
#9748 = DIRECTION ( 'NONE',  ( 0.000000000000000000, -1.000000000000000000, 0.000000000000000000 ) ) ;
#9749 = AXIS2_PLACEMENT_3D ( 'NONE', #9773, #2241, #2883 ) ;
#9750 = DIRECTION ( 'NONE',  ( -0.000000000000000000, 1.000000000000000000, -0.000000000000000000 ) ) ;
#9751 = EDGE_CURVE ( 'NONE', #777, #5155, #8157, .T. ) ;
#9752 = CARTESIAN_POINT ( 'NONE',  ( 8.999999999999932498, 3.780687915844703539, 72.00000000000000000 ) ) ;
#9753 = VERTEX_POINT ( 'NONE', #2229 ) ;
#9754 = VERTEX_POINT ( 'NONE', #4391 ) ;
#9755 = CARTESIAN_POINT ( 'NONE',  ( 5.312037012400368852, 3.580676778809800176, -72.34626108458296301 ) ) ;
#9756 = B_SPLINE_CURVE_WITH_KNOTS ( 'NONE', 3,
 ( #5422, #5470, #4680, #4210, #8026, #291, #2414, #1611, #3402, #8673, #1095, #3349, #4959, #4155, #7742, #9477, #7214, #1142, #3169, #6467, #7275, #8488, #7931, #3931 ),
 .UNSPECIFIED., .F., .F.,
 ( 4, 2, 2, 2, 2, 2, 2, 2, 2, 2, 2, 4 ),
 ( 6.009258394948636926E-18, 0.0005985183405493461331, 0.001197036681098686411, 0.001496295851373364736, 0.001795555021648042844, 0.002094814191922721169, 0.002394073362197399711, 0.002693332532472077386, 0.002992591702746755927, 0.003591110043296092194, 0.004189628383845429328, 0.004788146724394766462 ),
 .UNSPECIFIED. ) ;
#9757 = DIRECTION ( 'NONE',  ( 1.000000000000000000, 0.000000000000000000, 0.000000000000000000 ) ) ;
#9758 = VERTEX_POINT ( 'NONE', #3684 ) ;
#9759 = CARTESIAN_POINT ( 'NONE',  ( -23.99999999999999289, 0.000000000000000000, -80.00000000000001421 ) ) ;
#9760 = EDGE_CURVE ( 'NONE', #1821, #8260, #7554, .T. ) ;
#9761 = LINE ( 'NONE', #1931, #1647 ) ;
#9762 = FACE_OUTER_BOUND ( 'NONE', #7498, .T. ) ;
#9763 = ORIENTED_EDGE ( 'NONE', *, *, #2326, .F. ) ;
#9764 = DIRECTION ( 'NONE',  ( 1.000000000000000000, 0.000000000000000000, 0.000000000000000000 ) ) ;
#9765 = ORIENTED_EDGE ( 'NONE', *, *, #6359, .T. ) ;
#9766 = ORIENTED_EDGE ( 'NONE', *, *, #5074, .F. ) ;
#9767 = ORIENTED_EDGE ( 'NONE', *, *, #5177, .T. ) ;
#9768 = VERTEX_POINT ( 'NONE', #5193 ) ;
#9769 = PLANE ( 'NONE',  #4676 ) ;
#9770 = LINE ( 'NONE', #2880, #8040 ) ;
#9771 = PLANE ( 'NONE',  #5825 ) ;
#9772 = LINE ( 'NONE', #8221, #4697 ) ;
#9773 = CARTESIAN_POINT ( 'NONE',  ( -30.50000000000000000, 3.780687915844703539, 71.99999999999998579 ) ) ;
#9774 = CARTESIAN_POINT ( 'NONE',  ( 23.20000000000002771, 4.780687915844703539, -59.05398995351029612 ) ) ;
#9775 = ORIENTED_EDGE ( 'NONE', *, *, #9664, .F. ) ;
#9776 = CARTESIAN_POINT ( 'NONE',  ( -54.99999999999997868, -5.219312084155296461, -32.00000000000000711 ) ) ;
#9777 = VERTEX_POINT ( 'NONE', #1329 ) ;
#9778 = CIRCLE ( 'NONE', #9462, 10.00000000000000178 ) ;
#9779 = VECTOR ( 'NONE', #8820, 1000.000000000000000 ) ;
#9780 = ORIENTED_EDGE ( 'NONE', *, *, #4030, .F. ) ;
#9781 = CARTESIAN_POINT ( 'NONE',  ( 21.70000000000002416, -3.219312084155296461, -59.05398995351029612 ) ) ;
#9782 = PRODUCT_DEFINITION_SHAPE ( 'NONE', 'NONE',  #555 ) ;
#9783 = ORIENTED_EDGE ( 'NONE', *, *, #7276, .T. ) ;
#9784 = CARTESIAN_POINT ( 'NONE',  ( -17.00000000000000000, -1.219312084155296683, 45.00000000000000000 ) ) ;
#9785 = DIRECTION ( 'NONE',  ( 1.000000000000000000, -0.000000000000000000, -0.000000000000000000 ) ) ;
#9786 = EDGE_CURVE ( 'NONE', #9093, #2647, #8261, .T. ) ;
#9787 = DIRECTION ( 'NONE',  ( 0.000000000000000000, 0.000000000000000000, -1.000000000000000000 ) ) ;
#9788 = EDGE_CURVE ( 'NONE', #9951, #2800, #9717, .T. ) ;
#9789 = VECTOR ( 'NONE', #5265, 1000.000000000000000 ) ;
#9790 = AXIS2_PLACEMENT_3D ( 'NONE', #6713, #2895, #5107 ) ;
#9791 = CARTESIAN_POINT ( 'NONE',  ( -9.500000000000001776, 3.780687915844703539, 40.99999999999999289 ) ) ;
#9792 = ORIENTED_EDGE ( 'NONE', *, *, #4899, .T. ) ;
#9793 = DIRECTION ( 'NONE',  ( -0.000000000000000000, 0.000000000000000000, -1.000000000000000000 ) ) ;
#9794 = ORIENTED_EDGE ( 'NONE', *, *, #2738, .F. ) ;
#9795 = AXIS2_PLACEMENT_3D ( 'NONE', #2321, #1460, #7534 ) ;
#9796 = VECTOR ( 'NONE', #2592, 1000.000000000000000 ) ;
#9797 = DIRECTION ( 'NONE',  ( 0.000000000000000000, -1.000000000000000000, 0.000000000000000000 ) ) ;
#9798 = DIRECTION ( 'NONE',  ( -1.000000000000000000, -0.000000000000000000, -0.000000000000000000 ) ) ;
#9799 = EDGE_CURVE ( 'NONE', #8632, #7770, #527, .T. ) ;
#9800 = DIRECTION ( 'NONE',  ( 0.000000000000000000, -1.000000000000000000, 0.000000000000000000 ) ) ;
#9801 = DIRECTION ( 'NONE',  ( 0.000000000000000000, 0.000000000000000000, 1.000000000000000000 ) ) ;
#9802 = EDGE_CURVE ( 'NONE', #4240, #3299, #2981, .T. ) ;
#9803 = CARTESIAN_POINT ( 'NONE',  ( -9.500000000000001776, -0.2193120841552965994, -47.00000000000000000 ) ) ;
#9804 = ORIENTED_EDGE ( 'NONE', *, *, #3773, .F. ) ;
#9805 = VECTOR ( 'NONE', #9801, 1000.000000000000000 ) ;
#9806 = ORIENTED_EDGE ( 'NONE', *, *, #2328, .F. ) ;
#9807 = EDGE_CURVE ( 'NONE', #6735, #2483, #4437, .T. ) ;
#9808 = EDGE_LOOP ( 'NONE', ( #4743, #4578, #5520 ) ) ;
#9809 = CARTESIAN_POINT ( 'NONE',  ( -58.49999999999990052, 4.780687915844703539, 72.00000000000000000 ) ) ;
#9810 = APPROVAL_PERSON_ORGANIZATION ( #5635, #9021, #4837 ) ;
#9811 = FACE_OUTER_BOUND ( 'NONE', #5826, .T. ) ;
#9812 = VERTEX_POINT ( 'NONE', #2075 ) ;
#9813 = VECTOR ( 'NONE', #8670, 1000.000000000000000 ) ;
#9814 = CIRCLE ( 'NONE', #674, 15.00000000000001421 ) ;
#9815 = EDGE_CURVE ( 'NONE', #4034, #6600, #6808, .T. ) ;
#9816 = CARTESIAN_POINT ( 'NONE',  ( -8.395184441433917399, 1.780687915844703539, 45.99999999999998579 ) ) ;
#9817 = DIRECTION ( 'NONE',  ( 3.965082230804130713E-16, -0.000000000000000000, -1.000000000000000000 ) ) ;
#9818 = CARTESIAN_POINT ( 'NONE',  ( -12.49999999999999645, 0.7500000000000126565, 72.00000000000000000 ) ) ;
#9819 = AXIS2_PLACEMENT_3D ( 'NONE', #7605, #3676, #9916 ) ;
#9820 = EDGE_LOOP ( 'NONE', ( #1992, #5184 ) ) ;
#9821 = DIRECTION ( 'NONE',  ( -1.927470528863118802E-16, -0.000000000000000000, 1.000000000000000000 ) ) ;
#9822 = VECTOR ( 'NONE', #244, 1000.000000000000000 ) ;
#9823 = EDGE_LOOP ( 'NONE', ( #7410, #4905, #2046, #1678 ) ) ;
#9824 = EDGE_LOOP ( 'NONE', ( #4450, #5808, #1378, #3879 ) ) ;
#9825 = VERTEX_POINT ( 'NONE', #3637 ) ;
#9826 = ADVANCED_FACE ( 'NONE', ( #4293 ), #6042, .F. ) ;
#9827 = ORIENTED_EDGE ( 'NONE', *, *, #2772, .T. ) ;
#9828 = PLANE ( 'NONE',  #4823 ) ;
#9829 = PLANE ( 'NONE',  #8674 ) ;
#9830 = VECTOR ( 'NONE', #3338, 1000.000000000000000 ) ;
#9831 = CARTESIAN_POINT ( 'NONE',  ( 30.50000000000000000, 3.780687915844703539, 71.99999999999998579 ) ) ;
#9832 = CIRCLE ( 'NONE', #8377, 2.999999999999999112 ) ;
#9833 = PLANE ( 'NONE',  #6452 ) ;
#9834 = CARTESIAN_POINT ( 'NONE',  ( 0.000000000000000000, 1.780687915844703539, 0.000000000000000000 ) ) ;
#9835 = LINE ( 'NONE', #6008, #9025 ) ;
#9836 = EDGE_CURVE ( 'NONE', #42, #4685, #2749, .T. ) ;
#9837 = ORIENTED_EDGE ( 'NONE', *, *, #4767, .T. ) ;
#9838 = CARTESIAN_POINT ( 'NONE',  ( 25.99999999999999645, -1.219312084155296683, 59.50000000000000711 ) ) ;
#9839 = ORIENTED_EDGE ( 'NONE', *, *, #6584, .F. ) ;
#9840 = CIRCLE ( 'NONE', #3419, 1.000000000000000888 ) ;
#9841 = AXIS2_PLACEMENT_3D ( 'NONE', #3480, #4321, #3579 ) ;
#9842 = DIRECTION ( 'NONE',  ( 0.000000000000000000, -0.000000000000000000, -1.000000000000000000 ) ) ;
#9843 = DIRECTION ( 'NONE',  ( 3.469446951953611428E-15, -0.000000000000000000, 1.000000000000000000 ) ) ;
#9844 = EDGE_LOOP ( 'NONE', ( #9159, #1425 ) ) ;
#9845 = DIRECTION ( 'NONE',  ( 0.000000000000000000, 1.000000000000000000, 0.000000000000000000 ) ) ;
#9846 = AXIS2_PLACEMENT_3D ( 'NONE', #5599, #7816, #895 ) ;
#9847 = CARTESIAN_POINT ( 'NONE',  ( -8.484234814047685092, 0.08150558390836469547, 34.51943199571388021 ) ) ;
#9848 = CARTESIAN_POINT ( 'NONE',  ( 11.59999999999999964, 9.799999999999998934, 22.19999999999997087 ) ) ;
#9849 = CARTESIAN_POINT ( 'NONE',  ( -25.20000000000002771, -6.519312084155297171, -59.05398995351029612 ) ) ;
#9850 = AXIS2_PLACEMENT_3D ( 'NONE', #9689, #8972, #2045 ) ;
#9851 = VECTOR ( 'NONE', #7541, 1000.000000000000000 ) ;
#9852 = FACE_OUTER_BOUND ( 'NONE', #4756, .T. ) ;
#9853 = EDGE_LOOP ( 'NONE', ( #5527, #3439, #5061, #8112 ) ) ;
#9854 = CARTESIAN_POINT ( 'NONE',  ( 31.49999999999999289, 3.780687915844703539, 51.00000000000006395 ) ) ;
#9855 = CIRCLE ( 'NONE', #9045, 2.999999999999999112 ) ;
#9856 = EDGE_CURVE ( 'NONE', #2923, #8616, #3981, .T. ) ;
#9857 = EDGE_CURVE ( 'NONE', #8158, #2342, #1535, .T. ) ;
#9858 = EDGE_LOOP ( 'NONE', ( #934, #3378, #1847, #3498 ) ) ;
#9859 = CIRCLE ( 'NONE', #552, 1.000000000000000888 ) ;
#9860 = DIRECTION ( 'NONE',  ( -0.000000000000000000, -1.000000000000000000, -0.000000000000000000 ) ) ;
#9861 = CARTESIAN_POINT ( 'NONE',  ( -9.500000000000001776, -5.219312084155296461, -47.00000000000000000 ) ) ;
#9862 = CARTESIAN_POINT ( 'NONE',  ( 7.500000000000001776, 1.890660852020999538, 70.96998267230843283 ) ) ;
#9863 = DIRECTION ( 'NONE',  ( 1.982541115402066342E-16, 0.000000000000000000, -1.000000000000000000 ) ) ;
#9864 = CARTESIAN_POINT ( 'NONE',  ( 11.60000000000000320, 9.799999999999998934, 24.19999999999997087 ) ) ;
#9865 = VERTEX_POINT ( 'NONE', #6900 ) ;
#9866 = ADVANCED_FACE ( 'NONE', ( #9366 ), #7755, .F. ) ;
#9867 = EDGE_CURVE ( 'NONE', #4891, #446, #2481, .T. ) ;
#9868 = ORIENTED_EDGE ( 'NONE', *, *, #8368, .F. ) ;
#9869 = LINE ( 'NONE', #724, #4418 ) ;
#9870 = CYLINDRICAL_SURFACE ( 'NONE', #2911, 17.00000000000000000 ) ;
#9871 = ORIENTED_EDGE ( 'NONE', *, *, #2809, .T. ) ;
#9872 = DIRECTION ( 'NONE',  ( 0.000000000000000000, 0.000000000000000000, -1.000000000000000000 ) ) ;
#9873 = CARTESIAN_POINT ( 'NONE',  ( -39.99999999999999289, 4.780687915844703539, -49.00000000000000000 ) ) ;
#9874 = ADVANCED_FACE ( 'NONE', ( #9166 ), #3889, .F. ) ;
#9875 = LINE ( 'NONE', #6147, #3741 ) ;
#9876 = ADVANCED_FACE ( 'NONE', ( #733 ), #5346, .F. ) ;
#9877 = ORIENTED_EDGE ( 'NONE', *, *, #9262, .F. ) ;
#9878 = CARTESIAN_POINT ( 'NONE',  ( 60.00000000000000711, -6.500000000000000000, -88.00000000000220268 ) ) ;
#9879 = VERTEX_POINT ( 'NONE', #3080 ) ;
#9880 = ADVANCED_FACE ( 'NONE', ( #6854 ), #5433, .F. ) ;
#9881 = ORIENTED_EDGE ( 'NONE', *, *, #6971, .F. ) ;
#9882 = ORIENTED_EDGE ( 'NONE', *, *, #5494, .T. ) ;
#9883 = EDGE_CURVE ( 'NONE', #7645, #1834, #7044, .T. ) ;
#9884 = ORIENTED_EDGE ( 'NONE', *, *, #2627, .T. ) ;
#9885 = FACE_BOUND ( 'NONE', #9914, .T. ) ;
#9886 = PLANE ( 'NONE',  #7068 ) ;
#9887 = DIRECTION ( 'NONE',  ( -0.000000000000000000, -0.000000000000000000, 1.000000000000000000 ) ) ;
#9888 = DIRECTION ( 'NONE',  ( -1.541976423090493661E-15, 0.000000000000000000, -1.000000000000000000 ) ) ;
#9889 = DIRECTION ( 'NONE',  ( 0.000000000000000000, 0.000000000000000000, 1.000000000000000000 ) ) ;
#9890 = CARTESIAN_POINT ( 'NONE',  ( 9.499999999999991118, 1.999999999999999112, -72.00000000000000000 ) ) ;
#9891 = ORIENTED_EDGE ( 'NONE', *, *, #295, .F. ) ;
#9892 = LINE ( 'NONE', #2244, #1023 ) ;
#9893 = EDGE_LOOP ( 'NONE', ( #7754, #2659, #1545, #5425, #2340, #8140, #7151, #2307, #8916, #8333, #1792, #7457, #3259, #9283, #3584, #8358, #4576, #5956, #7672, #6542, #2572, #7138, #5046, #6327, #9314 ) ) ;
#9894 = EDGE_LOOP ( 'NONE', ( #8689, #8357, #2700, #102 ) ) ;
#9895 = DIRECTION ( 'NONE',  ( -1.000000000000000000, -0.000000000000000000, -0.000000000000000000 ) ) ;
#9896 = CARTESIAN_POINT ( 'NONE',  ( -12.59999999999999964, 10.80000000000000071, 24.19999999999997442 ) ) ;
#9897 = VERTEX_POINT ( 'NONE', #4548 ) ;
#9898 = FACE_BOUND ( 'NONE', #4904, .T. ) ;
#9899 = DIRECTION ( 'NONE',  ( -0.000000000000000000, 1.000000000000000000, -0.000000000000000000 ) ) ;
#9900 = DIRECTION ( 'NONE',  ( 1.000000000000000000, 0.000000000000000000, 0.000000000000000000 ) ) ;
#9901 = CARTESIAN_POINT ( 'NONE',  ( -9.999999999999976907, -2.000000000000000000, -87.50000000000000000 ) ) ;
#9902 = CARTESIAN_POINT ( 'NONE',  ( 60.00000000000001421, 0.000000000000000000, 59.99999999999999289 ) ) ;
#9903 = EDGE_LOOP ( 'NONE', ( #566, #565 ) ) ;
#9904 = DIRECTION ( 'NONE',  ( -1.000000000000000000, 0.000000000000000000, -0.000000000000000000 ) ) ;
#9905 = ORIENTED_EDGE ( 'NONE', *, *, #3356, .T. ) ;
#9906 = LINE ( 'NONE', #2162, #5458 ) ;
#9907 = LINE ( 'NONE', #6988, #7207 ) ;
#9908 = DIRECTION ( 'NONE',  ( -1.000000000000000000, -2.392722035830078479E-16, 0.000000000000000000 ) ) ;
#9909 = DIRECTION ( 'NONE',  ( -0.000000000000000000, 1.000000000000000000, -0.000000000000000000 ) ) ;
#9910 = EDGE_CURVE ( 'NONE', #5028, #3643, #9226, .T. ) ;
#9911 = DIRECTION ( 'NONE',  ( -0.000000000000000000, 0.000000000000000000, 1.000000000000000000 ) ) ;
#9912 = EDGE_CURVE ( 'NONE', #3204, #5716, #3134, .T. ) ;
#9913 = ORIENTED_EDGE ( 'NONE', *, *, #3833, .F. ) ;
#9914 = EDGE_LOOP ( 'NONE', ( #5136, #227, #8707, #2275, #2553, #6812, #8321, #2245 ) ) ;
#9915 = CARTESIAN_POINT ( 'NONE',  ( 0.000000000000000000, 4.780687915844703539, 56.99999999999999289 ) ) ;
#9916 = DIRECTION ( 'NONE',  ( 3.469446951953611033E-15, 0.000000000000000000, -1.000000000000000000 ) ) ;
#9917 = VERTEX_POINT ( 'NONE', #123 ) ;
#9918 = CARTESIAN_POINT ( 'NONE',  ( 6.000000000000000000, 4.780687915844703539, 40.99999999999999289 ) ) ;
#9919 = EDGE_CURVE ( 'NONE', #8660, #3677, #5394, .T. ) ;
#9920 = DIRECTION ( 'NONE',  ( -0.000000000000000000, 0.000000000000000000, -1.000000000000000000 ) ) ;
#9921 = EDGE_CURVE ( 'NONE', #5405, #4296, #825, .T. ) ;
#9922 = CARTESIAN_POINT ( 'NONE',  ( -7.500000000000001776, 1.890660852021001315, 45.00000000000000000 ) ) ;
#9923 = ORIENTED_EDGE ( 'NONE', *, *, #1260, .F. ) ;
#9924 = CARTESIAN_POINT ( 'NONE',  ( 40.00000000000000000, 4.780687915844703539, 2.999999999999999112 ) ) ;
#9925 = ORIENTED_EDGE ( 'NONE', *, *, #6291, .T. ) ;
#9926 = ORIENTED_EDGE ( 'NONE', *, *, #8550, .T. ) ;
#9927 = ORIENTED_EDGE ( 'NONE', *, *, #8442, .T. ) ;
#9928 = VERTEX_POINT ( 'NONE', #2381 ) ;
#9929 = LINE ( 'NONE', #3030, #5943 ) ;
#9930 = FACE_OUTER_BOUND ( 'NONE', #3182, .T. ) ;
#9931 = EDGE_CURVE ( 'NONE', #6252, #2814, #8503, .T. ) ;
#9932 = CARTESIAN_POINT ( 'NONE',  ( 25.67638558210932942, -3.000000000000000000, 79.99999999999998579 ) ) ;
#9933 = CARTESIAN_POINT ( 'NONE',  ( 18.32361441789066347, -3.499999999999999556, 79.99999999999998579 ) ) ;
#9934 = EDGE_CURVE ( 'NONE', #6092, #1902, #9652, .T. ) ;
#9935 = DIRECTION ( 'NONE',  ( -1.000000000000000000, 0.000000000000000000, 0.000000000000000000 ) ) ;
#9936 = CARTESIAN_POINT ( 'NONE',  ( -16.25000000000000000, 1.780687915844703539, 72.00000000000000000 ) ) ;
#9937 = ORIENTED_EDGE ( 'NONE', *, *, #6795, .T. ) ;
#9938 = DIRECTION ( 'NONE',  ( 0.000000000000000000, 0.000000000000000000, -1.000000000000000000 ) ) ;
#9939 = ORIENTED_EDGE ( 'NONE', *, *, #1265, .F. ) ;
#9940 = EDGE_CURVE ( 'NONE', #9367, #7813, #6088, .T. ) ;
#9941 = CARTESIAN_POINT ( 'NONE',  ( 79.99999999999998579, 8.000000000000000000, -59.99999999999987210 ) ) ;
#9942 = EDGE_LOOP ( 'NONE', ( #7447, #3629, #503, #7626, #2819 ) ) ;
#9943 = DIRECTION ( 'NONE',  ( 1.000000000000000000, 0.000000000000000000, 0.000000000000000000 ) ) ;
#9944 = CYLINDRICAL_SURFACE ( 'NONE', #6604, 3.250000000002188028 ) ;
#9945 = CARTESIAN_POINT ( 'NONE',  ( 17.00000000000000000, -1.219312084155296683, 46.00000000000000000 ) ) ;
#9946 = CARTESIAN_POINT ( 'NONE',  ( -16.24999999999999645, 1.780687915844703539, 56.99999999999999289 ) ) ;
#9947 = DIRECTION ( 'NONE',  ( 0.000000000000000000, 1.000000000000000000, 0.000000000000000000 ) ) ;
#9948 = VERTEX_POINT ( 'NONE', #167 ) ;
#9949 = DIRECTION ( 'NONE',  ( -1.000000000000000000, -0.000000000000000000, -0.000000000000000000 ) ) ;
#9950 = VECTOR ( 'NONE', #1193, 1000.000000000000000 ) ;
#9951 = VERTEX_POINT ( 'NONE', #7001 ) ;
#9952 = FACE_OUTER_BOUND ( 'NONE', #7958, .T. ) ;
#9953 = DIRECTION ( 'NONE',  ( -0.000000000000000000, 1.000000000000000000, -0.000000000000000000 ) ) ;
#9954 = LINE ( 'NONE', #2909, #3710 ) ;
#9955 = VECTOR ( 'NONE', #8406, 1000.000000000000000 ) ;
#9956 = CARTESIAN_POINT ( 'NONE',  ( 80.00000000000001421, 8.000000000000000000, 59.99999999999984368 ) ) ;
ENDSEC;
END-ISO-10303-21;
