ISO-10303-21;
HEADER;
FILE_DESCRIPTION (( 'STEP AP203' ),
    '1' );
FILE_NAME ('¸ÉÔïºÐ.STEP',
    '2026-08-20T03:43:10',
    ( '' ),
    ( '' ),
    'SwSTEP 2.0',
    'SolidWorks 2026',
    '' );
FILE_SCHEMA (( 'CONFIG_CONTROL_DESIGN' ));
ENDSEC;

DATA;
#1 = CARTESIAN_POINT ( 'NONE',  ( -25.49999999999956302, 11.00000000000000000, 24.99999999999998579 ) ) ;
#2 = VERTEX_POINT ( 'NONE', #3513 ) ;
#3 = CYLINDRICAL_SURFACE ( 'NONE', #1470, 1.999999999999994893 ) ;
#4 = EDGE_CURVE ( 'NONE', #1426, #7171, #8418, .T. ) ;
#5 = DIRECTION ( 'NONE',  ( -0.000000000000000000, -1.000000000000000000, -0.000000000000000000 ) ) ;
#6 = CARTESIAN_POINT ( 'NONE',  ( 16.00000000000000000, 0.6679831558732937102, -36.60366976467746269 ) ) ;
#7 = ORIENTED_EDGE ( 'NONE', *, *, #7298, .F. ) ;
#8 = CARTESIAN_POINT ( 'NONE',  ( 3.252606517456513302E-16, 11.00000000000000000, -6.936491673103652111 ) ) ;
#9 = CARTESIAN_POINT ( 'NONE',  ( 28.99999999999999645, 2.137499999999888267, -37.29796460717613371 ) ) ;
#10 = EDGE_CURVE ( 'NONE', #928, #2784, #2833, .T. ) ;
#11 = CARTESIAN_POINT ( 'NONE',  ( -37.49999999999997868, 11.00000000000000000, -15.00000000000001066 ) ) ;
#12 = EDGE_CURVE ( 'NONE', #204, #6600, #7757, .T. ) ;
#13 = CARTESIAN_POINT ( 'NONE',  ( 10.50000000000044587, 11.00000000000000000, 24.99999999999998579 ) ) ;
#14 = CARTESIAN_POINT ( 'NONE',  ( -40.00000000000000000, 0.000000000000000000, -34.99999999999999289 ) ) ;
#15 = CARTESIAN_POINT ( 'NONE',  ( 1.499999999999765521, 13.00000000000000000, -5.000000000000007994 ) ) ;
#16 = LINE ( 'NONE', #3477, #527 ) ;
#17 = EDGE_CURVE ( 'NONE', #1417, #6201, #5595, .T. ) ;
#18 = EDGE_CURVE ( 'NONE', #3624, #7200, #3794, .T. ) ;
#19 = EDGE_LOOP ( 'NONE', ( #5874, #8496, #4310, #2313 ) ) ;
#20 = CIRCLE ( 'NONE', #2740, 1.999999999999994893 ) ;
#21 = CARTESIAN_POINT ( 'NONE',  ( -48.00000000000001421, 11.00000000000000000, 26.93649167310357839 ) ) ;
#22 = VERTEX_POINT ( 'NONE', #2121 ) ;
#23 = LINE ( 'NONE', #6233, #2712 ) ;
#24 = CARTESIAN_POINT ( 'NONE',  ( -24.00000000000000711, 11.00000000000000000, -26.93649167310370629 ) ) ;
#25 = ORIENTED_EDGE ( 'NONE', *, *, #5632, .T. ) ;
#26 = CARTESIAN_POINT ( 'NONE',  ( 28.99999999999999645, 11.50000000000000000, -41.65412303015307316 ) ) ;
#27 = CARTESIAN_POINT ( 'NONE',  ( -28.99999999999999645, 1.689957556515497838, -40.16580543768807132 ) ) ;
#28 = VECTOR ( 'NONE', #5702, 1000.000000000000000 ) ;
#29 = DIRECTION ( 'NONE',  ( 0.000000000000000000, 1.000000000000000000, 0.000000000000000000 ) ) ;
#30 = ORIENTED_EDGE ( 'NONE', *, *, #2160, .F. ) ;
#31 = ORIENTED_EDGE ( 'NONE', *, *, #6011, .T. ) ;
#32 = VECTOR ( 'NONE', #6076, 1000.000000000000000 ) ;
#33 = VERTEX_POINT ( 'NONE', #4331 ) ;
#34 = ORIENTED_EDGE ( 'NONE', *, *, #5283, .T. ) ;
#35 = ORIENTED_EDGE ( 'NONE', *, *, #378, .T. ) ;
#36 = LINE ( 'NONE', #2010, #5056 ) ;
#37 = DIRECTION ( 'NONE',  ( 0.000000000000000000, 0.000000000000000000, 1.000000000000000000 ) ) ;
#38 = DIRECTION ( 'NONE',  ( 0.000000000000000000, 1.000000000000000000, 0.000000000000000000 ) ) ;
#39 = CARTESIAN_POINT ( 'NONE',  ( 24.50000000000003553, 11.00000000000000000, -15.00000000000001066 ) ) ;
#40 = ORIENTED_EDGE ( 'NONE', *, *, #7287, .F. ) ;
#41 = EDGE_CURVE ( 'NONE', #2081, #3257, #4880, .T. ) ;
#42 = CARTESIAN_POINT ( 'NONE',  ( -16.00000000000000000, 2.033991634547325678, -37.36188211779253265 ) ) ;
#43 = DIRECTION ( 'NONE',  ( 0.000000000000000000, 0.000000000000000000, 1.000000000000000000 ) ) ;
#44 = EDGE_LOOP ( 'NONE', ( #3031, #4568, #4758, #2049 ) ) ;
#45 = DIRECTION ( 'NONE',  ( 0.000000000000000000, 1.000000000000000000, 0.000000000000000000 ) ) ;
#46 = LINE ( 'NONE', #6974, #85 ) ;
#47 = CARTESIAN_POINT ( 'NONE',  ( 16.00000000000000000, 0.2786210752836254523, -38.76037188570457204 ) ) ;
#48 = VECTOR ( 'NONE', #3904, 1000.000000000000000 ) ;
#49 = EDGE_LOOP ( 'NONE', ( #7777, #6461, #511, #5031 ) ) ;
#50 = CARTESIAN_POINT ( 'NONE',  ( -16.00000000000000000, 1.862776749868736648, -37.52243006943008652 ) ) ;
#51 = DIRECTION ( 'NONE',  ( -0.000000000000000000, -1.000000000000000000, -0.000000000000000000 ) ) ;
#52 = ORIENTED_EDGE ( 'NONE', *, *, #287, .T. ) ;
#53 = EDGE_CURVE ( 'NONE', #3856, #4017, #7691, .T. ) ;
#54 = VECTOR ( 'NONE', #697, 1000.000000000000000 ) ;
#55 = DIRECTION ( 'NONE',  ( -0.000000000000000000, -1.000000000000000000, -0.000000000000000000 ) ) ;
#56 = DIRECTION ( 'NONE',  ( 0.000000000000000000, 0.000000000000000000, 1.000000000000000000 ) ) ;
#57 = CARTESIAN_POINT ( 'NONE',  ( 22.50000000000003553, 11.00000000000000000, -25.00000000000000711 ) ) ;
#58 = DIRECTION ( 'NONE',  ( 0.000000000000000000, 0.000000000000000000, 1.000000000000000000 ) ) ;
#59 = DIRECTION ( 'NONE',  ( 1.000000000000000000, 0.000000000000000000, 0.000000000000000000 ) ) ;
#60 = ORIENTED_EDGE ( 'NONE', *, *, #5049, .T. ) ;
#61 = AXIS2_PLACEMENT_3D ( 'NONE', #861, #2244, #1576 ) ;
#62 = CARTESIAN_POINT ( 'NONE',  ( -35.49999999999999289, 11.00000000000000000, -25.00000000000000711 ) ) ;
#63 = EDGE_LOOP ( 'NONE', ( #826, #7279, #933, #6510 ) ) ;
#64 = CARTESIAN_POINT ( 'NONE',  ( -40.00000000000000000, 13.00000000000000000, -34.99999999999999289 ) ) ;
#65 = EDGE_CURVE ( 'NONE', #2411, #2, #1406, .T. ) ;
#66 = EDGE_CURVE ( 'NONE', #5795, #3768, #2787, .T. ) ;
#67 = CARTESIAN_POINT ( 'NONE',  ( 46.50000000000004263, 11.00000000000000000, -25.00000000000000711 ) ) ;
#68 = ORIENTED_EDGE ( 'NONE', *, *, #2056, .F. ) ;
#69 = DIRECTION ( 'NONE',  ( 0.000000000000000000, 0.000000000000000000, 1.000000000000000000 ) ) ;
#70 = CARTESIAN_POINT ( 'NONE',  ( -28.99999999999999645, 2.350843497767624690, -40.35360441592191449 ) ) ;
#71 = CARTESIAN_POINT ( 'NONE',  ( 12.00000000000000355, 13.00000000000000000, 13.06350832689640207 ) ) ;
#72 = ORIENTED_EDGE ( 'NONE', *, *, #6165, .F. ) ;
#73 = VECTOR ( 'NONE', #8095, 1000.000000000000000 ) ;
#74 = VERTEX_POINT ( 'NONE', #6394 ) ;
#75 = ORIENTED_EDGE ( 'NONE', *, *, #5329, .T. ) ;
#76 = EDGE_CURVE ( 'NONE', #5734, #3570, #1754, .T. ) ;
#77 = VERTEX_POINT ( 'NONE', #2374 ) ;
#78 = CARTESIAN_POINT ( 'NONE',  ( -10.50000000000045297, 13.00000000000000000, 24.99999999999998934 ) ) ;
#79 = VECTOR ( 'NONE', #7231, 1000.000000000000000 ) ;
#80 = PLANE ( 'NONE',  #7979 ) ;
#81 = ADVANCED_FACE ( 'NONE', ( #8551, #3823, #6571, #1662, #1037, #3146, #5140, #6523, #355, #4543, #5188, #7165, #3052, #403, #1714, #4460, #7881, #8596, #7206, #3012, #7251, #4501, #224, #995, #2465, #5811, #1078, #7796 ), #5900, .T. ) ;
#82 = CYLINDRICAL_SURFACE ( 'NONE', #8738, 1.999999999999994893 ) ;
#83 = CARTESIAN_POINT ( 'NONE',  ( -39.99999999999998579, 13.00000000000000000, 37.00000000000001421 ) ) ;
#84 = ORIENTED_EDGE ( 'NONE', *, *, #4514, .T. ) ;
#85 = VECTOR ( 'NONE', #4151, 1000.000000000000000 ) ;
#86 = CARTESIAN_POINT ( 'NONE',  ( -16.00000000000000000, 1.950516754515283058, -38.59919385456366570 ) ) ;
#87 = FACE_OUTER_BOUND ( 'NONE', #2342, .T. ) ;
#88 = VERTEX_POINT ( 'NONE', #3780 ) ;
#89 = CARTESIAN_POINT ( 'NONE',  ( 28.99999999999999645, 13.00000000000000000, -42.42145001812207994 ) ) ;
#90 = DIRECTION ( 'NONE',  ( -0.000000000000000000, -1.000000000000000000, -0.000000000000000000 ) ) ;
#91 = EDGE_CURVE ( 'NONE', #1112, #4564, #342, .T. ) ;
#92 = DIRECTION ( 'NONE',  ( 0.000000000000000000, -8.673617379884028076E-17, 1.000000000000000000 ) ) ;
#93 = EDGE_LOOP ( 'NONE', ( #1787, #1873, #5348, #2949 ) ) ;
#94 = LINE ( 'NONE', #2118, #2967 ) ;
#95 = CARTESIAN_POINT ( 'NONE',  ( 19.50000000000000355, 11.50000000001249489, -42.80511351211194437 ) ) ;
#96 = VERTEX_POINT ( 'NONE', #3645 ) ;
#97 = CIRCLE ( 'NONE', #3542, 1.000000000000000888 ) ;
#98 = CIRCLE ( 'NONE', #244, 1.999999999999994893 ) ;
#99 = LINE ( 'NONE', #2923, #268 ) ;
#100 = DIRECTION ( 'NONE',  ( 0.000000000000000000, 0.000000000000000000, 1.000000000000000000 ) ) ;
#101 = DIRECTION ( 'NONE',  ( 0.000000000000000000, 0.000000000000000000, -1.000000000000000000 ) ) ;
#102 = EDGE_CURVE ( 'NONE', #3990, #4822, #3654, .T. ) ;
#103 = AXIS2_PLACEMENT_3D ( 'NONE', #1176, #6800, #8830 ) ;
#104 = VERTEX_POINT ( 'NONE', #8508 ) ;
#105 = DIRECTION ( 'NONE',  ( 0.000000000000000000, 1.000000000000000000, 0.000000000000000000 ) ) ;
#106 = LOCAL_TIME ( 11, 43, 10.00000000000000000, #6591 ) ;
#107 = ORIENTED_EDGE ( 'NONE', *, *, #4911, .T. ) ;
#108 = AXIS2_PLACEMENT_3D ( 'NONE', #5776, #8516, #5103 ) ;
#109 = CIRCLE ( 'NONE', #4858, 1.999999999999994893 ) ;
#110 = DIRECTION ( 'NONE',  ( -2.040851148208007998E-16, -1.000000000000000000, -8.673617379884028076E-17 ) ) ;
#111 = ORIENTED_EDGE ( 'NONE', *, *, #4473, .T. ) ;
#112 = CARTESIAN_POINT ( 'NONE',  ( 47.49999999999999289, 11.00000000000000000, -25.00000000000000711 ) ) ;
#113 = CYLINDRICAL_SURFACE ( 'NONE', #8807, 1.999999999999994893 ) ;
#114 = DIRECTION ( 'NONE',  ( -0.000000000000000000, -1.000000000000000000, -0.000000000000000000 ) ) ;
#115 = VECTOR ( 'NONE', #767, 1000.000000000000000 ) ;
#116 = CARTESIAN_POINT ( 'NONE',  ( -28.99999999999999645, 1.932599152608164950, -40.24153618139797572 ) ) ;
#117 = FACE_OUTER_BOUND ( 'NONE', #2536, .T. ) ;
#118 = VERTEX_POINT ( 'NONE', #2963 ) ;
#119 = ORIENTED_EDGE ( 'NONE', *, *, #4626, .T. ) ;
#120 = EDGE_CURVE ( 'NONE', #2271, #425, #4373, .T. ) ;
#121 = VECTOR ( 'NONE', #7980, 1000.000000000000000 ) ;
#122 = ORIENTED_EDGE ( 'NONE', *, *, #4996, .T. ) ;
#123 = VECTOR ( 'NONE', #6704, 1000.000000000000000 ) ;
#124 = ORIENTED_EDGE ( 'NONE', *, *, #932, .T. ) ;
#125 = DIRECTION ( 'NONE',  ( 0.000000000000000000, 0.000000000000000000, 1.000000000000000000 ) ) ;
#126 = DIRECTION ( 'NONE',  ( -1.000000000000000000, 1.334402673828313339E-16, 0.000000000000000000 ) ) ;
#127 = CARTESIAN_POINT ( 'NONE',  ( 12.50000000000023270, 11.00000000000000000, -5.000000000000007994 ) ) ;
#128 = AXIS2_PLACEMENT_3D ( 'NONE', #6408, #5108, #1092 ) ;
#129 = DIRECTION ( 'NONE',  ( 1.000000000000000000, 0.000000000000000000, 0.000000000000000000 ) ) ;
#130 = VERTEX_POINT ( 'NONE', #2294 ) ;
#131 = DIRECTION ( 'NONE',  ( 0.000000000000000000, -1.000000000000000000, 0.000000000000000000 ) ) ;
#132 = AXIS2_PLACEMENT_3D ( 'NONE', #5865, #1674, #1855 ) ;
#133 = ORIENTED_EDGE ( 'NONE', *, *, #8156, .T. ) ;
#134 = EDGE_CURVE ( 'NONE', #2500, #5775, #1208, .T. ) ;
#135 = CARTESIAN_POINT ( 'NONE',  ( -28.99999999999999645, 2.571774327357621903, -38.85988838267925871 ) ) ;
#136 = AXIS2_PLACEMENT_3D ( 'NONE', #8459, #2286, #7334 ) ;
#137 = DIRECTION ( 'NONE',  ( 0.000000000000000000, 1.000000000000000000, 0.000000000000000000 ) ) ;
#138 = ORIENTED_EDGE ( 'NONE', *, *, #4562, .T. ) ;
#139 = DIRECTION ( 'NONE',  ( 0.000000000000000000, 0.000000000000000000, 1.000000000000000000 ) ) ;
#140 = DIRECTION ( 'NONE',  ( 0.000000000000000000, 1.000000000000000000, 0.000000000000000000 ) ) ;
#141 = CARTESIAN_POINT ( 'NONE',  ( 22.50000000000000000, 9.600000000000040501, -40.74309577587614939 ) ) ;
#142 = FACE_OUTER_BOUND ( 'NONE', #4969, .T. ) ;
#143 = FACE_OUTER_BOUND ( 'NONE', #2711, .T. ) ;
#144 = VERTEX_POINT ( 'NONE', #3688 ) ;
#145 = EDGE_CURVE ( 'NONE', #1652, #3850, #4957, .T. ) ;
#146 = CARTESIAN_POINT ( 'NONE',  ( 35.49999999999977973, 11.00000000000000000, -5.000000000000007994 ) ) ;
#147 = FACE_OUTER_BOUND ( 'NONE', #8107, .T. ) ;
#148 = PLANE ( 'NONE',  #5845 ) ;
#149 = ORIENTED_EDGE ( 'NONE', *, *, #1696, .T. ) ;
#150 = DIRECTION ( 'NONE',  ( 0.000000000000000000, 1.000000000000000000, 0.000000000000000000 ) ) ;
#151 = ADVANCED_FACE ( 'NONE', ( #5096 ), #7837, .F. ) ;
#152 = EDGE_CURVE ( 'NONE', #8347, #577, #8100, .T. ) ;
#153 = DIRECTION ( 'NONE',  ( 0.000000000000000000, 0.000000000000000000, 1.000000000000000000 ) ) ;
#154 = ORIENTED_EDGE ( 'NONE', *, *, #7955, .T. ) ;
#155 = CARTESIAN_POINT ( 'NONE',  ( -57.50000000000002132, 11.00000000000000000, 17.49999999999999645 ) ) ;
#156 = DIRECTION ( 'NONE',  ( -1.000000000000000000, 0.000000000000000000, -0.000000000000000000 ) ) ;
#157 = DIRECTION ( 'NONE',  ( 0.000000000000000000, 0.000000000000000000, 1.000000000000000000 ) ) ;
#158 = CARTESIAN_POINT ( 'NONE',  ( -28.99999999999999645, 2.099999999999258904, -35.58756443470080200 ) ) ;
#159 = DIRECTION ( 'NONE',  ( 0.000000000000000000, 0.000000000000000000, -1.000000000000000000 ) ) ;
#160 = EDGE_CURVE ( 'NONE', #6516, #7693, #8250, .T. ) ;
#161 = ORIENTED_EDGE ( 'NONE', *, *, #2161, .T. ) ;
#162 = ADVANCED_FACE ( 'NONE', ( #1255 ), #6618, .F. ) ;
#163 = ORIENTED_EDGE ( 'NONE', *, *, #8804, .F. ) ;
#164 = AXIS2_PLACEMENT_3D ( 'NONE', #3183, #4046, #5935 ) ;
#165 = VERTEX_POINT ( 'NONE', #5401 ) ;
#166 = CARTESIAN_POINT ( 'NONE',  ( 22.50000000000024158, 11.00000000000000000, -5.000000000000007994 ) ) ;
#167 = CARTESIAN_POINT ( 'NONE',  ( 28.99999999999999645, 12.25881904511126486, -41.45552419183535164 ) ) ;
#168 = LINE ( 'NONE', #8317, #2651 ) ;
#169 = FACE_OUTER_BOUND ( 'NONE', #7277, .T. ) ;
#170 = VERTEX_POINT ( 'NONE', #7429 ) ;
#171 = VECTOR ( 'NONE', #4723, 1000.000000000000000 ) ;
#172 = CARTESIAN_POINT ( 'NONE',  ( -16.00000000000000000, 2.011312360122132326, -38.65067004189663180 ) ) ;
#173 = EDGE_CURVE ( 'NONE', #1552, #1012, #1926, .T. ) ;
#174 = CARTESIAN_POINT ( 'NONE',  ( 34.50000000000044764, 13.00000000000000000, 14.99999999999999289 ) ) ;
#175 = EDGE_LOOP ( 'NONE', ( #8039, #5042, #3949, #662, #857, #2095 ) ) ;
#176 = DIRECTION ( 'NONE',  ( 0.000000000000000000, 1.000000000000000000, 0.000000000000000000 ) ) ;
#177 = EDGE_CURVE ( 'NONE', #1487, #1247, #7383, .T. ) ;
#178 = ADVANCED_FACE ( 'NONE', ( #3190 ), #1842, .F. ) ;
#179 = DIRECTION ( 'NONE',  ( 0.000000000000000000, 1.000000000000000000, 0.000000000000000000 ) ) ;
#180 = VECTOR ( 'NONE', #4122, 1000.000000000000000 ) ;
#181 = CARTESIAN_POINT ( 'NONE',  ( 28.99999999999999645, 1.650000000000064082, -35.84737205583736852 ) ) ;
#182 = CARTESIAN_POINT ( 'NONE',  ( -16.00000000000000000, 1.712753976441511394, -37.80003922176079811 ) ) ;
#183 = CARTESIAN_POINT ( 'NONE',  ( -35.49999999999957367, 11.00000000000000000, 14.99999999999999289 ) ) ;
#184 = VERTEX_POINT ( 'NONE', #8684 ) ;
#185 = DIRECTION ( 'NONE',  ( -1.000000000000000000, -1.334402673828313339E-16, 0.000000000000000000 ) ) ;
#186 = AXIS2_PLACEMENT_3D ( 'NONE', #8526, #3891, #2350 ) ;
#187 = DIRECTION ( 'NONE',  ( 0.000000000000000000, 0.000000000000000000, 1.000000000000000000 ) ) ;
#188 = LINE ( 'NONE', #5682, #1532 ) ;
#189 = VERTEX_POINT ( 'NONE', #4726 ) ;
#190 = CARTESIAN_POINT ( 'NONE',  ( 40.00000000000000000, 13.00000000000000000, 17.50000000000000711 ) ) ;
#191 = EDGE_CURVE ( 'NONE', #7419, #3856, #1886, .T. ) ;
#192 = AXIS2_PLACEMENT_3D ( 'NONE', #5648, #4892, #3653 ) ;
#193 = DIRECTION ( 'NONE',  ( 1.000000000000000000, 0.000000000000000000, 0.000000000000000000 ) ) ;
#194 = EDGE_LOOP ( 'NONE', ( #6638, #34, #7498, #7230, #1519, #6423 ) ) ;
#195 = LINE ( 'NONE', #2930, #5869 ) ;
#196 = CARTESIAN_POINT ( 'NONE',  ( -19.50000000000000355, 9.599999999999999645, -40.74309577588133635 ) ) ;
#197 = DIRECTION ( 'NONE',  ( 1.000000000000000000, 0.000000000000000000, 0.000000000000000000 ) ) ;
#198 = CARTESIAN_POINT ( 'NONE',  ( -28.99999999999999645, 1.443749999999963229, -35.96645054885748038 ) ) ;
#199 = FACE_OUTER_BOUND ( 'NONE', #5528, .T. ) ;
#200 = ADVANCED_FACE ( 'NONE', ( #585 ), #3699, .T. ) ;
#201 = VERTEX_POINT ( 'NONE', #2284 ) ;
#202 = ORIENTED_EDGE ( 'NONE', *, *, #1483, .T. ) ;
#203 = ORIENTED_EDGE ( 'NONE', *, *, #3197, .T. ) ;
#204 = VERTEX_POINT ( 'NONE', #4363 ) ;
#205 = CARTESIAN_POINT ( 'NONE',  ( 17.00000000000000000, 0.000000000000000000, -46.65412303015307316 ) ) ;
#206 = CARTESIAN_POINT ( 'NONE',  ( -46.50000000000004263, 11.00000000000000000, -25.00000000000000711 ) ) ;
#207 = CARTESIAN_POINT ( 'NONE',  ( 12.00000000000000355, 12.00000000000000000, -6.936491673103652111 ) ) ;
#208 = AXIS2_PLACEMENT_3D ( 'NONE', #3092, #8591, #266 ) ;
#209 = ORIENTED_EDGE ( 'NONE', *, *, #3839, .T. ) ;
#210 = LINE ( 'NONE', #2319, #8592 ) ;
#211 = EDGE_CURVE ( 'NONE', #3043, #1012, #5524, .T. ) ;
#212 = VERTEX_POINT ( 'NONE', #3728 ) ;
#213 = ORIENTED_EDGE ( 'NONE', *, *, #6474, .F. ) ;
#214 = CARTESIAN_POINT ( 'NONE',  ( -37.49999999999955946, 11.00000000000000000, 24.99999999999998934 ) ) ;
#215 = AXIS2_PLACEMENT_3D ( 'NONE', #4079, #7643, #5477 ) ;
#216 = CARTESIAN_POINT ( 'NONE',  ( -28.99999999999999645, 12.25881904510877440, -41.45552419184464554 ) ) ;
#217 = ORIENTED_EDGE ( 'NONE', *, *, #2094, .T. ) ;
#218 = CARTESIAN_POINT ( 'NONE',  ( -48.50000000000003553, 13.00000000000000000, -25.00000000000000711 ) ) ;
#219 = LINE ( 'NONE', #725, #4396 ) ;
#220 = CARTESIAN_POINT ( 'NONE',  ( 28.99999999999999645, 1.317063637212506411, -36.03961332303662601 ) ) ;
#221 = CYLINDRICAL_SURFACE ( 'NONE', #823, 1.999999999999994893 ) ;
#222 = VECTOR ( 'NONE', #6021, 1000.000000000000000 ) ;
#223 = CARTESIAN_POINT ( 'NONE',  ( 16.00000000000000000, 2.082998970865346688, -37.32943787572103389 ) ) ;
#224 = FACE_BOUND ( 'NONE', #341, .T. ) ;
#225 = EDGE_CURVE ( 'NONE', #5886, #4533, #8497, .T. ) ;
#226 = CARTESIAN_POINT ( 'NONE',  ( -23.49999999999957012, 11.00000000000000000, 14.99999999999999289 ) ) ;
#227 = VECTOR ( 'NONE', #4915, 1000.000000000000000 ) ;
#228 = CARTESIAN_POINT ( 'NONE',  ( -28.99999999999999645, 1.796300844862690038, -40.20286430387108823 ) ) ;
#229 = EDGE_LOOP ( 'NONE', ( #1054, #1861, #616, #6025 ) ) ;
#230 = DIRECTION ( 'NONE',  ( -1.000000000000000000, 1.334402673828313339E-16, 0.000000000000000000 ) ) ;
#231 = VERTEX_POINT ( 'NONE', #7871 ) ;
#232 = DIRECTION ( 'NONE',  ( -1.000000000000000000, 0.000000000000000000, 0.000000000000000000 ) ) ;
#233 = VECTOR ( 'NONE', #3034, 1000.000000000000000 ) ;
#234 = ADVANCED_FACE ( 'NONE', ( #4405 ), #301, .F. ) ;
#235 = CIRCLE ( 'NONE', #1960, 1.999999999999994893 ) ;
#236 = DIRECTION ( 'NONE',  ( 0.000000000000000000, -1.000000000000000000, 0.000000000000000000 ) ) ;
#237 = ORIENTED_EDGE ( 'NONE', *, *, #191, .F. ) ;
#238 = EDGE_CURVE ( 'NONE', #3358, #7418, #4659, .T. ) ;
#239 = DIRECTION ( 'NONE',  ( 0.000000000000000000, 0.000000000000000000, 1.000000000000000000 ) ) ;
#240 = AXIS2_PLACEMENT_3D ( 'NONE', #3563, #7032, #5506 ) ;
#241 = DIRECTION ( 'NONE',  ( -0.000000000000000000, -1.000000000000000000, -0.000000000000000000 ) ) ;
#242 = PLANE ( 'NONE',  #6548 ) ;
#243 = FACE_BOUND ( 'NONE', #6687, .T. ) ;
#244 = AXIS2_PLACEMENT_3D ( 'NONE', #1780, #5705, #4527 ) ;
#245 = APPLICATION_PROTOCOL_DEFINITION ( 'international standard', 'config_control_design', 1994, #4239 ) ;
#246 = VECTOR ( 'NONE', #5850, 1000.000000000000000 ) ;
#247 = ORIENTED_EDGE ( 'NONE', *, *, #5218, .F. ) ;
#248 = VERTEX_POINT ( 'NONE', #4449 ) ;
#249 = EDGE_CURVE ( 'NONE', #5557, #8720, #681, .T. ) ;
#250 = ORIENTED_EDGE ( 'NONE', *, *, #160, .T. ) ;
#251 = CIRCLE ( 'NONE', #688, 1.999999999999994893 ) ;
#252 = EDGE_LOOP ( 'NONE', ( #2484, #7552, #3884, #529, #3500, #1507 ) ) ;
#253 = CARTESIAN_POINT ( 'NONE',  ( 1.499999999999765521, 11.00000000000000000, -5.000000000000007994 ) ) ;
#254 = CARTESIAN_POINT ( 'NONE',  ( -0.5000000000000213163, 13.00000000000000000, -25.00000000000000711 ) ) ;
#255 = PLANE ( 'NONE',  #7291 ) ;
#256 = DIRECTION ( 'NONE',  ( 1.000000000000000000, 1.334402673828313339E-16, -0.000000000000000000 ) ) ;
#257 = ORIENTED_EDGE ( 'NONE', *, *, #8395, .F. ) ;
#258 = ORIENTED_EDGE ( 'NONE', *, *, #7042, .F. ) ;
#259 = ORIENTED_EDGE ( 'NONE', *, *, #8428, .F. ) ;
#260 = EDGE_CURVE ( 'NONE', #5959, #7662, #4997, .T. ) ;
#261 = CARTESIAN_POINT ( 'NONE',  ( -39.99999999999998579, 13.00000000000000000, 37.00000000000001421 ) ) ;
#262 = DIRECTION ( 'NONE',  ( 0.000000000000000000, 0.000000000000000000, 1.000000000000000000 ) ) ;
#263 = VERTEX_POINT ( 'NONE', #8583 ) ;
#264 = DIRECTION ( 'NONE',  ( 0.000000000000000000, 0.000000000000000000, 1.000000000000000000 ) ) ;
#265 = VECTOR ( 'NONE', #1502, 1000.000000000000000 ) ;
#266 = DIRECTION ( 'NONE',  ( 1.000000000000000000, 0.000000000000000000, 0.000000000000000000 ) ) ;
#267 = CARTESIAN_POINT ( 'NONE',  ( 16.00000000000000000, 6.365989211298694883, -41.42945946735997609 ) ) ;
#268 = VECTOR ( 'NONE', #7758, 1000.000000000000000 ) ;
#269 = DIRECTION ( 'NONE',  ( 1.334402673828313339E-16, 1.000000000000000000, 0.000000000000000000 ) ) ;
#270 = CARTESIAN_POINT ( 'NONE',  ( 28.99999999999999645, 2.404476589293947697, -38.81506108886917161 ) ) ;
#271 = VECTOR ( 'NONE', #5552, 1000.000000000000000 ) ;
#272 = CARTESIAN_POINT ( 'NONE',  ( 23.49999999999956302, 13.00000000000000000, 24.99999999999998934 ) ) ;
#273 = EDGE_CURVE ( 'NONE', #7466, #7329, #8730, .T. ) ;
#274 = DIRECTION ( 'NONE',  ( 0.000000000000000000, 0.000000000000000000, 1.000000000000000000 ) ) ;
#275 = DIRECTION ( 'NONE',  ( -0.000000000000000000, -1.000000000000000000, -0.000000000000000000 ) ) ;
#276 = EDGE_LOOP ( 'NONE', ( #2592, #4032, #5667, #568, #2117, #2920, #3522, #8454 ) ) ;
#277 = CARTESIAN_POINT ( 'NONE',  ( 28.99999999999999645, 2.500000000000000000, -38.01243556529820466 ) ) ;
#278 = ORIENTED_EDGE ( 'NONE', *, *, #357, .F. ) ;
#279 = LINE ( 'NONE', #412, #2527 ) ;
#280 = APPROVAL ( #918, 'æœª' ) ;
#281 = CARTESIAN_POINT ( 'NONE',  ( -34.50000000000002842, 11.00000000000000000, -15.00000000000001066 ) ) ;
#282 = ORIENTED_EDGE ( 'NONE', *, *, #6088, .F. ) ;
#283 = DIRECTION ( 'NONE',  ( 0.000000000000000000, 1.000000000000000000, 0.000000000000000000 ) ) ;
#284 = DIRECTION ( 'NONE',  ( -0.000000000000000000, -1.000000000000000000, -0.000000000000000000 ) ) ;
#285 = ADVANCED_FACE ( 'NONE', ( #5760 ), #2323, .F. ) ;
#286 = CARTESIAN_POINT ( 'NONE',  ( -12.00000000000000355, 12.00000000000000000, 26.93649167310357839 ) ) ;
#287 = EDGE_CURVE ( 'NONE', #189, #2144, #6512, .T. ) ;
#288 = CARTESIAN_POINT ( 'NONE',  ( 0.000000000000000000, 0.000000000000000000, 0.000000000000000000 ) ) ;
#289 = VERTEX_POINT ( 'NONE', #5126 ) ;
#290 = EDGE_LOOP ( 'NONE', ( #790, #1862, #6556, #1834 ) ) ;
#291 = ORIENTED_EDGE ( 'NONE', *, *, #120, .T. ) ;
#292 = VERTEX_POINT ( 'NONE', #343 ) ;
#293 = DIRECTION ( 'NONE',  ( 0.000000000000000000, 0.000000000000000000, 1.000000000000000000 ) ) ;
#294 = DIRECTION ( 'NONE',  ( 1.000000000000000000, 0.000000000000000000, -0.000000000000000000 ) ) ;
#295 = DIRECTION ( 'NONE',  ( -0.000000000000000000, -1.000000000000000000, -0.000000000000000000 ) ) ;
#296 = ORIENTED_EDGE ( 'NONE', *, *, #2224, .T. ) ;
#297 = CYLINDRICAL_SURFACE ( 'NONE', #8446, 1.999999999999994893 ) ;
#298 = ORIENTED_EDGE ( 'NONE', *, *, #8068, .T. ) ;
#299 = EDGE_LOOP ( 'NONE', ( #526, #1015, #1135, #4621 ) ) ;
#300 = ORIENTED_EDGE ( 'NONE', *, *, #7259, .T. ) ;
#301 = CYLINDRICAL_SURFACE ( 'NONE', #1499, 1.999999999999994893 ) ;
#302 = VECTOR ( 'NONE', #793, 1000.000000000000000 ) ;
#303 = ORIENTED_EDGE ( 'NONE', *, *, #2427, .F. ) ;
#304 = LINE ( 'NONE', #2366, #8184 ) ;
#305 = ORIENTED_EDGE ( 'NONE', *, *, #4199, .T. ) ;
#306 = ORIENTED_EDGE ( 'NONE', *, *, #3085, .T. ) ;
#307 = CARTESIAN_POINT ( 'NONE',  ( -10.50000000000044587, 11.00000000000000000, 14.99999999999999289 ) ) ;
#308 = DIRECTION ( 'NONE',  ( -0.000000000000000000, -1.000000000000000000, -0.000000000000000000 ) ) ;
#309 = CARTESIAN_POINT ( 'NONE',  ( 28.99999999999999645, 1.387499999999887601, -35.99892650149947571 ) ) ;
#310 = EDGE_CURVE ( 'NONE', #7369, #1430, #3042, .T. ) ;
#311 = CIRCLE ( 'NONE', #4629, 1.999999999999994893 ) ;
#312 = PLANE ( 'NONE',  #1970 ) ;
#313 = CARTESIAN_POINT ( 'NONE',  ( 16.00000000000000000, 2.250000000000027978, -37.23301270189218570 ) ) ;
#314 = DIRECTION ( 'NONE',  ( 0.000000000000000000, 0.000000000000000000, 1.000000000000000000 ) ) ;
#315 = DIRECTION ( 'NONE',  ( 0.000000000000000000, 0.000000000000000000, 1.000000000000000000 ) ) ;
#316 = AXIS2_PLACEMENT_3D ( 'NONE', #3551, #6928, #2912 ) ;
#317 = LINE ( 'NONE', #2296, #3112 ) ;
#318 = ORIENTED_EDGE ( 'NONE', *, *, #4801, .T. ) ;
#319 = CYLINDRICAL_SURFACE ( 'NONE', #5284, 17.49999999999999645 ) ;
#320 = ORIENTED_EDGE ( 'NONE', *, *, #6958, .F. ) ;
#321 = LINE ( 'NONE', #5060, #5422 ) ;
#322 = EDGE_CURVE ( 'NONE', #1555, #4075, #965, .T. ) ;
#323 = CARTESIAN_POINT ( 'NONE',  ( 1.499999999999557243, 11.00000000000000000, 14.99999999999999289 ) ) ;
#324 = ORIENTED_EDGE ( 'NONE', *, *, #7538, .T. ) ;
#325 = CARTESIAN_POINT ( 'NONE',  ( -22.50000000000000000, 12.00000000000000355, -42.42145001812207994 ) ) ;
#326 = CARTESIAN_POINT ( 'NONE',  ( -24.00000000000000711, 11.00000000000000000, 6.936491673103633460 ) ) ;
#327 = LINE ( 'NONE', #286, #6155 ) ;
#328 = CARTESIAN_POINT ( 'NONE',  ( -22.50000000000000000, 12.00000000000000355, -42.42145001812207994 ) ) ;
#329 = AXIS2_PLACEMENT_3D ( 'NONE', #7903, #4479, #1100 ) ;
#330 = ORIENTED_EDGE ( 'NONE', *, *, #1414, .T. ) ;
#331 = EDGE_LOOP ( 'NONE', ( #4864, #4716, #5499, #3451 ) ) ;
#332 = EDGE_CURVE ( 'NONE', #7693, #6339, #1649, .T. ) ;
#333 = DIRECTION ( 'NONE',  ( 0.000000000000000000, 0.000000000000000000, 1.000000000000000000 ) ) ;
#334 = ORIENTED_EDGE ( 'NONE', *, *, #8120, .F. ) ;
#335 = ORIENTED_EDGE ( 'NONE', *, *, #2485, .T. ) ;
#336 = DIRECTION ( 'NONE',  ( -1.000000000000000000, 2.040851148208007998E-16, 0.000000000000000000 ) ) ;
#337 = DIRECTION ( 'NONE',  ( 0.000000000000000000, 0.000000000000000000, 1.000000000000000000 ) ) ;
#338 = CARTESIAN_POINT ( 'NONE',  ( 59.50000000000000000, 13.00000000000000000, 17.50000000000000355 ) ) ;
#339 = FACE_OUTER_BOUND ( 'NONE', #6129, .T. ) ;
#340 = ORIENTED_EDGE ( 'NONE', *, *, #8332, .T. ) ;
#341 = EDGE_LOOP ( 'NONE', ( #1011, #1282, #4686, #8582, #888, #4453 ) ) ;
#342 = CIRCLE ( 'NONE', #3069, 1.999999999999994893 ) ;
#343 = CARTESIAN_POINT ( 'NONE',  ( -37.49999999999998579, 11.00000000000000000, -15.00000000000001066 ) ) ;
#344 = EDGE_CURVE ( 'NONE', #1826, #804, #389, .T. ) ;
#345 = ORIENTED_EDGE ( 'NONE', *, *, #535, .T. ) ;
#346 = FACE_OUTER_BOUND ( 'NONE', #2741, .T. ) ;
#347 = ORIENTED_EDGE ( 'NONE', *, *, #5786, .F. ) ;
#348 = DIRECTION ( 'NONE',  ( 0.000000000000000000, 0.000000000000000000, 1.000000000000000000 ) ) ;
#349 = EDGE_CURVE ( 'NONE', #5891, #2498, #5714, .T. ) ;
#350 = DIRECTION ( 'NONE',  ( 0.000000000000000000, 1.000000000000000000, 0.000000000000000000 ) ) ;
#351 = CARTESIAN_POINT ( 'NONE',  ( 16.00000000000000000, 2.044130977983922737, -40.27142104393776378 ) ) ;
#352 = LINE ( 'NONE', #5186, #1541 ) ;
#353 = CARTESIAN_POINT ( 'NONE',  ( 16.00000000000000000, 2.700000000000145839, -36.97320508075679868 ) ) ;
#354 = CIRCLE ( 'NONE', #8693, 1.999999999999994893 ) ;
#355 = FACE_BOUND ( 'NONE', #6369, .T. ) ;
#356 = DIRECTION ( 'NONE',  ( 0.000000000000000000, 1.000000000000000000, 0.000000000000000000 ) ) ;
#357 = EDGE_CURVE ( 'NONE', #3846, #3277, #8630, .T. ) ;
#358 = CARTESIAN_POINT ( 'NONE',  ( -28.99999999999999645, 1.482579449344166855, -40.07823415845573578 ) ) ;
#359 = AXIS2_PLACEMENT_3D ( 'NONE', #2002, #6866, #69 ) ;
#360 = ORIENTED_EDGE ( 'NONE', *, *, #4592, .F. ) ;
#361 = DIRECTION ( 'NONE',  ( 1.000000000000000000, -6.938893903907233900E-15, 0.000000000000000000 ) ) ;
#362 = ORIENTED_EDGE ( 'NONE', *, *, #5733, .F. ) ;
#363 = PLANE ( 'NONE',  #4275 ) ;
#364 = VECTOR ( 'NONE', #7389, 1000.000000000000000 ) ;
#365 = DIRECTION ( 'NONE',  ( 0.000000000000000000, 1.000000000000000000, 0.000000000000000000 ) ) ;
#366 = ORIENTED_EDGE ( 'NONE', *, *, #399, .F. ) ;
#367 = EDGE_CURVE ( 'NONE', #3743, #1191, #6714, .T. ) ;
#368 = CARTESIAN_POINT ( 'NONE',  ( 46.50000000000004263, 11.00000000000000000, -25.00000000000000711 ) ) ;
#369 = CARTESIAN_POINT ( 'NONE',  ( 48.00000000000001421, 13.00000000000000000, 6.936491673103633460 ) ) ;
#370 = DIRECTION ( 'NONE',  ( -0.000000000000000000, -1.000000000000000000, -0.000000000000000000 ) ) ;
#371 =( NAMED_UNIT ( * ) PLANE_ANGLE_UNIT ( ) SI_UNIT ( $, .RADIAN. ) );
#372 = ORIENTED_EDGE ( 'NONE', *, *, #4370, .F. ) ;
#373 = ORIENTED_EDGE ( 'NONE', *, *, #3810, .T. ) ;
#374 = CIRCLE ( 'NONE', #2102, 1.999999999999994893 ) ;
#375 = LINE ( 'NONE', #3072, #2627 ) ;
#376 = ORIENTED_EDGE ( 'NONE', *, *, #177, .T. ) ;
#378 = EDGE_CURVE ( 'NONE', #4612, #1558, #891, .T. ) ;
#377 = VECTOR ( 'NONE', #3221, 1000.000000000000000 ) ;
#379 = ORIENTED_EDGE ( 'NONE', *, *, #837, .T. ) ;
#380 = DIRECTION ( 'NONE',  ( 1.000000000000000000, 0.000000000000000000, 0.000000000000000000 ) ) ;
#381 = AXIS2_PLACEMENT_3D ( 'NONE', #1584, #150, #4339 ) ;
#382 = FACE_OUTER_BOUND ( 'NONE', #3726, .T. ) ;
#383 = DIRECTION ( 'NONE',  ( -0.000000000000000000, -1.000000000000000000, -0.000000000000000000 ) ) ;
#384 = ORIENTED_EDGE ( 'NONE', *, *, #6396, .F. ) ;
#385 = EDGE_CURVE ( 'NONE', #3900, #6449, #479, .T. ) ;
#386 = VECTOR ( 'NONE', #275, 1000.000000000000000 ) ;
#387 = ORIENTED_EDGE ( 'NONE', *, *, #2410, .F. ) ;
#388 = VERTEX_POINT ( 'NONE', #3225 ) ;
#389 = LINE ( 'NONE', #8540, #4421 ) ;
#390 = VECTOR ( 'NONE', #5897, 1000.000000000000000 ) ;
#391 = ORIENTED_EDGE ( 'NONE', *, *, #5104, .T. ) ;
#392 = CARTESIAN_POINT ( 'NONE',  ( 12.00000000000000355, 12.00000000000000000, -13.06350832689631325 ) ) ;
#393 = CIRCLE ( 'NONE', #1810, 1.999999999999994893 ) ;
#394 = ORIENTED_EDGE ( 'NONE', *, *, #6908, .F. ) ;
#395 = DIRECTION ( 'NONE',  ( 0.000000000000000000, 1.000000000000000000, 0.000000000000000000 ) ) ;
#396 = DIRECTION ( 'NONE',  ( 0.000000000000000000, 0.000000000000000000, -1.000000000000000000 ) ) ;
#397 = CIRCLE ( 'NONE', #8308, 3.299999999999999822 ) ;
#398 = CARTESIAN_POINT ( 'NONE',  ( 28.99999999999999645, 3.020034450022657246, -40.53291359116224157 ) ) ;
#399 = EDGE_CURVE ( 'NONE', #8246, #6594, #6649, .T. ) ;
#400 = EDGE_CURVE ( 'NONE', #2500, #1292, #1678, .T. ) ;
#401 = DIRECTION ( 'NONE',  ( 0.000000000000000000, 0.000000000000000000, 1.000000000000000000 ) ) ;
#402 = CARTESIAN_POINT ( 'NONE',  ( 16.00000000000000000, 1.950516754515283058, -38.59919385456366570 ) ) ;
#403 = FACE_BOUND ( 'NONE', #194, .T. ) ;
#404 = AXIS2_PLACEMENT_3D ( 'NONE', #6587, #1807, #2477 ) ;
#405 = LINE ( 'NONE', #7969, #6884 ) ;
#406 = VECTOR ( 'NONE', #356, 1000.000000000000000 ) ;
#407 = DIRECTION ( 'NONE',  ( -1.000000000000000000, 0.000000000000000000, 0.000000000000000000 ) ) ;
#408 = DIRECTION ( 'NONE',  ( 0.000000000000000000, 1.000000000000000000, 0.000000000000000000 ) ) ;
#409 = EDGE_LOOP ( 'NONE', ( #5657, #1096, #163, #5644 ) ) ;
#410 = DIRECTION ( 'NONE',  ( 0.000000000000000000, 0.000000000000000000, 1.000000000000000000 ) ) ;
#411 = ORIENTED_EDGE ( 'NONE', *, *, #4804, .T. ) ;
#412 = CARTESIAN_POINT ( 'NONE',  ( -22.50000000000024158, 11.00000000000000000, -5.000000000000007994 ) ) ;
#413 = VECTOR ( 'NONE', #8201, 1000.000000000000000 ) ;
#414 = AXIS2_PLACEMENT_3D ( 'NONE', #8694, #5953, #6454 ) ;
#415 = DIRECTION ( 'NONE',  ( -1.000000000000000000, 0.000000000000000000, 0.000000000000000000 ) ) ;
#416 = VERTEX_POINT ( 'NONE', #524 ) ;
#417 = VECTOR ( 'NONE', #5513, 1000.000000000000000 ) ;
#418 = DIRECTION ( 'NONE',  ( -0.000000000000000000, -1.000000000000000000, -0.000000000000000000 ) ) ;
#419 = CYLINDRICAL_SURFACE ( 'NONE', #128, 1.999999999999994893 ) ;
#420 = LINE ( 'NONE', #5823, #2978 ) ;
#421 = ADVANCED_FACE ( 'NONE', ( #4532 ), #5349, .T. ) ;
#422 = APPROVAL_DATE_TIME ( #8614, #7986 ) ;
#423 = EDGE_CURVE ( 'NONE', #1288, #7133, #2454, .T. ) ;
#424 = ORIENTED_EDGE ( 'NONE', *, *, #7395, .F. ) ;
#425 = VERTEX_POINT ( 'NONE', #3178 ) ;
#426 = CARTESIAN_POINT ( 'NONE',  ( -12.00000000000000355, 12.00000000000000000, 13.06350832689640207 ) ) ;
#427 = VERTEX_POINT ( 'NONE', #4622 ) ;
#428 = EDGE_LOOP ( 'NONE', ( #373, #3222, #1689, #2576 ) ) ;
#429 = CARTESIAN_POINT ( 'NONE',  ( 16.00000000000000000, 3.000000000000000000, -35.50096189432333915 ) ) ;
#430 = ADVANCED_FACE ( 'NONE', ( #6029 ), #1828, .F. ) ;
#431 = CARTESIAN_POINT ( 'NONE',  ( 23.49999999999998579, 11.00000000000000000, -25.00000000000000711 ) ) ;
#432 = CARTESIAN_POINT ( 'NONE',  ( 35.49999999999957367, 13.00000000000000000, 14.99999999999999289 ) ) ;
#433 = ORIENTED_EDGE ( 'NONE', *, *, #8621, .F. ) ;
#434 = ORIENTED_EDGE ( 'NONE', *, *, #4048, .F. ) ;
#435 = EDGE_CURVE ( 'NONE', #1740, #6198, #5931, .T. ) ;
#436 = ORIENTED_EDGE ( 'NONE', *, *, #1696, .F. ) ;
#437 = CARTESIAN_POINT ( 'NONE',  ( 46.50000000000046185, 11.00000000000000000, 24.99999999999998934 ) ) ;
#438 = ORIENTED_EDGE ( 'NONE', *, *, #2016, .T. ) ;
#439 = CARTESIAN_POINT ( 'NONE',  ( 13.49999999999955413, 11.00000000000000000, 24.99999999999998934 ) ) ;
#440 = ORIENTED_EDGE ( 'NONE', *, *, #8263, .T. ) ;
#441 = DIRECTION ( 'NONE',  ( 1.000000000000000000, 0.000000000000000000, 0.000000000000000000 ) ) ;
#442 = DIRECTION ( 'NONE',  ( 0.000000000000000000, 0.000000000000000000, 1.000000000000000000 ) ) ;
#443 = CARTESIAN_POINT ( 'NONE',  ( -10.50000000000023803, 11.00000000000000000, 4.999999999999990230 ) ) ;
#444 = CARTESIAN_POINT ( 'NONE',  ( -37.49999999999956657, 11.00000000000000000, 14.99999999999999289 ) ) ;
#445 = CARTESIAN_POINT ( 'NONE',  ( 36.00000000000000711, 13.00000000000000000, 26.93649167310357839 ) ) ;
#446 = AXIS2_PLACEMENT_3D ( 'NONE', #3419, #176, #8410 ) ;
#447 = CARTESIAN_POINT ( 'NONE',  ( -28.99999999999999645, 2.250000000000027978, -37.23301270189218570 ) ) ;
#448 = EDGE_CURVE ( 'NONE', #4565, #7843, #3861, .T. ) ;
#449 = EDGE_CURVE ( 'NONE', #1583, #1430, #7331, .T. ) ;
#450 = DIRECTION ( 'NONE',  ( -0.000000000000000000, -1.000000000000000000, -0.000000000000000000 ) ) ;
#451 = CARTESIAN_POINT ( 'NONE',  ( -28.99999999999999645, 1.904716196264206962, -40.23406496576305358 ) ) ;
#452 = CIRCLE ( 'NONE', #5490, 1.999999999999994893 ) ;
#453 = DIRECTION ( 'NONE',  ( -1.000000000000000000, 0.000000000000000000, 0.000000000000000000 ) ) ;
#454 = LINE ( 'NONE', #1849, #3992 ) ;
#455 = CARTESIAN_POINT ( 'NONE',  ( 13.49999999999996980, 13.00000000000000000, -15.00000000000001066 ) ) ;
#456 = EDGE_LOOP ( 'NONE', ( #3717, #4083, #4793, #3439, #5779, #3389 ) ) ;
#457 = DIRECTION ( 'NONE',  ( 0.000000000000000000, 0.000000000000000000, 1.000000000000000000 ) ) ;
#458 = AXIS2_PLACEMENT_3D ( 'NONE', #3543, #3456, #5582 ) ;
#459 = DIRECTION ( 'NONE',  ( 1.000000000000000000, 0.000000000000000000, -0.000000000000000000 ) ) ;
#460 = ORIENTED_EDGE ( 'NONE', *, *, #4971, .T. ) ;
#461 = DIRECTION ( 'NONE',  ( 0.000000000000000000, 1.000000000000000000, 0.000000000000000000 ) ) ;
#462 = CARTESIAN_POINT ( 'NONE',  ( 16.00000000000000000, 2.999999999999988898, -36.79999999999999005 ) ) ;
#463 = EDGE_CURVE ( 'NONE', #2629, #2798, #8050, .T. ) ;
#464 = LINE ( 'NONE', #4743, #6443 ) ;
#465 = ORIENTED_EDGE ( 'NONE', *, *, #3366, .F. ) ;
#466 = ORIENTED_EDGE ( 'NONE', *, *, #7488, .F. ) ;
#467 = DIRECTION ( 'NONE',  ( 0.000000000000000000, 0.000000000000000000, 1.000000000000000000 ) ) ;
#468 = ORIENTED_EDGE ( 'NONE', *, *, #423, .T. ) ;
#469 = EDGE_CURVE ( 'NONE', #6471, #5880, #1198, .T. ) ;
#470 = CARTESIAN_POINT ( 'NONE',  ( 13.49999999999997691, 11.00000000000000000, -15.00000000000001066 ) ) ;
#471 = ORIENTED_EDGE ( 'NONE', *, *, #5585, .F. ) ;
#472 = CARTESIAN_POINT ( 'NONE',  ( -12.00000000000000355, 12.00000000000000000, -13.06350832689631325 ) ) ;
#473 = DIRECTION ( 'NONE',  ( 0.000000000000000000, 0.000000000000000000, 1.000000000000000000 ) ) ;
#474 = CARTESIAN_POINT ( 'NONE',  ( 46.50000000000045475, 11.00000000000000000, 14.99999999999999289 ) ) ;
#475 = VECTOR ( 'NONE', #4919, 1000.000000000000000 ) ;
#476 = ORIENTED_EDGE ( 'NONE', *, *, #4176, .T. ) ;
#477 = ORIENTED_EDGE ( 'NONE', *, *, #5442, .T. ) ;
#478 = ORIENTED_EDGE ( 'NONE', *, *, #6395, .F. ) ;
#479 = LINE ( 'NONE', #1784, #1968 ) ;
#480 = AXIS2_PLACEMENT_3D ( 'NONE', #7592, #4031, #5337 ) ;
#481 = ORIENTED_EDGE ( 'NONE', *, *, #5160, .T. ) ;
#482 = LINE ( 'NONE', #439, #7031 ) ;
#483 = ORIENTED_EDGE ( 'NONE', *, *, #2645, .F. ) ;
#484 = DIRECTION ( 'NONE',  ( 0.000000000000000000, 1.000000000000000000, 0.000000000000000000 ) ) ;
#485 = EDGE_CURVE ( 'NONE', #6275, #201, #7024, .T. ) ;
#486 = DIRECTION ( 'NONE',  ( 0.000000000000000000, -1.000000000000000000, 0.000000000000000000 ) ) ;
#487 = CARTESIAN_POINT ( 'NONE',  ( 0.5000000000004377609, 11.00000000000000000, 14.99999999999999289 ) ) ;
#488 = DIRECTION ( 'NONE',  ( 0.000000000000000000, 0.000000000000000000, 1.000000000000000000 ) ) ;
#489 = AXIS2_PLACEMENT_3D ( 'NONE', #4678, #6118, #540 ) ;
#490 = CARTESIAN_POINT ( 'NONE',  ( 16.00000000000000000, 11.21549079399596849, -41.17596522948725379 ) ) ;
#491 = DIRECTION ( 'NONE',  ( 1.000000000000000000, 0.000000000000000000, -0.000000000000000000 ) ) ;
#492 = FACE_OUTER_BOUND ( 'NONE', #3293, .T. ) ;
#493 = CARTESIAN_POINT ( 'NONE',  ( 9.999999999999998224, 5.900000000000006573, 47.00000000000000711 ) ) ;
#494 = CARTESIAN_POINT ( 'NONE',  ( -12.50000000000044054, 13.00000000000000000, 14.99999999999999289 ) ) ;
#495 = LINE ( 'NONE', #4014, #7735 ) ;
#496 = DIRECTION ( 'NONE',  ( -1.000000000000000000, 0.000000000000000000, 0.000000000000000000 ) ) ;
#497 = ORIENTED_EDGE ( 'NONE', *, *, #225, .F. ) ;
#498 = CARTESIAN_POINT ( 'NONE',  ( 57.50000000000000711, 11.00000000000000000, -17.49999999999999645 ) ) ;
#499 = CIRCLE ( 'NONE', #5536, 1.999999999999994893 ) ;
#500 = EDGE_CURVE ( 'NONE', #2989, #657, #2072, .T. ) ;
#501 = PLANE ( 'NONE',  #8755 ) ;
#502 = AXIS2_PLACEMENT_3D ( 'NONE', #5652, #873, #4547 ) ;
#503 = DIRECTION ( 'NONE',  ( 1.000000000000000000, 0.000000000000000000, 0.000000000000000000 ) ) ;
#504 = LINE ( 'NONE', #6809, #845 ) ;
#505 = CARTESIAN_POINT ( 'NONE',  ( 19.50000000000000355, 12.99999999999999822, -42.42145001812207994 ) ) ;
#506 = CALENDAR_DATE ( 2026, 20, 8 ) ;
#507 = CARTESIAN_POINT ( 'NONE',  ( -19.50000000000000355, 11.49999999999999822, -41.65412303015307316 ) ) ;
#508 = EDGE_CURVE ( 'NONE', #7520, #3755, #1529, .T. ) ;
#509 = ORIENTED_EDGE ( 'NONE', *, *, #1438, .T. ) ;
#510 = CIRCLE ( 'NONE', #2233, 1.999999999999994893 ) ;
#511 = ORIENTED_EDGE ( 'NONE', *, *, #8457, .F. ) ;
#512 = PLANE ( 'NONE',  #186 ) ;
#513 = VERTEX_POINT ( 'NONE', #8336 ) ;
#514 = DIRECTION ( 'NONE',  ( 0.000000000000000000, 0.000000000000000000, 1.000000000000000000 ) ) ;
#515 = EDGE_LOOP ( 'NONE', ( #298, #6245, #3494, #3948 ) ) ;
#516 = CARTESIAN_POINT ( 'NONE',  ( -46.50000000000004263, 11.00000000000000000, -15.00000000000001066 ) ) ;
#517 = DIRECTION ( 'NONE',  ( 1.000000000000000000, 1.334402673828313339E-16, 0.000000000000000000 ) ) ;
#518 = CARTESIAN_POINT ( 'NONE',  ( -34.50000000000044764, 11.00000000000000000, 14.99999999999999289 ) ) ;
#519 = ORIENTED_EDGE ( 'NONE', *, *, #7184, .F. ) ;
#520 = ORIENTED_EDGE ( 'NONE', *, *, #400, .T. ) ;
#521 = AXIS2_PLACEMENT_3D ( 'NONE', #1536, #1493, #4294 ) ;
#522 = ORIENTED_EDGE ( 'NONE', *, *, #2588, .F. ) ;
#523 = EDGE_CURVE ( 'NONE', #212, #1624, #3557, .T. ) ;
#524 = CARTESIAN_POINT ( 'NONE',  ( 34.50000000000024869, 13.00000000000000000, 4.999999999999990230 ) ) ;
#525 = VECTOR ( 'NONE', #2583, 1000.000000000000000 ) ;
#526 = ORIENTED_EDGE ( 'NONE', *, *, #8772, .F. ) ;
#527 = VECTOR ( 'NONE', #2129, 1000.000000000000000 ) ;
#528 = ORIENTED_EDGE ( 'NONE', *, *, #2324, .F. ) ;
#529 = ORIENTED_EDGE ( 'NONE', *, *, #8366, .T. ) ;
#530 = CARTESIAN_POINT ( 'NONE',  ( 46.50000000000024869, 11.00000000000000000, -5.000000000000007994 ) ) ;
#531 = CIRCLE ( 'NONE', #3258, 1.999999999999994893 ) ;
#532 = DIRECTION ( 'NONE',  ( 0.000000000000000000, 0.000000000000000000, 1.000000000000000000 ) ) ;
#533 = LINE ( 'NONE', #7379, #5293 ) ;
#534 = APPROVAL_PERSON_ORGANIZATION ( #4646, #7986, #8659 ) ;
#535 = EDGE_CURVE ( 'NONE', #7183, #5125, #6845, .T. ) ;
#536 = VECTOR ( 'NONE', #5889, 1000.000000000000000 ) ;
#537 = DIRECTION ( 'NONE',  ( 0.000000000000000000, 0.000000000000000000, 1.000000000000000000 ) ) ;
#538 = VECTOR ( 'NONE', #3335, 1000.000000000000000 ) ;
#539 = DIRECTION ( 'NONE',  ( 0.000000000000000000, 1.000000000000000000, 0.000000000000000000 ) ) ;
#540 = DIRECTION ( 'NONE',  ( 0.000000000000000000, 0.000000000000000000, 1.000000000000000000 ) ) ;
#541 = AXIS2_PLACEMENT_3D ( 'NONE', #2207, #4162, #8883 ) ;
#542 = CARTESIAN_POINT ( 'NONE',  ( 16.00000000000000000, 11.49999999999999822, -46.65412303015307316 ) ) ;
#543 = CYLINDRICAL_SURFACE ( 'NONE', #592, 1.999999999999994893 ) ;
#544 = AXIS2_PLACEMENT_3D ( 'NONE', #2230, #5707, #5122 ) ;
#545 = CARTESIAN_POINT ( 'NONE',  ( -36.00000000000000711, 11.00000000000000000, -13.06350832689631147 ) ) ;
#546 = DIRECTION ( 'NONE',  ( 0.000000000000000000, 0.000000000000000000, 1.000000000000000000 ) ) ;
#547 = LINE ( 'NONE', #8065, #4409 ) ;
#548 = ORIENTED_EDGE ( 'NONE', *, *, #8103, .T. ) ;
#549 = FACE_OUTER_BOUND ( 'NONE', #5088, .T. ) ;
#550 = EDGE_CURVE ( 'NONE', #6609, #4379, #1489, .T. ) ;
#551 = VECTOR ( 'NONE', #3646, 1000.000000000000000 ) ;
#552 = PLANE ( 'NONE',  #6599 ) ;
#553 = DIRECTION ( 'NONE',  ( 0.000000000000000000, 0.000000000000000000, 1.000000000000000000 ) ) ;
#554 = CYLINDRICAL_SURFACE ( 'NONE', #7617, 1.000000000000000888 ) ;
#555 = CIRCLE ( 'NONE', #3129, 1.999999999999994893 ) ;
#556 = DIRECTION ( 'NONE',  ( 1.000000000000000000, 1.334402673828313339E-16, -0.000000000000000000 ) ) ;
#557 = CYLINDRICAL_SURFACE ( 'NONE', #1673, 1.999999999999994893 ) ;
#558 = VECTOR ( 'NONE', #8835, 1000.000000000000000 ) ;
#559 = VERTEX_POINT ( 'NONE', #95 ) ;
#560 = APPROVAL ( #7772, 'æœª' ) ;
#561 = ORIENTED_EDGE ( 'NONE', *, *, #7384, .F. ) ;
#562 = CIRCLE ( 'NONE', #541, 1.999999999999994893 ) ;
#563 = LINE ( 'NONE', #8890, #8237 ) ;
#564 = ORIENTED_EDGE ( 'NONE', *, *, #5514, .T. ) ;
#565 = EDGE_CURVE ( 'NONE', #951, #659, #4826, .T. ) ;
#566 = EDGE_CURVE ( 'NONE', #8260, #651, #686, .T. ) ;
#567 = CARTESIAN_POINT ( 'NONE',  ( -48.50000000000024869, 11.00000000000000000, 4.999999999999990230 ) ) ;
#568 = ORIENTED_EDGE ( 'NONE', *, *, #2360, .F. ) ;
#569 = CARTESIAN_POINT ( 'NONE',  ( 34.50000000000024869, 11.00000000000000000, 4.999999999999990230 ) ) ;
#570 = CARTESIAN_POINT ( 'NONE',  ( -16.00000000000000000, 1.500000000000027311, -35.93397459621552059 ) ) ;
#571 = LINE ( 'NONE', #6736, #2246 ) ;
#572 = AXIS2_PLACEMENT_3D ( 'NONE', #722, #1439, #3548 ) ;
#573 = ORIENTED_EDGE ( 'NONE', *, *, #1079, .T. ) ;
#574 = ORIENTED_EDGE ( 'NONE', *, *, #581, .T. ) ;
#575 = ORIENTED_EDGE ( 'NONE', *, *, #2343, .F. ) ;
#576 = VERTEX_POINT ( 'NONE', #4156 ) ;
#577 = VERTEX_POINT ( 'NONE', #2786 ) ;
#578 = VERTEX_POINT ( 'NONE', #6978 ) ;
#579 = DIRECTION ( 'NONE',  ( 0.000000000000000000, 1.000000000000000000, 0.000000000000000000 ) ) ;
#580 = CARTESIAN_POINT ( 'NONE',  ( 28.99999999999999645, 2.500000000000000000, -38.01243556529820466 ) ) ;
#581 = EDGE_CURVE ( 'NONE', #1555, #755, #6221, .T. ) ;
#582 = CARTESIAN_POINT ( 'NONE',  ( 40.00000000000000000, 0.000000000000000000, -17.49999999999999645 ) ) ;
#583 = CARTESIAN_POINT ( 'NONE',  ( 36.50000000000023448, 13.00000000000000000, -5.000000000000007994 ) ) ;
#584 = DIRECTION ( 'NONE',  ( 0.000000000000000000, 0.000000000000000000, 1.000000000000000000 ) ) ;
#585 = FACE_OUTER_BOUND ( 'NONE', #8188, .T. ) ;
#586 = DIRECTION ( 'NONE',  ( 0.000000000000000000, 0.000000000000000000, 1.000000000000000000 ) ) ;
#587 = DIRECTION ( 'NONE',  ( 0.000000000000000000, 1.000000000000000000, 0.000000000000000000 ) ) ;
#588 = DIRECTION ( 'NONE',  ( -2.040851148208008491E-16, 1.000000000000000000, 0.000000000000000000 ) ) ;
#589 = FACE_OUTER_BOUND ( 'NONE', #4487, .T. ) ;
#590 = ADVANCED_FACE ( 'NONE', ( #5547 ), #8283, .F. ) ;
#591 = CARTESIAN_POINT ( 'NONE',  ( -46.50000000000045475, 13.00000000000000000, 14.99999999999999289 ) ) ;
#592 = AXIS2_PLACEMENT_3D ( 'NONE', #1212, #6082, #4634 ) ;
#593 = ORIENTED_EDGE ( 'NONE', *, *, #53, .T. ) ;
#594 = CARTESIAN_POINT ( 'NONE',  ( -40.00000000000000000, 0.000000000000000000, -36.99999999999999289 ) ) ;
#595 = AXIS2_PLACEMENT_3D ( 'NONE', #307, #3046, #1748 ) ;
#596 = CARTESIAN_POINT ( 'NONE',  ( 34.50000000000002842, 13.00000000000000000, -25.00000000000000711 ) ) ;
#597 = CARTESIAN_POINT ( 'NONE',  ( 16.00000000000000000, 2.249999999999995115, -35.50096189432333915 ) ) ;
#598 = DIRECTION ( 'NONE',  ( -0.000000000000000000, -1.000000000000000000, -0.000000000000000000 ) ) ;
#599 = LINE ( 'NONE', #1990, #7303 ) ;
#600 = ADVANCED_FACE ( 'NONE', ( #5593 ), #2119, .T. ) ;
#601 = EDGE_LOOP ( 'NONE', ( #1933, #5605, #8238, #4147 ) ) ;
#602 = DIRECTION ( 'NONE',  ( -0.000000000000000000, -1.000000000000000000, -0.000000000000000000 ) ) ;
#603 = EDGE_LOOP ( 'NONE', ( #203, #2321, #1596, #5517 ) ) ;
#604 = AXIS2_PLACEMENT_3D ( 'NONE', #5361, #8097, #4630 ) ;
#605 = DIRECTION ( 'NONE',  ( 0.000000000000000000, 1.000000000000000000, 0.000000000000000000 ) ) ;
#606 = VERTEX_POINT ( 'NONE', #3425 ) ;
#607 = CARTESIAN_POINT ( 'NONE',  ( -22.50000000000024869, 13.00000000000000000, 4.999999999999990230 ) ) ;
#608 = VERTEX_POINT ( 'NONE', #4961 ) ;
#609 = VECTOR ( 'NONE', #6662, 1000.000000000000000 ) ;
#610 = CARTESIAN_POINT ( 'NONE',  ( -16.00000000000000000, 12.99999999999999822, -45.65412303015307316 ) ) ;
#611 = CARTESIAN_POINT ( 'NONE',  ( -16.00000000000000000, 1.382540356719631047, -40.02589295479880604 ) ) ;
#612 = CARTESIAN_POINT ( 'NONE',  ( -59.50000000000001421, 13.00000000000000000, 17.50000000000001066 ) ) ;
#613 = VERTEX_POINT ( 'NONE', #7629 ) ;
#614 = EDGE_LOOP ( 'NONE', ( #1864, #5802, #6606, #2396, #5739, #3486, #6413 ) ) ;
#615 = ADVANCED_FACE ( 'NONE', ( #143 ), #2203, .F. ) ;
#616 = ORIENTED_EDGE ( 'NONE', *, *, #5541, .F. ) ;
#617 = VERTEX_POINT ( 'NONE', #6935 ) ;
#618 = ORIENTED_EDGE ( 'NONE', *, *, #4580, .F. ) ;
#619 = DIRECTION ( 'NONE',  ( 1.000000000000000000, 0.000000000000000000, 0.000000000000000000 ) ) ;
#620 = DIRECTION ( 'NONE',  ( -1.000000000000000000, 1.334402673828313339E-16, 0.000000000000000000 ) ) ;
#621 = DIRECTION ( 'NONE',  ( 0.000000000000000000, 0.000000000000000000, 1.000000000000000000 ) ) ;
#622 = FACE_OUTER_BOUND ( 'NONE', #1317, .T. ) ;
#623 = FACE_OUTER_BOUND ( 'NONE', #8678, .T. ) ;
#624 = ADVANCED_FACE ( 'NONE', ( #770 ), #3621, .F. ) ;
#625 = VECTOR ( 'NONE', #6544, 1000.000000000000000 ) ;
#626 = CARTESIAN_POINT ( 'NONE',  ( -28.99999999999999645, 2.118746317227650167, -37.30878423896998441 ) ) ;
#627 = EDGE_CURVE ( 'NONE', #5618, #4178, #4591, .T. ) ;
#628 = CARTESIAN_POINT ( 'NONE',  ( -48.00000000000001421, 13.00000000000000000, -13.06350832689631325 ) ) ;
#629 = ORIENTED_EDGE ( 'NONE', *, *, #5604, .T. ) ;
#630 = CYLINDRICAL_SURFACE ( 'NONE', #6790, 1.999999999999994893 ) ;
#631 = CYLINDRICAL_SURFACE ( 'NONE', #5976, 1.000000000000000888 ) ;
#632 = CARTESIAN_POINT ( 'NONE',  ( -39.99999999999999289, 0.000000000000000000, 35.00000000000000000 ) ) ;
#633 = CARTESIAN_POINT ( 'NONE',  ( -1.499999999999973577, 13.00000000000000000, -25.00000000000000711 ) ) ;
#634 = EDGE_LOOP ( 'NONE', ( #5175, #306, #6204, #4756 ) ) ;
#635 = DIRECTION ( 'NONE',  ( 0.000000000000000000, 0.000000000000000000, 1.000000000000000000 ) ) ;
#636 = VERTEX_POINT ( 'NONE', #3914 ) ;
#637 = EDGE_CURVE ( 'NONE', #4652, #8229, #3926, .T. ) ;
#638 = DIRECTION ( 'NONE',  ( 0.000000000000000000, 0.000000000000000000, 1.000000000000000000 ) ) ;
#639 = CARTESIAN_POINT ( 'NONE',  ( 47.49999999999998579, 11.00000000000000000, -15.00000000000001066 ) ) ;
#640 = DIRECTION ( 'NONE',  ( 1.000000000000000000, 0.000000000000000000, -0.000000000000000000 ) ) ;
#641 = PLANE ( 'NONE',  #7136 ) ;
#642 = DIRECTION ( 'NONE',  ( 0.000000000000000000, 0.000000000000000000, -1.000000000000000000 ) ) ;
#643 = EDGE_CURVE ( 'NONE', #7183, #7369, #1052, .T. ) ;
#644 = VERTEX_POINT ( 'NONE', #4676 ) ;
#645 = VECTOR ( 'NONE', #1121, 1000.000000000000000 ) ;
#646 = EDGE_CURVE ( 'NONE', #7099, #3217, #3055, .T. ) ;
#647 = PLANE ( 'NONE',  #1199 ) ;
#648 = VERTEX_POINT ( 'NONE', #1841 ) ;
#649 = DIRECTION ( 'NONE',  ( 0.000000000000000000, 1.000000000000000000, 0.000000000000000000 ) ) ;
#650 = FACE_OUTER_BOUND ( 'NONE', #5615, .T. ) ;
#651 = VERTEX_POINT ( 'NONE', #5399 ) ;
#652 = CARTESIAN_POINT ( 'NONE',  ( 40.00000000000000000, 13.00000000000000000, -34.99999999999999289 ) ) ;
#653 = CARTESIAN_POINT ( 'NONE',  ( -16.00000000000000000, 0.8994957518147027598, -36.35680491046148433 ) ) ;
#654 = CARTESIAN_POINT ( 'NONE',  ( -24.00000000000000711, 11.00000000000000000, -6.936491673103652111 ) ) ;
#655 = AXIS2_PLACEMENT_3D ( 'NONE', #3310, #7273, #1192 ) ;
#656 = ORIENTED_EDGE ( 'NONE', *, *, #7281, .T. ) ;
#657 = VERTEX_POINT ( 'NONE', #1167 ) ;
#658 = ADVANCED_FACE ( 'NONE', ( #5986 ), #8733, .F. ) ;
#659 = VERTEX_POINT ( 'NONE', #4725 ) ;
#660 = AXIS2_PLACEMENT_3D ( 'NONE', #8235, #5992, #7347 ) ;
#661 = VERTEX_POINT ( 'NONE', #445 ) ;
#662 = ORIENTED_EDGE ( 'NONE', *, *, #3514, .T. ) ;
#663 = FACE_OUTER_BOUND ( 'NONE', #1103, .T. ) ;
#664 = EDGE_CURVE ( 'NONE', #7554, #8602, #1486, .T. ) ;
#665 = CARTESIAN_POINT ( 'NONE',  ( 30.00000000000000000, 0.000000000000000000, -36.99999999999999289 ) ) ;
#666 = DIRECTION ( 'NONE',  ( 1.000000000000000000, -6.418476861114187038E-15, 0.000000000000000000 ) ) ;
#667 = VECTOR ( 'NONE', #1899, 1000.000000000000000 ) ;
#668 = DIRECTION ( 'NONE',  ( 0.000000000000000000, 0.000000000000000000, 1.000000000000000000 ) ) ;
#669 = EDGE_LOOP ( 'NONE', ( #3467, #7134, #440, #6987 ) ) ;
#670 = CARTESIAN_POINT ( 'NONE',  ( -16.00000000000000000, 1.686341760833912407, -37.96112570923076390 ) ) ;
#671 = CC_DESIGN_DATE_AND_TIME_ASSIGNMENT ( #6766, #3209, ( #8878 ) ) ;
#672 = AXIS2_PLACEMENT_3D ( 'NONE', #2380, #8650, #5195 ) ;
#673 = VECTOR ( 'NONE', #6046, 1000.000000000000000 ) ;
#674 = CARTESIAN_POINT ( 'NONE',  ( -19.50000000000000355, 11.50000000000000000, -44.85412303015306179 ) ) ;
#675 = EDGE_LOOP ( 'NONE', ( #4104, #4236, #7415, #7901 ) ) ;
#676 = CARTESIAN_POINT ( 'NONE',  ( -37.49999999999956657, 13.00000000000000000, 14.99999999999999289 ) ) ;
#677 = EDGE_CURVE ( 'NONE', #613, #1487, #7529, .T. ) ;
#678 = AXIS2_PLACEMENT_3D ( 'NONE', #288, #3753, #6540 ) ;
#679 = ADVANCED_FACE ( 'NONE', ( #623 ), #4631, .F. ) ;
#680 = CARTESIAN_POINT ( 'NONE',  ( 22.50000000000003553, 13.00000000000000000, -25.00000000000000711 ) ) ;
#681 = CIRCLE ( 'NONE', #3554, 19.49999999999999645 ) ;
#682 = CIRCLE ( 'NONE', #108, 1.999999999999994893 ) ;
#683 = CARTESIAN_POINT ( 'NONE',  ( 13.49999999999956124, 11.00000000000000000, 14.99999999999999289 ) ) ;
#684 = ORIENTED_EDGE ( 'NONE', *, *, #1627, .F. ) ;
#685 = CARTESIAN_POINT ( 'NONE',  ( -16.00000000000000000, 1.943302870196528698, -37.43656403318110648 ) ) ;
#686 = LINE ( 'NONE', #3469, #4504 ) ;
#687 = AXIS2_PLACEMENT_3D ( 'NONE', #2277, #5704, #5036 ) ;
#688 = AXIS2_PLACEMENT_3D ( 'NONE', #6306, #6259, #4871 ) ;
#689 = DIRECTION ( 'NONE',  ( 0.000000000000000000, 0.000000000000000000, -1.000000000000000000 ) ) ;
#690 = DIRECTION ( 'NONE',  ( 0.000000000000000000, -0.000000000000000000, 1.000000000000000000 ) ) ;
#691 = FACE_OUTER_BOUND ( 'NONE', #7294, .T. ) ;
#692 = VECTOR ( 'NONE', #7819, 1000.000000000000000 ) ;
#693 = DIRECTION ( 'NONE',  ( 0.000000000000000000, 0.000000000000000000, 1.000000000000000000 ) ) ;
#694 = CARTESIAN_POINT ( 'NONE',  ( -25.50000000000000355, 12.25881904511126130, -41.45552419183535164 ) ) ;
#695 = VECTOR ( 'NONE', #4399, 1000.000000000000000 ) ;
#696 = ORIENTED_EDGE ( 'NONE', *, *, #2328, .F. ) ;
#697 = DIRECTION ( 'NONE',  ( 0.000000000000000000, 1.000000000000000000, 0.000000000000000000 ) ) ;
#698 = ORIENTED_EDGE ( 'NONE', *, *, #120, .F. ) ;
#699 = AXIS2_PLACEMENT_3D ( 'NONE', #8656, #3206, #503 ) ;
#700 = LINE ( 'NONE', #8722, #4738 ) ;
#701 = CARTESIAN_POINT ( 'NONE',  ( 22.50000000000045119, 11.00000000000000000, 14.99999999999999289 ) ) ;
#702 = VERTEX_POINT ( 'NONE', #5899 ) ;
#703 = CARTESIAN_POINT ( 'NONE',  ( 46.50000000000004263, 13.00000000000000000, -25.00000000000000711 ) ) ;
#704 = AXIS2_PLACEMENT_3D ( 'NONE', #7114, #7252, #3147 ) ;
#705 = CARTESIAN_POINT ( 'NONE',  ( -16.00000000000000000, 1.931723812755948178, -40.24131505877800663 ) ) ;
#706 = LINE ( 'NONE', #4175, #5567 ) ;
#707 = ADVANCED_FACE ( 'NONE', ( #8639 ), #2464, .F. ) ;
#708 = ORIENTED_EDGE ( 'NONE', *, *, #5798, .F. ) ;
#709 = AXIS2_PLACEMENT_3D ( 'NONE', #6091, #3340, #553 ) ;
#710 = EDGE_LOOP ( 'NONE', ( #8219, #5210, #334, #4601 ) ) ;
#711 = ORIENTED_EDGE ( 'NONE', *, *, #677, .T. ) ;
#712 = ORIENTED_EDGE ( 'NONE', *, *, #2215, .F. ) ;
#713 = ORIENTED_EDGE ( 'NONE', *, *, #463, .T. ) ;
#714 = CARTESIAN_POINT ( 'NONE',  ( -23.49999999999956302, 11.00000000000000000, 24.99999999999998934 ) ) ;
#715 = AXIS2_PLACEMENT_3D ( 'NONE', #1568, #4323, #8275 ) ;
#716 = DIRECTION ( 'NONE',  ( 0.000000000000000000, 1.000000000000000000, 0.000000000000000000 ) ) ;
#717 = DIRECTION ( 'NONE',  ( 1.000000000000000000, 0.000000000000000000, -0.000000000000000000 ) ) ;
#718 = EDGE_CURVE ( 'NONE', #4666, #1191, #7361, .T. ) ;
#719 = CARTESIAN_POINT ( 'NONE',  ( -49.49999999999957367, 11.00000000000000000, 14.99999999999999289 ) ) ;
#720 = EDGE_LOOP ( 'NONE', ( #8770, #8002, #6251, #3071 ) ) ;
#721 = CARTESIAN_POINT ( 'NONE',  ( -16.00000000000000000, 1.817375721940008404, -37.58788730880411322 ) ) ;
#722 = CARTESIAN_POINT ( 'NONE',  ( 23.49999999999957012, 11.00000000000000000, 14.99999999999999289 ) ) ;
#723 = VERTEX_POINT ( 'NONE', #7946 ) ;
#724 = PLANE ( 'NONE',  #1312 ) ;
#725 = CARTESIAN_POINT ( 'NONE',  ( -13.49999999999976907, 11.00000000000000000, -5.000000000000007994 ) ) ;
#726 = CARTESIAN_POINT ( 'NONE',  ( 46.50000000000024869, 13.00000000000000000, -5.000000000000007994 ) ) ;
#727 = ORIENTED_EDGE ( 'NONE', *, *, #5377, .F. ) ;
#728 = DIRECTION ( 'NONE',  ( 0.000000000000000000, 1.000000000000000000, 0.000000000000000000 ) ) ;
#729 = DIRECTION ( 'NONE',  ( -0.000000000000000000, -1.000000000000000000, -0.000000000000000000 ) ) ;
#730 = DIRECTION ( 'NONE',  ( -0.000000000000000000, -1.000000000000000000, -0.000000000000000000 ) ) ;
#731 = ADVANCED_FACE ( 'NONE', ( #5827, #4567 ), #3214, .F. ) ;
#732 = ADVANCED_FACE ( 'NONE', ( #7185 ), #1014, .F. ) ;
#733 = DIRECTION ( 'NONE',  ( 0.000000000000000000, 1.000000000000000000, 0.000000000000000000 ) ) ;
#734 = CARTESIAN_POINT ( 'NONE',  ( 27.99999999999999645, -0.000000000000000000, -46.65412303015307316 ) ) ;
#735 = DIRECTION ( 'NONE',  ( 0.000000000000000000, 1.000000000000000000, 0.000000000000000000 ) ) ;
#736 = CARTESIAN_POINT ( 'NONE',  ( -12.00000000000000355, 11.00000000000000000, 6.936491673103633460 ) ) ;
#737 = DIRECTION ( 'NONE',  ( 0.000000000000000000, 1.000000000000000000, 0.000000000000000000 ) ) ;
#738 = VERTEX_POINT ( 'NONE', #3798 ) ;
#739 = EDGE_CURVE ( 'NONE', #3612, #1263, #8705, .T. ) ;
#740 = AXIS2_PLACEMENT_3D ( 'NONE', #5844, #7918, #5130 ) ;
#741 = CYLINDRICAL_SURFACE ( 'NONE', #5808, 1.900000000000001465 ) ;
#742 = VERTEX_POINT ( 'NONE', #5298 ) ;
#743 = EDGE_CURVE ( 'NONE', #5548, #4278, #375, .T. ) ;
#744 = LINE ( 'NONE', #3440, #4311 ) ;
#745 = CARTESIAN_POINT ( 'NONE',  ( -49.49999999999998579, 11.00000000000000000, -25.00000000000000711 ) ) ;
#746 = VERTEX_POINT ( 'NONE', #1775 ) ;
#747 = CARTESIAN_POINT ( 'NONE',  ( 36.50000000000044764, 13.00000000000000000, 24.99999999999998934 ) ) ;
#748 = CARTESIAN_POINT ( 'NONE',  ( -16.00000000000000000, 3.020034450022657246, -40.53291359116224868 ) ) ;
#749 = LINE ( 'NONE', #6329, #2965 ) ;
#750 = ORIENTED_EDGE ( 'NONE', *, *, #3589, .T. ) ;
#751 = VERTEX_POINT ( 'NONE', #7857 ) ;
#752 = EDGE_CURVE ( 'NONE', #7874, #6605, #7382, .T. ) ;
#753 = VECTOR ( 'NONE', #514, 1000.000000000000000 ) ;
#754 = ORIENTED_EDGE ( 'NONE', *, *, #6584, .F. ) ;
#755 = VERTEX_POINT ( 'NONE', #5919 ) ;
#756 = CARTESIAN_POINT ( 'NONE',  ( 16.00000000000000355, 11.49999999999999822, -44.85412303015306890 ) ) ;
#757 = CARTESIAN_POINT ( 'NONE',  ( 15.00000000000000000, 0.000000000000000000, -36.99999999999999289 ) ) ;
#758 = CARTESIAN_POINT ( 'NONE',  ( -1.499999999999765521, 11.00000000000000000, 4.999999999999990230 ) ) ;
#759 = LINE ( 'NONE', #719, #5211 ) ;
#760 = VERTEX_POINT ( 'NONE', #4436 ) ;
#761 = CARTESIAN_POINT ( 'NONE',  ( -16.00000000000000000, 2.516008414669898663, -38.84494595140930073 ) ) ;
#762 = EDGE_CURVE ( 'NONE', #1053, #644, #904, .T. ) ;
#763 = CARTESIAN_POINT ( 'NONE',  ( 9.999999999999998224, 1.925929944387235853E-31, 35.00000000000000000 ) ) ;
#764 = VERTEX_POINT ( 'NONE', #1730 ) ;
#765 = DIRECTION ( 'NONE',  ( 0.000000000000000000, 0.000000000000000000, 1.000000000000000000 ) ) ;
#766 = DIRECTION ( 'NONE',  ( 0.000000000000000000, 1.000000000000000000, 0.000000000000000000 ) ) ;
#767 = DIRECTION ( 'NONE',  ( 1.000000000000000000, -0.000000000000000000, -0.000000000000000000 ) ) ;
#768 = VERTEX_POINT ( 'NONE', #2486 ) ;
#769 = DIRECTION ( 'NONE',  ( 0.000000000000000000, 1.000000000000000000, 0.000000000000000000 ) ) ;
#770 = FACE_OUTER_BOUND ( 'NONE', #2487, .T. ) ;
#771 = ORIENTED_EDGE ( 'NONE', *, *, #1637, .F. ) ;
#772 = CARTESIAN_POINT ( 'NONE',  ( 47.49999999999998579, 11.00000000000000000, -15.00000000000001066 ) ) ;
#773 = FACE_OUTER_BOUND ( 'NONE', #1186, .T. ) ;
#774 = LINE ( 'NONE', #7536, #4163 ) ;
#775 = DIRECTION ( 'NONE',  ( 0.000000000000000000, 1.000000000000000000, 0.000000000000000000 ) ) ;
#776 = EDGE_CURVE ( 'NONE', #2441, #659, #5165, .T. ) ;
#777 = ORIENTED_EDGE ( 'NONE', *, *, #1414, .F. ) ;
#778 = CARTESIAN_POINT ( 'NONE',  ( -36.00000000000000711, 12.00000000000000000, -13.06350832689631325 ) ) ;
#779 = VERTEX_POINT ( 'NONE', #5962 ) ;
#780 = CARTESIAN_POINT ( 'NONE',  ( 13.49999999999956124, 13.00000000000000000, 14.99999999999999289 ) ) ;
#781 = ORIENTED_EDGE ( 'NONE', *, *, #2205, .F. ) ;
#782 = DIRECTION ( 'NONE',  ( 0.000000000000000000, 1.000000000000000000, 0.000000000000000000 ) ) ;
#783 = CARTESIAN_POINT ( 'NONE',  ( -19.50000000000000355, 9.599999999999999645, -40.74309577588133635 ) ) ;
#784 = LINE ( 'NONE', #703, #1799 ) ;
#785 = CARTESIAN_POINT ( 'NONE',  ( -28.99999999999999645, 0.9825791946689358403, -36.28035516764425239 ) ) ;
#786 = EDGE_CURVE ( 'NONE', #8447, #1112, #1863, .T. ) ;
#787 = CARTESIAN_POINT ( 'NONE',  ( -59.50000000000000000, 0.000000000000000000, -17.49999999999999645 ) ) ;
#788 = VERTEX_POINT ( 'NONE', #8662 ) ;
#789 = AXIS2_PLACEMENT_3D ( 'NONE', #4764, #7425, #532 ) ;
#790 = ORIENTED_EDGE ( 'NONE', *, *, #2042, .F. ) ;
#791 = EDGE_LOOP ( 'NONE', ( #4099, #8862, #4524, #6743 ) ) ;
#792 = ORIENTED_EDGE ( 'NONE', *, *, #2664, .T. ) ;
#793 = DIRECTION ( 'NONE',  ( 0.000000000000000000, 0.000000000000000000, 1.000000000000000000 ) ) ;
#794 = CIRCLE ( 'NONE', #8416, 1.999999999999994893 ) ;
#795 = CARTESIAN_POINT ( 'NONE',  ( 49.49999999999977973, 11.00000000000000000, -5.000000000000007994 ) ) ;
#796 = DIRECTION ( 'NONE',  ( 0.000000000000000000, 0.000000000000000000, 1.000000000000000000 ) ) ;
#797 = DIRECTION ( 'NONE',  ( -3.965082230804130713E-16, 0.000000000000000000, 1.000000000000000000 ) ) ;
#798 = EDGE_CURVE ( 'NONE', #4209, #4189, #2915, .T. ) ;
#799 = DIRECTION ( 'NONE',  ( 0.000000000000000000, 0.000000000000000000, 1.000000000000000000 ) ) ;
#800 = EDGE_LOOP ( 'NONE', ( #3447, #6190, #4361, #8773 ) ) ;
#801 = VECTOR ( 'NONE', #1305, 1000.000000000000000 ) ;
#802 = CARTESIAN_POINT ( 'NONE',  ( -16.00000000000000000, 2.273980746193223546, -38.78008848112389018 ) ) ;
#803 = LINE ( 'NONE', #7703, #5030 ) ;
#804 = VERTEX_POINT ( 'NONE', #3935 ) ;
#805 = DIRECTION ( 'NONE',  ( -1.000000000000000000, -1.334402673828313339E-16, 0.000000000000000000 ) ) ;
#806 = ADVANCED_FACE ( 'NONE', ( #6679 ), #512, .F. ) ;
#807 = LINE ( 'NONE', #1526, #3964 ) ;
#808 = CARTESIAN_POINT ( 'NONE',  ( 16.00000000000000000, 1.650000000000064082, -35.84737205583736142 ) ) ;
#809 = EDGE_CURVE ( 'NONE', #7541, #8338, #1688, .T. ) ;
#810 = CARTESIAN_POINT ( 'NONE',  ( 16.00000000000000000, 3.000000000000000000, -35.50096189432333915 ) ) ;
#811 = DIRECTION ( 'NONE',  ( 0.000000000000000000, 0.000000000000000000, 1.000000000000000000 ) ) ;
#812 = CARTESIAN_POINT ( 'NONE',  ( -25.50000000000000355, 13.00000000000000000, -44.85412303015305469 ) ) ;
#813 = CIRCLE ( 'NONE', #8285, 1.999999999999994893 ) ;
#814 = DIRECTION ( 'NONE',  ( -0.000000000000000000, -1.000000000000000000, -0.000000000000000000 ) ) ;
#815 = EDGE_CURVE ( 'NONE', #3313, #2823, #7086, .T. ) ;
#816 = AXIS2_PLACEMENT_3D ( 'NONE', #3651, #3566, #2080 ) ;
#817 = DIRECTION ( 'NONE',  ( 0.000000000000000000, -0.000000000000000000, 1.000000000000000000 ) ) ;
#818 = FACE_OUTER_BOUND ( 'NONE', #7767, .T. ) ;
#819 = ORIENTED_EDGE ( 'NONE', *, *, #2877, .T. ) ;
#820 = FACE_OUTER_BOUND ( 'NONE', #4868, .T. ) ;
#821 = EDGE_CURVE ( 'NONE', #8447, #4338, #3203, .T. ) ;
#822 = VERTEX_POINT ( 'NONE', #6597 ) ;
#823 = AXIS2_PLACEMENT_3D ( 'NONE', #3643, #6441, #3735 ) ;
#824 = VECTOR ( 'NONE', #7445, 1000.000000000000000 ) ;
#825 = CARTESIAN_POINT ( 'NONE',  ( -48.00000000000001421, 13.00000000000000000, -26.93649167310370629 ) ) ;
#826 = ORIENTED_EDGE ( 'NONE', *, *, #4934, .F. ) ;
#827 = CYLINDRICAL_SURFACE ( 'NONE', #8892, 1.999999999999994893 ) ;
#828 = LINE ( 'NONE', #8305, #4064 ) ;
#829 = CARTESIAN_POINT ( 'NONE',  ( 30.00000000000000000, 0.000000000000000000, -34.99999999999999289 ) ) ;
#830 = VECTOR ( 'NONE', #3464, 1000.000000000000000 ) ;
#831 = CARTESIAN_POINT ( 'NONE',  ( -28.99999999999999645, 1.950000000000145173, -35.67416697508014067 ) ) ;
#832 = LINE ( 'NONE', #6997, #5848 ) ;
#833 = ORIENTED_EDGE ( 'NONE', *, *, #3336, .F. ) ;
#834 = ORIENTED_EDGE ( 'NONE', *, *, #8531, .T. ) ;
#835 = VECTOR ( 'NONE', #3613, 1000.000000000000000 ) ;
#836 = EDGE_CURVE ( 'NONE', #2784, #1247, #5423, .T. ) ;
#837 = EDGE_CURVE ( 'NONE', #6600, #6759, #6727, .T. ) ;
#838 = ORIENTED_EDGE ( 'NONE', *, *, #2224, .F. ) ;
#839 = VECTOR ( 'NONE', #7926, 1000.000000000000000 ) ;
#840 = VERTEX_POINT ( 'NONE', #21 ) ;
#841 = CARTESIAN_POINT ( 'NONE',  ( 25.49999999999955946, 11.00000000000000000, 24.99999999999998934 ) ) ;
#842 = LINE ( 'NONE', #1560, #8877 ) ;
#843 = CARTESIAN_POINT ( 'NONE',  ( 23.49999999999977973, 11.00000000000000000, -5.000000000000007994 ) ) ;
#844 = APPLICATION_CONTEXT ( 'configuration controlled 3d designs of mechanical parts and assemblies' ) ;
#845 = VECTOR ( 'NONE', #7398, 1000.000000000000000 ) ;
#846 = DIRECTION ( 'NONE',  ( 0.000000000000000000, 0.000000000000000000, 1.000000000000000000 ) ) ;
#847 = VECTOR ( 'NONE', #1180, 1000.000000000000000 ) ;
#848 = ORIENTED_EDGE ( 'NONE', *, *, #145, .F. ) ;
#849 = CARTESIAN_POINT ( 'NONE',  ( -28.99999999999999645, 2.362652154777850733, -38.80385426541690919 ) ) ;
#850 = AXIS2_PLACEMENT_3D ( 'NONE', #5493, #4188, #3504 ) ;
#851 = FACE_OUTER_BOUND ( 'NONE', #1700, .T. ) ;
#852 = ORIENTED_EDGE ( 'NONE', *, *, #8653, .F. ) ;
#853 = LINE ( 'NONE', #8277, #8206 ) ;
#854 = EDGE_CURVE ( 'NONE', #3436, #5146, #563, .T. ) ;
#855 = DIRECTION ( 'NONE',  ( 1.000000000000000000, -0.000000000000000000, -0.000000000000000000 ) ) ;
#856 = DIRECTION ( 'NONE',  ( 0.000000000000000000, 0.000000000000000000, 1.000000000000000000 ) ) ;
#857 = ORIENTED_EDGE ( 'NONE', *, *, #6366, .F. ) ;
#858 = CARTESIAN_POINT ( 'NONE',  ( -16.00000000000000000, 1.686341760833912407, -37.96112570923076390 ) ) ;
#859 = CIRCLE ( 'NONE', #6321, 1.999999999999994893 ) ;
#860 = CARTESIAN_POINT ( 'NONE',  ( 28.99999999999999645, 2.849999999999266453, -36.88660254037745290 ) ) ;
#861 = CARTESIAN_POINT ( 'NONE',  ( 16.00000000000000000, 12.00000000000000355, -42.42145001812207994 ) ) ;
#862 = CARTESIAN_POINT ( 'NONE',  ( -46.50000000000004263, 11.00000000000000000, -25.00000000000000711 ) ) ;
#863 = ADVANCED_FACE ( 'NONE', ( #5472 ), #5380, .T. ) ;
#864 = DIRECTION ( 'NONE',  ( -0.000000000000000000, -1.000000000000000000, -0.000000000000000000 ) ) ;
#865 = CARTESIAN_POINT ( 'NONE',  ( -36.50000000000023448, 11.00000000000000000, -5.000000000000007994 ) ) ;
#866 = EDGE_LOOP ( 'NONE', ( #8472, #3808, #2214, #1501 ) ) ;
#867 = DIRECTION ( 'NONE',  ( 0.000000000000000000, 0.000000000000000000, 1.000000000000000000 ) ) ;
#868 = DIRECTION ( 'NONE',  ( 0.000000000000000000, 0.000000000000000000, 1.000000000000000000 ) ) ;
#869 = ORIENTED_EDGE ( 'NONE', *, *, #2956, .T. ) ;
#870 = EDGE_CURVE ( 'NONE', #971, #1059, #8079, .T. ) ;
#871 = CARTESIAN_POINT ( 'NONE',  ( -19.50000000000000355, 9.599999999999999645, -42.29601004649577334 ) ) ;
#872 = LINE ( 'NONE', #6363, #7941 ) ;
#873 = DIRECTION ( 'NONE',  ( 0.000000000000000000, 1.000000000000000000, 0.000000000000000000 ) ) ;
#874 = CARTESIAN_POINT ( 'NONE',  ( -16.00000000000000000, 10.82726222634219226, -42.62485396892085276 ) ) ;
#875 = DIRECTION ( 'NONE',  ( 1.000000000000000000, -0.000000000000000000, 1.982541115402065356E-16 ) ) ;
#876 = AXIS2_PLACEMENT_3D ( 'NONE', #4914, #45, #2159 ) ;
#877 = ORIENTED_EDGE ( 'NONE', *, *, #2808, .T. ) ;
#878 = ORIENTED_EDGE ( 'NONE', *, *, #2677, .F. ) ;
#879 = ORIENTED_EDGE ( 'NONE', *, *, #3388, .F. ) ;
#880 = VECTOR ( 'NONE', #3091, 1000.000000000000000 ) ;
#881 = ORIENTED_EDGE ( 'NONE', *, *, #5666, .T. ) ;
#882 = CARTESIAN_POINT ( 'NONE',  ( -10.50000000000003020, 11.00000000000000000, -25.00000000000000711 ) ) ;
#883 = DIRECTION ( 'NONE',  ( -1.000000000000000000, 0.000000000000000000, 0.000000000000000000 ) ) ;
#884 = DIRECTION ( 'NONE',  ( -1.000000000000000000, 0.000000000000000000, -0.000000000000000000 ) ) ;
#885 = DIRECTION ( 'NONE',  ( 0.000000000000000000, 0.000000000000000000, 1.000000000000000000 ) ) ;
#886 = ORIENTED_EDGE ( 'NONE', *, *, #8078, .F. ) ;
#887 = EDGE_CURVE ( 'NONE', #8799, #4657, #2662, .T. ) ;
#888 = ORIENTED_EDGE ( 'NONE', *, *, #4116, .F. ) ;
#889 = ORIENTED_EDGE ( 'NONE', *, *, #7076, .T. ) ;
#890 = CIRCLE ( 'NONE', #8511, 1.999999999999994893 ) ;
#891 = LINE ( 'NONE', #3633, #2392 ) ;
#892 = DIRECTION ( 'NONE',  ( 0.000000000000000000, 0.000000000000000000, 1.000000000000000000 ) ) ;
#893 = ORIENTED_EDGE ( 'NONE', *, *, #3013, .F. ) ;
#894 = LINE ( 'NONE', #7790, #8215 ) ;
#895 = DIRECTION ( 'NONE',  ( 0.000000000000000000, 0.000000000000000000, 1.000000000000000000 ) ) ;
#896 = AXIS2_PLACEMENT_3D ( 'NONE', #3506, #1482, #6173 ) ;
#897 = CARTESIAN_POINT ( 'NONE',  ( 28.99999999999999645, 2.249999999999988010, -35.50096189432333205 ) ) ;
#898 = EDGE_CURVE ( 'NONE', #2845, #822, #3306, .T. ) ;
#899 = FACE_OUTER_BOUND ( 'NONE', #5975, .T. ) ;
#900 = CARTESIAN_POINT ( 'NONE',  ( 16.00000000000000000, 2.849999999999266453, -36.88660254037745290 ) ) ;
#901 = ADVANCED_FACE ( 'NONE', ( #6097 ), #1367, .F. ) ;
#902 = ORIENTED_EDGE ( 'NONE', *, *, #8139, .F. ) ;
#903 = CARTESIAN_POINT ( 'NONE',  ( -17.00000000000000000, 0.000000000000000000, -46.65412303015307316 ) ) ;
#904 = CIRCLE ( 'NONE', #3493, 1.999999999999994893 ) ;
#905 = DIRECTION ( 'NONE',  ( 0.000000000000000000, 1.000000000000000000, 0.000000000000000000 ) ) ;
#906 = EDGE_LOOP ( 'NONE', ( #3224, #3060, #138, #4166, #6885, #4654 ) ) ;
#907 = CARTESIAN_POINT ( 'NONE',  ( 12.00000000000000355, 13.00000000000000000, 6.936491673103633460 ) ) ;
#908 = ORIENTED_EDGE ( 'NONE', *, *, #8031, .T. ) ;
#909 = CARTESIAN_POINT ( 'NONE',  ( 28.99999999999999645, -11.41562369461536441, -45.65412303015307316 ) ) ;
#910 = EDGE_CURVE ( 'NONE', #1462, #7782, #6861, .T. ) ;
#911 = FACE_OUTER_BOUND ( 'NONE', #800, .T. ) ;
#912 = ORIENTED_EDGE ( 'NONE', *, *, #3339, .F. ) ;
#913 = FACE_OUTER_BOUND ( 'NONE', #2565, .T. ) ;
#914 = CARTESIAN_POINT ( 'NONE',  ( -36.50000000000002842, 11.00000000000000000, -25.00000000000000711 ) ) ;
#915 = CARTESIAN_POINT ( 'NONE',  ( -34.50000000000024158, 11.00000000000000000, -5.000000000000007994 ) ) ;
#916 = FACE_OUTER_BOUND ( 'NONE', #2896, .T. ) ;
#917 = EDGE_CURVE ( 'NONE', #559, #6629, #3348, .T. ) ;
#918 = APPROVAL_STATUS ( 'not_yet_approved' ) ;
#919 = VECTOR ( 'NONE', #2600, 1000.000000000000000 ) ;
#920 = VERTEX_POINT ( 'NONE', #6771 ) ;
#921 = ORIENTED_EDGE ( 'NONE', *, *, #1964, .T. ) ;
#922 = ORIENTED_EDGE ( 'NONE', *, *, #41, .F. ) ;
#923 = ORIENTED_EDGE ( 'NONE', *, *, #2836, .F. ) ;
#924 = PLANE ( 'NONE',  #1173 ) ;
#925 = DIRECTION ( 'NONE',  ( 0.000000000000000000, 0.000000000000000000, 1.000000000000000000 ) ) ;
#926 = CARTESIAN_POINT ( 'NONE',  ( 16.00000000000000000, 1.349999999999987876, -36.02057713659399951 ) ) ;
#927 = VECTOR ( 'NONE', #7559, 1000.000000000000000 ) ;
#928 = VERTEX_POINT ( 'NONE', #4702 ) ;
#929 = DIRECTION ( 'NONE',  ( 0.000000000000000000, 1.000000000000000000, 0.000000000000000000 ) ) ;
#930 = EDGE_LOOP ( 'NONE', ( #8661, #259, #5306, #4903 ) ) ;
#931 = VERTEX_POINT ( 'NONE', #2577 ) ;
#932 = EDGE_CURVE ( 'NONE', #7693, #6516, #3501, .T. ) ;
#933 = ORIENTED_EDGE ( 'NONE', *, *, #1244, .T. ) ;
#934 = DIRECTION ( 'NONE',  ( -1.334402673828313339E-16, -1.000000000000000000, 0.000000000000000000 ) ) ;
#935 = CIRCLE ( 'NONE', #3812, 1.999999999999994893 ) ;
#936 = CARTESIAN_POINT ( 'NONE',  ( -11.49999999999997513, 13.00000000000000000, -15.00000000000001066 ) ) ;
#937 = ORIENTED_EDGE ( 'NONE', *, *, #6227, .T. ) ;
#938 = DIRECTION ( 'NONE',  ( 0.000000000000000000, 0.000000000000000000, 1.000000000000000000 ) ) ;
#939 = CYLINDRICAL_SURFACE ( 'NONE', #5681, 1.999999999999994893 ) ;
#940 = CARTESIAN_POINT ( 'NONE',  ( 16.00000000000000000, 1.796300844861481449, -40.20286430387066190 ) ) ;
#941 = LINE ( 'NONE', #1076, #7003 ) ;
#942 = VECTOR ( 'NONE', #8194, 1000.000000000000000 ) ;
#943 = EDGE_CURVE ( 'NONE', #4536, #3358, #6814, .T. ) ;
#944 = CARTESIAN_POINT ( 'NONE',  ( 28.99999999999999645, 1.972201459015259228, -37.40997281828823873 ) ) ;
#945 = DIRECTION ( 'NONE',  ( 0.000000000000000000, 0.000000000000000000, 1.000000000000000000 ) ) ;
#946 = ADVANCED_FACE ( 'NONE', ( #8118 ), #3982, .F. ) ;
#947 = EDGE_CURVE ( 'NONE', #1661, #4565, #4650, .T. ) ;
#948 = CARTESIAN_POINT ( 'NONE',  ( -34.50000000000044764, 11.00000000000000000, 24.99999999999998579 ) ) ;
#949 = CIRCLE ( 'NONE', #5985, 17.50000000000000355 ) ;
#950 = CARTESIAN_POINT ( 'NONE',  ( -16.00000000000000000, 12.25881904510876730, -41.45552419184464554 ) ) ;
#951 = VERTEX_POINT ( 'NONE', #8844 ) ;
#952 = FACE_OUTER_BOUND ( 'NONE', #1140, .T. ) ;
#953 = ORIENTED_EDGE ( 'NONE', *, *, #5261, .F. ) ;
#954 = FACE_OUTER_BOUND ( 'NONE', #2414, .T. ) ;
#955 = VECTOR ( 'NONE', #1860, 1000.000000000000000 ) ;
#956 = AXIS2_PLACEMENT_3D ( 'NONE', #3521, #737, #1495 ) ;
#957 = CARTESIAN_POINT ( 'NONE',  ( 13.49999999999976907, 13.00000000000000000, -5.000000000000007994 ) ) ;
#958 = ORIENTED_EDGE ( 'NONE', *, *, #5033, .F. ) ;
#959 = DIRECTION ( 'NONE',  ( 0.000000000000000000, 1.000000000000000000, 0.000000000000000000 ) ) ;
#960 = CIRCLE ( 'NONE', #521, 1.999999999999994893 ) ;
#961 = DIRECTION ( 'NONE',  ( 0.000000000000000000, -1.000000000000000000, 0.000000000000000000 ) ) ;
#962 = CARTESIAN_POINT ( 'NONE',  ( 10.00000000000000000, 8.500000000000000000, 37.00000000000000711 ) ) ;
#963 = AXIS2_PLACEMENT_3D ( 'NONE', #6064, #3943, #1238 ) ;
#964 = PERSON_AND_ORGANIZATION_ROLE ( 'design_owner' ) ;
#965 = CIRCLE ( 'NONE', #5142, 1.999999999999994893 ) ;
#966 = VECTOR ( 'NONE', #8465, 1000.000000000000000 ) ;
#967 = EDGE_LOOP ( 'NONE', ( #4197, #2145, #5254, #618 ) ) ;
#968 = ORIENTED_EDGE ( 'NONE', *, *, #2485, .F. ) ;
#969 = CIRCLE ( 'NONE', #6005, 1.999999999999994893 ) ;
#970 = LOCAL_TIME ( 11, 43, 10.00000000000000000, #8483 ) ;
#971 = VERTEX_POINT ( 'NONE', #4747 ) ;
#972 = VECTOR ( 'NONE', #4192, 1000.000000000000000 ) ;
#973 = ADVANCED_FACE ( 'NONE', ( #7497 ), #647, .F. ) ;
#974 = ORIENTED_EDGE ( 'NONE', *, *, #1936, .F. ) ;
#975 = FACE_OUTER_BOUND ( 'NONE', #3318, .T. ) ;
#976 = DIRECTION ( 'NONE',  ( 0.000000000000000000, 0.000000000000000000, 1.000000000000000000 ) ) ;
#977 = LINE ( 'NONE', #5037, #8261 ) ;
#978 = AXIS2_PLACEMENT_3D ( 'NONE', #7900, #3660, #3113 ) ;
#979 = CARTESIAN_POINT ( 'NONE',  ( 28.99999999999999645, 13.00000000000000000, -42.42145001812207994 ) ) ;
#980 = ORIENTED_EDGE ( 'NONE', *, *, #7076, .F. ) ;
#981 = VERTEX_POINT ( 'NONE', #1416 ) ;
#982 = CARTESIAN_POINT ( 'NONE',  ( -40.00000000000000000, 0.000000000000000000, -17.49999999999999645 ) ) ;
#983 = CIRCLE ( 'NONE', #1266, 19.50000000000000355 ) ;
#984 = DIRECTION ( 'NONE',  ( 1.000000000000000000, 1.334402673828313339E-16, -0.000000000000000000 ) ) ;
#985 = ORIENTED_EDGE ( 'NONE', *, *, #3916, .T. ) ;
#986 = FACE_OUTER_BOUND ( 'NONE', #2916, .T. ) ;
#987 = VECTOR ( 'NONE', #2746, 1000.000000000000000 ) ;
#988 = ADVANCED_FACE ( 'NONE', ( #4168 ), #741, .T. ) ;
#989 = CARTESIAN_POINT ( 'NONE',  ( 40.00000000000000000, 13.00000000000000000, -17.49999999999999645 ) ) ;
#990 = CARTESIAN_POINT ( 'NONE',  ( 28.99999999999999645, 2.016248021640165256, -40.26394982830277058 ) ) ;
#991 = CIRCLE ( 'NONE', #5879, 1.999999999999994893 ) ;
#992 = CARTESIAN_POINT ( 'NONE',  ( 9.999999999999998224, 1.925929944387235853E-31, -37.00000000000000711 ) ) ;
#993 = CARTESIAN_POINT ( 'NONE',  ( 28.99999999999999645, 2.111318384946025084, -38.71276857034196439 ) ) ;
#994 = VECTOR ( 'NONE', #4202, 1000.000000000000000 ) ;
#995 = FACE_BOUND ( 'NONE', #7867, .T. ) ;
#996 = DIRECTION ( 'NONE',  ( -0.000000000000000000, 1.000000000000000000, 0.000000000000000000 ) ) ;
#997 = DIRECTION ( 'NONE',  ( 1.000000000000000000, 0.000000000000000000, 8.673617379884036705E-17 ) ) ;
#998 = ORIENTED_EDGE ( 'NONE', *, *, #7057, .T. ) ;
#999 = FACE_OUTER_BOUND ( 'NONE', #6744, .T. ) ;
#1000 = VERTEX_POINT ( 'NONE', #8476 ) ;
#1001 = DIRECTION ( 'NONE',  ( 2.040851148208008491E-16, 1.000000000000000000, 0.000000000000000000 ) ) ;
#1002 = EDGE_CURVE ( 'NONE', #289, #7858, #7957, .T. ) ;
#1003 = EDGE_CURVE ( 'NONE', #4612, #4123, #4082, .T. ) ;
#1004 = DIRECTION ( 'NONE',  ( 0.000000000000000000, 0.000000000000000000, 1.000000000000000000 ) ) ;
#1005 = VERTEX_POINT ( 'NONE', #4382 ) ;
#1006 = DIRECTION ( 'NONE',  ( 6.938893903907231533E-15, 1.000000000000000000, 0.000000000000000000 ) ) ;
#1007 = DIRECTION ( 'NONE',  ( 0.000000000000000000, 0.000000000000000000, 1.000000000000000000 ) ) ;
#1008 = DIRECTION ( 'NONE',  ( 0.000000000000000000, 0.000000000000000000, 1.000000000000000000 ) ) ;
#1009 = APPLICATION_PROTOCOL_DEFINITION ( 'international standard', 'config_control_design', 1994, #844 ) ;
#1010 = ADVANCED_FACE ( 'NONE', ( #2928 ), #6322, .F. ) ;
#1011 = ORIENTED_EDGE ( 'NONE', *, *, #4473, .F. ) ;
#1012 = VERTEX_POINT ( 'NONE', #5687 ) ;
#1013 = EDGE_CURVE ( 'NONE', #8706, #1069, #3210, .T. ) ;
#1014 = CYLINDRICAL_SURFACE ( 'NONE', #6513, 1.999999999999994893 ) ;
#1015 = ORIENTED_EDGE ( 'NONE', *, *, #5437, .F. ) ;
#1016 = VERTEX_POINT ( 'NONE', #2979 ) ;
#1017 = CARTESIAN_POINT ( 'NONE',  ( 13.00000000000000178, 7.599999999999996092, 37.00000000000000711 ) ) ;
#1018 = CYLINDRICAL_SURFACE ( 'NONE', #3118, 1.999999999999994893 ) ;
#1019 = CARTESIAN_POINT ( 'NONE',  ( 24.00000000000000711, 13.00000000000000000, -13.06350832689631325 ) ) ;
#1020 = ORIENTED_EDGE ( 'NONE', *, *, #7216, .F. ) ;
#1021 = DIRECTION ( 'NONE',  ( 0.000000000000000000, 1.000000000000000000, 0.000000000000000000 ) ) ;
#1022 = VERTEX_POINT ( 'NONE', #2887 ) ;
#1023 = VERTEX_POINT ( 'NONE', #825 ) ;
#1024 = ORIENTED_EDGE ( 'NONE', *, *, #8783, .F. ) ;
#1025 = ADVANCED_FACE ( 'NONE', ( #911 ), #4208, .F. ) ;
#1026 = DIRECTION ( 'NONE',  ( 0.000000000000000000, 1.000000000000000000, 0.000000000000000000 ) ) ;
#1027 = AXIS2_PLACEMENT_3D ( 'NONE', #218, #2288, #8589 ) ;
#1028 = VERTEX_POINT ( 'NONE', #2213 ) ;
#1029 = DIRECTION ( 'NONE',  ( 0.000000000000000000, 0.000000000000000000, 1.000000000000000000 ) ) ;
#1030 = ORIENTED_EDGE ( 'NONE', *, *, #6315, .F. ) ;
#1031 = DIRECTION ( 'NONE',  ( 0.000000000000000000, 1.000000000000000000, 0.000000000000000000 ) ) ;
#1032 = CARTESIAN_POINT ( 'NONE',  ( 23.49999999999977263, 13.00000000000000000, 4.999999999999990230 ) ) ;
#1033 = CARTESIAN_POINT ( 'NONE',  ( 28.99999999999999645, 1.443749999999963229, -35.96645054885748038 ) ) ;
#1034 = CIRCLE ( 'NONE', #8083, 1.999999999999994893 ) ;
#1035 = CARTESIAN_POINT ( 'NONE',  ( 37.49999999999998579, 11.00000000000000000, -25.00000000000000711 ) ) ;
#1036 = CARTESIAN_POINT ( 'NONE',  ( 28.99999999999999645, 2.306884851666841652, -38.78891613079686351 ) ) ;
#1037 = FACE_BOUND ( 'NONE', #7736, .T. ) ;
#1038 = EDGE_CURVE ( 'NONE', #5452, #7801, #6405, .T. ) ;
#1039 = DIRECTION ( 'NONE',  ( 0.000000000000000000, -0.000000000000000000, 1.000000000000000000 ) ) ;
#1040 = AXIS2_PLACEMENT_3D ( 'NONE', #3194, #1303, #2693 ) ;
#1041 = FACE_OUTER_BOUND ( 'NONE', #4268, .T. ) ;
#1042 = EDGE_LOOP ( 'NONE', ( #6541, #2888, #7717, #2176 ) ) ;
#1043 = CARTESIAN_POINT ( 'NONE',  ( -10.50000000000044587, 11.00000000000000000, 14.99999999999999289 ) ) ;
#1044 = ORIENTED_EDGE ( 'NONE', *, *, #5455, .F. ) ;
#1045 = CARTESIAN_POINT ( 'NONE',  ( 10.00000000000000000, 8.500000000000000000, -37.00000000000000711 ) ) ;
#1046 = DIRECTION ( 'NONE',  ( 0.000000000000000000, 0.000000000000000000, -1.000000000000000000 ) ) ;
#1047 = ORIENTED_EDGE ( 'NONE', *, *, #17, .T. ) ;
#1048 = LINE ( 'NONE', #6536, #7610 ) ;
#1049 = ADVANCED_FACE ( 'NONE', ( #8301 ), #3569, .F. ) ;
#1050 = DIRECTION ( 'NONE',  ( 0.000000000000000000, 0.000000000000000000, 1.000000000000000000 ) ) ;
#1051 = FACE_BOUND ( 'NONE', #7282, .T. ) ;
#1052 = CIRCLE ( 'NONE', #1621, 1.999999999999994893 ) ;
#1053 = VERTEX_POINT ( 'NONE', #7766 ) ;
#1054 = ORIENTED_EDGE ( 'NONE', *, *, #2897, .F. ) ;
#1055 = CARTESIAN_POINT ( 'NONE',  ( -48.50000000000046185, 11.00000000000000000, 24.99999999999998934 ) ) ;
#1056 = ORIENTED_EDGE ( 'NONE', *, *, #2938, .T. ) ;
#1057 = ADVANCED_FACE ( 'NONE', ( #7680 ), #2302, .T. ) ;
#1058 = EDGE_CURVE ( 'NONE', #8609, #3175, #1457, .T. ) ;
#1059 = VERTEX_POINT ( 'NONE', #4931 ) ;
#1060 = CARTESIAN_POINT ( 'NONE',  ( 40.00000000000000000, 13.00000000000000000, -17.49999999999999645 ) ) ;
#1061 = FACE_OUTER_BOUND ( 'NONE', #4748, .T. ) ;
#1062 = DIRECTION ( 'NONE',  ( -0.000000000000000000, -1.000000000000000000, -0.000000000000000000 ) ) ;
#1063 = ORIENTED_EDGE ( 'NONE', *, *, #2809, .T. ) ;
#1064 = CARTESIAN_POINT ( 'NONE',  ( 35.49999999999956657, 11.00000000000000000, 24.99999999999998934 ) ) ;
#1065 = ORIENTED_EDGE ( 'NONE', *, *, #6596, .F. ) ;
#1066 = ORIENTED_EDGE ( 'NONE', *, *, #8155, .F. ) ;
#1067 = VECTOR ( 'NONE', #1530, 1000.000000000000000 ) ;
#1068 = CARTESIAN_POINT ( 'NONE',  ( 15.37401153701776124, 2.100000000000004530, 47.00000000000000711 ) ) ;
#1069 = VERTEX_POINT ( 'NONE', #3611 ) ;
#1070 = CARTESIAN_POINT ( 'NONE',  ( 13.49999999999997691, 11.00000000000000000, -25.00000000000000711 ) ) ;
#1071 = VERTEX_POINT ( 'NONE', #5020 ) ;
#1072 = DIRECTION ( 'NONE',  ( 0.000000000000000000, 1.000000000000000000, 0.000000000000000000 ) ) ;
#1073 = CARTESIAN_POINT ( 'NONE',  ( -37.49999999999998579, 11.00000000000000000, -25.00000000000000711 ) ) ;
#1074 = EDGE_CURVE ( 'NONE', #2111, #1267, #4300, .T. ) ;
#1075 = CARTESIAN_POINT ( 'NONE',  ( -28.99999999999999645, 2.002288205532140708, -38.65839209681217881 ) ) ;
#1076 = CARTESIAN_POINT ( 'NONE',  ( 22.50000000000003908, 11.00000000000000000, -15.00000000000001066 ) ) ;
#1077 = CARTESIAN_POINT ( 'NONE',  ( 16.00000000000000000, 1.727346460967995823, -38.27258732891774429 ) ) ;
#1078 = FACE_BOUND ( 'NONE', #4669, .T. ) ;
#1079 = EDGE_CURVE ( 'NONE', #4533, #204, #5607, .T. ) ;
#1080 = FACE_OUTER_BOUND ( 'NONE', #4578, .T. ) ;
#1081 = CARTESIAN_POINT ( 'NONE',  ( 46.50000000000004263, 11.00000000000000000, -25.00000000000000711 ) ) ;
#1082 = DIRECTION ( 'NONE',  ( 0.000000000000000000, 0.000000000000000000, 1.000000000000000000 ) ) ;
#1083 = EDGE_CURVE ( 'NONE', #3889, #1292, #1628, .T. ) ;
#1084 = VECTOR ( 'NONE', #1868, 1000.000000000000000 ) ;
#1085 = ORIENTED_EDGE ( 'NONE', *, *, #2266, .F. ) ;
#1086 = LINE ( 'NONE', #6579, #4270 ) ;
#1087 = ORIENTED_EDGE ( 'NONE', *, *, #322, .T. ) ;
#1088 = DIRECTION ( 'NONE',  ( 0.000000000000000000, 0.000000000000000000, 1.000000000000000000 ) ) ;
#1089 = CARTESIAN_POINT ( 'NONE',  ( 37.49999999999977973, 11.00000000000000000, -5.000000000000007994 ) ) ;
#1090 = ORIENTED_EDGE ( 'NONE', *, *, #4370, .T. ) ;
#1091 = DIRECTION ( 'NONE',  ( 0.000000000000000000, 1.000000000000000000, 0.000000000000000000 ) ) ;
#1092 = DIRECTION ( 'NONE',  ( 0.000000000000000000, 0.000000000000000000, 1.000000000000000000 ) ) ;
#1093 = DIRECTION ( 'NONE',  ( -1.000000000000000000, -0.000000000000000000, -0.000000000000000000 ) ) ;
#1094 = EDGE_CURVE ( 'NONE', #1916, #3743, #6360, .T. ) ;
#1095 = CALENDAR_DATE ( 2026, 20, 8 ) ;
#1096 = ORIENTED_EDGE ( 'NONE', *, *, #3871, .F. ) ;
#1097 = VECTOR ( 'NONE', #2172, 1000.000000000000000 ) ;
#1098 = ORIENTED_EDGE ( 'NONE', *, *, #7184, .T. ) ;
#1099 = AXIS2_PLACEMENT_3D ( 'NONE', #3016, #5058, #7762 ) ;
#1100 = DIRECTION ( 'NONE',  ( 0.000000000000000000, 0.000000000000000000, 1.000000000000000000 ) ) ;
#1101 = ORIENTED_EDGE ( 'NONE', *, *, #8395, .T. ) ;
#1102 = AXIS2_PLACEMENT_3D ( 'NONE', #2894, #5654, #8566 ) ;
#1103 = EDGE_LOOP ( 'NONE', ( #4481, #1309, #4044, #5829 ) ) ;
#1104 = LINE ( 'NONE', #6683, #1084 ) ;
#1105 = ADVANCED_FACE ( 'NONE', ( #3524 ), #4251, .F. ) ;
#1106 = VECTOR ( 'NONE', #728, 1000.000000000000000 ) ;
#1107 = DIRECTION ( 'NONE',  ( 0.000000000000000000, 0.000000000000000000, 1.000000000000000000 ) ) ;
#1108 = LINE ( 'NONE', #3266, #3976 ) ;
#1109 = EDGE_LOOP ( 'NONE', ( #1745, #3036, #2148, #522 ) ) ;
#1110 = AXIS2_PLACEMENT_3D ( 'NONE', #1492, #640, #100 ) ;
#1111 = ORIENTED_EDGE ( 'NONE', *, *, #4418, .F. ) ;
#1112 = VERTEX_POINT ( 'NONE', #5199 ) ;
#1113 = EDGE_CURVE ( 'NONE', #1028, #3765, #3789, .T. ) ;
#1114 = DIRECTION ( 'NONE',  ( 0.000000000000000000, 0.000000000000000000, 1.000000000000000000 ) ) ;
#1115 = AXIS2_PLACEMENT_3D ( 'NONE', #487, #4907, #6831 ) ;
#1116 = ORIENTED_EDGE ( 'NONE', *, *, #6557, .T. ) ;
#1117 = DIRECTION ( 'NONE',  ( 1.000000000000000000, 0.000000000000000000, 0.000000000000000000 ) ) ;
#1118 = AXIS2_PLACEMENT_3D ( 'NONE', #3709, #8613, #6496 ) ;
#1119 = ORIENTED_EDGE ( 'NONE', *, *, #6656, .T. ) ;
#1120 = LINE ( 'NONE', #530, #5916 ) ;
#1121 = DIRECTION ( 'NONE',  ( 0.000000000000000000, 1.000000000000000000, 0.000000000000000000 ) ) ;
#1122 = VECTOR ( 'NONE', #1518, 1000.000000000000000 ) ;
#1123 = CYLINDRICAL_SURFACE ( 'NONE', #5583, 1.999999999999994893 ) ;
#1124 = CARTESIAN_POINT ( 'NONE',  ( 10.00000000000000000, 8.500000000000000000, 35.00000000000000000 ) ) ;
#1125 = CARTESIAN_POINT ( 'NONE',  ( 16.00000000000000000, 2.218246106614026214, -38.76143378178163346 ) ) ;
#1126 = ORIENTED_EDGE ( 'NONE', *, *, #6358, .T. ) ;
#1127 = CARTESIAN_POINT ( 'NONE',  ( -28.99999999999999645, 2.320827720261947391, -38.79264744196437675 ) ) ;
#1128 = VECTOR ( 'NONE', #6457, 1000.000000000000000 ) ;
#1129 = EDGE_CURVE ( 'NONE', #3403, #661, #5778, .T. ) ;
#1130 = CARTESIAN_POINT ( 'NONE',  ( 25.49999999999955946, 13.00000000000000000, 24.99999999999998934 ) ) ;
#1131 = AXIS2_PLACEMENT_3D ( 'NONE', #2510, #8016, #6081 ) ;
#1132 = DIRECTION ( 'NONE',  ( -0.000000000000000000, -1.000000000000000000, -0.000000000000000000 ) ) ;
#1133 = CARTESIAN_POINT ( 'NONE',  ( 36.50000000000044054, 13.00000000000000000, 14.99999999999999289 ) ) ;
#1134 = PLANE ( 'NONE',  #5571 ) ;
#1135 = ORIENTED_EDGE ( 'NONE', *, *, #5728, .T. ) ;
#1136 = DIRECTION ( 'NONE',  ( 1.000000000000000000, -2.040851148208008491E-16, 0.000000000000000000 ) ) ;
#1137 = AXIS2_PLACEMENT_3D ( 'NONE', #6225, #3431, #817 ) ;
#1138 = EDGE_CURVE ( 'NONE', #4338, #1005, #7308, .T. ) ;
#1139 = DIRECTION ( 'NONE',  ( 0.000000000000000000, 0.000000000000000000, 1.000000000000000000 ) ) ;
#1140 = EDGE_LOOP ( 'NONE', ( #1047, #5206, #340, #362, #1290, #5429, #8252, #5335, #2854, #7080 ) ) ;
#1141 = AXIS2_PLACEMENT_3D ( 'NONE', #7567, #1393, #5892 ) ;
#1142 = LINE ( 'NONE', #368, #121 ) ;
#1143 = DIRECTION ( 'NONE',  ( 0.000000000000000000, 0.000000000000000000, 1.000000000000000000 ) ) ;
#1144 = DIRECTION ( 'NONE',  ( -0.000000000000000000, -1.000000000000000000, -0.000000000000000000 ) ) ;
#1145 = VERTEX_POINT ( 'NONE', #3883 ) ;
#1146 = EDGE_LOOP ( 'NONE', ( #1944, #4468, #366, #8000 ) ) ;
#1147 = EDGE_CURVE ( 'NONE', #4667, #7658, #3725, .T. ) ;
#1148 = CARTESIAN_POINT ( 'NONE',  ( 10.50000000000003020, 13.00000000000000000, -25.00000000000000711 ) ) ;
#1149 = VERTEX_POINT ( 'NONE', #8517 ) ;
#1150 = DIRECTION ( 'NONE',  ( 0.000000000000000000, 0.000000000000000000, 1.000000000000000000 ) ) ;
#1151 = VERTEX_POINT ( 'NONE', #281 ) ;
#1152 = LINE ( 'NONE', #3895, #3383 ) ;
#1153 = CARTESIAN_POINT ( 'NONE',  ( -24.00000000000000711, 12.00000000000000000, -6.936491673103652111 ) ) ;
#1154 = LINE ( 'NONE', #8086, #3691 ) ;
#1155 = ORIENTED_EDGE ( 'NONE', *, *, #6124, .T. ) ;
#1156 = VERTEX_POINT ( 'NONE', #2341 ) ;
#1157 = ORIENTED_EDGE ( 'NONE', *, *, #3864, .T. ) ;
#1158 = DIRECTION ( 'NONE',  ( -1.000000000000000000, 0.000000000000000000, 0.000000000000000000 ) ) ;
#1159 = ORIENTED_EDGE ( 'NONE', *, *, #1510, .T. ) ;
#1160 = CARTESIAN_POINT ( 'NONE',  ( -2.168404344971008868E-16, 11.00000000000000000, 6.936491673103633460 ) ) ;
#1161 = VERTEX_POINT ( 'NONE', #6628 ) ;
#1162 = DIRECTION ( 'NONE',  ( 0.000000000000000000, 1.000000000000000000, 0.000000000000000000 ) ) ;
#1163 = ADVANCED_FACE ( 'NONE', ( #7176 ), #8608, .F. ) ;
#1164 = CARTESIAN_POINT ( 'NONE',  ( 36.00000000000000711, 11.00000000000000000, 6.936491673103633460 ) ) ;
#1165 = DIRECTION ( 'NONE',  ( 0.000000000000000000, 0.000000000000000000, 1.000000000000000000 ) ) ;
#1166 = DIRECTION ( 'NONE',  ( -0.000000000000000000, -1.000000000000000000, -0.000000000000000000 ) ) ;
#1167 = CARTESIAN_POINT ( 'NONE',  ( 16.00000000000000000, 2.099999999999986766, -37.31961524227066462 ) ) ;
#1168 = VECTOR ( 'NONE', #3537, 1000.000000000000000 ) ;
#1169 = CARTESIAN_POINT ( 'NONE',  ( -28.99999999999999645, 2.273980746193230651, -38.78008848112394702 ) ) ;
#1170 = CARTESIAN_POINT ( 'NONE',  ( 22.50000000000024158, 11.00000000000000000, -5.000000000000007994 ) ) ;
#1171 = CARTESIAN_POINT ( 'NONE',  ( 34.50000000000044764, 13.00000000000000000, 14.99999999999999289 ) ) ;
#1172 = EDGE_CURVE ( 'NONE', #1624, #2231, #1276, .T. ) ;
#1173 = AXIS2_PLACEMENT_3D ( 'NONE', #1640, #7140, #3075 ) ;
#1174 = CARTESIAN_POINT ( 'NONE',  ( 17.00000000000000000, 12.99999999999999822, -46.65412303015307316 ) ) ;
#1175 = CARTESIAN_POINT ( 'NONE',  ( -36.50000000000002842, 11.00000000000000000, -25.00000000000000711 ) ) ;
#1176 = CARTESIAN_POINT ( 'NONE',  ( 36.50000000000002842, 11.00000000000000000, -25.00000000000000711 ) ) ;
#1177 = EDGE_LOOP ( 'NONE', ( #1119, #4847, #3716, #2541 ) ) ;
#1178 = CARTESIAN_POINT ( 'NONE',  ( 13.49999999999976907, 11.00000000000000000, -5.000000000000007994 ) ) ;
#1179 = CIRCLE ( 'NONE', #4777, 1.999999999999994893 ) ;
#1180 = DIRECTION ( 'NONE',  ( 0.000000000000000000, 0.000000000000000000, 1.000000000000000000 ) ) ;
#1181 = DIRECTION ( 'NONE',  ( 0.000000000000000000, 1.000000000000000000, 0.000000000000000000 ) ) ;
#1182 = CARTESIAN_POINT ( 'NONE',  ( 34.50000000000024158, 11.00000000000000000, -5.000000000000007994 ) ) ;
#1183 = CARTESIAN_POINT ( 'NONE',  ( -29.99999999999997868, 3.000000000000190958, -25.99999999999998934 ) ) ;
#1184 = ADVANCED_FACE ( 'NONE', ( #8561 ), #2385, .F. ) ;
#1185 = EDGE_LOOP ( 'NONE', ( #4036, #6086, #4136, #5748, #7343, #4142 ) ) ;
#1186 = EDGE_LOOP ( 'NONE', ( #6650, #4446, #2297, #7644 ) ) ;
#1187 = DIRECTION ( 'NONE',  ( 6.418476861114187827E-15, 1.000000000000000000, -0.000000000000000000 ) ) ;
#1188 = ORIENTED_EDGE ( 'NONE', *, *, #8509, .F. ) ;
#1189 = EDGE_CURVE ( 'NONE', #6343, #8845, #4467, .T. ) ;
#1190 = LINE ( 'NONE', #4570, #5783 ) ;
#1191 = VERTEX_POINT ( 'NONE', #5287 ) ;
#1192 = DIRECTION ( 'NONE',  ( 0.000000000000000000, 0.000000000000000000, 1.000000000000000000 ) ) ;
#1193 = CARTESIAN_POINT ( 'NONE',  ( -16.00000000000000000, 2.249999999999988010, -35.50096189432332494 ) ) ;
#1194 = CARTESIAN_POINT ( 'NONE',  ( -25.50000000000000355, 11.50000000000000000, -44.85412303015305469 ) ) ;
#1195 = VERTEX_POINT ( 'NONE', #5153 ) ;
#1196 = EDGE_LOOP ( 'NONE', ( #4624, #2628, #1871, #31, #4700, #2842 ) ) ;
#1197 = ORIENTED_EDGE ( 'NONE', *, *, #6549, .T. ) ;
#1198 = LINE ( 'NONE', #3947, #6805 ) ;
#1199 = AXIS2_PLACEMENT_3D ( 'NONE', #3391, #6143, #8251 ) ;
#1200 = ORIENTED_EDGE ( 'NONE', *, *, #3871, .T. ) ;
#1201 = VERTEX_POINT ( 'NONE', #8025 ) ;
#1202 = ORIENTED_EDGE ( 'NONE', *, *, #677, .F. ) ;
#1203 = CARTESIAN_POINT ( 'NONE',  ( -35.49999999999977973, 11.00000000000000000, -5.000000000000007994 ) ) ;
#1204 = DIRECTION ( 'NONE',  ( 0.000000000000000000, -0.5000000000000043299, 0.8660254037844362651 ) ) ;
#1205 = CARTESIAN_POINT ( 'NONE',  ( 28.99999999999999645, 10.82726222634219226, -42.62485396892084566 ) ) ;
#1206 = EDGE_CURVE ( 'NONE', #6559, #1156, #4604, .T. ) ;
#1207 = DIRECTION ( 'NONE',  ( 0.000000000000000000, 1.000000000000000000, 0.000000000000000000 ) ) ;
#1208 = CIRCLE ( 'NONE', #2782, 1.999999999999994893 ) ;
#1209 = CARTESIAN_POINT ( 'NONE',  ( 16.00000000000000000, 2.516008414669898663, -38.84494595140930073 ) ) ;
#1210 = CARTESIAN_POINT ( 'NONE',  ( 49.49999999999998579, 13.00000000000000000, -25.00000000000000711 ) ) ;
#1211 = LINE ( 'NONE', #7478, #2424 ) ;
#1212 = CARTESIAN_POINT ( 'NONE',  ( 23.49999999999956302, 11.00000000000000000, 24.99999999999998934 ) ) ;
#1213 = FACE_OUTER_BOUND ( 'NONE', #7090, .T. ) ;
#1214 = DIRECTION ( 'NONE',  ( 0.000000000000000000, 0.000000000000000000, -1.000000000000000000 ) ) ;
#1215 = EDGE_CURVE ( 'NONE', #2764, #6343, #3746, .T. ) ;
#1216 = DIRECTION ( 'NONE',  ( -0.000000000000000000, -0.000000000000000000, 1.000000000000000000 ) ) ;
#1217 = ORIENTED_EDGE ( 'NONE', *, *, #8793, .F. ) ;
#1218 = CARTESIAN_POINT ( 'NONE',  ( -23.49999999999977973, 11.00000000000000000, -5.000000000000007994 ) ) ;
#1219 = VECTOR ( 'NONE', #5937, 1000.000000000000000 ) ;
#1220 = EDGE_CURVE ( 'NONE', #8091, #840, #3141, .T. ) ;
#1221 = EDGE_CURVE ( 'NONE', #788, #3169, #5105, .T. ) ;
#1222 = DIRECTION ( 'NONE',  ( 1.000000000000000000, -1.334402673828313339E-16, 0.000000000000000000 ) ) ;
#1223 = AXIS2_PLACEMENT_3D ( 'NONE', #2719, #8307, #4936 ) ;
#1224 = DIRECTION ( 'NONE',  ( 0.000000000000000000, 1.000000000000000000, 0.000000000000000000 ) ) ;
#1225 = LINE ( 'NONE', #3929, #1989 ) ;
#1226 = CARTESIAN_POINT ( 'NONE',  ( 10.50000000000023803, 11.00000000000000000, -5.000000000000007994 ) ) ;
#1227 = EDGE_LOOP ( 'NONE', ( #528, #7677, #7100, #4475 ) ) ;
#1228 = FACE_OUTER_BOUND ( 'NONE', #1731, .T. ) ;
#1229 = ORIENTED_EDGE ( 'NONE', *, *, #2042, .T. ) ;
#1230 = VERTEX_POINT ( 'NONE', #2435 ) ;
#1231 = DIRECTION ( 'NONE',  ( -1.000000000000000000, -0.000000000000000000, 5.337610695313253357E-16 ) ) ;
#1232 = EDGE_LOOP ( 'NONE', ( #3784, #2768, #4493, #3270 ) ) ;
#1233 = ADVANCED_FACE ( 'NONE', ( #1764 ), #7894, .T. ) ;
#1234 = CARTESIAN_POINT ( 'NONE',  ( -10.50000000000003020, 11.00000000000000000, -25.00000000000000711 ) ) ;
#1235 = ORIENTED_EDGE ( 'NONE', *, *, #4229, .T. ) ;
#1236 = LINE ( 'NONE', #569, #6977 ) ;
#1237 = FACE_OUTER_BOUND ( 'NONE', #2736, .T. ) ;
#1238 = DIRECTION ( 'NONE',  ( 0.000000000000000000, 0.000000000000000000, 1.000000000000000000 ) ) ;
#1239 = EDGE_LOOP ( 'NONE', ( #2174, #1732, #6839, #3620 ) ) ;
#1240 = ORIENTED_EDGE ( 'NONE', *, *, #5271, .T. ) ;
#1241 = CIRCLE ( 'NONE', #5708, 1.999999999999994893 ) ;
#1242 = ORIENTED_EDGE ( 'NONE', *, *, #2749, .F. ) ;
#1243 = VECTOR ( 'NONE', #3531, 1000.000000000000000 ) ;
#1244 = EDGE_CURVE ( 'NONE', #8091, #6270, #6533, .T. ) ;
#1245 = ORIENTED_EDGE ( 'NONE', *, *, #3581, .F. ) ;
#1246 = AXIS2_PLACEMENT_3D ( 'NONE', #190, #5684, #59 ) ;
#1247 = VERTEX_POINT ( 'NONE', #4511 ) ;
#1248 = ORIENTED_EDGE ( 'NONE', *, *, #3295, .T. ) ;
#1249 = CARTESIAN_POINT ( 'NONE',  ( -27.99999999999999645, 11.50000000000000000, -46.65412303015307316 ) ) ;
#1250 = LINE ( 'NONE', #6697, #73 ) ;
#1251 = CARTESIAN_POINT ( 'NONE',  ( -27.99999999999999645, 13.00000000000000000, -46.65412303015307316 ) ) ;
#1252 = FACE_OUTER_BOUND ( 'NONE', #1468, .T. ) ;
#1253 = CIRCLE ( 'NONE', #2115, 1.999999999999994893 ) ;
#1254 = CARTESIAN_POINT ( 'NONE',  ( 16.00000000000000000, 2.273980746193223546, -38.78008848112389018 ) ) ;
#1255 = FACE_OUTER_BOUND ( 'NONE', #8774, .T. ) ;
#1256 = VECTOR ( 'NONE', #997, 1000.000000000000000 ) ;
#1257 = EDGE_CURVE ( 'NONE', #5146, #5696, #8323, .T. ) ;
#1258 = CARTESIAN_POINT ( 'NONE',  ( -30.00000000000000000, 1.921539850312770877E-13, -34.99999999999999289 ) ) ;
#1259 = FACE_OUTER_BOUND ( 'NONE', #7607, .T. ) ;
#1260 = CARTESIAN_POINT ( 'NONE',  ( 27.99999999999999645, -11.41562369461536441, -45.65412303015307316 ) ) ;
#1261 = DIRECTION ( 'NONE',  ( -1.000000000000000000, -2.040851148208008491E-16, -0.000000000000000000 ) ) ;
#1262 = LINE ( 'NONE', #1800, #3981 ) ;
#1263 = VERTEX_POINT ( 'NONE', #5909 ) ;
#1264 = DIRECTION ( 'NONE',  ( 1.000000000000000000, 0.000000000000000000, -0.000000000000000000 ) ) ;
#1265 = CIRCLE ( 'NONE', #6303, 1.999999999999994893 ) ;
#1266 = AXIS2_PLACEMENT_3D ( 'NONE', #5549, #8379, #5729 ) ;
#1267 = VERTEX_POINT ( 'NONE', #8654 ) ;
#1268 = DIRECTION ( 'NONE',  ( 0.000000000000000000, 1.000000000000000000, 0.000000000000000000 ) ) ;
#1269 = CARTESIAN_POINT ( 'NONE',  ( 11.49999999999998224, 11.00000000000000000, -25.00000000000000711 ) ) ;
#1270 = CYLINDRICAL_SURFACE ( 'NONE', #8326, 17.49999999999999645 ) ;
#1271 = VECTOR ( 'NONE', #5202, 1000.000000000000000 ) ;
#1272 = CARTESIAN_POINT ( 'NONE',  ( -22.50000000000045119, 13.00000000000000000, 14.99999999999999289 ) ) ;
#1273 = ADVANCED_FACE ( 'NONE', ( #3429 ), #501, .F. ) ;
#1274 = ORIENTED_EDGE ( 'NONE', *, *, #3416, .T. ) ;
#1275 = CARTESIAN_POINT ( 'NONE',  ( -29.99999999999990763, 12.99999999999993072, -34.99999999999999289 ) ) ;
#1276 = CIRCLE ( 'NONE', #5454, 1.999999999999994893 ) ;
#1277 = ORIENTED_EDGE ( 'NONE', *, *, #8411, .F. ) ;
#1278 = AXIS2_PLACEMENT_3D ( 'NONE', #7243, #7873, #5842 ) ;
#1279 = DIRECTION ( 'NONE',  ( -1.000000000000000000, -1.334402673828313339E-16, 0.000000000000000000 ) ) ;
#1280 = ORIENTED_EDGE ( 'NONE', *, *, #8522, .F. ) ;
#1281 = CARTESIAN_POINT ( 'NONE',  ( -15.00000000000000000, 9.607699251563854385E-14, -25.99999999999998934 ) ) ;
#1282 = ORIENTED_EDGE ( 'NONE', *, *, #7527, .T. ) ;
#1283 = DIRECTION ( 'NONE',  ( 0.000000000000000000, 1.000000000000000000, 0.000000000000000000 ) ) ;
#1284 = CARTESIAN_POINT ( 'NONE',  ( -16.00000000000000000, 0.2786210752836254523, -38.76037188570457204 ) ) ;
#1285 = ADVANCED_FACE ( 'NONE', ( #6716 ), #8110, .F. ) ;
#1286 = DIRECTION ( 'NONE',  ( 0.000000000000000000, 1.000000000000000000, 0.000000000000000000 ) ) ;
#1287 = VECTOR ( 'NONE', #1325, 1000.000000000000000 ) ;
#1288 = VERTEX_POINT ( 'NONE', #6090 ) ;
#1289 = ADVANCED_FACE ( 'NONE', ( #6182 ), #552, .F. ) ;
#1290 = ORIENTED_EDGE ( 'NONE', *, *, #7775, .T. ) ;
#1291 = ORIENTED_EDGE ( 'NONE', *, *, #7566, .F. ) ;
#1292 = VERTEX_POINT ( 'NONE', #3927 ) ;
#1293 = ORIENTED_EDGE ( 'NONE', *, *, #6088, .T. ) ;
#1294 = DIRECTION ( 'NONE',  ( 0.000000000000000000, 0.000000000000000000, 1.000000000000000000 ) ) ;
#1295 = DIRECTION ( 'NONE',  ( -1.000000000000000000, -0.000000000000000000, -0.000000000000000000 ) ) ;
#1296 = LINE ( 'NONE', #2771, #6867 ) ;
#1297 = EDGE_CURVE ( 'NONE', #3361, #8580, #7489, .T. ) ;
#1298 = DIRECTION ( 'NONE',  ( 0.000000000000000000, 0.000000000000000000, 1.000000000000000000 ) ) ;
#1299 = DIRECTION ( 'NONE',  ( 0.000000000000000000, 1.000000000000000000, 0.000000000000000000 ) ) ;
#1300 = DIRECTION ( 'NONE',  ( 0.000000000000000000, 0.000000000000000000, 1.000000000000000000 ) ) ;
#1301 = LINE ( 'NONE', #4054, #8909 ) ;
#1302 = ORIENTED_EDGE ( 'NONE', *, *, #1815, .F. ) ;
#1303 = DIRECTION ( 'NONE',  ( -0.000000000000000000, -1.000000000000000000, -0.000000000000000000 ) ) ;
#1304 = EDGE_CURVE ( 'NONE', #3838, #2008, #5412, .T. ) ;
#1305 = DIRECTION ( 'NONE',  ( 0.000000000000000000, 0.000000000000000000, 1.000000000000000000 ) ) ;
#1306 = PLANE ( 'NONE',  #3697 ) ;
#1307 = CARTESIAN_POINT ( 'NONE',  ( 10.00000000000000178, 8.500000000000000000, -34.99999999999999289 ) ) ;
#1308 = VECTOR ( 'NONE', #7480, 1000.000000000000114 ) ;
#1309 = ORIENTED_EDGE ( 'NONE', *, *, #1297, .F. ) ;
#1310 = DIRECTION ( 'NONE',  ( 1.000000000000000000, -0.000000000000000000, 5.337610695313253357E-16 ) ) ;
#1311 = EDGE_CURVE ( 'NONE', #2980, #3038, #8748, .T. ) ;
#1312 = AXIS2_PLACEMENT_3D ( 'NONE', #6215, #5539, #765 ) ;
#1313 = CARTESIAN_POINT ( 'NONE',  ( 22.50000000000003553, 13.00000000000000000, -25.00000000000000711 ) ) ;
#1314 = DIRECTION ( 'NONE',  ( 0.000000000000000000, 1.000000000000000000, 0.000000000000000000 ) ) ;
#1315 = CARTESIAN_POINT ( 'NONE',  ( 10.50000000000023803, 11.00000000000000000, -5.000000000000007994 ) ) ;
#1316 = CARTESIAN_POINT ( 'NONE',  ( 46.50000000000004974, 11.00000000000000000, -15.00000000000001066 ) ) ;
#1317 = EDGE_LOOP ( 'NONE', ( #5570, #8208, #5525, #2303 ) ) ;
#1318 = CARTESIAN_POINT ( 'NONE',  ( -36.50000000000044054, 11.00000000000000000, 14.99999999999999289 ) ) ;
#1319 = ADVANCED_FACE ( 'NONE', ( #5330 ), #4783, .F. ) ;
#1320 = ORIENTED_EDGE ( 'NONE', *, *, #1220, .T. ) ;
#1321 = AXIS2_PLACEMENT_3D ( 'NONE', #8056, #6038, #1792 ) ;
#1322 = EDGE_CURVE ( 'NONE', #4189, #1635, #3296, .T. ) ;
#1323 = DIRECTION ( 'NONE',  ( 0.000000000000000000, 1.000000000000000000, 0.000000000000000000 ) ) ;
#1324 = EDGE_LOOP ( 'NONE', ( #519, #2196, #4807, #2994 ) ) ;
#1325 = DIRECTION ( 'NONE',  ( 0.000000000000000000, 1.000000000000000000, 0.000000000000000000 ) ) ;
#1326 = LINE ( 'NONE', #1234, #5350 ) ;
#1327 = ORIENTED_EDGE ( 'NONE', *, *, #2311, .F. ) ;
#1328 = AXIS2_PLACEMENT_3D ( 'NONE', #8017, #6122, #5404 ) ;
#1329 = CYLINDRICAL_SURFACE ( 'NONE', #8851, 1.999999999999994893 ) ;
#1330 = DIRECTION ( 'NONE',  ( 0.000000000000000000, 0.000000000000000000, 1.000000000000000000 ) ) ;
#1331 = CARTESIAN_POINT ( 'NONE',  ( 23.49999999999998579, 11.00000000000000000, -25.00000000000000711 ) ) ;
#1332 = EDGE_CURVE ( 'NONE', #613, #7068, #4732, .T. ) ;
#1333 = ORIENTED_EDGE ( 'NONE', *, *, #7775, .F. ) ;
#1334 = ORIENTED_EDGE ( 'NONE', *, *, #6391, .F. ) ;
#1335 = EDGE_CURVE ( 'NONE', #6331, #3889, #991, .T. ) ;
#1336 = ADVANCED_FACE ( 'NONE', ( #7396 ), #4022, .F. ) ;
#1337 = ORIENTED_EDGE ( 'NONE', *, *, #5798, .T. ) ;
#1338 = EDGE_LOOP ( 'NONE', ( #1961, #2550, #5250, #6273 ) ) ;
#1339 = AXIS2_PLACEMENT_3D ( 'NONE', #2545, #1158, #2589 ) ;
#1340 = VERTEX_POINT ( 'NONE', #1313 ) ;
#1341 = CARTESIAN_POINT ( 'NONE',  ( 46.50000000000004263, 13.00000000000000000, -25.00000000000000711 ) ) ;
#1342 = CARTESIAN_POINT ( 'NONE',  ( 1.499999999999973577, 11.00000000000000000, -25.00000000000000711 ) ) ;
#1343 = PLANE ( 'NONE',  #1829 ) ;
#1344 = DIRECTION ( 'NONE',  ( 0.000000000000000000, 1.000000000000000000, 0.000000000000000000 ) ) ;
#1345 = EDGE_LOOP ( 'NONE', ( #8588, #291, #3847, #7054 ) ) ;
#1346 = VECTOR ( 'NONE', #2844, 1000.000000000000000 ) ;
#1347 = CARTESIAN_POINT ( 'NONE',  ( -16.00000000000000000, 2.571774327357621903, -38.85988838267926582 ) ) ;
#1348 = DIRECTION ( 'NONE',  ( -0.000000000000000000, -1.000000000000000000, -0.000000000000000000 ) ) ;
#1349 = ORIENTED_EDGE ( 'NONE', *, *, #3202, .F. ) ;
#1350 = LINE ( 'NONE', #4100, #7496 ) ;
#1351 = DIRECTION ( 'NONE',  ( 0.000000000000000000, 1.000000000000000000, 0.000000000000000000 ) ) ;
#1352 = DIRECTION ( 'NONE',  ( -0.000000000000000000, -1.000000000000000000, -0.000000000000000000 ) ) ;
#1353 = CARTESIAN_POINT ( 'NONE',  ( 16.00000000000000000, 1.500000000000027311, -35.93397459621552059 ) ) ;
#1354 = ORIENTED_EDGE ( 'NONE', *, *, #8443, .F. ) ;
#1355 = CARTESIAN_POINT ( 'NONE',  ( -1.499999999999550138, 13.00000000000000000, 24.99999999999998934 ) ) ;
#1356 = CARTESIAN_POINT ( 'NONE',  ( 16.00000000000000000, 2.999999999999988898, -36.79999999999999005 ) ) ;
#1357 = EDGE_CURVE ( 'NONE', #6957, #6285, #2421, .T. ) ;
#1358 = DIRECTION ( 'NONE',  ( 0.000000000000000000, 1.000000000000000000, 0.000000000000000000 ) ) ;
#1359 = EDGE_CURVE ( 'NONE', #292, #3790, #3338, .T. ) ;
#1360 = DIRECTION ( 'NONE',  ( 0.000000000000000000, 0.000000000000000000, 1.000000000000000000 ) ) ;
#1361 = LINE ( 'NONE', #4293, #6572 ) ;
#1362 = AXIS2_PLACEMENT_3D ( 'NONE', #8361, #2190, #4485 ) ;
#1363 = LINE ( 'NONE', #2170, #2381 ) ;
#1364 = DIRECTION ( 'NONE',  ( 0.000000000000000000, 0.000000000000000000, 1.000000000000000000 ) ) ;
#1365 = EDGE_LOOP ( 'NONE', ( #8180, #345, #6967, #1705 ) ) ;
#1366 = AXIS2_PLACEMENT_3D ( 'NONE', #2983, #6409, #1548 ) ;
#1367 = PLANE ( 'NONE',  #5235 ) ;
#1368 = VERTEX_POINT ( 'NONE', #8158 ) ;
#1369 = EDGE_CURVE ( 'NONE', #7635, #2231, #2851, .T. ) ;
#1370 = PLANE ( 'NONE',  #4740 ) ;
#1371 = DIRECTION ( 'NONE',  ( 1.000000000000000000, 0.000000000000000000, -0.000000000000000000 ) ) ;
#1372 = ORIENTED_EDGE ( 'NONE', *, *, #3925, .T. ) ;
#1373 = LINE ( 'NONE', #4173, #3523 ) ;
#1374 = CARTESIAN_POINT ( 'NONE',  ( -36.50000000000024158, 11.00000000000000000, 4.999999999999990230 ) ) ;
#1375 = CYLINDRICAL_SURFACE ( 'NONE', #5711, 1.999999999999994893 ) ;
#1376 = AXIS2_PLACEMENT_3D ( 'NONE', #6083, #8828, #2646 ) ;
#1377 = EDGE_LOOP ( 'NONE', ( #1155, #5106, #3227, #5336 ) ) ;
#1378 = VERTEX_POINT ( 'NONE', #6849 ) ;
#1379 = EDGE_LOOP ( 'NONE', ( #1738, #5658, #6020, #3994 ) ) ;
#1380 = VECTOR ( 'NONE', #588, 1000.000000000000000 ) ;
#1381 = ORIENTED_EDGE ( 'NONE', *, *, #3788, .F. ) ;
#1382 = ORIENTED_EDGE ( 'NONE', *, *, #5437, .T. ) ;
#1383 = DIRECTION ( 'NONE',  ( 0.000000000000000000, 0.000000000000000000, 1.000000000000000000 ) ) ;
#1384 = DIRECTION ( 'NONE',  ( 0.000000000000000000, 0.000000000000000000, 1.000000000000000000 ) ) ;
#1385 = CYLINDRICAL_SURFACE ( 'NONE', #6297, 17.50000000000000355 ) ;
#1386 = EDGE_CURVE ( 'NONE', #1022, #4178, #2704, .T. ) ;
#1387 = EDGE_CURVE ( 'NONE', #7329, #8655, #5503, .T. ) ;
#1388 = CARTESIAN_POINT ( 'NONE',  ( -10.50000000000045297, 11.00000000000000000, 24.99999999999998934 ) ) ;
#1389 = ORIENTED_EDGE ( 'NONE', *, *, #7553, .F. ) ;
#1390 = CARTESIAN_POINT ( 'NONE',  ( -28.99999999999999645, 9.430981587972004476, -40.69780742887105873 ) ) ;
#1391 = AXIS2_PLACEMENT_3D ( 'NONE', #4509, #232, #7214 ) ;
#1392 = CIRCLE ( 'NONE', #1814, 1.999999999999994893 ) ;
#1393 = DIRECTION ( 'NONE',  ( 0.000000000000000000, 1.000000000000000000, 0.000000000000000000 ) ) ;
#1394 = ORIENTED_EDGE ( 'NONE', *, *, #6324, .F. ) ;
#1395 = CARTESIAN_POINT ( 'NONE',  ( -10.00000000000000000, 8.500000000000000000, -37.00000000000000711 ) ) ;
#1396 = AXIS2_PLACEMENT_3D ( 'NONE', #7863, #3078, #1736 ) ;
#1397 = FACE_OUTER_BOUND ( 'NONE', #4713, .T. ) ;
#1398 = CIRCLE ( 'NONE', #2827, 1.999999999999994893 ) ;
#1399 = DIRECTION ( 'NONE',  ( 0.000000000000000000, 0.000000000000000000, 1.000000000000000000 ) ) ;
#1400 = EDGE_CURVE ( 'NONE', #3361, #7335, #7353, .T. ) ;
#1401 = ORIENTED_EDGE ( 'NONE', *, *, #5402, .F. ) ;
#1402 = LINE ( 'NONE', #5545, #8299 ) ;
#1403 = CARTESIAN_POINT ( 'NONE',  ( -12.00000000000000355, 12.00000000000000000, -6.936491673103652111 ) ) ;
#1404 = AXIS2_PLACEMENT_3D ( 'NONE', #3056, #2376, #1717 ) ;
#1405 = EDGE_CURVE ( 'NONE', #1430, #2361, #4872, .T. ) ;
#1406 = LINE ( 'NONE', #4158, #4806 ) ;
#1407 = CIRCLE ( 'NONE', #3702, 1.999999999999994893 ) ;
#1408 = LINE ( 'NONE', #7672, #3711 ) ;
#1409 = FACE_OUTER_BOUND ( 'NONE', #7193, .T. ) ;
#1410 = DIRECTION ( 'NONE',  ( 0.000000000000000000, 0.000000000000000000, 1.000000000000000000 ) ) ;
#1411 = CIRCLE ( 'NONE', #4566, 1.999999999999994893 ) ;
#1412 = DIRECTION ( 'NONE',  ( 0.000000000000000000, 1.000000000000000000, 0.000000000000000000 ) ) ;
#1413 = PLANE ( 'NONE',  #5851 ) ;
#1414 = EDGE_CURVE ( 'NONE', #2444, #231, #1408, .T. ) ;
#1415 = ORIENTED_EDGE ( 'NONE', *, *, #6519, .F. ) ;
#1416 = CARTESIAN_POINT ( 'NONE',  ( 13.49999999999956124, 11.00000000000000000, 14.99999999999999289 ) ) ;
#1417 = VERTEX_POINT ( 'NONE', #7631 ) ;
#1418 = CIRCLE ( 'NONE', #7882, 1.000000000000000888 ) ;
#1419 = CARTESIAN_POINT ( 'NONE',  ( -37.49999999999955946, 13.00000000000000000, 24.99999999999998934 ) ) ;
#1420 = DIRECTION ( 'NONE',  ( -0.000000000000000000, -1.000000000000000000, -0.000000000000000000 ) ) ;
#1421 = ORIENTED_EDGE ( 'NONE', *, *, #1189, .F. ) ;
#1422 = LINE ( 'NONE', #26, #5686 ) ;
#1423 = VECTOR ( 'NONE', #3014, 1000.000000000000000 ) ;
#1424 = CARTESIAN_POINT ( 'NONE',  ( -28.99999999999999645, 1.386317537029645441, -35.99958673730509418 ) ) ;
#1425 = CARTESIAN_POINT ( 'NONE',  ( -11.49999999999997513, 11.00000000000000000, -15.00000000000001066 ) ) ;
#1426 = VERTEX_POINT ( 'NONE', #5598 ) ;
#1427 = EDGE_CURVE ( 'NONE', #7520, #4874, #99, .T. ) ;
#1428 = ORIENTED_EDGE ( 'NONE', *, *, #6816, .F. ) ;
#1429 = EDGE_LOOP ( 'NONE', ( #465, #1765, #5978, #1334 ) ) ;
#1430 = VERTEX_POINT ( 'NONE', #6352 ) ;
#1431 = LINE ( 'NONE', #756, #1168 ) ;
#1432 = AXIS2_PLACEMENT_3D ( 'NONE', #6971, #5537, #6926 ) ;
#1433 = CARTESIAN_POINT ( 'NONE',  ( 36.50000000000044054, 11.00000000000000000, 14.99999999999999289 ) ) ;
#1434 = FACE_OUTER_BOUND ( 'NONE', #4823, .T. ) ;
#1435 = LINE ( 'NONE', #2731, #2462 ) ;
#1436 = EDGE_LOOP ( 'NONE', ( #5917, #3309, #278, #2954 ) ) ;
#1437 = CARTESIAN_POINT ( 'NONE',  ( -28.99999999999999645, 12.99999999999999822, -41.65412303015308026 ) ) ;
#1438 = EDGE_CURVE ( 'NONE', #788, #2699, #6314, .T. ) ;
#1439 = DIRECTION ( 'NONE',  ( 0.000000000000000000, 1.000000000000000000, 0.000000000000000000 ) ) ;
#1440 = ORIENTED_EDGE ( 'NONE', *, *, #7656, .F. ) ;
#1441 = CARTESIAN_POINT ( 'NONE',  ( 35.49999999999998579, 11.00000000000000000, -15.00000000000001066 ) ) ;
#1442 = CYLINDRICAL_SURFACE ( 'NONE', #1804, 1.999999999999994893 ) ;
#1443 = LINE ( 'NONE', #726, #3996 ) ;
#1444 = EDGE_LOOP ( 'NONE', ( #7649, #656, #6159, #7763 ) ) ;
#1445 = DIRECTION ( 'NONE',  ( 0.000000000000000000, 0.000000000000000000, 1.000000000000000000 ) ) ;
#1446 = DIRECTION ( 'NONE',  ( 0.000000000000000000, 1.000000000000000000, 0.000000000000000000 ) ) ;
#1447 = ORIENTED_EDGE ( 'NONE', *, *, #4889, .T. ) ;
#1448 = ADVANCED_FACE ( 'NONE', ( #4241 ), #6266, .F. ) ;
#1449 = DIRECTION ( 'NONE',  ( 0.000000000000000000, 0.000000000000000000, 1.000000000000000000 ) ) ;
#1450 = DIRECTION ( 'NONE',  ( 0.000000000000000000, 1.000000000000000000, 0.000000000000000000 ) ) ;
#1451 = DIRECTION ( 'NONE',  ( 0.000000000000000000, 0.000000000000000000, 1.000000000000000000 ) ) ;
#1452 = CARTESIAN_POINT ( 'NONE',  ( 0.000000000000000000, 12.00000000000000000, 6.936491673103633460 ) ) ;
#1453 = ORIENTED_EDGE ( 'NONE', *, *, #4360, .F. ) ;
#1454 = LINE ( 'NONE', #5556, #6420 ) ;
#1455 = ORIENTED_EDGE ( 'NONE', *, *, #7195, .T. ) ;
#1456 = VECTOR ( 'NONE', #1031, 1000.000000000000000 ) ;
#1457 = LINE ( 'NONE', #7124, #3932 ) ;
#1458 = ORIENTED_EDGE ( 'NONE', *, *, #6452, .T. ) ;
#1459 = LINE ( 'NONE', #6276, #8751 ) ;
#1460 = EDGE_CURVE ( 'NONE', #648, #1145, #2560, .T. ) ;
#1461 = CARTESIAN_POINT ( 'NONE',  ( 10.00000000000000000, 8.500000000000000000, 37.00000000000000711 ) ) ;
#1462 = VERTEX_POINT ( 'NONE', #7580 ) ;
#1463 = LINE ( 'NONE', #5564, #7414 ) ;
#1464 = CARTESIAN_POINT ( 'NONE',  ( -28.99999999999999645, 3.020034450022657246, -40.53291359116224157 ) ) ;
#1465 = LINE ( 'NONE', #4216, #4851 ) ;
#1466 = AXIS2_PLACEMENT_3D ( 'NONE', #5939, #8861, #537 ) ;
#1467 = ORIENTED_EDGE ( 'NONE', *, *, #3253, .F. ) ;
#1468 = EDGE_LOOP ( 'NONE', ( #4392, #3829, #7461, #2399 ) ) ;
#1469 = EDGE_CURVE ( 'NONE', #2, #608, #8464, .T. ) ;
#1470 = AXIS2_PLACEMENT_3D ( 'NONE', #1441, #5002, #7569 ) ;
#1471 = ORIENTED_EDGE ( 'NONE', *, *, #6527, .F. ) ;
#1472 = EDGE_CURVE ( 'NONE', #2680, #1028, #7613, .T. ) ;
#1473 = ORIENTED_EDGE ( 'NONE', *, *, #5973, .F. ) ;
#1474 = CARTESIAN_POINT ( 'NONE',  ( -59.50000000000000000, 13.00000000000000000, -17.49999999999999645 ) ) ;
#1475 = FACE_OUTER_BOUND ( 'NONE', #6186, .T. ) ;
#1476 = LINE ( 'NONE', #4049, #3274 ) ;
#1477 = CYLINDRICAL_SURFACE ( 'NONE', #8220, 1.999999999999994893 ) ;
#1478 = ORIENTED_EDGE ( 'NONE', *, *, #836, .F. ) ;
#1479 = CARTESIAN_POINT ( 'NONE',  ( -16.00000000000000000, 2.999999999999988898, -36.79999999999999005 ) ) ;
#1480 = DIRECTION ( 'NONE',  ( -0.000000000000000000, -1.000000000000000000, -0.000000000000000000 ) ) ;
#1481 = ORIENTED_EDGE ( 'NONE', *, *, #1865, .T. ) ;
#1482 = DIRECTION ( 'NONE',  ( 0.000000000000000000, 1.000000000000000000, 0.000000000000000000 ) ) ;
#1483 = EDGE_CURVE ( 'NONE', #189, #3612, #3427, .T. ) ;
#1484 = DIRECTION ( 'NONE',  ( 0.000000000000000000, 0.000000000000000000, 1.000000000000000000 ) ) ;
#1485 = DIRECTION ( 'NONE',  ( 0.000000000000000000, 1.000000000000000000, 0.000000000000000000 ) ) ;
#1486 = CIRCLE ( 'NONE', #4943, 1.999999999999994893 ) ;
#1487 = VERTEX_POINT ( 'NONE', #6981 ) ;
#1488 = CARTESIAN_POINT ( 'NONE',  ( -16.00000000000000000, 1.794550953019904638, -38.42134894300745174 ) ) ;
#1489 = LINE ( 'NONE', #7576, #7241 ) ;
#1490 = EDGE_LOOP ( 'NONE', ( #8082, #1636, #1240, #6288 ) ) ;
#1491 = DIRECTION ( 'NONE',  ( -0.000000000000000000, -1.000000000000000000, -0.000000000000000000 ) ) ;
#1492 = CARTESIAN_POINT ( 'NONE',  ( 1.499999999999765521, 11.00000000000000000, -5.000000000000007994 ) ) ;
#1493 = DIRECTION ( 'NONE',  ( -0.000000000000000000, -1.000000000000000000, -0.000000000000000000 ) ) ;
#1494 = ORIENTED_EDGE ( 'NONE', *, *, #2772, .T. ) ;
#1495 = DIRECTION ( 'NONE',  ( 0.000000000000000000, 0.000000000000000000, 1.000000000000000000 ) ) ;
#1496 = EDGE_CURVE ( 'NONE', #1005, #6285, #5309, .T. ) ;
#1497 = ADVANCED_FACE ( 'NONE', ( #4827 ), #3472, .F. ) ;
#1498 = VERTEX_POINT ( 'NONE', #5012 ) ;
#1499 = AXIS2_PLACEMENT_3D ( 'NONE', #7151, #1026, #7102 ) ;
#1500 = DIRECTION ( 'NONE',  ( 0.000000000000000000, 1.000000000000000000, 0.000000000000000000 ) ) ;
#1501 = ORIENTED_EDGE ( 'NONE', *, *, #3148, .T. ) ;
#1502 = DIRECTION ( 'NONE',  ( -0.000000000000000000, -1.000000000000000000, -0.000000000000000000 ) ) ;
#1503 = DIRECTION ( 'NONE',  ( 0.000000000000000000, 0.000000000000000000, 1.000000000000000000 ) ) ;
#1504 = PLANE ( 'NONE',  #4825 ) ;
#1505 = CARTESIAN_POINT ( 'NONE',  ( -16.00000000000000000, 9.042753020318221147, -42.14669616830466481 ) ) ;
#1506 = DIRECTION ( 'NONE',  ( 0.000000000000000000, 1.000000000000000000, 0.000000000000000000 ) ) ;
#1507 = ORIENTED_EDGE ( 'NONE', *, *, #5114, .F. ) ;
#1508 = VECTOR ( 'NONE', #1295, 1000.000000000000000 ) ;
#1509 = ORIENTED_EDGE ( 'NONE', *, *, #8804, .T. ) ;
#1510 = EDGE_CURVE ( 'NONE', #7272, #3358, #7069, .T. ) ;
#1511 = ORIENTED_EDGE ( 'NONE', *, *, #1941, .T. ) ;
#1512 = EDGE_LOOP ( 'NONE', ( #6013, #8313 ) ) ;
#1513 = LINE ( 'NONE', #3407, #6634 ) ;
#1514 = VECTOR ( 'NONE', #3626, 1000.000000000000000 ) ;
#1515 = CARTESIAN_POINT ( 'NONE',  ( -27.99999999999999645, 0.000000000000000000, -46.65412303015307316 ) ) ;
#1516 = CARTESIAN_POINT ( 'NONE',  ( -25.49999999999977263, 11.00000000000000000, -5.000000000000007994 ) ) ;
#1517 = ORIENTED_EDGE ( 'NONE', *, *, #53, .F. ) ;
#1518 = DIRECTION ( 'NONE',  ( 0.000000000000000000, 0.000000000000000000, 1.000000000000000000 ) ) ;
#1519 = ORIENTED_EDGE ( 'NONE', *, *, #1609, .F. ) ;
#1520 = ADVANCED_FACE ( 'NONE', ( #4200 ), #6397, .F. ) ;
#1521 = VECTOR ( 'NONE', #2218, 1000.000000000000000 ) ;
#1522 = CARTESIAN_POINT ( 'NONE',  ( -16.00000000000000000, 2.287499999999947686, -37.21136206679747715 ) ) ;
#1523 = LINE ( 'NONE', #2062, #5172 ) ;
#1524 = VERTEX_POINT ( 'NONE', #4160 ) ;
#1525 = CARTESIAN_POINT ( 'NONE',  ( 12.00000000000000355, 13.00000000000000000, -26.93649167310370629 ) ) ;
#1526 = CARTESIAN_POINT ( 'NONE',  ( -57.50000000000000000, 0.000000000000000000, -17.49999999999999289 ) ) ;
#1527 = CARTESIAN_POINT ( 'NONE',  ( 16.00000000000000000, 1.114856259926636062, -36.17544239128989148 ) ) ;
#1528 = CARTESIAN_POINT ( 'NONE',  ( -16.00000000000000000, 2.273980746194082414, -38.78008848112415308 ) ) ;
#1529 = LINE ( 'NONE', #4107, #475 ) ;
#1530 = DIRECTION ( 'NONE',  ( 0.000000000000000000, -0.000000000000000000, -1.000000000000000000 ) ) ;
#1531 = EDGE_CURVE ( 'NONE', #2543, #7662, #983, .T. ) ;
#1532 = VECTOR ( 'NONE', #2925, 1000.000000000000000 ) ;
#1533 = DIRECTION ( 'NONE',  ( 0.000000000000000000, 0.000000000000000000, 1.000000000000000000 ) ) ;
#1534 = VECTOR ( 'NONE', #5907, 1000.000000000000000 ) ;
#1535 = CARTESIAN_POINT ( 'NONE',  ( -28.99999999999999645, 13.00000000000000000, -41.65412303015307316 ) ) ;
#1536 = CARTESIAN_POINT ( 'NONE',  ( 47.49999999999977973, 13.00000000000000000, 4.999999999999990230 ) ) ;
#1537 = CIRCLE ( 'NONE', #2683, 1.000000000000000888 ) ;
#1538 = ORIENTED_EDGE ( 'NONE', *, *, #6366, .T. ) ;
#1539 = DIRECTION ( 'NONE',  ( -1.000000000000000000, 0.000000000000000000, 0.000000000000000000 ) ) ;
#1540 = LOCAL_TIME ( 11, 43, 10.00000000000000000, #5204 ) ;
#1541 = VECTOR ( 'NONE', #2463, 1000.000000000000000 ) ;
#1542 = VECTOR ( 'NONE', #1734, 1000.000000000000000 ) ;
#1543 = CARTESIAN_POINT ( 'NONE',  ( 12.50000000000044054, 11.00000000000000000, 14.99999999999999289 ) ) ;
#1544 = ORIENTED_EDGE ( 'NONE', *, *, #5076, .F. ) ;
#1545 = CARTESIAN_POINT ( 'NONE',  ( 57.50000000000000711, 0.000000000000000000, -17.49999999999999645 ) ) ;
#1546 = EDGE_CURVE ( 'NONE', #2784, #5893, #6307, .T. ) ;
#1547 = DIRECTION ( 'NONE',  ( -0.000000000000000000, -1.000000000000000000, -0.000000000000000000 ) ) ;
#1548 = DIRECTION ( 'NONE',  ( -1.000000000000000000, 0.000000000000000000, 0.000000000000000000 ) ) ;
#1549 = AXIS2_PLACEMENT_3D ( 'NONE', #6748, #4722, #8096 ) ;
#1550 = CARTESIAN_POINT ( 'NONE',  ( -16.00000000000000000, 2.044130977983922737, -40.27142104393776378 ) ) ;
#1551 = FACE_OUTER_BOUND ( 'NONE', #7948, .T. ) ;
#1552 = VERTEX_POINT ( 'NONE', #8469 ) ;
#1553 = ORIENTED_EDGE ( 'NONE', *, *, #5283, .F. ) ;
#1554 = AXIS2_PLACEMENT_3D ( 'NONE', #5155, #2387, #7897 ) ;
#1555 = VERTEX_POINT ( 'NONE', #3561 ) ;
#1556 = CIRCLE ( 'NONE', #3132, 1.999999999999994893 ) ;
#1557 = EDGE_CURVE ( 'NONE', #1292, #7218, #2879, .T. ) ;
#1558 = VERTEX_POINT ( 'NONE', #3099 ) ;
#1559 = FACE_OUTER_BOUND ( 'NONE', #8345, .T. ) ;
#1560 = CARTESIAN_POINT ( 'NONE',  ( 48.00000000000001421, 12.00000000000000000, -26.93649167310370629 ) ) ;
#1561 = CARTESIAN_POINT ( 'NONE',  ( -10.00000000000000000, 7.599999999999999645, 37.00000000000000711 ) ) ;
#1562 = ADVANCED_FACE ( 'NONE', ( #1080 ), #2375, .F. ) ;
#1563 = DIRECTION ( 'NONE',  ( -1.000000000000000000, 0.000000000000000000, 0.000000000000000000 ) ) ;
#1564 = ORIENTED_EDGE ( 'NONE', *, *, #7905, .T. ) ;
#1565 = AXIS2_PLACEMENT_3D ( 'NONE', #3246, #689, #2652 ) ;
#1566 = ORIENTED_EDGE ( 'NONE', *, *, #5983, .T. ) ;
#1567 = CARTESIAN_POINT ( 'NONE',  ( -1.499999999999557243, 11.00000000000000000, 14.99999999999999289 ) ) ;
#1568 = CARTESIAN_POINT ( 'NONE',  ( 0.5000000000004447553, 11.00000000000000000, 24.99999999999998934 ) ) ;
#1569 = ORIENTED_EDGE ( 'NONE', *, *, #6484, .T. ) ;
#1570 = CARTESIAN_POINT ( 'NONE',  ( 16.00000000000000000, 11.49999999999999467, -42.80511351212151538 ) ) ;
#1571 = CARTESIAN_POINT ( 'NONE',  ( 25.50000000000000355, 9.600000000001417177, -42.29601004648966978 ) ) ;
#1572 = EDGE_CURVE ( 'NONE', #1028, #4565, #5097, .T. ) ;
#1573 = CARTESIAN_POINT ( 'NONE',  ( 16.00000000000000000, 1.095023035351500029, -39.84735968551908769 ) ) ;
#1574 = LINE ( 'NONE', #6481, #246 ) ;
#1575 = CARTESIAN_POINT ( 'NONE',  ( 28.99999999999999645, 1.794550953019904638, -38.42134894300745174 ) ) ;
#1576 = DIRECTION ( 'NONE',  ( 0.000000000000000000, 5.204170427930416550E-15, -1.000000000000000000 ) ) ;
#1577 = ADVANCED_FACE ( 'NONE', ( #6525 ), #8643, .F. ) ;
#1578 = DIRECTION ( 'NONE',  ( 0.000000000000000000, 1.000000000000000000, 0.000000000000000000 ) ) ;
#1579 = DIRECTION ( 'NONE',  ( 0.000000000000000000, 0.000000000000000000, 1.000000000000000000 ) ) ;
#1580 = ORIENTED_EDGE ( 'NONE', *, *, #5297, .F. ) ;
#1581 = CARTESIAN_POINT ( 'NONE',  ( 40.00000000000000000, 13.00000000000000000, 17.50000000000000711 ) ) ;
#1582 = EDGE_CURVE ( 'NONE', #4354, #8896, #1796, .T. ) ;
#1583 = VERTEX_POINT ( 'NONE', #5812 ) ;
#1584 = CARTESIAN_POINT ( 'NONE',  ( -11.49999999999998224, 11.00000000000000000, -25.00000000000000711 ) ) ;
#1585 = DIRECTION ( 'NONE',  ( 0.000000000000000000, 1.000000000000000000, 0.000000000000000000 ) ) ;
#1586 = ORIENTED_EDGE ( 'NONE', *, *, #7832, .F. ) ;
#1587 = CARTESIAN_POINT ( 'NONE',  ( -16.00000000000000000, -11.41562369461536441, -35.50096189432333915 ) ) ;
#1588 = CARTESIAN_POINT ( 'NONE',  ( -48.50000000000024158, 11.00000000000000000, -5.000000000000007994 ) ) ;
#1589 = DIRECTION ( 'NONE',  ( -0.000000000000000000, 0.000000000000000000, 1.000000000000000000 ) ) ;
#1590 = CARTESIAN_POINT ( 'NONE',  ( -28.99999999999999645, 1.095023035351500029, -39.84735968551908769 ) ) ;
#1591 = EDGE_CURVE ( 'NONE', #1635, #5354, #405, .T. ) ;
#1592 = DATE_AND_TIME ( #2269, #6145 ) ;
#1593 = ORIENTED_EDGE ( 'NONE', *, *, #7408, .F. ) ;
#1594 = ORIENTED_EDGE ( 'NONE', *, *, #469, .F. ) ;
#1595 = EDGE_CURVE ( 'NONE', #3378, #1686, #7021, .T. ) ;
#1596 = ORIENTED_EDGE ( 'NONE', *, *, #4689, .T. ) ;
#1597 = VECTOR ( 'NONE', #3320, 1000.000000000000000 ) ;
#1598 = EDGE_LOOP ( 'NONE', ( #1538, #937, #8171, #1066 ) ) ;
#1599 = CARTESIAN_POINT ( 'NONE',  ( 30.00000000000000000, 0.000000000000000000, -25.99999999999998934 ) ) ;
#1600 = ADVANCED_FACE ( 'NONE', ( #4461 ), #4503, .F. ) ;
#1601 = DIRECTION ( 'NONE',  ( 0.000000000000000000, 0.000000000000000000, 1.000000000000000000 ) ) ;
#1602 = CARTESIAN_POINT ( 'NONE',  ( -10.50000000000003020, 13.00000000000000000, -25.00000000000000711 ) ) ;
#1603 = ORIENTED_EDGE ( 'NONE', *, *, #65, .T. ) ;
#1604 = LINE ( 'NONE', #5757, #4563 ) ;
#1605 = EDGE_LOOP ( 'NONE', ( #5656, #133, #5353, #7285 ) ) ;
#1606 = ORIENTED_EDGE ( 'NONE', *, *, #5370, .T. ) ;
#1607 = EDGE_CURVE ( 'NONE', #8845, #8529, #2703, .T. ) ;
#1608 = ORIENTED_EDGE ( 'NONE', *, *, #1865, .F. ) ;
#1609 = EDGE_CURVE ( 'NONE', #8294, #4154, #4159, .T. ) ;
#1610 = AXIS2_PLACEMENT_3D ( 'NONE', #5428, #6681, #7455 ) ;
#1611 = DIRECTION ( 'NONE',  ( 0.000000000000000000, 0.000000000000000000, 1.000000000000000000 ) ) ;
#1612 = DIRECTION ( 'NONE',  ( 0.000000000000000000, 0.000000000000000000, 1.000000000000000000 ) ) ;
#1613 = ORIENTED_EDGE ( 'NONE', *, *, #3752, .F. ) ;
#1614 = CARTESIAN_POINT ( 'NONE',  ( 9.999999999999998224, 0.9999999999999954481, 47.00000000000001421 ) ) ;
#1615 = DIRECTION ( 'NONE',  ( 1.000000000000000000, 0.000000000000000000, 0.000000000000000000 ) ) ;
#1616 = CARTESIAN_POINT ( 'NONE',  ( 28.99999999999999645, 1.867975185226091295, -40.22420197960985888 ) ) ;
#1617 = LINE ( 'NONE', #1035, #390 ) ;
#1618 = CARTESIAN_POINT ( 'NONE',  ( 28.99999999999999645, 1.686341760833640180, -37.96112570923076390 ) ) ;
#1619 = DIRECTION ( 'NONE',  ( 0.000000000000000000, 1.000000000000000000, 0.000000000000000000 ) ) ;
#1620 = CARTESIAN_POINT ( 'NONE',  ( -10.00000000000000000, 8.500000000000000000, -37.00000000000000711 ) ) ;
#1621 = AXIS2_PLACEMENT_3D ( 'NONE', #6751, #1793, #1925 ) ;
#1622 = LINE ( 'NONE', #4462, #386 ) ;
#1623 = DIRECTION ( 'NONE',  ( 0.000000000000000000, 1.000000000000000000, 0.000000000000000000 ) ) ;
#1624 = VERTEX_POINT ( 'NONE', #1663 ) ;
#1625 = CYLINDRICAL_SURFACE ( 'NONE', #8429, 1.999999999999994893 ) ;
#1626 = VECTOR ( 'NONE', #1805, 1000.000000000000000 ) ;
#1627 = EDGE_CURVE ( 'NONE', #6516, #3163, #5234, .T. ) ;
#1628 = LINE ( 'NONE', #3482, #8241 ) ;
#1629 = VERTEX_POINT ( 'NONE', #4546 ) ;
#1630 = CARTESIAN_POINT ( 'NONE',  ( -36.00000000000000711, 13.00000000000000000, 6.936491673103633460 ) ) ;
#1631 = DIRECTION ( 'NONE',  ( 0.000000000000000000, 0.000000000000000000, 1.000000000000000000 ) ) ;
#1632 = CARTESIAN_POINT ( 'NONE',  ( -40.00000000000000000, 13.00000000000000000, -34.99999999999999289 ) ) ;
#1633 = FACE_OUTER_BOUND ( 'NONE', #3396, .T. ) ;
#1634 =( NAMED_UNIT ( * ) SI_UNIT ( $, .STERADIAN. ) SOLID_ANGLE_UNIT ( ) );
#1635 = VERTEX_POINT ( 'NONE', #8598 ) ;
#1636 = ORIENTED_EDGE ( 'NONE', *, *, #4955, .F. ) ;
#1637 = EDGE_CURVE ( 'NONE', #8026, #6629, #5190, .T. ) ;
#1638 = VERTEX_POINT ( 'NONE', #6485 ) ;
#1639 = EDGE_LOOP ( 'NONE', ( #3223, #4517, #6028, #8423, #3121, #3583, #481, #5701 ) ) ;
#1640 = CARTESIAN_POINT ( 'NONE',  ( 13.49999999999956124, 11.00000000000000000, 14.99999999999999289 ) ) ;
#1641 = CARTESIAN_POINT ( 'NONE',  ( -36.00000000000000711, 11.00000000000000000, 26.93649167310357839 ) ) ;
#1642 = CARTESIAN_POINT ( 'NONE',  ( 25.49999999999997513, 13.00000000000000000, -15.00000000000001066 ) ) ;
#1643 = VECTOR ( 'NONE', #2729, 1000.000000000000000 ) ;
#1644 = EDGE_LOOP ( 'NONE', ( #5670, #575, #8631, #6827 ) ) ;
#1645 = DIRECTION ( 'NONE',  ( 0.000000000000000000, 0.000000000000000000, 1.000000000000000000 ) ) ;
#1646 = ORIENTED_EDGE ( 'NONE', *, *, #1655, .F. ) ;
#1647 = ORIENTED_EDGE ( 'NONE', *, *, #4944, .F. ) ;
#1648 = EDGE_LOOP ( 'NONE', ( #7072, #5952, #5575, #4078 ) ) ;
#1649 = LINE ( 'NONE', #1068, #7150 ) ;
#1650 = VECTOR ( 'NONE', #7907, 1000.000000000000000 ) ;
#1651 = DIRECTION ( 'NONE',  ( 0.000000000000000000, 1.000000000000000000, 0.000000000000000000 ) ) ;
#1652 = VERTEX_POINT ( 'NONE', #1130 ) ;
#1653 = ORIENTED_EDGE ( 'NONE', *, *, #3053, .T. ) ;
#1654 = LINE ( 'NONE', #2368, #880 ) ;
#1655 = EDGE_CURVE ( 'NONE', #7044, #2798, #7606, .T. ) ;
#1656 = EDGE_CURVE ( 'NONE', #8119, #118, #1556, .T. ) ;
#1657 = CARTESIAN_POINT ( 'NONE',  ( 48.50000000000045475, 11.00000000000000000, 14.99999999999999289 ) ) ;
#1658 = CARTESIAN_POINT ( 'NONE',  ( 16.00000000000000000, 1.482579449344031186, -40.07823415845573578 ) ) ;
#1659 = CARTESIAN_POINT ( 'NONE',  ( 23.49999999999997868, 11.00000000000000000, -15.00000000000001066 ) ) ;
#1660 = CARTESIAN_POINT ( 'NONE',  ( 16.00000000000000000, 2.193749999999964118, -37.26548865453413129 ) ) ;
#1661 = VERTEX_POINT ( 'NONE', #3877 ) ;
#1662 = FACE_BOUND ( 'NONE', #5046, .T. ) ;
#1663 = CARTESIAN_POINT ( 'NONE',  ( -10.50000000000003020, 11.00000000000000000, -15.00000000000001066 ) ) ;
#1664 = ADVANCED_FACE ( 'NONE', ( #8510 ), #3192, .F. ) ;
#1665 = CARTESIAN_POINT ( 'NONE',  ( -28.99999999999999645, 0.5374552005777342156, -36.79185932787714819 ) ) ;
#1666 = VERTEX_POINT ( 'NONE', #948 ) ;
#1667 = FACE_OUTER_BOUND ( 'NONE', #5565, .T. ) ;
#1668 = ORIENTED_EDGE ( 'NONE', *, *, #238, .T. ) ;
#1669 = CARTESIAN_POINT ( 'NONE',  ( -0.5000000000000213163, 11.00000000000000000, -25.00000000000000711 ) ) ;
#1670 = EDGE_CURVE ( 'NONE', #8347, #7392, #6445, .T. ) ;
#1671 = VECTOR ( 'NONE', #1850, 1000.000000000000000 ) ;
#1672 = AXIS2_PLACEMENT_3D ( 'NONE', #432, #8667, #7325 ) ;
#1673 = AXIS2_PLACEMENT_3D ( 'NONE', #1318, #4071, #2709 ) ;
#1674 = DIRECTION ( 'NONE',  ( 1.334402673828313339E-16, -1.000000000000000000, -0.000000000000000000 ) ) ;
#1675 = ORIENTED_EDGE ( 'NONE', *, *, #8048, .T. ) ;
#1676 = PLANE ( 'NONE',  #1554 ) ;
#1677 = CIRCLE ( 'NONE', #8293, 1.999999999999994893 ) ;
#1678 = CIRCLE ( 'NONE', #2880, 1.999999999999994893 ) ;
#1679 = DIRECTION ( 'NONE',  ( 1.000000000000000000, 0.000000000000000000, -0.000000000000000000 ) ) ;
#1680 = CARTESIAN_POINT ( 'NONE',  ( -28.99999999999999645, 12.61177143234621489, -43.10301176958667924 ) ) ;
#1681 = CARTESIAN_POINT ( 'NONE',  ( -13.00000000000000178, 4.299999999999999822, 47.00000000000000711 ) ) ;
#1682 = EDGE_CURVE ( 'NONE', #2763, #5608, #5770, .T. ) ;
#1683 = AXIS2_PLACEMENT_3D ( 'NONE', #1742, #6475, #7914 ) ;
#1684 = VECTOR ( 'NONE', #7922, 1000.000000000000000 ) ;
#1685 = ORIENTED_EDGE ( 'NONE', *, *, #2526, .T. ) ;
#1686 = VERTEX_POINT ( 'NONE', #3327 ) ;
#1687 = AXIS2_PLACEMENT_3D ( 'NONE', #2429, #864, #8786 ) ;
#1688 = LINE ( 'NONE', #4520, #4221 ) ;
#1689 = ORIENTED_EDGE ( 'NONE', *, *, #3777, .F. ) ;
#1690 = AXIS2_PLACEMENT_3D ( 'NONE', #5326, #1892, #6893 ) ;
#1691 = ORIENTED_EDGE ( 'NONE', *, *, #1058, .F. ) ;
#1692 = CARTESIAN_POINT ( 'NONE',  ( -12.50000000000044764, 11.00000000000000000, 24.99999999999998934 ) ) ;
#1693 = FACE_OUTER_BOUND ( 'NONE', #1777, .T. ) ;
#1694 = CARTESIAN_POINT ( 'NONE',  ( 17.00000000000000000, 12.99999999999999822, -45.65412303015307316 ) ) ;
#1695 = CARTESIAN_POINT ( 'NONE',  ( -22.50000000000003553, 11.00000000000000000, -25.00000000000000711 ) ) ;
#1696 = EDGE_CURVE ( 'NONE', #3040, #33, #6733, .T. ) ;
#1697 = ORIENTED_EDGE ( 'NONE', *, *, #4389, .T. ) ;
#1698 = ORIENTED_EDGE ( 'NONE', *, *, #5189, .T. ) ;
#1699 = VECTOR ( 'NONE', #5413, 1000.000000000000000 ) ;
#1700 = EDGE_LOOP ( 'NONE', ( #3724, #478, #8460, #7278 ) ) ;
#1701 = CARTESIAN_POINT ( 'NONE',  ( -16.00000000000000000, 12.99999999999999822, -41.65412303015308737 ) ) ;
#1702 = AXIS2_PLACEMENT_3D ( 'NONE', #1620, #996, #1039 ) ;
#1703 = ORIENTED_EDGE ( 'NONE', *, *, #2013, .F. ) ;
#1704 = FACE_OUTER_BOUND ( 'NONE', #5577, .T. ) ;
#1705 = ORIENTED_EDGE ( 'NONE', *, *, #7553, .T. ) ;
#1706 = CARTESIAN_POINT ( 'NONE',  ( 28.99999999999999645, -11.41562369461536441, -35.50096189432333915 ) ) ;
#1707 = VECTOR ( 'NONE', #7397, 1000.000000000000000 ) ;
#1708 = CARTESIAN_POINT ( 'NONE',  ( 28.99999999999999645, 1.349999999999985656, -36.02057713659399951 ) ) ;
#1709 = CARTESIAN_POINT ( 'NONE',  ( 16.00000000000000000, 1.932599152608164950, -40.24153618139798283 ) ) ;
#1710 = AXIS2_PLACEMENT_3D ( 'NONE', #4642, #7441, #1222 ) ;
#1711 = DIRECTION ( 'NONE',  ( -0.000000000000000000, -1.000000000000000000, -0.000000000000000000 ) ) ;
#1712 = CARTESIAN_POINT ( 'NONE',  ( 16.00000000000000000, 2.033991634547325678, -37.36188211779253265 ) ) ;
#1713 = AXIS2_PLACEMENT_3D ( 'NONE', #4884, #8380, #6184 ) ;
#1714 = FACE_BOUND ( 'NONE', #4407, .T. ) ;
#1715 = ADVANCED_FACE ( 'NONE', ( #492 ), #5276, .F. ) ;
#1716 = DIRECTION ( 'NONE',  ( 1.000000000000000000, 0.000000000000000000, -0.000000000000000000 ) ) ;
#1717 = DIRECTION ( 'NONE',  ( 0.000000000000000000, -8.673617379884034239E-17, 1.000000000000000000 ) ) ;
#1718 = LINE ( 'NONE', #7842, #6991 ) ;
#1719 = ORIENTED_EDGE ( 'NONE', *, *, #2473, .T. ) ;
#1720 = CARTESIAN_POINT ( 'NONE',  ( 28.99999999999999645, 1.904716196264206962, -40.23406496576305358 ) ) ;
#1721 = EDGE_CURVE ( 'NONE', #764, #5843, #6794, .T. ) ;
#1722 = DIRECTION ( 'NONE',  ( -0.000000000000000000, -1.000000000000000000, -0.000000000000000000 ) ) ;
#1723 = ORIENTED_EDGE ( 'NONE', *, *, #762, .T. ) ;
#1724 = CARTESIAN_POINT ( 'NONE',  ( -19.50000000000000355, 9.599999999999999645, -44.85412303015306179 ) ) ;
#1725 = CARTESIAN_POINT ( 'NONE',  ( 1.499999999999557243, 11.00000000000000000, 14.99999999999999289 ) ) ;
#1726 = FACE_BOUND ( 'NONE', #8813, .T. ) ;
#1727 = ORIENTED_EDGE ( 'NONE', *, *, #1803, .T. ) ;
#1728 = ORIENTED_EDGE ( 'NONE', *, *, #8700, .T. ) ;
#1729 = ADVANCED_FACE ( 'NONE', ( #7522 ), #2602, .F. ) ;
#1730 = CARTESIAN_POINT ( 'NONE',  ( 22.50000000000024158, 13.00000000000000000, -5.000000000000007994 ) ) ;
#1731 = EDGE_LOOP ( 'NONE', ( #4480, #7360, #5910, #7137 ) ) ;
#1732 = ORIENTED_EDGE ( 'NONE', *, *, #3462, .F. ) ;
#1733 = FACE_OUTER_BOUND ( 'NONE', #669, .T. ) ;
#1734 = DIRECTION ( 'NONE',  ( -1.000000000000000000, 0.000000000000000000, 0.000000000000000000 ) ) ;
#1735 = CIRCLE ( 'NONE', #3623, 1.999999999999994893 ) ;
#1736 = DIRECTION ( 'NONE',  ( 0.000000000000000000, 0.000000000000000000, 1.000000000000000000 ) ) ;
#1737 = LINE ( 'NONE', #1991, #6158 ) ;
#1738 = ORIENTED_EDGE ( 'NONE', *, *, #3816, .F. ) ;
#1739 = VERTEX_POINT ( 'NONE', #3372 ) ;
#1740 = VERTEX_POINT ( 'NONE', #6120 ) ;
#1741 = EDGE_CURVE ( 'NONE', #7658, #2623, #1844, .T. ) ;
#1742 = CARTESIAN_POINT ( 'NONE',  ( -12.50000000000044054, 11.00000000000000000, 14.99999999999999289 ) ) ;
#1743 = VECTOR ( 'NONE', #4000, 1000.000000000000000 ) ;
#1744 = ADVANCED_FACE ( 'NONE', ( #5451 ), #4596, .F. ) ;
#1745 = ORIENTED_EDGE ( 'NONE', *, *, #8652, .F. ) ;
#1746 = CARTESIAN_POINT ( 'NONE',  ( 25.49999999999956302, 11.00000000000000000, 14.99999999999999289 ) ) ;
#1747 = EDGE_LOOP ( 'NONE', ( #4808, #2732, #1473, #5391 ) ) ;
#1748 = DIRECTION ( 'NONE',  ( 0.000000000000000000, 0.000000000000000000, 1.000000000000000000 ) ) ;
#1749 = CARTESIAN_POINT ( 'NONE',  ( -12.00000000000000355, 12.00000000000000000, 6.936491673103633460 ) ) ;
#1750 = CARTESIAN_POINT ( 'NONE',  ( 28.99999999999999645, 0.2786210752833564452, -38.76037188570457204 ) ) ;
#1751 = CARTESIAN_POINT ( 'NONE',  ( -16.00000000000000000, 3.000000000000000000, -35.50096189432333915 ) ) ;
#1752 = EDGE_CURVE ( 'NONE', #6742, #6668, #4006, .T. ) ;
#1753 = CARTESIAN_POINT ( 'NONE',  ( 28.99999999999999645, 2.348710676605911374, -38.80011865759941969 ) ) ;
#1754 = LINE ( 'NONE', #5853, #8834 ) ;
#1755 = EDGE_CURVE ( 'NONE', #3765, #8229, #7315, .T. ) ;
#1756 = DIRECTION ( 'NONE',  ( 0.000000000000000000, 1.000000000000000000, 0.000000000000000000 ) ) ;
#1757 = VECTOR ( 'NONE', #156, 1000.000000000000000 ) ;
#1758 = DIRECTION ( 'NONE',  ( -1.334402673828313339E-16, 1.000000000000000000, -0.000000000000000000 ) ) ;
#1759 = ORIENTED_EDGE ( 'NONE', *, *, #7449, .F. ) ;
#1760 = CARTESIAN_POINT ( 'NONE',  ( -12.50000000000023270, 11.00000000000000000, -5.000000000000007994 ) ) ;
#1761 = ORIENTED_EDGE ( 'NONE', *, *, #5054, .T. ) ;
#1762 = DIRECTION ( 'NONE',  ( -6.938893903907233111E-15, -1.000000000000000000, 0.000000000000000000 ) ) ;
#1763 = EDGE_CURVE ( 'NONE', #5080, #7699, #3288, .T. ) ;
#1764 = FACE_OUTER_BOUND ( 'NONE', #8501, .T. ) ;
#1765 = ORIENTED_EDGE ( 'NONE', *, *, #1332, .T. ) ;
#1766 = CARTESIAN_POINT ( 'NONE',  ( 1.499999999999973577, 13.00000000000000000, -25.00000000000000711 ) ) ;
#1767 = CARTESIAN_POINT ( 'NONE',  ( 46.50000000000025580, 13.00000000000000000, 4.999999999999990230 ) ) ;
#1768 = EDGE_CURVE ( 'NONE', #1638, #7541, #8101, .T. ) ;
#1769 = LINE ( 'NONE', #8521, #4866 ) ;
#1770 = ADVANCED_FACE ( 'NONE', ( #2018 ), #5321, .F. ) ;
#1771 = PERSON_AND_ORGANIZATION_ROLE ( 'creator' ) ;
#1772 = VECTOR ( 'NONE', #2443, 1000.000000000000000 ) ;
#1773 = EDGE_LOOP ( 'NONE', ( #3993, #2237, #4186, #5288, #7954, #7242 ) ) ;
#1774 = ORIENTED_EDGE ( 'NONE', *, *, #5777, .F. ) ;
#1775 = CARTESIAN_POINT ( 'NONE',  ( 13.49999999999976907, 11.00000000000000000, 4.999999999999990230 ) ) ;
#1776 = VERTEX_POINT ( 'NONE', #1258 ) ;
#1777 = EDGE_LOOP ( 'NONE', ( #2856, #4940, #5922, #4117 ) ) ;
#1778 = LINE ( 'NONE', #4037, #2508 ) ;
#1779 = LINE ( 'NONE', #7862, #4121 ) ;
#1780 = CARTESIAN_POINT ( 'NONE',  ( 23.49999999999977263, 11.00000000000000000, 4.999999999999990230 ) ) ;
#1781 = ORIENTED_EDGE ( 'NONE', *, *, #152, .T. ) ;
#1782 = EDGE_CURVE ( 'NONE', #7045, #8720, #4010, .T. ) ;
#1783 = EDGE_LOOP ( 'NONE', ( #4070, #6255, #8262, #4086 ) ) ;
#1784 = CARTESIAN_POINT ( 'NONE',  ( -9.999999999999998224, 1.925929944387235853E-31, -37.00000000000000711 ) ) ;
#1785 = ORIENTED_EDGE ( 'NONE', *, *, #6557, .F. ) ;
#1786 = CARTESIAN_POINT ( 'NONE',  ( 25.50000000000000355, 11.50000000000000000, -44.85412303015305469 ) ) ;
#1787 = ORIENTED_EDGE ( 'NONE', *, *, #2657, .F. ) ;
#1788 = DIRECTION ( 'NONE',  ( -0.000000000000000000, -0.8660254037844389297, -0.4999999999999993339 ) ) ;
#1789 = LINE ( 'NONE', #6518, #645 ) ;
#1790 = CARTESIAN_POINT ( 'NONE',  ( -11.49999999999998224, 11.00000000000000000, -25.00000000000000711 ) ) ;
#1791 = EDGE_CURVE ( 'NONE', #8842, #3850, #4098, .T. ) ;
#1792 = DIRECTION ( 'NONE',  ( 0.000000000000000000, 0.000000000000000000, 1.000000000000000000 ) ) ;
#1793 = DIRECTION ( 'NONE',  ( -0.000000000000000000, -1.000000000000000000, -0.000000000000000000 ) ) ;
#1794 = VECTOR ( 'NONE', #8859, 1000.000000000000000 ) ;
#1795 = CARTESIAN_POINT ( 'NONE',  ( 19.50000000000000355, 11.37254603007775344, -41.21804805317503906 ) ) ;
#1796 = LINE ( 'NONE', #5855, #839 ) ;
#1797 = CARTESIAN_POINT ( 'NONE',  ( -37.49999999999977973, 11.00000000000000000, 4.999999999999990230 ) ) ;
#1798 = CARTESIAN_POINT ( 'NONE',  ( -16.00000000000000000, 0.9765836600441758497, -36.27447151858363839 ) ) ;
#1799 = VECTOR ( 'NONE', #3487, 1000.000000000000000 ) ;
#1800 = CARTESIAN_POINT ( 'NONE',  ( 25.50000000000000355, 11.50000000000000000, -41.65412303015307316 ) ) ;
#1801 = ORIENTED_EDGE ( 'NONE', *, *, #8479, .F. ) ;
#1802 = PLANE ( 'NONE',  #8003 ) ;
#1803 = EDGE_CURVE ( 'NONE', #2629, #7593, #1211, .T. ) ;
#1804 = AXIS2_PLACEMENT_3D ( 'NONE', #4191, #2198, #8370 ) ;
#1805 = DIRECTION ( 'NONE',  ( 0.000000000000000000, 1.000000000000000000, 0.000000000000000000 ) ) ;
#1806 = ORIENTED_EDGE ( 'NONE', *, *, #2335, .T. ) ;
#1807 = DIRECTION ( 'NONE',  ( -0.000000000000000000, -1.000000000000000000, -0.000000000000000000 ) ) ;
#1808 = CARTESIAN_POINT ( 'NONE',  ( -24.50000000000044409, 11.00000000000000000, 14.99999999999999289 ) ) ;
#1809 = FACE_BOUND ( 'NONE', #6235, .T. ) ;
#1810 = AXIS2_PLACEMENT_3D ( 'NONE', #3264, #8849, #1330 ) ;
#1811 = ORIENTED_EDGE ( 'NONE', *, *, #5604, .F. ) ;
#1812 = VECTOR ( 'NONE', #5240, 1000.000000000000000 ) ;
#1813 = ORIENTED_EDGE ( 'NONE', *, *, #6124, .F. ) ;
#1814 = AXIS2_PLACEMENT_3D ( 'NONE', #1942, #2708, #2572 ) ;
#1815 = EDGE_CURVE ( 'NONE', #577, #7092, #1301, .T. ) ;
#1816 = CARTESIAN_POINT ( 'NONE',  ( -29.99999999999997868, 3.000000000000190958, -25.99999999999998934 ) ) ;
#1817 = VERTEX_POINT ( 'NONE', #1170 ) ;
#1818 = VECTOR ( 'NONE', #295, 1000.000000000000000 ) ;
#1819 = LINE ( 'NONE', #7321, #4482 ) ;
#1820 = ORIENTED_EDGE ( 'NONE', *, *, #1304, .T. ) ;
#1821 = DIRECTION ( 'NONE',  ( 0.000000000000000000, 0.000000000000000000, 1.000000000000000000 ) ) ;
#1822 = VECTOR ( 'NONE', #3200, 1000.000000000000000 ) ;
#1823 = CARTESIAN_POINT ( 'NONE',  ( 10.00000000000000000, 8.500000000000000000, -37.00000000000000711 ) ) ;
#1824 = LINE ( 'NONE', #5926, #1958 ) ;
#1825 = VERTEX_POINT ( 'NONE', #628 ) ;
#1826 = VERTEX_POINT ( 'NONE', #674 ) ;
#1827 = ORIENTED_EDGE ( 'NONE', *, *, #5427, .F. ) ;
#1828 = PLANE ( 'NONE',  #1339 ) ;
#1829 = AXIS2_PLACEMENT_3D ( 'NONE', #4091, #6164, #8912 ) ;
#1830 = EDGE_CURVE ( 'NONE', #2547, #2069, #3417, .T. ) ;
#1831 = EDGE_LOOP ( 'NONE', ( #6416, #5784, #6016, #8797 ) ) ;
#1832 = DIRECTION ( 'NONE',  ( 1.000000000000000000, -0.000000000000000000, 1.982541115402065356E-16 ) ) ;
#1833 = CIRCLE ( 'NONE', #4840, 1.999999999999994893 ) ;
#1834 = ORIENTED_EDGE ( 'NONE', *, *, #4285, .T. ) ;
#1835 = DIRECTION ( 'NONE',  ( -1.000000000000000000, 0.000000000000000000, 0.000000000000000000 ) ) ;
#1836 = EDGE_CURVE ( 'NONE', #5032, #6530, #7760, .T. ) ;
#1837 = DIRECTION ( 'NONE',  ( 0.000000000000000000, 1.000000000000000000, 0.000000000000000000 ) ) ;
#1838 = AXIS2_PLACEMENT_3D ( 'NONE', #3037, #6508, #4269 ) ;
#1839 = CARTESIAN_POINT ( 'NONE',  ( 28.99999999999999645, 9.042753020318221147, -42.14669616830465770 ) ) ;
#1840 = CARTESIAN_POINT ( 'NONE',  ( 48.00000000000001421, 11.00000000000000000, -13.06350832689631325 ) ) ;
#1841 = CARTESIAN_POINT ( 'NONE',  ( 36.00000000000000711, 13.00000000000000000, -26.93649167310370629 ) ) ;
#1842 = CYLINDRICAL_SURFACE ( 'NONE', #489, 1.999999999999994893 ) ;
#1843 = CIRCLE ( 'NONE', #5444, 1.999999999999994893 ) ;
#1844 = LINE ( 'NONE', #542, #6167 ) ;
#1845 = EDGE_CURVE ( 'NONE', #7304, #5893, #4450, .T. ) ;
#1846 = DIRECTION ( 'NONE',  ( 0.000000000000000000, 0.000000000000000000, 1.000000000000000000 ) ) ;
#1847 = AXIS2_PLACEMENT_3D ( 'NONE', #7029, #6223, #185 ) ;
#1848 = LINE ( 'NONE', #2932, #1521 ) ;
#1849 = CARTESIAN_POINT ( 'NONE',  ( 13.00000000000000178, 7.599999999999995204, 47.00000000000001421 ) ) ;
#1850 = DIRECTION ( 'NONE',  ( 0.000000000000000000, 1.000000000000000000, 0.000000000000000000 ) ) ;
#1851 = ORIENTED_EDGE ( 'NONE', *, *, #7905, .F. ) ;
#1852 = PLANE ( 'NONE',  #4708 ) ;
#1853 = CIRCLE ( 'NONE', #5876, 1.000000000000000888 ) ;
#1854 = ADVANCED_FACE ( 'NONE', ( #6889 ), #7618, .F. ) ;
#1855 = DIRECTION ( 'NONE',  ( -1.000000000000000000, 0.000000000000000000, 0.000000000000000000 ) ) ;
#1856 = ORIENTED_EDGE ( 'NONE', *, *, #3168, .F. ) ;
#1857 = AXIS2_PLACEMENT_3D ( 'NONE', #2735, #2868, #4867 ) ;
#1858 = LINE ( 'NONE', #4605, #2990 ) ;
#1859 = CARTESIAN_POINT ( 'NONE',  ( -25.49999999999976552, 11.00000000000000000, 4.999999999999990230 ) ) ;
#1860 = DIRECTION ( 'NONE',  ( 0.000000000000000000, 1.000000000000000000, 0.000000000000000000 ) ) ;
#1861 = ORIENTED_EDGE ( 'NONE', *, *, #2410, .T. ) ;
#1862 = ORIENTED_EDGE ( 'NONE', *, *, #2029, .F. ) ;
#1863 = LINE ( 'NONE', #426, #1772 ) ;
#1864 = ORIENTED_EDGE ( 'NONE', *, *, #7449, .T. ) ;
#1865 = EDGE_CURVE ( 'NONE', #1629, #7268, #2110, .T. ) ;
#1866 = CARTESIAN_POINT ( 'NONE',  ( 35.49999999999998579, 11.00000000000000000, -15.00000000000001066 ) ) ;
#1867 = VERTEX_POINT ( 'NONE', #2236 ) ;
#1868 = DIRECTION ( 'NONE',  ( -0.000000000000000000, -0.000000000000000000, -1.000000000000000000 ) ) ;
#1869 = DIRECTION ( 'NONE',  ( 0.000000000000000000, 1.000000000000000000, 0.000000000000000000 ) ) ;
#1870 = DIRECTION ( 'NONE',  ( 1.334402673828313339E-16, 1.000000000000000000, 0.000000000000000000 ) ) ;
#1871 = ORIENTED_EDGE ( 'NONE', *, *, #3610, .T. ) ;
#1872 = VERTEX_POINT ( 'NONE', #1 ) ;
#1873 = ORIENTED_EDGE ( 'NONE', *, *, #550, .T. ) ;
#1874 = CARTESIAN_POINT ( 'NONE',  ( -46.50000000000024869, 11.00000000000000000, -5.000000000000007994 ) ) ;
#1875 = ORIENTED_EDGE ( 'NONE', *, *, #2173, .T. ) ;
#1876 = EDGE_CURVE ( 'NONE', #5383, #4519, #8231, .T. ) ;
#1877 = VERTEX_POINT ( 'NONE', #3593 ) ;
#1878 = LINE ( 'NONE', #2593, #1597 ) ;
#1879 = LINE ( 'NONE', #3954, #8843 ) ;
#1880 = CARTESIAN_POINT ( 'NONE',  ( 28.99999999999999645, 2.127779847016116221, -40.29383469084289260 ) ) ;
#1881 = EDGE_CURVE ( 'NONE', #2810, #2801, #3145, .T. ) ;
#1882 = EDGE_CURVE ( 'NONE', #3038, #4929, #7469, .T. ) ;
#1883 = CARTESIAN_POINT ( 'NONE',  ( 10.50000000000024514, 11.00000000000000000, 4.999999999999990230 ) ) ;
#1884 = DIRECTION ( 'NONE',  ( 0.000000000000000000, 0.000000000000000000, 1.000000000000000000 ) ) ;
#1885 = VECTOR ( 'NONE', #5355, 1000.000000000000000 ) ;
#1886 = LINE ( 'NONE', #5363, #4376 ) ;
#1887 = B_SPLINE_CURVE_WITH_KNOTS ( 'NONE', 3,
 ( #1909, #4658, #4525, #7411 ),
 .UNSPECIFIED., .F., .F.,
 ( 4, 4 ),
 ( 1.467753418258152338E-15, 0.001967024742792139805 ),
 .UNSPECIFIED. ) ;
#1888 = DIRECTION ( 'NONE',  ( 0.000000000000000000, 0.000000000000000000, 1.000000000000000000 ) ) ;
#1889 = CARTESIAN_POINT ( 'NONE',  ( -23.49999999999998579, 11.00000000000000000, -25.00000000000000711 ) ) ;
#1890 = CARTESIAN_POINT ( 'NONE',  ( -22.50000000000000000, 11.50000000001249312, -42.80511351211193016 ) ) ;
#1891 = LINE ( 'NONE', #4637, #3269 ) ;
#1892 = DIRECTION ( 'NONE',  ( -0.000000000000000000, -1.000000000000000000, -0.000000000000000000 ) ) ;
#1893 = ORIENTED_EDGE ( 'NONE', *, *, #8068, .F. ) ;
#1894 = DIRECTION ( 'NONE',  ( 0.000000000000000000, 1.000000000000000000, 0.000000000000000000 ) ) ;
#1895 = VECTOR ( 'NONE', #3234, 1000.000000000000000 ) ;
#1896 = CARTESIAN_POINT ( 'NONE',  ( -1.499999999999557243, 11.00000000000000000, 14.99999999999999289 ) ) ;
#1897 = CYLINDRICAL_SURFACE ( 'NONE', #6027, 1.999999999999994893 ) ;
#1898 = DIRECTION ( 'NONE',  ( 1.000000000000000000, 0.000000000000000000, 0.000000000000000000 ) ) ;
#1899 = DIRECTION ( 'NONE',  ( 0.000000000000000000, 0.000000000000000000, 1.000000000000000000 ) ) ;
#1900 = VERTEX_POINT ( 'NONE', #4999 ) ;
#1901 = CARTESIAN_POINT ( 'NONE',  ( -28.99999999999999645, 2.999999999999988898, -36.79999999999999005 ) ) ;
#1902 = ADVANCED_FACE ( 'NONE', ( #8327 ), #4230, .F. ) ;
#1903 = ORIENTED_EDGE ( 'NONE', *, *, #815, .T. ) ;
#1904 = EDGE_LOOP ( 'NONE', ( #4959, #2395, #8803, #2907, #2053, #5494, #3966, #5111, #4240, #6772, #3001, #75 ) ) ;
#1905 = CARTESIAN_POINT ( 'NONE',  ( -28.99999999999999645, 13.00000000000000000, -46.65412303015307316 ) ) ;
#1906 = ORIENTED_EDGE ( 'NONE', *, *, #8621, .T. ) ;
#1907 = CARTESIAN_POINT ( 'NONE',  ( 28.99999999999999645, 11.50000000000543920, -42.80511351211973903 ) ) ;
#1908 = ORIENTED_EDGE ( 'NONE', *, *, #4333, .T. ) ;
#1909 = CARTESIAN_POINT ( 'NONE',  ( 25.50000000000000355, 9.600000000001417177, -42.29601004648966978 ) ) ;
#1910 = CARTESIAN_POINT ( 'NONE',  ( -16.00000000000000000, 1.317063637212506411, -36.03961332303667575 ) ) ;
#1911 = LINE ( 'NONE', #3898, #377 ) ;
#1912 = VERTEX_POINT ( 'NONE', #2910 ) ;
#1913 = VERTEX_POINT ( 'NONE', #174 ) ;
#1914 = ORIENTED_EDGE ( 'NONE', *, *, #1595, .T. ) ;
#1915 = ADVANCED_FACE ( 'NONE', ( #7015 ), #6254, .F. ) ;
#1916 = VERTEX_POINT ( 'NONE', #763 ) ;
#1917 = AXIS2_PLACEMENT_3D ( 'NONE', #6274, #5558, #153 ) ;
#1918 = ORIENTED_EDGE ( 'NONE', *, *, #12, .T. ) ;
#1919 = ORIENTED_EDGE ( 'NONE', *, *, #3085, .F. ) ;
#1920 = ORIENTED_EDGE ( 'NONE', *, *, #211, .F. ) ;
#1921 = DIRECTION ( 'NONE',  ( -1.334402673828313339E-16, 1.000000000000000000, -0.000000000000000000 ) ) ;
#1922 = CARTESIAN_POINT ( 'NONE',  ( -49.49999999999977973, 11.00000000000000000, -5.000000000000007994 ) ) ;
#1923 = CARTESIAN_POINT ( 'NONE',  ( -28.99999999999999645, 1.686394675320369352, -37.96069810365620611 ) ) ;
#1924 = CARTESIAN_POINT ( 'NONE',  ( 0.000000000000000000, 11.00000000000000000, 26.93649167310357839 ) ) ;
#1925 = DIRECTION ( 'NONE',  ( 0.000000000000000000, 0.000000000000000000, 1.000000000000000000 ) ) ;
#1926 = LINE ( 'NONE', #6701, #8396 ) ;
#1927 = ADVANCED_FACE ( 'NONE', ( #87 ), #2822, .F. ) ;
#1928 = CARTESIAN_POINT ( 'NONE',  ( -13.00000000000000178, 7.599999999999999645, -37.00000000000000711 ) ) ;
#1929 = CARTESIAN_POINT ( 'NONE',  ( 22.50000000000045119, 11.00000000000000000, 14.99999999999999289 ) ) ;
#1930 = DIRECTION ( 'NONE',  ( 0.000000000000000000, 0.000000000000000000, 1.000000000000000000 ) ) ;
#1931 = CARTESIAN_POINT ( 'NONE',  ( -16.00000000000000000, 0.1900905292682650571, -38.08749960155653724 ) ) ;
#1932 = CARTESIAN_POINT ( 'NONE',  ( -23.49999999999998579, 11.00000000000000000, -25.00000000000000711 ) ) ;
#1933 = ORIENTED_EDGE ( 'NONE', *, *, #5805, .T. ) ;
#1934 = CARTESIAN_POINT ( 'NONE',  ( 36.00000000000000711, 11.00000000000000000, -13.06350832689631325 ) ) ;
#1935 = CIRCLE ( 'NONE', #4384, 1.999999999999994893 ) ;
#1936 = EDGE_CURVE ( 'NONE', #2692, #6427, #803, .T. ) ;
#1937 = CARTESIAN_POINT ( 'NONE',  ( -19.50000000000000355, 9.599999999999999645, -44.85412303015306179 ) ) ;
#1938 = AXIS2_PLACEMENT_3D ( 'NONE', #1692, #8574, #7818 ) ;
#1939 = LINE ( 'NONE', #2074, #1699 ) ;
#1940 = PLANE ( 'NONE',  #5600 ) ;
#1941 = EDGE_CURVE ( 'NONE', #3217, #189, #1523, .T. ) ;
#1942 = CARTESIAN_POINT ( 'NONE',  ( -47.49999999999998579, 11.00000000000000000, -15.00000000000001066 ) ) ;
#1943 = DIRECTION ( 'NONE',  ( -0.000000000000000000, -1.000000000000000000, -0.000000000000000000 ) ) ;
#1944 = ORIENTED_EDGE ( 'NONE', *, *, #6519, .T. ) ;
#1945 = CIRCLE ( 'NONE', #7713, 1.000000000000000888 ) ;
#1946 = DIRECTION ( 'NONE',  ( 0.000000000000000000, 1.000000000000000000, 0.000000000000000000 ) ) ;
#1947 = DIRECTION ( 'NONE',  ( 0.000000000000000000, 1.000000000000000000, 0.000000000000000000 ) ) ;
#1948 = ORIENTED_EDGE ( 'NONE', *, *, #3401, .F. ) ;
#1949 = ADVANCED_FACE ( 'NONE', ( #851 ), #7746, .F. ) ;
#1950 = DIRECTION ( 'NONE',  ( 0.000000000000000000, 0.000000000000000000, 1.000000000000000000 ) ) ;
#1951 = ORIENTED_EDGE ( 'NONE', *, *, #2481, .F. ) ;
#1952 = CARTESIAN_POINT ( 'NONE',  ( 25.50000000000000355, 9.599999999999999645, -40.74309577588133635 ) ) ;
#1953 = CARTESIAN_POINT ( 'NONE',  ( -16.00000000000000000, 0.1607325623968419159, -37.86491972910407355 ) ) ;
#1954 = CARTESIAN_POINT ( 'NONE',  ( -37.49999999999977973, 11.00000000000000000, -5.000000000000007994 ) ) ;
#1955 = ORIENTED_EDGE ( 'NONE', *, *, #7019, .T. ) ;
#1956 = VECTOR ( 'NONE', #4832, 1000.000000000000000 ) ;
#1957 = ORIENTED_EDGE ( 'NONE', *, *, #2041, .F. ) ;
#1958 = VECTOR ( 'NONE', #6603, 1000.000000000000000 ) ;
#1959 = EDGE_LOOP ( 'NONE', ( #3000, #6676, #2147, #6906 ) ) ;
#1960 = AXIS2_PLACEMENT_3D ( 'NONE', #7402, #3302, #1364 ) ;
#1961 = ORIENTED_EDGE ( 'NONE', *, *, #6338, .T. ) ;
#1962 = ORIENTED_EDGE ( 'NONE', *, *, #7622, .T. ) ;
#1963 = CARTESIAN_POINT ( 'NONE',  ( -34.50000000000044764, 11.00000000000000000, 14.99999999999999289 ) ) ;
#1964 = EDGE_CURVE ( 'NONE', #3790, #4875, #2150, .T. ) ;
#1965 = DIRECTION ( 'NONE',  ( 0.000000000000000000, 0.000000000000000000, 1.000000000000000000 ) ) ;
#1966 = AXIS2_PLACEMENT_3D ( 'NONE', #4924, #5772, #187 ) ;
#1967 = CARTESIAN_POINT ( 'NONE',  ( -28.99999999999999645, 1.727293546481528663, -38.27301493449232339 ) ) ;
#1968 = VECTOR ( 'NONE', #6608, 1000.000000000000000 ) ;
#1969 = LINE ( 'NONE', #8682, #171 ) ;
#1970 = AXIS2_PLACEMENT_3D ( 'NONE', #8638, #2372, #7066 ) ;
#1971 = DIRECTION ( 'NONE',  ( 0.000000000000000000, 0.000000000000000000, 1.000000000000000000 ) ) ;
#1972 = CARTESIAN_POINT ( 'NONE',  ( 9.999999999999998224, 4.000000000000005329, 47.00000000000000711 ) ) ;
#1973 = AXIS2_PLACEMENT_3D ( 'NONE', #3398, #8765, #6734 ) ;
#1974 = CARTESIAN_POINT ( 'NONE',  ( 22.50000000000024158, 13.00000000000000000, -5.000000000000007994 ) ) ;
#1975 = DIRECTION ( 'NONE',  ( 1.000000000000000000, 0.000000000000000000, 0.000000000000000000 ) ) ;
#1976 = CIRCLE ( 'NONE', #2546, 17.50000000000000000 ) ;
#1977 = ADVANCED_FACE ( 'NONE', ( #6171 ), #4817, .F. ) ;
#1978 = LINE ( 'NONE', #680, #4981 ) ;
#1979 = LINE ( 'NONE', #1515, #2120 ) ;
#1980 = FACE_OUTER_BOUND ( 'NONE', #1324, .T. ) ;
#1981 = ORIENTED_EDGE ( 'NONE', *, *, #1013, .T. ) ;
#1982 = LINE ( 'NONE', #7486, #538 ) ;
#1983 = EDGE_CURVE ( 'NONE', #2223, #8355, #2569, .T. ) ;
#1984 = VECTOR ( 'NONE', #7849, 1000.000000000000000 ) ;
#1985 = AXIS2_PLACEMENT_3D ( 'NONE', #2966, #6938, #1533 ) ;
#1986 = DIRECTION ( 'NONE',  ( 0.000000000000000000, 0.000000000000000000, 1.000000000000000000 ) ) ;
#1987 = FACE_OUTER_BOUND ( 'NONE', #603, .T. ) ;
#1988 = DIRECTION ( 'NONE',  ( -0.000000000000000000, -1.000000000000000000, -0.000000000000000000 ) ) ;
#1989 = VECTOR ( 'NONE', #5414, 1000.000000000000000 ) ;
#1990 = CARTESIAN_POINT ( 'NONE',  ( -22.50000000000045830, 11.00000000000000000, 24.99999999999998934 ) ) ;
#1991 = CARTESIAN_POINT ( 'NONE',  ( -40.00000000000000000, 0.000000000000000000, -34.99999999999999289 ) ) ;
#1992 = VECTOR ( 'NONE', #3019, 1000.000000000000000 ) ;
#1993 = ADVANCED_FACE ( 'NONE', ( #346 ), #3089, .F. ) ;
#1994 = ADVANCED_FACE ( 'NONE', ( #1704 ), #4406, .F. ) ;
#1995 = VERTEX_POINT ( 'NONE', #3635 ) ;
#1996 = AXIS2_PLACEMENT_3D ( 'NONE', #7788, #1651, #1029 ) ;
#1997 = DIRECTION ( 'NONE',  ( 1.000000000000000000, -1.334402673828313339E-16, 0.000000000000000000 ) ) ;
#1998 = ORIENTED_EDGE ( 'NONE', *, *, #2173, .F. ) ;
#1999 = FACE_OUTER_BOUND ( 'NONE', #1639, .T. ) ;
#2000 = CARTESIAN_POINT ( 'NONE',  ( -59.50000000000000711, 0.000000000000000000, -17.49999999999999289 ) ) ;
#2001 = ORIENTED_EDGE ( 'NONE', *, *, #4592, .T. ) ;
#2002 = CARTESIAN_POINT ( 'NONE',  ( 0.5000000000000281997, 11.00000000000000000, -15.00000000000001066 ) ) ;
#2003 = CARTESIAN_POINT ( 'NONE',  ( -16.00000000000000000, 1.160225949323556938, -36.14209440371940474 ) ) ;
#2004 = LINE ( 'NONE', #5968, #8728 ) ;
#2005 = AXIS2_PLACEMENT_3D ( 'NONE', #7544, #4120, #3484 ) ;
#2006 = ORIENTED_EDGE ( 'NONE', *, *, #7798, .T. ) ;
#2007 = ORIENTED_EDGE ( 'NONE', *, *, #4715, .F. ) ;
#2008 = VERTEX_POINT ( 'NONE', #3772 ) ;
#2009 = VERTEX_POINT ( 'NONE', #5801 ) ;
#2010 = CARTESIAN_POINT ( 'NONE',  ( 22.50000000000003553, 11.00000000000000000, -25.00000000000000711 ) ) ;
#2011 = CARTESIAN_POINT ( 'NONE',  ( -16.00000000000000000, 11.49999999999999822, -46.65412303015307316 ) ) ;
#2012 = DIRECTION ( 'NONE',  ( -0.000000000000000000, -1.000000000000000000, -0.000000000000000000 ) ) ;
#2013 = EDGE_CURVE ( 'NONE', #2811, #6737, #6433, .T. ) ;
#2014 = DIRECTION ( 'NONE',  ( 0.000000000000000000, 0.000000000000000000, 1.000000000000000000 ) ) ;
#2015 = EDGE_LOOP ( 'NONE', ( #1646, #8302, #6936, #713 ) ) ;
#2016 = EDGE_CURVE ( 'NONE', #1995, #8485, #5087, .T. ) ;
#2017 = CARTESIAN_POINT ( 'NONE',  ( -28.99999999999999645, 2.218246106614094604, -38.76143378178163346 ) ) ;
#2018 = FACE_OUTER_BOUND ( 'NONE', #2778, .T. ) ;
#2019 = EDGE_LOOP ( 'NONE', ( #1919, #5181, #3980, #4746 ) ) ;
#2020 = CARTESIAN_POINT ( 'NONE',  ( -9.999999999999998224, 1.925929944387235853E-31, 37.00000000000000711 ) ) ;
#2021 = CARTESIAN_POINT ( 'NONE',  ( -16.00000000000000000, 12.99999999999999822, -41.65412303015307316 ) ) ;
#2022 = FACE_OUTER_BOUND ( 'NONE', #614, .T. ) ;
#2023 = ADVANCED_FACE ( 'NONE', ( #3813 ), #8632, .F. ) ;
#2024 = DIRECTION ( 'NONE',  ( 0.000000000000000000, 1.000000000000000000, 0.000000000000000000 ) ) ;
#2025 = VECTOR ( 'NONE', #139, 1000.000000000000000 ) ;
#2026 = ORIENTED_EDGE ( 'NONE', *, *, #249, .T. ) ;
#2027 = LINE ( 'NONE', #4780, #8873 ) ;
#2028 = CARTESIAN_POINT ( 'NONE',  ( 28.99999999999999645, 2.250000000000027978, -37.23301270189218570 ) ) ;
#2029 = EDGE_CURVE ( 'NONE', #951, #1149, #8767, .T. ) ;
#2030 = CIRCLE ( 'NONE', #164, 17.50000000000000355 ) ;
#2031 = CARTESIAN_POINT ( 'NONE',  ( -57.50000000000000000, 13.00000000000000000, -17.49999999999999289 ) ) ;
#2032 = CARTESIAN_POINT ( 'NONE',  ( 37.49999999999955946, 11.00000000000000000, 24.99999999999998934 ) ) ;
#2033 = LINE ( 'NONE', #1535, #271 ) ;
#2034 = PLANE ( 'NONE',  #7164 ) ;
#2035 = DIRECTION ( 'NONE',  ( 0.000000000000000000, 0.000000000000000000, 1.000000000000000000 ) ) ;
#2036 = ORIENTED_EDGE ( 'NONE', *, *, #8590, .F. ) ;
#2037 = AXIS2_PLACEMENT_3D ( 'NONE', #2153, #7657, #8322 ) ;
#2038 = CARTESIAN_POINT ( 'NONE',  ( 28.99999999999999645, 13.00000000000000000, -46.65412303015307316 ) ) ;
#2039 = ORIENTED_EDGE ( 'NONE', *, *, #6200, .T. ) ;
#2040 = DIRECTION ( 'NONE',  ( 0.000000000000000000, 0.000000000000000000, 1.000000000000000000 ) ) ;
#2041 = EDGE_CURVE ( 'NONE', #2699, #4874, #4452, .T. ) ;
#2042 = EDGE_CURVE ( 'NONE', #1149, #742, #7103, .T. ) ;
#2043 = DIRECTION ( 'NONE',  ( 0.000000000000000000, 0.000000000000000000, 1.000000000000000000 ) ) ;
#2044 = VERTEX_POINT ( 'NONE', #2456 ) ;
#2045 = CIRCLE ( 'NONE', #316, 1.999999999999994893 ) ;
#2046 = DIRECTION ( 'NONE',  ( 0.000000000000000000, 0.000000000000000000, -1.000000000000000000 ) ) ;
#2047 = DIRECTION ( 'NONE',  ( -1.000000000000000000, 2.040851148208007998E-16, 0.000000000000000000 ) ) ;
#2048 = LINE ( 'NONE', #3577, #6281 ) ;
#2049 = ORIENTED_EDGE ( 'NONE', *, *, #1830, .T. ) ;
#2050 = ORIENTED_EDGE ( 'NONE', *, *, #1335, .T. ) ;
#2051 = ORIENTED_EDGE ( 'NONE', *, *, #2016, .F. ) ;
#2052 = VECTOR ( 'NONE', #8719, 1000.000000000000000 ) ;
#2053 = ORIENTED_EDGE ( 'NONE', *, *, #8675, .F. ) ;
#2054 = DIRECTION ( 'NONE',  ( 0.000000000000000000, 1.000000000000000000, 0.000000000000000000 ) ) ;
#2055 = DIRECTION ( 'NONE',  ( 0.000000000000000000, 0.000000000000000000, 1.000000000000000000 ) ) ;
#2056 = EDGE_CURVE ( 'NONE', #3301, #3043, #3005, .T. ) ;
#2057 = CARTESIAN_POINT ( 'NONE',  ( -10.00000000000000000, 8.500000000000000000, 37.00000000000000711 ) ) ;
#2058 = CARTESIAN_POINT ( 'NONE',  ( -48.50000000000024158, 11.00000000000000000, -5.000000000000007994 ) ) ;
#2059 = VERTEX_POINT ( 'NONE', #216 ) ;
#2060 = AXIS2_PLACEMENT_3D ( 'NONE', #6231, #7036, #4341 ) ;
#2061 = CARTESIAN_POINT ( 'NONE',  ( -16.00000000000000000, 2.018210873017959539, -37.37348141781701116 ) ) ;
#2062 = CARTESIAN_POINT ( 'NONE',  ( -37.49999999999956657, 11.00000000000000000, 14.99999999999999289 ) ) ;
#2063 = ORIENTED_EDGE ( 'NONE', *, *, #2938, .F. ) ;
#2064 = DIRECTION ( 'NONE',  ( 0.000000000000000000, 1.000000000000000000, 0.000000000000000000 ) ) ;
#2065 = LINE ( 'NONE', #3640, #3242 ) ;
#2066 = ADVANCED_FACE ( 'NONE', ( #5761 ), #6515, .F. ) ;
#2067 = VECTOR ( 'NONE', #7026, 1000.000000000000000 ) ;
#2068 = CARTESIAN_POINT ( 'NONE',  ( -2.168404344971008868E-16, 11.00000000000000000, -26.93649167310370629 ) ) ;
#2069 = VERTEX_POINT ( 'NONE', #3730 ) ;
#2070 = ORIENTED_EDGE ( 'NONE', *, *, #8712, .F. ) ;
#2071 = CARTESIAN_POINT ( 'NONE',  ( 48.50000000000046185, 11.00000000000000000, 24.99999999999998934 ) ) ;
#2072 = LINE ( 'NONE', #1356, #4364 ) ;
#2073 = DIRECTION ( 'NONE',  ( 0.000000000000000000, 0.000000000000000000, 1.000000000000000000 ) ) ;
#2074 = CARTESIAN_POINT ( 'NONE',  ( 13.00000000000000178, 7.599999999999996092, 37.00000000000000711 ) ) ;
#2075 = CARTESIAN_POINT ( 'NONE',  ( 13.49999999999997691, 11.00000000000000000, -25.00000000000000711 ) ) ;
#2076 = AXIS2_PLACEMENT_3D ( 'NONE', #3496, #4224, #3539 ) ;
#2077 = CARTESIAN_POINT ( 'NONE',  ( -39.99999999999999289, 13.00000000000000000, 37.00000000000000711 ) ) ;
#2078 = EDGE_CURVE ( 'NONE', #7133, #1524, #2285, .T. ) ;
#2079 = EDGE_LOOP ( 'NONE', ( #6308, #4362, #2878, #2401 ) ) ;
#2080 = DIRECTION ( 'NONE',  ( 0.000000000000000000, 0.000000000000000000, 1.000000000000000000 ) ) ;
#2081 = VERTEX_POINT ( 'NONE', #1746 ) ;
#2082 = CIRCLE ( 'NONE', #1938, 1.999999999999994893 ) ;
#2083 = DIRECTION ( 'NONE',  ( 0.000000000000000000, 1.000000000000000000, 0.000000000000000000 ) ) ;
#2084 = EDGE_LOOP ( 'NONE', ( #7327, #3894, #1354, #7513 ) ) ;
#2085 = CARTESIAN_POINT ( 'NONE',  ( -59.50000000000000711, 13.00000000000000000, -17.49999999999999289 ) ) ;
#2086 = DIRECTION ( 'NONE',  ( 0.000000000000000000, 1.000000000000000000, 0.000000000000000000 ) ) ;
#2087 = EDGE_LOOP ( 'NONE', ( #124, #2134, #3045, #3945 ) ) ;
#2088 = DIRECTION ( 'NONE',  ( 0.000000000000000000, 1.000000000000000000, 0.000000000000000000 ) ) ;
#2089 = CARTESIAN_POINT ( 'NONE',  ( -16.00000000000000000, 3.689225402278059285, -40.71222276639855409 ) ) ;
#2090 = DIRECTION ( 'NONE',  ( 1.000000000000000000, 0.000000000000000000, 0.000000000000000000 ) ) ;
#2091 = CIRCLE ( 'NONE', #7123, 1.999999999999994893 ) ;
#2092 = ORIENTED_EDGE ( 'NONE', *, *, #7942, .F. ) ;
#2093 = EDGE_LOOP ( 'NONE', ( #8431, #5858, #6067, #8425 ) ) ;
#2094 = EDGE_CURVE ( 'NONE', #755, #263, #7628, .T. ) ;
#2095 = ORIENTED_EDGE ( 'NONE', *, *, #4901, .F. ) ;
#2096 = VECTOR ( 'NONE', #1615, 1000.000000000000000 ) ;
#2097 = ORIENTED_EDGE ( 'NONE', *, *, #3638, .T. ) ;
#2098 = ORIENTED_EDGE ( 'NONE', *, *, #7719, .F. ) ;
#2099 = DIRECTION ( 'NONE',  ( 0.000000000000000000, 0.000000000000000000, 1.000000000000000000 ) ) ;
#2100 = DIRECTION ( 'NONE',  ( 1.000000000000000000, 0.000000000000000000, -0.000000000000000000 ) ) ;
#2101 = DIRECTION ( 'NONE',  ( -0.000000000000000000, -1.000000000000000000, -0.000000000000000000 ) ) ;
#2102 = AXIS2_PLACEMENT_3D ( 'NONE', #3292, #8648, #6758 ) ;
#2103 = DIRECTION ( 'NONE',  ( 0.000000000000000000, 1.000000000000000000, 0.000000000000000000 ) ) ;
#2104 = CIRCLE ( 'NONE', #6000, 1.999999999999994893 ) ;
#2105 = ORIENTED_EDGE ( 'NONE', *, *, #6238, .T. ) ;
#2106 = EDGE_CURVE ( 'NONE', #636, #5866, #304, .T. ) ;
#2107 = CARTESIAN_POINT ( 'NONE',  ( -16.00000000000000000, 2.082998970865346688, -37.32943787572103389 ) ) ;
#2108 = CIRCLE ( 'NONE', #5138, 1.999999999999994893 ) ;
#2109 = AXIS2_PLACEMENT_3D ( 'NONE', #277, #5101, #5774 ) ;
#2110 = LINE ( 'NONE', #5587, #8471 ) ;
#2111 = VERTEX_POINT ( 'NONE', #1786 ) ;
#2112 = CARTESIAN_POINT ( 'NONE',  ( -47.49999999999958078, 13.00000000000000000, 14.99999999999999289 ) ) ;
#2113 = VECTOR ( 'NONE', #159, 1000.000000000000000 ) ;
#2114 = CARTESIAN_POINT ( 'NONE',  ( -0.5000000000004447553, 11.00000000000000000, 24.99999999999998934 ) ) ;
#2115 = AXIS2_PLACEMENT_3D ( 'NONE', #8067, #2700, #5460 ) ;
#2116 = CARTESIAN_POINT ( 'NONE',  ( 19.50000000000000355, 9.599999999999999645, -42.29601004649577334 ) ) ;
#2117 = ORIENTED_EDGE ( 'NONE', *, *, #7990, .F. ) ;
#2118 = CARTESIAN_POINT ( 'NONE',  ( 1.499999999999973577, 11.00000000000000000, -25.00000000000000711 ) ) ;
#2119 = CYLINDRICAL_SURFACE ( 'NONE', #8523, 19.49999999999999645 ) ;
#2120 = VECTOR ( 'NONE', #2228, 1000.000000000000000 ) ;
#2121 = CARTESIAN_POINT ( 'NONE',  ( -16.00000000000000000, 2.099999999999986766, -37.31961524227066462 ) ) ;
#2122 = EDGE_CURVE ( 'NONE', #184, #3991, #4535, .T. ) ;
#2123 = CIRCLE ( 'NONE', #1115, 1.999999999999994893 ) ;
#2124 = CARTESIAN_POINT ( 'NONE',  ( -36.50000000000024158, 13.00000000000000000, 4.999999999999990230 ) ) ;
#2125 = FACE_OUTER_BOUND ( 'NONE', #3082, .T. ) ;
#2126 = CARTESIAN_POINT ( 'NONE',  ( 12.50000000000044764, 13.00000000000000000, 24.99999999999998934 ) ) ;
#2127 = VECTOR ( 'NONE', #6102, 1000.000000000000000 ) ;
#2128 = DIRECTION ( 'NONE',  ( 0.000000000000000000, 0.000000000000000000, 1.000000000000000000 ) ) ;
#2129 = DIRECTION ( 'NONE',  ( 0.000000000000000000, 0.000000000000000000, 1.000000000000000000 ) ) ;
#2130 = EDGE_CURVE ( 'NONE', #7218, #6546, #8610, .T. ) ;
#2131 = VERTEX_POINT ( 'NONE', #6863 ) ;
#2132 = AXIS2_PLACEMENT_3D ( 'NONE', #8339, #4291, #2788 ) ;
#2133 = CARTESIAN_POINT ( 'NONE',  ( -1.499999999999765521, 11.00000000000000000, -5.000000000000007994 ) ) ;
#2134 = ORIENTED_EDGE ( 'NONE', *, *, #1627, .T. ) ;
#2135 = VECTOR ( 'NONE', #1006, 1000.000000000000000 ) ;
#2136 = CARTESIAN_POINT ( 'NONE',  ( 40.00000000000000000, 13.00000000000000000, 17.50000000000000711 ) ) ;
#2137 = LINE ( 'NONE', #1461, #5647 ) ;
#2138 = ORIENTED_EDGE ( 'NONE', *, *, #3917, .F. ) ;
#2139 = CARTESIAN_POINT ( 'NONE',  ( 28.99999999999999645, 11.50000000000000000, -45.65412303015307316 ) ) ;
#2140 = AXIS2_PLACEMENT_3D ( 'NONE', #6806, #3969, #638 ) ;
#2141 = VERTEX_POINT ( 'NONE', #1160 ) ;
#2142 = CARTESIAN_POINT ( 'NONE',  ( -28.99999999999999645, 1.650000000000064082, -35.84737205583736852 ) ) ;
#2143 = CARTESIAN_POINT ( 'NONE',  ( 24.00000000000000711, 11.00000000000000000, 26.93649167310357839 ) ) ;
#2144 = VERTEX_POINT ( 'NONE', #1419 ) ;
#2145 = ORIENTED_EDGE ( 'NONE', *, *, #6846, .T. ) ;
#2146 = ADVANCED_FACE ( 'NONE', ( #3907, #1999 ), #5426, .F. ) ;
#2147 = ORIENTED_EDGE ( 'NONE', *, *, #4184, .T. ) ;
#2148 = ORIENTED_EDGE ( 'NONE', *, *, #344, .T. ) ;
#2149 = CARTESIAN_POINT ( 'NONE',  ( 24.00000000000000711, 13.00000000000000000, 13.06350832689640207 ) ) ;
#2150 = CIRCLE ( 'NONE', #5749, 1.999999999999994893 ) ;
#2151 = CARTESIAN_POINT ( 'NONE',  ( -28.99999999999999645, 11.50000000000543920, -42.80511351211973903 ) ) ;
#2152 = CARTESIAN_POINT ( 'NONE',  ( 10.00000000000000000, 4.299999999999995381, 47.00000000000000711 ) ) ;
#2153 = CARTESIAN_POINT ( 'NONE',  ( -25.49999999999998224, 11.00000000000000000, -25.00000000000000711 ) ) ;
#2154 = ORIENTED_EDGE ( 'NONE', *, *, #1557, .T. ) ;
#2155 = CARTESIAN_POINT ( 'NONE',  ( -16.00000000000000000, 2.404476589293947697, -38.81506108886917872 ) ) ;
#2156 = PRODUCT_DEFINITION ( 'æœ', '', #8444, #4246 ) ;
#2157 = CARTESIAN_POINT ( 'NONE',  ( 0.5000000000002294831, 11.00000000000000000, -5.000000000000007994 ) ) ;
#2158 = ORIENTED_EDGE ( 'NONE', *, *, #8853, .F. ) ;
#2159 = DIRECTION ( 'NONE',  ( 0.000000000000000000, 0.000000000000000000, -1.000000000000000000 ) ) ;
#2160 = EDGE_CURVE ( 'NONE', #2807, #5080, #700, .T. ) ;
#2161 = EDGE_CURVE ( 'NONE', #3580, #7801, #482, .T. ) ;
#2162 = FACE_OUTER_BOUND ( 'NONE', #3944, .T. ) ;
#2163 = CARTESIAN_POINT ( 'NONE',  ( -13.49999999999976907, 11.00000000000000000, 4.999999999999990230 ) ) ;
#2164 = ORIENTED_EDGE ( 'NONE', *, *, #5038, .F. ) ;
#2165 = CARTESIAN_POINT ( 'NONE',  ( -16.00000000000000000, 2.082998970865059807, -37.32943787572121863 ) ) ;
#2166 = DIRECTION ( 'NONE',  ( -0.000000000000000000, -1.000000000000000000, -0.000000000000000000 ) ) ;
#2167 = ORIENTED_EDGE ( 'NONE', *, *, #2160, .T. ) ;
#2168 = DIRECTION ( 'NONE',  ( 0.000000000000000000, 0.000000000000000000, 1.000000000000000000 ) ) ;
#2169 = CYLINDRICAL_SURFACE ( 'NONE', #1966, 1.999999999999994893 ) ;
#2170 = CARTESIAN_POINT ( 'NONE',  ( -25.49999999999998224, 13.00000000000000000, -25.00000000000000711 ) ) ;
#2171 = ORIENTED_EDGE ( 'NONE', *, *, #4510, .T. ) ;
#2172 = DIRECTION ( 'NONE',  ( 0.000000000000000000, 1.000000000000000000, 0.000000000000000000 ) ) ;
#2173 = EDGE_CURVE ( 'NONE', #608, #5639, #744, .T. ) ;
#2174 = ORIENTED_EDGE ( 'NONE', *, *, #8190, .T. ) ;
#2175 = DIRECTION ( 'NONE',  ( -1.000000000000000000, 0.000000000000000000, 0.000000000000000000 ) ) ;
#2176 = ORIENTED_EDGE ( 'NONE', *, *, #4116, .T. ) ;
#2177 = DIRECTION ( 'NONE',  ( -0.000000000000000000, -1.000000000000000000, -0.000000000000000000 ) ) ;
#2178 = DIRECTION ( 'NONE',  ( 0.000000000000000000, 0.000000000000000000, 1.000000000000000000 ) ) ;
#2179 = DIRECTION ( 'NONE',  ( 0.000000000000000000, 0.000000000000000000, 1.000000000000000000 ) ) ;
#2180 = CARTESIAN_POINT ( 'NONE',  ( -28.99999999999999645, 2.249999999999988010, -35.50096189432333205 ) ) ;
#2181 = DIRECTION ( 'NONE',  ( -2.040851148208008491E-16, -1.000000000000000000, 0.000000000000000000 ) ) ;
#2182 = EDGE_CURVE ( 'NONE', #7010, #760, #5266, .T. ) ;
#2183 = EDGE_LOOP ( 'NONE', ( #7523, #1893, #8373, #7917 ) ) ;
#2184 = EDGE_LOOP ( 'NONE', ( #561, #7403, #5262, #6876, #4383, #1030 ) ) ;
#2185 = AXIS2_PLACEMENT_3D ( 'NONE', #4795, #1371, #7641 ) ;
#2186 = VERTEX_POINT ( 'NONE', #3228 ) ;
#2187 = VERTEX_POINT ( 'NONE', #3865 ) ;
#2188 = FACE_OUTER_BOUND ( 'NONE', #2442, .T. ) ;
#2189 = CARTESIAN_POINT ( 'NONE',  ( -49.49999999999977263, 13.00000000000000000, 4.999999999999990230 ) ) ;
#2190 = DIRECTION ( 'NONE',  ( 0.000000000000000000, 1.000000000000000000, 0.000000000000000000 ) ) ;
#2191 = PLANE ( 'NONE',  #4428 ) ;
#2192 = ADVANCED_FACE ( 'NONE', ( #6192 ), #8169, .F. ) ;
#2193 = VERTEX_POINT ( 'NONE', #3393 ) ;
#2194 = CARTESIAN_POINT ( 'NONE',  ( -16.00000000000000000, 4.523581271434882645, -39.38287347712463315 ) ) ;
#2195 = DIRECTION ( 'NONE',  ( 0.000000000000000000, 1.000000000000000000, 0.000000000000000000 ) ) ;
#2196 = ORIENTED_EDGE ( 'NONE', *, *, #4861, .T. ) ;
#2197 = DIRECTION ( 'NONE',  ( 0.000000000000000000, 0.000000000000000000, 1.000000000000000000 ) ) ;
#2198 = DIRECTION ( 'NONE',  ( 0.000000000000000000, 1.000000000000000000, 0.000000000000000000 ) ) ;
#2199 = CARTESIAN_POINT ( 'NONE',  ( 16.00000000000000000, 1.317063637212506411, -36.03961332303667575 ) ) ;
#2200 = VECTOR ( 'NONE', #4238, 1000.000000000000000 ) ;
#2201 = ORIENTED_EDGE ( 'NONE', *, *, #5151, .T. ) ;
#2202 = PLANE ( 'NONE',  #6289 ) ;
#2203 = CYLINDRICAL_SURFACE ( 'NONE', #3356, 1.999999999999994893 ) ;
#2204 = VERTEX_POINT ( 'NONE', #8004 ) ;
#2205 = EDGE_CURVE ( 'NONE', #7044, #8119, #23, .T. ) ;
#2206 = DIRECTION ( 'NONE',  ( 0.000000000000000000, 0.000000000000000000, 1.000000000000000000 ) ) ;
#2207 = CARTESIAN_POINT ( 'NONE',  ( 36.50000000000024158, 13.00000000000000000, 4.999999999999990230 ) ) ;
#2208 = DIRECTION ( 'NONE',  ( -1.000000000000000000, 0.000000000000000000, 0.000000000000000000 ) ) ;
#2209 = ORIENTED_EDGE ( 'NONE', *, *, #8103, .F. ) ;
#2210 = LINE ( 'NONE', #778, #1097 ) ;
#2211 = VECTOR ( 'NONE', #5942, 1000.000000000000000 ) ;
#2212 = EDGE_CURVE ( 'NONE', #7466, #4119, #2548, .T. ) ;
#2213 = CARTESIAN_POINT ( 'NONE',  ( 37.49999999999977973, 11.00000000000000000, -5.000000000000007994 ) ) ;
#2214 = ORIENTED_EDGE ( 'NONE', *, *, #6968, .F. ) ;
#2215 = EDGE_CURVE ( 'NONE', #74, #1005, #8304, .T. ) ;
#2216 = DIRECTION ( 'NONE',  ( -0.000000000000000000, -1.000000000000000000, -0.000000000000000000 ) ) ;
#2217 = LINE ( 'NONE', #745, #6783 ) ;
#2218 = DIRECTION ( 'NONE',  ( 0.000000000000000000, 1.000000000000000000, 0.000000000000000000 ) ) ;
#2219 = CARTESIAN_POINT ( 'NONE',  ( -28.99999999999999645, 1.796300844861481449, -40.20286430387066190 ) ) ;
#2220 = PERSON_AND_ORGANIZATION ( #7577, #3834 ) ;
#2221 = ORIENTED_EDGE ( 'NONE', *, *, #1845, .T. ) ;
#2222 = VECTOR ( 'NONE', #8224, 1000.000000000000114 ) ;
#2223 = VERTEX_POINT ( 'NONE', #8253 ) ;
#2224 = EDGE_CURVE ( 'NONE', #7858, #578, #2799, .T. ) ;
#2225 = ORIENTED_EDGE ( 'NONE', *, *, #4034, .F. ) ;
#2226 = ORIENTED_EDGE ( 'NONE', *, *, #6238, .F. ) ;
#2227 = CYLINDRICAL_SURFACE ( 'NONE', #2744, 1.999999999999994893 ) ;
#2228 = DIRECTION ( 'NONE',  ( -0.000000000000000000, -1.000000000000000000, -0.000000000000000000 ) ) ;
#2229 = LINE ( 'NONE', #2904, #2222 ) ;
#2230 = CARTESIAN_POINT ( 'NONE',  ( 49.49999999999957367, 11.00000000000000000, 14.99999999999999289 ) ) ;
#2231 = VERTEX_POINT ( 'NONE', #6610 ) ;
#2232 = ADVANCED_FACE ( 'NONE', ( #6651 ), #1370, .F. ) ;
#2233 = AXIS2_PLACEMENT_3D ( 'NONE', #6930, #90, #3463 ) ;
#2234 = CARTESIAN_POINT ( 'NONE',  ( -16.00000000000000000, 2.432359545637705622, -38.82253230450416481 ) ) ;
#2235 = ADVANCED_FACE ( 'NONE', ( #5474 ), #4076, .T. ) ;
#2236 = CARTESIAN_POINT ( 'NONE',  ( 1.499999999999966693, 13.00000000000000000, -15.00000000000001066 ) ) ;
#2237 = ORIENTED_EDGE ( 'NONE', *, *, #7730, .T. ) ;
#2238 = FACE_OUTER_BOUND ( 'NONE', #1377, .T. ) ;
#2239 = CYLINDRICAL_SURFACE ( 'NONE', #7274, 1.999999999999994893 ) ;
#2240 = CARTESIAN_POINT ( 'NONE',  ( 16.00000000000000000, 10.82726222634219226, -42.62485396892085276 ) ) ;
#2241 = DIRECTION ( 'NONE',  ( 0.000000000000000000, 0.000000000000000000, 1.000000000000000000 ) ) ;
#2242 = AXIS2_PLACEMENT_3D ( 'NONE', #3061, #2472, #3744 ) ;
#2243 = CARTESIAN_POINT ( 'NONE',  ( 28.99999999999999645, 4.523581271434882645, -39.38287347712462605 ) ) ;
#2244 = DIRECTION ( 'NONE',  ( -1.000000000000000000, -0.000000000000000000, -0.000000000000000000 ) ) ;
#2245 = VECTOR ( 'NONE', #8341, 1000.000000000000000 ) ;
#2247 = EDGE_CURVE ( 'NONE', #4135, #7989, #5178, .T. ) ;
#2246 = VECTOR ( 'NONE', #1870, 1000.000000000000000 ) ;
#2248 = DIRECTION ( 'NONE',  ( 0.000000000000000000, 0.000000000000000000, 1.000000000000000000 ) ) ;
#2249 = VECTOR ( 'NONE', #8108, 1000.000000000000000 ) ;
#2250 = FACE_OUTER_BOUND ( 'NONE', #2672, .T. ) ;
#2251 = ORIENTED_EDGE ( 'NONE', *, *, #6227, .F. ) ;
#2252 = LINE ( 'NONE', #2298, #4993 ) ;
#2253 = EDGE_CURVE ( 'NONE', #425, #3436, #859, .T. ) ;
#2254 = CIRCLE ( 'NONE', #7591, 1.999999999999994893 ) ;
#2255 = ORIENTED_EDGE ( 'NONE', *, *, #1215, .T. ) ;
#2256 = CYLINDRICAL_SURFACE ( 'NONE', #381, 1.999999999999994893 ) ;
#2257 = VECTOR ( 'NONE', #5623, 1000.000000000000000 ) ;
#2258 = EDGE_CURVE ( 'NONE', #1071, #1686, #8617, .T. ) ;
#2259 = AXIS2_PLACEMENT_3D ( 'NONE', #3762, #2047, #4753 ) ;
#2260 = CARTESIAN_POINT ( 'NONE',  ( -39.99999999999999289, 0.000000000000000000, 35.00000000000000000 ) ) ;
#2261 = ORIENTED_EDGE ( 'NONE', *, *, #2836, .T. ) ;
#2262 = CYLINDRICAL_SURFACE ( 'NONE', #8597, 1.999999999999994893 ) ;
#2263 = CARTESIAN_POINT ( 'NONE',  ( 15.37401153701776124, 4.000000000000006217, 47.00000000000000711 ) ) ;
#2264 = DIRECTION ( 'NONE',  ( 0.000000000000000000, 0.000000000000000000, 1.000000000000000000 ) ) ;
#2265 = AXIS2_PLACEMENT_3D ( 'NONE', #8163, #3387, #2406 ) ;
#2266 = EDGE_CURVE ( 'NONE', #8706, #2044, #4303, .T. ) ;
#2267 = CARTESIAN_POINT ( 'NONE',  ( -28.99999999999999645, 0.5374552005777342156, -36.79185932787714819 ) ) ;
#2268 = EDGE_CURVE ( 'NONE', #3582, #1825, #4976, .T. ) ;
#2269 = CALENDAR_DATE ( 2026, 20, 8 ) ;
#2270 = ORIENTED_EDGE ( 'NONE', *, *, #4580, .T. ) ;
#2271 = VERTEX_POINT ( 'NONE', #5650 ) ;
#2272 = AXIS2_PLACEMENT_3D ( 'NONE', #2716, #8209, #2040 ) ;
#2273 = ORIENTED_EDGE ( 'NONE', *, *, #1427, .T. ) ;
#2274 = AXIS2_PLACEMENT_3D ( 'NONE', #2691, #4679, #8144 ) ;
#2275 = VERTEX_POINT ( 'NONE', #871 ) ;
#2276 = DIRECTION ( 'NONE',  ( 0.000000000000000000, 1.000000000000000000, 0.000000000000000000 ) ) ;
#2277 = CARTESIAN_POINT ( 'NONE',  ( -40.00000000000001421, 11.00000000000000000, 17.49999999999999645 ) ) ;
#2278 = CARTESIAN_POINT ( 'NONE',  ( -19.50000000000000355, 11.50000000001249489, -42.80511351211194437 ) ) ;
#2279 = CIRCLE ( 'NONE', #2567, 1.999999999999994893 ) ;
#2280 = ORIENTED_EDGE ( 'NONE', *, *, #8337, .T. ) ;
#2281 = DIRECTION ( 'NONE',  ( -1.000000000000000000, 0.000000000000000000, 0.000000000000000000 ) ) ;
#2282 = EDGE_LOOP ( 'NONE', ( #4400, #6332, #3319, #4975 ) ) ;
#2283 = VERTEX_POINT ( 'NONE', #2304 ) ;
#2284 = CARTESIAN_POINT ( 'NONE',  ( -12.00000000000000355, 11.00000000000000000, -6.936491673103652111 ) ) ;
#2285 = CIRCLE ( 'NONE', #6462, 1.999999999999994893 ) ;
#2286 = DIRECTION ( 'NONE',  ( -0.000000000000000000, -1.000000000000000000, -0.000000000000000000 ) ) ;
#2287 = ORIENTED_EDGE ( 'NONE', *, *, #2505, .T. ) ;
#2288 = DIRECTION ( 'NONE',  ( -0.000000000000000000, -1.000000000000000000, -0.000000000000000000 ) ) ;
#2289 = CARTESIAN_POINT ( 'NONE',  ( -9.999999999999998224, 1.925929944387235853E-31, -37.00000000000000711 ) ) ;
#2290 = CARTESIAN_POINT ( 'NONE',  ( 28.99999999999999645, 0.6679831558732971519, -36.60366976467746269 ) ) ;
#2291 = ADVANCED_FACE ( 'NONE', ( #6362 ), #2262, .F. ) ;
#2292 = CYLINDRICAL_SURFACE ( 'NONE', #7732, 1.999999999999994893 ) ;
#2293 = CARTESIAN_POINT ( 'NONE',  ( 28.99999999999999645, 6.754217778952477325, -39.98057072792637001 ) ) ;
#2294 = CARTESIAN_POINT ( 'NONE',  ( 37.49999999999956657, 13.00000000000000000, 14.99999999999999289 ) ) ;
#2295 = DIRECTION ( 'NONE',  ( 0.000000000000000000, 1.000000000000000000, 0.000000000000000000 ) ) ;
#2296 = CARTESIAN_POINT ( 'NONE',  ( -39.99999999999999289, 8.500000000000000000, 35.00000000000000000 ) ) ;
#2297 = ORIENTED_EDGE ( 'NONE', *, *, #8214, .T. ) ;
#2298 = CARTESIAN_POINT ( 'NONE',  ( -49.49999999999977263, 11.00000000000000000, 4.999999999999990230 ) ) ;
#2299 = ORIENTED_EDGE ( 'NONE', *, *, #5329, .F. ) ;
#2300 = FACE_OUTER_BOUND ( 'NONE', #7605, .T. ) ;
#2301 = EDGE_CURVE ( 'NONE', #6455, #7268, #5064, .T. ) ;
#2302 = PLANE ( 'NONE',  #2775 ) ;
#2303 = ORIENTED_EDGE ( 'NONE', *, *, #1752, .T. ) ;
#2304 = CARTESIAN_POINT ( 'NONE',  ( -22.50000000000024158, 13.00000000000000000, -5.000000000000007994 ) ) ;
#2305 = CARTESIAN_POINT ( 'NONE',  ( 19.50000000000000355, 13.00000000000000000, -44.85412303015306179 ) ) ;
#2306 = FACE_OUTER_BOUND ( 'NONE', #5418, .T. ) ;
#2307 = FACE_BOUND ( 'NONE', #1185, .T. ) ;
#2308 = AXIS2_PLACEMENT_3D ( 'NONE', #2859, #6246, #4905 ) ;
#2309 = ORIENTED_EDGE ( 'NONE', *, *, #6395, .T. ) ;
#2310 = ORIENTED_EDGE ( 'NONE', *, *, #6381, .T. ) ;
#2311 = EDGE_CURVE ( 'NONE', #2008, #8122, #8029, .T. ) ;
#2312 = EDGE_CURVE ( 'NONE', #1191, #8297, #7723, .T. ) ;
#2313 = ORIENTED_EDGE ( 'NONE', *, *, #3608, .F. ) ;
#2314 = AXIS2_PLACEMENT_3D ( 'NONE', #4810, #7557, #1383 ) ;
#2315 = ORIENTED_EDGE ( 'NONE', *, *, #344, .F. ) ;
#2316 = DIRECTION ( 'NONE',  ( -1.156482317317871528E-15, 1.543213096464131927E-31, -1.000000000000000000 ) ) ;
#2317 = LINE ( 'NONE', #5883, #2690 ) ;
#2318 = LINE ( 'NONE', #7143, #525 ) ;
#2319 = CARTESIAN_POINT ( 'NONE',  ( -37.49999999999977973, 11.00000000000000000, -5.000000000000007994 ) ) ;
#2320 = ORIENTED_EDGE ( 'NONE', *, *, #5766, .F. ) ;
#2321 = ORIENTED_EDGE ( 'NONE', *, *, #66, .T. ) ;
#2322 = AXIS2_PLACEMENT_3D ( 'NONE', #7380, #4050, #3956 ) ;
#2323 = CYLINDRICAL_SURFACE ( 'NONE', #1683, 1.999999999999994893 ) ;
#2324 = EDGE_CURVE ( 'NONE', #5696, #2801, #195, .T. ) ;
#2325 = DIRECTION ( 'NONE',  ( 0.000000000000000000, 0.000000000000000000, 1.000000000000000000 ) ) ;
#2326 = ORIENTED_EDGE ( 'NONE', *, *, #798, .T. ) ;
#2327 = CYLINDRICAL_SURFACE ( 'NONE', #5344, 1.999999999999994893 ) ;
#2328 = EDGE_CURVE ( 'NONE', #6203, #7255, #8519, .T. ) ;
#2329 = DIRECTION ( 'NONE',  ( 0.000000000000000000, 0.000000000000000000, 1.000000000000000000 ) ) ;
#2330 = CARTESIAN_POINT ( 'NONE',  ( 28.99999999999999645, 1.114856259926636062, -36.17544239128989858 ) ) ;
#2331 = DIRECTION ( 'NONE',  ( -1.000000000000000000, 1.334402673828313339E-16, -0.000000000000000000 ) ) ;
#2332 = CARTESIAN_POINT ( 'NONE',  ( 16.00000000000000000, 2.287499999999947686, -37.21136206679747715 ) ) ;
#2333 = DIRECTION ( 'NONE',  ( 0.000000000000000000, 0.000000000000000000, 1.000000000000000000 ) ) ;
#2334 = DIRECTION ( 'NONE',  ( 0.000000000000000000, 0.9659258262890676461, -0.2588190451025227379 ) ) ;
#2335 = EDGE_CURVE ( 'NONE', #1666, #3612, #4577, .T. ) ;
#2336 = CARTESIAN_POINT ( 'NONE',  ( -40.00000000000001421, 11.00000000000000000, 34.99999999999999289 ) ) ;
#2337 = ORIENTED_EDGE ( 'NONE', *, *, #7495, .F. ) ;
#2338 = CYLINDRICAL_SURFACE ( 'NONE', #3402, 1.999999999999994893 ) ;
#2339 = ORIENTED_EDGE ( 'NONE', *, *, #2247, .T. ) ;
#2340 = LINE ( 'NONE', #5735, #1534 ) ;
#2341 = CARTESIAN_POINT ( 'NONE',  ( 13.49999999999976197, 13.00000000000000000, 4.999999999999990230 ) ) ;
#2342 = EDGE_LOOP ( 'NONE', ( #5299, #6116, #2493, #6553 ) ) ;
#2343 = EDGE_CURVE ( 'NONE', #4730, #606, #4385, .T. ) ;
#2344 = LINE ( 'NONE', #7640, #7749 ) ;
#2345 = CARTESIAN_POINT ( 'NONE',  ( 49.49999999999957367, 13.00000000000000000, 14.99999999999999289 ) ) ;
#2346 = FACE_BOUND ( 'NONE', #252, .T. ) ;
#2347 = MECHANICAL_CONTEXT ( 'NONE', #4239, 'mechanical' ) ;
#2348 = ORIENTED_EDGE ( 'NONE', *, *, #8626, .T. ) ;
#2349 = ORIENTED_EDGE ( 'NONE', *, *, #5737, .F. ) ;
#2350 = DIRECTION ( 'NONE',  ( -2.040851148208008245E-16, -1.000000000000000000, 0.000000000000000000 ) ) ;
#2351 = ORIENTED_EDGE ( 'NONE', *, *, #7807, .T. ) ;
#2352 = ORIENTED_EDGE ( 'NONE', *, *, #3540, .F. ) ;
#2353 = CARTESIAN_POINT ( 'NONE',  ( -16.00000000000000000, 11.49999999999999822, -41.65412303015307316 ) ) ;
#2354 = CARTESIAN_POINT ( 'NONE',  ( -36.50000000000044054, 11.00000000000000000, 14.99999999999999289 ) ) ;
#2355 = LINE ( 'NONE', #338, #3544 ) ;
#2356 = VECTOR ( 'NONE', #3910, 1000.000000000000000 ) ;
#2357 = EDGE_LOOP ( 'NONE', ( #1668, #4620, #3133, #1159 ) ) ;
#2358 = PLANE ( 'NONE',  #544 ) ;
#2359 = ORIENTED_EDGE ( 'NONE', *, *, #2029, .T. ) ;
#2360 = EDGE_CURVE ( 'NONE', #3213, #8338, #1459, .T. ) ;
#2361 = VERTEX_POINT ( 'NONE', #1630 ) ;
#2362 = ORIENTED_EDGE ( 'NONE', *, *, #332, .T. ) ;
#2363 = CARTESIAN_POINT ( 'NONE',  ( -17.00000000000000000, 12.99999999999999822, -45.65412303015307316 ) ) ;
#2364 = ORIENTED_EDGE ( 'NONE', *, *, #3857, .F. ) ;
#2365 = AXIS2_PLACEMENT_3D ( 'NONE', #6820, #2088, #3397 ) ;
#2366 = CARTESIAN_POINT ( 'NONE',  ( -28.99999999999999645, -11.41562369461536441, -35.50096189432333915 ) ) ;
#2367 = ORIENTED_EDGE ( 'NONE', *, *, #6391, .T. ) ;
#2368 = CARTESIAN_POINT ( 'NONE',  ( -10.00000000000000000, 8.500000000000000000, -37.00000000000000711 ) ) ;
#2369 = CARTESIAN_POINT ( 'NONE',  ( -48.00000000000001421, 11.00000000000000000, 6.936491673103633460 ) ) ;
#2370 = CARTESIAN_POINT ( 'NONE',  ( 16.00000000000000000, 3.689225402278059285, -40.71222276639855409 ) ) ;
#2371 = EDGE_CURVE ( 'NONE', #2444, #702, #7768, .T. ) ;
#2372 = DIRECTION ( 'NONE',  ( -1.000000000000000000, 6.938893903907231533E-15, 0.000000000000000000 ) ) ;
#2373 = CARTESIAN_POINT ( 'NONE',  ( 28.99999999999999645, 2.320827720261947391, -38.79264744196437675 ) ) ;
#2374 = CARTESIAN_POINT ( 'NONE',  ( 19.50000000000000355, 13.00000000000000000, -44.85412303015306179 ) ) ;
#2375 = PLANE ( 'NONE',  #1702 ) ;
#2376 = DIRECTION ( 'NONE',  ( -0.000000000000000000, 1.000000000000000000, 8.673617379884034239E-17 ) ) ;
#2377 = ORIENTED_EDGE ( 'NONE', *, *, #1469, .T. ) ;
#2378 = DIRECTION ( 'NONE',  ( -0.000000000000000000, -1.000000000000000000, -0.000000000000000000 ) ) ;
#2379 = ORIENTED_EDGE ( 'NONE', *, *, #211, .T. ) ;
#2380 = CARTESIAN_POINT ( 'NONE',  ( -23.49999999999977973, 13.00000000000000000, -5.000000000000007994 ) ) ;
#2381 = VECTOR ( 'NONE', #6853, 1000.000000000000000 ) ;
#2382 = EDGE_CURVE ( 'NONE', #4320, #7520, #4344, .T. ) ;
#2383 = VECTOR ( 'NONE', #5069, 1000.000000000000114 ) ;
#2384 = VECTOR ( 'NONE', #6054, 1000.000000000000000 ) ;
#2385 = CYLINDRICAL_SURFACE ( 'NONE', #414, 1.999999999999994893 ) ;
#2386 = VERTEX_POINT ( 'NONE', #155 ) ;
#2387 = DIRECTION ( 'NONE',  ( 0.000000000000000000, 0.000000000000000000, -1.000000000000000000 ) ) ;
#2388 = LINE ( 'NONE', #1182, #6595 ) ;
#2389 = FACE_BOUND ( 'NONE', #1773, .T. ) ;
#2390 = ADVANCED_FACE ( 'NONE', ( #913 ), #6407, .F. ) ;
#2391 = CYLINDRICAL_SURFACE ( 'NONE', #8437, 1.000000000000000888 ) ;
#2392 = VECTOR ( 'NONE', #3273, 1000.000000000000000 ) ;
#2393 = AXIS2_PLACEMENT_3D ( 'NONE', #6262, #769, #4824 ) ;
#2394 = EDGE_CURVE ( 'NONE', #5891, #2763, #5609, .T. ) ;
#2395 = ORIENTED_EDGE ( 'NONE', *, *, #5082, .T. ) ;
#2396 = ORIENTED_EDGE ( 'NONE', *, *, #17, .F. ) ;
#2397 = CIRCLE ( 'NONE', #3549, 1.999999999999994893 ) ;
#2398 = DIRECTION ( 'NONE',  ( 0.000000000000000000, 1.000000000000000000, 0.000000000000000000 ) ) ;
#2399 = ORIENTED_EDGE ( 'NONE', *, *, #5076, .T. ) ;
#2400 = CIRCLE ( 'NONE', #2834, 0.8000000000000003775 ) ;
#2401 = ORIENTED_EDGE ( 'NONE', *, *, #3478, .T. ) ;
#2402 = LINE ( 'NONE', #5169, #1650 ) ;
#2403 = EDGE_CURVE ( 'NONE', #7978, #4209, #2848, .T. ) ;
#2404 = DIRECTION ( 'NONE',  ( 0.000000000000000000, 0.000000000000000000, 1.000000000000000000 ) ) ;
#2405 = CARTESIAN_POINT ( 'NONE',  ( -19.50000000000000355, 10.86666666667359138, -42.63541235690001940 ) ) ;
#2406 = DIRECTION ( 'NONE',  ( 0.000000000000000000, 0.000000000000000000, 1.000000000000000000 ) ) ;
#2407 = ORIENTED_EDGE ( 'NONE', *, *, #1094, .T. ) ;
#2408 = ORIENTED_EDGE ( 'NONE', *, *, #6722, .T. ) ;
#2409 = CIRCLE ( 'NONE', #8167, 1.999999999999994893 ) ;
#2410 = EDGE_CURVE ( 'NONE', #1740, #2989, #2344, .T. ) ;
#2411 = VERTEX_POINT ( 'NONE', #2889 ) ;
#2412 = DIRECTION ( 'NONE',  ( 1.000000000000000000, 0.000000000000000000, 0.000000000000000000 ) ) ;
#2413 = AXIS2_PLACEMENT_3D ( 'NONE', #2466, #450, #315 ) ;
#2414 = EDGE_LOOP ( 'NONE', ( #6298, #712, #1811, #8660 ) ) ;
#2415 = DIRECTION ( 'NONE',  ( 0.000000000000000000, 1.000000000000000000, 0.000000000000000000 ) ) ;
#2416 = ORIENTED_EDGE ( 'NONE', *, *, #3864, .F. ) ;
#2417 = CARTESIAN_POINT ( 'NONE',  ( -24.00000000000000711, 12.00000000000000000, -13.06350832689631325 ) ) ;
#2418 = VECTOR ( 'NONE', #6495, 1000.000000000000000 ) ;
#2419 = CARTESIAN_POINT ( 'NONE',  ( -10.00000000000000000, 4.299999999999999822, 47.00000000000000711 ) ) ;
#2420 = CARTESIAN_POINT ( 'NONE',  ( 16.00000000000000000, 3.020034450022657246, -40.53291359116224868 ) ) ;
#2421 = CIRCLE ( 'NONE', #2140, 1.999999999999994893 ) ;
#2422 = CARTESIAN_POINT ( 'NONE',  ( 24.00000000000000711, 11.00000000000000000, -26.93649167310370629 ) ) ;
#2423 = CARTESIAN_POINT ( 'NONE',  ( 28.99999999999999645, 2.146114591076196287, -38.73097420639653166 ) ) ;
#2424 = VECTOR ( 'NONE', #3960, 1000.000000000000000 ) ;
#2425 = CARTESIAN_POINT ( 'NONE',  ( -11.49999999999956657, 11.00000000000000000, 14.99999999999999289 ) ) ;
#2426 = ADVANCED_FACE ( 'NONE', ( #6990 ), #827, .F. ) ;
#2427 = EDGE_CURVE ( 'NONE', #2692, #8799, #1843, .T. ) ;
#2428 = CARTESIAN_POINT ( 'NONE',  ( 15.37401153701776124, 5.900000000000007461, 47.00000000000000711 ) ) ;
#2429 = CARTESIAN_POINT ( 'NONE',  ( -12.50000000000023270, 13.00000000000000000, -5.000000000000007994 ) ) ;
#2430 = AXIS2_PLACEMENT_3D ( 'NONE', #5933, #4839, #6146 ) ;
#2431 = VERTEX_POINT ( 'NONE', #2521 ) ;
#2432 = CARTESIAN_POINT ( 'NONE',  ( 22.50000000000045830, 13.00000000000000000, 24.99999999999998934 ) ) ;
#2433 = ORIENTED_EDGE ( 'NONE', *, *, #8672, .T. ) ;
#2434 = PLANE ( 'NONE',  #2242 ) ;
#2435 = CARTESIAN_POINT ( 'NONE',  ( -36.00000000000000711, 13.00000000000000000, -26.93649167310370984 ) ) ;
#2436 = ORIENTED_EDGE ( 'NONE', *, *, #3745, .T. ) ;
#2437 = DIRECTION ( 'NONE',  ( -1.000000000000000000, -1.334402673828313339E-16, 0.000000000000000000 ) ) ;
#2438 = CYLINDRICAL_SURFACE ( 'NONE', #6456, 1.999999999999994893 ) ;
#2439 = EDGE_CURVE ( 'NONE', #3344, #7272, #6729, .T. ) ;
#2440 = FACE_BOUND ( 'NONE', #3176, .T. ) ;
#2441 = VERTEX_POINT ( 'NONE', #8027 ) ;
#2442 = EDGE_LOOP ( 'NONE', ( #6426, #3695, #2988, #8046 ) ) ;
#2443 = DIRECTION ( 'NONE',  ( -0.000000000000000000, -1.000000000000000000, -0.000000000000000000 ) ) ;
#2444 = VERTEX_POINT ( 'NONE', #8563 ) ;
#2445 = ADVANCED_FACE ( 'NONE', ( #3840 ), #1676, .T. ) ;
#2446 = VERTEX_POINT ( 'NONE', #7937 ) ;
#2447 = CARTESIAN_POINT ( 'NONE',  ( -35.49999999999977263, 13.00000000000000000, 4.999999999999990230 ) ) ;
#2448 = CARTESIAN_POINT ( 'NONE',  ( 22.50000000000000000, 12.00000000000000355, -42.42145001812207994 ) ) ;
#2449 = CIRCLE ( 'NONE', #1040, 1.999999999999994893 ) ;
#2450 = CARTESIAN_POINT ( 'NONE',  ( -19.50000000000000355, 9.599999999999999645, -42.29601004649577334 ) ) ;
#2451 = ORIENTED_EDGE ( 'NONE', *, *, #4, .F. ) ;
#2452 = EDGE_LOOP ( 'NONE', ( #833, #8854, #8708, #2339 ) ) ;
#2453 = EDGE_LOOP ( 'NONE', ( #1586, #8715, #1564, #2359, #2138, #7864 ) ) ;
#2454 = LINE ( 'NONE', #437, #2052 ) ;
#2455 = ORIENTED_EDGE ( 'NONE', *, *, #8049, .F. ) ;
#2456 = CARTESIAN_POINT ( 'NONE',  ( -48.00000000000001421, 11.00000000000000000, 13.06350832689640207 ) ) ;
#2457 = VERTEX_POINT ( 'NONE', #8697 ) ;
#2458 = DIRECTION ( 'NONE',  ( -0.000000000000000000, -1.000000000000000000, -0.000000000000000000 ) ) ;
#2459 = EDGE_CURVE ( 'NONE', #3991, #2141, #3567, .T. ) ;
#2460 = CARTESIAN_POINT ( 'NONE',  ( -28.99999999999999645, 2.249999999999988010, -35.50096189432333205 ) ) ;
#2461 = CARTESIAN_POINT ( 'NONE',  ( -28.99999999999999645, 1.794768102501498985, -38.42143233794438828 ) ) ;
#2462 = VECTOR ( 'NONE', #8271, 1000.000000000000000 ) ;
#2463 = DIRECTION ( 'NONE',  ( 0.000000000000000000, 0.000000000000000000, 1.000000000000000000 ) ) ;
#2464 = CYLINDRICAL_SURFACE ( 'NONE', #6659, 1.999999999999994893 ) ;
#2465 = FACE_BOUND ( 'NONE', #7689, .T. ) ;
#2466 = CARTESIAN_POINT ( 'NONE',  ( -0.5000000000004447553, 13.00000000000000000, 24.99999999999998934 ) ) ;
#2467 = VECTOR ( 'NONE', #8737, 1000.000000000000000 ) ;
#2468 = LINE ( 'NONE', #915, #7117 ) ;
#2469 = CARTESIAN_POINT ( 'NONE',  ( -15.99999999999999645, 0.6660416055457614171, -36.60587502270757199 ) ) ;
#2470 = DIRECTION ( 'NONE',  ( -0.000000000000000000, -1.000000000000000000, -0.000000000000000000 ) ) ;
#2471 = EDGE_LOOP ( 'NONE', ( #5625, #8080, #6882, #4575 ) ) ;
#2472 = DIRECTION ( 'NONE',  ( -1.000000000000000000, 0.000000000000000000, 0.000000000000000000 ) ) ;
#2473 = EDGE_CURVE ( 'NONE', #7562, #388, #2841, .T. ) ;
#2474 = AXIS2_PLACEMENT_3D ( 'NONE', #2555, #539, #1971 ) ;
#2475 = DIRECTION ( 'NONE',  ( -0.000000000000000000, -1.000000000000000000, -0.000000000000000000 ) ) ;
#2476 = ORIENTED_EDGE ( 'NONE', *, *, #5863, .T. ) ;
#2477 = DIRECTION ( 'NONE',  ( 0.000000000000000000, 0.000000000000000000, 1.000000000000000000 ) ) ;
#2478 = CARTESIAN_POINT ( 'NONE',  ( -10.00000000000000000, 8.500000000000000000, -37.00000000000000711 ) ) ;
#2479 = FACE_BOUND ( 'NONE', #7904, .T. ) ;
#2480 = CALENDAR_DATE ( 2026, 20, 8 ) ;
#2481 = EDGE_CURVE ( 'NONE', #2500, #6331, #1858, .T. ) ;
#2482 = AXIS2_PLACEMENT_3D ( 'NONE', #6189, #7452, #2083 ) ;
#2483 = ORIENTED_EDGE ( 'NONE', *, *, #6620, .T. ) ;
#2484 = ORIENTED_EDGE ( 'NONE', *, *, #3360, .F. ) ;
#2485 = EDGE_CURVE ( 'NONE', #1151, #1016, #7354, .T. ) ;
#2486 = CARTESIAN_POINT ( 'NONE',  ( 19.50000000000000355, 11.50000000000000000, -44.85412303015306179 ) ) ;
#2487 = EDGE_LOOP ( 'NONE', ( #3985, #4962, #5697, #5796, #4703, #2098, #3443, #5710, #387, #3741, #5996, #7422 ) ) ;
#2488 = EDGE_LOOP ( 'NONE', ( #7953, #1698, #7509, #968 ) ) ;
#2489 = CARTESIAN_POINT ( 'NONE',  ( -35.49999999999977973, 13.00000000000000000, -5.000000000000007994 ) ) ;
#2490 = CLOSED_SHELL ( 'NONE', ( #2864, #4033, #5913, #1010, #4879, #6451, #1105, #5221, #8745, #7115, #7464, #1448, #7899, #7563, #6017, #4343, #8060, #6770, #7852, #4150, #2066, #5389, #5951, #3067, #5898, #1902, #2715, #1770, #1915, #658, #946, #4610, #6671, #2291, #6939, #615, #1994, #4688, #234, #3138, #6992, #3119, #1949, #7682, #3162, #1600, #1184, #4788, #8226, #6494, #5614, #6350, #3502, #1977, #7089, #731, #3727, #3553, #4595, #4313, #4545, #8398, #4021, #7621, #8885, #2445, #863, #7968, #2909, #4744, #4245, #5247, #81, #5627, #1233, #600, #2232, #7385, #2235, #4754, #2702, #4766, #2146, #5358, #6633, #1562, #3835, #3201, #3428, #5921, #430, #5233, #3888, #6832, #7340, #7671, #8647, #6123, #5229, #1049, #2976, #6980, #4414, #7587, #5411, #5010, #5359, #1273, #8288, #4921, #973, #6739, #3715, #1520, #8910, #3226, #3797, #2724, #7207, #3674, #1057, #806, #988, #4144, #5646, #7175, #679, #1285, #8537, #6804, #4523, #624, #1497, #1025, #421, #7711, #2886, #8815, #3022, #2023, #6573, #7424, #7107, #6180, #5491, #1319, #3750, #4210, #3441, #7604, #1289, #2496, #8894, #200, #4149, #4860, #8790, #3237, #732, #707, #6532, #2192, #2761, #4791, #3174, #178, #2734, #7845, #2644, #162, #6460, #1854, #7131, #5631, #6191, #901, #7884, #1336, #6666, #3576, #285, #6249, #3767, #1664, #8569, #7483, #5024, #1163, #151, #1744, #1715, #3265, #4684, #1577, #6782, #8344, #5469, #7499, #7776, #3098, #5596, #7981, #3968, #590, #3316, #6639, #5606, #1927, #6212, #3738, #4008, #7647, #2697, #2390, #4198, #6626, #7009, #7501, #5699, #8729, #1729, #1993, #2601, #5133, #8303, #5310, #7106, #2426, #2805, #4828, #8114, #2619, #3652, #7869, #2847, #6018, #2685, #7033 ) ) ;
#2491 = DIRECTION ( 'NONE',  ( 0.000000000000000000, 1.000000000000000000, 0.000000000000000000 ) ) ;
#2492 = CARTESIAN_POINT ( 'NONE',  ( -57.50000000000000000, 0.000000000000000000, -17.49999999999999289 ) ) ;
#2493 = ORIENTED_EDGE ( 'NONE', *, *, #8479, .T. ) ;
#2494 = VERTEX_POINT ( 'NONE', #4431 ) ;
#2495 = EDGE_LOOP ( 'NONE', ( #3998, #7267, #8524, #886 ) ) ;
#2496 = ADVANCED_FACE ( 'NONE', ( #3928 ), #7311, .T. ) ;
#2497 = DIRECTION ( 'NONE',  ( 0.000000000000000000, 0.000000000000000000, -1.000000000000000000 ) ) ;
#2498 = VERTEX_POINT ( 'NONE', #7179 ) ;
#2499 = CARTESIAN_POINT ( 'NONE',  ( 47.49999999999978684, 11.00000000000000000, -5.000000000000007994 ) ) ;
#2500 = VERTEX_POINT ( 'NONE', #3158 ) ;
#2501 = CARTESIAN_POINT ( 'NONE',  ( 27.99999999999999645, 12.99999999999999822, -45.65412303015307316 ) ) ;
#2502 = VECTOR ( 'NONE', #6788, 1000.000000000000000 ) ;
#2503 = FACE_OUTER_BOUND ( 'NONE', #4321, .T. ) ;
#2504 = CARTESIAN_POINT ( 'NONE',  ( 40.00000000000000000, 0.000000000000000000, -17.49999999999999645 ) ) ;
#2505 = EDGE_CURVE ( 'NONE', #1900, #1867, #8611, .T. ) ;
#2506 = CARTESIAN_POINT ( 'NONE',  ( 13.00000000000000178, 7.599999999999995204, 47.00000000000001421 ) ) ;
#2507 = CARTESIAN_POINT ( 'NONE',  ( 16.00000000000000000, 9.430981587972004476, -40.69780742887106584 ) ) ;
#2508 = VECTOR ( 'NONE', #8623, 1000.000000000000000 ) ;
#2509 = DIRECTION ( 'NONE',  ( -1.000000000000000000, 2.040851148208008491E-16, -0.000000000000000000 ) ) ;
#2510 = CARTESIAN_POINT ( 'NONE',  ( 13.49999999999997691, 11.00000000000000000, -25.00000000000000711 ) ) ;
#2511 = FACE_OUTER_BOUND ( 'NONE', #5448, .T. ) ;
#2512 = CARTESIAN_POINT ( 'NONE',  ( -25.50000000000000355, 12.00000000000000355, -42.42145001812207994 ) ) ;
#2513 = CARTESIAN_POINT ( 'NONE',  ( -16.00000000000000000, 0.6210838120330539613, -39.35816597333338507 ) ) ;
#2514 = DIRECTION ( 'NONE',  ( 0.000000000000000000, 1.000000000000000000, 0.000000000000000000 ) ) ;
#2515 = ORIENTED_EDGE ( 'NONE', *, *, #6946, .T. ) ;
#2516 = DIRECTION ( 'NONE',  ( 0.000000000000000000, 1.000000000000000000, 0.000000000000000000 ) ) ;
#2517 = EDGE_CURVE ( 'NONE', #1912, #3177, #1418, .T. ) ;
#2518 = AXIS2_PLACEMENT_3D ( 'NONE', #3817, #3139, #5806 ) ;
#2519 = CARTESIAN_POINT ( 'NONE',  ( 1.499999999999550138, 11.00000000000000000, 24.99999999999998934 ) ) ;
#2520 = ORIENTED_EDGE ( 'NONE', *, *, #8504, .F. ) ;
#2521 = CARTESIAN_POINT ( 'NONE',  ( -25.49999999999998224, 11.00000000000000000, -25.00000000000000711 ) ) ;
#2522 = CARTESIAN_POINT ( 'NONE',  ( 34.50000000000002842, 13.00000000000000000, -25.00000000000000711 ) ) ;
#2523 = DIRECTION ( 'NONE',  ( 0.000000000000000000, 0.000000000000000000, 1.000000000000000000 ) ) ;
#2524 = AXIS2_PLACEMENT_3D ( 'NONE', #2448, #6550, #2404 ) ;
#2525 = ORIENTED_EDGE ( 'NONE', *, *, #2563, .T. ) ;
#2526 = EDGE_CURVE ( 'NONE', #2411, #5639, #555, .T. ) ;
#2527 = VECTOR ( 'NONE', #5817, 1000.000000000000000 ) ;
#2528 = ORIENTED_EDGE ( 'NONE', *, *, #7765, .F. ) ;
#2529 = VECTOR ( 'NONE', #8245, 1000.000000000000000 ) ;
#2530 = DIRECTION ( 'NONE',  ( 0.000000000000000000, 1.000000000000000000, 0.000000000000000000 ) ) ;
#2531 = ORIENTED_EDGE ( 'NONE', *, *, #4801, .F. ) ;
#2532 = EDGE_CURVE ( 'NONE', #1368, #723, #7263, .T. ) ;
#2533 = VECTOR ( 'NONE', #7996, 1000.000000000000114 ) ;
#2534 = EDGE_CURVE ( 'NONE', #2275, #6374, #6493, .T. ) ;
#2535 = FACE_OUTER_BOUND ( 'NONE', #720, .T. ) ;
#2536 = EDGE_LOOP ( 'NONE', ( #5009, #7096, #4896, #2436 ) ) ;
#2537 = FACE_OUTER_BOUND ( 'NONE', #8541, .T. ) ;
#2538 = CIRCLE ( 'NONE', #2393, 1.999999999999994893 ) ;
#2539 = CARTESIAN_POINT ( 'NONE',  ( -10.00000000000000000, 8.500000000000000000, -37.00000000000000711 ) ) ;
#2540 = DIRECTION ( 'NONE',  ( -1.000000000000000000, 0.000000000000000000, 0.000000000000000000 ) ) ;
#2541 = ORIENTED_EDGE ( 'NONE', *, *, #4326, .T. ) ;
#2542 = VECTOR ( 'NONE', #5993, 1000.000000000000114 ) ;
#2543 = VERTEX_POINT ( 'NONE', #7219 ) ;
#2544 = ORIENTED_EDGE ( 'NONE', *, *, #1460, .F. ) ;
#2545 = CARTESIAN_POINT ( 'NONE',  ( -13.49999999999997691, 11.00000000000000000, -25.00000000000000711 ) ) ;
#2546 = AXIS2_PLACEMENT_3D ( 'NONE', #2504, #8820, #5357 ) ;
#2547 = VERTEX_POINT ( 'NONE', #3791 ) ;
#2548 = LINE ( 'NONE', #64, #5890 ) ;
#2549 = VECTOR ( 'NONE', #6052, 1000.000000000000000 ) ;
#2550 = ORIENTED_EDGE ( 'NONE', *, *, #3271, .T. ) ;
#2551 = DIRECTION ( 'NONE',  ( 0.000000000000000000, -1.000000000000000000, 0.000000000000000000 ) ) ;
#2552 = DIRECTION ( 'NONE',  ( 0.000000000000000000, 0.000000000000000000, 1.000000000000000000 ) ) ;
#2553 = CARTESIAN_POINT ( 'NONE',  ( 28.99999999999999645, 4.135352703781100203, -40.83176221655822502 ) ) ;
#2554 = DIRECTION ( 'NONE',  ( 0.000000000000000000, 0.000000000000000000, 1.000000000000000000 ) ) ;
#2555 = CARTESIAN_POINT ( 'NONE',  ( 24.50000000000023803, 11.00000000000000000, -5.000000000000007994 ) ) ;
#2556 = DIRECTION ( 'NONE',  ( 0.000000000000000000, 1.000000000000000000, 0.000000000000000000 ) ) ;
#2557 = VECTOR ( 'NONE', #4469, 1000.000000000000000 ) ;
#2558 = DIRECTION ( 'NONE',  ( 0.000000000000000000, 0.000000000000000000, 1.000000000000000000 ) ) ;
#2559 = CARTESIAN_POINT ( 'NONE',  ( 48.50000000000003553, 11.00000000000000000, -25.00000000000000711 ) ) ;
#2560 = CIRCLE ( 'NONE', #2132, 1.999999999999994893 ) ;
#2561 = DIRECTION ( 'NONE',  ( 0.000000000000000000, 0.000000000000000000, 1.000000000000000000 ) ) ;
#2562 = CARTESIAN_POINT ( 'NONE',  ( -13.00000000000000178, 4.299999999999999822, 47.00000000000000711 ) ) ;
#2563 = EDGE_CURVE ( 'NONE', #7874, #7099, #1048, .T. ) ;
#2564 = DIRECTION ( 'NONE',  ( 0.000000000000000000, 0.000000000000000000, 1.000000000000000000 ) ) ;
#2565 = EDGE_LOOP ( 'NONE', ( #1202, #8368, #60, #750 ) ) ;
#2566 = CYLINDRICAL_SURFACE ( 'NONE', #4422, 1.999999999999994893 ) ;
#2567 = AXIS2_PLACEMENT_3D ( 'NONE', #7938, #241, #1007 ) ;
#2568 = DIRECTION ( 'NONE',  ( 0.000000000000000000, 0.000000000000000000, 1.000000000000000000 ) ) ;
#2569 = CIRCLE ( 'NONE', #3297, 1.999999999999994893 ) ;
#2570 = CARTESIAN_POINT ( 'NONE',  ( -10.00000000000000000, 8.500000000000000000, -37.00000000000000711 ) ) ;
#2571 = CARTESIAN_POINT ( 'NONE',  ( 37.49999999999956657, 13.00000000000000000, 14.99999999999999289 ) ) ;
#2572 = DIRECTION ( 'NONE',  ( 0.000000000000000000, 0.000000000000000000, 1.000000000000000000 ) ) ;
#2573 = EDGE_CURVE ( 'NONE', #6330, #7068, #1142, .T. ) ;
#2574 = DIRECTION ( 'NONE',  ( -0.000000000000000000, -1.000000000000000000, -0.000000000000000000 ) ) ;
#2575 = ORIENTED_EDGE ( 'NONE', *, *, #739, .T. ) ;
#2576 = ORIENTED_EDGE ( 'NONE', *, *, #3839, .F. ) ;
#2577 = CARTESIAN_POINT ( 'NONE',  ( -16.00000000000000000, 2.999999999999988898, -36.79999999999999005 ) ) ;
#2578 = EDGE_LOOP ( 'NONE', ( #3303, #6624, #7936, #8164 ) ) ;
#2579 = DIRECTION ( 'NONE',  ( -0.000000000000000000, -0.000000000000000000, -1.000000000000000000 ) ) ;
#2580 = ORIENTED_EDGE ( 'NONE', *, *, #5297, .T. ) ;
#2581 = DIRECTION ( 'NONE',  ( 0.000000000000000000, 1.000000000000000000, 0.000000000000000000 ) ) ;
#2582 = CARTESIAN_POINT ( 'NONE',  ( -16.00000000000000000, 2.099999999999265565, -35.58756443470079489 ) ) ;
#2583 = DIRECTION ( 'NONE',  ( -1.000000000000000000, -0.000000000000000000, 5.337610695313253357E-16 ) ) ;
#2584 = ORIENTED_EDGE ( 'NONE', *, *, #6807, .F. ) ;
#2585 = ORIENTED_EDGE ( 'NONE', *, *, #1257, .T. ) ;
#2586 = VERTEX_POINT ( 'NONE', #3885 ) ;
#2587 = EDGE_CURVE ( 'NONE', #8814, #5452, #4878, .T. ) ;
#2588 = EDGE_CURVE ( 'NONE', #6201, #804, #8794, .T. ) ;
#2589 = DIRECTION ( 'NONE',  ( 0.000000000000000000, 0.000000000000000000, 1.000000000000000000 ) ) ;
#2590 = EDGE_LOOP ( 'NONE', ( #6371, #6323, #8812, #35 ) ) ;
#2591 = EDGE_LOOP ( 'NONE', ( #2858, #5063, #7828, #2379 ) ) ;
#2592 = ORIENTED_EDGE ( 'NONE', *, *, #7727, .T. ) ;
#2593 = CARTESIAN_POINT ( 'NONE',  ( -49.49999999999957367, 13.00000000000000000, 14.99999999999999289 ) ) ;
#2594 = FACE_OUTER_BOUND ( 'NONE', #6694, .T. ) ;
#2595 = CARTESIAN_POINT ( 'NONE',  ( 25.50000000000000355, 11.50000000001249489, -42.80511351211194437 ) ) ;
#2596 = DIRECTION ( 'NONE',  ( 0.000000000000000000, 1.000000000000000000, 0.000000000000000000 ) ) ;
#2597 = CARTESIAN_POINT ( 'NONE',  ( 16.00000000000000000, 4.077453969931841726, -39.26333402696495511 ) ) ;
#2598 = EDGE_CURVE ( 'NONE', #1629, #6581, #7442, .T. ) ;
#2599 = VECTOR ( 'NONE', #8776, 1000.000000000000000 ) ;
#2600 = DIRECTION ( 'NONE',  ( 0.000000000000000000, 0.000000000000000000, 1.000000000000000000 ) ) ;
#2601 = ADVANCED_FACE ( 'NONE', ( #8200 ), #1897, .F. ) ;
#2602 = PLANE ( 'NONE',  #1131 ) ;
#2603 = FACE_OUTER_BOUND ( 'NONE', #4842, .T. ) ;
#2604 = DIRECTION ( 'NONE',  ( 0.000000000000000000, 0.000000000000000000, 1.000000000000000000 ) ) ;
#2605 = CARTESIAN_POINT ( 'NONE',  ( -16.00000000000000000, 1.349999999999987876, -36.02057713659399951 ) ) ;
#2606 = CIRCLE ( 'NONE', #7365, 1.999999999999994893 ) ;
#2607 = CARTESIAN_POINT ( 'NONE',  ( 35.49999999999977263, 13.00000000000000000, 4.999999999999990230 ) ) ;
#2608 = ORIENTED_EDGE ( 'NONE', *, *, #5197, .T. ) ;
#2609 = DIRECTION ( 'NONE',  ( 0.000000000000000000, 0.000000000000000000, 1.000000000000000000 ) ) ;
#2610 = EDGE_CURVE ( 'NONE', #6646, #2446, #7173, .T. ) ;
#2611 = CIRCLE ( 'NONE', #7518, 1.999999999999994893 ) ;
#2612 = DIRECTION ( 'NONE',  ( 0.000000000000000000, 1.000000000000000000, 0.000000000000000000 ) ) ;
#2613 = CARTESIAN_POINT ( 'NONE',  ( -24.50000000000002842, 11.00000000000000000, -25.00000000000000711 ) ) ;
#2614 = CARTESIAN_POINT ( 'NONE',  ( -15.00000000000000000, 9.607699251563854385E-14, -36.99999999999999289 ) ) ;
#2615 = CARTESIAN_POINT ( 'NONE',  ( -9.999999999999998224, 1.925929944387235853E-31, 35.00000000000000000 ) ) ;
#2616 = CARTESIAN_POINT ( 'NONE',  ( -10.00000000000000000, 4.000000000000000888, 47.00000000000000711 ) ) ;
#2617 = ORIENTED_EDGE ( 'NONE', *, *, #947, .T. ) ;
#2618 = DIRECTION ( 'NONE',  ( 0.000000000000000000, -8.673617379884028076E-17, 1.000000000000000000 ) ) ;
#2619 = ADVANCED_FACE ( 'NONE', ( #5504 ), #8071, .F. ) ;
#2620 = CARTESIAN_POINT ( 'NONE',  ( 22.50000000000000000, 11.50000000001249312, -42.80511351211193016 ) ) ;
#2621 = ORIENTED_EDGE ( 'NONE', *, *, #8833, .T. ) ;
#2622 = PLANE ( 'NONE',  #6217 ) ;
#2623 = VERTEX_POINT ( 'NONE', #2705 ) ;
#2624 = DIRECTION ( 'NONE',  ( 0.000000000000000000, 1.000000000000000000, 0.000000000000000000 ) ) ;
#2625 = CYLINDRICAL_SURFACE ( 'NONE', #7742, 1.999999999999994893 ) ;
#2626 = PLANE ( 'NONE',  #4554 ) ;
#2627 = VECTOR ( 'NONE', #5877, 1000.000000000000000 ) ;
#2628 = ORIENTED_EDGE ( 'NONE', *, *, #3251, .T. ) ;
#2629 = VERTEX_POINT ( 'NONE', #6183 ) ;
#2630 = EDGE_LOOP ( 'NONE', ( #6695, #3881, #7239, #6157, #1381, #2352 ) ) ;
#2631 = EDGE_LOOP ( 'NONE', ( #4213, #3483, #1157, #1569 ) ) ;
#2632 = ORIENTED_EDGE ( 'NONE', *, *, #6702, .F. ) ;
#2633 = ORIENTED_EDGE ( 'NONE', *, *, #3191, .F. ) ;
#2634 = LINE ( 'NONE', #4625, #1885 ) ;
#2635 = EDGE_CURVE ( 'NONE', #7870, #6010, #4741, .T. ) ;
#2636 = CARTESIAN_POINT ( 'NONE',  ( 37.49999999999956657, 11.00000000000000000, 14.99999999999999289 ) ) ;
#2637 = CARTESIAN_POINT ( 'NONE',  ( 30.00000000000000000, 3.000000000000000000, -25.99999999999998934 ) ) ;
#2638 = LINE ( 'NONE', #7965, #32 ) ;
#2639 = AXIS2_PLACEMENT_3D ( 'NONE', #8801, #1946, #7451 ) ;
#2640 = DIRECTION ( 'NONE',  ( 0.000000000000000000, 1.000000000000000000, 0.000000000000000000 ) ) ;
#2641 = CARTESIAN_POINT ( 'NONE',  ( -28.99999999999999645, 1.862776749868739978, -37.52243006942981651 ) ) ;
#2642 = CARTESIAN_POINT ( 'NONE',  ( 35.49999999999977263, 11.00000000000000000, 4.999999999999990230 ) ) ;
#2643 = CYLINDRICAL_SURFACE ( 'NONE', #6359, 1.999999999999994893 ) ;
#2644 = ADVANCED_FACE ( 'NONE', ( #1409 ), #5465, .F. ) ;
#2645 = EDGE_CURVE ( 'NONE', #4533, #6543, #1939, .T. ) ;
#2646 = DIRECTION ( 'NONE',  ( 0.000000000000000000, 0.000000000000000000, 1.000000000000000000 ) ) ;
#2647 = CARTESIAN_POINT ( 'NONE',  ( -25.49999999999977263, 11.00000000000000000, 4.999999999999990230 ) ) ;
#2648 = DIRECTION ( 'NONE',  ( 0.000000000000000000, 1.000000000000000000, 0.000000000000000000 ) ) ;
#2649 = VERTEX_POINT ( 'NONE', #4024 ) ;
#2650 = DIRECTION ( 'NONE',  ( 0.000000000000000000, 0.000000000000000000, 1.000000000000000000 ) ) ;
#2651 = VECTOR ( 'NONE', #4138, 1000.000000000000000 ) ;
#2652 = DIRECTION ( 'NONE',  ( -1.000000000000000000, 0.000000000000000000, -0.000000000000000000 ) ) ;
#2653 = CIRCLE ( 'NONE', #1223, 1.999999999999994893 ) ;
#2654 = CARTESIAN_POINT ( 'NONE',  ( 40.00000000000000000, 0.000000000000000000, -36.99999999999999289 ) ) ;
#2655 = FACE_OUTER_BOUND ( 'NONE', #3630, .T. ) ;
#2656 = LINE ( 'NONE', #8073, #2549 ) ;
#2657 = EDGE_CURVE ( 'NONE', #6609, #6737, #1265, .T. ) ;
#2658 = ORIENTED_EDGE ( 'NONE', *, *, #5502, .T. ) ;
#2659 = PLANE ( 'NONE',  #8150 ) ;
#2660 = ORIENTED_EDGE ( 'NONE', *, *, #4944, .T. ) ;
#2661 = AXIS2_PLACEMENT_3D ( 'NONE', #3920, #8739, #2561 ) ;
#2662 = LINE ( 'NONE', #7542, #7816 ) ;
#2663 = EDGE_LOOP ( 'NONE', ( #1580, #4464, #6301, #6819 ) ) ;
#2664 = EDGE_CURVE ( 'NONE', #5543, #971, #2409, .T. ) ;
#2665 = CYLINDRICAL_SURFACE ( 'NONE', #7215, 1.999999999999994893 ) ;
#2666 = ORIENTED_EDGE ( 'NONE', *, *, #4996, .F. ) ;
#2667 = DIRECTION ( 'NONE',  ( 0.000000000000000000, 0.000000000000000000, 1.000000000000000000 ) ) ;
#2668 = CARTESIAN_POINT ( 'NONE',  ( -16.00000000000000000, 1.950000000000145173, -35.67416697508013357 ) ) ;
#2669 = DIRECTION ( 'NONE',  ( -0.000000000000000000, -1.000000000000000000, -0.000000000000000000 ) ) ;
#2670 = EDGE_CURVE ( 'NONE', #3413, #1145, #4691, .T. ) ;
#2671 = VECTOR ( 'NONE', #2840, 1000.000000000000000 ) ;
#2672 = EDGE_LOOP ( 'NONE', ( #5800, #5762, #2226, #7417 ) ) ;
#2673 = AXIS2_PLACEMENT_3D ( 'NONE', #5905, #3102, #6448 ) ;
#2674 = ORIENTED_EDGE ( 'NONE', *, *, #5744, .F. ) ;
#2675 = CIRCLE ( 'NONE', #1102, 1.999999999999994893 ) ;
#2676 = ORIENTED_EDGE ( 'NONE', *, *, #1113, .F. ) ;
#2677 = EDGE_CURVE ( 'NONE', #1462, #2623, #7490, .T. ) ;
#2678 = AXIS2_PLACEMENT_3D ( 'NONE', #7493, #602, #7235 ) ;
#2679 = ORIENTED_EDGE ( 'NONE', *, *, #7078, .F. ) ;
#2680 = VERTEX_POINT ( 'NONE', #4066 ) ;
#2681 = LINE ( 'NONE', #3230, #2599 ) ;
#2682 = CARTESIAN_POINT ( 'NONE',  ( -19.50000000000000355, 12.00000000000000355, -42.42145001812207994 ) ) ;
#2683 = AXIS2_PLACEMENT_3D ( 'NONE', #8740, #3963, #6044 ) ;
#2684 = FACE_BOUND ( 'NONE', #3157, .T. ) ;
#2685 = ADVANCED_FACE ( 'NONE', ( #6763 ), #3970, .F. ) ;
#2686 = DIRECTION ( 'NONE',  ( 0.000000000000000000, 0.000000000000000000, 1.000000000000000000 ) ) ;
#2687 = AXIS2_PLACEMENT_3D ( 'NONE', #4371, #269, #6657 ) ;
#2688 = ORIENTED_EDGE ( 'NONE', *, *, #5174, .F. ) ;
#2689 = CARTESIAN_POINT ( 'NONE',  ( -28.99999999999999645, 2.011312360122132326, -38.65067004189663180 ) ) ;
#2690 = VECTOR ( 'NONE', #5925, 1000.000000000000000 ) ;
#2691 = CARTESIAN_POINT ( 'NONE',  ( -11.49999999999976730, 13.00000000000000000, 4.999999999999990230 ) ) ;
#2692 = VERTEX_POINT ( 'NONE', #13 ) ;
#2693 = DIRECTION ( 'NONE',  ( 0.000000000000000000, 0.000000000000000000, 1.000000000000000000 ) ) ;
#2694 = VECTOR ( 'NONE', #7865, 1000.000000000000000 ) ;
#2695 = DIRECTION ( 'NONE',  ( 0.000000000000000000, 1.000000000000000000, 0.000000000000000000 ) ) ;
#2696 = DIRECTION ( 'NONE',  ( 0.000000000000000000, 0.000000000000000000, 1.000000000000000000 ) ) ;
#2697 = ADVANCED_FACE ( 'NONE', ( #8836 ), #6224, .F. ) ;
#2698 = CARTESIAN_POINT ( 'NONE',  ( 16.00000000000000000, 1.537499999999947020, -35.91232396112081204 ) ) ;
#2699 = VERTEX_POINT ( 'NONE', #2654 ) ;
#2700 = DIRECTION ( 'NONE',  ( -0.000000000000000000, -1.000000000000000000, -0.000000000000000000 ) ) ;
#2701 = VECTOR ( 'NONE', #5023, 1000.000000000000000 ) ;
#2702 = ADVANCED_FACE ( 'NONE', ( #1987 ), #3298, .F. ) ;
#2703 = CIRCLE ( 'NONE', #2413, 1.999999999999994893 ) ;
#2704 = LINE ( 'NONE', #5463, #4012 ) ;
#2705 = CARTESIAN_POINT ( 'NONE',  ( 27.99999999999999645, 11.50000000000000000, -46.65412303015307316 ) ) ;
#2706 = CYLINDRICAL_SURFACE ( 'NONE', #6719, 1.999999999999994893 ) ;
#2707 = VECTOR ( 'NONE', #8159, 1000.000000000000000 ) ;
#2708 = DIRECTION ( 'NONE',  ( 0.000000000000000000, 1.000000000000000000, 0.000000000000000000 ) ) ;
#2709 = DIRECTION ( 'NONE',  ( 0.000000000000000000, 0.000000000000000000, 1.000000000000000000 ) ) ;
#2710 = AXIS2_PLACEMENT_3D ( 'NONE', #7217, #459, #1004 ) ;
#2711 = EDGE_LOOP ( 'NONE', ( #6815, #3128, #3027, #3800 ) ) ;
#2712 = VECTOR ( 'NONE', #4749, 1000.000000000000000 ) ;
#2713 = DIRECTION ( 'NONE',  ( -3.965082230804130713E-16, 0.000000000000000000, 1.000000000000000000 ) ) ;
#2714 = ORIENTED_EDGE ( 'NONE', *, *, #7042, .T. ) ;
#2715 = ADVANCED_FACE ( 'NONE', ( #2125 ), #4883, .F. ) ;
#2716 = CARTESIAN_POINT ( 'NONE',  ( -48.50000000000024869, 13.00000000000000000, 4.999999999999990230 ) ) ;
#2717 = DIRECTION ( 'NONE',  ( 0.000000000000000000, 0.000000000000000000, 1.000000000000000000 ) ) ;
#2718 = ORIENTED_EDGE ( 'NONE', *, *, #1074, .T. ) ;
#2719 = CARTESIAN_POINT ( 'NONE',  ( 0.5000000000004447553, 13.00000000000000000, 24.99999999999998934 ) ) ;
#2720 = CARTESIAN_POINT ( 'NONE',  ( -16.00000000000000000, 0.9202356692320422527, -39.69936564693512082 ) ) ;
#2721 = LINE ( 'NONE', #3489, #4412 ) ;
#2722 = ORIENTED_EDGE ( 'NONE', *, *, #3083, .F. ) ;
#2723 = ORIENTED_EDGE ( 'NONE', *, *, #5082, .F. ) ;
#2724 = ADVANCED_FACE ( 'NONE', ( #2789 ), #4201, .F. ) ;
#2725 = ORIENTED_EDGE ( 'NONE', *, *, #4389, .F. ) ;
#2726 = VERTEX_POINT ( 'NONE', #7632 ) ;
#2727 = EDGE_LOOP ( 'NONE', ( #5758, #303, #6333, #7929 ) ) ;
#2728 = FACE_OUTER_BOUND ( 'NONE', #63, .T. ) ;
#2729 = DIRECTION ( 'NONE',  ( 0.000000000000000000, 1.000000000000000000, 0.000000000000000000 ) ) ;
#2730 = FACE_OUTER_BOUND ( 'NONE', #5312, .T. ) ;
#2731 = CARTESIAN_POINT ( 'NONE',  ( 34.50000000000002842, 11.00000000000000000, -25.00000000000000711 ) ) ;
#2732 = ORIENTED_EDGE ( 'NONE', *, *, #1244, .F. ) ;
#2733 = CARTESIAN_POINT ( 'NONE',  ( -16.00000000000000000, 2.193749999999964118, -37.26548865453413129 ) ) ;
#2734 = ADVANCED_FACE ( 'NONE', ( #773 ), #4345, .F. ) ;
#2735 = CARTESIAN_POINT ( 'NONE',  ( 48.50000000000004263, 11.00000000000000000, -15.00000000000001066 ) ) ;
#2736 = EDGE_LOOP ( 'NONE', ( #4506, #318, #1248, #7943, #4651, #5861, #5709, #6032, #923, #5243 ) ) ;
#2737 = CARTESIAN_POINT ( 'NONE',  ( 28.99999999999999645, 2.249999999999990674, -35.50096189432333915 ) ) ;
#2738 = DIRECTION ( 'NONE',  ( -0.000000000000000000, -1.000000000000000000, -0.000000000000000000 ) ) ;
#2739 = CARTESIAN_POINT ( 'NONE',  ( 16.00000000000000000, 0.2366676822689662840, -37.40179607762923553 ) ) ;
#2740 = AXIS2_PLACEMENT_3D ( 'NONE', #1203, #6696, #3951 ) ;
#2741 = EDGE_LOOP ( 'NONE', ( #5816, #1229, #1277, #2632 ) ) ;
#2742 = FACE_OUTER_BOUND ( 'NONE', #634, .T. ) ;
#2743 = DIRECTION ( 'NONE',  ( -0.000000000000000000, -1.000000000000000000, -0.000000000000000000 ) ) ;
#2744 = AXIS2_PLACEMENT_3D ( 'NONE', #7779, #4987, #293 ) ;
#2745 = DIRECTION ( 'NONE',  ( -1.000000000000000000, 0.000000000000000000, 0.000000000000000000 ) ) ;
#2746 = DIRECTION ( 'NONE',  ( 1.000000000000000000, -0.000000000000000000, 0.000000000000000000 ) ) ;
#2747 = CYLINDRICAL_SURFACE ( 'NONE', #6142, 1.999999999999994893 ) ;
#2748 = DIRECTION ( 'NONE',  ( 0.000000000000000000, 1.000000000000000000, 0.000000000000000000 ) ) ;
#2749 = EDGE_CURVE ( 'NONE', #7359, #8896, #4432, .T. ) ;
#2750 = ORIENTED_EDGE ( 'NONE', *, *, #6106, .F. ) ;
#2751 = CARTESIAN_POINT ( 'NONE',  ( -34.50000000000002842, 11.00000000000000000, -25.00000000000000711 ) ) ;
#2752 = VERTEX_POINT ( 'NONE', #7220 ) ;
#2753 = VECTOR ( 'NONE', #2579, 1000.000000000000000 ) ;
#2754 = DIRECTION ( 'NONE',  ( 0.000000000000000000, 0.000000000000000000, 1.000000000000000000 ) ) ;
#2755 = ORIENTED_EDGE ( 'NONE', *, *, #4309, .F. ) ;
#2756 = DIRECTION ( 'NONE',  ( 0.000000000000000000, 1.000000000000000000, 0.000000000000000000 ) ) ;
#2757 = LINE ( 'NONE', #701, #180 ) ;
#2758 = EDGE_LOOP ( 'NONE', ( #3352, #2006, #7704, #5113 ) ) ;
#2759 = CYLINDRICAL_SURFACE ( 'NONE', #359, 1.999999999999994893 ) ;
#2760 = CARTESIAN_POINT ( 'NONE',  ( -28.99999999999999645, 1.724999999999911049, -35.80407078564793011 ) ) ;
#2761 = ADVANCED_FACE ( 'NONE', ( #6588 ), #2438, .F. ) ;
#2762 = DIRECTION ( 'NONE',  ( 0.000000000000000000, 0.000000000000000000, 1.000000000000000000 ) ) ;
#2763 = VERTEX_POINT ( 'NONE', #3792 ) ;
#2764 = VERTEX_POINT ( 'NONE', #1725 ) ;
#2765 = ORIENTED_EDGE ( 'NONE', *, *, #5786, .T. ) ;
#2766 = ORIENTED_EDGE ( 'NONE', *, *, #8606, .T. ) ;
#2767 = AXIS2_PLACEMENT_3D ( 'NONE', #8771, #7280, #2497 ) ;
#2768 = ORIENTED_EDGE ( 'NONE', *, *, #887, .T. ) ;
#2769 = FACE_OUTER_BOUND ( 'NONE', #675, .T. ) ;
#2770 = CARTESIAN_POINT ( 'NONE',  ( -40.00000000000000000, 13.00000000000000000, -36.99999999999999289 ) ) ;
#2771 = CARTESIAN_POINT ( 'NONE',  ( 15.00000000000000000, 3.000000000000000000, -25.99999999999998934 ) ) ;
#2772 = EDGE_CURVE ( 'NONE', #2806, #5388, #5164, .T. ) ;
#2773 = DIRECTION ( 'NONE',  ( 0.000000000000000000, 1.000000000000000000, 0.000000000000000000 ) ) ;
#2774 = ORIENTED_EDGE ( 'NONE', *, *, #4085, .T. ) ;
#2775 = AXIS2_PLACEMENT_3D ( 'NONE', #5062, #110, #7638 ) ;
#2776 = CARTESIAN_POINT ( 'NONE',  ( -16.00000000000000000, 2.250000000000027978, -37.23301270189218570 ) ) ;
#2777 = CARTESIAN_POINT ( 'NONE',  ( -24.50000000000023803, 11.00000000000000000, -5.000000000000007994 ) ) ;
#2778 = EDGE_LOOP ( 'NONE', ( #1188, #3448, #3559, #6047 ) ) ;
#2779 = DIRECTION ( 'NONE',  ( -0.000000000000000000, -0.000000000000000000, -1.000000000000000000 ) ) ;
#2780 = EDGE_CURVE ( 'NONE', #4779, #1059, #6311, .T. ) ;
#2781 = FACE_OUTER_BOUND ( 'NONE', #290, .T. ) ;
#2782 = AXIS2_PLACEMENT_3D ( 'NONE', #5053, #7113, #945 ) ;
#2783 = CARTESIAN_POINT ( 'NONE',  ( 16.00000000000000000, 0.4718339899309914598, -39.18806152621488081 ) ) ;
#2784 = VERTEX_POINT ( 'NONE', #8520 ) ;
#2785 = DIRECTION ( 'NONE',  ( 0.000000000000000000, 1.000000000000000000, 0.000000000000000000 ) ) ;
#2786 = CARTESIAN_POINT ( 'NONE',  ( -28.99999999999999645, 11.50000000000000000, -45.65412303015307316 ) ) ;
#2787 = LINE ( 'NONE', #8284, #5098 ) ;
#2788 = DIRECTION ( 'NONE',  ( 0.000000000000000000, 0.000000000000000000, 1.000000000000000000 ) ) ;
#2789 = FACE_OUTER_BOUND ( 'NONE', #8221, .T. ) ;
#2790 = DIRECTION ( 'NONE',  ( 0.000000000000000000, 1.000000000000000000, 0.000000000000000000 ) ) ;
#2791 = CIRCLE ( 'NONE', #7836, 1.000000000000000888 ) ;
#2792 = CARTESIAN_POINT ( 'NONE',  ( 46.50000000000004974, 13.00000000000000000, -15.00000000000001066 ) ) ;
#2793 = CARTESIAN_POINT ( 'NONE',  ( 11.49999999999956657, 11.00000000000000000, 14.99999999999999289 ) ) ;
#2794 = EDGE_CURVE ( 'NONE', #5149, #88, #5822, .T. ) ;
#2795 = VERTEX_POINT ( 'NONE', #2345 ) ;
#2796 = CIRCLE ( 'NONE', #7840, 1.999999999999994893 ) ;
#2797 = DIRECTION ( 'NONE',  ( 0.000000000000000000, 1.000000000000000000, 0.000000000000000000 ) ) ;
#2798 = VERTEX_POINT ( 'NONE', #3749 ) ;
#2799 = LINE ( 'NONE', #5977, #1287 ) ;
#2800 = CARTESIAN_POINT ( 'NONE',  ( 23.49999999999957012, 11.00000000000000000, 14.99999999999999289 ) ) ;
#2801 = VERTEX_POINT ( 'NONE', #369 ) ;
#2802 = DIRECTION ( 'NONE',  ( 0.000000000000000000, 1.000000000000000000, 0.000000000000000000 ) ) ;
#2803 = CARTESIAN_POINT ( 'NONE',  ( -28.99999999999999645, 2.796970799271130126, -40.47314386608080383 ) ) ;
#2804 = DIRECTION ( 'NONE',  ( -0.000000000000000000, -1.000000000000000000, -0.000000000000000000 ) ) ;
#2805 = ADVANCED_FACE ( 'NONE', ( #3111 ), #419, .F. ) ;
#2806 = VERTEX_POINT ( 'NONE', #5742 ) ;
#2807 = VERTEX_POINT ( 'NONE', #5065 ) ;
#2808 = EDGE_CURVE ( 'NONE', #8229, #6058, #7850, .T. ) ;
#2809 = EDGE_CURVE ( 'NONE', #4818, #1524, #2279, .T. ) ;
#2810 = VERTEX_POINT ( 'NONE', #1767 ) ;
#2811 = VERTEX_POINT ( 'NONE', #8480 ) ;
#2812 = DIRECTION ( 'NONE',  ( -0.000000000000000000, -1.000000000000000000, -0.000000000000000000 ) ) ;
#2813 = CARTESIAN_POINT ( 'NONE',  ( -19.50000000000000355, 13.00000000000000000, -44.85412303015306179 ) ) ;
#2814 = CARTESIAN_POINT ( 'NONE',  ( 12.00000000000000355, 13.00000000000000000, 26.93649167310357839 ) ) ;
#2815 = AXIS2_PLACEMENT_3D ( 'NONE', #1760, #2378, #6487 ) ;
#2816 = CARTESIAN_POINT ( 'NONE',  ( 30.00000000000000000, 3.000000000000000000, -36.99999999999999289 ) ) ;
#2817 = AXIS2_PLACEMENT_3D ( 'NONE', #3025, #875, #6497 ) ;
#2818 = VERTEX_POINT ( 'NONE', #4515 ) ;
#2819 = CARTESIAN_POINT ( 'NONE',  ( -28.99999999999999645, 2.404476589293947697, -38.81506108886917161 ) ) ;
#2820 = CIRCLE ( 'NONE', #6132, 1.999999999999994893 ) ;
#2821 = AXIS2_PLACEMENT_3D ( 'NONE', #2607, #2470, #6710 ) ;
#2822 = CYLINDRICAL_SURFACE ( 'NONE', #6178, 1.999999999999994893 ) ;
#2823 = VERTEX_POINT ( 'NONE', #326 ) ;
#2824 = DIRECTION ( 'NONE',  ( 0.000000000000000000, 1.000000000000000000, 0.000000000000000000 ) ) ;
#2825 = DIRECTION ( 'NONE',  ( -0.000000000000000000, -1.000000000000000000, -0.000000000000000000 ) ) ;
#2826 = AXIS2_PLACEMENT_3D ( 'NONE', #4322, #2952, #7058 ) ;
#2827 = AXIS2_PLACEMENT_3D ( 'NONE', #8876, #5410, #635 ) ;
#2828 = DIRECTION ( 'NONE',  ( 0.000000000000000000, 1.000000000000000000, 0.000000000000000000 ) ) ;
#2829 = ORIENTED_EDGE ( 'NONE', *, *, #4477, .T. ) ;
#2830 = CARTESIAN_POINT ( 'NONE',  ( -1.499999999999973577, 11.00000000000000000, -25.00000000000000711 ) ) ;
#2831 = CARTESIAN_POINT ( 'NONE',  ( 10.50000000000003730, 11.00000000000000000, -15.00000000000001066 ) ) ;
#2832 = AXIS2_PLACEMENT_3D ( 'NONE', #6708, #408, #546 ) ;
#2833 = LINE ( 'NONE', #6979, #7101 ) ;
#2834 = AXIS2_PLACEMENT_3D ( 'NONE', #6881, #717, #2947 ) ;
#2835 = DIRECTION ( 'NONE',  ( 0.000000000000000000, 1.000000000000000000, 0.000000000000000000 ) ) ;
#2836 = EDGE_CURVE ( 'NONE', #77, #3923, #7264, .T. ) ;
#2837 = LINE ( 'NONE', #57, #4701 ) ;
#2838 = LINE ( 'NONE', #1452, #4848 ) ;
#2839 = VERTEX_POINT ( 'NONE', #5156 ) ;
#2840 = DIRECTION ( 'NONE',  ( 2.040851148208008245E-16, 1.000000000000000000, -0.000000000000000000 ) ) ;
#2841 = CIRCLE ( 'NONE', #6880, 1.999999999999994893 ) ;
#2842 = ORIENTED_EDGE ( 'NONE', *, *, #5837, .F. ) ;
#2843 = AXIS2_PLACEMENT_3D ( 'NONE', #5364, #8826, #1888 ) ;
#2844 = DIRECTION ( 'NONE',  ( -1.334402673828313339E-16, 1.000000000000000000, -0.000000000000000000 ) ) ;
#2845 = VERTEX_POINT ( 'NONE', #8564 ) ;
#2846 = VECTOR ( 'NONE', #6718, 1000.000000000000000 ) ;
#2847 = ADVANCED_FACE ( 'NONE', ( #3658 ), #5691, .F. ) ;
#2848 = LINE ( 'NONE', #5780, #265 ) ;
#2849 = CARTESIAN_POINT ( 'NONE',  ( -12.00000000000000355, 13.00000000000000000, -6.936491673103652111 ) ) ;
#2850 = DIRECTION ( 'NONE',  ( 0.000000000000000000, 1.000000000000000000, 0.000000000000000000 ) ) ;
#2851 = CIRCLE ( 'NONE', #6741, 1.999999999999994893 ) ;
#2852 = CARTESIAN_POINT ( 'NONE',  ( -28.99999999999999645, 2.462375323143428663, -40.38348927846264047 ) ) ;
#2853 = DIRECTION ( 'NONE',  ( 0.000000000000000000, 0.000000000000000000, 1.000000000000000000 ) ) ;
#2854 = ORIENTED_EDGE ( 'NONE', *, *, #3057, .F. ) ;
#2855 = AXIS2_PLACEMENT_3D ( 'NONE', #5781, #1679, #5868 ) ;
#2856 = ORIENTED_EDGE ( 'NONE', *, *, #4728, .F. ) ;
#2857 = ORIENTED_EDGE ( 'NONE', *, *, #1607, .F. ) ;
#2858 = ORIENTED_EDGE ( 'NONE', *, *, #173, .F. ) ;
#2859 = CARTESIAN_POINT ( 'NONE',  ( -23.49999999999997868, 13.00000000000000000, -15.00000000000001066 ) ) ;
#2860 = VECTOR ( 'NONE', #5045, 1000.000000000000000 ) ;
#2861 = DIRECTION ( 'NONE',  ( -0.000000000000000000, -1.000000000000000000, -0.000000000000000000 ) ) ;
#2862 = CARTESIAN_POINT ( 'NONE',  ( -35.49999999999998579, 11.00000000000000000, -15.00000000000001066 ) ) ;
#2863 = CARTESIAN_POINT ( 'NONE',  ( 24.00000000000000711, 11.00000000000000000, 6.936491673103633460 ) ) ;
#2864 = ADVANCED_FACE ( 'NONE', ( #4386 ), #7127, .T. ) ;
#2865 = CARTESIAN_POINT ( 'NONE',  ( -12.50000000000023981, 13.00000000000000000, 4.999999999999990230 ) ) ;
#2866 = ORIENTED_EDGE ( 'NONE', *, *, #6147, .F. ) ;
#2867 = CARTESIAN_POINT ( 'NONE',  ( -16.00000000000000000, 2.400000000000064748, -37.14641016151402653 ) ) ;
#2868 = DIRECTION ( 'NONE',  ( 0.000000000000000000, 1.000000000000000000, 0.000000000000000000 ) ) ;
#2869 = ORIENTED_EDGE ( 'NONE', *, *, #1768, .F. ) ;
#2870 = CARTESIAN_POINT ( 'NONE',  ( 34.50000000000044764, 11.00000000000000000, 24.99999999999998579 ) ) ;
#2871 = CARTESIAN_POINT ( 'NONE',  ( 10.50000000000003020, 11.00000000000000000, -25.00000000000000711 ) ) ;
#2872 = LINE ( 'NONE', #683, #6439 ) ;
#2873 = EDGE_CURVE ( 'NONE', #4909, #1263, #7896, .T. ) ;
#2874 = ORIENTED_EDGE ( 'NONE', *, *, #8248, .T. ) ;
#2875 = CARTESIAN_POINT ( 'NONE',  ( 13.49999999999976197, 11.00000000000000000, 4.999999999999990230 ) ) ;
#2876 = CARTESIAN_POINT ( 'NONE',  ( -12.50000000000023981, 11.00000000000000000, 4.999999999999990230 ) ) ;
#2877 = EDGE_CURVE ( 'NONE', #7637, #7825, #2388, .T. ) ;
#2878 = ORIENTED_EDGE ( 'NONE', *, *, #6154, .T. ) ;
#2879 = LINE ( 'NONE', #5640, #4299 ) ;
#2880 = AXIS2_PLACEMENT_3D ( 'NONE', #8673, #6690, #5974 ) ;
#2881 = CIRCLE ( 'NONE', #896, 1.999999999999994893 ) ;
#2882 = CYLINDRICAL_SURFACE ( 'NONE', #1713, 1.999999999999994893 ) ;
#2883 = FACE_OUTER_BOUND ( 'NONE', #1365, .T. ) ;
#2884 = ORIENTED_EDGE ( 'NONE', *, *, #6795, .T. ) ;
#2885 = CARTESIAN_POINT ( 'NONE',  ( 28.99999999999999645, 2.292944763917991846, -38.78517622632946171 ) ) ;
#2886 = ADVANCED_FACE ( 'NONE', ( #8160 ), #554, .T. ) ;
#2887 = CARTESIAN_POINT ( 'NONE',  ( 22.50000000000045119, 11.00000000000000000, 24.99999999999998579 ) ) ;
#2888 = ORIENTED_EDGE ( 'NONE', *, *, #8531, .F. ) ;
#2889 = CARTESIAN_POINT ( 'NONE',  ( -24.00000000000000711, 13.00000000000000000, 13.06350832689640207 ) ) ;
#2890 = CARTESIAN_POINT ( 'NONE',  ( 1.499999999999557243, 11.00000000000000000, 24.99999999999998579 ) ) ;
#2891 = CARTESIAN_POINT ( 'NONE',  ( 23.49999999999957012, 13.00000000000000000, 14.99999999999999289 ) ) ;
#2892 = CARTESIAN_POINT ( 'NONE',  ( -28.99999999999999645, 2.016248021640165256, -40.26394982830277058 ) ) ;
#2893 = EDGE_CURVE ( 'NONE', #8440, #5959, #8902, .T. ) ;
#2894 = CARTESIAN_POINT ( 'NONE',  ( -0.5000000000000281997, 13.00000000000000000, -15.00000000000001066 ) ) ;
#2895 = AXIS2_PLACEMENT_3D ( 'NONE', #5984, #1166, #2554 ) ;
#2896 = EDGE_LOOP ( 'NONE', ( #6095, #4991, #8585, #1675 ) ) ;
#2897 = EDGE_CURVE ( 'NONE', #1740, #6455, #6674, .T. ) ;
#2898 = ORIENTED_EDGE ( 'NONE', *, *, #4298, .T. ) ;
#2899 = CIRCLE ( 'NONE', #3603, 19.49999999999999645 ) ;
#2900 = ORIENTED_EDGE ( 'NONE', *, *, #6304, .F. ) ;
#2901 = ORIENTED_EDGE ( 'NONE', *, *, #4285, .F. ) ;
#2902 = CYLINDRICAL_SURFACE ( 'NONE', #7927, 1.999999999999994893 ) ;
#2903 = DIRECTION ( 'NONE',  ( -1.000000000000000000, 0.000000000000000000, 0.000000000000000000 ) ) ;
#2904 = CARTESIAN_POINT ( 'NONE',  ( -28.99999999999999645, 2.292944763917989626, -38.78517622632945461 ) ) ;
#2905 = LINE ( 'NONE', #5665, #7306 ) ;
#2906 = EDGE_CURVE ( 'NONE', #3405, #3900, #8795, .T. ) ;
#2907 = ORIENTED_EDGE ( 'NONE', *, *, #2610, .T. ) ;
#2908 = CARTESIAN_POINT ( 'NONE',  ( -16.00000000000000000, 2.200000941738147642, -38.75431407995100841 ) ) ;
#2909 = ADVANCED_FACE ( 'NONE', ( #2655 ), #1270, .F. ) ;
#2910 = CARTESIAN_POINT ( 'NONE',  ( 25.50000000000000355, 12.25881904511126130, -41.45552419183535164 ) ) ;
#2911 = ORIENTED_EDGE ( 'NONE', *, *, #8866, .F. ) ;
#2912 = DIRECTION ( 'NONE',  ( 0.000000000000000000, 0.000000000000000000, 1.000000000000000000 ) ) ;
#2913 = FACE_OUTER_BOUND ( 'NONE', #2452, .T. ) ;
#2914 = CARTESIAN_POINT ( 'NONE',  ( 28.99999999999999645, 1.382540356719631047, -40.02589295479880604 ) ) ;
#2915 = CIRCLE ( 'NONE', #5941, 1.999999999999994893 ) ;
#2916 = EDGE_LOOP ( 'NONE', ( #6229, #3144, #6463, #8135 ) ) ;
#2917 = CARTESIAN_POINT ( 'NONE',  ( -16.00000000000000000, 2.292944763917986073, -38.78517622632946882 ) ) ;
#2918 = EDGE_CURVE ( 'NONE', #8246, #1913, #504, .T. ) ;
#2919 = CARTESIAN_POINT ( 'NONE',  ( 28.99999999999999645, 2.400000000000064748, -37.14641016151402653 ) ) ;
#2920 = ORIENTED_EDGE ( 'NONE', *, *, #1763, .F. ) ;
#2921 = EDGE_CURVE ( 'NONE', #7092, #4536, #1853, .T. ) ;
#2922 = EDGE_CURVE ( 'NONE', #5260, #7465, #1225, .T. ) ;
#2923 = CARTESIAN_POINT ( 'NONE',  ( 30.00000000000000000, 0.000000000000000000, -25.99999999999998934 ) ) ;
#2924 = CARTESIAN_POINT ( 'NONE',  ( -28.99999999999999645, 1.382540356719631047, -40.02589295479880604 ) ) ;
#2925 = DIRECTION ( 'NONE',  ( 1.000000000000000000, 0.000000000000000000, 0.000000000000000000 ) ) ;
#2926 = ORIENTED_EDGE ( 'NONE', *, *, #2587, .F. ) ;
#2927 = CARTESIAN_POINT ( 'NONE',  ( -36.00000000000000711, 11.00000000000000000, -6.936491673103653888 ) ) ;
#2928 = FACE_OUTER_BOUND ( 'NONE', #6528, .T. ) ;
#2929 = ORIENTED_EDGE ( 'NONE', *, *, #6620, .F. ) ;
#2930 = CARTESIAN_POINT ( 'NONE',  ( 48.00000000000001421, 12.00000000000000000, 6.936491673103633460 ) ) ;
#2931 = CARTESIAN_POINT ( 'NONE',  ( 34.50000000000045475, 11.00000000000000000, 24.99999999999998934 ) ) ;
#2932 = CARTESIAN_POINT ( 'NONE',  ( -24.00000000000000711, 12.00000000000000000, 26.93649167310357839 ) ) ;
#2933 = CARTESIAN_POINT ( 'NONE',  ( -28.99999999999999645, 1.317063637212506411, -36.03961332303662601 ) ) ;
#2934 = PERSON_AND_ORGANIZATION ( #7577, #3834 ) ;
#2935 = VERTEX_POINT ( 'NONE', #2614 ) ;
#2936 = AXIS2_PLACEMENT_3D ( 'NONE', #1433, #716, #37 ) ;
#2937 = VERTEX_POINT ( 'NONE', #3299 ) ;
#2938 = EDGE_CURVE ( 'NONE', #2, #248, #4444, .T. ) ;
#2939 = EDGE_LOOP ( 'NONE', ( #7088, #1453, #305, #1914 ) ) ;
#2940 = EDGE_CURVE ( 'NONE', #8580, #6232, #5374, .T. ) ;
#2941 = VERTEX_POINT ( 'NONE', #5332 ) ;
#2942 = CARTESIAN_POINT ( 'NONE',  ( 36.00000000000000711, 12.00000000000000000, -26.93649167310370984 ) ) ;
#2943 = CIRCLE ( 'NONE', #1366, 1.000000000000000888 ) ;
#2944 = PLANE ( 'NONE',  #2971 ) ;
#2945 = DIRECTION ( 'NONE',  ( -0.000000000000000000, 0.000000000000000000, 1.000000000000000000 ) ) ;
#2946 = ORIENTED_EDGE ( 'NONE', *, *, #3449, .T. ) ;
#2947 = DIRECTION ( 'NONE',  ( 0.000000000000000000, -0.5000000000000113243, 0.8660254037844320463 ) ) ;
#2948 = ORIENTED_EDGE ( 'NONE', *, *, #8821, .F. ) ;
#2949 = ORIENTED_EDGE ( 'NONE', *, *, #2013, .T. ) ;
#2950 = ORIENTED_EDGE ( 'NONE', *, *, #4419, .F. ) ;
#2951 = VECTOR ( 'NONE', #3962, 1000.000000000000000 ) ;
#2952 = DIRECTION ( 'NONE',  ( 0.000000000000000000, 1.000000000000000000, 0.000000000000000000 ) ) ;
#2953 = DIRECTION ( 'NONE',  ( 0.000000000000000000, 1.000000000000000000, 0.000000000000000000 ) ) ;
#2954 = ORIENTED_EDGE ( 'NONE', *, *, #3851, .T. ) ;
#2955 = CARTESIAN_POINT ( 'NONE',  ( 36.50000000000024158, 11.00000000000000000, 4.999999999999990230 ) ) ;
#2956 = EDGE_CURVE ( 'NONE', #4263, #3990, #6764, .T. ) ;
#2957 = CIRCLE ( 'NONE', #4711, 1.999999999999994893 ) ;
#2958 = CARTESIAN_POINT ( 'NONE',  ( 37.49999999999977263, 13.00000000000000000, 4.999999999999990230 ) ) ;
#2959 = CARTESIAN_POINT ( 'NONE',  ( 28.99999999999999645, 0.9825791946689358403, -36.28035516764425239 ) ) ;
#2960 = CARTESIAN_POINT ( 'NONE',  ( 10.50000000000044587, 13.00000000000000000, 14.99999999999999289 ) ) ;
#2961 = VECTOR ( 'NONE', #7305, 1000.000000000000000 ) ;
#2962 = CARTESIAN_POINT ( 'NONE',  ( 28.99999999999999645, 1.943302870196532028, -37.43656403318124148 ) ) ;
#2963 = CARTESIAN_POINT ( 'NONE',  ( -49.49999999999977973, 11.00000000000000000, -5.000000000000007994 ) ) ;
#2964 = AXIS2_PLACEMENT_3D ( 'NONE', #5408, #2648, #3377 ) ;
#2965 = VECTOR ( 'NONE', #2804, 1000.000000000000000 ) ;
#2966 = CARTESIAN_POINT ( 'NONE',  ( -49.49999999999957367, 11.00000000000000000, 14.99999999999999289 ) ) ;
#2967 = VECTOR ( 'NONE', #7023, 1000.000000000000000 ) ;
#2968 = CARTESIAN_POINT ( 'NONE',  ( -28.99999999999999645, 1.867975185229349799, -40.22420197961083232 ) ) ;
#2969 = VERTEX_POINT ( 'NONE', #8698 ) ;
#2970 = FACE_OUTER_BOUND ( 'NONE', #6069, .T. ) ;
#2971 = AXIS2_PLACEMENT_3D ( 'NONE', #8195, #2903, #925 ) ;
#2972 = ORIENTED_EDGE ( 'NONE', *, *, #6691, .F. ) ;
#2973 = DIRECTION ( 'NONE',  ( 0.000000000000000000, 1.000000000000000000, 0.000000000000000000 ) ) ;
#2974 = CC_DESIGN_APPROVAL ( #7986, ( #8878 ) ) ;
#2975 = EDGE_CURVE ( 'NONE', #3570, #7359, #3159, .T. ) ;
#2976 = ADVANCED_FACE ( 'NONE', ( #6004 ), #1940, .F. ) ;
#2977 = CIRCLE ( 'NONE', #7448, 1.999999999999994893 ) ;
#2978 = VECTOR ( 'NONE', #1093, 1000.000000000000000 ) ;
#2979 = CARTESIAN_POINT ( 'NONE',  ( -34.50000000000003553, 13.00000000000000000, -15.00000000000001066 ) ) ;
#2980 = VERTEX_POINT ( 'NONE', #2522 ) ;
#2981 = DIRECTION ( 'NONE',  ( 0.000000000000000000, 0.000000000000000000, 1.000000000000000000 ) ) ;
#2982 = CARTESIAN_POINT ( 'NONE',  ( 0.5000000000002294831, 13.00000000000000000, -5.000000000000007994 ) ) ;
#2983 = CARTESIAN_POINT ( 'NONE',  ( 27.99999999999999645, 11.49999999999999645, -45.65412303015307316 ) ) ;
#2984 = VECTOR ( 'NONE', #8115, 1000.000000000000000 ) ;
#2985 = DIRECTION ( 'NONE',  ( 0.000000000000000000, 0.000000000000000000, 1.000000000000000000 ) ) ;
#2986 = COORDINATED_UNIVERSAL_TIME_OFFSET ( 8, 0, .AHEAD. ) ;
#2987 = EDGE_CURVE ( 'NONE', #130, #6010, #3886, .T. ) ;
#2988 = ORIENTED_EDGE ( 'NONE', *, *, #8133, .F. ) ;
#2989 = VERTEX_POINT ( 'NONE', #462 ) ;
#2990 = VECTOR ( 'NONE', #418, 1000.000000000000000 ) ;
#2991 = EDGE_CURVE ( 'NONE', #7200, #8538, #3207, .T. ) ;
#2992 = ORIENTED_EDGE ( 'NONE', *, *, #3328, .F. ) ;
#2993 = AXIS2_PLACEMENT_3D ( 'NONE', #8287, #2835, #2206 ) ;
#2994 = ORIENTED_EDGE ( 'NONE', *, *, #5104, .F. ) ;
#2995 = DIRECTION ( 'NONE',  ( 0.000000000000000000, 1.000000000000000000, 0.000000000000000000 ) ) ;
#2996 = DIRECTION ( 'NONE',  ( 0.000000000000000000, 0.000000000000000000, 1.000000000000000000 ) ) ;
#2997 = DIRECTION ( 'NONE',  ( -1.334402673828313339E-16, 1.000000000000000000, -0.000000000000000000 ) ) ;
#2998 = AXIS2_PLACEMENT_3D ( 'NONE', #639, #5331, #1360 ) ;
#2999 = FACE_OUTER_BOUND ( 'NONE', #2079, .T. ) ;
#3000 = ORIENTED_EDGE ( 'NONE', *, *, #3251, .F. ) ;
#3001 = ORIENTED_EDGE ( 'NONE', *, *, #8264, .T. ) ;
#3002 = ORIENTED_EDGE ( 'NONE', *, *, #7328, .F. ) ;
#3003 = EDGE_CURVE ( 'NONE', #8485, #8486, #6746, .T. ) ;
#3004 = CARTESIAN_POINT ( 'NONE',  ( -40.00000000000002132, 11.00000000000000000, -17.50000000000000711 ) ) ;
#3005 = LINE ( 'NONE', #5223, #2860 ) ;
#3006 = ORIENTED_EDGE ( 'NONE', *, *, #6437, .F. ) ;
#3007 = FACE_OUTER_BOUND ( 'NONE', #1177, .T. ) ;
#3008 = DIRECTION ( 'NONE',  ( -0.000000000000000000, -1.000000000000000000, -0.000000000000000000 ) ) ;
#3009 = CARTESIAN_POINT ( 'NONE',  ( 28.99999999999999645, 0.8994957518147062014, -36.35680491046148433 ) ) ;
#3010 = CARTESIAN_POINT ( 'NONE',  ( -0.5000000000000281997, 11.00000000000000000, -15.00000000000001066 ) ) ;
#3011 = CARTESIAN_POINT ( 'NONE',  ( 28.99999999999999645, 1.727346460968268271, -38.27258732891774429 ) ) ;
#3012 = FACE_BOUND ( 'NONE', #6244, .T. ) ;
#3013 = EDGE_CURVE ( 'NONE', #3313, #1161, #4692, .T. ) ;
#3014 = DIRECTION ( 'NONE',  ( 1.000000000000000000, -0.000000000000000000, 5.337610695313253357E-16 ) ) ;
#3015 = CARTESIAN_POINT ( 'NONE',  ( -28.99999999999999645, 1.114856259926636062, -36.17544239128989858 ) ) ;
#3016 = CARTESIAN_POINT ( 'NONE',  ( -36.50000000000023448, 11.00000000000000000, -5.000000000000007994 ) ) ;
#3017 = VERTEX_POINT ( 'NONE', #6983 ) ;
#3018 = DIRECTION ( 'NONE',  ( -0.000000000000000000, -1.000000000000000000, -0.000000000000000000 ) ) ;
#3019 = DIRECTION ( 'NONE',  ( 0.000000000000000000, 0.000000000000000000, 1.000000000000000000 ) ) ;
#3020 = ORIENTED_EDGE ( 'NONE', *, *, #3336, .T. ) ;
#3021 = DIRECTION ( 'NONE',  ( 0.000000000000000000, 1.000000000000000000, 0.000000000000000000 ) ) ;
#3022 = ADVANCED_FACE ( 'NONE', ( #6134 ), #8340, .T. ) ;
#3023 = DIRECTION ( 'NONE',  ( 0.000000000000000000, 0.000000000000000000, 1.000000000000000000 ) ) ;
#3024 = FACE_BOUND ( 'NONE', #5878, .T. ) ;
#3025 = CARTESIAN_POINT ( 'NONE',  ( -57.50000000000000000, 13.00000000000000000, -17.49999999999999289 ) ) ;
#3026 = VECTOR ( 'NONE', #5763, 1000.000000000000000 ) ;
#3027 = ORIENTED_EDGE ( 'NONE', *, *, #5863, .F. ) ;
#3028 = EDGE_LOOP ( 'NONE', ( #1906, #3182, #8456, #8889 ) ) ;
#3029 = ORIENTED_EDGE ( 'NONE', *, *, #4085, .F. ) ;
#3030 = EDGE_CURVE ( 'NONE', #2811, #6109, #3562, .T. ) ;
#3031 = ORIENTED_EDGE ( 'NONE', *, *, #4562, .F. ) ;
#3032 = VECTOR ( 'NONE', #6640, 1000.000000000000000 ) ;
#3033 = PLANE ( 'NONE',  #5061 ) ;
#3034 = DIRECTION ( 'NONE',  ( 0.000000000000000000, 0.000000000000000000, 1.000000000000000000 ) ) ;
#3035 = CARTESIAN_POINT ( 'NONE',  ( 24.00000000000000711, 13.00000000000000000, -26.93649167310370629 ) ) ;
#3036 = ORIENTED_EDGE ( 'NONE', *, *, #3752, .T. ) ;
#3037 = CARTESIAN_POINT ( 'NONE',  ( -35.49999999999998579, 11.00000000000000000, -15.00000000000001066 ) ) ;
#3038 = VERTEX_POINT ( 'NONE', #6941 ) ;
#3039 = ORIENTED_EDGE ( 'NONE', *, *, #8626, .F. ) ;
#3040 = VERTEX_POINT ( 'NONE', #4242 ) ;
#3041 = CIRCLE ( 'NONE', #1610, 2.299999999999999822 ) ;
#3042 = LINE ( 'NONE', #3809, #3114 ) ;
#3043 = VERTEX_POINT ( 'NONE', #4785 ) ;
#3044 = DIRECTION ( 'NONE',  ( 0.000000000000000000, 1.000000000000000000, 0.000000000000000000 ) ) ;
#3045 = ORIENTED_EDGE ( 'NONE', *, *, #6721, .F. ) ;
#3046 = DIRECTION ( 'NONE',  ( 1.000000000000000000, 0.000000000000000000, -0.000000000000000000 ) ) ;
#3047 = CARTESIAN_POINT ( 'NONE',  ( 16.00000000000000000, 1.904716196264209183, -40.23406496576306779 ) ) ;
#3048 = EDGE_CURVE ( 'NONE', #4440, #4123, #5740, .T. ) ;
#3049 = CARTESIAN_POINT ( 'NONE',  ( 28.99999999999999645, 0.5374552005777342156, -36.79185932787714819 ) ) ;
#3050 = CARTESIAN_POINT ( 'NONE',  ( -13.49999999999997691, 13.00000000000000000, -25.00000000000000711 ) ) ;
#3051 = CARTESIAN_POINT ( 'NONE',  ( 16.00000000000000000, 2.018210873017959539, -37.37348141781701116 ) ) ;
#3052 = FACE_BOUND ( 'NONE', #6055, .T. ) ;
#3053 = EDGE_CURVE ( 'NONE', #3177, #1267, #774, .T. ) ;
#3054 = DIRECTION ( 'NONE',  ( 0.000000000000000000, 0.000000000000000000, 1.000000000000000000 ) ) ;
#3055 = CIRCLE ( 'NONE', #5799, 1.999999999999994893 ) ;
#3056 = CARTESIAN_POINT ( 'NONE',  ( -12.99999999999999822, 1.000000000000006883, -37.00000000000000711 ) ) ;
#3057 = EDGE_CURVE ( 'NONE', #3460, #7092, #2033, .T. ) ;
#3058 = ORIENTED_EDGE ( 'NONE', *, *, #1591, .F. ) ;
#3059 = CARTESIAN_POINT ( 'NONE',  ( -35.49999999999977973, 11.00000000000000000, -5.000000000000007994 ) ) ;
#3060 = ORIENTED_EDGE ( 'NONE', *, *, #1460, .T. ) ;
#3061 = CARTESIAN_POINT ( 'NONE',  ( -1.499999999999973577, 11.00000000000000000, -25.00000000000000711 ) ) ;
#3062 = DIRECTION ( 'NONE',  ( 0.000000000000000000, 1.000000000000000000, 0.000000000000000000 ) ) ;
#3063 = ORIENTED_EDGE ( 'NONE', *, *, #3930, .F. ) ;
#3064 = DIRECTION ( 'NONE',  ( 0.000000000000000000, 1.000000000000000000, 0.000000000000000000 ) ) ;
#3065 = DIRECTION ( 'NONE',  ( 0.000000000000000000, 1.000000000000000000, 0.000000000000000000 ) ) ;
#3066 = FACE_BOUND ( 'NONE', #3109, .T. ) ;
#3067 = ADVANCED_FACE ( 'NONE', ( #147 ), #2882, .F. ) ;
#3068 = DIRECTION ( 'NONE',  ( 1.000000000000000000, 0.000000000000000000, 0.000000000000000000 ) ) ;
#3069 = AXIS2_PLACEMENT_3D ( 'NONE', #2425, #7925, #4417 ) ;
#3070 = ORIENTED_EDGE ( 'NONE', *, *, #1083, .T. ) ;
#3071 = ORIENTED_EDGE ( 'NONE', *, *, #3462, .T. ) ;
#3072 = CARTESIAN_POINT ( 'NONE',  ( -1.499999999999973577, 11.00000000000000000, -25.00000000000000711 ) ) ;
#3073 = ORIENTED_EDGE ( 'NONE', *, *, #177, .F. ) ;
#3074 = ORIENTED_EDGE ( 'NONE', *, *, #6613, .F. ) ;
#3075 = DIRECTION ( 'NONE',  ( 0.000000000000000000, 0.000000000000000000, 1.000000000000000000 ) ) ;
#3076 = EDGE_CURVE ( 'NONE', #416, #6058, #562, .T. ) ;
#3077 = CARTESIAN_POINT ( 'NONE',  ( 13.49999999999956124, 11.00000000000000000, 24.99999999999998579 ) ) ;
#3078 = DIRECTION ( 'NONE',  ( 0.000000000000000000, 1.000000000000000000, 0.000000000000000000 ) ) ;
#3079 = CIRCLE ( 'NONE', #3656, 2.299999999999999822 ) ;
#3080 = LINE ( 'NONE', #5040, #6874 ) ;
#3081 = ORIENTED_EDGE ( 'NONE', *, *, #8552, .T. ) ;
#3082 = EDGE_LOOP ( 'NONE', ( #6917, #8839, #3373, #2874 ) ) ;
#3083 = EDGE_CURVE ( 'NONE', #8633, #2494, #4965, .T. ) ;
#3084 = EDGE_LOOP ( 'NONE', ( #8549, #8052, #564, #2039 ) ) ;
#3085 = EDGE_CURVE ( 'NONE', #2823, #4218, #8291, .T. ) ;
#3086 = CARTESIAN_POINT ( 'NONE',  ( 0.5000000000000281997, 13.00000000000000000, -15.00000000000001066 ) ) ;
#3087 = ORIENTED_EDGE ( 'NONE', *, *, #7791, .T. ) ;
#3088 = AXIS2_PLACEMENT_3D ( 'NONE', #1017, #6505, #336 ) ;
#3089 = CYLINDRICAL_SURFACE ( 'NONE', #6317, 1.999999999999994893 ) ;
#3090 = VERTEX_POINT ( 'NONE', #4831 ) ;
#3091 = DIRECTION ( 'NONE',  ( -0.000000000000000000, -0.000000000000000000, 1.000000000000000000 ) ) ;
#3092 = CARTESIAN_POINT ( 'NONE',  ( 40.00000000000000000, 0.000000000000000000, -17.49999999999999645 ) ) ;
#3093 = CARTESIAN_POINT ( 'NONE',  ( 16.00000000000000000, 2.350843497767624690, -40.35360441592192160 ) ) ;
#3094 = LINE ( 'NONE', #3050, #7590 ) ;
#3095 = CIRCLE ( 'NONE', #3820, 1.999999999999994893 ) ;
#3096 = CARTESIAN_POINT ( 'NONE',  ( 28.99999999999999645, 2.571774327357621903, -38.85988838267925871 ) ) ;
#3097 = CARTESIAN_POINT ( 'NONE',  ( 40.00000000000000000, 13.00000000000000000, -17.49999999999999645 ) ) ;
#3098 = ADVANCED_FACE ( 'NONE', ( #7714 ), #6268, .F. ) ;
#3099 = CARTESIAN_POINT ( 'NONE',  ( -10.50000000000024514, 13.00000000000000000, 4.999999999999990230 ) ) ;
#3100 = CARTESIAN_POINT ( 'NONE',  ( -46.50000000000045475, 11.00000000000000000, 14.99999999999999289 ) ) ;
#3101 = ORIENTED_EDGE ( 'NONE', *, *, #367, .F. ) ;
#3102 = DIRECTION ( 'NONE',  ( -1.000000000000000000, 0.000000000000000000, 0.000000000000000000 ) ) ;
#3103 = ORIENTED_EDGE ( 'NONE', *, *, #1206, .F. ) ;
#3104 = CARTESIAN_POINT ( 'NONE',  ( -49.49999999999977973, 11.00000000000000000, -5.000000000000007994 ) ) ;
#3105 = VECTOR ( 'NONE', #8042, 1000.000000000000000 ) ;
#3106 = EDGE_CURVE ( 'NONE', #8633, #8358, #1361, .T. ) ;
#3107 = CIRCLE ( 'NONE', #1246, 19.49999999999999645 ) ;
#3108 = DIRECTION ( 'NONE',  ( 0.000000000000000000, 1.000000000000000000, 0.000000000000000000 ) ) ;
#3109 = EDGE_LOOP ( 'NONE', ( #6635, #2367, #6509, #2221, #3525, #5253 ) ) ;
#3110 = DIRECTION ( 'NONE',  ( 0.000000000000000000, 0.000000000000000000, 1.000000000000000000 ) ) ;
#3111 = FACE_OUTER_BOUND ( 'NONE', #3084, .T. ) ;
#3112 = VECTOR ( 'NONE', #7030, 1000.000000000000000 ) ;
#3113 = DIRECTION ( 'NONE',  ( 0.000000000000000000, 0.000000000000000000, -1.000000000000000000 ) ) ;
#3114 = VECTOR ( 'NONE', #7240, 1000.000000000000000 ) ;
#3115 = VECTOR ( 'NONE', #3882, 1000.000000000000000 ) ;
#3116 = ORIENTED_EDGE ( 'NONE', *, *, #8615, .F. ) ;
#3117 = ORIENTED_EDGE ( 'NONE', *, *, #535, .F. ) ;
#3118 = AXIS2_PLACEMENT_3D ( 'NONE', #6644, #3171, #3125 ) ;
#3119 = ADVANCED_FACE ( 'NONE', ( #3385 ), #2706, .F. ) ;
#3120 = CARTESIAN_POINT ( 'NONE',  ( 57.49999999999999289, 13.00000000000000000, 17.50000000000000355 ) ) ;
#3121 = ORIENTED_EDGE ( 'NONE', *, *, #4728, .T. ) ;
#3122 = AXIS2_PLACEMENT_3D ( 'NONE', #582, #8636, #3233 ) ;
#3123 = ORIENTED_EDGE ( 'NONE', *, *, #3433, .T. ) ;
#3124 = DIRECTION ( 'NONE',  ( 0.000000000000000000, 1.000000000000000000, 0.000000000000000000 ) ) ;
#3125 = DIRECTION ( 'NONE',  ( 0.000000000000000000, 0.000000000000000000, 1.000000000000000000 ) ) ;
#3126 = DIRECTION ( 'NONE',  ( 0.000000000000000000, 1.000000000000000000, 0.000000000000000000 ) ) ;
#3127 = ORIENTED_EDGE ( 'NONE', *, *, #7719, .T. ) ;
#3128 = ORIENTED_EDGE ( 'NONE', *, *, #752, .T. ) ;
#3129 = AXIS2_PLACEMENT_3D ( 'NONE', #5201, #4513, #5107 ) ;
#3130 = EDGE_LOOP ( 'NONE', ( #7987, #7958, #4983, #1458, #1544, #3999 ) ) ;
#3131 = DIRECTION ( 'NONE',  ( 1.334402673828313339E-16, 1.000000000000000000, 0.000000000000000000 ) ) ;
#3132 = AXIS2_PLACEMENT_3D ( 'NONE', #7885, #4375, #5902 ) ;
#3133 = ORIENTED_EDGE ( 'NONE', *, *, #2439, .T. ) ;
#3134 = DIRECTION ( 'NONE',  ( 0.000000000000000000, 1.000000000000000000, 0.000000000000000000 ) ) ;
#3135 = ORIENTED_EDGE ( 'NONE', *, *, #6484, .F. ) ;
#3136 = CARTESIAN_POINT ( 'NONE',  ( 28.99999999999999645, 1.904716196264207850, -40.23406496576306779 ) ) ;
#3137 = VECTOR ( 'NONE', #4742, 1000.000000000000000 ) ;
#3138 = ADVANCED_FACE ( 'NONE', ( #691 ), #2747, .F. ) ;
#3139 = DIRECTION ( 'NONE',  ( 0.000000000000000000, 1.000000000000000000, 0.000000000000000000 ) ) ;
#3140 = CARTESIAN_POINT ( 'NONE',  ( -13.49999999999956124, 11.00000000000000000, 14.99999999999999289 ) ) ;
#3141 = CIRCLE ( 'NONE', #6030, 1.999999999999994893 ) ;
#3142 = DIRECTION ( 'NONE',  ( 1.000000000000000000, 0.000000000000000000, 0.000000000000000000 ) ) ;
#3143 = CARTESIAN_POINT ( 'NONE',  ( 16.00000000000000000, 2.011312360122132326, -38.65067004189663180 ) ) ;
#3144 = ORIENTED_EDGE ( 'NONE', *, *, #637, .F. ) ;
#3145 = CIRCLE ( 'NONE', #4593, 1.999999999999994893 ) ;
#3146 = FACE_BOUND ( 'NONE', #6447, .T. ) ;
#3147 = DIRECTION ( 'NONE',  ( 0.000000000000000000, 0.000000000000000000, 1.000000000000000000 ) ) ;
#3148 = EDGE_CURVE ( 'NONE', #4953, #1340, #2837, .T. ) ;
#3149 = DIRECTION ( 'NONE',  ( 0.000000000000000000, 0.000000000000000000, 1.000000000000000000 ) ) ;
#3150 = DIRECTION ( 'NONE',  ( 0.000000000000000000, -1.000000000000000000, 0.000000000000000000 ) ) ;
#3151 = ORIENTED_EDGE ( 'NONE', *, *, #3690, .F. ) ;
#3152 = CARTESIAN_POINT ( 'NONE',  ( -14.99999999999997868, 3.000000000000094591, -36.99999999999999289 ) ) ;
#3153 = EDGE_LOOP ( 'NONE', ( #7370, #5970, #2766, #4217, #5584, #2676 ) ) ;
#3154 = FACE_OUTER_BOUND ( 'NONE', #8557, .T. ) ;
#3155 = EDGE_CURVE ( 'NONE', #6427, #4657, #8735, .T. ) ;
#3156 = CARTESIAN_POINT ( 'NONE',  ( 40.00000000000000000, 13.00000000000000000, -17.49999999999999645 ) ) ;
#3157 = EDGE_LOOP ( 'NONE', ( #7487, #5683 ) ) ;
#3158 = CARTESIAN_POINT ( 'NONE',  ( -24.00000000000000711, 13.00000000000000000, -26.93649167310370629 ) ) ;
#3159 = LINE ( 'NONE', #2478, #4587 ) ;
#3160 = FACE_BOUND ( 'NONE', #8394, .T. ) ;
#3161 = SECURITY_CLASSIFICATION_LEVEL ( 'unclassified' ) ;
#3162 = ADVANCED_FACE ( 'NONE', ( #5599 ), #2169, .F. ) ;
#3163 = VERTEX_POINT ( 'NONE', #4335 ) ;
#3164 = ORIENTED_EDGE ( 'NONE', *, *, #1941, .F. ) ;
#3165 = B_SPLINE_CURVE_WITH_KNOTS ( 'NONE', 3,
 ( #2605, #5367, #1798, #2469, #4599, #3291, #6757, #8105, #1931, #5237, #4505, #5279, #2513, #7254, #6577, #4548, #3827, #7301 ),
 .UNSPECIFIED., .F., .F.,
 ( 4, 2, 2, 2, 2, 2, 2, 2, 4 ),
 ( 0.000000000000000000, 0.1250000000000000000, 0.2500000000000000000, 0.3750000000000000000, 0.5000000000000000000, 0.6250000000000000000, 0.7500000000000000000, 0.8750000000000000000, 1.000000000000000000 ),
 .UNSPECIFIED. ) ;
#3166 = DIRECTION ( 'NONE',  ( 1.000000000000000000, 0.000000000000000000, 0.000000000000000000 ) ) ;
#3167 = ORIENTED_EDGE ( 'NONE', *, *, #6396, .T. ) ;
#3168 = EDGE_CURVE ( 'NONE', #1230, #4227, #1622, .T. ) ;
#3169 = VERTEX_POINT ( 'NONE', #4423 ) ;
#3170 = CARTESIAN_POINT ( 'NONE',  ( 34.50000000000002842, 11.00000000000000000, -25.00000000000000711 ) ) ;
#3171 = DIRECTION ( 'NONE',  ( 0.000000000000000000, 1.000000000000000000, 0.000000000000000000 ) ) ;
#3172 = VECTOR ( 'NONE', #2779, 1000.000000000000000 ) ;
#3173 = LINE ( 'NONE', #5257, #5136 ) ;
#3174 = ADVANCED_FACE ( 'NONE', ( #7210 ), #3604, .F. ) ;
#3175 = VERTEX_POINT ( 'NONE', #950 ) ;
#3176 = EDGE_LOOP ( 'NONE', ( #4179, #1908, #5192, #1566, #6688, #7034 ) ) ;
#3177 = VERTEX_POINT ( 'NONE', #3647 ) ;
#3178 = CARTESIAN_POINT ( 'NONE',  ( 48.00000000000001421, 11.00000000000000000, -6.936491673103652111 ) ) ;
#3179 = AXIS2_PLACEMENT_3D ( 'NONE', #5894, #2458, #5225 ) ;
#3180 = EDGE_LOOP ( 'NONE', ( #8723, #4664, #7670, #7872, #7, #8265 ) ) ;
#3181 = CARTESIAN_POINT ( 'NONE',  ( 24.00000000000000711, 12.00000000000000000, 13.06350832689640207 ) ) ;
#3182 = ORIENTED_EDGE ( 'NONE', *, *, #2268, .T. ) ;
#3183 = CARTESIAN_POINT ( 'NONE',  ( 39.99999999999997868, 11.00000000000000000, -17.50000000000000711 ) ) ;
#3184 = FACE_OUTER_BOUND ( 'NONE', #4852, .T. ) ;
#3185 = CARTESIAN_POINT ( 'NONE',  ( -1.499999999999765521, 11.00000000000000000, -5.000000000000007994 ) ) ;
#3186 = EDGE_CURVE ( 'NONE', #768, #77, #7928, .T. ) ;
#3187 = DIRECTION ( 'NONE',  ( 0.000000000000000000, 1.000000000000000000, 0.000000000000000000 ) ) ;
#3188 = CARTESIAN_POINT ( 'NONE',  ( 16.00000000000000000, 2.320827720261947391, -38.79264744196438386 ) ) ;
#3189 = ORIENTED_EDGE ( 'NONE', *, *, #6857, .T. ) ;
#3190 = FACE_OUTER_BOUND ( 'NONE', #7198, .T. ) ;
#3191 = EDGE_CURVE ( 'NONE', #8382, #2457, #3286, .T. ) ;
#3192 = CYLINDRICAL_SURFACE ( 'NONE', #6592, 1.999999999999994893 ) ;
#3193 = AXIS2_PLACEMENT_3D ( 'NONE', #8254, #5651, #4841 ) ;
#3194 = CARTESIAN_POINT ( 'NONE',  ( -48.50000000000004263, 13.00000000000000000, -15.00000000000001066 ) ) ;
#3195 = CARTESIAN_POINT ( 'NONE',  ( 24.50000000000023803, 13.00000000000000000, -5.000000000000007994 ) ) ;
#3196 = DIRECTION ( 'NONE',  ( 0.000000000000000000, 1.000000000000000000, 0.000000000000000000 ) ) ;
#3197 = EDGE_CURVE ( 'NONE', #2839, #5795, #317, .T. ) ;
#3198 = CARTESIAN_POINT ( 'NONE',  ( 34.50000000000024158, 11.00000000000000000, -5.000000000000007994 ) ) ;
#3199 = ORIENTED_EDGE ( 'NONE', *, *, #1357, .F. ) ;
#3200 = DIRECTION ( 'NONE',  ( -0.000000000000000000, -0.000000000000000000, -1.000000000000000000 ) ) ;
#3201 = ADVANCED_FACE ( 'NONE', ( #2250 ), #8422, .F. ) ;
#3202 = EDGE_CURVE ( 'NONE', #7773, #3090, #7759, .T. ) ;
#3203 = CIRCLE ( 'NONE', #329, 1.999999999999994893 ) ;
#3204 = CARTESIAN_POINT ( 'NONE',  ( -12.50000000000003197, 11.00000000000000000, -15.00000000000001066 ) ) ;
#3205 = ORIENTED_EDGE ( 'NONE', *, *, #776, .T. ) ;
#3206 = DIRECTION ( 'NONE',  ( 1.334402673828313339E-16, 1.000000000000000000, 0.000000000000000000 ) ) ;
#3207 = LINE ( 'NONE', #5956, #2846 ) ;
#3208 = LINE ( 'NONE', #5957, #4145 ) ;
#3209 = DATE_TIME_ROLE ( 'classification_date' ) ;
#3210 = CIRCLE ( 'NONE', #1917, 1.999999999999994893 ) ;
#3211 = ORIENTED_EDGE ( 'NONE', *, *, #134, .F. ) ;
#3212 = B_SPLINE_CURVE_WITH_KNOTS ( 'NONE', 3,
 ( #6348, #2165, #7575, #5592, #6976, #7668, #685, #50, #8334, #182, #858, #4876, #1488, #8239, #3599, #4237, #4105, #3556, #7627, #6309, #1528, #2917 ),
 .UNSPECIFIED., .F., .F.,
 ( 4, 2, 2, 2, 2, 2, 2, 2, 2, 2, 4 ),
 ( 0.07418334931258185883, 0.07838815280695451970, 0.08259295630132718058, 0.09100256329007250233, 0.1078217772675631320, 0.1414602052225444051, 0.1750986331775256644, 0.1919178471550163079, 0.2003274541437616296, 0.2045322576381342905, 0.2087370611325069514 ),
 .UNSPECIFIED. ) ;
#3213 = VERTEX_POINT ( 'NONE', #5099 ) ;
#3214 = PLANE ( 'NONE',  #5659 ) ;
#3215 = ORIENTED_EDGE ( 'NONE', *, *, #8168, .T. ) ;
#3216 = CARTESIAN_POINT ( 'NONE',  ( -27.99999999999999645, -11.41562369461536441, -45.65412303015307316 ) ) ;
#3217 = VERTEX_POINT ( 'NONE', #7839 ) ;
#3218 = DIRECTION ( 'NONE',  ( 0.000000000000000000, 0.000000000000000000, 1.000000000000000000 ) ) ;
#3219 = AXIS2_PLACEMENT_3D ( 'NONE', #3097, #1619, #8641 ) ;
#3220 = CARTESIAN_POINT ( 'NONE',  ( -19.50000000000000355, 12.25881904511126130, -41.45552419183535164 ) ) ;
#3221 = DIRECTION ( 'NONE',  ( 0.000000000000000000, 1.000000000000000000, 0.000000000000000000 ) ) ;
#3222 = ORIENTED_EDGE ( 'NONE', *, *, #7656, .T. ) ;
#3223 = ORIENTED_EDGE ( 'NONE', *, *, #8759, .T. ) ;
#3224 = ORIENTED_EDGE ( 'NONE', *, *, #4861, .F. ) ;
#3225 = CARTESIAN_POINT ( 'NONE',  ( -36.00000000000000711, 11.00000000000000000, 6.936491673103635236 ) ) ;
#3226 = ADVANCED_FACE ( 'NONE', ( #3740 ), #6486, .F. ) ;
#3227 = ORIENTED_EDGE ( 'NONE', *, *, #5882, .F. ) ;
#3228 = CARTESIAN_POINT ( 'NONE',  ( -9.999999999999998224, 1.925929944387235853E-31, -34.99999999999999289 ) ) ;
#3229 = EDGE_LOOP ( 'NONE', ( #7785, #5381, #6160, #2750 ) ) ;
#3230 = CARTESIAN_POINT ( 'NONE',  ( -1.499999999999550138, 11.00000000000000000, 24.99999999999998934 ) ) ;
#3231 = VECTOR ( 'NONE', #6507, 1000.000000000000000 ) ;
#3232 = CYLINDRICAL_SURFACE ( 'NONE', #4966, 1.999999999999994893 ) ;
#3233 = DIRECTION ( 'NONE',  ( 0.000000000000000000, -0.000000000000000000, 1.000000000000000000 ) ) ;
#3234 = DIRECTION ( 'NONE',  ( 0.000000000000000000, 0.000000000000000000, 1.000000000000000000 ) ) ;
#3235 = DIRECTION ( 'NONE',  ( 0.000000000000000000, 0.000000000000000000, 1.000000000000000000 ) ) ;
#3236 = CARTESIAN_POINT ( 'NONE',  ( -28.99999999999999645, 2.175000000000081091, -37.27631397208135411 ) ) ;
#3237 = ADVANCED_FACE ( 'NONE', ( #1041 ), #6526, .F. ) ;
#3238 = DIRECTION ( 'NONE',  ( 1.000000000000000000, 0.000000000000000000, -0.000000000000000000 ) ) ;
#3239 = LINE ( 'NONE', #5990, #2467 ) ;
#3240 = DIRECTION ( 'NONE',  ( 0.000000000000000000, 0.000000000000000000, 1.000000000000000000 ) ) ;
#3241 = DIRECTION ( 'NONE',  ( 0.000000000000000000, 1.000000000000000000, 0.000000000000000000 ) ) ;
#3242 = VECTOR ( 'NONE', #6388, 1000.000000000000000 ) ;
#3243 = DIRECTION ( 'NONE',  ( 0.000000000000000000, 0.000000000000000000, 1.000000000000000000 ) ) ;
#3244 = EDGE_LOOP ( 'NONE', ( #7555, #2280, #7947, #8568 ) ) ;
#3245 = FACE_OUTER_BOUND ( 'NONE', #2357, .T. ) ;
#3246 = CARTESIAN_POINT ( 'NONE',  ( 16.00000000000000000, -11.41562369461536441, -35.50096189432333915 ) ) ;
#3247 = DIRECTION ( 'NONE',  ( 0.000000000000000000, 1.000000000000000000, 0.000000000000000000 ) ) ;
#3248 = CARTESIAN_POINT ( 'NONE',  ( 19.50000000000000355, 9.599999999999999645, -44.85412303015306179 ) ) ;
#3249 = LINE ( 'NONE', #1183, #824 ) ;
#3250 = CIRCLE ( 'NONE', #2109, 0.8000000000000003775 ) ;
#3251 = EDGE_CURVE ( 'NONE', #6275, #6107, #8154, .T. ) ;
#3252 = PERSON_AND_ORGANIZATION ( #7577, #3834 ) ;
#3253 = EDGE_CURVE ( 'NONE', #5674, #4953, #4277, .T. ) ;
#3254 = FACE_OUTER_BOUND ( 'NONE', #6740, .T. ) ;
#3255 = ORIENTED_EDGE ( 'NONE', *, *, #3564, .F. ) ;
#3256 = VECTOR ( 'NONE', #6271, 1000.000000000000000 ) ;
#3257 = VERTEX_POINT ( 'NONE', #8064 ) ;
#3258 = AXIS2_PLACEMENT_3D ( 'NONE', #4060, #2514, #7436 ) ;
#3259 = DIRECTION ( 'NONE',  ( 0.000000000000000000, 0.000000000000000000, 1.000000000000000000 ) ) ;
#3260 = EDGE_LOOP ( 'NONE', ( #6465, #6768, #7261, #5920 ) ) ;
#3261 = CYLINDRICAL_SURFACE ( 'NONE', #8076, 1.000000000000000888 ) ;
#3262 = ORIENTED_EDGE ( 'NONE', *, *, #5526, .T. ) ;
#3263 = CARTESIAN_POINT ( 'NONE',  ( -34.50000000000024158, 13.00000000000000000, -5.000000000000007994 ) ) ;
#3264 = CARTESIAN_POINT ( 'NONE',  ( 24.50000000000044409, 11.00000000000000000, 14.99999999999999289 ) ) ;
#3265 = ADVANCED_FACE ( 'NONE', ( #589 ), #4682, .F. ) ;
#3266 = CARTESIAN_POINT ( 'NONE',  ( -10.00000000000000000, 8.500000000000000000, 37.00000000000000711 ) ) ;
#3267 = ORIENTED_EDGE ( 'NONE', *, *, #7055, .F. ) ;
#3268 = ORIENTED_EDGE ( 'NONE', *, *, #7702, .F. ) ;
#3269 = VECTOR ( 'NONE', #8646, 1000.000000000000000 ) ;
#3270 = ORIENTED_EDGE ( 'NONE', *, *, #2161, .F. ) ;
#3271 = EDGE_CURVE ( 'NONE', #2009, #1638, #6434, .T. ) ;
#3272 = ORIENTED_EDGE ( 'NONE', *, *, #743, .T. ) ;
#3273 = DIRECTION ( 'NONE',  ( 0.000000000000000000, 1.000000000000000000, 0.000000000000000000 ) ) ;
#3274 = VECTOR ( 'NONE', #7611, 1000.000000000000000 ) ;
#3275 = ORIENTED_EDGE ( 'NONE', *, *, #3350, .F. ) ;
#3276 = ORIENTED_EDGE ( 'NONE', *, *, #3930, .T. ) ;
#3277 = VERTEX_POINT ( 'NONE', #5325 ) ;
#3278 = CARTESIAN_POINT ( 'NONE',  ( 34.50000000000045475, 13.00000000000000000, 24.99999999999998934 ) ) ;
#3279 = LINE ( 'NONE', #5981, #1219 ) ;
#3280 = CARTESIAN_POINT ( 'NONE',  ( -28.99999999999999645, 2.099999999999986766, -37.31961524227066462 ) ) ;
#3281 = EDGE_CURVE ( 'NONE', #3436, #1426, #1891, .T. ) ;
#3282 = DIRECTION ( 'NONE',  ( -0.000000000000000000, -1.000000000000000000, -0.000000000000000000 ) ) ;
#3283 = VECTOR ( 'NONE', #7712, 1000.000000000000000 ) ;
#3284 = CARTESIAN_POINT ( 'NONE',  ( 16.00000000000000000, 2.146114591076196287, -38.73097420639653166 ) ) ;
#3285 = CARTESIAN_POINT ( 'NONE',  ( -28.99999999999999645, 2.287499999999947686, -37.21136206679747715 ) ) ;
#3286 = B_SPLINE_CURVE_WITH_KNOTS ( 'NONE', 3,
 ( #5730, #4377, #5680, #5814, #3015, #8470, #5191, #7887, #1665, #3783, #3694, #5145, #6398, #8554, #6446, #2924, #358, #7800, #6354, #228, #2968, #8512 ),
 .UNSPECIFIED., .F., .F.,
 ( 4, 2, 2, 2, 2, 2, 2, 2, 2, 2, 4 ),
 ( 0.07418334931258185883, 0.07838815280695451970, 0.08259295630132718058, 0.09100256329007250233, 0.1078217772675631320, 0.1414602052225444051, 0.1750986331775256644, 0.1919178471550163079, 0.2003274541437616296, 0.2045322576381342905, 0.2087370611325069514 ),
 .UNSPECIFIED. ) ;
#3287 = VECTOR ( 'NONE', #283, 1000.000000000000000 ) ;
#3288 = LINE ( 'NONE', #5989, #123 ) ;
#3289 = DIRECTION ( 'NONE',  ( 0.000000000000000000, 0.000000000000000000, 1.000000000000000000 ) ) ;
#3290 = LINE ( 'NONE', #8785, #2951 ) ;
#3291 = CARTESIAN_POINT ( 'NONE',  ( -16.00000000000000355, 0.3367082651475119537, -37.19881106807629578 ) ) ;
#3292 = CARTESIAN_POINT ( 'NONE',  ( 12.50000000000003197, 13.00000000000000000, -15.00000000000001066 ) ) ;
#3293 = EDGE_LOOP ( 'NONE', ( #3747, #8702, #6514, #1728 ) ) ;
#3294 = CARTESIAN_POINT ( 'NONE',  ( 13.49999999999956124, 13.00000000000000000, 14.99999999999999289 ) ) ;
#3295 = EDGE_CURVE ( 'NONE', #6646, #5073, #7971, .T. ) ;
#3296 = LINE ( 'NONE', #6131, #4881 ) ;
#3297 = AXIS2_PLACEMENT_3D ( 'NONE', #936, #2953, #3679 ) ;
#3298 = PLANE ( 'NONE',  #4885 ) ;
#3299 = CARTESIAN_POINT ( 'NONE',  ( -19.50000000000000355, 12.99999999999999822, -42.42145001812207994 ) ) ;
#3300 = DIRECTION ( 'NONE',  ( 0.000000000000000000, -1.000000000000000000, 0.000000000000000000 ) ) ;
#3301 = VERTEX_POINT ( 'NONE', #3331 ) ;
#3302 = DIRECTION ( 'NONE',  ( -0.000000000000000000, -1.000000000000000000, -0.000000000000000000 ) ) ;
#3303 = ORIENTED_EDGE ( 'NONE', *, *, #2311, .T. ) ;
#3304 = EDGE_LOOP ( 'NONE', ( #1394, #4447, #3713, #834, #5215, #922 ) ) ;
#3305 = EDGE_CURVE ( 'NONE', #931, #22, #7434, .T. ) ;
#3306 = LINE ( 'NONE', #3438, #54 ) ;
#3307 = ORIENTED_EDGE ( 'NONE', *, *, #1387, .T. ) ;
#3308 = CARTESIAN_POINT ( 'NONE',  ( -48.00000000000001421, 12.00000000000000000, 6.936491673103633460 ) ) ;
#3309 = ORIENTED_EDGE ( 'NONE', *, *, #5787, .F. ) ;
#3310 = CARTESIAN_POINT ( 'NONE',  ( -47.49999999999957367, 13.00000000000000000, 24.99999999999998934 ) ) ;
#3311 = CARTESIAN_POINT ( 'NONE',  ( -16.00000000000000000, 1.253354137631398579, -36.07877461943752451 ) ) ;
#3312 = LINE ( 'NONE', #6685, #2533 ) ;
#3313 = VERTEX_POINT ( 'NONE', #2647 ) ;
#3314 = ORIENTED_EDGE ( 'NONE', *, *, #2749, .T. ) ;
#3315 = ORIENTED_EDGE ( 'NONE', *, *, #2394, .T. ) ;
#3316 = ADVANCED_FACE ( 'NONE', ( #5904 ), #6084, .F. ) ;
#3317 = ORIENTED_EDGE ( 'NONE', *, *, #4873, .T. ) ;
#3318 = EDGE_LOOP ( 'NONE', ( #4696, #6927, #7234, #4668 ) ) ;
#3319 = ORIENTED_EDGE ( 'NONE', *, *, #8058, .F. ) ;
#3320 = DIRECTION ( 'NONE',  ( 0.000000000000000000, 0.000000000000000000, 1.000000000000000000 ) ) ;
#3321 = LINE ( 'NONE', #6747, #4816 ) ;
#3322 = CARTESIAN_POINT ( 'NONE',  ( 37.49999999999977973, 13.00000000000000000, -5.000000000000007994 ) ) ;
#3323 = LINE ( 'NONE', #8731, #3912 ) ;
#3324 = CARTESIAN_POINT ( 'NONE',  ( 16.00000000000000000, 2.571774327357621903, -38.85988838267926582 ) ) ;
#3325 = VECTOR ( 'NONE', #3732, 1000.000000000000000 ) ;
#3326 = CARTESIAN_POINT ( 'NONE',  ( -28.99999999999999645, 2.400000000000064748, -37.14641016151402653 ) ) ;
#3327 = CARTESIAN_POINT ( 'NONE',  ( -48.00000000000001421, 13.00000000000000000, 6.936491673103633460 ) ) ;
#3328 = EDGE_CURVE ( 'NONE', #3460, #2059, #1537, .T. ) ;
#3329 = CARTESIAN_POINT ( 'NONE',  ( -34.50000000000045475, 11.00000000000000000, 24.99999999999998934 ) ) ;
#3330 = FACE_OUTER_BOUND ( 'NONE', #4508, .T. ) ;
#3331 = CARTESIAN_POINT ( 'NONE',  ( -1.499999999999973577, 11.00000000000000000, -15.00000000000001066 ) ) ;
#3332 = CIRCLE ( 'NONE', #4923, 1.999999999999994893 ) ;
#3333 = CARTESIAN_POINT ( 'NONE',  ( -25.50000000000000355, 11.37254603007775877, -41.21804805317503906 ) ) ;
#3334 = ORIENTED_EDGE ( 'NONE', *, *, #2598, .F. ) ;
#3335 = DIRECTION ( 'NONE',  ( 0.000000000000000000, 1.000000000000000000, 0.000000000000000000 ) ) ;
#3336 = EDGE_CURVE ( 'NONE', #5893, #7989, #495, .T. ) ;
#3337 = CIRCLE ( 'NONE', #6341, 1.999999999999994893 ) ;
#3338 = LINE ( 'NONE', #11, #558 ) ;
#3339 = EDGE_CURVE ( 'NONE', #231, #1739, #3165, .T. ) ;
#3340 = DIRECTION ( 'NONE',  ( 0.000000000000000000, 1.000000000000000000, 0.000000000000000000 ) ) ;
#3341 = DIRECTION ( 'NONE',  ( 0.000000000000000000, 1.000000000000000000, 0.000000000000000000 ) ) ;
#3342 = DIRECTION ( 'NONE',  ( 0.000000000000000000, 0.000000000000000000, 1.000000000000000000 ) ) ;
#3343 = DATE_AND_TIME ( #506, #970 ) ;
#3344 = VERTEX_POINT ( 'NONE', #8019 ) ;
#3345 = CARTESIAN_POINT ( 'NONE',  ( 57.50000000000000711, 13.00000000000000000, -17.49999999999999645 ) ) ;
#3346 = ORIENTED_EDGE ( 'NONE', *, *, #854, .T. ) ;
#3347 = EDGE_CURVE ( 'NONE', #3675, #1913, #7296, .T. ) ;
#3348 = LINE ( 'NONE', #2620, #5945 ) ;
#3349 = EDGE_LOOP ( 'NONE', ( #1217, #7453, #3510, #7511 ) ) ;
#3350 = EDGE_CURVE ( 'NONE', #5886, #6382, #454, .T. ) ;
#3351 = LINE ( 'NONE', #2000, #3032 ) ;
#3352 = ORIENTED_EDGE ( 'NONE', *, *, #6112, .F. ) ;
#3353 = DIRECTION ( 'NONE',  ( 0.000000000000000000, 0.000000000000000000, -1.000000000000000000 ) ) ;
#3354 = CARTESIAN_POINT ( 'NONE',  ( 46.50000000000024869, 13.00000000000000000, -5.000000000000007994 ) ) ;
#3355 = CARTESIAN_POINT ( 'NONE',  ( 34.50000000000024158, 11.00000000000000000, -5.000000000000007994 ) ) ;
#3356 = AXIS2_PLACEMENT_3D ( 'NONE', #183, #1446, #5638 ) ;
#3357 = ORIENTED_EDGE ( 'NONE', *, *, #8716, .F. ) ;
#3358 = VERTEX_POINT ( 'NONE', #7348 ) ;
#3359 = ORIENTED_EDGE ( 'NONE', *, *, #463, .F. ) ;
#3360 = EDGE_CURVE ( 'NONE', #4227, #6203, #109, .T. ) ;
#3361 = VERTEX_POINT ( 'NONE', #206 ) ;
#3362 = ORIENTED_EDGE ( 'NONE', *, *, #786, .F. ) ;
#3363 = DIRECTION ( 'NONE',  ( 0.000000000000000000, 0.000000000000000000, 1.000000000000000000 ) ) ;
#3364 = LINE ( 'NONE', #1922, #2356 ) ;
#3365 = FACE_OUTER_BOUND ( 'NONE', #6545, .T. ) ;
#3366 = EDGE_CURVE ( 'NONE', #613, #751, #842, .T. ) ;
#3367 = EDGE_CURVE ( 'NONE', #2446, #1912, #8360, .T. ) ;
#3368 = LINE ( 'NONE', #4540, #5070 ) ;
#3369 = VECTOR ( 'NONE', #8467, 1000.000000000000000 ) ;
#3370 = ORIENTED_EDGE ( 'NONE', *, *, #4774, .T. ) ;
#3371 = CARTESIAN_POINT ( 'NONE',  ( -28.99999999999999645, 1.950516754515283058, -38.59919385456366570 ) ) ;
#3372 = CARTESIAN_POINT ( 'NONE',  ( -16.00000000000000000, 1.904716196264209183, -40.23406496576306779 ) ) ;
#3373 = ORIENTED_EDGE ( 'NONE', *, *, #2343, .T. ) ;
#3374 = CARTESIAN_POINT ( 'NONE',  ( 28.99999999999999645, 3.000000000000000000, -35.50096189432333915 ) ) ;
#3375 = LINE ( 'NONE', #2021, #8420 ) ;
#3376 = DIRECTION ( 'NONE',  ( 0.000000000000000000, 1.000000000000000000, 0.000000000000000000 ) ) ;
#3377 = DIRECTION ( 'NONE',  ( 0.000000000000000000, 0.000000000000000000, 1.000000000000000000 ) ) ;
#3378 = VERTEX_POINT ( 'NONE', #2189 ) ;
#3379 = DIRECTION ( 'NONE',  ( 0.000000000000000000, -1.000000000000000000, 0.000000000000000000 ) ) ;
#3380 = CIRCLE ( 'NONE', #3518, 1.000000000000000888 ) ;
#3381 = EDGE_CURVE ( 'NONE', #2131, #3532, #3538, .T. ) ;
#3382 = CARTESIAN_POINT ( 'NONE',  ( -11.49999999999997513, 11.00000000000000000, -15.00000000000001066 ) ) ;
#3383 = VECTOR ( 'NONE', #8808, 1000.000000000000000 ) ;
#3384 = DIRECTION ( 'NONE',  ( -0.000000000000000000, 1.000000000000000000, 0.000000000000000000 ) ) ;
#3385 = FACE_OUTER_BOUND ( 'NONE', #331, .T. ) ;
#3386 = CARTESIAN_POINT ( 'NONE',  ( -40.00000000000002132, 11.00000000000000000, -17.50000000000000711 ) ) ;
#3387 = DIRECTION ( 'NONE',  ( -1.000000000000000000, 0.000000000000000000, 0.000000000000000000 ) ) ;
#3388 = EDGE_CURVE ( 'NONE', #6609, #2441, #2254, .T. ) ;
#3389 = ORIENTED_EDGE ( 'NONE', *, *, #5084, .F. ) ;
#3390 = CIRCLE ( 'NONE', #5273, 1.999999999999994893 ) ;
#3391 = CARTESIAN_POINT ( 'NONE',  ( 34.50000000000044764, 11.00000000000000000, 14.99999999999999289 ) ) ;
#3392 = ORIENTED_EDGE ( 'NONE', *, *, #7197, .F. ) ;
#3393 = CARTESIAN_POINT ( 'NONE',  ( -10.00000000000000000, 8.500000000000000000, 37.00000000000000711 ) ) ;
#3394 = CIRCLE ( 'NONE', #8427, 1.999999999999994893 ) ;
#3395 = CARTESIAN_POINT ( 'NONE',  ( -34.50000000000024158, 11.00000000000000000, -5.000000000000007994 ) ) ;
#3396 = EDGE_LOOP ( 'NONE', ( #6176, #902, #7401, #8205, #3565, #1349, #1948, #213 ) ) ;
#3397 = DIRECTION ( 'NONE',  ( 0.000000000000000000, 0.000000000000000000, 1.000000000000000000 ) ) ;
#3398 = CARTESIAN_POINT ( 'NONE',  ( -49.49999999999977973, 11.00000000000000000, -5.000000000000007994 ) ) ;
#3399 = CARTESIAN_POINT ( 'NONE',  ( 19.50000000000000355, 9.599999999999999645, -44.85412303015306179 ) ) ;
#3400 = EDGE_LOOP ( 'NONE', ( #7364, #1401, #1918, #379 ) ) ;
#3401 = EDGE_CURVE ( 'NONE', #2386, #7773, #8442, .T. ) ;
#3402 = AXIS2_PLACEMENT_3D ( 'NONE', #3059, #1623, #7119 ) ;
#3403 = VERTEX_POINT ( 'NONE', #6292 ) ;
#3404 =( GEOMETRIC_REPRESENTATION_CONTEXT ( 3 ) GLOBAL_UNCERTAINTY_ASSIGNED_CONTEXT ( ( #4968 ) ) GLOBAL_UNIT_ASSIGNED_CONTEXT ( ( #6411, #371, #1634 ) ) REPRESENTATION_CONTEXT ( 'NONE', 'WORKASPACE' ) );
#3405 = VERTEX_POINT ( 'NONE', #632 ) ;
#3406 = ORIENTED_EDGE ( 'NONE', *, *, #7195, .F. ) ;
#3407 = CARTESIAN_POINT ( 'NONE',  ( 10.50000000000003020, 11.00000000000000000, -25.00000000000000711 ) ) ;
#3408 = DIRECTION ( 'NONE',  ( 0.000000000000000000, 0.000000000000000000, 1.000000000000000000 ) ) ;
#3409 = AXIS2_PLACEMENT_3D ( 'NONE', #7071, #905, #1579 ) ;
#3410 = CARTESIAN_POINT ( 'NONE',  ( 16.00000000000000000, 11.49999999999999822, -45.65412303015307316 ) ) ;
#3411 = CARTESIAN_POINT ( 'NONE',  ( 36.00000000000000711, 13.00000000000000000, 6.936491673103635236 ) ) ;
#3412 = CIRCLE ( 'NONE', #5722, 1.999999999999994893 ) ;
#3413 = VERTEX_POINT ( 'NONE', #7007 ) ;
#3414 = CARTESIAN_POINT ( 'NONE',  ( -16.00000000000000000, 5.861963175945688498, -39.74149182760686472 ) ) ;
#3415 = AXIS2_PLACEMENT_3D ( 'NONE', #431, #7324, #3802 ) ;
#3416 = EDGE_CURVE ( 'NONE', #4519, #8260, #5718, .T. ) ;
#3417 = LINE ( 'NONE', #8686, #8335 ) ;
#3418 = ORIENTED_EDGE ( 'NONE', *, *, #3777, .T. ) ;
#3419 = CARTESIAN_POINT ( 'NONE',  ( 12.50000000000044054, 13.00000000000000000, 14.99999999999999289 ) ) ;
#3420 = AXIS2_PLACEMENT_3D ( 'NONE', #8493, #1021, #846 ) ;
#3421 = DIRECTION ( 'NONE',  ( 0.000000000000000000, 1.000000000000000000, 0.000000000000000000 ) ) ;
#3422 = CARTESIAN_POINT ( 'NONE',  ( 19.50000000000000355, 11.50000000001249489, -42.80511351211194437 ) ) ;
#3423 = ORIENTED_EDGE ( 'NONE', *, *, #4418, .T. ) ;
#3424 = DIRECTION ( 'NONE',  ( 0.000000000000000000, 0.000000000000000000, 1.000000000000000000 ) ) ;
#3425 = CARTESIAN_POINT ( 'NONE',  ( -1.499999999999758415, 13.00000000000000000, 4.999999999999990230 ) ) ;
#3426 = VECTOR ( 'NONE', #782, 1000.000000000000000 ) ;
#3427 = CIRCLE ( 'NONE', #6022, 1.999999999999994893 ) ;
#3428 = ADVANCED_FACE ( 'NONE', ( #7051 ), #2944, .F. ) ;
#3429 = FACE_OUTER_BOUND ( 'NONE', #5439, .T. ) ;
#3430 = CARTESIAN_POINT ( 'NONE',  ( -19.50000000000000355, 13.00000000000000000, -44.85412303015306179 ) ) ;
#3431 = DIRECTION ( 'NONE',  ( 0.000000000000000000, 1.000000000000000000, 0.000000000000000000 ) ) ;
#3432 = AXIS2_PLACEMENT_3D ( 'NONE', #2263, #6458, #961 ) ;
#3433 = EDGE_CURVE ( 'NONE', #3090, #3743, #4266, .T. ) ;
#3434 = FACE_OUTER_BOUND ( 'NONE', #2758, .T. ) ;
#3435 = LINE ( 'NONE', #7910, #2984 ) ;
#3436 = VERTEX_POINT ( 'NONE', #795 ) ;
#3437 = AXIS2_PLACEMENT_3D ( 'NONE', #5628, #4146, #6300 ) ;
#3438 = CARTESIAN_POINT ( 'NONE',  ( -49.49999999999997868, 11.00000000000000000, -15.00000000000001066 ) ) ;
#3439 = ORIENTED_EDGE ( 'NONE', *, *, #3048, .T. ) ;
#3440 = CARTESIAN_POINT ( 'NONE',  ( -25.49999999999956302, 11.00000000000000000, 14.99999999999999289 ) ) ;
#3441 = ADVANCED_FACE ( 'NONE', ( #2022 ), #1306, .F. ) ;
#3442 = CARTESIAN_POINT ( 'NONE',  ( -40.00000000000000000, 0.000000000000000000, -34.99999999999999289 ) ) ;
#3443 = ORIENTED_EDGE ( 'NONE', *, *, #4774, .F. ) ;
#3444 = CARTESIAN_POINT ( 'NONE',  ( -39.99999999999999289, 13.00000000000000000, 17.50000000000000711 ) ) ;
#3445 = CARTESIAN_POINT ( 'NONE',  ( -16.00000000000000000, 2.016248021640165256, -40.26394982830277769 ) ) ;
#3446 = LINE ( 'NONE', #6197, #1243 ) ;
#3447 = ORIENTED_EDGE ( 'NONE', *, *, #1741, .F. ) ;
#3448 = ORIENTED_EDGE ( 'NONE', *, *, #1836, .T. ) ;
#3449 = EDGE_CURVE ( 'NONE', #8578, #1995, #969, .T. ) ;
#3450 = ORIENTED_EDGE ( 'NONE', *, *, #646, .T. ) ;
#3451 = ORIENTED_EDGE ( 'NONE', *, *, #4635, .F. ) ;
#3452 = ORIENTED_EDGE ( 'NONE', *, *, #1311, .T. ) ;
#3453 = DIRECTION ( 'NONE',  ( -1.982541115402065110E-16, 0.000000000000000000, 1.000000000000000000 ) ) ;
#3454 = LINE ( 'NONE', #5579, #7975 ) ;
#3455 = LINE ( 'NONE', #4225, #2257 ) ;
#3456 = DIRECTION ( 'NONE',  ( 0.000000000000000000, 1.000000000000000000, 0.000000000000000000 ) ) ;
#3457 = ORIENTED_EDGE ( 'NONE', *, *, #7976, .T. ) ;
#3458 = CARTESIAN_POINT ( 'NONE',  ( -16.00000000000000000, 3.408263017676439688, -39.08402485172864971 ) ) ;
#3459 = DIRECTION ( 'NONE',  ( -0.000000000000000000, 1.000000000000000000, -0.000000000000000000 ) ) ;
#3460 = VERTEX_POINT ( 'NONE', #4776 ) ;
#3461 = FACE_OUTER_BOUND ( 'NONE', #4521, .T. ) ;
#3462 = EDGE_CURVE ( 'NONE', #4536, #6875, #1979, .T. ) ;
#3463 = DIRECTION ( 'NONE',  ( 0.000000000000000000, 0.000000000000000000, 1.000000000000000000 ) ) ;
#3464 = DIRECTION ( 'NONE',  ( 0.000000000000000000, 1.000000000000000000, 0.000000000000000000 ) ) ;
#3465 = CIRCLE ( 'NONE', #7787, 1.999999999999994893 ) ;
#3466 = ORIENTED_EDGE ( 'NONE', *, *, #1369, .F. ) ;
#3467 = ORIENTED_EDGE ( 'NONE', *, *, #508, .T. ) ;
#3468 = CARTESIAN_POINT ( 'NONE',  ( 22.50000000000045119, 13.00000000000000000, 14.99999999999999289 ) ) ;
#3469 = CARTESIAN_POINT ( 'NONE',  ( 1.499999999999973577, 11.00000000000000000, -25.00000000000000711 ) ) ;
#3470 = ORIENTED_EDGE ( 'NONE', *, *, #5573, .T. ) ;
#3471 = AXIS2_PLACEMENT_3D ( 'NONE', #4395, #2316, #8489 ) ;
#3472 = PLANE ( 'NONE',  #1847 ) ;
#3473 = EDGE_CURVE ( 'NONE', #5383, #1900, #2397, .T. ) ;
#3474 = CARTESIAN_POINT ( 'NONE',  ( 28.99999999999999645, 12.00000000000000355, -42.42145001812207994 ) ) ;
#3475 = DIRECTION ( 'NONE',  ( 0.000000000000000000, 0.000000000000000000, 1.000000000000000000 ) ) ;
#3476 = CARTESIAN_POINT ( 'NONE',  ( -0.5000000000002294831, 11.00000000000000000, -5.000000000000007994 ) ) ;
#3477 = CARTESIAN_POINT ( 'NONE',  ( -10.50000000000023803, 11.00000000000000000, -5.000000000000007994 ) ) ;
#3478 = EDGE_CURVE ( 'NONE', #96, #7218, #7094, .T. ) ;
#3479 = EDGE_CURVE ( 'NONE', #2131, #840, #8300, .T. ) ;
#3480 = EDGE_LOOP ( 'NONE', ( #8152, #7848, #8628, #3807 ) ) ;
#3481 = VECTOR ( 'NONE', #131, 1000.000000000000000 ) ;
#3482 = CARTESIAN_POINT ( 'NONE',  ( -22.50000000000003553, 11.00000000000000000, -25.00000000000000711 ) ) ;
#3483 = ORIENTED_EDGE ( 'NONE', *, *, #8685, .F. ) ;
#3484 = DIRECTION ( 'NONE',  ( 0.000000000000000000, 0.000000000000000000, 1.000000000000000000 ) ) ;
#3485 = LINE ( 'NONE', #2931, #4930 ) ;
#3486 = ORIENTED_EDGE ( 'NONE', *, *, #4309, .T. ) ;
#3487 = DIRECTION ( 'NONE',  ( 0.000000000000000000, 0.000000000000000000, 1.000000000000000000 ) ) ;
#3488 = CARTESIAN_POINT ( 'NONE',  ( -28.99999999999999645, 2.183545759703839462, -40.30877712211285768 ) ) ;
#3489 = CARTESIAN_POINT ( 'NONE',  ( -28.99999999999999645, 12.25881904511126486, -41.45552419183535164 ) ) ;
#3490 = VERTEX_POINT ( 'NONE', #4102 ) ;
#3491 = ORIENTED_EDGE ( 'NONE', *, *, #5873, .F. ) ;
#3492 = EDGE_LOOP ( 'NONE', ( #7149, #6071, #2765, #8090, #6188, #8761 ) ) ;
#3493 = AXIS2_PLACEMENT_3D ( 'NONE', #8619, #2398, #5115 ) ;
#3494 = ORIENTED_EDGE ( 'NONE', *, *, #4873, .F. ) ;
#3495 = CARTESIAN_POINT ( 'NONE',  ( -37.49999999999998579, 13.00000000000000000, -25.00000000000000711 ) ) ;
#3496 = CARTESIAN_POINT ( 'NONE',  ( 11.49999999999997513, 13.00000000000000000, -15.00000000000001066 ) ) ;
#3497 = CARTESIAN_POINT ( 'NONE',  ( -39.99999999999999289, 0.000000000000000000, 37.00000000000000711 ) ) ;
#3498 = B_SPLINE_CURVE_WITH_KNOTS ( 'NONE', 3,
 ( #3853, #8123, #8665, #1952 ),
 .UNSPECIFIED., .F., .F.,
 ( 4, 4 ),
 ( 1.734723475976807094E-18, 0.002752612025423329008 ),
 .UNSPECIFIED. ) ;
#3499 = DIRECTION ( 'NONE',  ( -0.000000000000000000, -1.000000000000000000, -0.000000000000000000 ) ) ;
#3500 = ORIENTED_EDGE ( 'NONE', *, *, #7750, .F. ) ;
#3501 = CIRCLE ( 'NONE', #2482, 1.900000000000001465 ) ;
#3502 = ADVANCED_FACE ( 'NONE', ( #5754 ), #4734, .F. ) ;
#3503 = CARTESIAN_POINT ( 'NONE',  ( -16.00000000000000000, 2.700000000000145839, -36.97320508075679868 ) ) ;
#3504 = DIRECTION ( 'NONE',  ( 0.000000000000000000, 0.000000000000000000, 1.000000000000000000 ) ) ;
#3505 = ORIENTED_EDGE ( 'NONE', *, *, #6807, .T. ) ;
#3506 = CARTESIAN_POINT ( 'NONE',  ( 12.50000000000002487, 11.00000000000000000, -25.00000000000000711 ) ) ;
#3507 = DIRECTION ( 'NONE',  ( 0.000000000000000000, 1.000000000000000000, 0.000000000000000000 ) ) ;
#3508 = VECTOR ( 'NONE', #6431, 1000.000000000000000 ) ;
#3509 = LINE ( 'NONE', #5591, #830 ) ;
#3510 = ORIENTED_EDGE ( 'NONE', *, *, #3360, .T. ) ;
#3511 = DIRECTION ( 'NONE',  ( 0.000000000000000000, 1.000000000000000000, 0.000000000000000000 ) ) ;
#3512 = DIRECTION ( 'NONE',  ( 0.000000000000000000, 0.000000000000000000, 1.000000000000000000 ) ) ;
#3513 = CARTESIAN_POINT ( 'NONE',  ( -24.00000000000000711, 11.00000000000000000, 13.06350832689640207 ) ) ;
#3514 = EDGE_CURVE ( 'NONE', #1288, #7626, #5296, .T. ) ;
#3515 = DIRECTION ( 'NONE',  ( -0.000000000000000000, -0.8660254037844389297, -0.4999999999999993339 ) ) ;
#3516 = CARTESIAN_POINT ( 'NONE',  ( 0.5000000000002364775, 11.00000000000000000, 4.999999999999990230 ) ) ;
#3517 = DIRECTION ( 'NONE',  ( 0.000000000000000000, 1.000000000000000000, 0.000000000000000000 ) ) ;
#3518 = AXIS2_PLACEMENT_3D ( 'NONE', #2682, #6654, #486 ) ;
#3519 = CARTESIAN_POINT ( 'NONE',  ( -16.00000000000000000, 12.00000000000000355, -42.42145001812207994 ) ) ;
#3520 = ORIENTED_EDGE ( 'NONE', *, *, #4662, .T. ) ;
#3521 = CARTESIAN_POINT ( 'NONE',  ( 24.50000000000023803, 11.00000000000000000, -5.000000000000007994 ) ) ;
#3522 = ORIENTED_EDGE ( 'NONE', *, *, #7942, .T. ) ;
#3523 = VECTOR ( 'NONE', #4124, 1000.000000000000000 ) ;
#3524 = FACE_OUTER_BOUND ( 'NONE', #4639, .T. ) ;
#3525 = ORIENTED_EDGE ( 'NONE', *, *, #1546, .F. ) ;
#3526 = DIRECTION ( 'NONE',  ( 0.000000000000000000, 0.000000000000000000, 1.000000000000000000 ) ) ;
#3527 = EDGE_CURVE ( 'NONE', #1817, #764, #5457, .T. ) ;
#3528 = LINE ( 'NONE', #3442, #1757 ) ;
#3529 = CARTESIAN_POINT ( 'NONE',  ( 0.000000000000000000, 0.000000000000000000, -46.65412303015307316 ) ) ;
#3530 = CARTESIAN_POINT ( 'NONE',  ( -16.00000000000000000, 4.135352703781100203, -40.83176221655823213 ) ) ;
#3531 = DIRECTION ( 'NONE',  ( -0.000000000000000000, -1.000000000000000000, -0.000000000000000000 ) ) ;
#3532 = VERTEX_POINT ( 'NONE', #7232 ) ;
#3533 = ORIENTED_EDGE ( 'NONE', *, *, #1138, .F. ) ;
#3534 = ORIENTED_EDGE ( 'NONE', *, *, #8468, .F. ) ;
#3535 = EDGE_CURVE ( 'NONE', #3301, #1552, #1411, .T. ) ;
#3536 = ORIENTED_EDGE ( 'NONE', *, *, #1147, .T. ) ;
#3537 = DIRECTION ( 'NONE',  ( -1.000000000000000000, -1.334402673828313339E-16, -1.156482317317871528E-15 ) ) ;
#3538 = LINE ( 'NONE', #8401, #5000 ) ;
#3539 = DIRECTION ( 'NONE',  ( 0.000000000000000000, 0.000000000000000000, 1.000000000000000000 ) ) ;
#3540 = EDGE_CURVE ( 'NONE', #7761, #1161, #4484, .T. ) ;
#3541 = CARTESIAN_POINT ( 'NONE',  ( -29.99999999999997868, 3.000000000000190958, -36.99999999999999289 ) ) ;
#3542 = AXIS2_PLACEMENT_3D ( 'NONE', #5416, #556, #3931 ) ;
#3543 = CARTESIAN_POINT ( 'NONE',  ( -23.49999999999997868, 11.00000000000000000, -15.00000000000001066 ) ) ;
#3544 = VECTOR ( 'NONE', #383, 1000.000000000000000 ) ;
#3545 = ORIENTED_EDGE ( 'NONE', *, *, #809, .T. ) ;
#3546 = CARTESIAN_POINT ( 'NONE',  ( -16.00000000000000000, 2.739072065421407576, -38.90471567648832263 ) ) ;
#3547 = AXIS2_PLACEMENT_3D ( 'NONE', #7585, #105, #4928 ) ;
#3548 = DIRECTION ( 'NONE',  ( 0.000000000000000000, 0.000000000000000000, 1.000000000000000000 ) ) ;
#3549 = AXIS2_PLACEMENT_3D ( 'NONE', #254, #2861, #4356 ) ;
#3550 = VERTEX_POINT ( 'NONE', #3220 ) ;
#3551 = CARTESIAN_POINT ( 'NONE',  ( 36.50000000000003553, 11.00000000000000000, -15.00000000000001066 ) ) ;
#3552 = CARTESIAN_POINT ( 'NONE',  ( 0.5000000000002364775, 11.00000000000000000, 4.999999999999990230 ) ) ;
#3553 = ADVANCED_FACE ( 'NONE', ( #1061 ), #7995, .T. ) ;
#3554 = AXIS2_PLACEMENT_3D ( 'NONE', #982, #6383, #2412 ) ;
#3555 = CARTESIAN_POINT ( 'NONE',  ( 16.00000000000000000, 1.425000000000080203, -35.97727586640468900 ) ) ;
#3556 = CARTESIAN_POINT ( 'NONE',  ( -16.00000000000000000, 2.200000941738147642, -38.75431407995100841 ) ) ;
#3557 = LINE ( 'NONE', #7532, #2200 ) ;
#3558 = AXIS2_PLACEMENT_3D ( 'NONE', #7390, #3241, #1082 ) ;
#3559 = ORIENTED_EDGE ( 'NONE', *, *, #3851, .F. ) ;
#3560 = VECTOR ( 'NONE', #666, 1000.000000000000000 ) ;
#3561 = CARTESIAN_POINT ( 'NONE',  ( 48.00000000000001421, 13.00000000000000000, 13.06350832689640207 ) ) ;
#3562 = LINE ( 'NONE', #2075, #413 ) ;
#3563 = CARTESIAN_POINT ( 'NONE',  ( -12.50000000000044054, 11.00000000000000000, 14.99999999999999289 ) ) ;
#3564 = EDGE_CURVE ( 'NONE', #5674, #3838, #7999, .T. ) ;
#3565 = ORIENTED_EDGE ( 'NONE', *, *, #4603, .F. ) ;
#3566 = DIRECTION ( 'NONE',  ( -0.000000000000000000, -1.000000000000000000, -0.000000000000000000 ) ) ;
#3567 = CIRCLE ( 'NONE', #404, 1.999999999999994893 ) ;
#3568 = VECTOR ( 'NONE', #6899, 1000.000000000000000 ) ;
#3569 = PLANE ( 'NONE',  #7091 ) ;
#3570 = VERTEX_POINT ( 'NONE', #1823 ) ;
#3571 = VECTOR ( 'NONE', #3971, 1000.000000000000000 ) ;
#3572 = CARTESIAN_POINT ( 'NONE',  ( -12.50000000000003197, 11.00000000000000000, -15.00000000000001066 ) ) ;
#3573 = DIRECTION ( 'NONE',  ( 1.770156198885326974E-32, -8.673617379884034239E-17, 1.000000000000000000 ) ) ;
#3574 = FACE_OUTER_BOUND ( 'NONE', #3636, .T. ) ;
#3575 = CARTESIAN_POINT ( 'NONE',  ( -28.99999999999999645, 1.387499999999887601, -35.99892650149947571 ) ) ;
#3576 = ADVANCED_FACE ( 'NONE', ( #382 ), #1018, .F. ) ;
#3577 = CARTESIAN_POINT ( 'NONE',  ( 10.00000000000000178, 12.99999999999998934, 35.00000000000000000 ) ) ;
#3578 = ORIENTED_EDGE ( 'NONE', *, *, #5689, .T. ) ;
#3579 = AXIS2_PLACEMENT_3D ( 'NONE', #6907, #4170, #4894 ) ;
#3580 = VERTEX_POINT ( 'NONE', #3077 ) ;
#3581 = EDGE_CURVE ( 'NONE', #7773, #3405, #2317, .T. ) ;
#3582 = VERTEX_POINT ( 'NONE', #8624 ) ;
#3583 = ORIENTED_EDGE ( 'NONE', *, *, #5820, .T. ) ;
#3584 = DIRECTION ( 'NONE',  ( 0.000000000000000000, 1.000000000000000000, 0.000000000000000000 ) ) ;
#3585 = VECTOR ( 'NONE', #2756, 1000.000000000000000 ) ;
#3586 = CARTESIAN_POINT ( 'NONE',  ( -0.5000000000000213163, 11.00000000000000000, -25.00000000000000711 ) ) ;
#3587 = CARTESIAN_POINT ( 'NONE',  ( 57.50000000000000711, 0.000000000000000000, -17.49999999999999645 ) ) ;
#3588 = LINE ( 'NONE', #5793, #695 ) ;
#3589 = EDGE_CURVE ( 'NONE', #928, #1487, #5213, .T. ) ;
#3590 = ORIENTED_EDGE ( 'NONE', *, *, #5114, .T. ) ;
#3591 = EDGE_CURVE ( 'NONE', #8045, #8743, #8666, .T. ) ;
#3592 = CARTESIAN_POINT ( 'NONE',  ( -16.00000000000000000, 2.066384047871771212, -37.33985784499884630 ) ) ;
#3593 = CARTESIAN_POINT ( 'NONE',  ( 46.50000000000045475, 11.00000000000000000, 14.99999999999999289 ) ) ;
#3594 = B_SPLINE_CURVE_WITH_KNOTS ( 'NONE', 3,
 ( #2278, #2405, #5884, #2450 ),
 .UNSPECIFIED., .F., .F.,
 ( 4, 4 ),
 ( 0.000000000000000000, 0.001967024742790459725 ),
 .UNSPECIFIED. ) ;
#3595 = ORIENTED_EDGE ( 'NONE', *, *, #1221, .F. ) ;
#3596 = CARTESIAN_POINT ( 'NONE',  ( 12.99999999999999822, 0.9999999999999947820, 47.00000000000001421 ) ) ;
#3597 = FACE_OUTER_BOUND ( 'NONE', #967, .T. ) ;
#3598 = CARTESIAN_POINT ( 'NONE',  ( 28.99999999999999645, 0.9202356692320422527, -39.69936564693512082 ) ) ;
#3599 = CARTESIAN_POINT ( 'NONE',  ( -16.00000000000000000, 2.011312360122132326, -38.65067004189663180 ) ) ;
#3600 = CARTESIAN_POINT ( 'NONE',  ( 28.99999999999999645, 2.700000000000145839, -36.97320508075679868 ) ) ;
#3601 = EDGE_LOOP ( 'NONE', ( #7213, #4093, #7376, #2167 ) ) ;
#3602 = CARTESIAN_POINT ( 'NONE',  ( -11.49999999999955946, 13.00000000000000000, 24.99999999999998934 ) ) ;
#3603 = AXIS2_PLACEMENT_3D ( 'NONE', #7346, #7432, #1975 ) ;
#3604 = CYLINDRICAL_SURFACE ( 'NONE', #3409, 1.999999999999994893 ) ;
#3605 = DIRECTION ( 'NONE',  ( 0.000000000000000000, 0.000000000000000000, 1.000000000000000000 ) ) ;
#3606 = ORIENTED_EDGE ( 'NONE', *, *, #6181, .T. ) ;
#3607 = LINE ( 'NONE', #2751, #8575 ) ;
#3608 = EDGE_CURVE ( 'NONE', #4822, #3624, #5832, .T. ) ;
#3609 = CIRCLE ( 'NONE', #740, 1.900000000000001465 ) ;
#3610 = EDGE_CURVE ( 'NONE', #6107, #1558, #5077, .T. ) ;
#3611 = CARTESIAN_POINT ( 'NONE',  ( -46.50000000000045475, 13.00000000000000000, 14.99999999999999289 ) ) ;
#3612 = VERTEX_POINT ( 'NONE', #1641 ) ;
#3613 = DIRECTION ( 'NONE',  ( 0.000000000000000000, 1.000000000000000000, 0.000000000000000000 ) ) ;
#3614 = CARTESIAN_POINT ( 'NONE',  ( -12.99999999999999822, 1.000000000000006883, -37.00000000000000711 ) ) ;
#3615 = DIRECTION ( 'NONE',  ( 0.000000000000000000, 1.000000000000000000, 0.000000000000000000 ) ) ;
#3616 = CARTESIAN_POINT ( 'NONE',  ( -16.00000000000000000, 2.350843497767624690, -40.35360441592192160 ) ) ;
#3617 = PERSON_AND_ORGANIZATION ( #7577, #3834 ) ;
#3618 = CIRCLE ( 'NONE', #2322, 1.999999999999994893 ) ;
#3619 = EDGE_LOOP ( 'NONE', ( #593, #1280, #4789, #5688 ) ) ;
#3620 = ORIENTED_EDGE ( 'NONE', *, *, #1510, .F. ) ;
#3621 = B_SPLINE_SURFACE_WITH_KNOTS ( 'NONE', 1, 3, ( 
 ( #7709, #860, #3600, #6349, #2919, #5676, #2028, #4782, #6179, #9, #5501, #8595, #7067, #3687, #5852, #944, #2962, #7111, #5810, #7795, #1618, #3011, #1575, #6442, #5187, #993, #2423, #8417, #5726, #7923, #6482, #1036, #2373, #1753, #5768, #270, #3736, #5095, #3096, #4500, #8466, #5139, #7834, #4416, #2243, #4459, #2293, #7756, #5052, #3644 ),
 ( #7880, #900, #353, #6392, #8507, #2332, #313, #1660, #5007, #7163, #4372, #223, #7250, #1712, #3051, #8548, #4330, #7205, #3779, #6522, #3821, #1077, #6570, #402, #3143, #8780, #3284, #6039, #1125, #6077, #1254, #4007, #3188, #8683, #6658, #7966, #8141, #1209, #3324, #6617, #7428, #6792, #5362, #2597, #8098, #5940, #8824, #2507, #490, #5274 ) ),
 .UNSPECIFIED., .F., .F., .F.,
 ( 2, 2 ),
 ( 4, 2, 2, 2, 2, 2, 2, 2, 2, 2, 2, 2, 2, 2, 2, 2, 2, 2, 2, 2, 2, 2, 2, 2, 4 ),
 ( 0.000000000000000000, 1.000000000000000000 ),
 ( 0.000000000000000000, 0.03709167465629092941, 0.05563751198443639412, 0.06491043064850912647, 0.06954688998054549265, 0.07418334931258185883, 0.07838815280695451970, 0.08259295630132718058, 0.09100256329007250233, 0.1078217772675631320, 0.1414602052225444051, 0.1750986331775256644, 0.1919178471550163079, 0.2003274541437616296, 0.2045322576381342905, 0.2087370611325069514, 0.2118279319874580846, 0.2149188028424092456, 0.2211005445523115398, 0.2334640279721161005, 0.2581909948117252496, 0.3076449284909436033, 0.4065527958493801997, 0.6043685305662535034, 1.000000000000000000 ),
 .UNSPECIFIED. ) ;
#3622 = EDGE_CURVE ( 'NONE', #7044, #1498, #1833, .T. ) ;
#3623 = AXIS2_PLACEMENT_3D ( 'NONE', #2112, #2824, #5589 ) ;
#3624 = VERTEX_POINT ( 'NONE', #8576 ) ;
#3625 = ORIENTED_EDGE ( 'NONE', *, *, #7408, .T. ) ;
#3626 = DIRECTION ( 'NONE',  ( 0.000000000000000000, 0.000000000000000000, 1.000000000000000000 ) ) ;
#3627 = DIRECTION ( 'NONE',  ( -0.000000000000000000, -1.000000000000000000, -0.000000000000000000 ) ) ;
#3628 = LINE ( 'NONE', #1602, #5285 ) ;
#3629 = CARTESIAN_POINT ( 'NONE',  ( -1.499999999999973577, 13.00000000000000000, -25.00000000000000711 ) ) ;
#3630 = EDGE_LOOP ( 'NONE', ( #8816, #7733, #3307, #7913 ) ) ;
#3631 = ORIENTED_EDGE ( 'NONE', *, *, #2893, .T. ) ;
#3632 = ORIENTED_EDGE ( 'NONE', *, *, #2212, .T. ) ;
#3633 = CARTESIAN_POINT ( 'NONE',  ( -10.50000000000024514, 11.00000000000000000, 4.999999999999990230 ) ) ;
#3634 = AXIS2_PLACEMENT_3D ( 'NONE', #7270, #6501, #333 ) ;
#3635 = CARTESIAN_POINT ( 'NONE',  ( 25.49999999999998224, 13.00000000000000000, -25.00000000000000711 ) ) ;
#3636 = EDGE_LOOP ( 'NONE', ( #84, #3268, #3950, #5619 ) ) ;
#3637 = LINE ( 'NONE', #4408, #1456 ) ;
#3638 = EDGE_CURVE ( 'NONE', #1378, #4909, #5170, .T. ) ;
#3639 = EDGE_CURVE ( 'NONE', #3570, #4354, #1779, .T. ) ;
#3640 = CARTESIAN_POINT ( 'NONE',  ( 19.50000000000000355, 11.49999999999999822, -41.65412303015307316 ) ) ;
#3641 = CARTESIAN_POINT ( 'NONE',  ( 28.99999999999999645, 2.099999999999258904, -35.58756443470080200 ) ) ;
#3642 = AXIS2_PLACEMENT_3D ( 'NONE', #1543, #1585, #8385 ) ;
#3643 = CARTESIAN_POINT ( 'NONE',  ( 11.49999999999955946, 11.00000000000000000, 24.99999999999998934 ) ) ;
#3644 = CARTESIAN_POINT ( 'NONE',  ( 28.99999999999999645, 12.99999999999999822, -41.65412303015308026 ) ) ;
#3645 = CARTESIAN_POINT ( 'NONE',  ( -22.50000000000003553, 11.00000000000000000, -15.00000000000001066 ) ) ;
#3646 = DIRECTION ( 'NONE',  ( -0.000000000000000000, 1.000000000000000000, -0.000000000000000000 ) ) ;
#3647 = CARTESIAN_POINT ( 'NONE',  ( 25.50000000000000355, 13.00000000000000000, -42.42145001812207994 ) ) ;
#3648 = ORIENTED_EDGE ( 'NONE', *, *, #3186, .T. ) ;
#3649 = DIRECTION ( 'NONE',  ( 1.000000000000000000, 0.000000000000000000, -0.000000000000000000 ) ) ;
#3650 = ORIENTED_EDGE ( 'NONE', *, *, #1038, .T. ) ;
#3651 = CARTESIAN_POINT ( 'NONE',  ( -24.50000000000024514, 11.00000000000000000, 4.999999999999990230 ) ) ;
#3652 = ADVANCED_FACE ( 'NONE', ( #7908 ), #8532, .F. ) ;
#3653 = DIRECTION ( 'NONE',  ( 1.000000000000000000, 0.000000000000000000, 0.000000000000000000 ) ) ;
#3654 = B_SPLINE_CURVE_WITH_KNOTS ( 'NONE', 3,
 ( #5232, #7967, #1795, #7295 ),
 .UNSPECIFIED., .F., .F.,
 ( 4, 4 ),
 ( 1.344831438384259571E-15, 0.002752612025424671684 ),
 .UNSPECIFIED. ) ;
#3655 = VERTEX_POINT ( 'NONE', #7275 ) ;
#3656 = AXIS2_PLACEMENT_3D ( 'NONE', #580, #7378, #1204 ) ;
#3657 = DIRECTION ( 'NONE',  ( 0.000000000000000000, 0.000000000000000000, 1.000000000000000000 ) ) ;
#3658 = FACE_OUTER_BOUND ( 'NONE', #3349, .T. ) ;
#3659 = CARTESIAN_POINT ( 'NONE',  ( 34.50000000000024158, 11.00000000000000000, -5.000000000000007994 ) ) ;
#3660 = DIRECTION ( 'NONE',  ( 1.000000000000000000, 0.000000000000000000, 0.000000000000000000 ) ) ;
#3661 = CARTESIAN_POINT ( 'NONE',  ( 16.00000000000000000, 2.249999999999988010, -35.50096189432332494 ) ) ;
#3662 = EDGE_CURVE ( 'NONE', #7099, #6865, #5008, .T. ) ;
#3663 = EDGE_LOOP ( 'NONE', ( #2929, #4648, #3650, #1126, #7692, #8276 ) ) ;
#3664 = VECTOR ( 'NONE', #5035, 1000.000000000000000 ) ;
#3665 = ORIENTED_EDGE ( 'NONE', *, *, #469, .T. ) ;
#3666 = ORIENTED_EDGE ( 'NONE', *, *, #8264, .F. ) ;
#3667 = ORIENTED_EDGE ( 'NONE', *, *, #8049, .T. ) ;
#3668 = FACE_OUTER_BOUND ( 'NONE', #5489, .T. ) ;
#3669 = VECTOR ( 'NONE', #4956, 1000.000000000000000 ) ;
#3670 = DIRECTION ( 'NONE',  ( -0.000000000000000000, -1.000000000000000000, -0.000000000000000000 ) ) ;
#3671 = LINE ( 'NONE', #207, #1818 ) ;
#3672 = ORIENTED_EDGE ( 'NONE', *, *, #5871, .T. ) ;
#3673 = DIRECTION ( 'NONE',  ( 0.000000000000000000, 1.000000000000000000, 0.000000000000000000 ) ) ;
#3674 = ADVANCED_FACE ( 'NONE', ( #1693 ), #4442, .T. ) ;
#3675 = VERTEX_POINT ( 'NONE', #7505 ) ;
#3676 = VERTEX_POINT ( 'NONE', #3354 ) ;
#3677 = AXIS2_PLACEMENT_3D ( 'NONE', #1032, #308, #442 ) ;
#3678 = DIRECTION ( 'NONE',  ( -1.000000000000000000, 0.000000000000000000, 0.000000000000000000 ) ) ;
#3679 = DIRECTION ( 'NONE',  ( 0.000000000000000000, 0.000000000000000000, 1.000000000000000000 ) ) ;
#3680 = ORIENTED_EDGE ( 'NONE', *, *, #5716, .T. ) ;
#3681 = CARTESIAN_POINT ( 'NONE',  ( 46.50000000000045475, 11.00000000000000000, 14.99999999999999289 ) ) ;
#3682 = AXIS2_PLACEMENT_3D ( 'NONE', #4526, #294, #6468 ) ;
#3683 = CARTESIAN_POINT ( 'NONE',  ( -24.50000000000003553, 11.00000000000000000, -15.00000000000001066 ) ) ;
#3684 = CARTESIAN_POINT ( 'NONE',  ( 16.00000000000000000, 2.016248021640165256, -40.26394982830277769 ) ) ;
#3685 = LINE ( 'NONE', #2960, #5431 ) ;
#3686 = AXIS2_PLACEMENT_3D ( 'NONE', #8558, #3018, #6582 ) ;
#3687 = CARTESIAN_POINT ( 'NONE',  ( 28.99999999999999645, 2.033991634547325678, -37.36188211779253265 ) ) ;
#3688 = CARTESIAN_POINT ( 'NONE',  ( -12.00000000000000355, 11.00000000000000000, 26.93649167310357839 ) ) ;
#3689 = AXIS2_PLACEMENT_3D ( 'NONE', #6529, #3649, #7073 ) ;
#3690 = EDGE_CURVE ( 'NONE', #7359, #8089, #5303, .T. ) ;
#3691 = VECTOR ( 'NONE', #1286, 1000.000000000000000 ) ;
#3692 = CARTESIAN_POINT ( 'NONE',  ( -22.50000000000000000, 11.50000000001249312, -42.80511351211193016 ) ) ;
#3693 = VECTOR ( 'NONE', #8594, 1000.000000000000000 ) ;
#3694 = CARTESIAN_POINT ( 'NONE',  ( -28.99999999999999645, 0.1607325623971178896, -37.86491972910407355 ) ) ;
#3695 = ORIENTED_EDGE ( 'NONE', *, *, #4490, .F. ) ;
#3696 = DIRECTION ( 'NONE',  ( -1.334402673828313339E-16, -1.000000000000000000, 0.000000000000000000 ) ) ;
#3697 = AXIS2_PLACEMENT_3D ( 'NONE', #7740, #126, #5662 ) ;
#3698 = ORIENTED_EDGE ( 'NONE', *, *, #4805, .F. ) ;
#3699 = B_SPLINE_SURFACE_WITH_KNOTS ( 'NONE', 1, 3, ( 
 ( #7477, #5275, #5320, #8734, #3326, #3285, #447, #4632, #3236, #8014, #626, #6079, #8825, #6040, #3876, #8059, #8863, #2641, #8781, #4594, #8142, #4053, #6793, #3371, #2689, #5449, #7344, #8189, #2017, #4770, #1169, #6660, #1127, #5987, #849, #2819, #4951, #8230, #135, #8405, #6969, #4910, #7660, #7565, #7700, #4815, #8274, #1390, #4095, #1437 ),
 ( #1479, #6252, #3503, #5535, #2867, #1522, #2776, #2733, #4274, #7014, #6169, #2107, #3592, #42, #2061, #6211, #4228, #6886, #721, #4865, #670, #7615, #6340, #86, #172, #7521, #4143, #2908, #5586, #5626, #802, #5668, #4187, #6925, #8325, #2155, #2234, #761, #1347, #3546, #8365, #6299, #3458, #6837, #2194, #3414, #8915, #5492, #5044, #1701 ) ),
 .UNSPECIFIED., .F., .F., .F.,
 ( 2, 2 ),
 ( 4, 2, 2, 2, 2, 2, 2, 2, 2, 2, 2, 2, 2, 2, 2, 2, 2, 2, 2, 2, 2, 2, 2, 2, 4 ),
 ( 0.000000000000000000, 1.000000000000000000 ),
 ( 0.000000000000000000, 0.03709167465629092941, 0.05563751198443639412, 0.06491043064850912647, 0.06954688998054549265, 0.07418334931258185883, 0.07838815280695451970, 0.08259295630132718058, 0.09100256329007250233, 0.1078217772675631320, 0.1414602052225444051, 0.1750986331775256644, 0.1919178471550163079, 0.2003274541437616296, 0.2045322576381342905, 0.2087370611325069514, 0.2118279319874580846, 0.2149188028424092456, 0.2211005445523115398, 0.2334640279721161005, 0.2581909948117252496, 0.3076449284909436033, 0.4065527958493801997, 0.6043685305662535034, 1.000000000000000000 ),
 .UNSPECIFIED. ) ;
#3700 = CARTESIAN_POINT ( 'NONE',  ( -48.50000000000046185, 13.00000000000000000, 24.99999999999998934 ) ) ;
#3701 = CC_DESIGN_APPROVAL ( #560, ( #2156 ) ) ;
#3702 = AXIS2_PLACEMENT_3D ( 'NONE', #6789, #2101, #8319 ) ;
#3703 = EDGE_CURVE ( 'NONE', #760, #6414, #393, .T. ) ;
#3704 = AXIS2_PLACEMENT_3D ( 'NONE', #6963, #8872, #2696 ) ;
#3705 = CARTESIAN_POINT ( 'NONE',  ( -47.49999999999957367, 11.00000000000000000, 24.99999999999998934 ) ) ;
#3706 = ORIENTED_EDGE ( 'NONE', *, *, #3106, .F. ) ;
#3707 = DIRECTION ( 'NONE',  ( -0.000000000000000000, -1.000000000000000000, -0.000000000000000000 ) ) ;
#3708 = DIRECTION ( 'NONE',  ( -0.000000000000000000, -0.000000000000000000, 1.000000000000000000 ) ) ;
#3709 = CARTESIAN_POINT ( 'NONE',  ( -23.49999999999977263, 13.00000000000000000, 4.999999999999990230 ) ) ;
#3710 = PLANE ( 'NONE',  #2817 ) ;
#3711 = VECTOR ( 'NONE', #3515, 1000.000000000000114 ) ;
#3712 = ORIENTED_EDGE ( 'NONE', *, *, #1964, .F. ) ;
#3713 = ORIENTED_EDGE ( 'NONE', *, *, #6287, .T. ) ;
#3714 = AXIS2_PLACEMENT_3D ( 'NONE', #112, #959, #2981 ) ;
#3715 = ADVANCED_FACE ( 'NONE', ( #5432 ), #6023, .F. ) ;
#3716 = ORIENTED_EDGE ( 'NONE', *, *, #8637, .F. ) ;
#3717 = ORIENTED_EDGE ( 'NONE', *, *, #4184, .F. ) ;
#3718 = CARTESIAN_POINT ( 'NONE',  ( 46.50000000000046185, 13.00000000000000000, 24.99999999999998934 ) ) ;
#3719 = DIRECTION ( 'NONE',  ( -0.000000000000000000, -0.000000000000000000, 1.000000000000000000 ) ) ;
#3720 = DIRECTION ( 'NONE',  ( 0.000000000000000000, 1.000000000000000000, 0.000000000000000000 ) ) ;
#3721 = AXIS2_PLACEMENT_3D ( 'NONE', #1808, #1988, #5245 ) ;
#3722 = EDGE_LOOP ( 'NONE', ( #3680, #3933, #5200, #7675 ) ) ;
#3723 = CARTESIAN_POINT ( 'NONE',  ( -10.50000000000044587, 11.00000000000000000, 14.99999999999999289 ) ) ;
#3724 = ORIENTED_EDGE ( 'NONE', *, *, #3872, .F. ) ;
#3725 = CIRCLE ( 'NONE', #132, 1.000000000000000888 ) ;
#3726 = EDGE_LOOP ( 'NONE', ( #8453, #6290, #3199, #7697 ) ) ;
#3727 = ADVANCED_FACE ( 'NONE', ( #1237 ), #3988, .F. ) ;
#3728 = CARTESIAN_POINT ( 'NONE',  ( -10.50000000000003020, 11.00000000000000000, -25.00000000000000711 ) ) ;
#3729 = AXIS2_PLACEMENT_3D ( 'NONE', #6041, #3918, #7431 ) ;
#3730 = CARTESIAN_POINT ( 'NONE',  ( 37.49999999999997868, 13.00000000000000000, -15.00000000000001066 ) ) ;
#3731 = VERTEX_POINT ( 'NONE', #4709 ) ;
#3732 = DIRECTION ( 'NONE',  ( -0.000000000000000000, 1.000000000000000000, -0.000000000000000000 ) ) ;
#3733 = CYLINDRICAL_SURFACE ( 'NONE', #2518, 1.999999999999994893 ) ;
#3734 = CARTESIAN_POINT ( 'NONE',  ( 16.00000000000000000, 0.9202356692320422527, -39.69936564693512082 ) ) ;
#3735 = DIRECTION ( 'NONE',  ( 0.000000000000000000, 0.000000000000000000, 1.000000000000000000 ) ) ;
#3736 = CARTESIAN_POINT ( 'NONE',  ( 28.99999999999999645, 2.432359545637705622, -38.82253230450415771 ) ) ;
#3737 = CARTESIAN_POINT ( 'NONE',  ( 47.49999999999977973, 11.00000000000000000, 4.999999999999990230 ) ) ;
#3738 = ADVANCED_FACE ( 'NONE', ( #8041 ), #2625, .F. ) ;
#3739 = DIRECTION ( 'NONE',  ( 0.000000000000000000, 0.000000000000000000, 1.000000000000000000 ) ) ;
#3740 = FACE_OUTER_BOUND ( 'NONE', #3601, .T. ) ;
#3741 = ORIENTED_EDGE ( 'NONE', *, *, #435, .T. ) ;
#3742 = CARTESIAN_POINT ( 'NONE',  ( 23.49999999999977973, 13.00000000000000000, -5.000000000000007994 ) ) ;
#3743 = VERTEX_POINT ( 'NONE', #4660 ) ;
#3744 = DIRECTION ( 'NONE',  ( 0.000000000000000000, 0.000000000000000000, 1.000000000000000000 ) ) ;
#3745 = EDGE_CURVE ( 'NONE', #3838, #1995, #7367, .T. ) ;
#3746 = LINE ( 'NONE', #323, #7027 ) ;
#3747 = ORIENTED_EDGE ( 'NONE', *, *, #448, .F. ) ;
#3748 = CARTESIAN_POINT ( 'NONE',  ( -30.00000000000000000, 1.921539850312770877E-13, -36.99999999999999289 ) ) ;
#3749 = CARTESIAN_POINT ( 'NONE',  ( -46.50000000000024869, 13.00000000000000000, -5.000000000000007994 ) ) ;
#3750 = ADVANCED_FACE ( 'NONE', ( #8174 ), #4130, .T. ) ;
#3751 = DIRECTION ( 'NONE',  ( 0.000000000000000000, 1.000000000000000000, 0.000000000000000000 ) ) ;
#3752 = EDGE_CURVE ( 'NONE', #8618, #1826, #1769, .T. ) ;
#3753 = DIRECTION ( 'NONE',  ( 0.000000000000000000, 0.000000000000000000, 1.000000000000000000 ) ) ;
#3754 = VECTOR ( 'NONE', #2551, 1000.000000000000000 ) ;
#3755 = VERTEX_POINT ( 'NONE', #5158 ) ;
#3756 = ORIENTED_EDGE ( 'NONE', *, *, #7475, .F. ) ;
#3757 = DIRECTION ( 'NONE',  ( 0.000000000000000000, 1.000000000000000000, 0.000000000000000000 ) ) ;
#3758 = ORIENTED_EDGE ( 'NONE', *, *, #6464, .F. ) ;
#3759 = ORIENTED_EDGE ( 'NONE', *, *, #3995, .F. ) ;
#3760 = VECTOR ( 'NONE', #1344, 1000.000000000000000 ) ;
#3761 = LINE ( 'NONE', #2353, #28 ) ;
#3762 = CARTESIAN_POINT ( 'NONE',  ( 13.00000000000000178, 4.299999999999994493, 47.00000000000000711 ) ) ;
#3763 = CARTESIAN_POINT ( 'NONE',  ( -34.50000000000024158, 11.00000000000000000, -5.000000000000007994 ) ) ;
#3764 = CARTESIAN_POINT ( 'NONE',  ( -36.00000000000000711, 13.00000000000000000, -13.06350832689631325 ) ) ;
#3765 = VERTEX_POINT ( 'NONE', #7851 ) ;
#3766 = ORIENTED_EDGE ( 'NONE', *, *, #8600, .F. ) ;
#3767 = ADVANCED_FACE ( 'NONE', ( #4433 ), #7181, .F. ) ;
#3768 = VERTEX_POINT ( 'NONE', #962 ) ;
#3769 = CIRCLE ( 'NONE', #8640, 1.999999999999994893 ) ;
#3770 = DIRECTION ( 'NONE',  ( 0.000000000000000000, 1.000000000000000000, 0.000000000000000000 ) ) ;
#3771 = ORIENTED_EDGE ( 'NONE', *, *, #7269, .F. ) ;
#3772 = CARTESIAN_POINT ( 'NONE',  ( 25.49999999999998224, 11.00000000000000000, -15.00000000000001066 ) ) ;
#3773 = ORIENTED_EDGE ( 'NONE', *, *, #4402, .T. ) ;
#3774 = DIRECTION ( 'NONE',  ( 0.000000000000000000, 0.000000000000000000, 1.000000000000000000 ) ) ;
#3775 = LINE ( 'NONE', #1073, #7132 ) ;
#3776 = CARTESIAN_POINT ( 'NONE',  ( 16.00000000000000000, 1.931723812755948178, -40.24131505877800663 ) ) ;
#3777 = EDGE_CURVE ( 'NONE', #8903, #8602, #6870, .T. ) ;
#3778 = LINE ( 'NONE', #5051, #3987 ) ;
#3779 = CARTESIAN_POINT ( 'NONE',  ( 16.00000000000000000, 1.817375721940008404, -37.58788730880411322 ) ) ;
#3780 = CARTESIAN_POINT ( 'NONE',  ( -25.49999999999997513, 13.00000000000000000, -15.00000000000001066 ) ) ;
#3781 = DIRECTION ( 'NONE',  ( 0.000000000000000000, 0.000000000000000000, 1.000000000000000000 ) ) ;
#3782 = VECTOR ( 'NONE', #51, 1000.000000000000000 ) ;
#3783 = CARTESIAN_POINT ( 'NONE',  ( -28.99999999999999645, 0.2366676822689680326, -37.40179607762924263 ) ) ;
#3784 = ORIENTED_EDGE ( 'NONE', *, *, #6872, .T. ) ;
#3785 = DIRECTION ( 'NONE',  ( 0.000000000000000000, 0.000000000000000000, 1.000000000000000000 ) ) ;
#3786 = ORIENTED_EDGE ( 'NONE', *, *, #5716, .F. ) ;
#3787 = DIRECTION ( 'NONE',  ( 0.000000000000000000, 0.000000000000000000, 1.000000000000000000 ) ) ;
#3788 = EDGE_CURVE ( 'NONE', #1161, #4218, #5698, .T. ) ;
#3789 = LINE ( 'NONE', #1089, #5521 ) ;
#3790 = VERTEX_POINT ( 'NONE', #4471 ) ;
#3791 = CARTESIAN_POINT ( 'NONE',  ( 37.49999999999998579, 11.00000000000000000, -15.00000000000001066 ) ) ;
#3792 = CARTESIAN_POINT ( 'NONE',  ( -1.499999999999557243, 13.00000000000000000, 14.99999999999999289 ) ) ;
#3793 = FACE_BOUND ( 'NONE', #456, .T. ) ;
#3794 = CIRCLE ( 'NONE', #61, 1.000000000000000888 ) ;
#3795 = ORIENTED_EDGE ( 'NONE', *, *, #2078, .F. ) ;
#3796 = ORIENTED_EDGE ( 'NONE', *, *, #8539, .F. ) ;
#3797 = ADVANCED_FACE ( 'NONE', ( #916 ), #3843, .T. ) ;
#3798 = CARTESIAN_POINT ( 'NONE',  ( -24.00000000000000711, 11.00000000000000000, -13.06350832689631325 ) ) ;
#3799 = ORIENTED_EDGE ( 'NONE', *, *, #7028, .T. ) ;
#3800 = ORIENTED_EDGE ( 'NONE', *, *, #646, .F. ) ;
#3801 = CARTESIAN_POINT ( 'NONE',  ( -22.50000000000003908, 13.00000000000000000, -15.00000000000001066 ) ) ;
#3802 = DIRECTION ( 'NONE',  ( 0.000000000000000000, 0.000000000000000000, 1.000000000000000000 ) ) ;
#3803 = LINE ( 'NONE', #7951, #6678 ) ;
#3804 = VECTOR ( 'NONE', #1837, 1000.000000000000000 ) ;
#3805 = ORIENTED_EDGE ( 'NONE', *, *, #5502, .F. ) ;
#3806 = LINE ( 'NONE', #507, #3979 ) ;
#3807 = ORIENTED_EDGE ( 'NONE', *, *, #8126, .T. ) ;
#3808 = ORIENTED_EDGE ( 'NONE', *, *, #5728, .F. ) ;
#3809 = CARTESIAN_POINT ( 'NONE',  ( -34.50000000000024158, 13.00000000000000000, -5.000000000000007994 ) ) ;
#3810 = EDGE_CURVE ( 'NONE', #6488, #5834, #2957, .T. ) ;
#3811 = ORIENTED_EDGE ( 'NONE', *, *, #2906, .T. ) ;
#3812 = AXIS2_PLACEMENT_3D ( 'NONE', #2891, #1132, #157 ) ;
#3813 = FACE_OUTER_BOUND ( 'NONE', #7895, .T. ) ;
#3814 = EDGE_LOOP ( 'NONE', ( #6877, #4488, #8222, #122 ) ) ;
#3815 = LINE ( 'NONE', #2417, #7506 ) ;
#3816 = EDGE_CURVE ( 'NONE', #6374, #4942, #420, .T. ) ;
#3817 = CARTESIAN_POINT ( 'NONE',  ( -0.5000000000002294831, 11.00000000000000000, -5.000000000000007994 ) ) ;
#3818 = CARTESIAN_POINT ( 'NONE',  ( 39.99999999999997868, 11.00000000000000000, 17.49999999999999645 ) ) ;
#3819 = CARTESIAN_POINT ( 'NONE',  ( -37.49999999999998579, 11.00000000000000000, -25.00000000000000711 ) ) ;
#3820 = AXIS2_PLACEMENT_3D ( 'NONE', #7525, #5, #6798 ) ;
#3821 = CARTESIAN_POINT ( 'NONE',  ( 16.00000000000000000, 1.686341760833912407, -37.96112570923076390 ) ) ;
#3822 = MANIFOLD_SOLID_BREP ( '\X2\955c5411\X0\9', #2490 ) ;
#3823 = FACE_BOUND ( 'NONE', #8328, .T. ) ;
#3824 = CARTESIAN_POINT ( 'NONE',  ( -48.50000000000024158, 13.00000000000000000, -5.000000000000007994 ) ) ;
#3825 = EDGE_CURVE ( 'NONE', #144, #6285, #327, .T. ) ;
#3826 = CARTESIAN_POINT ( 'NONE',  ( 48.00000000000001421, 11.00000000000000000, 26.93649167310357839 ) ) ;
#3827 = CARTESIAN_POINT ( 'NONE',  ( -16.00000000000000355, 1.684836961841125857, -40.17514850246703872 ) ) ;
#3829 = ORIENTED_EDGE ( 'NONE', *, *, #3977, .F. ) ;
#3828 = CIRCLE ( 'NONE', #6560, 1.900000000000001465 ) ;
#3830 = DIRECTION ( 'NONE',  ( -0.000000000000000000, -1.000000000000000000, -0.000000000000000000 ) ) ;
#3831 = ORIENTED_EDGE ( 'NONE', *, *, #310, .F. ) ;
#3832 = CARTESIAN_POINT ( 'NONE',  ( 11.49999999999977440, 13.00000000000000000, -5.000000000000007994 ) ) ;
#3833 = AXIS2_PLACEMENT_3D ( 'NONE', #4244, #6984, #693 ) ;
#3834 = ORGANIZATION ( 'æœª', 'æœª', '' ) ;
#3835 = ADVANCED_FACE ( 'NONE', ( #3066, #243, #4388, #7983, #2389, #3160, #2440, #2346, #1726, #8658, #7222, #5246, #1051, #3793, #6459, #2479, #6538, #6410, #5870, #5203, #5745, #3024, #1809, #4561, #8482, #2307, #5067, #1633 ), #5782, .T. ) ;
#3836 = CIRCLE ( 'NONE', #6490, 1.999999999999994893 ) ;
#3837 = DIRECTION ( 'NONE',  ( -0.000000000000000000, -1.000000000000000000, -0.000000000000000000 ) ) ;
#3838 = VERTEX_POINT ( 'NONE', #7400 ) ;
#3839 = EDGE_CURVE ( 'NONE', #6488, #8903, #599, .T. ) ;
#3840 = FACE_OUTER_BOUND ( 'NONE', #4665, .T. ) ;
#3841 = DIRECTION ( 'NONE',  ( 0.000000000000000000, 0.000000000000000000, 1.000000000000000000 ) ) ;
#3842 = AXIS2_PLACEMENT_3D ( 'NONE', #3921, #3196, #8829 ) ;
#3843 = CYLINDRICAL_SURFACE ( 'NONE', #978, 3.299999999999997158 ) ;
#3844 = PERSON_AND_ORGANIZATION ( #7577, #3834 ) ;
#3845 = VECTOR ( 'NONE', #1207, 1000.000000000000000 ) ;
#3846 = VERTEX_POINT ( 'NONE', #1226 ) ;
#3847 = ORIENTED_EDGE ( 'NONE', *, *, #2253, .T. ) ;
#3848 = AXIS2_PLACEMENT_3D ( 'NONE', #5109, #370, #7811 ) ;
#3849 = DIRECTION ( 'NONE',  ( 0.000000000000000000, 0.000000000000000000, 1.000000000000000000 ) ) ;
#3850 = VERTEX_POINT ( 'NONE', #8838 ) ;
#3851 = EDGE_CURVE ( 'NONE', #3846, #6530, #5292, .T. ) ;
#3852 = ORIENTED_EDGE ( 'NONE', *, *, #225, .T. ) ;
#3853 = CARTESIAN_POINT ( 'NONE',  ( 25.50000000000000355, 12.25881904511126130, -41.45552419183535164 ) ) ;
#3854 = CARTESIAN_POINT ( 'NONE',  ( -10.50000000000023803, 13.00000000000000000, -5.000000000000007994 ) ) ;
#3855 = DIRECTION ( 'NONE',  ( 0.000000000000000000, 0.000000000000000000, 1.000000000000000000 ) ) ;
#3856 = VERTEX_POINT ( 'NONE', #3887 ) ;
#3857 = EDGE_CURVE ( 'NONE', #6060, #6957, #464, .T. ) ;
#3858 = ORIENTED_EDGE ( 'NONE', *, *, #7754, .F. ) ;
#3859 = VECTOR ( 'NONE', #8882, 1000.000000000000000 ) ;
#3860 = ORIENTED_EDGE ( 'NONE', *, *, #3202, .T. ) ;
#3861 = LINE ( 'NONE', #5263, #4790 ) ;
#3862 = AXIS2_PLACEMENT_3D ( 'NONE', #8782, #3238, #586 ) ;
#3863 = ORIENTED_EDGE ( 'NONE', *, *, #7730, .F. ) ;
#3864 = EDGE_CURVE ( 'NONE', #6865, #1666, #3208, .T. ) ;
#3865 = CARTESIAN_POINT ( 'NONE',  ( 22.50000000000024158, 11.00000000000000000, 4.999999999999990230 ) ) ;
#3866 = ORIENTED_EDGE ( 'NONE', *, *, #1682, .F. ) ;
#3867 = CARTESIAN_POINT ( 'NONE',  ( 16.00000000000000000, -11.41562369461536441, -35.50096189432333915 ) ) ;
#3868 = AXIS2_PLACEMENT_3D ( 'NONE', #5025, #284, #3023 ) ;
#3869 = CARTESIAN_POINT ( 'NONE',  ( -49.49999999999957367, 11.00000000000000000, 24.99999999999998579 ) ) ;
#3870 = DIRECTION ( 'NONE',  ( 0.000000000000000000, 1.000000000000000000, 0.000000000000000000 ) ) ;
#3871 = EDGE_CURVE ( 'NONE', #7635, #2223, #2656, .T. ) ;
#3872 = EDGE_CURVE ( 'NONE', #5785, #8529, #8699, .T. ) ;
#3873 = DIRECTION ( 'NONE',  ( 0.000000000000000000, 1.000000000000000000, 0.000000000000000000 ) ) ;
#3874 = CARTESIAN_POINT ( 'NONE',  ( 36.50000000000024158, 11.00000000000000000, 4.999999999999990230 ) ) ;
#3875 = VECTOR ( 'NONE', #1480, 1000.000000000000000 ) ;
#3876 = CARTESIAN_POINT ( 'NONE',  ( -28.99999999999999645, 2.018210873017959539, -37.37348141781701116 ) ) ;
#3877 = CARTESIAN_POINT ( 'NONE',  ( 36.00000000000000711, 13.00000000000000000, -6.936491673103652111 ) ) ;
#3878 = DIRECTION ( 'NONE',  ( 0.000000000000000000, 0.000000000000000000, 1.000000000000000000 ) ) ;
#3879 = DIRECTION ( 'NONE',  ( 0.000000000000000000, 1.000000000000000000, 0.000000000000000000 ) ) ;
#3880 = CARTESIAN_POINT ( 'NONE',  ( -13.49999999999956124, 13.00000000000000000, 14.99999999999999289 ) ) ;
#3881 = ORIENTED_EDGE ( 'NONE', *, *, #8203, .T. ) ;
#3882 = DIRECTION ( 'NONE',  ( -1.000000000000000000, 0.000000000000000000, 0.000000000000000000 ) ) ;
#3883 = CARTESIAN_POINT ( 'NONE',  ( 37.49999999999998579, 13.00000000000000000, -25.00000000000000711 ) ) ;
#3884 = ORIENTED_EDGE ( 'NONE', *, *, #8058, .T. ) ;
#3885 = CARTESIAN_POINT ( 'NONE',  ( 46.50000000000024869, 11.00000000000000000, -5.000000000000007994 ) ) ;
#3886 = LINE ( 'NONE', #2571, #8035 ) ;
#3887 = CARTESIAN_POINT ( 'NONE',  ( 39.99999999999999289, 0.000000000000000000, 37.00000000000000711 ) ) ;
#3888 = ADVANCED_FACE ( 'NONE', ( #6093 ), #2034, .F. ) ;
#3889 = VERTEX_POINT ( 'NONE', #4607 ) ;
#3890 = ORIENTED_EDGE ( 'NONE', *, *, #1803, .F. ) ;
#3891 = DIRECTION ( 'NONE',  ( -1.000000000000000000, 2.040851148208008245E-16, 0.000000000000000000 ) ) ;
#3892 = ORIENTED_EDGE ( 'NONE', *, *, #7991, .T. ) ;
#3893 = DIRECTION ( 'NONE',  ( 0.000000000000000000, 1.000000000000000000, 0.000000000000000000 ) ) ;
#3894 = ORIENTED_EDGE ( 'NONE', *, *, #6106, .T. ) ;
#3895 = CARTESIAN_POINT ( 'NONE',  ( 59.50000000000001421, 0.000000000000000000, -17.49999999999999645 ) ) ;
#3896 = CARTESIAN_POINT ( 'NONE',  ( 28.99999999999999645, 12.25881904511126486, -41.45552419183535164 ) ) ;
#3897 = AXIS2_PLACEMENT_3D ( 'NONE', #6563, #4367, #264 ) ;
#3898 = CARTESIAN_POINT ( 'NONE',  ( 13.49999999999976907, 11.00000000000000000, -5.000000000000007994 ) ) ;
#3899 = ORIENTED_EDGE ( 'NONE', *, *, #6872, .F. ) ;
#3900 = VERTEX_POINT ( 'NONE', #2615 ) ;
#3901 = EDGE_LOOP ( 'NONE', ( #247, #8905, #4249, #2309, #4434, #7568 ) ) ;
#3902 = EDGE_CURVE ( 'NONE', #7304, #4135, #5333, .T. ) ;
#3903 = ORIENTED_EDGE ( 'NONE', *, *, #1304, .F. ) ;
#3904 = DIRECTION ( 'NONE',  ( 0.000000000000000000, 1.000000000000000000, 0.000000000000000000 ) ) ;
#3905 = VECTOR ( 'NONE', #6334, 1000.000000000000000 ) ;
#3906 = EDGE_LOOP ( 'NONE', ( #3211, #520, #2154, #8033, #4489, #434 ) ) ;
#3907 = FACE_BOUND ( 'NONE', #1512, .T. ) ;
#3908 = ORIENTED_EDGE ( 'NONE', *, *, #6702, .T. ) ;
#3909 = CARTESIAN_POINT ( 'NONE',  ( 49.49999999999957367, 11.00000000000000000, 24.99999999999998579 ) ) ;
#3910 = DIRECTION ( 'NONE',  ( 0.000000000000000000, 0.000000000000000000, 1.000000000000000000 ) ) ;
#3911 = LINE ( 'NONE', #3185, #7598 ) ;
#3912 = VECTOR ( 'NONE', #3873, 1000.000000000000000 ) ;
#3913 = CARTESIAN_POINT ( 'NONE',  ( -13.49999999999976907, 13.00000000000000000, -5.000000000000007994 ) ) ;
#3914 = CARTESIAN_POINT ( 'NONE',  ( -28.99999999999999645, 2.249999999999990674, -35.50096189432333915 ) ) ;
#3915 = CARTESIAN_POINT ( 'NONE',  ( -28.99999999999999645, 11.50000000000000000, -41.65412303015307316 ) ) ;
#3916 = EDGE_CURVE ( 'NONE', #2806, #3731, #3394, .T. ) ;
#3917 = EDGE_CURVE ( 'NONE', #6109, #1149, #5860, .T. ) ;
#3918 = DIRECTION ( 'NONE',  ( 0.000000000000000000, 1.000000000000000000, 0.000000000000000000 ) ) ;
#3919 = LINE ( 'NONE', #1171, #609 ) ;
#3920 = CARTESIAN_POINT ( 'NONE',  ( -47.49999999999999289, 13.00000000000000000, -25.00000000000000711 ) ) ;
#3921 = CARTESIAN_POINT ( 'NONE',  ( -12.50000000000023270, 11.00000000000000000, -5.000000000000007994 ) ) ;
#3922 = CARTESIAN_POINT ( 'NONE',  ( 15.00000000000000000, 3.000000000000000888, -36.99999999999999289 ) ) ;
#3923 = VERTEX_POINT ( 'NONE', #505 ) ;
#3924 = CARTESIAN_POINT ( 'NONE',  ( 30.00000000000000000, 3.000000000000000000, -25.99999999999998934 ) ) ;
#3925 = EDGE_CURVE ( 'NONE', #7465, #723, #3249, .T. ) ;
#3926 = CIRCLE ( 'NONE', #5510, 1.999999999999994893 ) ;
#3927 = CARTESIAN_POINT ( 'NONE',  ( -22.50000000000003553, 13.00000000000000000, -25.00000000000000711 ) ) ;
#3928 = FACE_OUTER_BOUND ( 'NONE', #5572, .T. ) ;
#3929 = CARTESIAN_POINT ( 'NONE',  ( -40.00000000000006395, 3.000000000000255795, -34.99999999999999289 ) ) ;
#3930 = EDGE_CURVE ( 'NONE', #7841, #8903, #6765, .T. ) ;
#3931 = DIRECTION ( 'NONE',  ( 0.000000000000000000, -1.000000000000000000, 0.000000000000000000 ) ) ;
#3932 = VECTOR ( 'NONE', #7721, 1000.000000000000114 ) ;
#3933 = ORIENTED_EDGE ( 'NONE', *, *, #3639, .F. ) ;
#3934 = ORIENTED_EDGE ( 'NONE', *, *, #6527, .T. ) ;
#3935 = CARTESIAN_POINT ( 'NONE',  ( -19.50000000000000355, 13.00000000000000000, -44.85412303015306179 ) ) ;
#3936 = ORIENTED_EDGE ( 'NONE', *, *, #3305, .F. ) ;
#3937 = EDGE_CURVE ( 'NONE', #3923, #4822, #97, .T. ) ;
#3938 = CARTESIAN_POINT ( 'NONE',  ( -35.49999999999956657, 13.00000000000000000, 24.99999999999998934 ) ) ;
#3939 = ORIENTED_EDGE ( 'NONE', *, *, #1002, .T. ) ;
#3940 = CARTESIAN_POINT ( 'NONE',  ( -24.50000000000044409, 13.00000000000000000, 14.99999999999999289 ) ) ;
#3941 = AXIS2_PLACEMENT_3D ( 'NONE', #272, #5769, #2333 ) ;
#3942 = CARTESIAN_POINT ( 'NONE',  ( -16.00000000000000000, 1.650000000000064082, -35.84737205583736142 ) ) ;
#3943 = DIRECTION ( 'NONE',  ( -0.000000000000000000, -1.000000000000000000, -0.000000000000000000 ) ) ;
#3944 = EDGE_LOOP ( 'NONE', ( #8891, #5731, #2857, #1421 ) ) ;
#3945 = ORIENTED_EDGE ( 'NONE', *, *, #332, .F. ) ;
#3946 = ORIENTED_EDGE ( 'NONE', *, *, #743, .F. ) ;
#3947 = CARTESIAN_POINT ( 'NONE',  ( 34.50000000000002842, 11.00000000000000000, -25.00000000000000711 ) ) ;
#3948 = ORIENTED_EDGE ( 'NONE', *, *, #6898, .T. ) ;
#3949 = ORIENTED_EDGE ( 'NONE', *, *, #8637, .T. ) ;
#3950 = ORIENTED_EDGE ( 'NONE', *, *, #5936, .F. ) ;
#3951 = DIRECTION ( 'NONE',  ( 0.000000000000000000, 0.000000000000000000, 1.000000000000000000 ) ) ;
#3952 = VECTOR ( 'NONE', #5214, 1000.000000000000000 ) ;
#3953 = EDGE_CURVE ( 'NONE', #3490, #8486, #4694, .T. ) ;
#3954 = CARTESIAN_POINT ( 'NONE',  ( -25.49999999999998224, 11.00000000000000000, -25.00000000000000711 ) ) ;
#3955 = FACE_OUTER_BOUND ( 'NONE', #6500, .T. ) ;
#3956 = DIRECTION ( 'NONE',  ( 0.000000000000000000, 0.000000000000000000, 1.000000000000000000 ) ) ;
#3957 = DIRECTION ( 'NONE',  ( -1.000000000000000000, 0.000000000000000000, 0.000000000000000000 ) ) ;
#3958 = AXIS2_PLACEMENT_3D ( 'NONE', #747, #2802, #2179 ) ;
#3959 = CARTESIAN_POINT ( 'NONE',  ( 25.49999999999956302, 11.00000000000000000, 14.99999999999999289 ) ) ;
#3960 = DIRECTION ( 'NONE',  ( 0.000000000000000000, 0.000000000000000000, 1.000000000000000000 ) ) ;
#3961 = CARTESIAN_POINT ( 'NONE',  ( -0.5000000000002364775, 13.00000000000000000, 4.999999999999990230 ) ) ;
#3962 = DIRECTION ( 'NONE',  ( 0.000000000000000000, 0.000000000000000000, 1.000000000000000000 ) ) ;
#3963 = DIRECTION ( 'NONE',  ( 1.000000000000000000, -0.000000000000000000, -0.000000000000000000 ) ) ;
#3964 = VECTOR ( 'NONE', #4327, 1000.000000000000000 ) ;
#3965 = CYLINDRICAL_SURFACE ( 'NONE', #103, 1.999999999999994893 ) ;
#3966 = ORIENTED_EDGE ( 'NONE', *, *, #435, .F. ) ;
#3967 = DIRECTION ( 'NONE',  ( -1.000000000000000000, 0.000000000000000000, 0.000000000000000000 ) ) ;
#3968 = ADVANCED_FACE ( 'NONE', ( #6810 ), #641, .F. ) ;
#3969 = DIRECTION ( 'NONE',  ( -0.000000000000000000, -1.000000000000000000, -0.000000000000000000 ) ) ;
#3970 = CYLINDRICAL_SURFACE ( 'NONE', #709, 1.999999999999994893 ) ;
#3971 = DIRECTION ( 'NONE',  ( 0.000000000000000000, 0.000000000000000000, 1.000000000000000000 ) ) ;
#3972 = DIRECTION ( 'NONE',  ( 0.000000000000000000, 1.000000000000000000, 0.000000000000000000 ) ) ;
#3973 = CIRCLE ( 'NONE', #6854, 1.999999999999994893 ) ;
#3974 = ORIENTED_EDGE ( 'NONE', *, *, #7328, .T. ) ;
#3975 = LINE ( 'NONE', #4649, #4699 ) ;
#3976 = VECTOR ( 'NONE', #8125, 1000.000000000000000 ) ;
#3977 = EDGE_CURVE ( 'NONE', #2845, #3582, #1392, .T. ) ;
#3978 = ORIENTED_EDGE ( 'NONE', *, *, #1387, .F. ) ;
#3979 = VECTOR ( 'NONE', #2035, 1000.000000000000000 ) ;
#3980 = ORIENTED_EDGE ( 'NONE', *, *, #3013, .T. ) ;
#3981 = VECTOR ( 'NONE', #6623, 1000.000000000000000 ) ;
#3982 = CYLINDRICAL_SURFACE ( 'NONE', #8528, 1.999999999999994893 ) ;
#3983 = ORIENTED_EDGE ( 'NONE', *, *, #1357, .T. ) ;
#3984 = PLANE ( 'NONE',  #8364 ) ;
#3985 = ORIENTED_EDGE ( 'NONE', *, *, #3367, .T. ) ;
#3986 = DIRECTION ( 'NONE',  ( 0.000000000000000000, 0.000000000000000000, 1.000000000000000000 ) ) ;
#3987 = VECTOR ( 'NONE', #2331, 1000.000000000000000 ) ;
#3988 = PLANE ( 'NONE',  #6580 ) ;
#3989 = CARTESIAN_POINT ( 'NONE',  ( 47.49999999999958078, 13.00000000000000000, 14.99999999999999289 ) ) ;
#3990 = VERTEX_POINT ( 'NONE', #5467 ) ;
#3991 = VERTEX_POINT ( 'NONE', #4693 ) ;
#3992 = VECTOR ( 'NONE', #5947, 1000.000000000000000 ) ;
#3993 = ORIENTED_EDGE ( 'NONE', *, *, #3416, .F. ) ;
#3994 = ORIENTED_EDGE ( 'NONE', *, *, #5678, .F. ) ;
#3995 = EDGE_CURVE ( 'NONE', #6581, #8051, #4786, .T. ) ;
#3996 = VECTOR ( 'NONE', #856, 1000.000000000000000 ) ;
#3997 = ORIENTED_EDGE ( 'NONE', *, *, #4514, .F. ) ;
#3998 = ORIENTED_EDGE ( 'NONE', *, *, #6080, .T. ) ;
#3999 = ORIENTED_EDGE ( 'NONE', *, *, #7307, .F. ) ;
#4000 = DIRECTION ( 'NONE',  ( 0.000000000000000000, 0.000000000000000000, 1.000000000000000000 ) ) ;
#4001 = LINE ( 'NONE', #8137, #1508 ) ;
#4002 = VECTOR ( 'NONE', #7081, 1000.000000000000000 ) ;
#4003 = CARTESIAN_POINT ( 'NONE',  ( 28.99999999999999645, 6.365989211298694883, -41.42945946735996898 ) ) ;
#4004 = EDGE_CURVE ( 'NONE', #8714, #5696, #8433, .T. ) ;
#4005 = CARTESIAN_POINT ( 'NONE',  ( 35.49999999999998579, 13.00000000000000000, -15.00000000000001066 ) ) ;
#4006 = CIRCLE ( 'NONE', #2274, 1.999999999999994893 ) ;
#4007 = CARTESIAN_POINT ( 'NONE',  ( 16.00000000000000000, 2.306884851666834546, -38.78891613079692746 ) ) ;
#4008 = ADVANCED_FACE ( 'NONE', ( #2883 ), #5643, .F. ) ;
#4009 = DIRECTION ( 'NONE',  ( 0.000000000000000000, 1.000000000000000000, 0.000000000000000000 ) ) ;
#4010 = LINE ( 'NONE', #4633, #7326 ) ;
#4011 = DIRECTION ( 'NONE',  ( 0.000000000000000000, 0.000000000000000000, 1.000000000000000000 ) ) ;
#4012 = VECTOR ( 'NONE', #8199, 1000.000000000000000 ) ;
#4013 = CARTESIAN_POINT ( 'NONE',  ( -10.00000000000000000, 1.000000000000000000, 47.00000000000001421 ) ) ;
#4014 = CARTESIAN_POINT ( 'NONE',  ( 48.00000000000001421, 12.00000000000000000, -13.06350832689631325 ) ) ;
#4015 = EDGE_CURVE ( 'NONE', #3175, #4153, #6703, .T. ) ;
#4016 = CARTESIAN_POINT ( 'NONE',  ( 12.00000000000000355, 11.00000000000000000, -26.93649167310370629 ) ) ;
#4017 = VERTEX_POINT ( 'NONE', #4925 ) ;
#4018 = CYLINDRICAL_SURFACE ( 'NONE', #5143, 1.000000000000000888 ) ;
#4019 = AXIS2_PLACEMENT_3D ( 'NONE', #8586, #2415, #5180 ) ;
#4020 = VERTEX_POINT ( 'NONE', #7634 ) ;
#4021 = ADVANCED_FACE ( 'NONE', ( #818 ), #148, .F. ) ;
#4022 = CYLINDRICAL_SURFACE ( 'NONE', #4438, 1.999999999999994893 ) ;
#4023 = VECTOR ( 'NONE', #1612, 1000.000000000000000 ) ;
#4024 = CARTESIAN_POINT ( 'NONE',  ( 12.00000000000000355, 11.00000000000000000, -6.936491673103652111 ) ) ;
#4025 = CARTESIAN_POINT ( 'NONE',  ( -27.99999999999999645, 12.99999999999999822, -45.65412303015307316 ) ) ;
#4026 = DIRECTION ( 'NONE',  ( 0.000000000000000000, 0.000000000000000000, 1.000000000000000000 ) ) ;
#4027 = ORIENTED_EDGE ( 'NONE', *, *, #6833, .F. ) ;
#4028 = LINE ( 'NONE', #4745, #4127 ) ;
#4029 = EDGE_LOOP ( 'NONE', ( #2718, #2608, #8746, #6943 ) ) ;
#4030 = EDGE_CURVE ( 'NONE', #2141, #617, #2838, .T. ) ;
#4031 = DIRECTION ( 'NONE',  ( -0.000000000000000000, -1.000000000000000000, -0.000000000000000000 ) ) ;
#4032 = ORIENTED_EDGE ( 'NONE', *, *, #6670, .T. ) ;
#4033 = ADVANCED_FACE ( 'NONE', ( #3434 ), #6942, .F. ) ;
#4034 = EDGE_CURVE ( 'NONE', #576, #5388, #6185, .T. ) ;
#4035 = LINE ( 'NONE', #1281, #2753 ) ;
#4036 = ORIENTED_EDGE ( 'NONE', *, *, #2253, .F. ) ;
#4037 = CARTESIAN_POINT ( 'NONE',  ( -49.49999999999998579, 13.00000000000000000, -25.00000000000000711 ) ) ;
#4038 = CARTESIAN_POINT ( 'NONE',  ( 25.49999999999998224, 11.00000000000000000, -25.00000000000000711 ) ) ;
#4039 = CARTESIAN_POINT ( 'NONE',  ( -48.00000000000001421, 13.00000000000000000, 13.06350832689640207 ) ) ;
#4040 = ORIENTED_EDGE ( 'NONE', *, *, #3191, .T. ) ;
#4041 = ORIENTED_EDGE ( 'NONE', *, *, #76, .T. ) ;
#4042 = ORIENTED_EDGE ( 'NONE', *, *, #3328, .T. ) ;
#4043 = CIRCLE ( 'NONE', #876, 17.49999999999999645 ) ;
#4044 = ORIENTED_EDGE ( 'NONE', *, *, #1400, .T. ) ;
#4045 = EDGE_LOOP ( 'NONE', ( #4401, #6910, #8306, #2455 ) ) ;
#4046 = DIRECTION ( 'NONE',  ( 0.000000000000000000, 1.000000000000000000, 0.000000000000000000 ) ) ;
#4047 = LINE ( 'NONE', #2011, #5251 ) ;
#4048 = EDGE_CURVE ( 'NONE', #5775, #88, #1363, .T. ) ;
#4049 = CARTESIAN_POINT ( 'NONE',  ( 28.99999999999999645, 13.00000000000000000, -42.42145001812207994 ) ) ;
#4050 = DIRECTION ( 'NONE',  ( 0.000000000000000000, 1.000000000000000000, 0.000000000000000000 ) ) ;
#4051 = DIRECTION ( 'NONE',  ( 0.000000000000000000, 1.000000000000000000, 0.000000000000000000 ) ) ;
#4052 = AXIS2_PLACEMENT_3D ( 'NONE', #2501, #1921, #619 ) ;
#4053 = CARTESIAN_POINT ( 'NONE',  ( -28.99999999999999645, 1.727346460968268271, -38.27258732891774429 ) ) ;
#4054 = CARTESIAN_POINT ( 'NONE',  ( -28.99999999999999645, -11.41562369461536441, -45.65412303015307316 ) ) ;
#4055 = ORIENTED_EDGE ( 'NONE', *, *, #1002, .F. ) ;
#4056 = LINE ( 'NONE', #451, #1308 ) ;
#4057 = CARTESIAN_POINT ( 'NONE',  ( -40.00000000000001421, 11.00000000000000000, 35.00000000000000000 ) ) ;
#4058 = CARTESIAN_POINT ( 'NONE',  ( -47.49999999999977973, 11.00000000000000000, 4.999999999999990230 ) ) ;
#4059 = EDGE_CURVE ( 'NONE', #7562, #5544, #5553, .T. ) ;
#4060 = CARTESIAN_POINT ( 'NONE',  ( -47.49999999999977973, 11.00000000000000000, 4.999999999999990230 ) ) ;
#4061 = ORIENTED_EDGE ( 'NONE', *, *, #4964, .T. ) ;
#4062 = DIRECTION ( 'NONE',  ( 0.000000000000000000, 0.000000000000000000, 1.000000000000000000 ) ) ;
#4063 = ORIENTED_EDGE ( 'NONE', *, *, #2922, .T. ) ;
#4064 = VECTOR ( 'NONE', #7595, 1000.000000000000000 ) ;
#4065 = DIRECTION ( 'NONE',  ( -0.000000000000000000, -1.000000000000000000, -0.000000000000000000 ) ) ;
#4066 = CARTESIAN_POINT ( 'NONE',  ( 36.00000000000000711, 11.00000000000000000, -6.936491673103652111 ) ) ;
#4067 = CARTESIAN_POINT ( 'NONE',  ( 28.99999999999999645, 3.000000000000000000, -35.50096189432333915 ) ) ;
#4068 = DIRECTION ( 'NONE',  ( 0.000000000000000000, 0.000000000000000000, 1.000000000000000000 ) ) ;
#4069 = EDGE_CURVE ( 'NONE', #8567, #1652, #4967, .T. ) ;
#4070 = ORIENTED_EDGE ( 'NONE', *, *, #3479, .T. ) ;
#4071 = DIRECTION ( 'NONE',  ( 0.000000000000000000, 1.000000000000000000, 0.000000000000000000 ) ) ;
#4072 = ORIENTED_EDGE ( 'NONE', *, *, #8377, .T. ) ;
#4073 = AXIS2_PLACEMENT_3D ( 'NONE', #2876, #8375, #811 ) ;
#4074 = DIRECTION ( 'NONE',  ( 0.000000000000000000, 0.000000000000000000, 1.000000000000000000 ) ) ;
#4075 = VERTEX_POINT ( 'NONE', #7715 ) ;
#4076 = CYLINDRICAL_SURFACE ( 'NONE', #7476, 19.49999999999999645 ) ;
#4077 = CARTESIAN_POINT ( 'NONE',  ( -25.50000000000000355, 13.00000000000000000, -44.85412303015305469 ) ) ;
#4078 = ORIENTED_EDGE ( 'NONE', *, *, #378, .F. ) ;
#4079 = CARTESIAN_POINT ( 'NONE',  ( -36.50000000000044764, 11.00000000000000000, 24.99999999999998934 ) ) ;
#4080 = CARTESIAN_POINT ( 'NONE',  ( -16.00000000000000000, 1.724999999999911049, -35.80407078564792300 ) ) ;
#4081 = FACE_OUTER_BOUND ( 'NONE', #4029, .T. ) ;
#4082 = CIRCLE ( 'NONE', #2060, 1.999999999999994893 ) ;
#4083 = ORIENTED_EDGE ( 'NONE', *, *, #4502, .T. ) ;
#4084 = ORIENTED_EDGE ( 'NONE', *, *, #6001, .T. ) ;
#4085 = EDGE_CURVE ( 'NONE', #7171, #2801, #960, .T. ) ;
#4086 = ORIENTED_EDGE ( 'NONE', *, *, #3381, .F. ) ;
#4087 = ORIENTED_EDGE ( 'NONE', *, *, #449, .T. ) ;
#4088 = ORIENTED_EDGE ( 'NONE', *, *, #5901, .F. ) ;
#4089 = LINE ( 'NONE', #6161, #3905 ) ;
#4090 = LINE ( 'NONE', #665, #4243 ) ;
#4091 = CARTESIAN_POINT ( 'NONE',  ( -10.00000000000000000, 8.500000000000000000, -37.00000000000000711 ) ) ;
#4092 = LINE ( 'NONE', #1388, #8800 ) ;
#4093 = ORIENTED_EDGE ( 'NONE', *, *, #8048, .F. ) ;
#4094 = EDGE_CURVE ( 'NONE', #1112, #4314, #5998, .T. ) ;
#4095 = CARTESIAN_POINT ( 'NONE',  ( -28.99999999999999645, 11.21549079399596849, -41.17596522948724669 ) ) ;
#4096 = EDGE_CURVE ( 'NONE', #5959, #7419, #188, .T. ) ;
#4097 = CIRCLE ( 'NONE', #1362, 1.999999999999994893 ) ;
#4098 = LINE ( 'NONE', #5403, #5319 ) ;
#4099 = ORIENTED_EDGE ( 'NONE', *, *, #6761, .F. ) ;
#4100 = CARTESIAN_POINT ( 'NONE',  ( -57.50000000000002132, 11.00000000000000000, -17.50000000000000355 ) ) ;
#4101 = DIRECTION ( 'NONE',  ( 0.000000000000000000, 0.9659258262890676461, -0.2588190451025227379 ) ) ;
#4102 = CARTESIAN_POINT ( 'NONE',  ( 22.50000000000003908, 13.00000000000000000, -15.00000000000001066 ) ) ;
#4103 = LINE ( 'NONE', #141, #115 ) ;
#4104 = ORIENTED_EDGE ( 'NONE', *, *, #3825, .F. ) ;
#4105 = CARTESIAN_POINT ( 'NONE',  ( -16.00000000000000000, 2.146114591076196287, -38.73097420639653166 ) ) ;
#4106 = VECTOR ( 'NONE', #7654, 1000.000000000000000 ) ;
#4107 = CARTESIAN_POINT ( 'NONE',  ( 30.00000000000000711, 13.00000000000000000, -34.99999999999999289 ) ) ;
#4108 = EDGE_CURVE ( 'NONE', #4351, #5963, #8424, .T. ) ;
#4109 = CARTESIAN_POINT ( 'NONE',  ( -0.5000000000004377609, 11.00000000000000000, 14.99999999999999289 ) ) ;
#4110 = VECTOR ( 'NONE', #2995, 1000.000000000000000 ) ;
#4111 = DIRECTION ( 'NONE',  ( -0.000000000000000000, -1.000000000000000000, -0.000000000000000000 ) ) ;
#4112 = DIRECTION ( 'NONE',  ( 0.000000000000000000, 0.000000000000000000, 1.000000000000000000 ) ) ;
#4113 = DIRECTION ( 'NONE',  ( 0.000000000000000000, 1.000000000000000000, 0.000000000000000000 ) ) ;
#4114 = ORIENTED_EDGE ( 'NONE', *, *, #5973, .T. ) ;
#4115 = LINE ( 'NONE', #8798, #7141 ) ;
#4116 = EDGE_CURVE ( 'NONE', #4178, #3850, #3973, .T. ) ;
#4117 = ORIENTED_EDGE ( 'NONE', *, *, #3350, .T. ) ;
#4118 = CARTESIAN_POINT ( 'NONE',  ( 1.499999999999557243, 11.00000000000000000, 14.99999999999999289 ) ) ;
#4119 = VERTEX_POINT ( 'NONE', #6902 ) ;
#4120 = DIRECTION ( 'NONE',  ( 0.000000000000000000, 1.000000000000000000, 0.000000000000000000 ) ) ;
#4121 = VECTOR ( 'NONE', #3719, 1000.000000000000000 ) ;
#4122 = DIRECTION ( 'NONE',  ( 0.000000000000000000, 0.000000000000000000, 1.000000000000000000 ) ) ;
#4123 = VERTEX_POINT ( 'NONE', #736 ) ;
#4124 = DIRECTION ( 'NONE',  ( 0.000000000000000000, 0.000000000000000000, 1.000000000000000000 ) ) ;
#4125 = CARTESIAN_POINT ( 'NONE',  ( -16.00000000000000000, 1.796300844861481449, -40.20286430387066190 ) ) ;
#4126 = CARTESIAN_POINT ( 'NONE',  ( 12.00000000000000355, 11.00000000000000000, 26.93649167310357839 ) ) ;
#4127 = VECTOR ( 'NONE', #5468, 1000.000000000000000 ) ;
#4128 = ORIENTED_EDGE ( 'NONE', *, *, #5689, .F. ) ;
#4129 = EDGE_LOOP ( 'NONE', ( #3081, #7485, #6648, #8572 ) ) ;
#4130 = B_SPLINE_SURFACE_WITH_KNOTS ( 'NONE', 1, 3, ( 
 ( #1193, #2582, #2668, #4080, #3942, #6684, #570, #8085, #7548, #6821, #8899, #1910, #3311, #2003, #6062, #8809, #653, #7459, #5385, #8124, #1953, #1284, #5478, #2720, #6776, #611, #8711, #8213, #4798, #4125, #6868, #705, #5967, #6954, #6995, #3445, #1550, #7041, #7686, #3616, #7728, #4307, #748, #2089, #3530, #8351, #6365, #1505, #874, #4174 ),
 ( #2180, #158, #831, #2760, #2142, #4937, #8436, #198, #4215, #3575, #1424, #2933, #4257, #6196, #5653, #785, #8391, #5693, #2267, #5027, #6328, #6280, #7771, #6912, #1590, #4347, #7084, #4898, #27, #2219, #5519, #4979, #116, #6237, #8257, #2892, #4844, #7599, #3488, #70, #2852, #2803, #1464, #5566, #8309, #7645, #5612, #7265, #7129, #1680 ) ),
 .UNSPECIFIED., .F., .F., .F.,
 ( 2, 2 ),
 ( 4, 2, 2, 2, 2, 2, 2, 2, 2, 2, 2, 2, 2, 2, 2, 2, 2, 2, 2, 2, 2, 2, 2, 2, 4 ),
 ( 0.000000000000000000, 1.000000000000000000 ),
 ( 0.000000000000000000, 0.03709167465629092941, 0.05563751198443639412, 0.06491043064850912647, 0.06954688998054549265, 0.07418334931258185883, 0.07838815280695451970, 0.08259295630132718058, 0.09100256329007250233, 0.1078217772675631320, 0.1414602052225444051, 0.1750986331775256644, 0.1919178471550163079, 0.2003274541437616296, 0.2045322576381342905, 0.2087370611325069514, 0.2118279319874580846, 0.2149188028424092456, 0.2211005445523115398, 0.2334640279721161005, 0.2581909948117252496, 0.3076449284909436033, 0.4065527958493801997, 0.6043685305662535034, 1.000000000000000000 ),
 .UNSPECIFIED. ) ;
#4132 = EDGE_CURVE ( 'NONE', #5543, #184, #7288, .T. ) ;
#4131 = AXIS2_PLACEMENT_3D ( 'NONE', #4259, #29, #2762 ) ;
#4133 = ORIENTED_EDGE ( 'NONE', *, *, #6181, .F. ) ;
#4134 = AXIS2_PLACEMENT_3D ( 'NONE', #8415, #6177, #3424 ) ;
#4135 = VERTEX_POINT ( 'NONE', #2792 ) ;
#4136 = ORIENTED_EDGE ( 'NONE', *, *, #5936, .T. ) ;
#4137 = CARTESIAN_POINT ( 'NONE',  ( 24.50000000000002842, 13.00000000000000000, -25.00000000000000711 ) ) ;
#4138 = DIRECTION ( 'NONE',  ( 0.000000000000000000, 0.000000000000000000, 1.000000000000000000 ) ) ;
#4139 = DIRECTION ( 'NONE',  ( -1.000000000000000000, 0.000000000000000000, -3.965082230804130713E-16 ) ) ;
#4140 = LINE ( 'NONE', #7612, #6353 ) ;
#4141 = AXIS2_PLACEMENT_3D ( 'NONE', #4358, #5079, #7821 ) ;
#4142 = ORIENTED_EDGE ( 'NONE', *, *, #854, .F. ) ;
#4143 = CARTESIAN_POINT ( 'NONE',  ( -16.00000000000000000, 2.146114591076196287, -38.73097420639653166 ) ) ;
#4144 = ADVANCED_FACE ( 'NONE', ( #8292 ), #5859, .F. ) ;
#4145 = VECTOR ( 'NONE', #3342, 1000.000000000000000 ) ;
#4146 = DIRECTION ( 'NONE',  ( 0.000000000000000000, 1.000000000000000000, 0.000000000000000000 ) ) ;
#4147 = ORIENTED_EDGE ( 'NONE', *, *, #3478, .F. ) ;
#4148 = DIRECTION ( 'NONE',  ( -1.000000000000000000, -2.040851148208008491E-16, 0.000000000000000000 ) ) ;
#4149 = ADVANCED_FACE ( 'NONE', ( #2970 ), #7930, .F. ) ;
#4150 = ADVANCED_FACE ( 'NONE', ( #999 ), #2338, .F. ) ;
#4151 = DIRECTION ( 'NONE',  ( 0.000000000000000000, 0.000000000000000000, 1.000000000000000000 ) ) ;
#4152 = LINE ( 'NONE', #4958, #8888 ) ;
#4153 = VERTEX_POINT ( 'NONE', #5732 ) ;
#4154 = VERTEX_POINT ( 'NONE', #907 ) ;
#4155 = DIRECTION ( 'NONE',  ( 0.000000000000000000, 0.000000000000000000, 1.000000000000000000 ) ) ;
#4156 = CARTESIAN_POINT ( 'NONE',  ( -13.49999999999997691, 11.00000000000000000, -25.00000000000000711 ) ) ;
#4157 = VECTOR ( 'NONE', #1181, 1000.000000000000000 ) ;
#4158 = CARTESIAN_POINT ( 'NONE',  ( -24.00000000000000711, 12.00000000000000000, 13.06350832689640207 ) ) ;
#4159 = CIRCLE ( 'NONE', #5447, 1.999999999999994893 ) ;
#4160 = CARTESIAN_POINT ( 'NONE',  ( 48.00000000000001421, 13.00000000000000000, 26.93649167310357839 ) ) ;
#4161 = CARTESIAN_POINT ( 'NONE',  ( 0.5000000000002294831, 11.00000000000000000, -5.000000000000007994 ) ) ;
#4162 = DIRECTION ( 'NONE',  ( 0.000000000000000000, 1.000000000000000000, 0.000000000000000000 ) ) ;
#4163 = VECTOR ( 'NONE', #6852, 1000.000000000000000 ) ;
#4164 = DIRECTION ( 'NONE',  ( 0.000000000000000000, 0.000000000000000000, 1.000000000000000000 ) ) ;
#4165 = LINE ( 'NONE', #5645, #6998 ) ;
#4166 = ORIENTED_EDGE ( 'NONE', *, *, #5882, .T. ) ;
#4167 = VECTOR ( 'NONE', #4365, 1000.000000000000000 ) ;
#4168 = FACE_OUTER_BOUND ( 'NONE', #5294, .T. ) ;
#4169 = EDGE_LOOP ( 'NONE', ( #1085, #3934, #754, #466 ) ) ;
#4170 = DIRECTION ( 'NONE',  ( 1.000000000000000000, -2.040851148208008491E-16, 0.000000000000000000 ) ) ;
#4171 = DIRECTION ( 'NONE',  ( 0.000000000000000000, 0.000000000000000000, 1.000000000000000000 ) ) ;
#4172 = EDGE_LOOP ( 'NONE', ( #8128, #5072, #3276, #3418, #4772, #4718 ) ) ;
#4173 = CARTESIAN_POINT ( 'NONE',  ( -34.50000000000002842, 13.00000000000000000, -25.00000000000000711 ) ) ;
#4174 = CARTESIAN_POINT ( 'NONE',  ( -16.00000000000000000, 12.61177143234621489, -43.10301176958668634 ) ) ;
#4175 = CARTESIAN_POINT ( 'NONE',  ( -13.49999999999997691, 11.00000000000000000, -25.00000000000000711 ) ) ;
#4176 = EDGE_CURVE ( 'NONE', #7978, #1635, #813, .T. ) ;
#4177 = ORIENTED_EDGE ( 'NONE', *, *, #287, .F. ) ;
#4178 = VERTEX_POINT ( 'NONE', #2432 ) ;
#4179 = ORIENTED_EDGE ( 'NONE', *, *, #1335, .F. ) ;
#4180 = VERTEX_POINT ( 'NONE', #3152 ) ;
#4181 = CARTESIAN_POINT ( 'NONE',  ( 35.49999999999999289, 11.00000000000000000, -25.00000000000000711 ) ) ;
#4182 = LINE ( 'NONE', #2813, #927 ) ;
#4183 = LINE ( 'NONE', #3497, #6583 ) ;
#4184 = EDGE_CURVE ( 'NONE', #201, #920, #7430, .T. ) ;
#4185 = CARTESIAN_POINT ( 'NONE',  ( 1.499999999999758415, 13.00000000000000000, 4.999999999999990230 ) ) ;
#4186 = ORIENTED_EDGE ( 'NONE', *, *, #5766, .T. ) ;
#4187 = CARTESIAN_POINT ( 'NONE',  ( -16.00000000000000000, 2.320827720261947391, -38.79264744196438386 ) ) ;
#4188 = DIRECTION ( 'NONE',  ( 0.000000000000000000, 1.000000000000000000, 0.000000000000000000 ) ) ;
#4189 = VERTEX_POINT ( 'NONE', #7170 ) ;
#4190 = LINE ( 'NONE', #7663, #2025 ) ;
#4191 = CARTESIAN_POINT ( 'NONE',  ( 48.50000000000004263, 11.00000000000000000, -15.00000000000001066 ) ) ;
#4192 = DIRECTION ( 'NONE',  ( 0.000000000000000000, 0.000000000000000000, 1.000000000000000000 ) ) ;
#4193 = CIRCLE ( 'NONE', #5635, 1.999999999999994893 ) ;
#4194 = ORIENTED_EDGE ( 'NONE', *, *, #7579, .T. ) ;
#4195 = FACE_OUTER_BOUND ( 'NONE', #1232, .T. ) ;
#4196 = DIRECTION ( 'NONE',  ( 0.000000000000000000, 0.000000000000000000, -1.000000000000000000 ) ) ;
#4197 = ORIENTED_EDGE ( 'NONE', *, *, #4972, .F. ) ;
#4198 = ADVANCED_FACE ( 'NONE', ( #8473 ), #8556, .F. ) ;
#4199 = EDGE_CURVE ( 'NONE', #7960, #3378, #2252, .T. ) ;
#4200 = FACE_OUTER_BOUND ( 'NONE', #1747, .T. ) ;
#4201 = PLANE ( 'NONE',  #6887 ) ;
#4202 = DIRECTION ( 'NONE',  ( 0.000000000000000000, 1.000000000000000000, 0.000000000000000000 ) ) ;
#4203 = DIRECTION ( 'NONE',  ( 0.000000000000000000, -0.8660254037844389297, -0.4999999999999993339 ) ) ;
#4204 = EDGE_LOOP ( 'NONE', ( #4887, #111, #4751, #6386 ) ) ;
#4205 = DIRECTION ( 'NONE',  ( 0.000000000000000000, 0.000000000000000000, 1.000000000000000000 ) ) ;
#4206 = EDGE_LOOP ( 'NONE', ( #5305, #3275, #3852, #5459 ) ) ;
#4207 = EDGE_CURVE ( 'NONE', #5125, #8527, #5131, .T. ) ;
#4208 = PLANE ( 'NONE',  #192 ) ;
#4209 = VERTEX_POINT ( 'NONE', #7802 ) ;
#4210 = ADVANCED_FACE ( 'NONE', ( #952 ), #4507, .F. ) ;
#4211 = CARTESIAN_POINT ( 'NONE',  ( -34.50000000000002842, 11.00000000000000000, -25.00000000000000711 ) ) ;
#4212 = DIRECTION ( 'NONE',  ( -0.000000000000000000, -1.000000000000000000, -0.000000000000000000 ) ) ;
#4213 = ORIENTED_EDGE ( 'NONE', *, *, #3638, .F. ) ;
#4214 = LINE ( 'NONE', #652, #5258 ) ;
#4215 = CARTESIAN_POINT ( 'NONE',  ( -28.99999999999999645, 1.425000000000080203, -35.97727586640469610 ) ) ;
#4216 = CARTESIAN_POINT ( 'NONE',  ( 59.50000000000001421, 13.00000000000000000, -17.49999999999999645 ) ) ;
#4217 = ORIENTED_EDGE ( 'NONE', *, *, #637, .T. ) ;
#4218 = VERTEX_POINT ( 'NONE', #7889 ) ;
#4219 = EDGE_CURVE ( 'NONE', #6198, #5166, #3250, .T. ) ;
#4220 = ORIENTED_EDGE ( 'NONE', *, *, #2517, .T. ) ;
#4221 = VECTOR ( 'NONE', #3166, 1000.000000000000000 ) ;
#4222 = ORIENTED_EDGE ( 'NONE', *, *, #4402, .F. ) ;
#4223 = DIRECTION ( 'NONE',  ( 0.000000000000000000, 0.000000000000000000, 1.000000000000000000 ) ) ;
#4224 = DIRECTION ( 'NONE',  ( -0.000000000000000000, -1.000000000000000000, -0.000000000000000000 ) ) ;
#4225 = CARTESIAN_POINT ( 'NONE',  ( 36.00000000000000711, 12.00000000000000000, -6.936491673103653888 ) ) ;
#4226 = CARTESIAN_POINT ( 'NONE',  ( -23.49999999999977263, 11.00000000000000000, 4.999999999999990230 ) ) ;
#4227 = VERTEX_POINT ( 'NONE', #5015 ) ;
#4228 = CARTESIAN_POINT ( 'NONE',  ( -16.00000000000000000, 1.943302870196528698, -37.43656403318110648 ) ) ;
#4229 = EDGE_CURVE ( 'NONE', #7825, #416, #1718, .T. ) ;
#4230 = CYLINDRICAL_SURFACE ( 'NONE', #5885, 1.999999999999994893 ) ;
#4231 = ORIENTED_EDGE ( 'NONE', *, *, #1782, .T. ) ;
#4232 = CARTESIAN_POINT ( 'NONE',  ( -24.00000000000000711, 13.00000000000000000, -13.06350832689631325 ) ) ;
#4233 = LINE ( 'NONE', #2871, #227 ) ;
#4234 = AXIS2_PLACEMENT_3D ( 'NONE', #3086, #7786, #1611 ) ;
#4235 = CARTESIAN_POINT ( 'NONE',  ( 16.00000000000000000, 2.099999999999265565, -35.58756443470079489 ) ) ;
#4236 = ORIENTED_EDGE ( 'NONE', *, *, #7259, .F. ) ;
#4237 = CARTESIAN_POINT ( 'NONE',  ( -16.00000000000000000, 2.111318384946025084, -38.71276857034196439 ) ) ;
#4238 = DIRECTION ( 'NONE',  ( 0.000000000000000000, 0.000000000000000000, 1.000000000000000000 ) ) ;
#4239 = APPLICATION_CONTEXT ( 'configuration controlled 3d designs of mechanical parts and assemblies' ) ;
#4240 = ORIENTED_EDGE ( 'NONE', *, *, #6722, .F. ) ;
#4241 = FACE_OUTER_BOUND ( 'NONE', #6780, .T. ) ;
#4242 = CARTESIAN_POINT ( 'NONE',  ( 36.00000000000000711, 11.00000000000000000, 13.06350832689640207 ) ) ;
#4243 = VECTOR ( 'NONE', #5315, 1000.000000000000000 ) ;
#4244 = CARTESIAN_POINT ( 'NONE',  ( -47.49999999999999289, 11.00000000000000000, -25.00000000000000711 ) ) ;
#4245 = ADVANCED_FACE ( 'NONE', ( #1667 ), #319, .F. ) ;
#4246 = DESIGN_CONTEXT ( 'detailed design', #844, 'design' ) ;
#4247 = ORIENTED_EDGE ( 'NONE', *, *, #8139, .T. ) ;
#4248 = DIRECTION ( 'NONE',  ( -0.000000000000000000, -1.000000000000000000, -0.000000000000000000 ) ) ;
#4249 = ORIENTED_EDGE ( 'NONE', *, *, #349, .T. ) ;
#4250 = AXIS2_PLACEMENT_3D ( 'NONE', #3529, #2667, #8172 ) ;
#4251 = CYLINDRICAL_SURFACE ( 'NONE', #6240, 1.999999999999994893 ) ;
#4252 = ORIENTED_EDGE ( 'NONE', *, *, #6045, .F. ) ;
#4253 = DIRECTION ( 'NONE',  ( -1.000000000000000000, 0.000000000000000000, 0.000000000000000000 ) ) ;
#4254 = PLANE ( 'NONE',  #2185 ) ;
#4255 = DIRECTION ( 'NONE',  ( 1.000000000000000000, 0.000000000000000000, -0.000000000000000000 ) ) ;
#4256 = EDGE_CURVE ( 'NONE', #1156, #4154, #7856, .T. ) ;
#4257 = CARTESIAN_POINT ( 'NONE',  ( -28.99999999999999645, 1.253354137631398579, -36.07877461943759556 ) ) ;
#4258 = EDGE_CURVE ( 'NONE', #4314, #8691, #4424, .T. ) ;
#4259 = CARTESIAN_POINT ( 'NONE',  ( 48.50000000000024158, 11.00000000000000000, -5.000000000000007994 ) ) ;
#4260 = AXIS2_PLACEMENT_3D ( 'NONE', #6216, #766, #6892 ) ;
#4261 = EDGE_LOOP ( 'NONE', ( #7375, #1781, #1774, #5756, #6593, #7888, #4394, #5484, #1613, #2911 ) ) ;
#4262 = EDGE_LOOP ( 'NONE', ( #8324, #8515, #2097, #8562, #72, #2866 ) ) ;
#4263 = VERTEX_POINT ( 'NONE', #7256 ) ;
#4264 = ORIENTED_EDGE ( 'NONE', *, *, #7399, .F. ) ;
#4265 = DIRECTION ( 'NONE',  ( 0.000000000000000000, 1.000000000000000000, 0.000000000000000000 ) ) ;
#4266 = LINE ( 'NONE', #4317, #8587 ) ;
#4267 = DIRECTION ( 'NONE',  ( 0.000000000000000000, 1.000000000000000000, 0.000000000000000000 ) ) ;
#4268 = EDGE_LOOP ( 'NONE', ( #7437, #3491, #8117, #5162 ) ) ;
#4269 = DIRECTION ( 'NONE',  ( 0.000000000000000000, 0.000000000000000000, 1.000000000000000000 ) ) ;
#4270 = VECTOR ( 'NONE', #1216, 1000.000000000000000 ) ;
#4271 = EDGE_CURVE ( 'NONE', #1916, #4020, #1086, .T. ) ;
#4272 = AXIS2_PLACEMENT_3D ( 'NONE', #8625, #884, #2945 ) ;
#4273 = ORIENTED_EDGE ( 'NONE', *, *, #7823, .F. ) ;
#4274 = CARTESIAN_POINT ( 'NONE',  ( -16.00000000000000000, 2.175000000000081091, -37.27631397208135411 ) ) ;
#4275 = AXIS2_PLACEMENT_3D ( 'NONE', #5150, #2973, #5862 ) ;
#4276 = DIRECTION ( 'NONE',  ( 0.000000000000000000, 0.000000000000000000, 1.000000000000000000 ) ) ;
#4277 = CIRCLE ( 'NONE', #2832, 1.999999999999994893 ) ;
#4278 = VERTEX_POINT ( 'NONE', #633 ) ;
#4279 = PRODUCT ( '\X2\5e7271e576d2\X0\', '\X2\5e7271e576d2\X0\', '', ( #2347 ) ) ;
#4280 = DIRECTION ( 'NONE',  ( 1.334402673828313339E-16, -1.000000000000000000, 0.000000000000000000 ) ) ;
#4281 = EDGE_CURVE ( 'NONE', #1069, #3532, #7302, .T. ) ;
#4282 = CARTESIAN_POINT ( 'NONE',  ( -36.00000000000000711, 13.00000000000000000, 13.06350832689640029 ) ) ;
#4283 = VECTOR ( 'NONE', #3142, 1000.000000000000000 ) ;
#4284 = CARTESIAN_POINT ( 'NONE',  ( 16.00000000000000000, 0.9825791946689358403, -36.28035516764424528 ) ) ;
#4285 = EDGE_CURVE ( 'NONE', #659, #742, #374, .T. ) ;
#4286 = DIRECTION ( 'NONE',  ( 0.000000000000000000, 0.000000000000000000, -1.000000000000000000 ) ) ;
#4287 = CARTESIAN_POINT ( 'NONE',  ( 48.00000000000001421, 12.00000000000000000, 13.06350832689640207 ) ) ;
#4288 = VECTOR ( 'NONE', #8490, 1000.000000000000000 ) ;
#4289 = ORIENTED_EDGE ( 'NONE', *, *, #8653, .T. ) ;
#4290 = CIRCLE ( 'NONE', #1549, 3.299999999999999822 ) ;
#4291 = DIRECTION ( 'NONE',  ( -0.000000000000000000, -1.000000000000000000, -0.000000000000000000 ) ) ;
#4292 = EDGE_CURVE ( 'NONE', #5843, #8129, #5417, .T. ) ;
#4293 = CARTESIAN_POINT ( 'NONE',  ( 15.00000000000000000, 0.000000000000000000, -25.99999999999998934 ) ) ;
#4294 = DIRECTION ( 'NONE',  ( 0.000000000000000000, 0.000000000000000000, 1.000000000000000000 ) ) ;
#4295 = ORIENTED_EDGE ( 'NONE', *, *, #8793, .T. ) ;
#4296 = DIRECTION ( 'NONE',  ( 0.000000000000000000, 1.000000000000000000, 0.000000000000000000 ) ) ;
#4297 = AXIS2_PLACEMENT_3D ( 'NONE', #325, #6673, #8749 ) ;
#4298 = EDGE_CURVE ( 'NONE', #6199, #4552, #547, .T. ) ;
#4299 = VECTOR ( 'NONE', #8553, 1000.000000000000000 ) ;
#4300 = LINE ( 'NONE', #5738, #1346 ) ;
#4301 = ORIENTED_EDGE ( 'NONE', *, *, #5901, .T. ) ;
#4302 = AXIS2_PLACEMENT_3D ( 'NONE', #5290, #8112, #8028 ) ;
#4303 = LINE ( 'NONE', #8348, #5018 ) ;
#4304 = CARTESIAN_POINT ( 'NONE',  ( -10.00000000000000000, 2.099999999999999645, 47.00000000000000711 ) ) ;
#4305 = LINE ( 'NONE', #5236, #5969 ) ;
#4306 = AXIS2_PLACEMENT_3D ( 'NONE', #3156, #1722, #1046 ) ;
#4307 = CARTESIAN_POINT ( 'NONE',  ( -16.00000000000000000, 2.796970799271130126, -40.47314386608080383 ) ) ;
#4308 = DATE_AND_TIME ( #7731, #7148 ) ;
#4309 = EDGE_CURVE ( 'NONE', #5071, #4942, #4478, .T. ) ;
#4310 = ORIENTED_EDGE ( 'NONE', *, *, #18, .F. ) ;
#4311 = VECTOR ( 'NONE', #649, 1000.000000000000000 ) ;
#4312 = ORIENTED_EDGE ( 'NONE', *, *, #8234, .F. ) ;
#4313 = ADVANCED_FACE ( 'NONE', ( #8787 ), #4735, .F. ) ;
#4314 = VERTEX_POINT ( 'NONE', #7391 ) ;
#4315 = ORIENTED_EDGE ( 'NONE', *, *, #4256, .F. ) ;
#4316 = LINE ( 'NONE', #6467, #4973 ) ;
#4317 = CARTESIAN_POINT ( 'NONE',  ( 40.00000000000000000, 13.00000000000000000, 35.00000000000000000 ) ) ;
#4318 = CARTESIAN_POINT ( 'NONE',  ( 25.49999999999977263, 11.00000000000000000, 4.999999999999990230 ) ) ;
#4319 = LINE ( 'NONE', #3723, #5436 ) ;
#4320 = VERTEX_POINT ( 'NONE', #5948 ) ;
#4321 = EDGE_LOOP ( 'NONE', ( #7156, #5752, #2310, #6026 ) ) ;
#4322 = CARTESIAN_POINT ( 'NONE',  ( 40.00000000000000000, 0.000000000000000000, 17.50000000000000711 ) ) ;
#4323 = DIRECTION ( 'NONE',  ( 0.000000000000000000, 1.000000000000000000, 0.000000000000000000 ) ) ;
#4324 = ORIENTED_EDGE ( 'NONE', *, *, #6260, .T. ) ;
#4325 = FACE_OUTER_BOUND ( 'NONE', #4129, .T. ) ;
#4326 = EDGE_CURVE ( 'NONE', #1877, #4075, #8690, .T. ) ;
#4327 = DIRECTION ( 'NONE',  ( -1.982541115402065110E-16, 0.000000000000000000, 1.000000000000000000 ) ) ;
#4328 = CARTESIAN_POINT ( 'NONE',  ( 28.99999999999999645, 1.689957556515497838, -40.16580543768807132 ) ) ;
#4329 = LINE ( 'NONE', #5809, #3693 ) ;
#4330 = CARTESIAN_POINT ( 'NONE',  ( 16.00000000000000000, 1.943302870196528698, -37.43656403318110648 ) ) ;
#4331 = CARTESIAN_POINT ( 'NONE',  ( 37.49999999999956657, 11.00000000000000000, 14.99999999999999289 ) ) ;
#4332 = DIRECTION ( 'NONE',  ( 0.000000000000000000, 0.000000000000000000, 1.000000000000000000 ) ) ;
#4333 = EDGE_CURVE ( 'NONE', #6331, #2431, #1241, .T. ) ;
#4334 = CIRCLE ( 'NONE', #446, 1.999999999999994893 ) ;
#4335 = CARTESIAN_POINT ( 'NONE',  ( -10.00000000000000000, 5.900000000000002132, 47.00000000000000711 ) ) ;
#4336 = ORIENTED_EDGE ( 'NONE', *, *, #7716, .T. ) ;
#4337 = DIRECTION ( 'NONE',  ( 0.000000000000000000, 0.000000000000000000, -1.000000000000000000 ) ) ;
#4338 = VERTEX_POINT ( 'NONE', #3880 ) ;
#4339 = DIRECTION ( 'NONE',  ( 0.000000000000000000, 0.000000000000000000, 1.000000000000000000 ) ) ;
#4340 = CIRCLE ( 'NONE', #1027, 1.999999999999994893 ) ;
#4341 = DIRECTION ( 'NONE',  ( 0.000000000000000000, 0.000000000000000000, 1.000000000000000000 ) ) ;
#4342 = ORIENTED_EDGE ( 'NONE', *, *, #4381, .T. ) ;
#4343 = ADVANCED_FACE ( 'NONE', ( #1980 ), #3965, .F. ) ;
#4344 = LINE ( 'NONE', #7683, #1128 ) ;
#4345 = PLANE ( 'NONE',  #2855 ) ;
#4346 = DIRECTION ( 'NONE',  ( 0.000000000000000000, 1.000000000000000000, 0.000000000000000000 ) ) ;
#4347 = CARTESIAN_POINT ( 'NONE',  ( -28.99999999999999645, 1.382540356719631047, -40.02589295479880604 ) ) ;
#4348 = DATE_TIME_ROLE ( 'creation_date' ) ;
#4349 = CIRCLE ( 'NONE', #458, 1.999999999999994893 ) ;
#4350 = ORIENTED_EDGE ( 'NONE', *, *, #581, .F. ) ;
#4351 = VERTEX_POINT ( 'NONE', #7484 ) ;
#4352 = VECTOR ( 'NONE', #8193, 1000.000000000000000 ) ;
#4353 = ORIENTED_EDGE ( 'NONE', *, *, #6503, .T. ) ;
#4354 = VERTEX_POINT ( 'NONE', #1307 ) ;
#4355 = LINE ( 'NONE', #2942, #79 ) ;
#4356 = DIRECTION ( 'NONE',  ( 0.000000000000000000, 0.000000000000000000, 1.000000000000000000 ) ) ;
#4357 = CARTESIAN_POINT ( 'NONE',  ( 16.00000000000000000, 12.99999999999999822, -45.65412303015307316 ) ) ;
#4358 = CARTESIAN_POINT ( 'NONE',  ( -28.99999999999999645, -11.41562369461536441, -35.50096189432333915 ) ) ;
#4359 = ORIENTED_EDGE ( 'NONE', *, *, #7690, .F. ) ;
#4360 = EDGE_CURVE ( 'NONE', #7960, #8023, #531, .T. ) ;
#4361 = ORIENTED_EDGE ( 'NONE', *, *, #910, .F. ) ;
#4362 = ORIENTED_EDGE ( 'NONE', *, *, #1083, .F. ) ;
#4363 = CARTESIAN_POINT ( 'NONE',  ( 12.99999999999999645, 0.9999999999999940048, 37.00000000000000711 ) ) ;
#4364 = VECTOR ( 'NONE', #8240, 1000.000000000000114 ) ;
#4365 = DIRECTION ( 'NONE',  ( -1.000000000000000000, 0.000000000000000000, 0.000000000000000000 ) ) ;
#4366 = VERTEX_POINT ( 'NONE', #3922 ) ;
#4367 = DIRECTION ( 'NONE',  ( 0.000000000000000000, 1.000000000000000000, 0.000000000000000000 ) ) ;
#4368 = LINE ( 'NONE', #5226, #4404 ) ;
#4369 = CARTESIAN_POINT ( 'NONE',  ( 28.99999999999999645, 1.931723812755948178, -40.24131505877799952 ) ) ;
#4370 = EDGE_CURVE ( 'NONE', #7843, #6058, #7146, .T. ) ;
#4371 = CARTESIAN_POINT ( 'NONE',  ( -27.99999999999999645, 11.49999999999999645, -45.65412303015307316 ) ) ;
#4372 = CARTESIAN_POINT ( 'NONE',  ( 16.00000000000000000, 2.118746317227650167, -37.30878423896998441 ) ) ;
#4373 = LINE ( 'NONE', #5727, #3369 ) ;
#4374 = B_SPLINE_CURVE_WITH_KNOTS ( 'NONE', 3,
 ( #3422, #6932, #8236, #2116 ),
 .UNSPECIFIED., .F., .F.,
 ( 4, 4 ),
 ( 0.000000000000000000, 0.001967024742790459725 ),
 .UNSPECIFIED. ) ;
#4375 = DIRECTION ( 'NONE',  ( 0.000000000000000000, 1.000000000000000000, 0.000000000000000000 ) ) ;
#4376 = VECTOR ( 'NONE', #6753, 1000.000000000000000 ) ;
#4377 = CARTESIAN_POINT ( 'NONE',  ( -28.99999999999999645, 1.317063637211658422, -36.03961332303715182 ) ) ;
#4378 = DIRECTION ( 'NONE',  ( 0.000000000000000000, 1.000000000000000000, 0.000000000000000000 ) ) ;
#4379 = VERTEX_POINT ( 'NONE', #4016 ) ;
#4380 = DIRECTION ( 'NONE',  ( 0.000000000000000000, 0.9659258262890676461, -0.2588190451025227379 ) ) ;
#4381 = EDGE_CURVE ( 'NONE', #1016, #4875, #6713, .T. ) ;
#4382 = CARTESIAN_POINT ( 'NONE',  ( -13.49999999999955413, 13.00000000000000000, 24.99999999999998934 ) ) ;
#4383 = ORIENTED_EDGE ( 'NONE', *, *, #7320, .F. ) ;
#4384 = AXIS2_PLACEMENT_3D ( 'NONE', #1657, #350, #2329 ) ;
#4385 = LINE ( 'NONE', #8432, #2701 ) ;
#4386 = FACE_OUTER_BOUND ( 'NONE', #2087, .T. ) ;
#4387 = FACE_OUTER_BOUND ( 'NONE', #49, .T. ) ;
#4388 = FACE_BOUND ( 'NONE', #4531, .T. ) ;
#4389 = EDGE_CURVE ( 'NONE', #4552, #2111, #1262, .T. ) ;
#4390 = ORIENTED_EDGE ( 'NONE', *, *, #5160, .F. ) ;
#4391 = CIRCLE ( 'NONE', #5407, 1.999999999999994893 ) ;
#4392 = ORIENTED_EDGE ( 'NONE', *, *, #2268, .F. ) ;
#4393 = VERTEX_POINT ( 'NONE', #455 ) ;
#4394 = ORIENTED_EDGE ( 'NONE', *, *, #7807, .F. ) ;
#4395 = CARTESIAN_POINT ( 'NONE',  ( -19.50000000000000355, 9.599999999999999645, -44.85412303015306179 ) ) ;
#4396 = VECTOR ( 'NONE', #5633, 1000.000000000000000 ) ;
#4397 = CARTESIAN_POINT ( 'NONE',  ( -47.49999999999978684, 13.00000000000000000, -5.000000000000007994 ) ) ;
#4398 = FACE_OUTER_BOUND ( 'NONE', #2631, .T. ) ;
#4399 = DIRECTION ( 'NONE',  ( 1.000000000000000000, 0.000000000000000000, 0.000000000000000000 ) ) ;
#4400 = ORIENTED_EDGE ( 'NONE', *, *, #7046, .T. ) ;
#4401 = ORIENTED_EDGE ( 'NONE', *, *, #7976, .F. ) ;
#4402 = EDGE_CURVE ( 'NONE', #1247, #7989, #1677, .T. ) ;
#4403 = ORIENTED_EDGE ( 'NONE', *, *, #8904, .T. ) ;
#4404 = VECTOR ( 'NONE', #7962, 1000.000000000000000 ) ;
#4405 = FACE_OUTER_BOUND ( 'NONE', #8484, .T. ) ;
#4406 = CYLINDRICAL_SURFACE ( 'NONE', #1996, 1.999999999999994893 ) ;
#4407 = EDGE_LOOP ( 'NONE', ( #1291, #476, #8622, #3892, #7778, #8034 ) ) ;
#4408 = CARTESIAN_POINT ( 'NONE',  ( 13.49999999999996980, 11.00000000000000000, -15.00000000000001066 ) ) ;
#4409 = VECTOR ( 'NONE', #4600, 1000.000000000000000 ) ;
#4410 = DIRECTION ( 'NONE',  ( 0.000000000000000000, 1.000000000000000000, 0.000000000000000000 ) ) ;
#4411 = CARTESIAN_POINT ( 'NONE',  ( 28.99999999999999645, 1.253354137631398579, -36.07877461943759556 ) ) ;
#4412 = VECTOR ( 'NONE', #5613, 1000.000000000000000 ) ;
#4413 = DIRECTION ( 'NONE',  ( 0.000000000000000000, 0.000000000000000000, 1.000000000000000000 ) ) ;
#4414 = ADVANCED_FACE ( 'NONE', ( #6667 ), #1134, .F. ) ;
#4415 = CIRCLE ( 'NONE', #5569, 1.999999999999994893 ) ;
#4416 = CARTESIAN_POINT ( 'NONE',  ( 28.99999999999999645, 4.077453969931841726, -39.26333402696494801 ) ) ;
#4417 = DIRECTION ( 'NONE',  ( 0.000000000000000000, 0.000000000000000000, 1.000000000000000000 ) ) ;
#4418 = EDGE_CURVE ( 'NONE', #4779, #4351, #7160, .T. ) ;
#4419 = EDGE_CURVE ( 'NONE', #981, #3580, #2872, .T. ) ;
#4420 = DIRECTION ( 'NONE',  ( 0.000000000000000000, 1.000000000000000000, 0.000000000000000000 ) ) ;
#4421 = VECTOR ( 'NONE', #3131, 1000.000000000000000 ) ;
#4422 = AXIS2_PLACEMENT_3D ( 'NONE', #1218, #2516, #2650 ) ;
#4423 = CARTESIAN_POINT ( 'NONE',  ( -40.00000000000000000, 13.00000000000000000, -36.99999999999999289 ) ) ;
#4424 = LINE ( 'NONE', #1043, #8725 ) ;
#4425 = VECTOR ( 'NONE', #1214, 1000.000000000000000 ) ;
#4426 = ORIENTED_EDGE ( 'NONE', *, *, #5462, .F. ) ;
#4427 = CARTESIAN_POINT ( 'NONE',  ( -13.49999999999997691, 13.00000000000000000, -25.00000000000000711 ) ) ;
#4428 = AXIS2_PLACEMENT_3D ( 'NONE', #6965, #4139, #797 ) ;
#4429 = DIRECTION ( 'NONE',  ( 0.000000000000000000, 0.000000000000000000, 1.000000000000000000 ) ) ;
#4430 = ORIENTED_EDGE ( 'NONE', *, *, #2873, .F. ) ;
#4431 = CARTESIAN_POINT ( 'NONE',  ( 9.999999999999998224, 1.925929944387235853E-31, -34.99999999999999289 ) ) ;
#4432 = LINE ( 'NONE', #8434, #5314 ) ;
#4433 = FACE_OUTER_BOUND ( 'NONE', #428, .T. ) ;
#4434 = ORIENTED_EDGE ( 'NONE', *, *, #7883, .F. ) ;
#4435 = ORIENTED_EDGE ( 'NONE', *, *, #4419, .T. ) ;
#4436 = CARTESIAN_POINT ( 'NONE',  ( 24.00000000000000711, 11.00000000000000000, 13.06350832689640207 ) ) ;
#4437 = ORIENTED_EDGE ( 'NONE', *, *, #3639, .T. ) ;
#4438 = AXIS2_PLACEMENT_3D ( 'NONE', #4109, #1358, #2073 ) ;
#4439 = EDGE_CURVE ( 'NONE', #5639, #7554, #7020, .T. ) ;
#4440 = VERTEX_POINT ( 'NONE', #2163 ) ;
#4441 = CARTESIAN_POINT ( 'NONE',  ( 16.00000000000000000, 12.99999999999999822, -42.42145001812207994 ) ) ;
#4442 = CYLINDRICAL_SURFACE ( 'NONE', #2259, 3.299999999999999822 ) ;
#4443 = LINE ( 'NONE', #7095, #3952 ) ;
#4444 = CIRCLE ( 'NONE', #3721, 1.999999999999994893 ) ;
#4445 = CARTESIAN_POINT ( 'NONE',  ( -37.49999999999977973, 13.00000000000000000, -5.000000000000007994 ) ) ;
#4446 = ORIENTED_EDGE ( 'NONE', *, *, #5352, .F. ) ;
#4447 = ORIENTED_EDGE ( 'NONE', *, *, #3703, .T. ) ;
#4448 = ORIENTED_EDGE ( 'NONE', *, *, #3540, .T. ) ;
#4449 = CARTESIAN_POINT ( 'NONE',  ( -22.50000000000045119, 11.00000000000000000, 14.99999999999999289 ) ) ;
#4450 = CIRCLE ( 'NONE', #1857, 1.999999999999994893 ) ;
#4451 = ORIENTED_EDGE ( 'NONE', *, *, #2517, .F. ) ;
#4452 = LINE ( 'NONE', #7153, #4167 ) ;
#4453 = ORIENTED_EDGE ( 'NONE', *, *, #627, .F. ) ;
#4454 = PLANE ( 'NONE',  #7065 ) ;
#4455 = EDGE_CURVE ( 'NONE', #2044, #4717, #251, .T. ) ;
#4456 = CYLINDRICAL_SURFACE ( 'NONE', #6267, 17.50000000000000000 ) ;
#4457 = CARTESIAN_POINT ( 'NONE',  ( 16.00000000000000000, 2.462375323143428663, -40.38348927846264758 ) ) ;
#4458 = LINE ( 'NONE', #5725, #966 ) ;
#4459 = CARTESIAN_POINT ( 'NONE',  ( 28.99999999999999645, 5.861963175945688498, -39.74149182760685761 ) ) ;
#4460 = FACE_BOUND ( 'NONE', #8255, .T. ) ;
#4461 = FACE_OUTER_BOUND ( 'NONE', #4204, .T. ) ;
#4462 = CARTESIAN_POINT ( 'NONE',  ( -36.00000000000000711, 12.00000000000000000, -26.93649167310370629 ) ) ;
#4463 = DIRECTION ( 'NONE',  ( -0.000000000000000000, -1.000000000000000000, -0.000000000000000000 ) ) ;
#4464 = ORIENTED_EDGE ( 'NONE', *, *, #8179, .T. ) ;
#4465 = LINE ( 'NONE', #3104, #1812 ) ;
#4466 = EDGE_CURVE ( 'NONE', #3655, #6759, #4152, .T. ) ;
#4467 = LINE ( 'NONE', #2519, #7174 ) ;
#4468 = ORIENTED_EDGE ( 'NONE', *, *, #6381, .F. ) ;
#4469 = DIRECTION ( 'NONE',  ( 0.000000000000000000, 0.000000000000000000, 1.000000000000000000 ) ) ;
#4470 = DIRECTION ( 'NONE',  ( 0.000000000000000000, 0.000000000000000000, 1.000000000000000000 ) ) ;
#4471 = CARTESIAN_POINT ( 'NONE',  ( -37.49999999999997868, 13.00000000000000000, -15.00000000000001066 ) ) ;
#4472 = DIRECTION ( 'NONE',  ( -1.000000000000000000, -2.040851148208008491E-16, 0.000000000000000000 ) ) ;
#4473 = EDGE_CURVE ( 'NONE', #7010, #5618, #4714, .T. ) ;
#4474 = AXIS2_PLACEMENT_3D ( 'NONE', #7105, #7062, #938 ) ;
#4475 = ORIENTED_EDGE ( 'NONE', *, *, #1881, .T. ) ;
#4476 = ORIENTED_EDGE ( 'NONE', *, *, #260, .T. ) ;
#4477 = EDGE_CURVE ( 'NONE', #559, #4263, #4374, .T. ) ;
#4478 = B_SPLINE_CURVE_WITH_KNOTS ( 'NONE', 3,
 ( #5238, #3333, #7349, #5368 ),
 .UNSPECIFIED., .F., .F.,
 ( 4, 4 ),
 ( 1.734723475976807094E-18, 0.002752612025423329008 ),
 .UNSPECIFIED. ) ;
#4479 = DIRECTION ( 'NONE',  ( 0.000000000000000000, 1.000000000000000000, 0.000000000000000000 ) ) ;
#4480 = ORIENTED_EDGE ( 'NONE', *, *, #627, .T. ) ;
#4481 = ORIENTED_EDGE ( 'NONE', *, *, #2940, .F. ) ;
#4482 = VECTOR ( 'NONE', #5964, 1000.000000000000000 ) ;
#4483 = CARTESIAN_POINT ( 'NONE',  ( -36.00000000000000711, 13.00000000000000000, -6.936491673103653888 ) ) ;
#4484 = LINE ( 'NONE', #6506, #8742 ) ;
#4485 = DIRECTION ( 'NONE',  ( 0.000000000000000000, 0.000000000000000000, 1.000000000000000000 ) ) ;
#4486 = DIRECTION ( 'NONE',  ( -6.938893903907232322E-15, -1.000000000000000000, 0.000000000000000000 ) ) ;
#4487 = EDGE_LOOP ( 'NONE', ( #8907, #877, #372, #5021 ) ) ;
#4488 = ORIENTED_EDGE ( 'NONE', *, *, #2182, .T. ) ;
#4489 = ORIENTED_EDGE ( 'NONE', *, *, #7019, .F. ) ;
#4490 = EDGE_CURVE ( 'NONE', #2187, #5843, #7624, .T. ) ;
#4491 = CIRCLE ( 'NONE', #7924, 1.999999999999994893 ) ;
#4492 = CARTESIAN_POINT ( 'NONE',  ( 13.00000000000000178, 7.599999999999996092, 37.00000000000000711 ) ) ;
#4493 = ORIENTED_EDGE ( 'NONE', *, *, #6358, .F. ) ;
#4494 = DIRECTION ( 'NONE',  ( 0.000000000000000000, 0.000000000000000000, 1.000000000000000000 ) ) ;
#4495 = ORIENTED_EDGE ( 'NONE', *, *, #6080, .F. ) ;
#4496 = CYLINDRICAL_SURFACE ( 'NONE', #3897, 1.999999999999994893 ) ;
#4497 = LINE ( 'NONE', #5764, #2096 ) ;
#4498 = CARTESIAN_POINT ( 'NONE',  ( 28.99999999999999645, 1.500000000000027311, -35.93397459621552770 ) ) ;
#4499 = DIRECTION ( 'NONE',  ( 0.000000000000000000, 0.000000000000000000, 1.000000000000000000 ) ) ;
#4500 = CARTESIAN_POINT ( 'NONE',  ( 28.99999999999999645, 2.739072065421407576, -38.90471567648831552 ) ) ;
#4501 = FACE_BOUND ( 'NONE', #3663, .T. ) ;
#4502 = EDGE_CURVE ( 'NONE', #201, #8663, #5864, .T. ) ;
#4503 = CYLINDRICAL_SURFACE ( 'NONE', #704, 1.999999999999994893 ) ;
#4504 = VECTOR ( 'NONE', #7669, 1000.000000000000000 ) ;
#4505 = CARTESIAN_POINT ( 'NONE',  ( -16.00000000000000000, 0.3113443951059733372, -38.75479869455498516 ) ) ;
#4506 = ORIENTED_EDGE ( 'NONE', *, *, #3053, .F. ) ;
#4507 = PLANE ( 'NONE',  #6136 ) ;
#4508 = EDGE_LOOP ( 'NONE', ( #7619, #878, #8037, #2723 ) ) ;
#4509 = CARTESIAN_POINT ( 'NONE',  ( -13.49999999999956124, 11.00000000000000000, 14.99999999999999289 ) ) ;
#4510 = EDGE_CURVE ( 'NONE', #3990, #8847, #4103, .T. ) ;
#4511 = CARTESIAN_POINT ( 'NONE',  ( 49.49999999999997868, 13.00000000000000000, -15.00000000000001066 ) ) ;
#4512 = ORIENTED_EDGE ( 'NONE', *, *, #6945, .T. ) ;
#4513 = DIRECTION ( 'NONE',  ( 0.000000000000000000, 1.000000000000000000, 0.000000000000000000 ) ) ;
#4514 = EDGE_CURVE ( 'NONE', #3676, #2810, #1443, .T. ) ;
#4515 = CARTESIAN_POINT ( 'NONE',  ( -49.49999999999998579, 13.00000000000000000, -25.00000000000000711 ) ) ;
#4516 = CARTESIAN_POINT ( 'NONE',  ( -24.50000000000045119, 11.00000000000000000, 24.99999999999998934 ) ) ;
#4517 = ORIENTED_EDGE ( 'NONE', *, *, #4271, .T. ) ;
#4518 = EDGE_CURVE ( 'NONE', #6414, #5618, #3509, .T. ) ;
#4519 = VERTEX_POINT ( 'NONE', #2068 ) ;
#4520 = CARTESIAN_POINT ( 'NONE',  ( -13.00000000000000178, 7.599999999999999645, 37.00000000000000711 ) ) ;
#4521 = EDGE_LOOP ( 'NONE', ( #2433, #2972, #3151, #3314 ) ) ;
#4522 = EDGE_CURVE ( 'NONE', #2806, #8769, #5634, .T. ) ;
#4523 = ADVANCED_FACE ( 'NONE', ( #8280 ), #4927, .F. ) ;
#4524 = ORIENTED_EDGE ( 'NONE', *, *, #4715, .T. ) ;
#4525 = CARTESIAN_POINT ( 'NONE',  ( 25.50000000000000355, 10.86666666667720094, -42.63541235690099285 ) ) ;
#4526 = CARTESIAN_POINT ( 'NONE',  ( -34.50000000000002842, 11.00000000000000000, -25.00000000000000711 ) ) ;
#4527 = DIRECTION ( 'NONE',  ( 0.000000000000000000, 0.000000000000000000, 1.000000000000000000 ) ) ;
#4528 = CIRCLE ( 'NONE', #2936, 1.999999999999994893 ) ;
#4529 = ORIENTED_EDGE ( 'NONE', *, *, #4490, .T. ) ;
#4530 = ORIENTED_EDGE ( 'NONE', *, *, #3479, .F. ) ;
#4531 = EDGE_LOOP ( 'NONE', ( #3255, #4986, #5719, #1382, #1327, #3903 ) ) ;
#4532 = FACE_OUTER_BOUND ( 'NONE', #8518, .T. ) ;
#4533 = VERTEX_POINT ( 'NONE', #5316 ) ;
#4534 = CIRCLE ( 'NONE', #655, 1.999999999999994893 ) ;
#4535 = LINE ( 'NONE', #7284, #4023 ) ;
#4536 = VERTEX_POINT ( 'NONE', #1251 ) ;
#4537 = LINE ( 'NONE', #5441, #1743 ) ;
#4538 = DIRECTION ( 'NONE',  ( 0.000000000000000000, 0.000000000000000000, -1.000000000000000000 ) ) ;
#4539 = CARTESIAN_POINT ( 'NONE',  ( 28.99999999999999645, 2.183545759703839462, -40.30877712211285768 ) ) ;
#4540 = CARTESIAN_POINT ( 'NONE',  ( -25.49999999999998224, 11.00000000000000000, -25.00000000000000711 ) ) ;
#4541 = VECTOR ( 'NONE', #4101, 1000.000000000000114 ) ;
#4542 = DIRECTION ( 'NONE',  ( 0.000000000000000000, 0.000000000000000000, 1.000000000000000000 ) ) ;
#4543 = FACE_BOUND ( 'NONE', #2184, .T. ) ;
#4544 = AXIS2_PLACEMENT_3D ( 'NONE', #6720, #6675, #4068 ) ;
#4545 = ADVANCED_FACE ( 'NONE', ( #3955 ), #8009, .F. ) ;
#4546 = CARTESIAN_POINT ( 'NONE',  ( 16.00000000000000000, 2.249999999999988010, -35.50096189432332494 ) ) ;
#4547 = DIRECTION ( 'NONE',  ( 0.000000000000000000, 0.000000000000000000, 1.000000000000000000 ) ) ;
#4548 = CARTESIAN_POINT ( 'NONE',  ( -16.00000000000000355, 1.478412877587776952, -40.08566037481579514 ) ) ;
#4549 = EDGE_CURVE ( 'NONE', #6600, #5886, #4290, .T. ) ;
#4550 = CIRCLE ( 'NONE', #3547, 1.999999999999994893 ) ;
#4551 = DIRECTION ( 'NONE',  ( -0.000000000000000000, -1.000000000000000000, -0.000000000000000000 ) ) ;
#4552 = VERTEX_POINT ( 'NONE', #2595 ) ;
#4553 = CARTESIAN_POINT ( 'NONE',  ( 37.49999999999956657, 11.00000000000000000, 14.99999999999999289 ) ) ;
#4554 = AXIS2_PLACEMENT_3D ( 'NONE', #4710, #2540, #8850 ) ;
#4555 = CIRCLE ( 'NONE', #7152, 1.999999999999994893 ) ;
#4556 = DIRECTION ( 'NONE',  ( 0.000000000000000000, 0.000000000000000000, 1.000000000000000000 ) ) ;
#4557 = ORIENTED_EDGE ( 'NONE', *, *, #1656, .T. ) ;
#4558 = CARTESIAN_POINT ( 'NONE',  ( -35.49999999999977263, 11.00000000000000000, 4.999999999999990230 ) ) ;
#4559 = DIRECTION ( 'NONE',  ( -1.000000000000000000, 0.000000000000000000, 0.000000000000000000 ) ) ;
#4560 = AXIS2_PLACEMENT_3D ( 'NONE', #2562, #1261, #3150 ) ;
#4561 = FACE_BOUND ( 'NONE', #6219, .T. ) ;
#4562 = EDGE_CURVE ( 'NONE', #1145, #2069, #533, .T. ) ;
#4563 = VECTOR ( 'NONE', #2281, 1000.000000000000000 ) ;
#4564 = VERTEX_POINT ( 'NONE', #3140 ) ;
#4565 = VERTEX_POINT ( 'NONE', #3322 ) ;
#4566 = AXIS2_PLACEMENT_3D ( 'NONE', #4573, #5256, #337 ) ;
#4567 = FACE_BOUND ( 'NONE', #515, .T. ) ;
#4568 = ORIENTED_EDGE ( 'NONE', *, *, #2670, .F. ) ;
#4569 = CIRCLE ( 'NONE', #3420, 1.999999999999994893 ) ;
#4570 = CARTESIAN_POINT ( 'NONE',  ( -22.50000000000003553, 11.00000000000000000, -25.00000000000000711 ) ) ;
#4571 = EDGE_LOOP ( 'NONE', ( #2948, #4583, #5660, #8649 ) ) ;
#4572 = CARTESIAN_POINT ( 'NONE',  ( -11.49999999999955946, 11.00000000000000000, 24.99999999999998934 ) ) ;
#4573 = CARTESIAN_POINT ( 'NONE',  ( 0.5000000000000281997, 11.00000000000000000, -15.00000000000001066 ) ) ;
#4574 = DIRECTION ( 'NONE',  ( 0.000000000000000000, 0.000000000000000000, 1.000000000000000000 ) ) ;
#4575 = ORIENTED_EDGE ( 'NONE', *, *, #5873, .T. ) ;
#4576 = EDGE_LOOP ( 'NONE', ( #6429, #2580, #2658, #7226, #3756, #3866 ) ) ;
#4577 = CIRCLE ( 'NONE', #6589, 1.999999999999994893 ) ;
#4578 = EDGE_LOOP ( 'NONE', ( #5826, #1242, #5100, #4437 ) ) ;
#4579 = EDGE_CURVE ( 'NONE', #6919, #2752, #5980, .T. ) ;
#4580 = EDGE_CURVE ( 'NONE', #8297, #4320, #1976, .T. ) ;
#4581 = DIRECTION ( 'NONE',  ( 0.000000000000000000, 0.000000000000000000, 1.000000000000000000 ) ) ;
#4582 = AXIS2_PLACEMENT_3D ( 'NONE', #2124, #55, #8419 ) ;
#4583 = ORIENTED_EDGE ( 'NONE', *, *, #2780, .T. ) ;
#4584 = DIRECTION ( 'NONE',  ( 0.000000000000000000, 0.000000000000000000, -1.000000000000000000 ) ) ;
#4585 = ORIENTED_EDGE ( 'NONE', *, *, #2975, .T. ) ;
#4586 = CARTESIAN_POINT ( 'NONE',  ( -28.99999999999999645, 2.999999999999988898, -36.79999999999999005 ) ) ;
#4587 = VECTOR ( 'NONE', #8750, 1000.000000000000000 ) ;
#4588 = DIRECTION ( 'NONE',  ( 0.000000000000000000, 1.000000000000000000, 0.000000000000000000 ) ) ;
#4589 = DIRECTION ( 'NONE',  ( 0.000000000000000000, 0.000000000000000000, 1.000000000000000000 ) ) ;
#4590 = CYLINDRICAL_SURFACE ( 'NONE', #604, 1.999999999999994893 ) ;
#4591 = LINE ( 'NONE', #7342, #8384 ) ;
#4592 = EDGE_CURVE ( 'NONE', #8769, #576, #3412, .T. ) ;
#4593 = AXIS2_PLACEMENT_3D ( 'NONE', #6342, #137, #7661 ) ;
#4594 = CARTESIAN_POINT ( 'NONE',  ( -28.99999999999999645, 1.712753976441513171, -37.80003922176079811 ) ) ;
#4595 = ADVANCED_FACE ( 'NONE', ( #8138, #7290 ), #4673, .F. ) ;
#4596 = CYLINDRICAL_SURFACE ( 'NONE', #2843, 1.999999999999994893 ) ;
#4597 = CARTESIAN_POINT ( 'NONE',  ( 48.50000000000045475, 11.00000000000000000, 14.99999999999999289 ) ) ;
#4598 = CARTESIAN_POINT ( 'NONE',  ( -25.49999999999977263, 13.00000000000000000, -5.000000000000007994 ) ) ;
#4599 = CARTESIAN_POINT ( 'NONE',  ( -16.00000000000000000, 0.5376771238021089694, -36.79153208751273496 ) ) ;
#4600 = DIRECTION ( 'NONE',  ( -1.000000000000000000, -0.000000000000000000, 5.337610695313253357E-16 ) ) ;
#4601 = ORIENTED_EDGE ( 'NONE', *, *, #5339, .T. ) ;
#4602 = DIRECTION ( 'NONE',  ( 0.000000000000000000, 0.000000000000000000, 1.000000000000000000 ) ) ;
#4603 = EDGE_CURVE ( 'NONE', #3090, #4666, #5152, .T. ) ;
#4604 = LINE ( 'NONE', #957, #1992 ) ;
#4605 = CARTESIAN_POINT ( 'NONE',  ( -24.00000000000000711, 12.00000000000000000, -26.93649167310370629 ) ) ;
#4606 = DIRECTION ( 'NONE',  ( 0.000000000000000000, 0.000000000000000000, -1.000000000000000000 ) ) ;
#4607 = CARTESIAN_POINT ( 'NONE',  ( -22.50000000000003553, 11.00000000000000000, -25.00000000000000711 ) ) ;
#4608 = ORIENTED_EDGE ( 'NONE', *, *, #508, .F. ) ;
#4609 = ORIENTED_EDGE ( 'NONE', *, *, #5666, .F. ) ;
#4610 = ADVANCED_FACE ( 'NONE', ( #6566 ), #1123, .F. ) ;
#4611 = CARTESIAN_POINT ( 'NONE',  ( 23.49999999999977973, 11.00000000000000000, -5.000000000000007994 ) ) ;
#4612 = VERTEX_POINT ( 'NONE', #443 ) ;
#4613 = DIRECTION ( 'NONE',  ( 0.000000000000000000, 0.000000000000000000, 1.000000000000000000 ) ) ;
#4614 = ORIENTED_EDGE ( 'NONE', *, *, #5174, .T. ) ;
#4615 = LINE ( 'NONE', #472, #8696 ) ;
#4616 = DIRECTION ( 'NONE',  ( 0.000000000000000000, 0.000000000000000000, 1.000000000000000000 ) ) ;
#4617 = AXIS2_PLACEMENT_3D ( 'NONE', #8316, #8183, #125 ) ;
#4618 = LINE ( 'NONE', #3355, #8286 ) ;
#4619 = ORIENTED_EDGE ( 'NONE', *, *, #5132, .F. ) ;
#4620 = ORIENTED_EDGE ( 'NONE', *, *, #5033, .T. ) ;
#4621 = ORIENTED_EDGE ( 'NONE', *, *, #3953, .T. ) ;
#4622 = CARTESIAN_POINT ( 'NONE',  ( 59.50000000000001421, 0.000000000000000000, -17.49999999999999645 ) ) ;
#4623 = ORIENTED_EDGE ( 'NONE', *, *, #5339, .F. ) ;
#4624 = ORIENTED_EDGE ( 'NONE', *, *, #5871, .F. ) ;
#4625 = CARTESIAN_POINT ( 'NONE',  ( -28.99999999999999645, 3.000000000000000000, -35.50096189432333915 ) ) ;
#4626 = EDGE_CURVE ( 'NONE', #971, #4730, #3911, .T. ) ;
#4627 = CARTESIAN_POINT ( 'NONE',  ( 36.50000000000044764, 11.00000000000000000, 24.99999999999998934 ) ) ;
#4628 = CARTESIAN_POINT ( 'NONE',  ( 28.99999999999999645, 2.796970799271130126, -40.47314386608080383 ) ) ;
#4629 = AXIS2_PLACEMENT_3D ( 'NONE', #1866, #8038, #4613 ) ;
#4630 = DIRECTION ( 'NONE',  ( 0.000000000000000000, 0.000000000000000000, 1.000000000000000000 ) ) ;
#4631 = PLANE ( 'NONE',  #4641 ) ;
#4632 = CARTESIAN_POINT ( 'NONE',  ( -28.99999999999999645, 2.193749999999964118, -37.26548865453413129 ) ) ;
#4633 = CARTESIAN_POINT ( 'NONE',  ( -59.50000000000000000, 13.00000000000000000, -17.49999999999999645 ) ) ;
#4634 = DIRECTION ( 'NONE',  ( 0.000000000000000000, 0.000000000000000000, 1.000000000000000000 ) ) ;
#4635 = EDGE_CURVE ( 'NONE', #6578, #5891, #2123, .T. ) ;
#4636 = LINE ( 'NONE', #5405, #801 ) ;
#4637 = CARTESIAN_POINT ( 'NONE',  ( 49.49999999999977973, 11.00000000000000000, -5.000000000000007994 ) ) ;
#4638 = CARTESIAN_POINT ( 'NONE',  ( 40.00000000000000000, 0.000000000000000000, -17.49999999999999645 ) ) ;
#4639 = EDGE_LOOP ( 'NONE', ( #6607, #5836, #7803, #1955 ) ) ;
#4640 = LINE ( 'NONE', #3924, #1822 ) ;
#4641 = AXIS2_PLACEMENT_3D ( 'NONE', #7381, #3957, #7293 ) ;
#4642 = CARTESIAN_POINT ( 'NONE',  ( -16.00000000000000000, 11.49999999999999822, -41.65412303015307316 ) ) ;
#4643 = DIRECTION ( 'NONE',  ( 0.000000000000000000, 0.000000000000000000, 1.000000000000000000 ) ) ;
#4644 = DIRECTION ( 'NONE',  ( -0.000000000000000000, -0.000000000000000000, 1.000000000000000000 ) ) ;
#4645 = DIRECTION ( 'NONE',  ( 0.000000000000000000, -0.000000000000000000, -1.000000000000000000 ) ) ;
#4646 = PERSON_AND_ORGANIZATION ( #7577, #3834 ) ;
#4647 = EDGE_CURVE ( 'NONE', #1583, #388, #2977, .T. ) ;
#4648 = ORIENTED_EDGE ( 'NONE', *, *, #2587, .T. ) ;
#4649 = CARTESIAN_POINT ( 'NONE',  ( 16.00000000000000000, 11.49999999999999822, -41.65412303015307316 ) ) ;
#4650 = CIRCLE ( 'NONE', #480, 1.999999999999994893 ) ;
#4651 = ORIENTED_EDGE ( 'NONE', *, *, #910, .T. ) ;
#4652 = VERTEX_POINT ( 'NONE', #8362 ) ;
#4653 = CARTESIAN_POINT ( 'NONE',  ( 49.49999999999997868, 11.00000000000000000, -15.00000000000001066 ) ) ;
#4654 = ORIENTED_EDGE ( 'NONE', *, *, #1311, .F. ) ;
#4655 = EDGE_CURVE ( 'NONE', #7200, #3923, #1476, .T. ) ;
#4656 = DIRECTION ( 'NONE',  ( 0.000000000000000000, 0.000000000000000000, 1.000000000000000000 ) ) ;
#4657 = VERTEX_POINT ( 'NONE', #2814 ) ;
#4658 = CARTESIAN_POINT ( 'NONE',  ( 25.50000000000000355, 10.23333333334248785, -42.46571120169525670 ) ) ;
#4659 = CIRCLE ( 'NONE', #6430, 1.000000000000000888 ) ;
#4660 = CARTESIAN_POINT ( 'NONE',  ( 40.00000000000000000, 0.000000000000000000, 35.00000000000000000 ) ) ;
#4661 = DIRECTION ( 'NONE',  ( 0.000000000000000000, 0.000000000000000000, 1.000000000000000000 ) ) ;
#4662 = EDGE_CURVE ( 'NONE', #723, #4180, #4859, .T. ) ;
#4663 = ORIENTED_EDGE ( 'NONE', *, *, #1147, .F. ) ;
#4664 = ORIENTED_EDGE ( 'NONE', *, *, #8321, .T. ) ;
#4665 = EDGE_LOOP ( 'NONE', ( #1245, #3860, #3123, #6726, #5509, #6586, #8312, #6312 ) ) ;
#4666 = VERTEX_POINT ( 'NONE', #7471 ) ;
#4667 = VERTEX_POINT ( 'NONE', #3410 ) ;
#4668 = ORIENTED_EDGE ( 'NONE', *, *, #5813, .T. ) ;
#4669 = EDGE_LOOP ( 'NONE', ( #1471, #1981, #7098, #1606, #6796, #4920 ) ) ;
#4670 = CARTESIAN_POINT ( 'NONE',  ( 11.49999999999955946, 11.00000000000000000, 24.99999999999998934 ) ) ;
#4671 = CIRCLE ( 'NONE', #6970, 1.999999999999994893 ) ;
#4672 = LINE ( 'NONE', #8819, #1794 ) ;
#4673 = PLANE ( 'NONE',  #8879 ) ;
#4674 = EDGE_CURVE ( 'NONE', #1661, #2680, #3455, .T. ) ;
#4675 = LINE ( 'NONE', #1883, #3845 ) ;
#4676 = CARTESIAN_POINT ( 'NONE',  ( -49.49999999999998579, 11.00000000000000000, -25.00000000000000711 ) ) ;
#4677 = AXIS2_PLACEMENT_3D ( 'NONE', #1060, #2276, #7739 ) ;
#4678 = CARTESIAN_POINT ( 'NONE',  ( 47.49999999999958078, 11.00000000000000000, 14.99999999999999289 ) ) ;
#4679 = DIRECTION ( 'NONE',  ( 0.000000000000000000, 1.000000000000000000, 0.000000000000000000 ) ) ;
#4680 = LINE ( 'NONE', #6705, #6075 ) ;
#4681 = CARTESIAN_POINT ( 'NONE',  ( 11.49999999999977440, 11.00000000000000000, -5.000000000000007994 ) ) ;
#4682 = CYLINDRICAL_SURFACE ( 'NONE', #3558, 1.999999999999994893 ) ;
#4683 = AXIS2_PLACEMENT_3D ( 'NONE', #1632, #1589, #7770 ) ;
#4684 = ADVANCED_FACE ( 'NONE', ( #2730 ), #6114, .F. ) ;
#4685 = DIRECTION ( 'NONE',  ( 0.000000000000000000, 0.000000000000000000, 1.000000000000000000 ) ) ;
#4686 = ORIENTED_EDGE ( 'NONE', *, *, #4069, .T. ) ;
#4687 = CARTESIAN_POINT ( 'NONE',  ( 39.99999999999997868, 11.00000000000000000, -35.00000000000001421 ) ) ;
#4688 = ADVANCED_FACE ( 'NONE', ( #1434 ), #82, .F. ) ;
#4689 = EDGE_CURVE ( 'NONE', #3768, #2193, #6922, .T. ) ;
#4690 = CARTESIAN_POINT ( 'NONE',  ( -46.50000000000004263, 11.00000000000000000, -25.00000000000000711 ) ) ;
#4691 = LINE ( 'NONE', #6900, #2707 ) ;
#4692 = LINE ( 'NONE', #1859, #994 ) ;
#4693 = CARTESIAN_POINT ( 'NONE',  ( 1.499999999999765521, 11.00000000000000000, 4.999999999999990230 ) ) ;
#4694 = CIRCLE ( 'NONE', #6564, 1.999999999999994893 ) ;
#4695 = PERSON_AND_ORGANIZATION_ROLE ( 'classification_officer' ) ;
#4696 = ORIENTED_EDGE ( 'NONE', *, *, #8559, .F. ) ;
#4697 = DIRECTION ( 'NONE',  ( 0.000000000000000000, -1.000000000000000000, 0.000000000000000000 ) ) ;
#4698 = ORIENTED_EDGE ( 'NONE', *, *, #6347, .F. ) ;
#4699 = VECTOR ( 'NONE', #642, 1000.000000000000000 ) ;
#4700 = ORIENTED_EDGE ( 'NONE', *, *, #1752, .F. ) ;
#4701 = VECTOR ( 'NONE', #2790, 1000.000000000000000 ) ;
#4702 = CARTESIAN_POINT ( 'NONE',  ( 49.49999999999998579, 11.00000000000000000, -25.00000000000000711 ) ) ;
#4703 = ORIENTED_EDGE ( 'NONE', *, *, #3608, .T. ) ;
#4704 = EDGE_CURVE ( 'NONE', #1201, #4366, #1296, .T. ) ;
#4705 = DIRECTION ( 'NONE',  ( 0.000000000000000000, 1.000000000000000000, 0.000000000000000000 ) ) ;
#4706 = ORIENTED_EDGE ( 'NONE', *, *, #1791, .T. ) ;
#4707 = CARTESIAN_POINT ( 'NONE',  ( -10.00000000000000000, 8.500000000000000000, -37.00000000000000711 ) ) ;
#4708 = AXIS2_PLACEMENT_3D ( 'NONE', #1178, #1264, #4062 ) ;
#4709 = CARTESIAN_POINT ( 'NONE',  ( -10.50000000000003020, 13.00000000000000000, -25.00000000000000711 ) ) ;
#4710 = CARTESIAN_POINT ( 'NONE',  ( -37.49999999999977973, 11.00000000000000000, -5.000000000000007994 ) ) ;
#4711 = AXIS2_PLACEMENT_3D ( 'NONE', #6590, #7939, #1008 ) ;
#4712 = ORIENTED_EDGE ( 'NONE', *, *, #6370, .T. ) ;
#4713 = EDGE_LOOP ( 'NONE', ( #460, #7037, #7639, #6689 ) ) ;
#4714 = CIRCLE ( 'NONE', #4863, 1.999999999999994893 ) ;
#4715 = EDGE_CURVE ( 'NONE', #1053, #3361, #1407, .T. ) ;
#4716 = ORIENTED_EDGE ( 'NONE', *, *, #5849, .T. ) ;
#4717 = VERTEX_POINT ( 'NONE', #4812 ) ;
#4718 = ORIENTED_EDGE ( 'NONE', *, *, #4439, .F. ) ;
#4719 = PLANE ( 'NONE',  #8069 ) ;
#4720 = LINE ( 'NONE', #8008, #2502 ) ;
#4721 = AXIS2_PLACEMENT_3D ( 'NONE', #6951, #2216, #3657 ) ;
#4722 = DIRECTION ( 'NONE',  ( -1.000000000000000000, 2.040851148208008245E-16, 0.000000000000000000 ) ) ;
#4723 = DIRECTION ( 'NONE',  ( 0.000000000000000000, 1.000000000000000000, 0.000000000000000000 ) ) ;
#4724 = VECTOR ( 'NONE', #2334, 1000.000000000000114 ) ;
#4725 = CARTESIAN_POINT ( 'NONE',  ( 10.50000000000003730, 13.00000000000000000, -15.00000000000001066 ) ) ;
#4726 = CARTESIAN_POINT ( 'NONE',  ( -37.49999999999956657, 11.00000000000000000, 24.99999999999998579 ) ) ;
#4727 = VECTOR ( 'NONE', #4644, 1000.000000000000000 ) ;
#4728 = EDGE_CURVE ( 'NONE', #6759, #6382, #397, .T. ) ;
#4729 = DIRECTION ( 'NONE',  ( 0.000000000000000000, 0.000000000000000000, 1.000000000000000000 ) ) ;
#4730 = VERTEX_POINT ( 'NONE', #758 ) ;
#4731 = CARTESIAN_POINT ( 'NONE',  ( 10.50000000000045297, 13.00000000000000000, 24.99999999999998934 ) ) ;
#4732 = CIRCLE ( 'NONE', #6313, 1.999999999999994893 ) ;
#4733 = CARTESIAN_POINT ( 'NONE',  ( 0.5000000000000213163, 13.00000000000000000, -25.00000000000000711 ) ) ;
#4734 = CYLINDRICAL_SURFACE ( 'NONE', #8161, 1.999999999999994893 ) ;
#4735 = PLANE ( 'NONE',  #5561 ) ;
#4736 = ORIENTED_EDGE ( 'NONE', *, *, #8078, .T. ) ;
#4737 = LINE ( 'NONE', #5328, #5715 ) ;
#4738 = VECTOR ( 'NONE', #1117, 1000.000000000000000 ) ;
#4739 = DIRECTION ( 'NONE',  ( 0.000000000000000000, 0.000000000000000000, 1.000000000000000000 ) ) ;
#4740 = AXIS2_PLACEMENT_3D ( 'NONE', #2085, #1832, #5560 ) ;
#4741 = LINE ( 'NONE', #2032, #1707 ) ;
#4742 = DIRECTION ( 'NONE',  ( 0.000000000000000000, 0.000000000000000000, 1.000000000000000000 ) ) ;
#4743 = CARTESIAN_POINT ( 'NONE',  ( -10.50000000000044587, 13.00000000000000000, 14.99999999999999289 ) ) ;
#4744 = ADVANCED_FACE ( 'NONE', ( #5487 ), #1385, .F. ) ;
#4745 = CARTESIAN_POINT ( 'NONE',  ( -22.50000000000024158, 11.00000000000000000, -5.000000000000007994 ) ) ;
#4746 = ORIENTED_EDGE ( 'NONE', *, *, #3788, .T. ) ;
#4747 = CARTESIAN_POINT ( 'NONE',  ( -1.499999999999765521, 11.00000000000000000, -5.000000000000007994 ) ) ;
#4748 = EDGE_LOOP ( 'NONE', ( #4451, #6466, #6168, #2531 ) ) ;
#4749 = DIRECTION ( 'NONE',  ( -0.000000000000000000, -1.000000000000000000, -0.000000000000000000 ) ) ;
#4750 = CARTESIAN_POINT ( 'NONE',  ( 11.49999999999956657, 11.00000000000000000, 14.99999999999999289 ) ) ;
#4751 = ORIENTED_EDGE ( 'NONE', *, *, #4518, .F. ) ;
#4752 = FACE_OUTER_BOUND ( 'NONE', #7407, .T. ) ;
#4753 = DIRECTION ( 'NONE',  ( 0.000000000000000000, -1.000000000000000000, 0.000000000000000000 ) ) ;
#4754 = ADVANCED_FACE ( 'NONE', ( #3365 ), #2191, .F. ) ;
#4755 = DIRECTION ( 'NONE',  ( 0.000000000000000000, 1.000000000000000000, 0.000000000000000000 ) ) ;
#4756 = ORIENTED_EDGE ( 'NONE', *, *, #8487, .F. ) ;
#4757 = EDGE_CURVE ( 'NONE', #7662, #6449, #4183, .T. ) ;
#4758 = ORIENTED_EDGE ( 'NONE', *, *, #5746, .T. ) ;
#4759 = EDGE_LOOP ( 'NONE', ( #3058, #8397, #3262, #6149 ) ) ;
#4760 = AXIS2_PLACEMENT_3D ( 'NONE', #4819, #7705, #2197 ) ;
#4761 = ORIENTED_EDGE ( 'NONE', *, *, #6539, .F. ) ;
#4762 = VERTEX_POINT ( 'NONE', #2863 ) ;
#4763 = CARTESIAN_POINT ( 'NONE',  ( -48.00000000000001421, 13.00000000000000000, -6.936491673103652111 ) ) ;
#4764 = CARTESIAN_POINT ( 'NONE',  ( -24.50000000000023803, 13.00000000000000000, -5.000000000000007994 ) ) ;
#4765 = CARTESIAN_POINT ( 'NONE',  ( -36.50000000000024158, 11.00000000000000000, 4.999999999999990230 ) ) ;
#4766 = ADVANCED_FACE ( 'NONE', ( #2684, #5445 ), #1343, .F. ) ;
#4767 = CARTESIAN_POINT ( 'NONE',  ( 37.49999999999955946, 13.00000000000000000, 24.99999999999998934 ) ) ;
#4768 = ORIENTED_EDGE ( 'NONE', *, *, #8853, .T. ) ;
#4769 = VECTOR ( 'NONE', #6034, 1000.000000000000000 ) ;
#4770 = CARTESIAN_POINT ( 'NONE',  ( -28.99999999999999645, 2.255235076473549150, -38.77432382219299001 ) ) ;
#4771 = DIRECTION ( 'NONE',  ( 0.000000000000000000, 0.000000000000000000, 1.000000000000000000 ) ) ;
#4772 = ORIENTED_EDGE ( 'NONE', *, *, #664, .F. ) ;
#4773 = DIRECTION ( 'NONE',  ( 0.000000000000000000, 1.000000000000000000, 0.000000000000000000 ) ) ;
#4774 = EDGE_CURVE ( 'NONE', #657, #513, #2400, .T. ) ;
#4775 = DIRECTION ( 'NONE',  ( 0.000000000000000000, 0.000000000000000000, -1.000000000000000000 ) ) ;
#4776 = CARTESIAN_POINT ( 'NONE',  ( -28.99999999999999645, 13.00000000000000000, -42.42145001812207994 ) ) ;
#4777 = AXIS2_PLACEMENT_3D ( 'NONE', #2865, #3499, #4813 ) ;
#4778 = CARTESIAN_POINT ( 'NONE',  ( 16.00000000000000000, 1.950000000000145173, -35.67416697508013357 ) ) ;
#4779 = VERTEX_POINT ( 'NONE', #7783 ) ;
#4780 = CARTESIAN_POINT ( 'NONE',  ( 25.49999999999977263, 11.00000000000000000, -5.000000000000007994 ) ) ;
#4781 = EDGE_CURVE ( 'NONE', #8704, #4855, #210, .T. ) ;
#4782 = CARTESIAN_POINT ( 'NONE',  ( 28.99999999999999645, 2.193749999999964118, -37.26548865453413129 ) ) ;
#4783 = PLANE ( 'NONE',  #1710 ) ;
#4784 = CARTESIAN_POINT ( 'NONE',  ( 11.49999999999998224, 13.00000000000000000, -25.00000000000000711 ) ) ;
#4785 = CARTESIAN_POINT ( 'NONE',  ( -1.499999999999966693, 13.00000000000000000, -15.00000000000001066 ) ) ;
#4786 = LINE ( 'NONE', #4886, #8865 ) ;
#4787 = DIRECTION ( 'NONE',  ( 0.000000000000000000, -1.000000000000000000, 0.000000000000000000 ) ) ;
#4788 = ADVANCED_FACE ( 'NONE', ( #339 ), #297, .F. ) ;
#4789 = ORIENTED_EDGE ( 'NONE', *, *, #5151, .F. ) ;
#4790 = VECTOR ( 'NONE', #4581, 1000.000000000000000 ) ;
#4791 = ADVANCED_FACE ( 'NONE', ( #169 ), #2358, .F. ) ;
#4792 = CARTESIAN_POINT ( 'NONE',  ( 24.50000000000024514, 11.00000000000000000, 4.999999999999990230 ) ) ;
#4793 = ORIENTED_EDGE ( 'NONE', *, *, #8354, .T. ) ;
#4794 = DIRECTION ( 'NONE',  ( -0.000000000000000000, -1.000000000000000000, -0.000000000000000000 ) ) ;
#4795 = CARTESIAN_POINT ( 'NONE',  ( -22.50000000000045119, 11.00000000000000000, 14.99999999999999289 ) ) ;
#4796 = ORIENTED_EDGE ( 'NONE', *, *, #91, .F. ) ;
#4797 = CARTESIAN_POINT ( 'NONE',  ( -25.50000000000000355, 10.23333333334248785, -42.46571120169525670 ) ) ;
#4798 = CARTESIAN_POINT ( 'NONE',  ( -16.00000000000000000, 1.689957556515497838, -40.16580543768807132 ) ) ;
#4799 = DIRECTION ( 'NONE',  ( 0.000000000000000000, 1.000000000000000000, 0.000000000000000000 ) ) ;
#4800 = VECTOR ( 'NONE', #1997, 1000.000000000000000 ) ;
#4801 = EDGE_CURVE ( 'NONE', #3177, #6646, #6424, .T. ) ;
#4802 = ORIENTED_EDGE ( 'NONE', *, *, #4, .T. ) ;
#4803 = ORIENTED_EDGE ( 'NONE', *, *, #5787, .T. ) ;
#4804 = EDGE_CURVE ( 'NONE', #4314, #6060, #4319, .T. ) ;
#4805 = EDGE_CURVE ( 'NONE', #4278, #3043, #7053, .T. ) ;
#4806 = VECTOR ( 'NONE', #730, 1000.000000000000000 ) ;
#4807 = ORIENTED_EDGE ( 'NONE', *, *, #5958, .F. ) ;
#4808 = ORIENTED_EDGE ( 'NONE', *, *, #6888, .T. ) ;
#4809 = ORIENTED_EDGE ( 'NONE', *, *, #1369, .T. ) ;
#4810 = CARTESIAN_POINT ( 'NONE',  ( -47.49999999999957367, 11.00000000000000000, 24.99999999999998934 ) ) ;
#4811 = DIRECTION ( 'NONE',  ( 0.000000000000000000, 1.000000000000000000, 0.000000000000000000 ) ) ;
#4812 = CARTESIAN_POINT ( 'NONE',  ( -46.50000000000045475, 11.00000000000000000, 14.99999999999999289 ) ) ;
#4813 = DIRECTION ( 'NONE',  ( 0.000000000000000000, 0.000000000000000000, 1.000000000000000000 ) ) ;
#4814 = ORIENTED_EDGE ( 'NONE', *, *, #7384, .T. ) ;
#4815 = CARTESIAN_POINT ( 'NONE',  ( -28.99999999999999645, 5.861963175945688498, -39.74149182760685761 ) ) ;
#4816 = VECTOR ( 'NONE', #4588, 1000.000000000000000 ) ;
#4817 = CYLINDRICAL_SURFACE ( 'NONE', #1141, 1.999999999999994893 ) ;
#4818 = VERTEX_POINT ( 'NONE', #4992 ) ;
#4819 = CARTESIAN_POINT ( 'NONE',  ( -46.50000000000024869, 11.00000000000000000, -5.000000000000007994 ) ) ;
#4820 = CARTESIAN_POINT ( 'NONE',  ( 30.00000000000000000, 3.000000000000000000, -36.99999999999999289 ) ) ;
#4821 = CARTESIAN_POINT ( 'NONE',  ( -25.49999999999956302, 13.00000000000000000, 14.99999999999999289 ) ) ;
#4822 = VERTEX_POINT ( 'NONE', #8452 ) ;
#4823 = EDGE_LOOP ( 'NONE', ( #8868, #1685, #1998, #7056 ) ) ;
#4824 = DIRECTION ( 'NONE',  ( 0.000000000000000000, 0.000000000000000000, 1.000000000000000000 ) ) ;
#4825 = AXIS2_PLACEMENT_3D ( 'NONE', #8212, #4255, #7547 ) ;
#4826 = LINE ( 'NONE', #2831, #7679 ) ;
#4827 = FACE_OUTER_BOUND ( 'NONE', #7890, .T. ) ;
#4828 = ADVANCED_FACE ( 'NONE', ( #2999 ), #8579, .F. ) ;
#4829 = VECTOR ( 'NONE', #6621, 1000.000000000000114 ) ;
#4830 = DIRECTION ( 'NONE',  ( -0.000000000000000000, -1.000000000000000000, -0.000000000000000000 ) ) ;
#4831 = CARTESIAN_POINT ( 'NONE',  ( 39.99999999999997868, 11.00000000000000000, 35.00000000000000000 ) ) ;
#4832 = DIRECTION ( 'NONE',  ( 0.000000000000000000, 0.000000000000000000, 1.000000000000000000 ) ) ;
#4833 = CARTESIAN_POINT ( 'NONE',  ( -9.999999999999998224, 1.000000000000000888, 37.00000000000000711 ) ) ;
#4834 = ORIENTED_EDGE ( 'NONE', *, *, #8421, .F. ) ;
#4835 = VECTOR ( 'NONE', #8462, 1000.000000000000114 ) ;
#4836 = DIRECTION ( 'NONE',  ( 0.000000000000000000, 1.000000000000000000, 0.000000000000000000 ) ) ;
#4837 = ORIENTED_EDGE ( 'NONE', *, *, #5746, .F. ) ;
#4838 = EDGE_CURVE ( 'NONE', #2444, #636, #1604, .T. ) ;
#4839 = DIRECTION ( 'NONE',  ( 0.000000000000000000, 1.000000000000000000, 0.000000000000000000 ) ) ;
#4840 = AXIS2_PLACEMENT_3D ( 'NONE', #4397, #7950, #5791 ) ;
#4841 = DIRECTION ( 'NONE',  ( 0.000000000000000000, 0.000000000000000000, 1.000000000000000000 ) ) ;
#4842 = EDGE_LOOP ( 'NONE', ( #4350, #1087, #5409, #5307 ) ) ;
#4843 = FACE_OUTER_BOUND ( 'NONE', #1831, .T. ) ;
#4844 = CARTESIAN_POINT ( 'NONE',  ( -28.99999999999999645, 2.044130977983922737, -40.27142104393775668 ) ) ;
#4845 = DIRECTION ( 'NONE',  ( 0.000000000000000000, 0.000000000000000000, 1.000000000000000000 ) ) ;
#4846 = CIRCLE ( 'NONE', #5994, 1.999999999999994893 ) ;
#4847 = ORIENTED_EDGE ( 'NONE', *, *, #423, .F. ) ;
#4848 = VECTOR ( 'NONE', #5601, 1000.000000000000000 ) ;
#4849 = EDGE_LOOP ( 'NONE', ( #2364, #7738, #7332, #7512 ) ) ;
#4850 = PRODUCT_DEFINITION_SHAPE ( 'NONE', 'NONE',  #2156 ) ;
#4851 = VECTOR ( 'NONE', #6955, 1000.000000000000000 ) ;
#4852 = EDGE_LOOP ( 'NONE', ( #5392, #1785, #6222, #7652 ) ) ;
#4853 = AXIS2_PLACEMENT_3D ( 'NONE', #8374, #8282, #2241 ) ;
#4854 = EDGE_LOOP ( 'NONE', ( #2585, #8217, #3029, #8315 ) ) ;
#4855 = VERTEX_POINT ( 'NONE', #4445 ) ;
#4856 = DIRECTION ( 'NONE',  ( 0.000000000000000000, 0.000000000000000000, 1.000000000000000000 ) ) ;
#4857 = CARTESIAN_POINT ( 'NONE',  ( 10.50000000000024514, 13.00000000000000000, 4.999999999999990230 ) ) ;
#4858 = AXIS2_PLACEMENT_3D ( 'NONE', #1175, #6665, #8449 ) ;
#4859 = LINE ( 'NONE', #3541, #3560 ) ;
#4860 = ADVANCED_FACE ( 'NONE', ( #7191 ), #8403, .F. ) ;
#4861 = EDGE_CURVE ( 'NONE', #648, #2980, #4569, .T. ) ;
#4862 = LINE ( 'NONE', #6250, #3760 ) ;
#4863 = AXIS2_PLACEMENT_3D ( 'NONE', #7528, #2024, #1399 ) ;
#4864 = ORIENTED_EDGE ( 'NONE', *, *, #8179, .F. ) ;
#4865 = CARTESIAN_POINT ( 'NONE',  ( -16.00000000000000000, 1.712753976441511394, -37.80003922176079811 ) ) ;
#4866 = VECTOR ( 'NONE', #5914, 1000.000000000000000 ) ;
#4867 = DIRECTION ( 'NONE',  ( 0.000000000000000000, 0.000000000000000000, 1.000000000000000000 ) ) ;
#4868 = EDGE_LOOP ( 'NONE', ( #7503, #1494, #2225, #360 ) ) ;
#4869 = FACE_OUTER_BOUND ( 'NONE', #8087, .T. ) ;
#4870 = DIRECTION ( 'NONE',  ( 0.000000000000000000, 0.000000000000000000, 1.000000000000000000 ) ) ;
#4871 = DIRECTION ( 'NONE',  ( 0.000000000000000000, 0.000000000000000000, 1.000000000000000000 ) ) ;
#4872 = CIRCLE ( 'NONE', #4582, 1.999999999999994893 ) ;
#4873 = EDGE_CURVE ( 'NONE', #5014, #931, #3588, .T. ) ;
#4874 = VERTEX_POINT ( 'NONE', #7144 ) ;
#4875 = VERTEX_POINT ( 'NONE', #3764 ) ;
#4876 = CARTESIAN_POINT ( 'NONE',  ( -16.00000000000000000, 1.727346460967995823, -38.27258732891774429 ) ) ;
#4877 = CARTESIAN_POINT ( 'NONE',  ( -40.00000000000000000, 13.00000000000000000, -17.49999999999999645 ) ) ;
#4878 = CIRCLE ( 'NONE', #7454, 1.999999999999994893 ) ;
#4879 = ADVANCED_FACE ( 'NONE', ( #7743 ), #6470, .F. ) ;
#4880 = LINE ( 'NONE', #5379, #7394 ) ;
#4881 = VECTOR ( 'NONE', #1268, 1000.000000000000000 ) ;
#4882 = DIRECTION ( 'NONE',  ( 0.000000000000000000, 1.000000000000000000, 0.000000000000000000 ) ) ;
#4883 = CYLINDRICAL_SURFACE ( 'NONE', #6035, 1.999999999999994893 ) ;
#4884 = CARTESIAN_POINT ( 'NONE',  ( -11.49999999999977440, 11.00000000000000000, -5.000000000000007994 ) ) ;
#4885 = AXIS2_PLACEMENT_3D ( 'NONE', #2570, #3384, #690 ) ;
#4886 = CARTESIAN_POINT ( 'NONE',  ( 28.99999999999999645, 2.249999999999988010, -35.50096189432333205 ) ) ;
#4887 = ORIENTED_EDGE ( 'NONE', *, *, #2182, .F. ) ;
#4888 = DIRECTION ( 'NONE',  ( 0.000000000000000000, 0.000000000000000000, 1.000000000000000000 ) ) ;
#4889 = EDGE_CURVE ( 'NONE', #1417, #3460, #3080, .T. ) ;
#4890 = ORIENTED_EDGE ( 'NONE', *, *, #7166, .F. ) ;
#4891 = AXIS2_PLACEMENT_3D ( 'NONE', #8499, #6476, #4494 ) ;
#4892 = DIRECTION ( 'NONE',  ( -0.000000000000000000, 0.000000000000000000, 1.000000000000000000 ) ) ;
#4893 = ORIENTED_EDGE ( 'NONE', *, *, #917, .T. ) ;
#4894 = DIRECTION ( 'NONE',  ( 2.040851148208008491E-16, 1.000000000000000000, 0.000000000000000000 ) ) ;
#4895 = FACE_OUTER_BOUND ( 'NONE', #7806, .T. ) ;
#4896 = ORIENTED_EDGE ( 'NONE', *, *, #3564, .T. ) ;
#4897 = CARTESIAN_POINT ( 'NONE',  ( 39.99999999999999289, 13.00000000000000000, 37.00000000000000711 ) ) ;
#4898 = CARTESIAN_POINT ( 'NONE',  ( -28.99999999999999645, 1.637502707497124455, -40.14533629492507316 ) ) ;
#4899 = CARTESIAN_POINT ( 'NONE',  ( 1.499999999999550138, 13.00000000000000000, 24.99999999999998934 ) ) ;
#4900 = ORIENTED_EDGE ( 'NONE', *, *, #500, .T. ) ;
#4901 = EDGE_CURVE ( 'NONE', #263, #6914, #7698, .T. ) ;
#4902 = ORIENTED_EDGE ( 'NONE', *, *, #2122, .F. ) ;
#4903 = ORIENTED_EDGE ( 'NONE', *, *, #7823, .T. ) ;
#4904 = VERTEX_POINT ( 'NONE', #7011 ) ;
#4905 = DIRECTION ( 'NONE',  ( 0.000000000000000000, 0.000000000000000000, 1.000000000000000000 ) ) ;
#4906 = FACE_OUTER_BOUND ( 'NONE', #5016, .T. ) ;
#4907 = DIRECTION ( 'NONE',  ( 0.000000000000000000, 1.000000000000000000, 0.000000000000000000 ) ) ;
#4908 = PLANE ( 'NONE',  #2037 ) ;
#4909 = VERTEX_POINT ( 'NONE', #6337 ) ;
#4910 = CARTESIAN_POINT ( 'NONE',  ( -28.99999999999999645, 3.185199366924912567, -39.02425512664719776 ) ) ;
#4911 = EDGE_CURVE ( 'NONE', #1368, #5557, #2905, .T. ) ;
#4912 = DIRECTION ( 'NONE',  ( 0.000000000000000000, 1.000000000000000000, 0.000000000000000000 ) ) ;
#4913 = ORIENTED_EDGE ( 'NONE', *, *, #5617, .T. ) ;
#4914 = CARTESIAN_POINT ( 'NONE',  ( -40.00000000000000000, 0.000000000000000000, -17.49999999999999645 ) ) ;
#4915 = DIRECTION ( 'NONE',  ( 0.000000000000000000, 0.000000000000000000, 1.000000000000000000 ) ) ;
#4916 = DIRECTION ( 'NONE',  ( -0.000000000000000000, -1.000000000000000000, -0.000000000000000000 ) ) ;
#4917 = AXIS2_PLACEMENT_3D ( 'NONE', #166, #8908, #4856 ) ;
#4918 = CARTESIAN_POINT ( 'NONE',  ( -37.49999999999977263, 13.00000000000000000, 4.999999999999990230 ) ) ;
#4919 = DIRECTION ( 'NONE',  ( 0.000000000000000000, 1.000000000000000000, -0.000000000000000000 ) ) ;
#4920 = ORIENTED_EDGE ( 'NONE', *, *, #6888, .F. ) ;
#4921 = ADVANCED_FACE ( 'NONE', ( #1228 ), #6767, .F. ) ;
#4922 = CARTESIAN_POINT ( 'NONE',  ( 40.00000000000000000, 13.00000000000000000, -36.99999999999999289 ) ) ;
#4923 = AXIS2_PLACEMENT_3D ( 'NONE', #5488, #2773, #8228 ) ;
#4924 = CARTESIAN_POINT ( 'NONE',  ( 12.50000000000044764, 11.00000000000000000, 24.99999999999998934 ) ) ;
#4925 = CARTESIAN_POINT ( 'NONE',  ( 59.50000000000000000, 0.000000000000000000, 17.50000000000000355 ) ) ;
#4926 = ORIENTED_EDGE ( 'NONE', *, *, #4984, .T. ) ;
#4927 = B_SPLINE_SURFACE_WITH_KNOTS ( 'NONE', 1, 3, ( 
 ( #7666, #4235, #4778, #6975, #808, #2698, #1353, #5458, #3555, #6842, #8372, #2199, #7707, #6175, #1527, #4284, #8196, #6, #6218, #2739, #5498, #47, #2783, #3734, #1573, #6520, #1658, #6346, #5807, #940, #8546, #3776, #1709, #8593, #8505, #3684, #351, #7064, #7878, #3093, #4457, #5050, #2420, #2370, #5847, #5135, #267, #6389, #2240, #7109 ),
 ( #897, #3641, #5673, #6440, #181, #7203, #4498, #1033, #8463, #309, #5184, #220, #4411, #5723, #2330, #2959, #3009, #2290, #3049, #7752, #7921, #1750, #7247, #3598, #5765, #2914, #8413, #5005, #4328, #7793, #1616, #4369, #5092, #7831, #7161, #990, #6480, #1880, #4539, #8727, #6698, #4628, #398, #8681, #2553, #6074, #4003, #1839, #1205, #7963 ) ),
 .UNSPECIFIED., .F., .F., .F.,
 ( 2, 2 ),
 ( 4, 2, 2, 2, 2, 2, 2, 2, 2, 2, 2, 2, 2, 2, 2, 2, 2, 2, 2, 2, 2, 2, 2, 2, 4 ),
 ( 0.000000000000000000, 1.000000000000000000 ),
 ( 0.000000000000000000, 0.03709167465629092941, 0.05563751198443639412, 0.06491043064850912647, 0.06954688998054549265, 0.07418334931258185883, 0.07838815280695451970, 0.08259295630132718058, 0.09100256329007250233, 0.1078217772675631320, 0.1414602052225444051, 0.1750986331775256644, 0.1919178471550163079, 0.2003274541437616296, 0.2045322576381342905, 0.2087370611325069514, 0.2118279319874580846, 0.2149188028424092456, 0.2211005445523115398, 0.2334640279721161005, 0.2581909948117252496, 0.3076449284909436033, 0.4065527958493801997, 0.6043685305662535034, 1.000000000000000000 ),
 .UNSPECIFIED. ) ;
#4928 = DIRECTION ( 'NONE',  ( 0.000000000000000000, 0.000000000000000000, 1.000000000000000000 ) ) ;
#4929 = VERTEX_POINT ( 'NONE', #6552 ) ;
#4930 = VECTOR ( 'NONE', #6755, 1000.000000000000000 ) ;
#4931 = CARTESIAN_POINT ( 'NONE',  ( -1.499999999999765521, 13.00000000000000000, -5.000000000000007994 ) ) ;
#4932 = EDGE_LOOP ( 'NONE', ( #4448, #893, #5434, #7784 ) ) ;
#4933 = DIRECTION ( 'NONE',  ( 0.000000000000000000, 0.000000000000000000, -1.000000000000000000 ) ) ;
#4934 = EDGE_CURVE ( 'NONE', #840, #1000, #3435, .T. ) ;
#4935 = CARTESIAN_POINT ( 'NONE',  ( -47.49999999999978684, 11.00000000000000000, -5.000000000000007994 ) ) ;
#4936 = DIRECTION ( 'NONE',  ( 0.000000000000000000, 0.000000000000000000, 1.000000000000000000 ) ) ;
#4937 = CARTESIAN_POINT ( 'NONE',  ( -28.99999999999999645, 1.537499999999947020, -35.91232396112081915 ) ) ;
#4938 = CARTESIAN_POINT ( 'NONE',  ( -12.00000000000000355, 11.00000000000000000, -26.93649167310370629 ) ) ;
#4939 = ORIENTED_EDGE ( 'NONE', *, *, #5248, .F. ) ;
#4940 = ORIENTED_EDGE ( 'NONE', *, *, #837, .F. ) ;
#4941 = EDGE_CURVE ( 'NONE', #1776, #4119, #1737, .T. ) ;
#4942 = VERTEX_POINT ( 'NONE', #6811 ) ;
#4943 = AXIS2_PLACEMENT_3D ( 'NONE', #7474, #4051, #4542 ) ;
#4944 = EDGE_CURVE ( 'NONE', #7465, #1776, #6723, .T. ) ;
#4945 = ORIENTED_EDGE ( 'NONE', *, *, #10, .T. ) ;
#4946 = CARTESIAN_POINT ( 'NONE',  ( -37.49999999999998579, 13.00000000000000000, -25.00000000000000711 ) ) ;
#4947 = CARTESIAN_POINT ( 'NONE',  ( 23.49999999999998579, 13.00000000000000000, -25.00000000000000711 ) ) ;
#4948 = LINE ( 'NONE', #6921, #4106 ) ;
#4949 = DIRECTION ( 'NONE',  ( -1.000000000000000000, 1.334402673828313339E-16, -0.000000000000000000 ) ) ;
#4950 = ORIENTED_EDGE ( 'NONE', *, *, #1876, .T. ) ;
#4951 = CARTESIAN_POINT ( 'NONE',  ( -28.99999999999999645, 2.432359545637705622, -38.82253230450415771 ) ) ;
#4952 = DIRECTION ( 'NONE',  ( 0.000000000000000000, 0.000000000000000000, 1.000000000000000000 ) ) ;
#4953 = VERTEX_POINT ( 'NONE', #6008 ) ;
#4954 = LINE ( 'NONE', #5630, #3172 ) ;
#4955 = EDGE_CURVE ( 'NONE', #8718, #2283, #4028, .T. ) ;
#4956 = DIRECTION ( 'NONE',  ( 2.040851148208008245E-16, -1.000000000000000000, 0.000000000000000000 ) ) ;
#4957 = CIRCLE ( 'NONE', #3941, 1.999999999999994893 ) ;
#4958 = CARTESIAN_POINT ( 'NONE',  ( 9.999999999999998224, 0.9999999999999963363, 37.00000000000000711 ) ) ;
#4959 = ORIENTED_EDGE ( 'NONE', *, *, #7439, .T. ) ;
#4960 = DIRECTION ( 'NONE',  ( 0.000000000000000000, -0.000000000000000000, 1.000000000000000000 ) ) ;
#4961 = CARTESIAN_POINT ( 'NONE',  ( -25.49999999999956302, 11.00000000000000000, 14.99999999999999289 ) ) ;
#4962 = ORIENTED_EDGE ( 'NONE', *, *, #7358, .T. ) ;
#4963 = DIRECTION ( 'NONE',  ( 0.000000000000000000, 0.000000000000000000, 1.000000000000000000 ) ) ;
#4964 = EDGE_CURVE ( 'NONE', #3257, #8842, #6569, .T. ) ;
#4965 = LINE ( 'NONE', #14, #7001 ) ;
#4966 = AXIS2_PLACEMENT_3D ( 'NONE', #4627, #8777, #7337 ) ;
#4967 = LINE ( 'NONE', #8381, #2529 ) ;
#4968 = UNCERTAINTY_MEASURE_WITH_UNIT (LENGTH_MEASURE( 1.000000000000000082E-05 ), #6411, 'distance_accuracy_value', 'NONE');
#4969 = EDGE_LOOP ( 'NONE', ( #2251, #6066, #468, #8543 ) ) ;
#4970 = PLANE ( 'NONE',  #6283 ) ;
#4971 = EDGE_CURVE ( 'NONE', #7870, #3403, #7435, .T. ) ;
#4972 = EDGE_CURVE ( 'NONE', #5522, #8297, #8204, .T. ) ;
#4973 = VECTOR ( 'NONE', #5118, 1000.000000000000000 ) ;
#4974 = DIRECTION ( 'NONE',  ( 0.000000000000000000, 0.000000000000000000, 1.000000000000000000 ) ) ;
#4975 = ORIENTED_EDGE ( 'NONE', *, *, #6272, .T. ) ;
#4976 = LINE ( 'NONE', #7038, #835 ) ;
#4977 = FACE_OUTER_BOUND ( 'NONE', #6786, .T. ) ;
#4978 = PLANE ( 'NONE',  #4683 ) ;
#4979 = CARTESIAN_POINT ( 'NONE',  ( -28.99999999999999645, 1.931723812755948178, -40.24131505877799952 ) ) ;
#4980 = APPROVAL_ROLE ( '' ) ;
#4981 = VECTOR ( 'NONE', #6707, 1000.000000000000000 ) ;
#4982 = ORIENTED_EDGE ( 'NONE', *, *, #1038, .F. ) ;
#4983 = ORIENTED_EDGE ( 'NONE', *, *, #2940, .T. ) ;
#4984 = EDGE_CURVE ( 'NONE', #1826, #104, #3806, .T. ) ;
#4985 = ORIENTED_EDGE ( 'NONE', *, *, #3473, .F. ) ;
#4986 = ORIENTED_EDGE ( 'NONE', *, *, #3253, .T. ) ;
#4987 = DIRECTION ( 'NONE',  ( 0.000000000000000000, 1.000000000000000000, 0.000000000000000000 ) ) ;
#4988 = CIRCLE ( 'NONE', #956, 1.999999999999994893 ) ;
#4989 = CARTESIAN_POINT ( 'NONE',  ( -48.50000000000046185, 11.00000000000000000, 24.99999999999998934 ) ) ;
#4990 = CARTESIAN_POINT ( 'NONE',  ( -46.50000000000045475, 11.00000000000000000, 14.99999999999999289 ) ) ;
#4991 = ORIENTED_EDGE ( 'NONE', *, *, #8833, .F. ) ;
#4992 = CARTESIAN_POINT ( 'NONE',  ( 49.49999999999956657, 13.00000000000000000, 24.99999999999998934 ) ) ;
#4993 = VECTOR ( 'NONE', #4378, 1000.000000000000000 ) ;
#4994 = AXIS2_PLACEMENT_3D ( 'NONE', #3399, #6153, #8310 ) ;
#4995 = ORIENTED_EDGE ( 'NONE', *, *, #102, .F. ) ;
#4996 = EDGE_CURVE ( 'NONE', #2081, #8567, #6094, .T. ) ;
#4997 = LINE ( 'NONE', #261, #7589 ) ;
#4998 = AXIS2_PLACEMENT_3D ( 'NONE', #2071, #3511, #4155 ) ;
#4999 = CARTESIAN_POINT ( 'NONE',  ( 1.499999999999973577, 13.00000000000000000, -25.00000000000000711 ) ) ;
#5000 = VECTOR ( 'NONE', #6376, 1000.000000000000000 ) ;
#5001 = ORIENTED_EDGE ( 'NONE', *, *, #7298, .T. ) ;
#5002 = DIRECTION ( 'NONE',  ( 0.000000000000000000, 1.000000000000000000, 0.000000000000000000 ) ) ;
#5003 = DIRECTION ( 'NONE',  ( 0.000000000000000000, 1.000000000000000000, 0.000000000000000000 ) ) ;
#5004 = AXIS2_PLACEMENT_3D ( 'NONE', #1695, #6378, #1645 ) ;
#5005 = CARTESIAN_POINT ( 'NONE',  ( 28.99999999999999645, 1.637502707497124455, -40.14533629492507316 ) ) ;
#5006 = CYLINDRICAL_SURFACE ( 'NONE', #4853, 1.999999999999994893 ) ;
#5007 = CARTESIAN_POINT ( 'NONE',  ( 16.00000000000000000, 2.175000000000081091, -37.27631397208135411 ) ) ;
#5008 = CIRCLE ( 'NONE', #8022, 1.999999999999994893 ) ;
#5009 = ORIENTED_EDGE ( 'NONE', *, *, #3449, .F. ) ;
#5010 = ADVANCED_FACE ( 'NONE', ( #3254 ), #2659, .F. ) ;
#5011 = AXIS2_PLACEMENT_3D ( 'NONE', #7560, #6207, #7655 ) ;
#5012 = CARTESIAN_POINT ( 'NONE',  ( -49.49999999999977973, 13.00000000000000000, -5.000000000000007994 ) ) ;
#5013 = CARTESIAN_POINT ( 'NONE',  ( -49.49999999999998579, 11.00000000000000000, -25.00000000000000711 ) ) ;
#5014 = VERTEX_POINT ( 'NONE', #1901 ) ;
#5015 = CARTESIAN_POINT ( 'NONE',  ( -36.00000000000000711, 11.00000000000000000, -26.93649167310370984 ) ) ;
#5016 = EDGE_LOOP ( 'NONE', ( #2584, #7931, #4041, #4585, #8409, #5929, #4939, #8077, #6641, #107, #2679, #3595, #509, #5706, #8399, #5788 ) ) ;
#5017 = LINE ( 'NONE', #8426, #2671 ) ;
#5018 = VECTOR ( 'NONE', #3707, 1000.000000000000000 ) ;
#5019 = AXIS2_PLACEMENT_3D ( 'NONE', #7838, #4420, #5141 ) ;
#5020 = CARTESIAN_POINT ( 'NONE',  ( -46.50000000000025580, 13.00000000000000000, 4.999999999999990230 ) ) ;
#5021 = ORIENTED_EDGE ( 'NONE', *, *, #8700, .F. ) ;
#5022 = AXIS2_PLACEMENT_3D ( 'NONE', #8837, #6051, #1898 ) ;
#5023 = DIRECTION ( 'NONE',  ( 0.000000000000000000, 1.000000000000000000, 0.000000000000000000 ) ) ;
#5024 = ADVANCED_FACE ( 'NONE', ( #7447 ), #557, .F. ) ;
#5025 = CARTESIAN_POINT ( 'NONE',  ( -36.50000000000044764, 13.00000000000000000, 24.99999999999998934 ) ) ;
#5026 = CARTESIAN_POINT ( 'NONE',  ( -39.99999999999998579, 0.000000000000000000, 37.00000000000001421 ) ) ;
#5027 = CARTESIAN_POINT ( 'NONE',  ( -28.99999999999999645, 0.2366676822689680326, -37.40179607762924263 ) ) ;
#5028 = CARTESIAN_POINT ( 'NONE',  ( -22.50000000000045830, 13.00000000000000000, 24.99999999999998934 ) ) ;
#5029 = ORIENTED_EDGE ( 'NONE', *, *, #8600, .T. ) ;
#5030 = VECTOR ( 'NONE', #8408, 1000.000000000000000 ) ;
#5031 = ORIENTED_EDGE ( 'NONE', *, *, #2573, .T. ) ;
#5032 = VERTEX_POINT ( 'NONE', #5334 ) ;
#5033 = EDGE_CURVE ( 'NONE', #7418, #3344, #6138, .T. ) ;
#5034 = ORIENTED_EDGE ( 'NONE', *, *, #7579, .F. ) ;
#5035 = DIRECTION ( 'NONE',  ( -0.000000000000000000, 1.000000000000000000, -0.000000000000000000 ) ) ;
#5036 = DIRECTION ( 'NONE',  ( 0.000000000000000000, 0.000000000000000000, -1.000000000000000000 ) ) ;
#5037 = CARTESIAN_POINT ( 'NONE',  ( -13.49999999999956124, 11.00000000000000000, 14.99999999999999289 ) ) ;
#5038 = EDGE_CURVE ( 'NONE', #6629, #4667, #3975, .T. ) ;
#5039 = ORIENTED_EDGE ( 'NONE', *, *, #3148, .F. ) ;
#5040 = CARTESIAN_POINT ( 'NONE',  ( -28.99999999999999645, 13.00000000000000000, -42.42145001812207994 ) ) ;
#5041 = ORIENTED_EDGE ( 'NONE', *, *, #7765, .T. ) ;
#5042 = ORIENTED_EDGE ( 'NONE', *, *, #8094, .T. ) ;
#5043 = ORIENTED_EDGE ( 'NONE', *, *, #4069, .F. ) ;
#5044 = CARTESIAN_POINT ( 'NONE',  ( -16.00000000000000000, 11.21549079399596849, -41.17596522948725379 ) ) ;
#5045 = DIRECTION ( 'NONE',  ( 0.000000000000000000, 1.000000000000000000, 0.000000000000000000 ) ) ;
#5046 = EDGE_LOOP ( 'NONE', ( #5346, #985, #7998, #3799, #7211, #7456 ) ) ;
#5047 = CYLINDRICAL_SURFACE ( 'NONE', #4474, 1.999999999999994893 ) ;
#5048 = DIRECTION ( 'NONE',  ( 0.000000000000000000, -1.000000000000000000, 0.000000000000000000 ) ) ;
#5049 = EDGE_CURVE ( 'NONE', #751, #928, #235, .T. ) ;
#5050 = CARTESIAN_POINT ( 'NONE',  ( 16.00000000000000000, 2.796970799271130126, -40.47314386608080383 ) ) ;
#5051 = CARTESIAN_POINT ( 'NONE',  ( -28.99999999999999645, 13.00000000000000000, -42.42145001812207994 ) ) ;
#5052 = CARTESIAN_POINT ( 'NONE',  ( 28.99999999999999645, 11.21549079399596849, -41.17596522948724669 ) ) ;
#5053 = CARTESIAN_POINT ( 'NONE',  ( -23.49999999999998579, 13.00000000000000000, -25.00000000000000711 ) ) ;
#5054 = EDGE_CURVE ( 'NONE', #2008, #8485, #4115, .T. ) ;
#5055 = DIRECTION ( 'NONE',  ( -1.000000000000000000, -2.040851148208007998E-16, 0.000000000000000000 ) ) ;
#5056 = VECTOR ( 'NONE', #8268, 1000.000000000000000 ) ;
#5057 = DIRECTION ( 'NONE',  ( -1.000000000000000000, 0.000000000000000000, 0.000000000000000000 ) ) ;
#5058 = DIRECTION ( 'NONE',  ( -0.000000000000000000, -1.000000000000000000, -0.000000000000000000 ) ) ;
#5059 = ORIENTED_EDGE ( 'NONE', *, *, #1172, .F. ) ;
#5060 = CARTESIAN_POINT ( 'NONE',  ( -14.99999999999997868, 3.000000000000094591, -36.99999999999999289 ) ) ;
#5061 = AXIS2_PLACEMENT_3D ( 'NONE', #882, #8400, #5830 ) ;
#5062 = CARTESIAN_POINT ( 'NONE',  ( 12.99999999999999822, 0.9999999999999956701, 37.00000000000000711 ) ) ;
#5063 = ORIENTED_EDGE ( 'NONE', *, *, #3535, .F. ) ;
#5064 = LINE ( 'NONE', #6325, #7313 ) ;
#5065 = CARTESIAN_POINT ( 'NONE',  ( -12.99999999999999822, 1.000000000000000888, 37.00000000000000711 ) ) ;
#5066 = DIRECTION ( 'NONE',  ( 0.000000000000000000, 0.000000000000000000, 1.000000000000000000 ) ) ;
#5067 = FACE_BOUND ( 'NONE', #175, .T. ) ;
#5068 = EDGE_CURVE ( 'NONE', #3163, #6339, #3828, .T. ) ;
#5069 = DIRECTION ( 'NONE',  ( 0.000000000000000000, -0.8660254037844389297, -0.4999999999999993339 ) ) ;
#5070 = VECTOR ( 'NONE', #2596, 1000.000000000000000 ) ;
#5071 = VERTEX_POINT ( 'NONE', #694 ) ;
#5072 = ORIENTED_EDGE ( 'NONE', *, *, #7287, .T. ) ;
#5073 = VERTEX_POINT ( 'NONE', #6187 ) ;
#5074 = ORIENTED_EDGE ( 'NONE', *, *, #8133, .T. ) ;
#5075 = PLANE ( 'NONE',  #7985 ) ;
#5076 = EDGE_CURVE ( 'NONE', #822, #1825, #4550, .T. ) ;
#5077 = LINE ( 'NONE', #3854, #233 ) ;
#5078 = DIRECTION ( 'NONE',  ( 0.000000000000000000, 0.000000000000000000, 1.000000000000000000 ) ) ;
#5079 = DIRECTION ( 'NONE',  ( 1.000000000000000000, 0.000000000000000000, -0.000000000000000000 ) ) ;
#5080 = VERTEX_POINT ( 'NONE', #4833 ) ;
#5081 = ORIENTED_EDGE ( 'NONE', *, *, #821, .T. ) ;
#5082 = EDGE_CURVE ( 'NONE', #7404, #5073, #8247, .T. ) ;
#5083 = ORIENTED_EDGE ( 'NONE', *, *, #8821, .T. ) ;
#5084 = EDGE_CURVE ( 'NONE', #920, #4612, #16, .T. ) ;
#5085 = CARTESIAN_POINT ( 'NONE',  ( 48.50000000000045475, 13.00000000000000000, 14.99999999999999289 ) ) ;
#5086 = VECTOR ( 'NONE', #2743, 1000.000000000000000 ) ;
#5087 = LINE ( 'NONE', #6385, #8043 ) ;
#5088 = EDGE_LOOP ( 'NONE', ( #7973, #4177, #3164, #2476 ) ) ;
#5089 = ORIENTED_EDGE ( 'NONE', *, *, #8149, .F. ) ;
#5090 = FACE_OUTER_BOUND ( 'NONE', #4849, .T. ) ;
#5091 = DIRECTION ( 'NONE',  ( 0.000000000000000000, 1.000000000000000000, 0.000000000000000000 ) ) ;
#5092 = CARTESIAN_POINT ( 'NONE',  ( 28.99999999999999645, 1.932599152608164950, -40.24153618139797572 ) ) ;
#5093 = AXIS2_PLACEMENT_3D ( 'NONE', #62, #2797, #868 ) ;
#5094 = CARTESIAN_POINT ( 'NONE',  ( -25.49999999999956302, 13.00000000000000000, 14.99999999999999289 ) ) ;
#5095 = CARTESIAN_POINT ( 'NONE',  ( 28.99999999999999645, 2.516008414669898663, -38.84494595140929363 ) ) ;
#5096 = FACE_OUTER_BOUND ( 'NONE', #4854, .T. ) ;
#5097 = LINE ( 'NONE', #7208, #406 ) ;
#5098 = VECTOR ( 'NONE', #7630, 1000.000000000000000 ) ;
#5099 = CARTESIAN_POINT ( 'NONE',  ( -10.00000000000000000, 7.599999999999999645, 47.00000000000001421 ) ) ;
#5100 = ORIENTED_EDGE ( 'NONE', *, *, #2975, .F. ) ;
#5101 = DIRECTION ( 'NONE',  ( 1.000000000000000000, 0.000000000000000000, -0.000000000000000000 ) ) ;
#5102 = ORIENTED_EDGE ( 'NONE', *, *, #5887, .T. ) ;
#5103 = DIRECTION ( 'NONE',  ( 0.000000000000000000, 0.000000000000000000, 1.000000000000000000 ) ) ;
#5104 = EDGE_CURVE ( 'NONE', #2726, #6471, #2108, .T. ) ;
#5105 = LINE ( 'NONE', #7847, #5167 ) ;
#5106 = ORIENTED_EDGE ( 'NONE', *, *, #6749, .T. ) ;
#5107 = DIRECTION ( 'NONE',  ( 0.000000000000000000, 0.000000000000000000, 1.000000000000000000 ) ) ;
#5108 = DIRECTION ( 'NONE',  ( 0.000000000000000000, 1.000000000000000000, 0.000000000000000000 ) ) ;
#5109 = CARTESIAN_POINT ( 'NONE',  ( -24.50000000000045119, 13.00000000000000000, 24.99999999999998934 ) ) ;
#5110 = CARTESIAN_POINT ( 'NONE',  ( -10.00000000000000000, 8.500000000000000000, -34.99999999999999289 ) ) ;
#5111 = ORIENTED_EDGE ( 'NONE', *, *, #2897, .T. ) ;
#5112 = AXIS2_PLACEMENT_3D ( 'NONE', #6643, #5342, #5966 ) ;
#5113 = ORIENTED_EDGE ( 'NONE', *, *, #762, .F. ) ;
#5114 = EDGE_CURVE ( 'NONE', #6203, #1151, #3607, .T. ) ;
#5115 = DIRECTION ( 'NONE',  ( 0.000000000000000000, 0.000000000000000000, 1.000000000000000000 ) ) ;
#5116 = ORIENTED_EDGE ( 'NONE', *, *, #4757, .T. ) ;
#5117 = ORIENTED_EDGE ( 'NONE', *, *, #4292, .T. ) ;
#5118 = DIRECTION ( 'NONE',  ( 0.000000000000000000, 0.000000000000000000, 1.000000000000000000 ) ) ;
#5119 = VECTOR ( 'NONE', #855, 1000.000000000000000 ) ;
#5120 = DIRECTION ( 'NONE',  ( -0.000000000000000000, -1.000000000000000000, -0.000000000000000000 ) ) ;
#5121 = CARTESIAN_POINT ( 'NONE',  ( -2.168404344971008868E-16, 13.00000000000000000, 26.93649167310357839 ) ) ;
#5122 = DIRECTION ( 'NONE',  ( 0.000000000000000000, 0.000000000000000000, 1.000000000000000000 ) ) ;
#5123 = ORIENTED_EDGE ( 'NONE', *, *, #7223, .F. ) ;
#5124 = EDGE_LOOP ( 'NONE', ( #7667, #1337, #6802, #4027 ) ) ;
#5125 = VERTEX_POINT ( 'NONE', #2927 ) ;
#5126 = CARTESIAN_POINT ( 'NONE',  ( 12.00000000000000355, 11.00000000000000000, 13.06350832689640207 ) ) ;
#5127 = ORIENTED_EDGE ( 'NONE', *, *, #4176, .F. ) ;
#5128 = DIRECTION ( 'NONE',  ( 0.000000000000000000, 1.000000000000000000, 0.000000000000000000 ) ) ;
#5129 = ORIENTED_EDGE ( 'NONE', *, *, #3953, .F. ) ;
#5130 = DIRECTION ( 'NONE',  ( 0.000000000000000000, -1.000000000000000000, 0.000000000000000000 ) ) ;
#5131 = CIRCLE ( 'NONE', #1099, 1.999999999999994893 ) ;
#5132 = EDGE_CURVE ( 'NONE', #4904, #2823, #8289, .T. ) ;
#5133 = ADVANCED_FACE ( 'NONE', ( #7636 ), #1413, .F. ) ;
#5134 = LINE ( 'NONE', #7289, #6693 ) ;
#5135 = CARTESIAN_POINT ( 'NONE',  ( 16.00000000000000000, 5.473734608291906056, -41.19038056704046369 ) ) ;
#5136 = VECTOR ( 'NONE', #7276, 1000.000000000000000 ) ;
#5137 = DIRECTION ( 'NONE',  ( 0.000000000000000000, 0.000000000000000000, 1.000000000000000000 ) ) ;
#5138 = AXIS2_PLACEMENT_3D ( 'NONE', #6944, #4296, #6357 ) ;
#5139 = CARTESIAN_POINT ( 'NONE',  ( 28.99999999999999645, 3.185199366924912567, -39.02425512664719776 ) ) ;
#5140 = FACE_BOUND ( 'NONE', #6972, .T. ) ;
#5141 = DIRECTION ( 'NONE',  ( 0.000000000000000000, 0.000000000000000000, 1.000000000000000000 ) ) ;
#5142 = AXIS2_PLACEMENT_3D ( 'NONE', #5085, #7826, #5797 ) ;
#5143 = AXIS2_PLACEMENT_3D ( 'NONE', #6803, #3379, #6087 ) ;
#5144 = EDGE_CURVE ( 'NONE', #8386, #5354, #4165, .T. ) ;
#5145 = CARTESIAN_POINT ( 'NONE',  ( -28.99999999999999645, 0.2786210752833564452, -38.76037188570457204 ) ) ;
#5146 = VERTEX_POINT ( 'NONE', #6903 ) ;
#5147 = CARTESIAN_POINT ( 'NONE',  ( 11.49999999999976730, 13.00000000000000000, 4.999999999999990230 ) ) ;
#5148 = VECTOR ( 'NONE', #883, 1000.000000000000000 ) ;
#5149 = VERTEX_POINT ( 'NONE', #8383 ) ;
#5150 = CARTESIAN_POINT ( 'NONE',  ( 40.00000000000000000, 0.000000000000000000, -17.49999999999999645 ) ) ;
#5151 = EDGE_CURVE ( 'NONE', #7419, #1195, #3107, .T. ) ;
#5152 = CIRCLE ( 'NONE', #6724, 17.50000000000000711 ) ;
#5153 = CARTESIAN_POINT ( 'NONE',  ( 59.50000000000000000, 13.00000000000000000, 17.50000000000000355 ) ) ;
#5154 = ORIENTED_EDGE ( 'NONE', *, *, #4108, .T. ) ;
#5155 = CARTESIAN_POINT ( 'NONE',  ( -39.99999999999999289, 13.00000000000000000, 35.00000000000000000 ) ) ;
#5156 = CARTESIAN_POINT ( 'NONE',  ( -9.999999999999998224, 8.500000000000000000, 35.00000000000000000 ) ) ;
#5157 = AXIS2_PLACEMENT_3D ( 'NONE', #6717, #8243, #6851 ) ;
#5158 = CARTESIAN_POINT ( 'NONE',  ( 30.00000000000000000, 3.000000000000000000, -34.99999999999999289 ) ) ;
#5159 = DIRECTION ( 'NONE',  ( 2.040851148208008491E-16, -1.000000000000000000, 0.000000000000000000 ) ) ;
#5160 = EDGE_CURVE ( 'NONE', #6543, #3768, #5017, .T. ) ;
#5161 = AXIS2_PLACEMENT_3D ( 'NONE', #146, #1491, #2248 ) ;
#5162 = ORIENTED_EDGE ( 'NONE', *, *, #3381, .T. ) ;
#5163 = EDGE_LOOP ( 'NONE', ( #1801, #8757, #7602, #1903, #4619, #6108 ) ) ;
#5164 = CIRCLE ( 'NONE', #7178, 1.999999999999994893 ) ;
#5165 = LINE ( 'NONE', #1148, #6089 ) ;
#5166 = VERTEX_POINT ( 'NONE', #2885 ) ;
#5167 = VECTOR ( 'NONE', #415, 1000.000000000000000 ) ;
#5168 = ORIENTED_EDGE ( 'NONE', *, *, #8552, .F. ) ;
#5169 = CARTESIAN_POINT ( 'NONE',  ( -14.99999999999990941, 12.99999999999982592, -34.99999999999999289 ) ) ;
#5170 = LINE ( 'NONE', #7142, #6848 ) ;
#5171 = CARTESIAN_POINT ( 'NONE',  ( 46.50000000000004263, 11.00000000000000000, -25.00000000000000711 ) ) ;
#5172 = VECTOR ( 'NONE', #4276, 1000.000000000000000 ) ;
#5173 = DIRECTION ( 'NONE',  ( -1.000000000000000000, 0.000000000000000000, -0.000000000000000000 ) ) ;
#5174 = EDGE_CURVE ( 'NONE', #4209, #1817, #4988, .T. ) ;
#5175 = ORIENTED_EDGE ( 'NONE', *, *, #5132, .T. ) ;
#5176 = EDGE_LOOP ( 'NONE', ( #6033, #5393, #4529, #5117 ) ) ;
#5177 = DIRECTION ( 'NONE',  ( 0.000000000000000000, 1.000000000000000000, -0.000000000000000000 ) ) ;
#5178 = CIRCLE ( 'NONE', #2430, 1.999999999999994893 ) ;
#5179 = ORIENTED_EDGE ( 'NONE', *, *, #4805, .T. ) ;
#5180 = DIRECTION ( 'NONE',  ( 0.000000000000000000, 0.000000000000000000, 1.000000000000000000 ) ) ;
#5181 = ORIENTED_EDGE ( 'NONE', *, *, #815, .F. ) ;
#5182 = FACE_OUTER_BOUND ( 'NONE', #1429, .T. ) ;
#5183 = FACE_OUTER_BOUND ( 'NONE', #5677, .T. ) ;
#5184 = CARTESIAN_POINT ( 'NONE',  ( 28.99999999999999645, 1.386317537029645441, -35.99958673730509418 ) ) ;
#5185 = EDGE_CURVE ( 'NONE', #5146, #7171, #5603, .T. ) ;
#5186 = CARTESIAN_POINT ( 'NONE',  ( -1.499999999999973577, 11.00000000000000000, -25.00000000000000711 ) ) ;
#5187 = CARTESIAN_POINT ( 'NONE',  ( 28.99999999999999645, 2.011312360122132326, -38.65067004189663180 ) ) ;
#5188 = FACE_BOUND ( 'NONE', #2630, .T. ) ;
#5189 = EDGE_CURVE ( 'NONE', #7822, #4875, #2210, .T. ) ;
#5190 = LINE ( 'NONE', #7297, #4724 ) ;
#5191 = CARTESIAN_POINT ( 'NONE',  ( -28.99999999999999645, 0.8994957518147062014, -36.35680491046148433 ) ) ;
#5192 = ORIENTED_EDGE ( 'NONE', *, *, #8149, .T. ) ;
#5193 = CARTESIAN_POINT ( 'NONE',  ( -14.99999999999997868, 3.000000000000094591, -25.99999999999998934 ) ) ;
#5194 = ORIENTED_EDGE ( 'NONE', *, *, #7919, .F. ) ;
#5195 = DIRECTION ( 'NONE',  ( 0.000000000000000000, 0.000000000000000000, 1.000000000000000000 ) ) ;
#5196 = EDGE_CURVE ( 'NONE', #289, #981, #4415, .T. ) ;
#5197 = EDGE_CURVE ( 'NONE', #1267, #77, #1454, .T. ) ;
#5198 = VECTOR ( 'NONE', #4171, 1000.000000000000000 ) ;
#5199 = CARTESIAN_POINT ( 'NONE',  ( -12.00000000000000355, 11.00000000000000000, 13.06350832689640207 ) ) ;
#5200 = ORIENTED_EDGE ( 'NONE', *, *, #76, .F. ) ;
#5201 = CARTESIAN_POINT ( 'NONE',  ( -23.49999999999957012, 13.00000000000000000, 14.99999999999999289 ) ) ;
#5202 = DIRECTION ( 'NONE',  ( 0.000000000000000000, 1.000000000000000000, 0.000000000000000000 ) ) ;
#5203 = FACE_BOUND ( 'NONE', #8116, .T. ) ;
#5204 = COORDINATED_UNIVERSAL_TIME_OFFSET ( 8, 0, .AHEAD. ) ;
#5205 = AXIS2_PLACEMENT_3D ( 'NONE', #4181, #6878, #6920 ) ;
#5206 = ORIENTED_EDGE ( 'NONE', *, *, #2588, .T. ) ;
#5207 = ORIENTED_EDGE ( 'NONE', *, *, #1531, .F. ) ;
#5208 = DIRECTION ( 'NONE',  ( -0.000000000000000000, -1.000000000000000000, -0.000000000000000000 ) ) ;
#5209 = ORIENTED_EDGE ( 'NONE', *, *, #1670, .T. ) ;
#5210 = ORIENTED_EDGE ( 'NONE', *, *, #4199, .F. ) ;
#5211 = VECTOR ( 'NONE', #668, 1000.000000000000000 ) ;
#5212 = CARTESIAN_POINT ( 'NONE',  ( -16.00000000000000000, 11.49999999999999467, -42.80511351212151538 ) ) ;
#5213 = LINE ( 'NONE', #7189, #4288 ) ;
#5214 = DIRECTION ( 'NONE',  ( -1.000000000000000000, 0.000000000000000000, 0.000000000000000000 ) ) ;
#5215 = ORIENTED_EDGE ( 'NONE', *, *, #4964, .F. ) ;
#5216 = ORIENTED_EDGE ( 'NONE', *, *, #4549, .F. ) ;
#5217 = ORIENTED_EDGE ( 'NONE', *, *, #5617, .F. ) ;
#5218 = EDGE_CURVE ( 'NONE', #6578, #2764, #2820, .T. ) ;
#5219 = CIRCLE ( 'NONE', #1328, 1.999999999999994893 ) ;
#5220 = CARTESIAN_POINT ( 'NONE',  ( 28.99999999999999645, 2.999999999999988898, -36.79999999999999005 ) ) ;
#5221 = ADVANCED_FACE ( 'NONE', ( #820 ), #2256, .F. ) ;
#5222 = ORIENTED_EDGE ( 'NONE', *, *, #8509, .T. ) ;
#5223 = CARTESIAN_POINT ( 'NONE',  ( -1.499999999999966693, 11.00000000000000000, -15.00000000000001066 ) ) ;
#5224 = ORIENTED_EDGE ( 'NONE', *, *, #6078, .F. ) ;
#5225 = DIRECTION ( 'NONE',  ( 0.000000000000000000, 0.000000000000000000, 1.000000000000000000 ) ) ;
#5226 = CARTESIAN_POINT ( 'NONE',  ( -16.00000000000000000, 3.000000000000000000, -35.50096189432333915 ) ) ;
#5227 = CARTESIAN_POINT ( 'NONE',  ( -28.99999999999999645, 2.292944763917991846, -38.78517622632946171 ) ) ;
#5228 = LINE ( 'NONE', #8140, #7737 ) ;
#5229 = ADVANCED_FACE ( 'NONE', ( #7075 ), #4970, .F. ) ;
#5230 = CARTESIAN_POINT ( 'NONE',  ( -48.50000000000045475, 11.00000000000000000, 14.99999999999999289 ) ) ;
#5231 = VECTOR ( 'NONE', #6637, 1000.000000000000000 ) ;
#5232 = CARTESIAN_POINT ( 'NONE',  ( 19.50000000000000355, 9.599999999999999645, -40.74309577588133635 ) ) ;
#5233 = ADVANCED_FACE ( 'NONE', ( #3154 ), #2434, .F. ) ;
#5234 = LINE ( 'NONE', #2428, #8173 ) ;
#5235 = AXIS2_PLACEMENT_3D ( 'NONE', #4118, #6057, #8802 ) ;
#5236 = CARTESIAN_POINT ( 'NONE',  ( -39.99999999999999289, 0.000000000000000000, 37.00000000000000711 ) ) ;
#5237 = CARTESIAN_POINT ( 'NONE',  ( -16.00000000000000355, 0.2492631084122023943, -38.53779201325213677 ) ) ;
#5238 = CARTESIAN_POINT ( 'NONE',  ( -25.50000000000000355, 12.25881904511126130, -41.45552419183535164 ) ) ;
#5239 = ORIENTED_EDGE ( 'NONE', *, *, #349, .F. ) ;
#5240 = DIRECTION ( 'NONE',  ( 0.000000000000000000, 1.000000000000000000, 0.000000000000000000 ) ) ;
#5241 = CC_DESIGN_PERSON_AND_ORGANIZATION_ASSIGNMENT ( #3844, #1771, ( #8444 ) ) ;
#5242 = CARTESIAN_POINT ( 'NONE',  ( -13.49999999999956124, 13.00000000000000000, 14.99999999999999289 ) ) ;
#5243 = ORIENTED_EDGE ( 'NONE', *, *, #5197, .F. ) ;
#5244 = DIRECTION ( 'NONE',  ( -0.000000000000000000, -1.000000000000000000, -0.000000000000000000 ) ) ;
#5245 = DIRECTION ( 'NONE',  ( 0.000000000000000000, 0.000000000000000000, 1.000000000000000000 ) ) ;
#5246 = FACE_BOUND ( 'NONE', #3180, .T. ) ;
#5247 = ADVANCED_FACE ( 'NONE', ( #6531 ), #363, .F. ) ;
#5248 = EDGE_CURVE ( 'NONE', #4180, #2935, #321, .T. ) ;
#5249 = ORIENTED_EDGE ( 'NONE', *, *, #5455, .T. ) ;
#5250 = ORIENTED_EDGE ( 'NONE', *, *, #1768, .T. ) ;
#5251 = VECTOR ( 'NONE', #620, 1000.000000000000000 ) ;
#5252 = DIRECTION ( 'NONE',  ( 0.000000000000000000, 0.000000000000000000, 1.000000000000000000 ) ) ;
#5253 = ORIENTED_EDGE ( 'NONE', *, *, #10, .F. ) ;
#5254 = ORIENTED_EDGE ( 'NONE', *, *, #7495, .T. ) ;
#5255 = DIRECTION ( 'NONE',  ( 0.000000000000000000, 1.000000000000000000, 0.000000000000000000 ) ) ;
#5256 = DIRECTION ( 'NONE',  ( 0.000000000000000000, 1.000000000000000000, 0.000000000000000000 ) ) ;
#5257 = CARTESIAN_POINT ( 'NONE',  ( -10.00000000000000178, 13.00000000000000711, -34.99999999999999289 ) ) ;
#5258 = VECTOR ( 'NONE', #114, 1000.000000000000000 ) ;
#5259 = ORIENTED_EDGE ( 'NONE', *, *, #6958, .T. ) ;
#5260 = VERTEX_POINT ( 'NONE', #7804 ) ;
#5261 = EDGE_CURVE ( 'NONE', #2764, #5473, #2340, .T. ) ;
#5262 = ORIENTED_EDGE ( 'NONE', *, *, #310, .T. ) ;
#5263 = CARTESIAN_POINT ( 'NONE',  ( 37.49999999999977973, 13.00000000000000000, -5.000000000000007994 ) ) ;
#5264 = ORIENTED_EDGE ( 'NONE', *, *, #4911, .F. ) ;
#5265 = CIRCLE ( 'NONE', #5546, 1.999999999999994893 ) ;
#5266 = LINE ( 'NONE', #3181, #417 ) ;
#5267 = ORIENTED_EDGE ( 'NONE', *, *, #7964, .T. ) ;
#5268 = FACE_OUTER_BOUND ( 'NONE', #1227, .T. ) ;
#5269 = DIRECTION ( 'NONE',  ( 0.000000000000000000, 0.000000000000000000, 1.000000000000000000 ) ) ;
#5270 = DIRECTION ( 'NONE',  ( 0.000000000000000000, 1.000000000000000000, 0.000000000000000000 ) ) ;
#5271 = EDGE_CURVE ( 'NONE', #8718, #4904, #279, .T. ) ;
#5272 = LINE ( 'NONE', #6791, #1895 ) ;
#5273 = AXIS2_PLACEMENT_3D ( 'NONE', #4681, #7433, #6174 ) ;
#5274 = CARTESIAN_POINT ( 'NONE',  ( 16.00000000000000000, 12.99999999999999822, -41.65412303015308737 ) ) ;
#5275 = CARTESIAN_POINT ( 'NONE',  ( -28.99999999999999645, 2.849999999999266453, -36.88660254037745290 ) ) ;
#5276 = PLANE ( 'NONE',  #3862 ) ;
#5277 = DIRECTION ( 'NONE',  ( 0.000000000000000000, 1.000000000000000000, 0.000000000000000000 ) ) ;
#5278 = DIRECTION ( 'NONE',  ( -1.000000000000000000, 1.334402673828313339E-16, 0.000000000000000000 ) ) ;
#5279 = CARTESIAN_POINT ( 'NONE',  ( -16.00000000000000355, 0.4986820102566192903, -39.16852477314166947 ) ) ;
#5280 = CARTESIAN_POINT ( 'NONE',  ( -36.50000000000003553, 13.00000000000000000, -15.00000000000001066 ) ) ;
#5281 = ORIENTED_EDGE ( 'NONE', *, *, #448, .T. ) ;
#5282 = CARTESIAN_POINT ( 'NONE',  ( 24.50000000000003553, 11.00000000000000000, -15.00000000000001066 ) ) ;
#5283 = EDGE_CURVE ( 'NONE', #5032, #6559, #7720, .T. ) ;
#5284 = AXIS2_PLACEMENT_3D ( 'NONE', #1581, #5815, #4337 ) ;
#5285 = VECTOR ( 'NONE', #5078, 1000.000000000000000 ) ;
#5286 = VECTOR ( 'NONE', #4286, 1000.000000000000000 ) ;
#5287 = CARTESIAN_POINT ( 'NONE',  ( 57.49999999999999289, 0.000000000000000000, 17.50000000000000355 ) ) ;
#5288 = ORIENTED_EDGE ( 'NONE', *, *, #3535, .T. ) ;
#5289 = CARTESIAN_POINT ( 'NONE',  ( 12.50000000000044764, 11.00000000000000000, 24.99999999999998934 ) ) ;
#5290 = CARTESIAN_POINT ( 'NONE',  ( 23.49999999999997868, 13.00000000000000000, -15.00000000000001066 ) ) ;
#5291 = VECTOR ( 'NONE', #1758, 1000.000000000000000 ) ;
#5292 = LINE ( 'NONE', #7492, #6014 ) ;
#5293 = VECTOR ( 'NONE', #5397, 1000.000000000000000 ) ;
#5294 = EDGE_LOOP ( 'NONE', ( #684, #250, #2362, #6711 ) ) ;
#5295 = ORIENTED_EDGE ( 'NONE', *, *, #7057, .F. ) ;
#5296 = CIRCLE ( 'NONE', #3704, 1.999999999999994893 ) ;
#5297 = EDGE_CURVE ( 'NONE', #3017, #5473, #7283, .T. ) ;
#5298 = CARTESIAN_POINT ( 'NONE',  ( 12.00000000000000355, 13.00000000000000000, -13.06350832689631325 ) ) ;
#5299 = ORIENTED_EDGE ( 'NONE', *, *, #8203, .F. ) ;
#5300 = CARTESIAN_POINT ( 'NONE',  ( -48.00000000000001421, 12.00000000000000000, -26.93649167310370629 ) ) ;
#5301 = EDGE_LOOP ( 'NONE', ( #3103, #6356, #3087, #4913 ) ) ;
#5302 = DIRECTION ( 'NONE',  ( 0.000000000000000000, 0.000000000000000000, 1.000000000000000000 ) ) ;
#5303 = LINE ( 'NONE', #2539, #2127 ) ;
#5304 = LINE ( 'NONE', #474, #7729 ) ;
#5305 = ORIENTED_EDGE ( 'NONE', *, *, #5820, .F. ) ;
#5306 = ORIENTED_EDGE ( 'NONE', *, *, #8354, .F. ) ;
#5307 = ORIENTED_EDGE ( 'NONE', *, *, #8094, .F. ) ;
#5308 = CARTESIAN_POINT ( 'NONE',  ( -34.50000000000024869, 11.00000000000000000, 4.999999999999990230 ) ) ;
#5309 = CIRCLE ( 'NONE', #7886, 1.999999999999994893 ) ;
#5310 = ADVANCED_FACE ( 'NONE', ( #2300 ), #1625, .F. ) ;
#5311 = ORIENTED_EDGE ( 'NONE', *, *, #2780, .F. ) ;
#5312 = EDGE_LOOP ( 'NONE', ( #7192, #6194, #8670, #5875 ) ) ;
#5313 = FACE_OUTER_BOUND ( 'NONE', #866, .T. ) ;
#5314 = VECTOR ( 'NONE', #3708, 1000.000000000000000 ) ;
#5315 = DIRECTION ( 'NONE',  ( -0.000000000000000000, -1.000000000000000000, -0.000000000000000000 ) ) ;
#5316 = CARTESIAN_POINT ( 'NONE',  ( 13.00000000000000178, 7.599999999999996092, 37.00000000000000711 ) ) ;
#5317 = CYLINDRICAL_SURFACE ( 'NONE', #1321, 1.999999999999994893 ) ;
#5318 = CARTESIAN_POINT ( 'NONE',  ( -35.49999999999957367, 11.00000000000000000, 14.99999999999999289 ) ) ;
#5319 = VECTOR ( 'NONE', #7386, 1000.000000000000000 ) ;
#5320 = CARTESIAN_POINT ( 'NONE',  ( -28.99999999999999645, 2.700000000000145839, -36.97320508075679868 ) ) ;
#5321 = CYLINDRICAL_SURFACE ( 'NONE', #3729, 1.999999999999994893 ) ;
#5322 = EDGE_CURVE ( 'NONE', #8045, #7761, #8721, .T. ) ;
#5323 = DIRECTION ( 'NONE',  ( -0.000000000000000000, -1.000000000000000000, -0.000000000000000000 ) ) ;
#5324 = CARTESIAN_POINT ( 'NONE',  ( 13.49999999999955413, 13.00000000000000000, 24.99999999999998934 ) ) ;
#5325 = CARTESIAN_POINT ( 'NONE',  ( 10.50000000000023803, 11.00000000000000000, 4.999999999999990230 ) ) ;
#5326 = CARTESIAN_POINT ( 'NONE',  ( -0.5000000000002294831, 13.00000000000000000, -5.000000000000007994 ) ) ;
#5327 = ORIENTED_EDGE ( 'NONE', *, *, #8822, .F. ) ;
#5328 = CARTESIAN_POINT ( 'NONE',  ( -22.50000000000000000, 9.600000000001417177, -42.29601004648966978 ) ) ;
#5329 = EDGE_CURVE ( 'NONE', #6779, #6199, #7172, .T. ) ;
#5330 = FACE_OUTER_BOUND ( 'NONE', #4261, .T. ) ;
#5331 = DIRECTION ( 'NONE',  ( 0.000000000000000000, 1.000000000000000000, 0.000000000000000000 ) ) ;
#5332 = CARTESIAN_POINT ( 'NONE',  ( 22.50000000000003553, 11.00000000000000000, -15.00000000000001066 ) ) ;
#5333 = LINE ( 'NONE', #1316, #955 ) ;
#5334 = CARTESIAN_POINT ( 'NONE',  ( 12.00000000000000355, 13.00000000000000000, -6.936491673103652111 ) ) ;
#5335 = ORIENTED_EDGE ( 'NONE', *, *, #2921, .F. ) ;
#5336 = ORIENTED_EDGE ( 'NONE', *, *, #1830, .F. ) ;
#5337 = DIRECTION ( 'NONE',  ( 0.000000000000000000, 0.000000000000000000, 1.000000000000000000 ) ) ;
#5338 = ORIENTED_EDGE ( 'NONE', *, *, #8615, .T. ) ;
#5339 = EDGE_CURVE ( 'NONE', #118, #1498, #4465, .T. ) ;
#5340 = DIRECTION ( 'NONE',  ( -0.000000000000000000, -1.000000000000000000, -0.000000000000000000 ) ) ;
#5341 = ORIENTED_EDGE ( 'NONE', *, *, #4271, .F. ) ;
#5342 = DIRECTION ( 'NONE',  ( -0.000000000000000000, -1.000000000000000000, -0.000000000000000000 ) ) ;
#5343 = DIRECTION ( 'NONE',  ( 0.000000000000000000, 1.000000000000000000, 0.000000000000000000 ) ) ;
#5344 = AXIS2_PLACEMENT_3D ( 'NONE', #2955, #1072, #348 ) ;
#5345 = CARTESIAN_POINT ( 'NONE',  ( -10.50000000000044587, 11.00000000000000000, 24.99999999999998579 ) ) ;
#5346 = ORIENTED_EDGE ( 'NONE', *, *, #2772, .F. ) ;
#5347 = ORIENTED_EDGE ( 'NONE', *, *, #7439, .F. ) ;
#5348 = ORIENTED_EDGE ( 'NONE', *, *, #7832, .T. ) ;
#5349 = CYLINDRICAL_SURFACE ( 'NONE', #2767, 1.000000000000000888 ) ;
#5350 = VECTOR ( 'NONE', #6730, 1000.000000000000000 ) ;
#5351 = ORIENTED_EDGE ( 'NONE', *, *, #739, .F. ) ;
#5352 = EDGE_CURVE ( 'NONE', #33, #130, #7121, .T. ) ;
#5353 = ORIENTED_EDGE ( 'NONE', *, *, #4972, .T. ) ;
#5354 = VERTEX_POINT ( 'NONE', #8605 ) ;
#5355 = DIRECTION ( 'NONE',  ( 0.000000000000000000, 0.000000000000000000, 1.000000000000000000 ) ) ;
#5356 = PLANE ( 'NONE',  #6829 ) ;
#5357 = DIRECTION ( 'NONE',  ( 0.000000000000000000, 0.000000000000000000, 1.000000000000000000 ) ) ;
#5358 = ADVANCED_FACE ( 'NONE', ( #7258 ), #1802, .F. ) ;
#5359 = ADVANCED_FACE ( 'NONE', ( #954 ), #6403, .F. ) ;
#5360 = AXIS2_PLACEMENT_3D ( 'NONE', #1395, #4148, #6891 ) ;
#5361 = CARTESIAN_POINT ( 'NONE',  ( -47.49999999999998579, 11.00000000000000000, -15.00000000000001066 ) ) ;
#5362 = CARTESIAN_POINT ( 'NONE',  ( 16.00000000000000000, 3.408263017676439688, -39.08402485172864971 ) ) ;
#5363 = CARTESIAN_POINT ( 'NONE',  ( 39.99999999999999289, 13.00000000000000000, 37.00000000000000711 ) ) ;
#5364 = CARTESIAN_POINT ( 'NONE',  ( 47.49999999999978684, 11.00000000000000000, -5.000000000000007994 ) ) ;
#5365 = CARTESIAN_POINT ( 'NONE',  ( 10.00000000000000000, 7.599999999999996092, 47.00000000000001421 ) ) ;
#5366 = LINE ( 'NONE', #8104, #4541 ) ;
#5367 = CARTESIAN_POINT ( 'NONE',  ( -16.00000000000000000, 1.153186201505349118, -36.13420763613510189 ) ) ;
#5368 = CARTESIAN_POINT ( 'NONE',  ( -25.50000000000000355, 9.599999999999999645, -40.74309577588133635 ) ) ;
#5369 = CARTESIAN_POINT ( 'NONE',  ( 1.499999999999557243, 13.00000000000000000, 14.99999999999999289 ) ) ;
#5370 = EDGE_CURVE ( 'NONE', #3532, #1000, #4846, .T. ) ;
#5371 = VECTOR ( 'NONE', #7956, 1000.000000000000114 ) ;
#5372 = DIRECTION ( 'NONE',  ( 0.000000000000000000, 0.000000000000000000, 1.000000000000000000 ) ) ;
#5373 = DIRECTION ( 'NONE',  ( 0.000000000000000000, 1.000000000000000000, 0.000000000000000000 ) ) ;
#5374 = LINE ( 'NONE', #8657, #3571 ) ;
#5375 = DIRECTION ( 'NONE',  ( 0.000000000000000000, 1.000000000000000000, 0.000000000000000000 ) ) ;
#5376 = DIRECTION ( 'NONE',  ( -1.000000000000000000, -2.040851148208008491E-16, -0.000000000000000000 ) ) ;
#5377 = EDGE_CURVE ( 'NONE', #2726, #3413, #682, .T. ) ;
#5378 = ORIENTED_EDGE ( 'NONE', *, *, #4838, .T. ) ;
#5379 = CARTESIAN_POINT ( 'NONE',  ( 25.49999999999956302, 11.00000000000000000, 14.99999999999999289 ) ) ;
#5380 = PLANE ( 'NONE',  #6230 ) ;
#5381 = ORIENTED_EDGE ( 'NONE', *, *, #7339, .T. ) ;
#5382 = DIRECTION ( 'NONE',  ( -1.000000000000000000, 0.000000000000000000, 0.000000000000000000 ) ) ;
#5383 = VERTEX_POINT ( 'NONE', #7844 ) ;
#5384 = CARTESIAN_POINT ( 'NONE',  ( -49.49999999999977973, 13.00000000000000000, -5.000000000000007994 ) ) ;
#5385 = CARTESIAN_POINT ( 'NONE',  ( -16.00000000000000000, 0.5374552005777324393, -36.79185932787714108 ) ) ;
#5386 = CARTESIAN_POINT ( 'NONE',  ( -24.00000000000000711, 13.00000000000000000, 26.93649167310357839 ) ) ;
#5387 = ORIENTED_EDGE ( 'NONE', *, *, #6474, .T. ) ;
#5388 = VERTEX_POINT ( 'NONE', #4427 ) ;
#5389 = ADVANCED_FACE ( 'NONE', ( #6489 ), #2566, .F. ) ;
#5390 = ORIENTED_EDGE ( 'NONE', *, *, #3473, .T. ) ;
#5391 = ORIENTED_EDGE ( 'NONE', *, *, #6584, .T. ) ;
#5392 = ORIENTED_EDGE ( 'NONE', *, *, #6749, .F. ) ;
#5393 = ORIENTED_EDGE ( 'NONE', *, *, #6945, .F. ) ;
#5394 = CARTESIAN_POINT ( 'NONE',  ( -28.99999999999999645, 2.099999999999986766, -37.31961524227066462 ) ) ;
#5395 = AXIS2_PLACEMENT_3D ( 'NONE', #5663, #4811, #2055 ) ;
#5396 = LINE ( 'NONE', #6113, #3804 ) ;
#5397 = DIRECTION ( 'NONE',  ( 0.000000000000000000, 0.000000000000000000, 1.000000000000000000 ) ) ;
#5398 = CARTESIAN_POINT ( 'NONE',  ( 22.50000000000024869, 13.00000000000000000, 4.999999999999990230 ) ) ;
#5399 = CARTESIAN_POINT ( 'NONE',  ( 1.499999999999973577, 11.00000000000000000, -15.00000000000001066 ) ) ;
#5400 = CIRCLE ( 'NONE', #4677, 19.50000000000000355 ) ;
#5401 = CARTESIAN_POINT ( 'NONE',  ( 59.50000000000001421, 13.00000000000000000, -17.49999999999999645 ) ) ;
#5402 = EDGE_CURVE ( 'NONE', #204, #3655, #8789, .T. ) ;
#5403 = CARTESIAN_POINT ( 'NONE',  ( 24.00000000000000711, 12.00000000000000000, 26.93649167310357839 ) ) ;
#5404 = DIRECTION ( 'NONE',  ( 0.000000000000000000, 0.000000000000000000, 1.000000000000000000 ) ) ;
#5405 = CARTESIAN_POINT ( 'NONE',  ( 13.49999999999997691, 13.00000000000000000, -25.00000000000000711 ) ) ;
#5406 = CARTESIAN_POINT ( 'NONE',  ( -16.00000000000000000, 2.999999999999988898, -36.79999999999999005 ) ) ;
#5407 = AXIS2_PLACEMENT_3D ( 'NONE', #3195, #5903, #3878 ) ;
#5408 = CARTESIAN_POINT ( 'NONE',  ( 24.50000000000024514, 13.00000000000000000, 4.999999999999990230 ) ) ;
#5409 = ORIENTED_EDGE ( 'NONE', *, *, #4326, .F. ) ;
#5410 = DIRECTION ( 'NONE',  ( -0.000000000000000000, -1.000000000000000000, -0.000000000000000000 ) ) ;
#5411 = ADVANCED_FACE ( 'NONE', ( #549 ), #7351, .F. ) ;
#5412 = LINE ( 'NONE', #6672, #847 ) ;
#5413 = DIRECTION ( 'NONE',  ( -1.000000000000000000, 2.040851148208007998E-16, 0.000000000000000000 ) ) ;
#5414 = DIRECTION ( 'NONE',  ( -1.000000000000000000, 6.418476861114188616E-15, 0.000000000000000000 ) ) ;
#5415 = EDGE_CURVE ( 'NONE', #644, #2818, #1982, .T. ) ;
#5416 = CARTESIAN_POINT ( 'NONE',  ( 19.50000000000000355, 12.00000000000000355, -42.42145001812207994 ) ) ;
#5417 = CIRCLE ( 'NONE', #2964, 1.999999999999994893 ) ;
#5418 = EDGE_LOOP ( 'NONE', ( #8075, #5259, #5039, #1467 ) ) ;
#5419 = DIRECTION ( 'NONE',  ( -1.000000000000000000, 0.000000000000000000, 0.000000000000000000 ) ) ;
#5420 = CIRCLE ( 'NONE', #963, 1.999999999999994893 ) ;
#5421 = ORIENTED_EDGE ( 'NONE', *, *, #7078, .T. ) ;
#5422 = VECTOR ( 'NONE', #1762, 1000.000000000000000 ) ;
#5423 = LINE ( 'NONE', #4653, #6801 ) ;
#5424 = ORIENTED_EDGE ( 'NONE', *, *, #5713, .T. ) ;
#5425 = APPROVAL_PERSON_ORGANIZATION ( #7085, #280, #5747 ) ;
#5426 = PLANE ( 'NONE',  #3579 ) ;
#5427 = EDGE_CURVE ( 'NONE', #7874, #1378, #1398, .T. ) ;
#5428 = CARTESIAN_POINT ( 'NONE',  ( 16.00000000000000000, 2.500000000000000000, -38.01243556529820466 ) ) ;
#5429 = ORIENTED_EDGE ( 'NONE', *, *, #238, .F. ) ;
#5430 = PLANE ( 'NONE',  #4250 ) ;
#5431 = VECTOR ( 'NONE', #4499, 1000.000000000000000 ) ;
#5432 = FACE_OUTER_BOUND ( 'NONE', #710, .T. ) ;
#5433 = LINE ( 'NONE', #7368, #3105 ) ;
#5434 = ORIENTED_EDGE ( 'NONE', *, *, #7221, .F. ) ;
#5435 = ORIENTED_EDGE ( 'NONE', *, *, #3857, .T. ) ;
#5436 = VECTOR ( 'NONE', #3673, 1000.000000000000000 ) ;
#5437 = EDGE_CURVE ( 'NONE', #2941, #8122, #8732, .T. ) ;
#5438 = ORIENTED_EDGE ( 'NONE', *, *, #798, .F. ) ;
#5439 = EDGE_LOOP ( 'NONE', ( #8914, #1428, #5239, #3315 ) ) ;
#5440 = ORIENTED_EDGE ( 'NONE', *, *, #4094, .F. ) ;
#5441 = CARTESIAN_POINT ( 'NONE',  ( -25.49999999999956302, 11.00000000000000000, 14.99999999999999289 ) ) ;
#5442 = EDGE_CURVE ( 'NONE', #779, #2275, #4737, .T. ) ;
#5443 = CARTESIAN_POINT ( 'NONE',  ( 34.50000000000044764, 11.00000000000000000, 14.99999999999999289 ) ) ;
#5444 = AXIS2_PLACEMENT_3D ( 'NONE', #5289, #3247, #3110 ) ;
#5445 = FACE_OUTER_BOUND ( 'NONE', #276, .T. ) ;
#5446 = CYLINDRICAL_SURFACE ( 'NONE', #5497, 1.999999999999994893 ) ;
#5447 = AXIS2_PLACEMENT_3D ( 'NONE', #7797, #1756, #3739 ) ;
#5448 = EDGE_LOOP ( 'NONE', ( #4061, #4706, #848, #980 ) ) ;
#5449 = CARTESIAN_POINT ( 'NONE',  ( -28.99999999999999645, 2.111318384946025084, -38.71276857034196439 ) ) ;
#5450 = AXIS2_PLACEMENT_3D ( 'NONE', #914, #7809, #1631 ) ;
#5451 = FACE_OUTER_BOUND ( 'NONE', #1345, .T. ) ;
#5452 = VERTEX_POINT ( 'NONE', #3294 ) ;
#5453 = CARTESIAN_POINT ( 'NONE',  ( 0.5000000000004447553, 11.00000000000000000, 24.99999999999998934 ) ) ;
#5454 = AXIS2_PLACEMENT_3D ( 'NONE', #3204, #2475, #4556 ) ;
#5455 = EDGE_CURVE ( 'NONE', #248, #7841, #6048, .T. ) ;
#5456 = CYLINDRICAL_SURFACE ( 'NONE', #8273, 1.999999999999994893 ) ;
#5457 = LINE ( 'NONE', #6602, #6415 ) ;
#5458 = CARTESIAN_POINT ( 'NONE',  ( 16.00000000000000000, 1.443749999999963229, -35.96645054885747328 ) ) ;
#5459 = ORIENTED_EDGE ( 'NONE', *, *, #2645, .T. ) ;
#5460 = DIRECTION ( 'NONE',  ( 0.000000000000000000, 0.000000000000000000, 1.000000000000000000 ) ) ;
#5461 = VECTOR ( 'NONE', #3044, 1000.000000000000000 ) ;
#5462 = EDGE_CURVE ( 'NONE', #3755, #5972, #4640, .T. ) ;
#5463 = CARTESIAN_POINT ( 'NONE',  ( 22.50000000000045830, 11.00000000000000000, 24.99999999999998934 ) ) ;
#5464 = CC_DESIGN_PERSON_AND_ORGANIZATION_ASSIGNMENT ( #8753, #4695, ( #8878 ) ) ;
#5465 = CYLINDRICAL_SURFACE ( 'NONE', #5157, 1.999999999999994893 ) ;
#5466 = DIRECTION ( 'NONE',  ( 0.000000000000000000, 1.000000000000000000, 0.000000000000000000 ) ) ;
#5467 = CARTESIAN_POINT ( 'NONE',  ( 19.50000000000000355, 9.599999999999999645, -40.74309577588133635 ) ) ;
#5468 = DIRECTION ( 'NONE',  ( 0.000000000000000000, 1.000000000000000000, 0.000000000000000000 ) ) ;
#5469 = ADVANCED_FACE ( 'NONE', ( #6712 ), #1852, .F. ) ;
#5470 = EDGE_CURVE ( 'NONE', #8358, #5734, #8692, .T. ) ;
#5471 = ORIENTED_EDGE ( 'NONE', *, *, #3106, .T. ) ;
#5472 = FACE_OUTER_BOUND ( 'NONE', #1605, .T. ) ;
#5473 = VERTEX_POINT ( 'NONE', #5369 ) ;
#5474 = FACE_OUTER_BOUND ( 'NONE', #3619, .T. ) ;
#5475 = DIRECTION ( 'NONE',  ( 0.000000000000000000, 0.000000000000000000, 1.000000000000000000 ) ) ;
#5476 = VERTEX_POINT ( 'NONE', #1934 ) ;
#5477 = DIRECTION ( 'NONE',  ( 0.000000000000000000, 0.000000000000000000, 1.000000000000000000 ) ) ;
#5478 = CARTESIAN_POINT ( 'NONE',  ( -16.00000000000000000, 0.4718339899309914598, -39.18806152621488081 ) ) ;
#5479 = PLANE ( 'NONE',  #6567 ) ;
#5480 = ORIENTED_EDGE ( 'NONE', *, *, #2106, .T. ) ;
#5481 = ORIENTED_EDGE ( 'NONE', *, *, #3810, .F. ) ;
#5482 = VERTEX_POINT ( 'NONE', #4687 ) ;
#5483 = CIRCLE ( 'NONE', #4052, 1.000000000000000888 ) ;
#5484 = ORIENTED_EDGE ( 'NONE', *, *, #4984, .F. ) ;
#5485 = CYLINDRICAL_SURFACE ( 'NONE', #2314, 1.999999999999994893 ) ;
#5486 = DIRECTION ( 'NONE',  ( 0.000000000000000000, 0.000000000000000000, 1.000000000000000000 ) ) ;
#5487 = FACE_OUTER_BOUND ( 'NONE', #4045, .T. ) ;
#5488 = CARTESIAN_POINT ( 'NONE',  ( -35.49999999999999289, 11.00000000000000000, -25.00000000000000711 ) ) ;
#5489 = EDGE_LOOP ( 'NONE', ( #4982, #4609, #4435, #161 ) ) ;
#5490 = AXIS2_PLACEMENT_3D ( 'NONE', #4670, #7423, #5979 ) ;
#5491 = ADVANCED_FACE ( 'NONE', ( #3245 ), #4018, .T. ) ;
#5492 = CARTESIAN_POINT ( 'NONE',  ( -16.00000000000000000, 9.430981587972004476, -40.69780742887106584 ) ) ;
#5493 = CARTESIAN_POINT ( 'NONE',  ( 36.50000000000003553, 13.00000000000000000, -15.00000000000001066 ) ) ;
#5494 = ORIENTED_EDGE ( 'NONE', *, *, #4219, .F. ) ;
#5495 = PLANE ( 'NONE',  #4760 ) ;
#5496 = CYLINDRICAL_SURFACE ( 'NONE', #660, 1.999999999999994893 ) ;
#5497 = AXIS2_PLACEMENT_3D ( 'NONE', #8187, #7561, #2014 ) ;
#5498 = CARTESIAN_POINT ( 'NONE',  ( 16.00000000000000000, 0.1607325623968419159, -37.86491972910407355 ) ) ;
#5499 = ORIENTED_EDGE ( 'NONE', *, *, #2394, .F. ) ;
#5500 = CYLINDRICAL_SURFACE ( 'NONE', #4998, 1.999999999999994893 ) ;
#5501 = CARTESIAN_POINT ( 'NONE',  ( 28.99999999999999645, 2.118746317227650167, -37.30878423896998441 ) ) ;
#5502 = EDGE_CURVE ( 'NONE', #5473, #8845, #6669, .T. ) ;
#5503 = LINE ( 'NONE', #2031, #8747 ) ;
#5504 = FACE_OUTER_BOUND ( 'NONE', #6784, .T. ) ;
#5505 = CARTESIAN_POINT ( 'NONE',  ( -11.49999999999956657, 11.00000000000000000, 14.99999999999999289 ) ) ;
#5506 = DIRECTION ( 'NONE',  ( 0.000000000000000000, 0.000000000000000000, 1.000000000000000000 ) ) ;
#5507 = ORIENTED_EDGE ( 'NONE', *, *, #7955, .F. ) ;
#5508 = DIRECTION ( 'NONE',  ( 0.000000000000000000, 1.000000000000000000, 0.000000000000000000 ) ) ;
#5509 = ORIENTED_EDGE ( 'NONE', *, *, #8759, .F. ) ;
#5510 = AXIS2_PLACEMENT_3D ( 'NONE', #3874, #2640, #584 ) ;
#5511 = DIRECTION ( 'NONE',  ( -1.000000000000000000, 0.000000000000000000, -3.965082230804130713E-16 ) ) ;
#5512 = EDGE_LOOP ( 'NONE', ( #5794, #5664, #7410, #7169 ) ) ;
#5513 = DIRECTION ( 'NONE',  ( -0.000000000000000000, -1.000000000000000000, -0.000000000000000000 ) ) ;
#5514 = EDGE_CURVE ( 'NONE', #8769, #212, #8012, .T. ) ;
#5515 = EDGE_CURVE ( 'NONE', #2271, #1426, #1253, .T. ) ;
#5516 = LINE ( 'NONE', #6952, #5908 ) ;
#5517 = ORIENTED_EDGE ( 'NONE', *, *, #6670, .F. ) ;
#5518 = CARTESIAN_POINT ( 'NONE',  ( -25.50000000000000355, 10.86666666667720094, -42.63541235690099285 ) ) ;
#5519 = CARTESIAN_POINT ( 'NONE',  ( -28.99999999999999645, 1.867975185226091295, -40.22420197960985888 ) ) ;
#5520 = CARTESIAN_POINT ( 'NONE',  ( -22.50000000000024158, 11.00000000000000000, -5.000000000000007994 ) ) ;
#5521 = VECTOR ( 'NONE', #1139, 1000.000000000000000 ) ;
#5522 = VERTEX_POINT ( 'NONE', #498 ) ;
#5523 = ORIENTED_EDGE ( 'NONE', *, *, #5377, .T. ) ;
#5524 = CIRCLE ( 'NONE', #4234, 1.999999999999994893 ) ;
#5525 = ORIENTED_EDGE ( 'NONE', *, *, #8428, .T. ) ;
#5526 = EDGE_CURVE ( 'NONE', #4189, #8386, #2027, .T. ) ;
#5527 = ORIENTED_EDGE ( 'NONE', *, *, #7122, .T. ) ;
#5528 = EDGE_LOOP ( 'NONE', ( #3978, #5387, #3457, #5194 ) ) ;
#5529 = CYLINDRICAL_SURFACE ( 'NONE', #5205, 1.999999999999994893 ) ;
#5530 = CARTESIAN_POINT ( 'NONE',  ( -12.00000000000000355, 13.00000000000000000, -13.06350832689631325 ) ) ;
#5531 = EDGE_CURVE ( 'NONE', #8743, #170, #6715, .T. ) ;
#5532 = DIRECTION ( 'NONE',  ( 0.000000000000000000, -1.000000000000000000, 0.000000000000000000 ) ) ;
#5533 = DIRECTION ( 'NONE',  ( -0.000000000000000000, -1.000000000000000000, -0.000000000000000000 ) ) ;
#5534 = ORIENTED_EDGE ( 'NONE', *, *, #7919, .T. ) ;
#5535 = CARTESIAN_POINT ( 'NONE',  ( -16.00000000000000000, 2.474999999999911715, -37.10310889132458811 ) ) ;
#5536 = AXIS2_PLACEMENT_3D ( 'NONE', #6551, #1062, #7909 ) ;
#5537 = DIRECTION ( 'NONE',  ( 0.000000000000000000, 1.000000000000000000, 0.000000000000000000 ) ) ;
#5538 = ORIENTED_EDGE ( 'NONE', *, *, #664, .T. ) ;
#5539 = DIRECTION ( 'NONE',  ( 1.000000000000000000, 0.000000000000000000, -0.000000000000000000 ) ) ;
#5540 = CARTESIAN_POINT ( 'NONE',  ( -10.00000000000000000, 8.500000000000000000, 37.00000000000000711 ) ) ;
#5541 = EDGE_CURVE ( 'NONE', #7268, #2989, #8744, .T. ) ;
#5542 = DIRECTION ( 'NONE',  ( 0.000000000000000000, 0.000000000000000000, 1.000000000000000000 ) ) ;
#5543 = VERTEX_POINT ( 'NONE', #8 ) ;
#5544 = VERTEX_POINT ( 'NONE', #4918 ) ;
#5545 = CARTESIAN_POINT ( 'NONE',  ( -13.49999999999956124, 11.00000000000000000, 14.99999999999999289 ) ) ;
#5546 = AXIS2_PLACEMENT_3D ( 'NONE', #3940, #7366, #3218 ) ;
#5547 = FACE_OUTER_BOUND ( 'NONE', #1648, .T. ) ;
#5548 = VERTEX_POINT ( 'NONE', #2830 ) ;
#5549 = CARTESIAN_POINT ( 'NONE',  ( -39.99999999999999289, 0.000000000000000000, 17.50000000000000711 ) ) ;
#5550 = AXIS2_PLACEMENT_3D ( 'NONE', #8645, #453, #5066 ) ;
#5551 = CARTESIAN_POINT ( 'NONE',  ( -13.00000000000000178, 7.599999999999999645, -37.00000000000000711 ) ) ;
#5552 = DIRECTION ( 'NONE',  ( 0.000000000000000000, 0.000000000000000000, -1.000000000000000000 ) ) ;
#5553 = LINE ( 'NONE', #7674, #6277 ) ;
#5554 = EDGE_CURVE ( 'NONE', #6594, #3403, #2538, .T. ) ;
#5555 = ORIENTED_EDGE ( 'NONE', *, *, #2532, .T. ) ;
#5556 = CARTESIAN_POINT ( 'NONE',  ( 19.50000000000000355, 13.00000000000000000, -44.85412303015306179 ) ) ;
#5557 = VERTEX_POINT ( 'NONE', #5675 ) ;
#5558 = DIRECTION ( 'NONE',  ( -0.000000000000000000, -1.000000000000000000, -0.000000000000000000 ) ) ;
#5559 = VERTEX_POINT ( 'NONE', #7708 ) ;
#5560 = DIRECTION ( 'NONE',  ( 1.982541115402065356E-16, 0.000000000000000000, -1.000000000000000000 ) ) ;
#5561 = AXIS2_PLACEMENT_3D ( 'NONE', #4638, #5995, #8151 ) ;
#5562 = LINE ( 'NONE', #3614, #7665 ) ;
#5563 = ORIENTED_EDGE ( 'NONE', *, *, #8642, .F. ) ;
#5564 = CARTESIAN_POINT ( 'NONE',  ( 1.499999999999758415, 11.00000000000000000, 4.999999999999990230 ) ) ;
#5565 = EDGE_LOOP ( 'NONE', ( #8756, #6435, #6492, #3101 ) ) ;
#5566 = CARTESIAN_POINT ( 'NONE',  ( -28.99999999999999645, 3.689225402278059285, -40.71222276639854698 ) ) ;
#5567 = VECTOR ( 'NONE', #4845, 1000.000000000000000 ) ;
#5568 = DIRECTION ( 'NONE',  ( -0.000000000000000000, -1.000000000000000000, -0.000000000000000000 ) ) ;
#5569 = AXIS2_PLACEMENT_3D ( 'NONE', #2793, #4248, #4888 ) ;
#5570 = ORIENTED_EDGE ( 'NONE', *, *, #8020, .F. ) ;
#5571 = AXIS2_PLACEMENT_3D ( 'NONE', #3198, #496, #3243 ) ;
#5572 = EDGE_LOOP ( 'NONE', ( #7789, #7479, #8197, #7446 ) ) ;
#5573 = EDGE_CURVE ( 'NONE', #8260, #1900, #94, .T. ) ;
#5574 = VECTOR ( 'NONE', #8458, 1000.000000000000000 ) ;
#5575 = ORIENTED_EDGE ( 'NONE', *, *, #6011, .F. ) ;
#5576 = AXIS2_PLACEMENT_3D ( 'NONE', #5282, #8153, #2609 ) ;
#5577 = EDGE_LOOP ( 'NONE', ( #5351, #8092, #52, #6242 ) ) ;
#5578 = PLANE ( 'NONE',  #4617 ) ;
#5579 = CARTESIAN_POINT ( 'NONE',  ( -46.50000000000004974, 11.00000000000000000, -15.00000000000001066 ) ) ;
#5580 = AXIS2_PLACEMENT_3D ( 'NONE', #3100, #5857, #8601 ) ;
#5581 = DIRECTION ( 'NONE',  ( -0.000000000000000000, -0.000000000000000000, -1.000000000000000000 ) ) ;
#5582 = DIRECTION ( 'NONE',  ( 0.000000000000000000, 0.000000000000000000, 1.000000000000000000 ) ) ;
#5583 = AXIS2_PLACEMENT_3D ( 'NONE', #6655, #3870, #6615 ) ;
#5584 = ORIENTED_EDGE ( 'NONE', *, *, #1755, .F. ) ;
#5585 = EDGE_CURVE ( 'NONE', #22, #8609, #3212, .T. ) ;
#5586 = CARTESIAN_POINT ( 'NONE',  ( -16.00000000000000000, 2.218246106614026214, -38.76143378178163346 ) ) ;
#5587 = CARTESIAN_POINT ( 'NONE',  ( 16.00000000000000000, -11.41562369461536441, -35.50096189432333915 ) ) ;
#5588 = ORIENTED_EDGE ( 'NONE', *, *, #2301, .T. ) ;
#5589 = DIRECTION ( 'NONE',  ( 0.000000000000000000, 0.000000000000000000, 1.000000000000000000 ) ) ;
#5590 = CARTESIAN_POINT ( 'NONE',  ( -49.49999999999977973, 11.00000000000000000, 4.999999999999990230 ) ) ;
#5591 = CARTESIAN_POINT ( 'NONE',  ( 22.50000000000045119, 11.00000000000000000, 14.99999999999999289 ) ) ;
#5592 = CARTESIAN_POINT ( 'NONE',  ( -16.00000000000000000, 2.033991634547325678, -37.36188211779253265 ) ) ;
#5593 = FACE_OUTER_BOUND ( 'NONE', #8488, .T. ) ;
#5594 = AXIS2_PLACEMENT_3D ( 'NONE', #2613, #5373, #8111 ) ;
#5595 = LINE ( 'NONE', #812, #1067 ) ;
#5596 = ADVANCED_FACE ( 'NONE', ( #6844 ), #6934, .F. ) ;
#5597 = VECTOR ( 'NONE', #6762, 1000.000000000000000 ) ;
#5598 = CARTESIAN_POINT ( 'NONE',  ( 49.49999999999977973, 13.00000000000000000, -5.000000000000007994 ) ) ;
#5599 = FACE_OUTER_BOUND ( 'NONE', #2727, .T. ) ;
#5600 = AXIS2_PLACEMENT_3D ( 'NONE', #1315, #4559, #1143 ) ;
#5601 = DIRECTION ( 'NONE',  ( 0.000000000000000000, 1.000000000000000000, 0.000000000000000000 ) ) ;
#5602 = ORIENTED_EDGE ( 'NONE', *, *, #7004, .T. ) ;
#5603 = LINE ( 'NONE', #8343, #5703 ) ;
#5604 = EDGE_CURVE ( 'NONE', #4564, #74, #1402, .T. ) ;
#5605 = ORIENTED_EDGE ( 'NONE', *, *, #6735, .T. ) ;
#5606 = ADVANCED_FACE ( 'NONE', ( #2742 ), #5006, .F. ) ;
#5607 = LINE ( 'NONE', #7805, #6373 ) ;
#5608 = VERTEX_POINT ( 'NONE', #1355 ) ;
#5609 = LINE ( 'NONE', #8478, #3287 ) ;
#5610 = CARTESIAN_POINT ( 'NONE',  ( 11.49999999999955946, 13.00000000000000000, 24.99999999999998934 ) ) ;
#5611 = CYLINDRICAL_SURFACE ( 'NONE', #6542, 19.50000000000000355 ) ;
#5612 = CARTESIAN_POINT ( 'NONE',  ( -28.99999999999999645, 6.365989211298694883, -41.42945946735996898 ) ) ;
#5613 = DIRECTION ( 'NONE',  ( 1.000000000000000000, 0.000000000000000000, 0.000000000000000000 ) ) ;
#5614 = ADVANCED_FACE ( 'NONE', ( #142 ), #5500, .F. ) ;
#5615 = EDGE_LOOP ( 'NONE', ( #3831, #1389, #6823, #4087 ) ) ;
#5616 = ORIENTED_EDGE ( 'NONE', *, *, #2427, .T. ) ;
#5617 = EDGE_CURVE ( 'NONE', #746, #1156, #6895, .T. ) ;
#5618 = VERTEX_POINT ( 'NONE', #3468 ) ;
#5619 = ORIENTED_EDGE ( 'NONE', *, *, #6813, .T. ) ;
#5620 = LINE ( 'NONE', #4946, #302 ) ;
#5621 = DIRECTION ( 'NONE',  ( 0.000000000000000000, 1.000000000000000000, 0.000000000000000000 ) ) ;
#5622 = CARTESIAN_POINT ( 'NONE',  ( -36.00000000000000711, 12.00000000000000000, 6.936491673103633460 ) ) ;
#5623 = DIRECTION ( 'NONE',  ( -0.000000000000000000, -1.000000000000000000, -0.000000000000000000 ) ) ;
#5624 = FACE_OUTER_BOUND ( 'NONE', #299, .T. ) ;
#5625 = ORIENTED_EDGE ( 'NONE', *, *, #1013, .F. ) ;
#5626 = CARTESIAN_POINT ( 'NONE',  ( -16.00000000000000000, 2.255235076473617539, -38.77432382219299001 ) ) ;
#5627 = ADVANCED_FACE ( 'NONE', ( #5637 ), #2202, .F. ) ;
#5628 = CARTESIAN_POINT ( 'NONE',  ( 12.50000000000023270, 13.00000000000000000, -5.000000000000007994 ) ) ;
#5629 = ORIENTED_EDGE ( 'NONE', *, *, #7933, .F. ) ;
#5630 = CARTESIAN_POINT ( 'NONE',  ( -30.00000000000000000, 1.921539850312770877E-13, -25.99999999999998934 ) ) ;
#5631 = ADVANCED_FACE ( 'NONE', ( #4195 ), #221, .F. ) ;
#5632 = EDGE_CURVE ( 'NONE', #8814, #289, #1574, .T. ) ;
#5633 = DIRECTION ( 'NONE',  ( 0.000000000000000000, 1.000000000000000000, 0.000000000000000000 ) ) ;
#5634 = LINE ( 'NONE', #8874, #7877 ) ;
#5635 = AXIS2_PLACEMENT_3D ( 'NONE', #6787, #579, #1294 ) ;
#5636 = ORIENTED_EDGE ( 'NONE', *, *, #3937, .T. ) ;
#5637 = FACE_OUTER_BOUND ( 'NONE', #2084, .T. ) ;
#5638 = DIRECTION ( 'NONE',  ( 0.000000000000000000, 0.000000000000000000, 1.000000000000000000 ) ) ;
#5639 = VERTEX_POINT ( 'NONE', #5094 ) ;
#5640 = CARTESIAN_POINT ( 'NONE',  ( -22.50000000000003553, 13.00000000000000000, -25.00000000000000711 ) ) ;
#5641 = VECTOR ( 'NONE', #3187, 1000.000000000000000 ) ;
#5642 = CARTESIAN_POINT ( 'NONE',  ( -11.49999999999976730, 11.00000000000000000, 4.999999999999990230 ) ) ;
#5643 = CYLINDRICAL_SURFACE ( 'NONE', #6425, 1.999999999999994893 ) ;
#5644 = ORIENTED_EDGE ( 'NONE', *, *, #4034, .T. ) ;
#5645 = CARTESIAN_POINT ( 'NONE',  ( 25.49999999999976552, 11.00000000000000000, 4.999999999999990230 ) ) ;
#5646 = ADVANCED_FACE ( 'NONE', ( #899 ), #312, .F. ) ;
#5647 = VECTOR ( 'NONE', #6234, 1000.000000000000000 ) ;
#5648 = CARTESIAN_POINT ( 'NONE',  ( 0.000000000000000000, 0.000000000000000000, -46.65412303015307316 ) ) ;
#5649 = VERTEX_POINT ( 'NONE', #3819 ) ;
#5650 = CARTESIAN_POINT ( 'NONE',  ( 48.00000000000001421, 13.00000000000000000, -6.936491673103652111 ) ) ;
#5651 = DIRECTION ( 'NONE',  ( 0.000000000000000000, 1.000000000000000000, 0.000000000000000000 ) ) ;
#5652 = CARTESIAN_POINT ( 'NONE',  ( 24.50000000000002842, 11.00000000000000000, -25.00000000000000711 ) ) ;
#5653 = CARTESIAN_POINT ( 'NONE',  ( -28.99999999999999645, 1.114856259926636062, -36.17544239128989858 ) ) ;
#5654 = DIRECTION ( 'NONE',  ( -0.000000000000000000, -1.000000000000000000, -0.000000000000000000 ) ) ;
#5655 = EDGE_CURVE ( 'NONE', #5388, #2223, #3094, .T. ) ;
#5656 = ORIENTED_EDGE ( 'NONE', *, *, #718, .F. ) ;
#5657 = ORIENTED_EDGE ( 'NONE', *, *, #5655, .T. ) ;
#5658 = ORIENTED_EDGE ( 'NONE', *, *, #2534, .F. ) ;
#5659 = AXIS2_PLACEMENT_3D ( 'NONE', #1816, #1187, #8571 ) ;
#5660 = ORIENTED_EDGE ( 'NONE', *, *, #870, .F. ) ;
#5661 = CARTESIAN_POINT ( 'NONE',  ( -28.99999999999999645, 13.00000000000000000, -45.65412303015307316 ) ) ;
#5662 = DIRECTION ( 'NONE',  ( 1.334402673828313339E-16, 1.000000000000000000, 0.000000000000000000 ) ) ;
#5663 = CARTESIAN_POINT ( 'NONE',  ( -0.5000000000000281997, 11.00000000000000000, -15.00000000000001066 ) ) ;
#5664 = ORIENTED_EDGE ( 'NONE', *, *, #4059, .F. ) ;
#5665 = CARTESIAN_POINT ( 'NONE',  ( -40.00000000000000000, 0.000000000000000000, -36.99999999999999289 ) ) ;
#5666 = EDGE_CURVE ( 'NONE', #981, #5452, #4329, .T. ) ;
#5667 = ORIENTED_EDGE ( 'NONE', *, *, #8642, .T. ) ;
#5668 = CARTESIAN_POINT ( 'NONE',  ( -16.00000000000000000, 2.306884851666834546, -38.78891613079692746 ) ) ;
#5669 = DIRECTION ( 'NONE',  ( 0.000000000000000000, 1.000000000000000000, 0.000000000000000000 ) ) ;
#5670 = ORIENTED_EDGE ( 'NONE', *, *, #7166, .T. ) ;
#5671 = CARTESIAN_POINT ( 'NONE',  ( 12.00000000000000355, 12.00000000000000000, 6.936491673103633460 ) ) ;
#5672 = CYLINDRICAL_SURFACE ( 'NONE', #7564, 1.999999999999994893 ) ;
#5673 = CARTESIAN_POINT ( 'NONE',  ( 28.99999999999999645, 1.950000000000145173, -35.67416697508014067 ) ) ;
#5674 = VERTEX_POINT ( 'NONE', #2422 ) ;
#5675 = CARTESIAN_POINT ( 'NONE',  ( -40.00000000000000000, 0.000000000000000000, -36.99999999999999289 ) ) ;
#5676 = CARTESIAN_POINT ( 'NONE',  ( 28.99999999999999645, 2.287499999999947686, -37.21136206679747715 ) ) ;
#5677 = EDGE_LOOP ( 'NONE', ( #1111, #5083, #7681, #7120 ) ) ;
#5678 = EDGE_CURVE ( 'NONE', #4942, #779, #8547, .T. ) ;
#5679 = CARTESIAN_POINT ( 'NONE',  ( -35.49999999999956657, 11.00000000000000000, 24.99999999999998934 ) ) ;
#5680 = CARTESIAN_POINT ( 'NONE',  ( -28.99999999999999645, 1.253354137631088827, -36.07877461943780162 ) ) ;
#5681 = AXIS2_PLACEMENT_3D ( 'NONE', #3683, #5091, #7830 ) ;
#5682 = CARTESIAN_POINT ( 'NONE',  ( -39.99999999999999289, 13.00000000000000000, 37.00000000000000711 ) ) ;
#5683 = ORIENTED_EDGE ( 'NONE', *, *, #5068, .T. ) ;
#5684 = DIRECTION ( 'NONE',  ( 0.000000000000000000, 1.000000000000000000, 0.000000000000000000 ) ) ;
#5685 = EDGE_CURVE ( 'NONE', #578, #6427, #3685, .T. ) ;
#5686 = VECTOR ( 'NONE', #3353, 1000.000000000000000 ) ;
#5687 = CARTESIAN_POINT ( 'NONE',  ( -5.421010862427522170E-16, 13.00000000000000000, -13.06350832689631325 ) ) ;
#5688 = ORIENTED_EDGE ( 'NONE', *, *, #191, .T. ) ;
#5689 = EDGE_CURVE ( 'NONE', #248, #6488, #4458, .T. ) ;
#5690 = DIRECTION ( 'NONE',  ( 0.000000000000000000, 1.000000000000000000, 0.000000000000000000 ) ) ;
#5691 = CYLINDRICAL_SURFACE ( 'NONE', #5450, 1.999999999999994893 ) ;
#5692 = CARTESIAN_POINT ( 'NONE',  ( 17.00000000000000000, 11.49999999999999822, -46.65412303015307316 ) ) ;
#5693 = CARTESIAN_POINT ( 'NONE',  ( -28.99999999999999645, 0.6679831558732971519, -36.60366976467746269 ) ) ;
#5694 = PERSON_AND_ORGANIZATION_ROLE ( 'creator' ) ;
#5695 = CIRCLE ( 'NONE', #6127, 1.999999999999994893 ) ;
#5696 = VERTEX_POINT ( 'NONE', #7833 ) ;
#5697 = ORIENTED_EDGE ( 'NONE', *, *, #4510, .F. ) ;
#5698 = CIRCLE ( 'NONE', #1118, 1.999999999999994893 ) ;
#5699 = ADVANCED_FACE ( 'NONE', ( #7249 ), #2292, .F. ) ;
#5700 = ORIENTED_EDGE ( 'NONE', *, *, #5196, .T. ) ;
#5701 = ORIENTED_EDGE ( 'NONE', *, *, #66, .F. ) ;
#5702 = DIRECTION ( 'NONE',  ( 0.000000000000000000, 0.000000000000000000, -1.000000000000000000 ) ) ;
#5703 = VECTOR ( 'NONE', #7676, 1000.000000000000000 ) ;
#5704 = DIRECTION ( 'NONE',  ( 0.000000000000000000, 1.000000000000000000, -0.000000000000000000 ) ) ;
#5705 = DIRECTION ( 'NONE',  ( -0.000000000000000000, -1.000000000000000000, -0.000000000000000000 ) ) ;
#5706 = ORIENTED_EDGE ( 'NONE', *, *, #2041, .T. ) ;
#5707 = DIRECTION ( 'NONE',  ( 1.000000000000000000, 0.000000000000000000, -0.000000000000000000 ) ) ;
#5708 = AXIS2_PLACEMENT_3D ( 'NONE', #1932, #8741, #4685 ) ;
#5709 = ORIENTED_EDGE ( 'NONE', *, *, #2991, .F. ) ;
#5710 = ORIENTED_EDGE ( 'NONE', *, *, #500, .F. ) ;
#5711 = AXIS2_PLACEMENT_3D ( 'NONE', #1331, #1506, #8900 ) ;
#5712 = ORIENTED_EDGE ( 'NONE', *, *, #1221, .T. ) ;
#5713 = EDGE_CURVE ( 'NONE', #651, #1552, #4555, .T. ) ;
#5714 = LINE ( 'NONE', #1567, #536 ) ;
#5715 = VECTOR ( 'NONE', #1310, 1000.000000000000000 ) ;
#5716 = EDGE_CURVE ( 'NONE', #2494, #4354, #7204, .T. ) ;
#5717 = DIRECTION ( 'NONE',  ( 0.000000000000000000, 1.000000000000000000, 0.000000000000000000 ) ) ;
#5718 = CIRCLE ( 'NONE', #6860, 1.999999999999994893 ) ;
#5719 = ORIENTED_EDGE ( 'NONE', *, *, #6968, .T. ) ;
#5720 = CARTESIAN_POINT ( 'NONE',  ( -13.49999999999976907, 13.00000000000000000, -5.000000000000007994 ) ) ;
#5721 = DIRECTION ( 'NONE',  ( 0.000000000000000000, 0.000000000000000000, 1.000000000000000000 ) ) ;
#5722 = AXIS2_PLACEMENT_3D ( 'NONE', #1790, #5270, #7338 ) ;
#5723 = CARTESIAN_POINT ( 'NONE',  ( 28.99999999999999645, 1.160225949323556938, -36.14209440371933368 ) ) ;
#5724 = ORIENTED_EDGE ( 'NONE', *, *, #2312, .T. ) ;
#5725 = CARTESIAN_POINT ( 'NONE',  ( -22.50000000000045119, 11.00000000000000000, 14.99999999999999289 ) ) ;
#5726 = CARTESIAN_POINT ( 'NONE',  ( 28.99999999999999645, 2.218246106614094604, -38.76143378178163346 ) ) ;
#5727 = CARTESIAN_POINT ( 'NONE',  ( 48.00000000000001421, 12.00000000000000000, -6.936491673103652111 ) ) ;
#5728 = EDGE_CURVE ( 'NONE', #2941, #3490, #941, .T. ) ;
#5729 = DIRECTION ( 'NONE',  ( 1.000000000000000000, 0.000000000000000000, 0.000000000000000000 ) ) ;
#5730 = CARTESIAN_POINT ( 'NONE',  ( -28.99999999999999645, 1.349999999999985656, -36.02057713659399951 ) ) ;
#5731 = ORIENTED_EDGE ( 'NONE', *, *, #3872, .T. ) ;
#5732 = CARTESIAN_POINT ( 'NONE',  ( -16.00000000000000000, 12.99999999999999822, -42.42145001812207994 ) ) ;
#5733 = EDGE_CURVE ( 'NONE', #4153, #2937, #3778, .T. ) ;
#5734 = VERTEX_POINT ( 'NONE', #992 ) ;
#5735 = CARTESIAN_POINT ( 'NONE',  ( 1.499999999999557243, 11.00000000000000000, 14.99999999999999289 ) ) ;
#5736 = VECTOR ( 'NONE', #2558, 1000.000000000000000 ) ;
#5737 = EDGE_CURVE ( 'NONE', #702, #931, #7794, .T. ) ;
#5738 = CARTESIAN_POINT ( 'NONE',  ( 25.50000000000000355, 9.599999999999999645, -44.85412303015305469 ) ) ;
#5739 = ORIENTED_EDGE ( 'NONE', *, *, #7622, .F. ) ;
#5740 = CIRCLE ( 'NONE', #6170, 1.999999999999994893 ) ;
#5741 = CARTESIAN_POINT ( 'NONE',  ( 48.50000000000024158, 11.00000000000000000, -5.000000000000007994 ) ) ;
#5742 = CARTESIAN_POINT ( 'NONE',  ( -12.00000000000000355, 13.00000000000000000, -26.93649167310370629 ) ) ;
#5743 = CARTESIAN_POINT ( 'NONE',  ( 49.49999999999998579, 11.00000000000000000, -25.00000000000000711 ) ) ;
#5744 = EDGE_CURVE ( 'NONE', #3550, #3175, #6568, .T. ) ;
#5745 = FACE_BOUND ( 'NONE', #3901, .T. ) ;
#5746 = EDGE_CURVE ( 'NONE', #3413, #2547, #1617, .T. ) ;
#5747 = APPROVAL_ROLE ( '' ) ;
#5748 = ORIENTED_EDGE ( 'NONE', *, *, #4004, .T. ) ;
#5749 = AXIS2_PLACEMENT_3D ( 'NONE', #7060, #6213, #892 ) ;
#5750 = ORIENTED_EDGE ( 'NONE', *, *, #367, .T. ) ;
#5751 = ORIENTED_EDGE ( 'NONE', *, *, #5352, .T. ) ;
#5752 = ORIENTED_EDGE ( 'NONE', *, *, #5554, .F. ) ;
#5753 = PLANE ( 'NONE',  #3471 ) ;
#5754 = FACE_OUTER_BOUND ( 'NONE', #2939, .T. ) ;
#5755 = CARTESIAN_POINT ( 'NONE',  ( -34.50000000000044764, 11.00000000000000000, 14.99999999999999289 ) ) ;
#5756 = ORIENTED_EDGE ( 'NONE', *, *, #8190, .F. ) ;
#5757 = CARTESIAN_POINT ( 'NONE',  ( -16.00000000000000000, 2.249999999999995115, -35.50096189432333915 ) ) ;
#5758 = ORIENTED_EDGE ( 'NONE', *, *, #887, .F. ) ;
#5759 = ORIENTED_EDGE ( 'NONE', *, *, #7238, .T. ) ;
#5760 = FACE_OUTER_BOUND ( 'NONE', #6156, .T. ) ;
#5761 = FACE_OUTER_BOUND ( 'NONE', #3260, .T. ) ;
#5762 = ORIENTED_EDGE ( 'NONE', *, *, #898, .F. ) ;
#5763 = DIRECTION ( 'NONE',  ( 0.000000000000000000, 0.000000000000000000, 1.000000000000000000 ) ) ;
#5764 = CARTESIAN_POINT ( 'NONE',  ( -13.00000000000000178, 1.000000000000000000, 47.00000000000001421 ) ) ;
#5765 = CARTESIAN_POINT ( 'NONE',  ( 28.99999999999999645, 1.095023035351500029, -39.84735968551908769 ) ) ;
#5766 = EDGE_CURVE ( 'NONE', #5548, #3301, #352, .T. ) ;
#5767 = DIRECTION ( 'NONE',  ( 0.000000000000000000, -0.000000000000000000, -1.000000000000000000 ) ) ;
#5768 = CARTESIAN_POINT ( 'NONE',  ( 28.99999999999999645, 2.362652154777850733, -38.80385426541690919 ) ) ;
#5769 = DIRECTION ( 'NONE',  ( -0.000000000000000000, -1.000000000000000000, -0.000000000000000000 ) ) ;
#5770 = LINE ( 'NONE', #6661, #8314 ) ;
#5771 = CIRCLE ( 'NONE', #6918, 1.999999999999994893 ) ;
#5772 = DIRECTION ( 'NONE',  ( 0.000000000000000000, 1.000000000000000000, 0.000000000000000000 ) ) ;
#5773 = ORIENTED_EDGE ( 'NONE', *, *, #5189, .F. ) ;
#5774 = DIRECTION ( 'NONE',  ( 0.000000000000000000, -0.5000000000000113243, 0.8660254037844320463 ) ) ;
#5775 = VERTEX_POINT ( 'NONE', #7755 ) ;
#5776 = CARTESIAN_POINT ( 'NONE',  ( 35.49999999999999289, 11.00000000000000000, -25.00000000000000711 ) ) ;
#5777 = EDGE_CURVE ( 'NONE', #6875, #577, #6575, .T. ) ;
#5778 = LINE ( 'NONE', #7977, #1626 ) ;
#5779 = ORIENTED_EDGE ( 'NONE', *, *, #1003, .F. ) ;
#5780 = CARTESIAN_POINT ( 'NONE',  ( 24.00000000000000711, 12.00000000000000000, -6.936491673103652111 ) ) ;
#5781 = CARTESIAN_POINT ( 'NONE',  ( 37.49999999999956657, 11.00000000000000000, 14.99999999999999289 ) ) ;
#5782 = PLANE ( 'NONE',  #8717 ) ;
#5783 = VECTOR ( 'NONE', #1950, 1000.000000000000000 ) ;
#5784 = ORIENTED_EDGE ( 'NONE', *, *, #260, .F. ) ;
#5785 = VERTEX_POINT ( 'NONE', #1924 ) ;
#5786 = EDGE_CURVE ( 'NONE', #2798, #1071, #5228, .T. ) ;
#5787 = EDGE_CURVE ( 'NONE', #3277, #8294, #4675, .T. ) ;
#5788 = ORIENTED_EDGE ( 'NONE', *, *, #7964, .F. ) ;
#5789 = ORIENTED_EDGE ( 'NONE', *, *, #6596, .T. ) ;
#5790 = FACE_OUTER_BOUND ( 'NONE', #1109, .T. ) ;
#5791 = DIRECTION ( 'NONE',  ( 0.000000000000000000, 0.000000000000000000, 1.000000000000000000 ) ) ;
#5792 = LINE ( 'NONE', #7190, #7112 ) ;
#5793 = CARTESIAN_POINT ( 'NONE',  ( 0.000000000000000000, 3.000000000000000000, -36.80000000000000426 ) ) ;
#5794 = ORIENTED_EDGE ( 'NONE', *, *, #6315, .T. ) ;
#5795 = VERTEX_POINT ( 'NONE', #1124 ) ;
#5796 = ORIENTED_EDGE ( 'NONE', *, *, #102, .T. ) ;
#5797 = DIRECTION ( 'NONE',  ( 0.000000000000000000, 0.000000000000000000, 1.000000000000000000 ) ) ;
#5798 = EDGE_CURVE ( 'NONE', #1661, #7825, #3836, .T. ) ;
#5799 = AXIS2_PLACEMENT_3D ( 'NONE', #5318, #1299, #3235 ) ;
#5800 = ORIENTED_EDGE ( 'NONE', *, *, #7307, .T. ) ;
#5801 = CARTESIAN_POINT ( 'NONE',  ( -13.00000000000000178, 1.000000000000000000, 47.00000000000001421 ) ) ;
#5802 = ORIENTED_EDGE ( 'NONE', *, *, #8866, .T. ) ;
#5803 = ORIENTED_EDGE ( 'NONE', *, *, #5514, .F. ) ;
#5804 = CARTESIAN_POINT ( 'NONE',  ( 36.00000000000000711, 12.00000000000000000, -13.06350832689631147 ) ) ;
#5805 = EDGE_CURVE ( 'NONE', #96, #738, #7934, .T. ) ;
#5806 = DIRECTION ( 'NONE',  ( 0.000000000000000000, 0.000000000000000000, 1.000000000000000000 ) ) ;
#5807 = CARTESIAN_POINT ( 'NONE',  ( 16.00000000000000000, 1.689957556515497838, -40.16580543768807132 ) ) ;
#5808 = AXIS2_PLACEMENT_3D ( 'NONE', #6015, #8760, #236 ) ;
#5809 = CARTESIAN_POINT ( 'NONE',  ( 13.49999999999956124, 11.00000000000000000, 14.99999999999999289 ) ) ;
#5810 = CARTESIAN_POINT ( 'NONE',  ( 28.99999999999999645, 1.817375721940010180, -37.58788730880411322 ) ) ;
#5811 = FACE_BOUND ( 'NONE', #3492, .T. ) ;
#5812 = CARTESIAN_POINT ( 'NONE',  ( -34.50000000000024158, 11.00000000000000000, 4.999999999999990230 ) ) ;
#5813 = EDGE_CURVE ( 'NONE', #1624, #6472, #3323, .T. ) ;
#5814 = CARTESIAN_POINT ( 'NONE',  ( -28.99999999999999645, 1.160225949323556938, -36.14209440371933368 ) ) ;
#5815 = DIRECTION ( 'NONE',  ( -0.000000000000000000, -1.000000000000000000, -0.000000000000000000 ) ) ;
#5816 = ORIENTED_EDGE ( 'NONE', *, *, #3917, .T. ) ;
#5817 = DIRECTION ( 'NONE',  ( 0.000000000000000000, 0.000000000000000000, 1.000000000000000000 ) ) ;
#5818 = DIRECTION ( 'NONE',  ( 0.000000000000000000, 0.000000000000000000, 1.000000000000000000 ) ) ;
#5819 = EDGE_LOOP ( 'NONE', ( #497, #5216, #8134, #6562 ) ) ;
#5820 = EDGE_CURVE ( 'NONE', #6382, #6543, #2638, .T. ) ;
#5821 = CARTESIAN_POINT ( 'NONE',  ( -34.50000000000003553, 11.00000000000000000, -15.00000000000001066 ) ) ;
#5822 = LINE ( 'NONE', #6537, #1271 ) ;
#5823 = CARTESIAN_POINT ( 'NONE',  ( -22.50000000000000000, 9.600000000000040501, -40.74309577587614939 ) ) ;
#5824 = EDGE_LOOP ( 'NONE', ( #6598, #8363, #7350, #7997 ) ) ;
#5825 = CIRCLE ( 'NONE', #7558, 1.999999999999994893 ) ;
#5826 = ORIENTED_EDGE ( 'NONE', *, *, #1582, .T. ) ;
#5827 = FACE_OUTER_BOUND ( 'NONE', #7237, .T. ) ;
#5828 = ORIENTED_EDGE ( 'NONE', *, *, #5958, .T. ) ;
#5829 = ORIENTED_EDGE ( 'NONE', *, *, #8388, .T. ) ;
#5830 = DIRECTION ( 'NONE',  ( 0.000000000000000000, 0.000000000000000000, 1.000000000000000000 ) ) ;
#5831 = AXIS2_PLACEMENT_3D ( 'NONE', #4733, #2695, #7481 ) ;
#5832 = LINE ( 'NONE', #3896, #1542 ) ;
#5833 = CARTESIAN_POINT ( 'NONE',  ( -59.50000000000001421, 13.00000000000000000, 17.50000000000001066 ) ) ;
#5834 = VERTEX_POINT ( 'NONE', #6699 ) ;
#5835 = CARTESIAN_POINT ( 'NONE',  ( 36.50000000000044054, 11.00000000000000000, 14.99999999999999289 ) ) ;
#5836 = ORIENTED_EDGE ( 'NONE', *, *, #5983, .F. ) ;
#5837 = EDGE_CURVE ( 'NONE', #6725, #6742, #6616, .T. ) ;
#5838 = ORIENTED_EDGE ( 'NONE', *, *, #6857, .F. ) ;
#5839 = ORIENTED_EDGE ( 'NONE', *, *, #3662, .F. ) ;
#5840 = DIRECTION ( 'NONE',  ( -0.000000000000000000, -1.000000000000000000, -0.000000000000000000 ) ) ;
#5841 = ORIENTED_EDGE ( 'NONE', *, *, #776, .F. ) ;
#5842 = DIRECTION ( 'NONE',  ( 0.000000000000000000, 0.000000000000000000, 1.000000000000000000 ) ) ;
#5843 = VERTEX_POINT ( 'NONE', #5398 ) ;
#5844 = CARTESIAN_POINT ( 'NONE',  ( -10.00000000000000000, 4.000000000000000888, 47.00000000000000711 ) ) ;
#5845 = AXIS2_PLACEMENT_3D ( 'NONE', #2077, #101, #6355 ) ;
#5846 = FACE_OUTER_BOUND ( 'NONE', #601, .T. ) ;
#5847 = CARTESIAN_POINT ( 'NONE',  ( 16.00000000000000000, 4.135352703781100203, -40.83176221655823213 ) ) ;
#5848 = VECTOR ( 'NONE', #6913, 1000.000000000000000 ) ;
#5849 = EDGE_CURVE ( 'NONE', #3017, #2763, #7510, .T. ) ;
#5850 = DIRECTION ( 'NONE',  ( -0.000000000000000000, -1.000000000000000000, -0.000000000000000000 ) ) ;
#5851 = AXIS2_PLACEMENT_3D ( 'NONE', #6228, #6320, #867 ) ;
#5852 = CARTESIAN_POINT ( 'NONE',  ( 28.99999999999999645, 2.018210873017959539, -37.37348141781701116 ) ) ;
#5853 = CARTESIAN_POINT ( 'NONE',  ( 10.00000000000000000, 8.500000000000000000, -37.00000000000000711 ) ) ;
#5854 = VECTOR ( 'NONE', #3517, 1000.000000000000000 ) ;
#5855 = CARTESIAN_POINT ( 'NONE',  ( -40.00000000000000000, 8.500000000000000000, -34.99999999999999289 ) ) ;
#5856 = VECTOR ( 'NONE', #3770, 1000.000000000000000 ) ;
#5857 = DIRECTION ( 'NONE',  ( 1.000000000000000000, 0.000000000000000000, -0.000000000000000000 ) ) ;
#5858 = ORIENTED_EDGE ( 'NONE', *, *, #7145, .F. ) ;
#5859 = PLANE ( 'NONE',  #5988 ) ;
#5860 = CIRCLE ( 'NONE', #4544, 1.999999999999994893 ) ;
#5861 = ORIENTED_EDGE ( 'NONE', *, *, #8504, .T. ) ;
#5862 = DIRECTION ( 'NONE',  ( 0.000000000000000000, -0.000000000000000000, 1.000000000000000000 ) ) ;
#5863 = EDGE_CURVE ( 'NONE', #3217, #6605, #7341, .T. ) ;
#5864 = CIRCLE ( 'NONE', #7299, 1.999999999999994893 ) ;
#5865 = CARTESIAN_POINT ( 'NONE',  ( 17.00000000000000000, 11.49999999999999645, -45.65412303015307316 ) ) ;
#5866 = VERTEX_POINT ( 'NONE', #8779 ) ;
#5867 = DIRECTION ( 'NONE',  ( 0.000000000000000000, 0.000000000000000000, 1.000000000000000000 ) ) ;
#5868 = DIRECTION ( 'NONE',  ( 0.000000000000000000, 0.000000000000000000, 1.000000000000000000 ) ) ;
#5869 = VECTOR ( 'NONE', #5690, 1000.000000000000000 ) ;
#5870 = FACE_BOUND ( 'NONE', #3304, .T. ) ;
#5871 = EDGE_CURVE ( 'NONE', #6275, #6725, #3618, .T. ) ;
#5872 = AXIS2_PLACEMENT_3D ( 'NONE', #3824, #6574, #6619 ) ;
#5873 = EDGE_CURVE ( 'NONE', #4717, #1069, #1969, .T. ) ;
#5874 = ORIENTED_EDGE ( 'NONE', *, *, #3937, .F. ) ;
#5875 = ORIENTED_EDGE ( 'NONE', *, *, #1572, .T. ) ;
#5876 = AXIS2_PLACEMENT_3D ( 'NONE', #4025, #7491, #7982 ) ;
#5877 = DIRECTION ( 'NONE',  ( 0.000000000000000000, 1.000000000000000000, 0.000000000000000000 ) ) ;
#5878 = EDGE_LOOP ( 'NONE', ( #5440, #5965, #629, #300, #3392, #7530 ) ) ;
#5879 = AXIS2_PLACEMENT_3D ( 'NONE', #8070, #4065, #5372 ) ;
#5880 = VERTEX_POINT ( 'NONE', #7473 ) ;
#5881 = DIRECTION ( 'NONE',  ( 0.000000000000000000, 0.000000000000000000, 1.000000000000000000 ) ) ;
#5882 = EDGE_CURVE ( 'NONE', #2069, #4929, #2606, .T. ) ;
#5883 = CARTESIAN_POINT ( 'NONE',  ( -39.99999999999999289, 13.00000000000000000, 35.00000000000000000 ) ) ;
#5884 = CARTESIAN_POINT ( 'NONE',  ( -19.50000000000000355, 10.23333333333527051, -42.46571120169331692 ) ) ;
#5885 = AXIS2_PLACEMENT_3D ( 'NONE', #2157, #2195, #43 ) ;
#5886 = VERTEX_POINT ( 'NONE', #2506 ) ;
#5887 = EDGE_CURVE ( 'NONE', #8704, #7562, #5272, .T. ) ;
#5888 = ORIENTED_EDGE ( 'NONE', *, *, #4096, .F. ) ;
#5889 = DIRECTION ( 'NONE',  ( 0.000000000000000000, 0.000000000000000000, 1.000000000000000000 ) ) ;
#5890 = VECTOR ( 'NONE', #7500, 1000.000000000000000 ) ;
#5891 = VERTEX_POINT ( 'NONE', #8011 ) ;
#5892 = DIRECTION ( 'NONE',  ( 0.000000000000000000, 0.000000000000000000, 1.000000000000000000 ) ) ;
#5893 = VERTEX_POINT ( 'NONE', #1840 ) ;
#5894 = CARTESIAN_POINT ( 'NONE',  ( -24.50000000000024514, 13.00000000000000000, 4.999999999999990230 ) ) ;
#5895 = LINE ( 'NONE', #1749, #8710 ) ;
#5896 = CARTESIAN_POINT ( 'NONE',  ( -29.00000000000000000, 1.852255689741604039, -37.51740253830698180 ) ) ;
#5897 = DIRECTION ( 'NONE',  ( 0.000000000000000000, 0.000000000000000000, 1.000000000000000000 ) ) ;
#5898 = ADVANCED_FACE ( 'NONE', ( #622 ), #5317, .F. ) ;
#5899 = CARTESIAN_POINT ( 'NONE',  ( -16.00000000000000000, 3.000000000000101252, -35.50096189432333915 ) ) ;
#5900 = PLANE ( 'NONE',  #3219 ) ;
#5901 = EDGE_CURVE ( 'NONE', #2431, #5775, #3368, .T. ) ;
#5902 = DIRECTION ( 'NONE',  ( 0.000000000000000000, 0.000000000000000000, 1.000000000000000000 ) ) ;
#5903 = DIRECTION ( 'NONE',  ( 0.000000000000000000, 1.000000000000000000, 0.000000000000000000 ) ) ;
#5904 = FACE_OUTER_BOUND ( 'NONE', #1959, .T. ) ;
#5905 = CARTESIAN_POINT ( 'NONE',  ( -16.00000000000000000, -11.41562369461536441, -35.50096189432333915 ) ) ;
#5906 = VERTEX_POINT ( 'NONE', #7292 ) ;
#5907 = DIRECTION ( 'NONE',  ( 0.000000000000000000, 1.000000000000000000, 0.000000000000000000 ) ) ;
#5908 = VECTOR ( 'NONE', #2086, 1000.000000000000000 ) ;
#5909 = CARTESIAN_POINT ( 'NONE',  ( -36.00000000000000711, 13.00000000000000000, 26.93649167310357839 ) ) ;
#5910 = ORIENTED_EDGE ( 'NONE', *, *, #6287, .F. ) ;
#5911 = CARTESIAN_POINT ( 'NONE',  ( 25.50000000000000355, 12.00000000000000355, -42.42145001812207994 ) ) ;
#5912 = CARTESIAN_POINT ( 'NONE',  ( -39.99999999999999289, 0.000000000000000000, 35.00000000000000000 ) ) ;
#5913 = ADVANCED_FACE ( 'NONE', ( #1252 ), #4590, .F. ) ;
#5914 = DIRECTION ( 'NONE',  ( 1.000000000000000000, -1.334402673828313339E-16, -1.156482317317871528E-15 ) ) ;
#5915 = APPROVAL_STATUS ( 'not_yet_approved' ) ;
#5916 = VECTOR ( 'NONE', #484, 1000.000000000000000 ) ;
#5917 = ORIENTED_EDGE ( 'NONE', *, *, #6555, .T. ) ;
#5918 = EDGE_LOOP ( 'NONE', ( #436, #1101, #7450, #8272, #8474, #8414 ) ) ;
#5919 = CARTESIAN_POINT ( 'NONE',  ( 48.00000000000001421, 11.00000000000000000, 13.06350832689640207 ) ) ;
#5920 = ORIENTED_EDGE ( 'NONE', *, *, #7320, .T. ) ;
#5921 = ADVANCED_FACE ( 'NONE', ( #6750 ), #4908, .F. ) ;
#5922 = ORIENTED_EDGE ( 'NONE', *, *, #4549, .T. ) ;
#5923 = CIRCLE ( 'NONE', #7799, 1.999999999999994893 ) ;
#5924 = DIRECTION ( 'NONE',  ( -1.000000000000000000, 0.000000000000000000, 0.000000000000000000 ) ) ;
#5925 = DIRECTION ( 'NONE',  ( -0.000000000000000000, -1.000000000000000000, -0.000000000000000000 ) ) ;
#5926 = CARTESIAN_POINT ( 'NONE',  ( 59.50000000000001421, 13.00000000000000000, -17.49999999999999645 ) ) ;
#5927 = EDGE_LOOP ( 'NONE', ( #7186, #3020, #4222, #1478 ) ) ;
#5928 = ORIENTED_EDGE ( 'NONE', *, *, #6257, .F. ) ;
#5929 = ORIENTED_EDGE ( 'NONE', *, *, #8443, .T. ) ;
#5930 = CIRCLE ( 'NONE', #8227, 1.999999999999994893 ) ;
#5931 = LINE ( 'NONE', #5220, #5371 ) ;
#5932 = ORIENTED_EDGE ( 'NONE', *, *, #4207, .F. ) ;
#5933 = CARTESIAN_POINT ( 'NONE',  ( 48.50000000000004263, 13.00000000000000000, -15.00000000000001066 ) ) ;
#5934 = ORIENTED_EDGE ( 'NONE', *, *, #3057, .T. ) ;
#5935 = DIRECTION ( 'NONE',  ( 0.000000000000000000, 0.000000000000000000, 1.000000000000000000 ) ) ;
#5936 = EDGE_CURVE ( 'NONE', #2586, #8714, #4140, .T. ) ;
#5937 = DIRECTION ( 'NONE',  ( -1.000000000000000000, 0.000000000000000000, 0.000000000000000000 ) ) ;
#5938 = DIRECTION ( 'NONE',  ( 0.000000000000000000, 0.000000000000000000, 1.000000000000000000 ) ) ;
#5939 = CARTESIAN_POINT ( 'NONE',  ( 0.5000000000004377609, 13.00000000000000000, 14.99999999999999289 ) ) ;
#5940 = CARTESIAN_POINT ( 'NONE',  ( 16.00000000000000000, 5.861963175945688498, -39.74149182760686472 ) ) ;
#5941 = AXIS2_PLACEMENT_3D ( 'NONE', #4611, #5208, #5252 ) ;
#5942 = DIRECTION ( 'NONE',  ( 0.000000000000000000, 0.000000000000000000, -1.000000000000000000 ) ) ;
#5943 = CARTESIAN_POINT ( 'NONE',  ( -24.50000000000044409, 11.00000000000000000, 14.99999999999999289 ) ) ;
#5944 = CARTESIAN_POINT ( 'NONE',  ( 34.50000000000002842, 11.00000000000000000, -25.00000000000000711 ) ) ;
#5945 = VECTOR ( 'NONE', #1231, 1000.000000000000000 ) ;
#5946 = CARTESIAN_POINT ( 'NONE',  ( -4.536969091016264860E-16, 9.599999999999999645, 0.000000000000000000 ) ) ;
#5947 = DIRECTION ( 'NONE',  ( -1.000000000000000000, 2.040851148208007998E-16, 0.000000000000000000 ) ) ;
#5948 = CARTESIAN_POINT ( 'NONE',  ( 40.00000000000000000, 0.000000000000000000, -34.99999999999999289 ) ) ;
#5949 = ORIENTED_EDGE ( 'NONE', *, *, #385, .T. ) ;
#5950 = CARTESIAN_POINT ( 'NONE',  ( -37.49999999999956657, 11.00000000000000000, 14.99999999999999289 ) ) ;
#5951 = ADVANCED_FACE ( 'NONE', ( #6166 ), #1477, .F. ) ;
#5952 = ORIENTED_EDGE ( 'NONE', *, *, #8020, .T. ) ;
#5953 = DIRECTION ( 'NONE',  ( 0.000000000000000000, 1.000000000000000000, 0.000000000000000000 ) ) ;
#5954 = ORIENTED_EDGE ( 'NONE', *, *, #917, .F. ) ;
#5955 = DIRECTION ( 'NONE',  ( -0.000000000000000000, -1.000000000000000000, -0.000000000000000000 ) ) ;
#5956 = CARTESIAN_POINT ( 'NONE',  ( 16.00000000000000000, 12.99999999999999822, -41.65412303015307316 ) ) ;
#5957 = CARTESIAN_POINT ( 'NONE',  ( -34.50000000000044764, 11.00000000000000000, 14.99999999999999289 ) ) ;
#5958 = EDGE_CURVE ( 'NONE', #6471, #2980, #1435, .T. ) ;
#5959 = VERTEX_POINT ( 'NONE', #83 ) ;
#5960 = ORIENTED_EDGE ( 'NONE', *, *, #4229, .F. ) ;
#5961 = CIRCLE ( 'NONE', #2076, 1.999999999999994893 ) ;
#5962 = CARTESIAN_POINT ( 'NONE',  ( -25.50000000000000355, 9.600000000001417177, -42.29601004648966978 ) ) ;
#5963 = VERTEX_POINT ( 'NONE', #4185 ) ;
#5964 = DIRECTION ( 'NONE',  ( 0.000000000000000000, 1.000000000000000000, 0.000000000000000000 ) ) ;
#5965 = ORIENTED_EDGE ( 'NONE', *, *, #91, .T. ) ;
#5966 = DIRECTION ( 'NONE',  ( 0.000000000000000000, 0.000000000000000000, 1.000000000000000000 ) ) ;
#5967 = CARTESIAN_POINT ( 'NONE',  ( -16.00000000000000000, 1.932599152608164950, -40.24153618139798283 ) ) ;
#5968 = CARTESIAN_POINT ( 'NONE',  ( 34.50000000000003553, 11.00000000000000000, -15.00000000000001066 ) ) ;
#5969 = VECTOR ( 'NONE', #197, 1000.000000000000000 ) ;
#5970 = ORIENTED_EDGE ( 'NONE', *, *, #6833, .T. ) ;
#5971 = ORIENTED_EDGE ( 'NONE', *, *, #8880, .T. ) ;
#5972 = VERTEX_POINT ( 'NONE', #2816 ) ;
#5973 = EDGE_CURVE ( 'NONE', #8192, #8091, #759, .T. ) ;
#5974 = DIRECTION ( 'NONE',  ( 0.000000000000000000, 0.000000000000000000, 1.000000000000000000 ) ) ;
#5975 = EDGE_LOOP ( 'NONE', ( #2660, #5789, #5555, #7835 ) ) ;
#5976 = AXIS2_PLACEMENT_3D ( 'NONE', #1260, #3421, #1930 ) ;
#5977 = CARTESIAN_POINT ( 'NONE',  ( 10.50000000000044587, 11.00000000000000000, 14.99999999999999289 ) ) ;
#5978 = ORIENTED_EDGE ( 'NONE', *, *, #2573, .F. ) ;
#5979 = DIRECTION ( 'NONE',  ( 0.000000000000000000, 0.000000000000000000, 1.000000000000000000 ) ) ;
#5980 = B_SPLINE_CURVE_WITH_KNOTS ( 'NONE', 3,
 ( #3280, #6037, #5896, #8778, #1923, #1967, #2461, #1075, #8055, #5227 ),
 .UNSPECIFIED., .F., .F.,
 ( 4, 2, 2, 2, 4 ),
 ( 0.000000000000000000, 0.2500000000000000000, 0.5000000000000000000, 0.7500000000000000000, 1.000000000000000000 ),
 .UNSPECIFIED. ) ;
#5981 = CARTESIAN_POINT ( 'NONE',  ( -40.00000000000000000, 3.000000000000000888, -34.99999999999999289 ) ) ;
#5982 = DIRECTION ( 'NONE',  ( 0.000000000000000000, 1.000000000000000000, 0.000000000000000000 ) ) ;
#5983 = EDGE_CURVE ( 'NONE', #5149, #738, #4349, .T. ) ;
#5984 = CARTESIAN_POINT ( 'NONE',  ( -24.50000000000003553, 11.00000000000000000, -15.00000000000001066 ) ) ;
#5985 = AXIS2_PLACEMENT_3D ( 'NONE', #7246, #7876, #4538 ) ;
#5986 = FACE_OUTER_BOUND ( 'NONE', #7543, .T. ) ;
#5987 = CARTESIAN_POINT ( 'NONE',  ( -28.99999999999999645, 2.348710676605911374, -38.80011865759941969 ) ) ;
#5988 = AXIS2_PLACEMENT_3D ( 'NONE', #5193, #361, #8514 ) ;
#5989 = CARTESIAN_POINT ( 'NONE',  ( -9.999999999999998224, 1.000000000000006883, -37.00000000000000711 ) ) ;
#5990 = CARTESIAN_POINT ( 'NONE',  ( 49.49999999999957367, 13.00000000000000000, 14.99999999999999289 ) ) ;
#5991 = AXIS2_PLACEMENT_3D ( 'NONE', #8216, #5568, #6869 ) ;
#5992 = DIRECTION ( 'NONE',  ( 0.000000000000000000, 1.000000000000000000, 0.000000000000000000 ) ) ;
#5993 = DIRECTION ( 'NONE',  ( -0.000000000000000000, -0.8660254037844389297, -0.4999999999999993339 ) ) ;
#5994 = AXIS2_PLACEMENT_3D ( 'NONE', #3700, #6450, #3787 ) ;
#5995 = DIRECTION ( 'NONE',  ( 0.000000000000000000, 1.000000000000000000, 0.000000000000000000 ) ) ;
#5996 = ORIENTED_EDGE ( 'NONE', *, *, #4219, .T. ) ;
#5997 = CARTESIAN_POINT ( 'NONE',  ( -23.49999999999977973, 11.00000000000000000, -5.000000000000007994 ) ) ;
#5998 = CIRCLE ( 'NONE', #240, 1.999999999999994893 ) ;
#5999 = VECTOR ( 'NONE', #1114, 1000.000000000000000 ) ;
#6001 = EDGE_CURVE ( 'NONE', #1201, #8633, #6923, .T. ) ;
#6000 = AXIS2_PLACEMENT_3D ( 'NONE', #3989, #6024, #3855 ) ;
#6002 = DIRECTION ( 'NONE',  ( 1.000000000000000000, -1.334402673828313339E-16, 0.000000000000000000 ) ) ;
#6003 = DIRECTION ( 'NONE',  ( 0.000000000000000000, 0.000000000000000000, 1.000000000000000000 ) ) ;
#6004 = FACE_OUTER_BOUND ( 'NONE', #1436, .T. ) ;
#6005 = AXIS2_PLACEMENT_3D ( 'NONE', #4947, #1352, #1601 ) ;
#6006 = DIRECTION ( 'NONE',  ( 0.000000000000000000, 1.000000000000000000, 0.000000000000000000 ) ) ;
#6007 = PERSON_AND_ORGANIZATION_ROLE ( 'design_supplier' ) ;
#6008 = CARTESIAN_POINT ( 'NONE',  ( 22.50000000000003553, 11.00000000000000000, -25.00000000000000711 ) ) ;
#6009 = VECTOR ( 'NONE', #1485, 1000.000000000000000 ) ;
#6010 = VERTEX_POINT ( 'NONE', #4767 ) ;
#6011 = EDGE_CURVE ( 'NONE', #1558, #6668, #1179, .T. ) ;
#6012 = B_SPLINE_CURVE_WITH_KNOTS ( 'NONE', 3,
 ( #783, #7545, #7039, #8210 ),
 .UNSPECIFIED., .F., .F.,
 ( 4, 4 ),
 ( 1.344831438384259571E-15, 0.002752612025424671684 ),
 .UNSPECIFIED. ) ;
#6013 = ORIENTED_EDGE ( 'NONE', *, *, #932, .F. ) ;
#6014 = VECTOR ( 'NONE', #5375, 1000.000000000000000 ) ;
#6015 = CARTESIAN_POINT ( 'NONE',  ( 15.37401153701776124, 4.000000000000006217, 47.00000000000000711 ) ) ;
#6016 = ORIENTED_EDGE ( 'NONE', *, *, #2893, .F. ) ;
#6017 = ADVANCED_FACE ( 'NONE', ( #5624 ), #6208, .F. ) ;
#6018 = ADVANCED_FACE ( 'NONE', ( #7519 ), #5446, .F. ) ;
#6019 = LINE ( 'NONE', #3308, #6642 ) ;
#6020 = ORIENTED_EDGE ( 'NONE', *, *, #5442, .F. ) ;
#6021 = DIRECTION ( 'NONE',  ( 0.000000000000000000, 0.000000000000000000, 1.000000000000000000 ) ) ;
#6022 = AXIS2_PLACEMENT_3D ( 'NONE', #5679, #4882, #1449 ) ;
#6023 = PLANE ( 'NONE',  #1973 ) ;
#6024 = DIRECTION ( 'NONE',  ( -0.000000000000000000, -1.000000000000000000, -0.000000000000000000 ) ) ;
#6025 = ORIENTED_EDGE ( 'NONE', *, *, #2301, .F. ) ;
#6026 = ORIENTED_EDGE ( 'NONE', *, *, #7472, .T. ) ;
#6027 = AXIS2_PLACEMENT_3D ( 'NONE', #1269, #1314, #7582 ) ;
#6028 = ORIENTED_EDGE ( 'NONE', *, *, #6347, .T. ) ;
#6029 = FACE_OUTER_BOUND ( 'NONE', #409, .T. ) ;
#6030 = AXIS2_PLACEMENT_3D ( 'NONE', #3705, #3062, #5818 ) ;
#6031 = ORIENTED_EDGE ( 'NONE', *, *, #8126, .F. ) ;
#6032 = ORIENTED_EDGE ( 'NONE', *, *, #4655, .T. ) ;
#6033 = ORIENTED_EDGE ( 'NONE', *, *, #6417, .F. ) ;
#6034 = DIRECTION ( 'NONE',  ( -0.000000000000000000, 1.000000000000000000, -0.000000000000000000 ) ) ;
#6035 = AXIS2_PLACEMENT_3D ( 'NONE', #3516, #1450, #56 ) ;
#6036 = LINE ( 'NONE', #8726, #7405 ) ;
#6037 = CARTESIAN_POINT ( 'NONE',  ( -28.99999999999999645, 1.963298351211131498, -37.39853997599758628 ) ) ;
#6038 = DIRECTION ( 'NONE',  ( 0.000000000000000000, 1.000000000000000000, 0.000000000000000000 ) ) ;
#6039 = CARTESIAN_POINT ( 'NONE',  ( 16.00000000000000000, 2.200000941738147642, -38.75431407995100841 ) ) ;
#6040 = CARTESIAN_POINT ( 'NONE',  ( -28.99999999999999645, 2.033991634547325678, -37.36188211779253265 ) ) ;
#6041 = CARTESIAN_POINT ( 'NONE',  ( 12.50000000000023270, 11.00000000000000000, -5.000000000000007994 ) ) ;
#6042 = DIRECTION ( 'NONE',  ( 0.000000000000000000, 1.000000000000000000, 0.000000000000000000 ) ) ;
#6043 = LINE ( 'NONE', #6664, #942 ) ;
#6044 = DIRECTION ( 'NONE',  ( 0.000000000000000000, 0.000000000000000000, 1.000000000000000000 ) ) ;
#6045 = EDGE_CURVE ( 'NONE', #263, #2795, #4862, .T. ) ;
#6046 = DIRECTION ( 'NONE',  ( 0.000000000000000000, 0.000000000000000000, 1.000000000000000000 ) ) ;
#6047 = ORIENTED_EDGE ( 'NONE', *, *, #8321, .F. ) ;
#6048 = LINE ( 'NONE', #8024, #2249 ) ;
#6049 = CARTESIAN_POINT ( 'NONE',  ( 48.50000000000003553, 13.00000000000000000, -25.00000000000000711 ) ) ;
#6050 = DIRECTION ( 'NONE',  ( 0.000000000000000000, 0.000000000000000000, 1.000000000000000000 ) ) ;
#6051 = DIRECTION ( 'NONE',  ( 0.000000000000000000, 1.000000000000000000, 0.000000000000000000 ) ) ;
#6052 = DIRECTION ( 'NONE',  ( 0.000000000000000000, 1.000000000000000000, 0.000000000000000000 ) ) ;
#6053 = EDGE_CURVE ( 'NONE', #8691, #6957, #4092, .T. ) ;
#6054 = DIRECTION ( 'NONE',  ( 0.000000000000000000, 1.000000000000000000, 0.000000000000000000 ) ) ;
#6055 = EDGE_LOOP ( 'NONE', ( #5311, #3423, #5154, #8311, #7227, #4890 ) ) ;
#6056 = DIRECTION ( 'NONE',  ( 0.000000000000000000, 0.000000000000000000, 1.000000000000000000 ) ) ;
#6057 = DIRECTION ( 'NONE',  ( 1.000000000000000000, 0.000000000000000000, -0.000000000000000000 ) ) ;
#6058 = VERTEX_POINT ( 'NONE', #3411 ) ;
#6059 = DIRECTION ( 'NONE',  ( 0.000000000000000000, 0.000000000000000000, 1.000000000000000000 ) ) ;
#6060 = VERTEX_POINT ( 'NONE', #8913 ) ;
#6061 = CARTESIAN_POINT ( 'NONE',  ( -57.50000000000002132, 11.00000000000000000, -17.50000000000000355 ) ) ;
#6062 = CARTESIAN_POINT ( 'NONE',  ( -16.00000000000000000, 1.114856259926636062, -36.17544239128989148 ) ) ;
#6063 = AXIS2_PLACEMENT_3D ( 'NONE', #6110, #8724, #6653 ) ;
#6064 = CARTESIAN_POINT ( 'NONE',  ( -48.50000000000004263, 11.00000000000000000, -15.00000000000001066 ) ) ;
#6065 = EDGE_LOOP ( 'NONE', ( #2171, #5338, #8232, #869 ) ) ;
#6066 = ORIENTED_EDGE ( 'NONE', *, *, #3514, .F. ) ;
#6067 = ORIENTED_EDGE ( 'NONE', *, *, #2122, .T. ) ;
#6068 = EDGE_CURVE ( 'NONE', #4227, #5649, #3332, .T. ) ;
#6069 = EDGE_LOOP ( 'NONE', ( #1333, #6070, #1691, #471, #3936, #2349, #7013, #330, #6682, #4194, #5527, #958 ) ) ;
#6070 = ORIENTED_EDGE ( 'NONE', *, *, #4015, .F. ) ;
#6071 = ORIENTED_EDGE ( 'NONE', *, *, #1655, .T. ) ;
#6072 = CARTESIAN_POINT ( 'NONE',  ( 15.00000000000000000, 3.000000000000000000, -36.99999999999999289 ) ) ;
#6073 = CARTESIAN_POINT ( 'NONE',  ( 24.00000000000000711, 13.00000000000000000, 6.936491673103633460 ) ) ;
#6074 = CARTESIAN_POINT ( 'NONE',  ( 28.99999999999999645, 5.473734608291906056, -41.19038056704045658 ) ) ;
#6075 = VECTOR ( 'NONE', #8869, 1000.000000000000000 ) ;
#6076 = DIRECTION ( 'NONE',  ( -0.000000000000000000, 8.673617379884028076E-17, -1.000000000000000000 ) ) ;
#6077 = CARTESIAN_POINT ( 'NONE',  ( 16.00000000000000000, 2.255235076473617539, -38.77432382219299001 ) ) ;
#6078 = EDGE_CURVE ( 'NONE', #8119, #2629, #890, .T. ) ;
#6079 = CARTESIAN_POINT ( 'NONE',  ( -28.99999999999999645, 2.082998970865346688, -37.32943787572103389 ) ) ;
#6080 = EDGE_CURVE ( 'NONE', #7593, #8023, #5923, .T. ) ;
#6081 = DIRECTION ( 'NONE',  ( 0.000000000000000000, 0.000000000000000000, 1.000000000000000000 ) ) ;
#6082 = DIRECTION ( 'NONE',  ( 0.000000000000000000, 1.000000000000000000, 0.000000000000000000 ) ) ;
#6083 = CARTESIAN_POINT ( 'NONE',  ( 0.5000000000000213163, 11.00000000000000000, -25.00000000000000711 ) ) ;
#6084 = CYLINDRICAL_SURFACE ( 'NONE', #3842, 1.999999999999994893 ) ;
#6085 = CARTESIAN_POINT ( 'NONE',  ( 46.50000000000045475, 11.00000000000000000, 14.99999999999999289 ) ) ;
#6086 = ORIENTED_EDGE ( 'NONE', *, *, #8822, .T. ) ;
#6087 = DIRECTION ( 'NONE',  ( 0.000000000000000000, 0.000000000000000000, -1.000000000000000000 ) ) ;
#6088 = EDGE_CURVE ( 'NONE', #8495, #8026, #3041, .T. ) ;
#6089 = VECTOR ( 'NONE', #8036, 1000.000000000000000 ) ;
#6090 = CARTESIAN_POINT ( 'NONE',  ( 46.50000000000045475, 11.00000000000000000, 24.99999999999998579 ) ) ;
#6091 = CARTESIAN_POINT ( 'NONE',  ( -48.50000000000004263, 11.00000000000000000, -15.00000000000001066 ) ) ;
#6092 = DIRECTION ( 'NONE',  ( -1.000000000000000000, 0.000000000000000000, 0.000000000000000000 ) ) ;
#6093 = FACE_OUTER_BOUND ( 'NONE', #7688, .T. ) ;
#6094 = LINE ( 'NONE', #8840, #2384 ) ;
#6095 = ORIENTED_EDGE ( 'NONE', *, *, #7990, .T. ) ;
#6096 = EDGE_CURVE ( 'NONE', #8023, #1686, #6019, .T. ) ;
#6097 = FACE_OUTER_BOUND ( 'NONE', #8573, .T. ) ;
#6098 = ORIENTED_EDGE ( 'NONE', *, *, #7472, .F. ) ;
#6099 = DIRECTION ( 'NONE',  ( 0.000000000000000000, 0.000000000000000000, 1.000000000000000000 ) ) ;
#6100 = ORIENTED_EDGE ( 'NONE', *, *, #7281, .F. ) ;
#6101 = FACE_OUTER_BOUND ( 'NONE', #1239, .T. ) ;
#6102 = DIRECTION ( 'NONE',  ( 2.040851148208008245E-16, -1.000000000000000000, 0.000000000000000000 ) ) ;
#6103 = FACE_OUTER_BOUND ( 'NONE', #5512, .T. ) ;
#6104 = ORIENTED_EDGE ( 'NONE', *, *, #5402, .T. ) ;
#6105 = ORIENTED_EDGE ( 'NONE', *, *, #1332, .F. ) ;
#6106 = EDGE_CURVE ( 'NONE', #5559, #2935, #4035, .T. ) ;
#6107 = VERTEX_POINT ( 'NONE', #8805 ) ;
#6108 = ORIENTED_EDGE ( 'NONE', *, *, #5271, .F. ) ;
#6109 = VERTEX_POINT ( 'NONE', #470 ) ;
#6110 = CARTESIAN_POINT ( 'NONE',  ( 24.50000000000024514, 11.00000000000000000, 4.999999999999990230 ) ) ;
#6111 = AXIS2_PLACEMENT_3D ( 'NONE', #2862, #6964, #5486 ) ;
#6112 = EDGE_CURVE ( 'NONE', #1023, #1053, #8707, .T. ) ;
#6113 = CARTESIAN_POINT ( 'NONE',  ( 1.499999999999966693, 11.00000000000000000, -15.00000000000001066 ) ) ;
#6114 = CYLINDRICAL_SURFACE ( 'NONE', #5011, 1.999999999999994893 ) ;
#6115 = DIRECTION ( 'NONE',  ( 0.000000000000000000, 1.000000000000000000, 0.000000000000000000 ) ) ;
#6116 = ORIENTED_EDGE ( 'NONE', *, *, #3591, .T. ) ;
#6117 = AXIS2_PLACEMENT_3D ( 'NONE', #7457, #3124, #5881 ) ;
#6118 = DIRECTION ( 'NONE',  ( 0.000000000000000000, 1.000000000000000000, 0.000000000000000000 ) ) ;
#6119 = CC_DESIGN_PERSON_AND_ORGANIZATION_ASSIGNMENT ( #3252, #6007, ( #8444 ) ) ;
#6120 = CARTESIAN_POINT ( 'NONE',  ( 28.99999999999999645, 2.999999999999988898, -36.79999999999999005 ) ) ;
#6121 = EDGE_LOOP ( 'NONE', ( #2544, #1098, #5523, #7416 ) ) ;
#6122 = DIRECTION ( 'NONE',  ( -0.000000000000000000, -1.000000000000000000, -0.000000000000000000 ) ) ;
#6123 = ADVANCED_FACE ( 'NONE', ( #8846 ), #2622, .F. ) ;
#6124 = EDGE_CURVE ( 'NONE', #2547, #5476, #311, .T. ) ;
#6125 = FACE_OUTER_BOUND ( 'NONE', #8817, .T. ) ;
#6126 = DIRECTION ( 'NONE',  ( 0.000000000000000000, 0.000000000000000000, 1.000000000000000000 ) ) ;
#6127 = AXIS2_PLACEMENT_3D ( 'NONE', #494, #2738, #3240 ) ;
#6128 = CARTESIAN_POINT ( 'NONE',  ( -11.49999999999977440, 11.00000000000000000, -5.000000000000007994 ) ) ;
#6129 = EDGE_LOOP ( 'NONE', ( #8525, #7650, #6960, #257 ) ) ;
#6130 = CARTESIAN_POINT ( 'NONE',  ( -12.50000000000002487, 11.00000000000000000, -25.00000000000000711 ) ) ;
#6131 = CARTESIAN_POINT ( 'NONE',  ( 25.49999999999977263, 11.00000000000000000, -5.000000000000007994 ) ) ;
#6132 = AXIS2_PLACEMENT_3D ( 'NONE', #6986, #8295, #4205 ) ;
#6133 = DIRECTION ( 'NONE',  ( 1.000000000000000000, 0.000000000000000000, 0.000000000000000000 ) ) ;
#6134 = FACE_OUTER_BOUND ( 'NONE', #6065, .T. ) ;
#6135 = CARTESIAN_POINT ( 'NONE',  ( -12.50000000000002487, 13.00000000000000000, -25.00000000000000711 ) ) ;
#6136 = AXIS2_PLACEMENT_3D ( 'NONE', #6401, #3696, #230 ) ;
#6137 = ORIENTED_EDGE ( 'NONE', *, *, #152, .F. ) ;
#6138 = LINE ( 'NONE', #8074, #6709 ) ;
#6139 = AXIS2_PLACEMENT_3D ( 'NONE', #1681, #4472, #5159 ) ;
#6140 = ORIENTED_EDGE ( 'NONE', *, *, #6260, .F. ) ;
#6141 = VECTOR ( 'NONE', #4602, 1000.000000000000000 ) ;
#6142 = AXIS2_PLACEMENT_3D ( 'NONE', #5505, #735, #3475 ) ;
#6143 = DIRECTION ( 'NONE',  ( -1.000000000000000000, 0.000000000000000000, 0.000000000000000000 ) ) ;
#6144 = ORIENTED_EDGE ( 'NONE', *, *, #322, .F. ) ;
#6145 = LOCAL_TIME ( 11, 43, 10.00000000000000000, #2986 ) ;
#6146 = DIRECTION ( 'NONE',  ( 0.000000000000000000, 0.000000000000000000, 1.000000000000000000 ) ) ;
#6147 = EDGE_CURVE ( 'NONE', #6605, #2144, #8121, .T. ) ;
#6148 = DIRECTION ( 'NONE',  ( 1.000000000000000000, 0.000000000000000000, -0.000000000000000000 ) ) ;
#6149 = ORIENTED_EDGE ( 'NONE', *, *, #5144, .T. ) ;
#6150 = CARTESIAN_POINT ( 'NONE',  ( 11.49999999999976730, 11.00000000000000000, 4.999999999999990230 ) ) ;
#6151 = VECTOR ( 'NONE', #8186, 1000.000000000000000 ) ;
#6152 = CARTESIAN_POINT ( 'NONE',  ( 28.99999999999999645, 13.00000000000000000, -41.65412303015307316 ) ) ;
#6153 = DIRECTION ( 'NONE',  ( 1.156482317317871528E-15, 1.543213096464131927E-31, -1.000000000000000000 ) ) ;
#6154 = EDGE_CURVE ( 'NONE', #3889, #96, #1190, .T. ) ;
#6155 = VECTOR ( 'NONE', #3751, 1000.000000000000000 ) ;
#6156 = EDGE_LOOP ( 'NONE', ( #3858, #8671, #6677, #411 ) ) ;
#6157 = ORIENTED_EDGE ( 'NONE', *, *, #6781, .T. ) ;
#6158 = VECTOR ( 'NONE', #5173, 1000.000000000000000 ) ;
#6159 = ORIENTED_EDGE ( 'NONE', *, *, #7028, .F. ) ;
#6160 = ORIENTED_EDGE ( 'NONE', *, *, #5248, .T. ) ;
#6161 = CARTESIAN_POINT ( 'NONE',  ( -40.00000000000000000, 13.00000000000000000, -36.99999999999999289 ) ) ;
#6162 = CYLINDRICAL_SURFACE ( 'NONE', #6535, 1.999999999999994893 ) ;
#6163 = VECTOR ( 'NONE', #7126, 1000.000000000000000 ) ;
#6164 = DIRECTION ( 'NONE',  ( -1.000000000000000000, -2.040851148208008491E-16, 0.000000000000000000 ) ) ;
#6165 = EDGE_CURVE ( 'NONE', #2144, #1263, #1034, .T. ) ;
#6166 = FACE_OUTER_BOUND ( 'NONE', #2019, .T. ) ;
#6167 = VECTOR ( 'NONE', #8061, 1000.000000000000000 ) ;
#6168 = ORIENTED_EDGE ( 'NONE', *, *, #2610, .F. ) ;
#6169 = CARTESIAN_POINT ( 'NONE',  ( -16.00000000000000000, 2.118746317227650167, -37.30878423896998441 ) ) ;
#6170 = AXIS2_PLACEMENT_3D ( 'NONE', #5642, #6316, #1410 ) ;
#6171 = FACE_OUTER_BOUND ( 'NONE', #4169, .T. ) ;
#6172 = VERTEX_POINT ( 'NONE', #607 ) ;
#6173 = DIRECTION ( 'NONE',  ( 0.000000000000000000, 0.000000000000000000, 1.000000000000000000 ) ) ;
#6174 = DIRECTION ( 'NONE',  ( 0.000000000000000000, 0.000000000000000000, 1.000000000000000000 ) ) ;
#6175 = CARTESIAN_POINT ( 'NONE',  ( 16.00000000000000000, 1.160225949323556938, -36.14209440371940474 ) ) ;
#6176 = ORIENTED_EDGE ( 'NONE', *, *, #273, .F. ) ;
#6177 = DIRECTION ( 'NONE',  ( 0.000000000000000000, 1.000000000000000000, 0.000000000000000000 ) ) ;
#6178 = AXIS2_PLACEMENT_3D ( 'NONE', #2777, #5669, #4952 ) ;
#6179 = CARTESIAN_POINT ( 'NONE',  ( 28.99999999999999645, 2.175000000000081091, -37.27631397208135411 ) ) ;
#6180 = ADVANCED_FACE ( 'NONE', ( #2535 ), #3261, .T. ) ;
#6181 = EDGE_CURVE ( 'NONE', #8720, #2543, #3351, .T. ) ;
#6182 = FACE_OUTER_BOUND ( 'NONE', #8393, .T. ) ;
#6183 = CARTESIAN_POINT ( 'NONE',  ( -46.50000000000024869, 11.00000000000000000, -5.000000000000007994 ) ) ;
#6184 = DIRECTION ( 'NONE',  ( 0.000000000000000000, 0.000000000000000000, 1.000000000000000000 ) ) ;
#6185 = LINE ( 'NONE', #7537, #2245 ) ;
#6186 = EDGE_LOOP ( 'NONE', ( #5424, #6933, #7556, #6031 ) ) ;
#6187 = CARTESIAN_POINT ( 'NONE',  ( 28.99999999999999645, 13.00000000000000000, -45.65412303015307316 ) ) ;
#6188 = ORIENTED_EDGE ( 'NONE', *, *, #1595, .F. ) ;
#6189 = CARTESIAN_POINT ( 'NONE',  ( 9.999999999999998224, 4.000000000000005329, 47.00000000000000711 ) ) ;
#6190 = ORIENTED_EDGE ( 'NONE', *, *, #7223, .T. ) ;
#6191 = ADVANCED_FACE ( 'NONE', ( #8081 ), #2665, .F. ) ;
#6192 = FACE_OUTER_BOUND ( 'NONE', #2495, .T. ) ;
#6193 = DIRECTION ( 'NONE',  ( -0.000000000000000000, -1.000000000000000000, -0.000000000000000000 ) ) ;
#6194 = ORIENTED_EDGE ( 'NONE', *, *, #4674, .T. ) ;
#6195 = CARTESIAN_POINT ( 'NONE',  ( -25.50000000000000355, 11.50000000001249489, -42.80511351211194437 ) ) ;
#6196 = CARTESIAN_POINT ( 'NONE',  ( -28.99999999999999645, 1.160225949323556938, -36.14209440371933368 ) ) ;
#6197 = CARTESIAN_POINT ( 'NONE',  ( 0.000000000000000000, 12.00000000000000000, -6.936491673103652111 ) ) ;
#6198 = VERTEX_POINT ( 'NONE', #8895 ) ;
#6199 = VERTEX_POINT ( 'NONE', #1907 ) ;
#6200 = EDGE_CURVE ( 'NONE', #212, #3731, #1326, .T. ) ;
#6201 = VERTEX_POINT ( 'NONE', #4077 ) ;
#6202 = CIRCLE ( 'NONE', #2308, 1.999999999999994893 ) ;
#6203 = VERTEX_POINT ( 'NONE', #6818 ) ;
#6204 = ORIENTED_EDGE ( 'NONE', *, *, #6781, .F. ) ;
#6205 = DIRECTION ( 'NONE',  ( 0.000000000000000000, 1.000000000000000000, 0.000000000000000000 ) ) ;
#6206 = CARTESIAN_POINT ( 'NONE',  ( 10.50000000000044587, 11.00000000000000000, 14.99999999999999289 ) ) ;
#6207 = DIRECTION ( 'NONE',  ( 0.000000000000000000, 1.000000000000000000, 0.000000000000000000 ) ) ;
#6208 = CYLINDRICAL_SURFACE ( 'NONE', #7659, 1.999999999999994893 ) ;
#6209 = ORIENTED_EDGE ( 'NONE', *, *, #4704, .T. ) ;
#6210 = VECTOR ( 'NONE', #3584, 1000.000000000000000 ) ;
#6211 = CARTESIAN_POINT ( 'NONE',  ( -16.00000000000000000, 1.972201459015259228, -37.40997281828823873 ) ) ;
#6212 = ADVANCED_FACE ( 'NONE', ( #650 ), #3984, .F. ) ;
#6213 = DIRECTION ( 'NONE',  ( 0.000000000000000000, 1.000000000000000000, 0.000000000000000000 ) ) ;
#6214 = ORIENTED_EDGE ( 'NONE', *, *, #7754, .T. ) ;
#6215 = CARTESIAN_POINT ( 'NONE',  ( -22.50000000000024158, 11.00000000000000000, -5.000000000000007994 ) ) ;
#6216 = CARTESIAN_POINT ( 'NONE',  ( -0.5000000000004447553, 11.00000000000000000, 24.99999999999998934 ) ) ;
#6217 = AXIS2_PLACEMENT_3D ( 'NONE', #6773, #5382, #1150 ) ;
#6218 = CARTESIAN_POINT ( 'NONE',  ( 16.00000000000000000, 0.5374552005777324393, -36.79185932787714108 ) ) ;
#6219 = EDGE_LOOP ( 'NONE', ( #5839, #3450, #1511, #202, #6785, #2416 ) ) ;
#6220 = CARTESIAN_POINT ( 'NONE',  ( 40.00000000000000000, 0.000000000000000000, -17.49999999999999645 ) ) ;
#6221 = LINE ( 'NONE', #4287, #3782 ) ;
#6222 = ORIENTED_EDGE ( 'NONE', *, *, #8716, .T. ) ;
#6223 = DIRECTION ( 'NONE',  ( -1.334402673828313339E-16, 1.000000000000000000, 0.000000000000000000 ) ) ;
#6224 = CYLINDRICAL_SURFACE ( 'NONE', #2998, 1.999999999999994893 ) ;
#6225 = CARTESIAN_POINT ( 'NONE',  ( 4.536969091016264860E-16, 9.599999999999999645, 0.000000000000000000 ) ) ;
#6226 = DIRECTION ( 'NONE',  ( -0.000000000000000000, -1.000000000000000000, -0.000000000000000000 ) ) ;
#6227 = EDGE_CURVE ( 'NONE', #7626, #1524, #1819, .T. ) ;
#6228 = CARTESIAN_POINT ( 'NONE',  ( 1.499999999999973577, 11.00000000000000000, -25.00000000000000711 ) ) ;
#6229 = ORIENTED_EDGE ( 'NONE', *, *, #2808, .F. ) ;
#6230 = AXIS2_PLACEMENT_3D ( 'NONE', #7406, #5511, #2713 ) ;
#6231 = CARTESIAN_POINT ( 'NONE',  ( -12.50000000000023981, 11.00000000000000000, 4.999999999999990230 ) ) ;
#6232 = VERTEX_POINT ( 'NONE', #6909 ) ;
#6233 = CARTESIAN_POINT ( 'NONE',  ( -48.00000000000001421, 12.00000000000000000, -6.936491673103652111 ) ) ;
#6234 = DIRECTION ( 'NONE',  ( 2.040851148208008245E-16, 1.000000000000000000, -0.000000000000000000 ) ) ;
#6235 = EDGE_LOOP ( 'NONE', ( #2063, #2377, #8536, #2714, #5481, #4128 ) ) ;
#6236 = CARTESIAN_POINT ( 'NONE',  ( -25.50000000000000355, 9.600000000001417177, -42.29601004648966978 ) ) ;
#6237 = CARTESIAN_POINT ( 'NONE',  ( -28.99999999999999645, 1.960482108952128932, -40.24900739703301866 ) ) ;
#6238 = EDGE_CURVE ( 'NONE', #644, #2845, #2217, .T. ) ;
#6239 = CARTESIAN_POINT ( 'NONE',  ( -16.00000000000000000, -11.41562369461536441, -35.50096189432333915 ) ) ;
#6240 = AXIS2_PLACEMENT_3D ( 'NONE', #6988, #8430, #8346 ) ;
#6241 = ORIENTED_EDGE ( 'NONE', *, *, #4941, .T. ) ;
#6242 = ORIENTED_EDGE ( 'NONE', *, *, #6165, .T. ) ;
#6243 = AXIS2_PLACEMENT_3D ( 'NONE', #3959, #491, #1300 ) ;
#6244 = EDGE_LOOP ( 'NONE', ( #7574, #6214, #5435, #3983, #8182, #3533 ) ) ;
#6245 = ORIENTED_EDGE ( 'NONE', *, *, #5737, .T. ) ;
#6246 = DIRECTION ( 'NONE',  ( 0.000000000000000000, 1.000000000000000000, 0.000000000000000000 ) ) ;
#6247 = DIRECTION ( 'NONE',  ( 0.000000000000000000, 0.000000000000000000, 1.000000000000000000 ) ) ;
#6248 = DIRECTION ( 'NONE',  ( -0.000000000000000000, -1.000000000000000000, -0.000000000000000000 ) ) ;
#6249 = ADVANCED_FACE ( 'NONE', ( #4895 ), #4254, .F. ) ;
#6250 = CARTESIAN_POINT ( 'NONE',  ( 49.49999999999957367, 11.00000000000000000, 14.99999999999999289 ) ) ;
#6251 = ORIENTED_EDGE ( 'NONE', *, *, #2921, .T. ) ;
#6252 = CARTESIAN_POINT ( 'NONE',  ( -16.00000000000000000, 2.849999999999266453, -36.88660254037745290 ) ) ;
#6253 = AXIS2_PLACEMENT_3D ( 'NONE', #8503, #7108, #6438 ) ;
#6254 = CYLINDRICAL_SURFACE ( 'NONE', #1432, 1.999999999999994893 ) ;
#6255 = ORIENTED_EDGE ( 'NONE', *, *, #4934, .T. ) ;
#6256 = FACE_OUTER_BOUND ( 'NONE', #1490, .T. ) ;
#6257 = EDGE_CURVE ( 'NONE', #7858, #2692, #6326, .T. ) ;
#6258 = LINE ( 'NONE', #4820, #5119 ) ;
#6259 = DIRECTION ( 'NONE',  ( -0.000000000000000000, -1.000000000000000000, -0.000000000000000000 ) ) ;
#6260 = EDGE_CURVE ( 'NONE', #6374, #3550, #6012, .T. ) ;
#6261 = ORIENTED_EDGE ( 'NONE', *, *, #4901, .T. ) ;
#6262 = CARTESIAN_POINT ( 'NONE',  ( 36.50000000000044764, 11.00000000000000000, 24.99999999999998934 ) ) ;
#6263 = CIRCLE ( 'NONE', #6117, 1.999999999999994893 ) ;
#6264 = CARTESIAN_POINT ( 'NONE',  ( -36.00000000000000711, 12.00000000000000000, -6.936491673103652111 ) ) ;
#6265 = CARTESIAN_POINT ( 'NONE',  ( 49.49999999999977973, 13.00000000000000000, -5.000000000000007994 ) ) ;
#6266 = CYLINDRICAL_SURFACE ( 'NONE', #2993, 1.999999999999994893 ) ;
#6267 = AXIS2_PLACEMENT_3D ( 'NONE', #989, #6614, #396 ) ;
#6268 = PLANE ( 'NONE',  #1110 ) ;
#6269 = CARTESIAN_POINT ( 'NONE',  ( 48.50000000000024869, 11.00000000000000000, 4.999999999999990230 ) ) ;
#6270 = VERTEX_POINT ( 'NONE', #6864 ) ;
#6271 = DIRECTION ( 'NONE',  ( 0.000000000000000000, 1.000000000000000000, 0.000000000000000000 ) ) ;
#6272 = EDGE_CURVE ( 'NONE', #5649, #7016, #5516, .T. ) ;
#6273 = ORIENTED_EDGE ( 'NONE', *, *, #6464, .T. ) ;
#6274 = CARTESIAN_POINT ( 'NONE',  ( -48.50000000000045475, 13.00000000000000000, 14.99999999999999289 ) ) ;
#6275 = VERTEX_POINT ( 'NONE', #2849 ) ;
#6276 = CARTESIAN_POINT ( 'NONE',  ( -10.00000000000000000, 7.599999999999999645, -37.00000000000000711 ) ) ;
#6277 = VECTOR ( 'NONE', #2748, 1000.000000000000000 ) ;
#6278 = DIRECTION ( 'NONE',  ( 0.000000000000000000, 0.000000000000000000, 1.000000000000000000 ) ) ;
#6279 = CYLINDRICAL_SURFACE ( 'NONE', #215, 1.999999999999994893 ) ;
#6280 = CARTESIAN_POINT ( 'NONE',  ( -28.99999999999999645, 0.2786210752833564452, -38.76037188570457204 ) ) ;
#6281 = VECTOR ( 'NONE', #2181, 1000.000000000000000 ) ;
#6282 = LINE ( 'NONE', #8352, #2113 ) ;
#6283 = AXIS2_PLACEMENT_3D ( 'NONE', #7718, #1539, #8475 ) ;
#6284 = ORIENTED_EDGE ( 'NONE', *, *, #7372, .F. ) ;
#6285 = VERTEX_POINT ( 'NONE', #7684 ) ;
#6286 = EDGE_CURVE ( 'NONE', #2186, #5559, #3528, .T. ) ;
#6287 = EDGE_CURVE ( 'NONE', #6414, #1022, #2757, .T. ) ;
#6288 = ORIENTED_EDGE ( 'NONE', *, *, #8487, .T. ) ;
#6289 = AXIS2_PLACEMENT_3D ( 'NONE', #6220, #2785, #4960 ) ;
#6290 = ORIENTED_EDGE ( 'NONE', *, *, #3825, .T. ) ;
#6291 = FACE_OUTER_BOUND ( 'NONE', #6121, .T. ) ;
#6292 = CARTESIAN_POINT ( 'NONE',  ( 36.00000000000000711, 11.00000000000000000, 26.93649167310357839 ) ) ;
#6293 = FACE_OUTER_BOUND ( 'NONE', #8906, .T. ) ;
#6294 = AXIS2_PLACEMENT_3D ( 'NONE', #1133, #3879, #6622 ) ;
#6295 = DIRECTION ( 'NONE',  ( -1.000000000000000000, 2.040851148208008245E-16, 0.000000000000000000 ) ) ;
#6296 = CARTESIAN_POINT ( 'NONE',  ( 15.00000000000000000, 13.00000000000000000, -34.99999999999999289 ) ) ;
#6297 = AXIS2_PLACEMENT_3D ( 'NONE', #8860, #6248, #8270 ) ;
#6298 = ORIENTED_EDGE ( 'NONE', *, *, #1138, .T. ) ;
#6299 = CARTESIAN_POINT ( 'NONE',  ( -16.00000000000000000, 3.185199366924912567, -39.02425512664720486 ) ) ;
#6300 = DIRECTION ( 'NONE',  ( 0.000000000000000000, 0.000000000000000000, 1.000000000000000000 ) ) ;
#6301 = ORIENTED_EDGE ( 'NONE', *, *, #5218, .T. ) ;
#6302 = CARTESIAN_POINT ( 'NONE',  ( 5.421010862427522170E-16, 11.00000000000000000, 13.06350832689640207 ) ) ;
#6303 = AXIS2_PLACEMENT_3D ( 'NONE', #4784, #4830, #6808 ) ;
#6304 = EDGE_CURVE ( 'NONE', #1230, #7016, #6498, .T. ) ;
#6305 = FACE_OUTER_BOUND ( 'NONE', #2488, .T. ) ;
#6306 = CARTESIAN_POINT ( 'NONE',  ( -48.50000000000045475, 11.00000000000000000, 14.99999999999999289 ) ) ;
#6307 = CIRCLE ( 'NONE', #8032, 1.999999999999994893 ) ;
#6308 = ORIENTED_EDGE ( 'NONE', *, *, #1557, .F. ) ;
#6309 = CARTESIAN_POINT ( 'NONE',  ( -16.00000000000000000, 2.255235076474041200, -38.77432382219313212 ) ) ;
#6310 = DIRECTION ( 'NONE',  ( -0.000000000000000000, -1.000000000000000000, -0.000000000000000000 ) ) ;
#6311 = CIRCLE ( 'NONE', #8758, 1.999999999999994893 ) ;
#6312 = ORIENTED_EDGE ( 'NONE', *, *, #2906, .F. ) ;
#6313 = AXIS2_PLACEMENT_3D ( 'NONE', #6049, #2612, #4739 ) ;
#6314 = LINE ( 'NONE', #4922, #3283 ) ;
#6315 = EDGE_CURVE ( 'NONE', #4855, #5544, #828, .T. ) ;
#6316 = DIRECTION ( 'NONE',  ( 0.000000000000000000, 1.000000000000000000, 0.000000000000000000 ) ) ;
#6317 = AXIS2_PLACEMENT_3D ( 'NONE', #7199, #5717, #2325 ) ;
#6318 = DIRECTION ( 'NONE',  ( 0.000000000000000000, 5.204170427930416550E-15, -1.000000000000000000 ) ) ;
#6319 = ORIENTED_EDGE ( 'NONE', *, *, #4941, .F. ) ;
#6320 = DIRECTION ( 'NONE',  ( 1.000000000000000000, 0.000000000000000000, -0.000000000000000000 ) ) ;
#6321 = AXIS2_PLACEMENT_3D ( 'NONE', #2499, #4794, #8893 ) ;
#6322 = CYLINDRICAL_SURFACE ( 'NONE', #5093, 1.999999999999994893 ) ;
#6323 = ORIENTED_EDGE ( 'NONE', *, *, #8218, .F. ) ;
#6324 = EDGE_CURVE ( 'NONE', #760, #2081, #2611, .T. ) ;
#6325 = CARTESIAN_POINT ( 'NONE',  ( 16.00000000000000000, 3.000000000000000000, -35.50096189432333915 ) ) ;
#6326 = LINE ( 'NONE', #6993, #5198 ) ;
#6327 = DIRECTION ( 'NONE',  ( 0.000000000000000000, 1.000000000000000000, 0.000000000000000000 ) ) ;
#6328 = CARTESIAN_POINT ( 'NONE',  ( -28.99999999999999645, 0.1607325623971178896, -37.86491972910407355 ) ) ;
#6329 = CARTESIAN_POINT ( 'NONE',  ( 24.00000000000000711, 12.00000000000000000, -26.93649167310370629 ) ) ;
#6330 = VERTEX_POINT ( 'NONE', #67 ) ;
#6331 = VERTEX_POINT ( 'NONE', #24 ) ;
#6332 = ORIENTED_EDGE ( 'NONE', *, *, #1359, .F. ) ;
#6333 = ORIENTED_EDGE ( 'NONE', *, *, #1936, .T. ) ;
#6334 = DIRECTION ( 'NONE',  ( -0.000000000000000000, -1.000000000000000000, -0.000000000000000000 ) ) ;
#6335 = DIRECTION ( 'NONE',  ( 0.000000000000000000, 0.000000000000000000, 1.000000000000000000 ) ) ;
#6336 = LINE ( 'NONE', #5622, #6393 ) ;
#6337 = CARTESIAN_POINT ( 'NONE',  ( -34.50000000000045475, 13.00000000000000000, 24.99999999999998934 ) ) ;
#6338 = EDGE_CURVE ( 'NONE', #2807, #2009, #5562, .T. ) ;
#6339 = VERTEX_POINT ( 'NONE', #4304 ) ;
#6340 = CARTESIAN_POINT ( 'NONE',  ( -16.00000000000000000, 1.794550953019904638, -38.42134894300745174 ) ) ;
#6341 = AXIS2_PLACEMENT_3D ( 'NONE', #3961, #5323, #8827 ) ;
#6342 = CARTESIAN_POINT ( 'NONE',  ( 48.50000000000024869, 13.00000000000000000, 4.999999999999990230 ) ) ;
#6343 = VERTEX_POINT ( 'NONE', #2890 ) ;
#6344 = DIRECTION ( 'NONE',  ( 0.000000000000000000, 1.000000000000000000, 0.000000000000000000 ) ) ;
#6345 = CARTESIAN_POINT ( 'NONE',  ( 35.49999999999956657, 11.00000000000000000, 24.99999999999998934 ) ) ;
#6346 = CARTESIAN_POINT ( 'NONE',  ( 16.00000000000000000, 1.637502707497192178, -40.14533629492507316 ) ) ;
#6347 = EDGE_CURVE ( 'NONE', #4020, #3655, #2137, .T. ) ;
#6348 = CARTESIAN_POINT ( 'NONE',  ( -16.00000000000000000, 2.099999999999986766, -37.31961524227066462 ) ) ;
#6349 = CARTESIAN_POINT ( 'NONE',  ( 28.99999999999999645, 2.474999999999911715, -37.10310889132458811 ) ) ;
#6350 = ADVANCED_FACE ( 'NONE', ( #4977 ), #113, .F. ) ;
#6351 = EDGE_LOOP ( 'NONE', ( #3073, #6379, #4945, #8852 ) ) ;
#6352 = CARTESIAN_POINT ( 'NONE',  ( -34.50000000000024869, 13.00000000000000000, 4.999999999999990230 ) ) ;
#6353 = VECTOR ( 'NONE', #6883, 1000.000000000000000 ) ;
#6354 = CARTESIAN_POINT ( 'NONE',  ( -28.99999999999999645, 1.689957556515497838, -40.16580543768807132 ) ) ;
#6355 = DIRECTION ( 'NONE',  ( -1.000000000000000000, 0.000000000000000000, -0.000000000000000000 ) ) ;
#6356 = ORIENTED_EDGE ( 'NONE', *, *, #8701, .F. ) ;
#6357 = DIRECTION ( 'NONE',  ( 0.000000000000000000, 0.000000000000000000, 1.000000000000000000 ) ) ;
#6358 = EDGE_CURVE ( 'NONE', #7801, #4657, #3769, .T. ) ;
#6359 = AXIS2_PLACEMENT_3D ( 'NONE', #4597, #5277, #1846 ) ;
#6360 = LINE ( 'NONE', #2260, #8674 ) ;
#6361 = ORIENTED_EDGE ( 'NONE', *, *, #1876, .F. ) ;
#6362 = FACE_OUTER_BOUND ( 'NONE', #7467, .T. ) ;
#6363 = CARTESIAN_POINT ( 'NONE',  ( 36.00000000000000711, 12.00000000000000000, 13.06350832689640029 ) ) ;
#6364 = CARTESIAN_POINT ( 'NONE',  ( -13.49999999999997691, 11.00000000000000000, -15.00000000000001066 ) ) ;
#6365 = CARTESIAN_POINT ( 'NONE',  ( -16.00000000000000000, 6.365989211298694883, -41.42945946735997609 ) ) ;
#6366 = EDGE_CURVE ( 'NONE', #6914, #7626, #6769, .T. ) ;
#6367 = APPROVAL_DATE_TIME ( #4308, #560 ) ;
#6368 = VECTOR ( 'NONE', #729, 1000.000000000000000 ) ;
#6369 = EDGE_LOOP ( 'NONE', ( #6105, #711, #376, #3773, #7573, #4264 ) ) ;
#6370 = EDGE_CURVE ( 'NONE', #3675, #3040, #872, .T. ) ;
#6371 = ORIENTED_EDGE ( 'NONE', *, *, #3610, .F. ) ;
#6372 = EDGE_LOOP ( 'NONE', ( #5773, #8676, #7747, #921 ) ) ;
#6373 = VECTOR ( 'NONE', #6949, 1000.000000000000000 ) ;
#6374 = VERTEX_POINT ( 'NONE', #196 ) ;
#6375 = LINE ( 'NONE', #205, #3664 ) ;
#6376 = DIRECTION ( 'NONE',  ( 0.000000000000000000, 1.000000000000000000, 0.000000000000000000 ) ) ;
#6377 = LINE ( 'NONE', #5171, #3231 ) ;
#6378 = DIRECTION ( 'NONE',  ( 1.000000000000000000, 0.000000000000000000, -0.000000000000000000 ) ) ;
#6379 = ORIENTED_EDGE ( 'NONE', *, *, #3589, .F. ) ;
#6380 = ORIENTED_EDGE ( 'NONE', *, *, #4030, .T. ) ;
#6381 = EDGE_CURVE ( 'NONE', #6594, #6843, #3485, .T. ) ;
#6382 = VERTEX_POINT ( 'NONE', #5365 ) ;
#6383 = DIRECTION ( 'NONE',  ( 0.000000000000000000, 1.000000000000000000, 0.000000000000000000 ) ) ;
#6384 = EDGE_CURVE ( 'NONE', #6010, #661, #5219, .T. ) ;
#6385 = CARTESIAN_POINT ( 'NONE',  ( 25.49999999999998224, 13.00000000000000000, -25.00000000000000711 ) ) ;
#6386 = ORIENTED_EDGE ( 'NONE', *, *, #3703, .F. ) ;
#6387 = CARTESIAN_POINT ( 'NONE',  ( 13.49999999999997691, 13.00000000000000000, -25.00000000000000711 ) ) ;
#6388 = DIRECTION ( 'NONE',  ( 0.000000000000000000, 0.000000000000000000, 1.000000000000000000 ) ) ;
#6389 = CARTESIAN_POINT ( 'NONE',  ( 16.00000000000000000, 9.042753020318221147, -42.14669616830466481 ) ) ;
#6390 = CARTESIAN_POINT ( 'NONE',  ( -25.50000000000000355, 9.599999999999999645, -44.85412303015305469 ) ) ;
#6391 = EDGE_CURVE ( 'NONE', #751, #6330, #4491, .T. ) ;
#6392 = CARTESIAN_POINT ( 'NONE',  ( 16.00000000000000000, 2.474999999999911715, -37.10310889132458811 ) ) ;
#6393 = VECTOR ( 'NONE', #7008, 1000.000000000000000 ) ;
#6394 = CARTESIAN_POINT ( 'NONE',  ( -13.49999999999956124, 11.00000000000000000, 24.99999999999998579 ) ) ;
#6395 = EDGE_CURVE ( 'NONE', #2498, #5785, #5930, .T. ) ;
#6396 = EDGE_CURVE ( 'NONE', #2457, #8347, #4056, .T. ) ;
#6397 = PLANE ( 'NONE',  #1985 ) ;
#6398 = CARTESIAN_POINT ( 'NONE',  ( -28.99999999999999645, 0.4718339899309914598, -39.18806152621488081 ) ) ;
#6399 = CIRCLE ( 'NONE', #5112, 1.999999999999994893 ) ;
#6400 = ORIENTED_EDGE ( 'NONE', *, *, #2459, .T. ) ;
#6401 = CARTESIAN_POINT ( 'NONE',  ( -28.99999999999999645, 13.00000000000000000, -41.65412303015307316 ) ) ;
#6402 = EDGE_LOOP ( 'NONE', ( #3706, #8604, #8492, #7309 ) ) ;
#6403 = PLANE ( 'NONE',  #1391 ) ;
#6404 = CIRCLE ( 'NONE', #5831, 1.999999999999994893 ) ;
#6405 = LINE ( 'NONE', #780, #7533 ) ;
#6406 = ORIENTED_EDGE ( 'NONE', *, *, #8411, .T. ) ;
#6407 = CYLINDRICAL_SURFACE ( 'NONE', #3714, 1.999999999999994893 ) ;
#6408 = CARTESIAN_POINT ( 'NONE',  ( -12.50000000000002487, 11.00000000000000000, -25.00000000000000711 ) ) ;
#6409 = DIRECTION ( 'NONE',  ( 1.334402673828313339E-16, -1.000000000000000000, -0.000000000000000000 ) ) ;
#6410 = FACE_BOUND ( 'NONE', #5918, .T. ) ;
#6411 =( LENGTH_UNIT ( ) NAMED_UNIT ( * ) SI_UNIT ( .MILLI., .METRE. ) );
#6412 = AXIS2_PLACEMENT_3D ( 'NONE', #7018, #140, #895 ) ;
#6413 = ORIENTED_EDGE ( 'NONE', *, *, #5678, .T. ) ;
#6414 = VERTEX_POINT ( 'NONE', #1929 ) ;
#6415 = VECTOR ( 'NONE', #2491, 1000.000000000000000 ) ;
#6416 = ORIENTED_EDGE ( 'NONE', *, *, #1531, .T. ) ;
#6417 = EDGE_CURVE ( 'NONE', #4762, #8129, #6797, .T. ) ;
#6418 = ORIENTED_EDGE ( 'NONE', *, *, #3003, .T. ) ;
#6419 = CARTESIAN_POINT ( 'NONE',  ( -36.00000000000000711, 11.00000000000000000, 13.06350832689640029 ) ) ;
#6420 = VECTOR ( 'NONE', #7764, 1000.000000000000000 ) ;
#6421 = DIRECTION ( 'NONE',  ( 0.000000000000000000, 1.000000000000000000, 0.000000000000000000 ) ) ;
#6422 = CARTESIAN_POINT ( 'NONE',  ( 25.49999999999956302, 13.00000000000000000, 14.99999999999999289 ) ) ;
#6423 = ORIENTED_EDGE ( 'NONE', *, *, #6555, .F. ) ;
#6424 = LINE ( 'NONE', #979, #7012 ) ;
#6425 = AXIS2_PLACEMENT_3D ( 'NONE', #865, #775, #2128 ) ;
#6426 = ORIENTED_EDGE ( 'NONE', *, *, #1721, .T. ) ;
#6427 = VERTEX_POINT ( 'NONE', #4731 ) ;
#6428 = CIRCLE ( 'NONE', #5991, 1.999999999999994893 ) ;
#6429 = ORIENTED_EDGE ( 'NONE', *, *, #5849, .F. ) ;
#6430 = AXIS2_PLACEMENT_3D ( 'NONE', #2363, #934, #3678 ) ;
#6431 = DIRECTION ( 'NONE',  ( -0.000000000000000000, 8.673617379884028076E-17, -1.000000000000000000 ) ) ;
#6432 = AXIS2_PLACEMENT_3D ( 'NONE', #5950, #3967, #457 ) ;
#6433 = LINE ( 'NONE', #1070, #5461 ) ;
#6434 = CIRCLE ( 'NONE', #4560, 3.299999999999999822 ) ;
#6435 = ORIENTED_EDGE ( 'NONE', *, *, #4603, .T. ) ;
#6436 = DIRECTION ( 'NONE',  ( -1.000000000000000000, 0.000000000000000000, 0.000000000000000000 ) ) ;
#6437 = EDGE_CURVE ( 'NONE', #5963, #617, #3337, .T. ) ;
#6438 = DIRECTION ( 'NONE',  ( 0.000000000000000000, 0.000000000000000000, 1.000000000000000000 ) ) ;
#6439 = VECTOR ( 'NONE', #7572, 1000.000000000000000 ) ;
#6440 = CARTESIAN_POINT ( 'NONE',  ( 28.99999999999999645, 1.724999999999911049, -35.80407078564793011 ) ) ;
#6441 = DIRECTION ( 'NONE',  ( 0.000000000000000000, 1.000000000000000000, 0.000000000000000000 ) ) ;
#6442 = CARTESIAN_POINT ( 'NONE',  ( 28.99999999999999645, 1.950516754515283058, -38.59919385456366570 ) ) ;
#6443 = VECTOR ( 'NONE', #2523, 1000.000000000000000 ) ;
#6444 = DIRECTION ( 'NONE',  ( 2.040851148208008245E-16, 1.000000000000000000, -0.000000000000000000 ) ) ;
#6445 = LINE ( 'NONE', #3692, #1423 ) ;
#6446 = CARTESIAN_POINT ( 'NONE',  ( -28.99999999999999645, 1.095023035351500029, -39.84735968551908769 ) ) ;
#6447 = EDGE_LOOP ( 'NONE', ( #879, #7118, #5041, #6406, #2901, #5841 ) ) ;
#6448 = DIRECTION ( 'NONE',  ( 0.000000000000000000, 0.000000000000000000, -1.000000000000000000 ) ) ;
#6449 = VERTEX_POINT ( 'NONE', #2020 ) ;
#6450 = DIRECTION ( 'NONE',  ( -0.000000000000000000, -1.000000000000000000, -0.000000000000000000 ) ) ;
#6451 = ADVANCED_FACE ( 'NONE', ( #1259 ), #630, .F. ) ;
#6452 = EDGE_CURVE ( 'NONE', #6232, #1825, #2449, .T. ) ;
#6453 = AXIS2_PLACEMENT_3D ( 'NONE', #2642, #8736, #8191 ) ;
#6454 = DIRECTION ( 'NONE',  ( 0.000000000000000000, 0.000000000000000000, 1.000000000000000000 ) ) ;
#6455 = VERTEX_POINT ( 'NONE', #3374 ) ;
#6456 = AXIS2_PLACEMENT_3D ( 'NONE', #1588, #8612, #7769 ) ;
#6457 = DIRECTION ( 'NONE',  ( -1.000000000000000000, 0.000000000000000000, -0.000000000000000000 ) ) ;
#6458 = DIRECTION ( 'NONE',  ( -1.000000000000000000, -2.040851148208007998E-16, 0.000000000000000000 ) ) ;
#6459 = FACE_BOUND ( 'NONE', #5163, .T. ) ;
#6460 = ADVANCED_FACE ( 'NONE', ( #2511 ), #543, .F. ) ;
#6461 = ORIENTED_EDGE ( 'NONE', *, *, #3902, .F. ) ;
#6462 = AXIS2_PLACEMENT_3D ( 'NONE', #7916, #7959, #7827 ) ;
#6463 = ORIENTED_EDGE ( 'NONE', *, *, #7269, .T. ) ;
#6464 = EDGE_CURVE ( 'NONE', #7541, #2807, #4680, .T. ) ;
#6465 = ORIENTED_EDGE ( 'NONE', *, *, #8337, .F. ) ;
#6466 = ORIENTED_EDGE ( 'NONE', *, *, #3367, .F. ) ;
#6467 = CARTESIAN_POINT ( 'NONE',  ( -1.499999999999765521, 13.00000000000000000, -5.000000000000007994 ) ) ;
#6468 = DIRECTION ( 'NONE',  ( 0.000000000000000000, 0.000000000000000000, 1.000000000000000000 ) ) ;
#6469 = DIRECTION ( 'NONE',  ( 0.000000000000000000, 0.000000000000000000, 1.000000000000000000 ) ) ;
#6470 = CYLINDRICAL_SURFACE ( 'NONE', #1838, 1.999999999999994893 ) ;
#6471 = VERTEX_POINT ( 'NONE', #5944 ) ;
#6472 = VERTEX_POINT ( 'NONE', #7524 ) ;
#6473 = EDGE_LOOP ( 'NONE', ( #4608, #7774, #2337, #4247, #3632, #6319, #1647, #7817, #1020, #6477, #7508, #7944, #3786, #2722, #7317, #6534 ) ) ;
#6474 = EDGE_CURVE ( 'NONE', #7329, #2386, #1350, .T. ) ;
#6475 = DIRECTION ( 'NONE',  ( 0.000000000000000000, 1.000000000000000000, 0.000000000000000000 ) ) ;
#6476 = DIRECTION ( 'NONE',  ( -0.000000000000000000, -1.000000000000000000, -0.000000000000000000 ) ) ;
#6477 = ORIENTED_EDGE ( 'NONE', *, *, #6286, .F. ) ;
#6478 = DIRECTION ( 'NONE',  ( 0.000000000000000000, 1.000000000000000000, 0.000000000000000000 ) ) ;
#6479 = CARTESIAN_POINT ( 'NONE',  ( 48.00000000000001421, 13.00000000000000000, -13.06350832689631325 ) ) ;
#6480 = CARTESIAN_POINT ( 'NONE',  ( 28.99999999999999645, 2.044130977983922737, -40.27142104393775668 ) ) ;
#6481 = CARTESIAN_POINT ( 'NONE',  ( 12.00000000000000355, 12.00000000000000000, 13.06350832689640207 ) ) ;
#6482 = CARTESIAN_POINT ( 'NONE',  ( 28.99999999999999645, 2.273980746193230651, -38.78008848112394702 ) ) ;
#6483 = DIRECTION ( 'NONE',  ( 0.000000000000000000, 1.000000000000000000, 0.000000000000000000 ) ) ;
#6484 = EDGE_CURVE ( 'NONE', #1666, #4909, #7387, .T. ) ;
#6485 = CARTESIAN_POINT ( 'NONE',  ( -13.00000000000000178, 7.599999999999999645, 47.00000000000001421 ) ) ;
#6486 = PLANE ( 'NONE',  #1404 ) ;
#6487 = DIRECTION ( 'NONE',  ( 0.000000000000000000, 0.000000000000000000, 1.000000000000000000 ) ) ;
#6488 = VERTEX_POINT ( 'NONE', #8687 ) ;
#6489 = FACE_OUTER_BOUND ( 'NONE', #5824, .T. ) ;
#6490 = AXIS2_PLACEMENT_3D ( 'NONE', #583, #6115, #7427 ) ;
#6491 = DIRECTION ( 'NONE',  ( 0.000000000000000000, 0.000000000000000000, 1.000000000000000000 ) ) ;
#6492 = ORIENTED_EDGE ( 'NONE', *, *, #718, .T. ) ;
#6493 = LINE ( 'NONE', #1724, #2557 ) ;
#6494 = ADVANCED_FACE ( 'NONE', ( #2603 ), #2643, .F. ) ;
#6495 = DIRECTION ( 'NONE',  ( 0.000000000000000000, 1.000000000000000000, 0.000000000000000000 ) ) ;
#6496 = DIRECTION ( 'NONE',  ( 0.000000000000000000, 0.000000000000000000, 1.000000000000000000 ) ) ;
#6497 = DIRECTION ( 'NONE',  ( 1.982541115402065356E-16, 0.000000000000000000, -1.000000000000000000 ) ) ;
#6498 = CIRCLE ( 'NONE', #3193, 1.999999999999994893 ) ;
#6499 = ORIENTED_EDGE ( 'NONE', *, *, #6503, .F. ) ;
#6500 = EDGE_LOOP ( 'NONE', ( #1065, #6241, #1197, #5534, #3667, #3811, #5949, #7421, #5207, #4133, #6915, #5264 ) ) ;
#6501 = DIRECTION ( 'NONE',  ( 0.000000000000000000, 1.000000000000000000, 0.000000000000000000 ) ) ;
#6502 = ORIENTED_EDGE ( 'NONE', *, *, #3977, .T. ) ;
#6503 = EDGE_CURVE ( 'NONE', #3169, #7045, #2899, .T. ) ;
#6504 = ORIENTED_EDGE ( 'NONE', *, *, #4579, .F. ) ;
#6505 = DIRECTION ( 'NONE',  ( 2.040851148208007998E-16, 1.000000000000000000, 8.673617379884028076E-17 ) ) ;
#6506 = CARTESIAN_POINT ( 'NONE',  ( -25.49999999999977263, 13.00000000000000000, -5.000000000000007994 ) ) ;
#6507 = DIRECTION ( 'NONE',  ( 0.000000000000000000, 0.000000000000000000, 1.000000000000000000 ) ) ;
#6508 = DIRECTION ( 'NONE',  ( 0.000000000000000000, 1.000000000000000000, 0.000000000000000000 ) ) ;
#6509 = ORIENTED_EDGE ( 'NONE', *, *, #8457, .T. ) ;
#6510 = ORIENTED_EDGE ( 'NONE', *, *, #7310, .T. ) ;
#6511 = ORIENTED_EDGE ( 'NONE', *, *, #7372, .T. ) ;
#6512 = LINE ( 'NONE', #214, #5856 ) ;
#6513 = AXIS2_PLACEMENT_3D ( 'NONE', #1055, #7228, #3849 ) ;
#6514 = ORIENTED_EDGE ( 'NONE', *, *, #1113, .T. ) ;
#6515 = CYLINDRICAL_SURFACE ( 'NONE', #4019, 1.999999999999994893 ) ;
#6516 = VERTEX_POINT ( 'NONE', #493 ) ;
#6517 = CARTESIAN_POINT ( 'NONE',  ( -13.49999999999976197, 13.00000000000000000, 4.999999999999990230 ) ) ;
#6518 = CARTESIAN_POINT ( 'NONE',  ( -46.50000000000025580, 11.00000000000000000, 4.999999999999990230 ) ) ;
#6519 = EDGE_CURVE ( 'NONE', #1913, #6843, #3919, .T. ) ;
#6520 = CARTESIAN_POINT ( 'NONE',  ( 16.00000000000000000, 1.382540356719631047, -40.02589295479880604 ) ) ;
#6521 = DIRECTION ( 'NONE',  ( 0.000000000000000000, 0.000000000000000000, -1.000000000000000000 ) ) ;
#6522 = CARTESIAN_POINT ( 'NONE',  ( 16.00000000000000000, 1.712753976441511394, -37.80003922176079811 ) ) ;
#6523 = FACE_BOUND ( 'NONE', #906, .T. ) ;
#6524 = EDGE_CURVE ( 'NONE', #2795, #4818, #3239, .T. ) ;
#6525 = FACE_OUTER_BOUND ( 'NONE', #4759, .T. ) ;
#6526 = PLANE ( 'NONE',  #5580 ) ;
#6527 = EDGE_CURVE ( 'NONE', #8706, #2969, #1735, .T. ) ;
#6528 = EDGE_LOOP ( 'NONE', ( #1856, #8535, #7271, #8616 ) ) ;
#6529 = CARTESIAN_POINT ( 'NONE',  ( 37.49999999999998579, 11.00000000000000000, -25.00000000000000711 ) ) ;
#6530 = VERTEX_POINT ( 'NONE', #7748 ) ;
#6531 = FACE_OUTER_BOUND ( 'NONE', #6738, .T. ) ;
#6532 = ADVANCED_FACE ( 'NONE', ( #8329 ), #5495, .F. ) ;
#6533 = LINE ( 'NONE', #7935, #7893 ) ;
#6534 = ORIENTED_EDGE ( 'NONE', *, *, #8168, .F. ) ;
#6535 = AXIS2_PLACEMENT_3D ( 'NONE', #843, #8402, #1384 ) ;
#6536 = CARTESIAN_POINT ( 'NONE',  ( -36.00000000000000711, 12.00000000000000000, 13.06350832689640207 ) ) ;
#6537 = CARTESIAN_POINT ( 'NONE',  ( -25.49999999999997513, 11.00000000000000000, -15.00000000000001066 ) ) ;
#6538 = FACE_BOUND ( 'NONE', #8445, .T. ) ;
#6539 = EDGE_CURVE ( 'NONE', #4379, #5906, #2881, .T. ) ;
#6540 = DIRECTION ( 'NONE',  ( 1.000000000000000000, 0.000000000000000000, 0.000000000000000000 ) ) ;
#6541 = ORIENTED_EDGE ( 'NONE', *, *, #1791, .F. ) ;
#6542 = AXIS2_PLACEMENT_3D ( 'NONE', #3444, #6953, #2046 ) ;
#6543 = VERTEX_POINT ( 'NONE', #8233 ) ;
#6544 = DIRECTION ( 'NONE',  ( -0.000000000000000000, -1.000000000000000000, -0.000000000000000000 ) ) ;
#6545 = EDGE_LOOP ( 'NONE', ( #5759, #3766, #2158, #8177 ) ) ;
#6546 = VERTEX_POINT ( 'NONE', #4232 ) ;
#6547 = LINE ( 'NONE', #7049, #1514 ) ;
#6548 = AXIS2_PLACEMENT_3D ( 'NONE', #5743, #6576, #2264 ) ;
#6549 = EDGE_CURVE ( 'NONE', #4119, #8655, #4043, .T. ) ;
#6550 = DIRECTION ( 'NONE',  ( -1.000000000000000000, 0.000000000000000000, 0.000000000000000000 ) ) ;
#6551 = CARTESIAN_POINT ( 'NONE',  ( -24.50000000000023803, 11.00000000000000000, -5.000000000000007994 ) ) ;
#6552 = CARTESIAN_POINT ( 'NONE',  ( 36.00000000000000711, 13.00000000000000000, -13.06350832689631147 ) ) ;
#6553 = ORIENTED_EDGE ( 'NONE', *, *, #4955, .T. ) ;
#6554 = ORIENTED_EDGE ( 'NONE', *, *, #1637, .T. ) ;
#6555 = EDGE_CURVE ( 'NONE', #6530, #8294, #4190, .T. ) ;
#6556 = ORIENTED_EDGE ( 'NONE', *, *, #565, .T. ) ;
#6557 = EDGE_CURVE ( 'NONE', #5880, #5476, #2045, .T. ) ;
#6558 = DIRECTION ( 'NONE',  ( -1.000000000000000000, -2.040851148208007998E-16, 0.000000000000000000 ) ) ;
#6559 = VERTEX_POINT ( 'NONE', #7017 ) ;
#6560 = AXIS2_PLACEMENT_3D ( 'NONE', #2616, #5376, #4697 ) ;
#6561 = DIRECTION ( 'NONE',  ( -1.334402673828313339E-16, 1.000000000000000000, 0.000000000000000000 ) ) ;
#6562 = ORIENTED_EDGE ( 'NONE', *, *, #1079, .F. ) ;
#6563 = CARTESIAN_POINT ( 'NONE',  ( 48.50000000000003553, 11.00000000000000000, -25.00000000000000711 ) ) ;
#6564 = AXIS2_PLACEMENT_3D ( 'NONE', #8162, #6006, #8752 ) ;
#6565 = CARTESIAN_POINT ( 'NONE',  ( 24.00000000000000711, 13.00000000000000000, -6.936491673103652111 ) ) ;
#6566 = FACE_OUTER_BOUND ( 'NONE', #5124, .T. ) ;
#6567 = AXIS2_PLACEMENT_3D ( 'NONE', #6239, #8258, #2090 ) ;
#6568 = LINE ( 'NONE', #7110, #4283 ) ;
#6569 = CIRCLE ( 'NONE', #2678, 1.999999999999994893 ) ;
#6570 = CARTESIAN_POINT ( 'NONE',  ( 16.00000000000000000, 1.794550953019904638, -38.42134894300745174 ) ) ;
#6571 = FACE_BOUND ( 'NONE', #3906, .T. ) ;
#6572 = VECTOR ( 'NONE', #7583, 1000.000000000000000 ) ;
#6573 = ADVANCED_FACE ( 'NONE', ( #4869 ), #7620, .F. ) ;
#6574 = DIRECTION ( 'NONE',  ( -0.000000000000000000, -1.000000000000000000, -0.000000000000000000 ) ) ;
#6575 = CIRCLE ( 'NONE', #2687, 1.000000000000000888 ) ;
#6576 = DIRECTION ( 'NONE',  ( 1.000000000000000000, 0.000000000000000000, -0.000000000000000000 ) ) ;
#6577 = CARTESIAN_POINT ( 'NONE',  ( -16.00000000000000000, 1.092475009420538656, -39.84554079080290023 ) ) ;
#6578 = VERTEX_POINT ( 'NONE', #6302 ) ;
#6579 = CARTESIAN_POINT ( 'NONE',  ( 9.999999999999998224, 1.925929944387235853E-31, -37.00000000000000711 ) ) ;
#6580 = AXIS2_PLACEMENT_3D ( 'NONE', #6152, #7412, #517 ) ;
#6581 = VERTEX_POINT ( 'NONE', #2737 ) ;
#6582 = DIRECTION ( 'NONE',  ( 0.000000000000000000, 0.000000000000000000, 1.000000000000000000 ) ) ;
#6583 = VECTOR ( 'NONE', #129, 1000.000000000000000 ) ;
#6584 = EDGE_CURVE ( 'NONE', #8192, #2969, #853, .T. ) ;
#6585 = DIRECTION ( 'NONE',  ( 0.000000000000000000, 0.000000000000000000, 1.000000000000000000 ) ) ;
#6586 = ORIENTED_EDGE ( 'NONE', *, *, #3197, .F. ) ;
#6587 = CARTESIAN_POINT ( 'NONE',  ( -0.5000000000002364775, 11.00000000000000000, 4.999999999999990230 ) ) ;
#6588 = FACE_OUTER_BOUND ( 'NONE', #2015, .T. ) ;
#6589 = AXIS2_PLACEMENT_3D ( 'NONE', #7808, #2177, #239 ) ;
#6590 = CARTESIAN_POINT ( 'NONE',  ( -24.50000000000045119, 11.00000000000000000, 24.99999999999998934 ) ) ;
#6591 = COORDINATED_UNIVERSAL_TIME_OFFSET ( 8, 0, .AHEAD. ) ;
#6592 = AXIS2_PLACEMENT_3D ( 'NONE', #5943, #2295, #3054 ) ;
#6593 = ORIENTED_EDGE ( 'NONE', *, *, #2439, .F. ) ;
#6594 = VERTEX_POINT ( 'NONE', #2870 ) ;
#6595 = VECTOR ( 'NONE', #3341, 1000.000000000000000 ) ;
#6596 = EDGE_CURVE ( 'NONE', #1776, #1368, #4954, .T. ) ;
#6597 = CARTESIAN_POINT ( 'NONE',  ( -49.49999999999997868, 13.00000000000000000, -15.00000000000001066 ) ) ;
#6598 = ORIENTED_EDGE ( 'NONE', *, *, #3591, .F. ) ;
#6599 = AXIS2_PLACEMENT_3D ( 'NONE', #1937, #6002, #8792 ) ;
#6600 = VERTEX_POINT ( 'NONE', #3596 ) ;
#6601 = CARTESIAN_POINT ( 'NONE',  ( -22.50000000000024158, 13.00000000000000000, -5.000000000000007994 ) ) ;
#6602 = CARTESIAN_POINT ( 'NONE',  ( 22.50000000000024158, 11.00000000000000000, -5.000000000000007994 ) ) ;
#6603 = DIRECTION ( 'NONE',  ( -0.000000000000000000, -1.000000000000000000, -0.000000000000000000 ) ) ;
#6604 = VECTOR ( 'NONE', #3134, 1000.000000000000000 ) ;
#6605 = VERTEX_POINT ( 'NONE', #676 ) ;
#6606 = ORIENTED_EDGE ( 'NONE', *, *, #8652, .T. ) ;
#6607 = ORIENTED_EDGE ( 'NONE', *, *, #6735, .F. ) ;
#6608 = DIRECTION ( 'NONE',  ( -0.000000000000000000, -0.000000000000000000, 1.000000000000000000 ) ) ;
#6609 = VERTEX_POINT ( 'NONE', #1525 ) ;
#6610 = CARTESIAN_POINT ( 'NONE',  ( -12.00000000000000355, 11.00000000000000000, -13.06350832689631325 ) ) ;
#6611 = EDGE_LOOP ( 'NONE', ( #2051, #7257, #1820, #1761 ) ) ;
#6612 = CARTESIAN_POINT ( 'NONE',  ( 22.50000000000003553, 11.00000000000000000, -25.00000000000000711 ) ) ;
#6613 = EDGE_CURVE ( 'NONE', #6647, #4154, #8369, .T. ) ;
#6614 = DIRECTION ( 'NONE',  ( -0.000000000000000000, -1.000000000000000000, -0.000000000000000000 ) ) ;
#6615 = DIRECTION ( 'NONE',  ( 0.000000000000000000, 0.000000000000000000, 1.000000000000000000 ) ) ;
#6616 = LINE ( 'NONE', #3913, #7070 ) ;
#6617 = CARTESIAN_POINT ( 'NONE',  ( 16.00000000000000000, 2.739072065421407576, -38.90471567648832263 ) ) ;
#6618 = PLANE ( 'NONE',  #6243 ) ;
#6619 = DIRECTION ( 'NONE',  ( 0.000000000000000000, 0.000000000000000000, 1.000000000000000000 ) ) ;
#6620 = EDGE_CURVE ( 'NONE', #8814, #578, #4334, .T. ) ;
#6621 = DIRECTION ( 'NONE',  ( 0.000000000000000000, 0.9659258262890676461, -0.2588190451025227379 ) ) ;
#6622 = DIRECTION ( 'NONE',  ( 0.000000000000000000, 0.000000000000000000, 1.000000000000000000 ) ) ;
#6623 = DIRECTION ( 'NONE',  ( 0.000000000000000000, 0.000000000000000000, -1.000000000000000000 ) ) ;
#6624 = ORIENTED_EDGE ( 'NONE', *, *, #8772, .T. ) ;
#6625 = DIRECTION ( 'NONE',  ( 0.000000000000000000, 0.000000000000000000, 1.000000000000000000 ) ) ;
#6626 = ADVANCED_FACE ( 'NONE', ( #2238 ), #3, .F. ) ;
#6627 = CIRCLE ( 'NONE', #6063, 1.999999999999994893 ) ;
#6628 = CARTESIAN_POINT ( 'NONE',  ( -25.49999999999976552, 13.00000000000000000, 4.999999999999990230 ) ) ;
#6629 = VERTEX_POINT ( 'NONE', #1570 ) ;
#6630 = CARTESIAN_POINT ( 'NONE',  ( 11.49999999999956657, 13.00000000000000000, 14.99999999999999289 ) ) ;
#6631 = DIRECTION ( 'NONE',  ( 0.000000000000000000, 0.000000000000000000, 1.000000000000000000 ) ) ;
#6632 = DIRECTION ( 'NONE',  ( 0.000000000000000000, 1.000000000000000000, 0.000000000000000000 ) ) ;
#6633 = ADVANCED_FACE ( 'NONE', ( #3461 ), #6840, .F. ) ;
#6634 = VECTOR ( 'NONE', #4265, 1000.000000000000000 ) ;
#6635 = ORIENTED_EDGE ( 'NONE', *, *, #5049, .F. ) ;
#6636 = ORIENTED_EDGE ( 'NONE', *, *, #7678, .F. ) ;
#6637 = DIRECTION ( 'NONE',  ( 0.000000000000000000, 1.000000000000000000, 0.000000000000000000 ) ) ;
#6638 = ORIENTED_EDGE ( 'NONE', *, *, #1836, .F. ) ;
#6639 = ADVANCED_FACE ( 'NONE', ( #6256 ), #724, .F. ) ;
#6640 = DIRECTION ( 'NONE',  ( -1.982541115402065110E-16, 0.000000000000000000, 1.000000000000000000 ) ) ;
#6641 = ORIENTED_EDGE ( 'NONE', *, *, #2532, .F. ) ;
#6642 = VECTOR ( 'NONE', #3893, 1000.000000000000000 ) ;
#6643 = CARTESIAN_POINT ( 'NONE',  ( 11.49999999999976730, 11.00000000000000000, 4.999999999999990230 ) ) ;
#6644 = CARTESIAN_POINT ( 'NONE',  ( -12.50000000000044764, 11.00000000000000000, 24.99999999999998934 ) ) ;
#6645 = CARTESIAN_POINT ( 'NONE',  ( -16.00000000000000000, 2.292944763917986073, -38.78517622632946882 ) ) ;
#6646 = VERTEX_POINT ( 'NONE', #89 ) ;
#6647 = VERTEX_POINT ( 'NONE', #7245 ) ;
#6648 = ORIENTED_EDGE ( 'NONE', *, *, #7991, .F. ) ;
#6649 = LINE ( 'NONE', #8001, #5999 ) ;
#6650 = ORIENTED_EDGE ( 'NONE', *, *, #2987, .F. ) ;
#6651 = FACE_OUTER_BOUND ( 'NONE', #7104, .T. ) ;
#6652 = EDGE_LOOP ( 'NONE', ( #1608, #7854, #2408, #5588 ) ) ;
#6653 = DIRECTION ( 'NONE',  ( 0.000000000000000000, 0.000000000000000000, 1.000000000000000000 ) ) ;
#6654 = DIRECTION ( 'NONE',  ( 1.000000000000000000, -1.334402673828313339E-16, 0.000000000000000000 ) ) ;
#6655 = CARTESIAN_POINT ( 'NONE',  ( 36.50000000000023448, 11.00000000000000000, -5.000000000000007994 ) ) ;
#6656 = EDGE_CURVE ( 'NONE', #4075, #7133, #7157, .T. ) ;
#6657 = DIRECTION ( 'NONE',  ( 1.000000000000000000, 0.000000000000000000, 0.000000000000000000 ) ) ;
#6658 = CARTESIAN_POINT ( 'NONE',  ( 16.00000000000000000, 2.362652154777850733, -38.80385426541691629 ) ) ;
#6659 = AXIS2_PLACEMENT_3D ( 'NONE', #5230, #2530, #3259 ) ;
#6660 = CARTESIAN_POINT ( 'NONE',  ( -28.99999999999999645, 2.306884851666841652, -38.78891613079686351 ) ) ;
#6661 = CARTESIAN_POINT ( 'NONE',  ( -1.499999999999557243, 13.00000000000000000, 14.99999999999999289 ) ) ;
#6662 = DIRECTION ( 'NONE',  ( 0.000000000000000000, 0.000000000000000000, 1.000000000000000000 ) ) ;
#6663 = VECTOR ( 'NONE', #4429, 1000.000000000000000 ) ;
#6664 = CARTESIAN_POINT ( 'NONE',  ( 46.50000000000025580, 11.00000000000000000, 4.999999999999990230 ) ) ;
#6665 = DIRECTION ( 'NONE',  ( -0.000000000000000000, -1.000000000000000000, -0.000000000000000000 ) ) ;
#6666 = ADVANCED_FACE ( 'NONE', ( #5090 ), #8502, .F. ) ;
#6667 = FACE_OUTER_BOUND ( 'NONE', #6985, .T. ) ;
#6668 = VERTEX_POINT ( 'NONE', #8544 ) ;
#6669 = LINE ( 'NONE', #8198, #6141 ) ;
#6670 = EDGE_CURVE ( 'NONE', #2839, #2193, #1654, .T. ) ;
#6671 = ADVANCED_FACE ( 'NONE', ( #986 ), #2327, .F. ) ;
#6672 = CARTESIAN_POINT ( 'NONE',  ( 25.49999999999998224, 11.00000000000000000, -25.00000000000000711 ) ) ;
#6673 = DIRECTION ( 'NONE',  ( 1.000000000000000000, 0.000000000000000000, 0.000000000000000000 ) ) ;
#6674 = LINE ( 'NONE', #4067, #4727 ) ;
#6675 = DIRECTION ( 'NONE',  ( -0.000000000000000000, -1.000000000000000000, -0.000000000000000000 ) ) ;
#6676 = ORIENTED_EDGE ( 'NONE', *, *, #485, .T. ) ;
#6677 = ORIENTED_EDGE ( 'NONE', *, *, #4094, .T. ) ;
#6678 = VECTOR ( 'NONE', #3720, 1000.000000000000000 ) ;
#6679 = FACE_OUTER_BOUND ( 'NONE', #5819, .T. ) ;
#6680 = ORIENTED_EDGE ( 'NONE', *, *, #8783, .T. ) ;
#6681 = DIRECTION ( 'NONE',  ( 1.000000000000000000, 0.000000000000000000, -0.000000000000000000 ) ) ;
#6682 = ORIENTED_EDGE ( 'NONE', *, *, #3339, .T. ) ;
#6683 = CARTESIAN_POINT ( 'NONE',  ( -14.99999999999997868, 3.000000000000094591, -25.99999999999998934 ) ) ;
#6684 = CARTESIAN_POINT ( 'NONE',  ( -16.00000000000000000, 1.537499999999947020, -35.91232396112081204 ) ) ;
#6685 = CARTESIAN_POINT ( 'NONE',  ( 28.99999999999999645, 2.292944763917989626, -38.78517622632945461 ) ) ;
#6686 = VECTOR ( 'NONE', #7323, 1000.000000000000000 ) ;
#6687 = EDGE_LOOP ( 'NONE', ( #727, #391, #3665, #1116, #1813, #4837 ) ) ;
#6688 = ORIENTED_EDGE ( 'NONE', *, *, #5805, .F. ) ;
#6689 = ORIENTED_EDGE ( 'NONE', *, *, #2635, .F. ) ;
#6690 = DIRECTION ( 'NONE',  ( -0.000000000000000000, -1.000000000000000000, -0.000000000000000000 ) ) ;
#6691 = EDGE_CURVE ( 'NONE', #8089, #2186, #7829, .T. ) ;
#6692 = ORIENTED_EDGE ( 'NONE', *, *, #3281, .F. ) ;
#6693 = VECTOR ( 'NONE', #3008, 1000.000000000000000 ) ;
#6694 = EDGE_LOOP ( 'NONE', ( #8768, #974, #5928, #296 ) ) ;
#6695 = ORIENTED_EDGE ( 'NONE', *, *, #5322, .F. ) ;
#6696 = DIRECTION ( 'NONE',  ( 0.000000000000000000, 1.000000000000000000, 0.000000000000000000 ) ) ;
#6697 = CARTESIAN_POINT ( 'NONE',  ( 22.50000000000024158, 11.00000000000000000, -5.000000000000007994 ) ) ;
#6698 = CARTESIAN_POINT ( 'NONE',  ( 28.99999999999999645, 2.462375323143428663, -40.38348927846264047 ) ) ;
#6699 = CARTESIAN_POINT ( 'NONE',  ( -24.00000000000000711, 11.00000000000000000, 26.93649167310357839 ) ) ;
#6700 = CARTESIAN_POINT ( 'NONE',  ( 47.49999999999999289, 13.00000000000000000, -25.00000000000000711 ) ) ;
#6701 = CARTESIAN_POINT ( 'NONE',  ( 0.000000000000000000, 12.00000000000000000, -13.06350832689631325 ) ) ;
#6702 = EDGE_CURVE ( 'NONE', #6109, #4393, #3637, .T. ) ;
#6703 = CIRCLE ( 'NONE', #7724, 1.000000000000000888 ) ;
#6704 = DIRECTION ( 'NONE',  ( 1.770156198885326974E-32, -8.673617379884034239E-17, 1.000000000000000000 ) ) ;
#6705 = CARTESIAN_POINT ( 'NONE',  ( -13.00000000000000178, 8.500000000000000000, 37.00000000000000711 ) ) ;
#6706 = CIRCLE ( 'NONE', #4131, 1.999999999999994893 ) ;
#6707 = DIRECTION ( 'NONE',  ( 0.000000000000000000, 0.000000000000000000, 1.000000000000000000 ) ) ;
#6708 = CARTESIAN_POINT ( 'NONE',  ( 24.50000000000002842, 11.00000000000000000, -25.00000000000000711 ) ) ;
#6709 = VECTOR ( 'NONE', #4787, 1000.000000000000000 ) ;
#6710 = DIRECTION ( 'NONE',  ( 0.000000000000000000, 0.000000000000000000, 1.000000000000000000 ) ) ;
#6711 = ORIENTED_EDGE ( 'NONE', *, *, #5068, .F. ) ;
#6712 = FACE_OUTER_BOUND ( 'NONE', #5301, .T. ) ;
#6713 = CIRCLE ( 'NONE', #7866, 1.999999999999994893 ) ;
#6714 = CIRCLE ( 'NONE', #2826, 17.49999999999999645 ) ;
#6715 = CIRCLE ( 'NONE', #6859, 1.999999999999994893 ) ;
#6716 = FACE_OUTER_BOUND ( 'NONE', #6652, .T. ) ;
#6717 = CARTESIAN_POINT ( 'NONE',  ( 35.49999999999957367, 11.00000000000000000, 14.99999999999999289 ) ) ;
#6718 = DIRECTION ( 'NONE',  ( 0.000000000000000000, 0.000000000000000000, -1.000000000000000000 ) ) ;
#6719 = AXIS2_PLACEMENT_3D ( 'NONE', #6901, #5466, #4112 ) ;
#6720 = CARTESIAN_POINT ( 'NONE',  ( 11.49999999999997513, 11.00000000000000000, -15.00000000000001066 ) ) ;
#6721 = EDGE_CURVE ( 'NONE', #6339, #3163, #3609, .T. ) ;
#6722 = EDGE_CURVE ( 'NONE', #6581, #6455, #7875, .T. ) ;
#6723 = LINE ( 'NONE', #1275, #8455 ) ;
#6724 = AXIS2_PLACEMENT_3D ( 'NONE', #3818, #5982, #4589 ) ;
#6725 = VERTEX_POINT ( 'NONE', #5720 ) ;
#6726 = ORIENTED_EDGE ( 'NONE', *, *, #1094, .F. ) ;
#6727 = LINE ( 'NONE', #8165, #8668 ) ;
#6728 = EDGE_LOOP ( 'NONE', ( #6400, #6380, #3006, #424 ) ) ;
#6729 = CIRCLE ( 'NONE', #699, 1.000000000000000888 ) ;
#6730 = DIRECTION ( 'NONE',  ( 0.000000000000000000, 1.000000000000000000, 0.000000000000000000 ) ) ;
#6731 = ORIENTED_EDGE ( 'NONE', *, *, #565, .F. ) ;
#6732 = LINE ( 'NONE', #6601, #222 ) ;
#6733 = CIRCLE ( 'NONE', #7753, 1.999999999999994893 ) ;
#6734 = DIRECTION ( 'NONE',  ( 0.000000000000000000, 0.000000000000000000, 1.000000000000000000 ) ) ;
#6735 = EDGE_CURVE ( 'NONE', #738, #6546, #3815, .T. ) ;
#6736 = CARTESIAN_POINT ( 'NONE',  ( -25.50000000000000355, 9.599999999999999645, -44.85412303015305469 ) ) ;
#6737 = VERTEX_POINT ( 'NONE', #6387 ) ;
#6738 = EDGE_LOOP ( 'NONE', ( #8088, #2273, #1957, #2209, #8494, #1517, #8047, #5341, #2407, #5750, #5724, #2270 ) ) ;
#6739 = ADVANCED_FACE ( 'NONE', ( #3007 ), #4454, .F. ) ;
#6740 = EDGE_LOOP ( 'NONE', ( #7648, #8131, #8629, #1875 ) ) ;
#6741 = AXIS2_PLACEMENT_3D ( 'NONE', #3382, #8881, #7534 ) ;
#6742 = VERTEX_POINT ( 'NONE', #6517 ) ;
#6743 = ORIENTED_EDGE ( 'NONE', *, *, #1297, .T. ) ;
#6744 = EDGE_LOOP ( 'NONE', ( #3117, #4814, #7588, #8353 ) ) ;
#6745 = CARTESIAN_POINT ( 'NONE',  ( 13.49999999999976907, 11.00000000000000000, -5.000000000000007994 ) ) ;
#6746 = CIRCLE ( 'NONE', #4302, 1.999999999999994893 ) ;
#6747 = CARTESIAN_POINT ( 'NONE',  ( -10.50000000000023803, 11.00000000000000000, -5.000000000000007994 ) ) ;
#6748 = CARTESIAN_POINT ( 'NONE',  ( 13.00000000000000178, 4.299999999999994493, 47.00000000000000711 ) ) ;
#6749 = EDGE_CURVE ( 'NONE', #5476, #4929, #8461, .T. ) ;
#6750 = FACE_OUTER_BOUND ( 'NONE', #7061, .T. ) ;
#6751 = CARTESIAN_POINT ( 'NONE',  ( -36.50000000000023448, 13.00000000000000000, -5.000000000000007994 ) ) ;
#6752 = AXIS2_PLACEMENT_3D ( 'NONE', #8542, #984, #6561 ) ;
#6753 = DIRECTION ( 'NONE',  ( -0.000000000000000000, -1.000000000000000000, -0.000000000000000000 ) ) ;
#6754 = DIRECTION ( 'NONE',  ( -0.000000000000000000, -1.000000000000000000, -0.000000000000000000 ) ) ;
#6755 = DIRECTION ( 'NONE',  ( 0.000000000000000000, 1.000000000000000000, 0.000000000000000000 ) ) ;
#6756 = CARTESIAN_POINT ( 'NONE',  ( -10.00000000000000178, 13.00000000000000711, 35.00000000000000000 ) ) ;
#6757 = CARTESIAN_POINT ( 'NONE',  ( -16.00000000000000000, 0.2677645160284563008, -37.41373604415684895 ) ) ;
#6758 = DIRECTION ( 'NONE',  ( 0.000000000000000000, 0.000000000000000000, 1.000000000000000000 ) ) ;
#6759 = VERTEX_POINT ( 'NONE', #1614 ) ;
#6760 = DIRECTION ( 'NONE',  ( -0.000000000000000000, -1.000000000000000000, -0.000000000000000000 ) ) ;
#6761 = EDGE_CURVE ( 'NONE', #1023, #8580, #4340, .T. ) ;
#6762 = DIRECTION ( 'NONE',  ( 0.000000000000000000, 1.000000000000000000, 0.000000000000000000 ) ) ;
#6763 = FACE_OUTER_BOUND ( 'NONE', #3028, .T. ) ;
#6764 = LINE ( 'NONE', #3248, #3137 ) ;
#6765 = LINE ( 'NONE', #1272, #667 ) ;
#6766 = DATE_AND_TIME ( #1095, #106 ) ;
#6767 = PLANE ( 'NONE',  #2265 ) ;
#6768 = ORIENTED_EDGE ( 'NONE', *, *, #2473, .F. ) ;
#6769 = CIRCLE ( 'NONE', #7225, 1.999999999999994893 ) ;
#6770 = ADVANCED_FACE ( 'NONE', ( #5182 ), #4496, .F. ) ;
#6771 = CARTESIAN_POINT ( 'NONE',  ( -10.50000000000023803, 11.00000000000000000, -5.000000000000007994 ) ) ;
#6772 = ORIENTED_EDGE ( 'NONE', *, *, #3995, .T. ) ;
#6773 = CARTESIAN_POINT ( 'NONE',  ( -25.49999999999977263, 11.00000000000000000, -5.000000000000007994 ) ) ;
#6774 = ORIENTED_EDGE ( 'NONE', *, *, #7339, .F. ) ;
#6775 = PLANE ( 'NONE',  #8127 ) ;
#6776 = CARTESIAN_POINT ( 'NONE',  ( -16.00000000000000000, 1.095023035351500029, -39.84735968551908769 ) ) ;
#6777 = AXIS2_PLACEMENT_3D ( 'NONE', #6612, #1835, #8136 ) ;
#6778 = LINE ( 'NONE', #612, #6856 ) ;
#6779 = VERTEX_POINT ( 'NONE', #3136 ) ;
#6780 = EDGE_LOOP ( 'NONE', ( #6924, #6871, #5295, #4761 ) ) ;
#6781 = EDGE_CURVE ( 'NONE', #6172, #4218, #8644, .T. ) ;
#6782 = ADVANCED_FACE ( 'NONE', ( #4325 ), #5047, .F. ) ;
#6783 = VECTOR ( 'NONE', #1503, 1000.000000000000000 ) ;
#6784 = EDGE_LOOP ( 'NONE', ( #8267, #7047, #2050, #3070 ) ) ;
#6785 = ORIENTED_EDGE ( 'NONE', *, *, #2335, .F. ) ;
#6786 = EDGE_LOOP ( 'NONE', ( #781, #8404, #4623, #7546 ) ) ;
#6787 = CARTESIAN_POINT ( 'NONE',  ( 36.50000000000023448, 11.00000000000000000, -5.000000000000007994 ) ) ;
#6788 = DIRECTION ( 'NONE',  ( 1.982541115402065110E-16, -0.000000000000000000, -1.000000000000000000 ) ) ;
#6789 = CARTESIAN_POINT ( 'NONE',  ( -48.50000000000003553, 11.00000000000000000, -25.00000000000000711 ) ) ;
#6790 = AXIS2_PLACEMENT_3D ( 'NONE', #1889, #4773, #8145 ) ;
#6791 = CARTESIAN_POINT ( 'NONE',  ( -37.49999999999977973, 11.00000000000000000, -5.000000000000007994 ) ) ;
#6792 = CARTESIAN_POINT ( 'NONE',  ( 16.00000000000000000, 3.185199366924912567, -39.02425512664720486 ) ) ;
#6793 = CARTESIAN_POINT ( 'NONE',  ( -28.99999999999999645, 1.794550953019904638, -38.42134894300745174 ) ) ;
#6794 = LINE ( 'NONE', #1974, #5736 ) ;
#6795 = EDGE_CURVE ( 'NONE', #1872, #7554, #894, .T. ) ;
#6796 = ORIENTED_EDGE ( 'NONE', *, *, #7310, .F. ) ;
#6797 = LINE ( 'NONE', #8062, #4352 ) ;
#6798 = DIRECTION ( 'NONE',  ( 0.000000000000000000, 0.000000000000000000, 1.000000000000000000 ) ) ;
#6799 = DIRECTION ( 'NONE',  ( 0.000000000000000000, 0.000000000000000000, 1.000000000000000000 ) ) ;
#6800 = DIRECTION ( 'NONE',  ( 0.000000000000000000, 1.000000000000000000, 0.000000000000000000 ) ) ;
#6801 = VECTOR ( 'NONE', #4836, 1000.000000000000000 ) ;
#6802 = ORIENTED_EDGE ( 'NONE', *, *, #2877, .F. ) ;
#6803 = CARTESIAN_POINT ( 'NONE',  ( -17.00000000000000000, -11.41562369461536441, -45.65412303015307316 ) ) ;
#6804 = ADVANCED_FACE ( 'NONE', ( #7468 ), #4719, .F. ) ;
#6805 = VECTOR ( 'NONE', #3512, 1000.000000000000000 ) ;
#6806 = CARTESIAN_POINT ( 'NONE',  ( -12.50000000000044764, 13.00000000000000000, 24.99999999999998934 ) ) ;
#6807 = EDGE_CURVE ( 'NONE', #8358, #4366, #7286, .T. ) ;
#6808 = DIRECTION ( 'NONE',  ( 0.000000000000000000, 0.000000000000000000, 1.000000000000000000 ) ) ;
#6809 = CARTESIAN_POINT ( 'NONE',  ( 34.50000000000044764, 11.00000000000000000, 14.99999999999999289 ) ) ;
#6810 = FACE_OUTER_BOUND ( 'NONE', #2590, .T. ) ;
#6811 = CARTESIAN_POINT ( 'NONE',  ( -25.50000000000000355, 9.599999999999999645, -40.74309577588133635 ) ) ;
#6812 = ORIENTED_EDGE ( 'NONE', *, *, #4579, .T. ) ;
#6813 = EDGE_CURVE ( 'NONE', #2586, #3676, #1120, .T. ) ;
#6814 = LINE ( 'NONE', #1905, #4800 ) ;
#6815 = ORIENTED_EDGE ( 'NONE', *, *, #2563, .F. ) ;
#6816 = EDGE_CURVE ( 'NONE', #2498, #5608, #2681, .T. ) ;
#6817 = DIRECTION ( 'NONE',  ( -0.000000000000000000, -1.000000000000000000, -0.000000000000000000 ) ) ;
#6818 = CARTESIAN_POINT ( 'NONE',  ( -34.50000000000002842, 11.00000000000000000, -25.00000000000000711 ) ) ;
#6819 = ORIENTED_EDGE ( 'NONE', *, *, #5261, .T. ) ;
#6820 = CARTESIAN_POINT ( 'NONE',  ( -47.49999999999958078, 11.00000000000000000, 14.99999999999999289 ) ) ;
#6821 = CARTESIAN_POINT ( 'NONE',  ( -16.00000000000000000, 1.387499999999887601, -35.99892650149946860 ) ) ;
#6822 = CYLINDRICAL_SURFACE ( 'NONE', #7138, 1.999999999999994893 ) ;
#6823 = ORIENTED_EDGE ( 'NONE', *, *, #7933, .T. ) ;
#6824 = ORIENTED_EDGE ( 'NONE', *, *, #4689, .F. ) ;
#6825 = ORIENTED_EDGE ( 'NONE', *, *, #18, .T. ) ;
#6826 = CC_DESIGN_PERSON_AND_ORGANIZATION_ASSIGNMENT ( #2934, #5694, ( #2156 ) ) ;
#6827 = ORIENTED_EDGE ( 'NONE', *, *, #870, .T. ) ;
#6828 = DIRECTION ( 'NONE',  ( 0.000000000000000000, 0.000000000000000000, 1.000000000000000000 ) ) ;
#6829 = AXIS2_PLACEMENT_3D ( 'NONE', #6206, #8911, #6247 ) ;
#6830 = LINE ( 'NONE', #2636, #8550 ) ;
#6831 = DIRECTION ( 'NONE',  ( 0.000000000000000000, 0.000000000000000000, 1.000000000000000000 ) ) ;
#6832 = ADVANCED_FACE ( 'NONE', ( #5313 ), #8818, .F. ) ;
#6833 = EDGE_CURVE ( 'NONE', #2680, #7637, #4193, .T. ) ;
#6834 = DIRECTION ( 'NONE',  ( 0.000000000000000000, 1.000000000000000000, 0.000000000000000000 ) ) ;
#6835 = ORIENTED_EDGE ( 'NONE', *, *, #8377, .F. ) ;
#6836 = CIRCLE ( 'NONE', #2365, 1.999999999999994893 ) ;
#6837 = CARTESIAN_POINT ( 'NONE',  ( -16.00000000000000000, 4.077453969931841726, -39.26333402696495511 ) ) ;
#6838 = DIRECTION ( 'NONE',  ( 0.000000000000000000, 1.000000000000000000, 0.000000000000000000 ) ) ;
#6839 = ORIENTED_EDGE ( 'NONE', *, *, #943, .T. ) ;
#6840 = PLANE ( 'NONE',  #5360 ) ;
#6841 = CARTESIAN_POINT ( 'NONE',  ( 9.999999999999998224, 2.100000000000003642, 47.00000000000000711 ) ) ;
#6842 = CARTESIAN_POINT ( 'NONE',  ( 16.00000000000000000, 1.387499999999887601, -35.99892650149946860 ) ) ;
#6843 = VERTEX_POINT ( 'NONE', #3278 ) ;
#6844 = FACE_OUTER_BOUND ( 'NONE', #6728, .T. ) ;
#6845 = LINE ( 'NONE', #6264, #5086 ) ;
#6846 = EDGE_CURVE ( 'NONE', #5522, #5482, #2030, .T. ) ;
#6847 = VERTEX_POINT ( 'NONE', #6745 ) ;
#6848 = VECTOR ( 'NONE', #976, 1000.000000000000000 ) ;
#6849 = CARTESIAN_POINT ( 'NONE',  ( -34.50000000000044764, 13.00000000000000000, 14.99999999999999289 ) ) ;
#6850 = VECTOR ( 'NONE', #4380, 1000.000000000000114 ) ;
#6851 = DIRECTION ( 'NONE',  ( 0.000000000000000000, 0.000000000000000000, 1.000000000000000000 ) ) ;
#6852 = DIRECTION ( 'NONE',  ( -0.000000000000000000, -0.000000000000000000, -1.000000000000000000 ) ) ;
#6853 = DIRECTION ( 'NONE',  ( 0.000000000000000000, 0.000000000000000000, 1.000000000000000000 ) ) ;
#6854 = AXIS2_PLACEMENT_3D ( 'NONE', #7584, #1412, #4164 ) ;
#6855 = DIRECTION ( 'NONE',  ( 0.000000000000000000, 1.000000000000000000, 0.000000000000000000 ) ) ;
#6856 = VECTOR ( 'NONE', #2669, 1000.000000000000000 ) ;
#6857 = EDGE_CURVE ( 'NONE', #5014, #6919, #8053, .T. ) ;
#6858 = ORIENTED_EDGE ( 'NONE', *, *, #4132, .F. ) ;
#6859 = AXIS2_PLACEMENT_3D ( 'NONE', #5997, #1894, #6625 ) ;
#6860 = AXIS2_PLACEMENT_3D ( 'NONE', #3586, #7780, #6335 ) ;
#6861 = LINE ( 'NONE', #2038, #7388 ) ;
#6862 = EDGE_LOOP ( 'NONE', ( #2036, #3974, #7022, #2299, #3666, #3759, #3334, #4403, #1293, #6554, #5954, #2829 ) ) ;
#6863 = CARTESIAN_POINT ( 'NONE',  ( -46.50000000000045475, 11.00000000000000000, 24.99999999999998579 ) ) ;
#6864 = CARTESIAN_POINT ( 'NONE',  ( -49.49999999999956657, 13.00000000000000000, 24.99999999999998934 ) ) ;
#6865 = VERTEX_POINT ( 'NONE', #1963 ) ;
#6866 = DIRECTION ( 'NONE',  ( 0.000000000000000000, 1.000000000000000000, 0.000000000000000000 ) ) ;
#6867 = VECTOR ( 'NONE', #5581, 1000.000000000000000 ) ;
#6868 = CARTESIAN_POINT ( 'NONE',  ( -16.00000000000000000, 1.867975185226091295, -40.22420197960986599 ) ) ;
#6869 = DIRECTION ( 'NONE',  ( 0.000000000000000000, 0.000000000000000000, 1.000000000000000000 ) ) ;
#6870 = CIRCLE ( 'NONE', #3848, 1.999999999999994893 ) ;
#6871 = ORIENTED_EDGE ( 'NONE', *, *, #3388, .T. ) ;
#6872 = EDGE_CURVE ( 'NONE', #3580, #8799, #452, .T. ) ;
#6873 = EDGE_LOOP ( 'NONE', ( #1593, #696, #3590, #335 ) ) ;
#6874 = VECTOR ( 'NONE', #4949, 1000.000000000000000 ) ;
#6875 = VERTEX_POINT ( 'NONE', #1249 ) ;
#6876 = ORIENTED_EDGE ( 'NONE', *, *, #1405, .T. ) ;
#6877 = ORIENTED_EDGE ( 'NONE', *, *, #7527, .F. ) ;
#6878 = DIRECTION ( 'NONE',  ( 0.000000000000000000, 1.000000000000000000, 0.000000000000000000 ) ) ;
#6879 = LINE ( 'NONE', #4990, #8407 ) ;
#6880 = AXIS2_PLACEMENT_3D ( 'NONE', #4558, #3064, #5867 ) ;
#6881 = CARTESIAN_POINT ( 'NONE',  ( 16.00000000000000000, 2.500000000000000000, -38.01243556529820466 ) ) ;
#6882 = ORIENTED_EDGE ( 'NONE', *, *, #4455, .T. ) ;
#6883 = DIRECTION ( 'NONE',  ( 0.000000000000000000, 0.000000000000000000, 1.000000000000000000 ) ) ;
#6884 = VECTOR ( 'NONE', #3781, 1000.000000000000000 ) ;
#6885 = ORIENTED_EDGE ( 'NONE', *, *, #1882, .F. ) ;
#6886 = CARTESIAN_POINT ( 'NONE',  ( -16.00000000000000000, 1.862776749868736648, -37.52243006943008652 ) ) ;
#6887 = AXIS2_PLACEMENT_3D ( 'NONE', #5551, #8290, #6940 ) ;
#6888 = EDGE_CURVE ( 'NONE', #2969, #6270, #1878, .T. ) ;
#6889 = FACE_OUTER_BOUND ( 'NONE', #3814, .T. ) ;
#6890 = ORIENTED_EDGE ( 'NONE', *, *, #2403, .F. ) ;
#6891 = DIRECTION ( 'NONE',  ( 2.040851148208008491E-16, -1.000000000000000000, 0.000000000000000000 ) ) ;
#6892 = DIRECTION ( 'NONE',  ( 0.000000000000000000, 0.000000000000000000, 1.000000000000000000 ) ) ;
#6893 = DIRECTION ( 'NONE',  ( 0.000000000000000000, 0.000000000000000000, 1.000000000000000000 ) ) ;
#6894 = ORIENTED_EDGE ( 'NONE', *, *, #7516, .T. ) ;
#6895 = LINE ( 'NONE', #2875, #1106 ) ;
#6896 = DIRECTION ( 'NONE',  ( 0.000000000000000000, 1.000000000000000000, 0.000000000000000000 ) ) ;
#6897 = DIRECTION ( 'NONE',  ( 0.000000000000000000, 0.000000000000000000, 1.000000000000000000 ) ) ;
#6898 = EDGE_CURVE ( 'NONE', #5014, #5866, #2634, .T. ) ;
#6899 = DIRECTION ( 'NONE',  ( 0.000000000000000000, 0.000000000000000000, 1.000000000000000000 ) ) ;
#6900 = CARTESIAN_POINT ( 'NONE',  ( 37.49999999999998579, 11.00000000000000000, -25.00000000000000711 ) ) ;
#6901 = CARTESIAN_POINT ( 'NONE',  ( 0.5000000000004377609, 11.00000000000000000, 14.99999999999999289 ) ) ;
#6902 = CARTESIAN_POINT ( 'NONE',  ( -40.00000000000000000, 0.000000000000000000, -34.99999999999999289 ) ) ;
#6903 = CARTESIAN_POINT ( 'NONE',  ( 49.49999999999977973, 11.00000000000000000, 4.999999999999990230 ) ) ;
#6904 = ORIENTED_EDGE ( 'NONE', *, *, #7945, .T. ) ;
#6905 = DIRECTION ( 'NONE',  ( -1.000000000000000000, 2.040851148208007998E-16, 0.000000000000000000 ) ) ;
#6906 = ORIENTED_EDGE ( 'NONE', *, *, #8218, .T. ) ;
#6907 = CARTESIAN_POINT ( 'NONE',  ( 10.00000000000000000, 8.500000000000000000, -37.00000000000000711 ) ) ;
#6908 = EDGE_CURVE ( 'NONE', #8538, #4667, #8093, .T. ) ;
#6909 = CARTESIAN_POINT ( 'NONE',  ( -46.50000000000004974, 13.00000000000000000, -15.00000000000001066 ) ) ;
#6910 = ORIENTED_EDGE ( 'NONE', *, *, #3401, .T. ) ;
#6911 = CARTESIAN_POINT ( 'NONE',  ( -40.00000000000002132, 11.00000000000000000, -35.00000000000000711 ) ) ;
#6912 = CARTESIAN_POINT ( 'NONE',  ( -28.99999999999999645, 0.9202356692320422527, -39.69936564693512082 ) ) ;
#6913 = DIRECTION ( 'NONE',  ( 1.000000000000000000, 0.000000000000000000, 0.000000000000000000 ) ) ;
#6914 = VERTEX_POINT ( 'NONE', #3909 ) ;
#6915 = ORIENTED_EDGE ( 'NONE', *, *, #249, .F. ) ;
#6916 = EDGE_CURVE ( 'NONE', #5073, #1462, #5483, .T. ) ;
#6917 = ORIENTED_EDGE ( 'NONE', *, *, #4030, .F. ) ;
#6918 = AXIS2_PLACEMENT_3D ( 'NONE', #714, #7653, #6962 ) ;
#6919 = VERTEX_POINT ( 'NONE', #5394 ) ;
#6920 = DIRECTION ( 'NONE',  ( 0.000000000000000000, 0.000000000000000000, 1.000000000000000000 ) ) ;
#6921 = CARTESIAN_POINT ( 'NONE',  ( 9.999999999999998224, 1.925929944387235853E-31, -37.00000000000000711 ) ) ;
#6922 = LINE ( 'NONE', #2057, #6151 ) ;
#6923 = LINE ( 'NONE', #6296, #3481 ) ;
#6924 = ORIENTED_EDGE ( 'NONE', *, *, #550, .F. ) ;
#6925 = CARTESIAN_POINT ( 'NONE',  ( -16.00000000000000000, 2.348710676605911374, -38.80011865759942680 ) ) ;
#6926 = DIRECTION ( 'NONE',  ( 0.000000000000000000, 0.000000000000000000, 1.000000000000000000 ) ) ;
#6927 = ORIENTED_EDGE ( 'NONE', *, *, #6200, .F. ) ;
#6928 = DIRECTION ( 'NONE',  ( 0.000000000000000000, 1.000000000000000000, 0.000000000000000000 ) ) ;
#6929 = EDGE_CURVE ( 'NONE', #608, #1872, #4537, .T. ) ;
#6930 = CARTESIAN_POINT ( 'NONE',  ( 11.49999999999998224, 11.00000000000000000, -25.00000000000000711 ) ) ;
#6931 = VECTOR ( 'NONE', #5340, 1000.000000000000000 ) ;
#6932 = CARTESIAN_POINT ( 'NONE',  ( 19.50000000000000355, 10.86666666667359138, -42.63541235690001940 ) ) ;
#6933 = ORIENTED_EDGE ( 'NONE', *, *, #173, .T. ) ;
#6934 = CYLINDRICAL_SURFACE ( 'NONE', #4134, 1.999999999999994893 ) ;
#6935 = CARTESIAN_POINT ( 'NONE',  ( -4.336808689942017736E-16, 13.00000000000000000, 6.936491673103633460 ) ) ;
#6936 = ORIENTED_EDGE ( 'NONE', *, *, #6078, .T. ) ;
#6937 = EDGE_LOOP ( 'NONE', ( #2926, #25, #5700, #881 ) ) ;
#6938 = DIRECTION ( 'NONE',  ( -1.000000000000000000, 0.000000000000000000, 0.000000000000000000 ) ) ;
#6939 = ADVANCED_FACE ( 'NONE', ( #5268 ), #8858, .F. ) ;
#6940 = DIRECTION ( 'NONE',  ( 0.000000000000000000, -0.000000000000000000, -1.000000000000000000 ) ) ;
#6941 = CARTESIAN_POINT ( 'NONE',  ( 34.50000000000003553, 13.00000000000000000, -15.00000000000001066 ) ) ;
#6942 = CYLINDRICAL_SURFACE ( 'NONE', #3833, 1.999999999999994893 ) ;
#6943 = ORIENTED_EDGE ( 'NONE', *, *, #7004, .F. ) ;
#6944 = CARTESIAN_POINT ( 'NONE',  ( 36.50000000000002842, 11.00000000000000000, -25.00000000000000711 ) ) ;
#6945 = EDGE_CURVE ( 'NONE', #2187, #4762, #6627, .T. ) ;
#6946 = EDGE_CURVE ( 'NONE', #5125, #8704, #20, .T. ) ;
#6947 = ORIENTED_EDGE ( 'NONE', *, *, #3816, .T. ) ;
#6948 = VECTOR ( 'NONE', #1323, 1000.000000000000000 ) ;
#6949 = DIRECTION ( 'NONE',  ( -2.628368902995162518E-16, -1.000000000000000000, 0.000000000000000000 ) ) ;
#6950 = ORIENTED_EDGE ( 'NONE', *, *, #523, .F. ) ;
#6951 = CARTESIAN_POINT ( 'NONE',  ( 23.49999999999997868, 11.00000000000000000, -15.00000000000001066 ) ) ;
#6952 = CARTESIAN_POINT ( 'NONE',  ( -37.49999999999998579, 11.00000000000000000, -25.00000000000000711 ) ) ;
#6953 = DIRECTION ( 'NONE',  ( -0.000000000000000000, -1.000000000000000000, -0.000000000000000000 ) ) ;
#6954 = CARTESIAN_POINT ( 'NONE',  ( -16.00000000000000000, 1.960482108952128932, -40.24900739703302577 ) ) ;
#6955 = DIRECTION ( 'NONE',  ( 3.965082230804130220E-16, 0.000000000000000000, -1.000000000000000000 ) ) ;
#6956 = ORIENTED_EDGE ( 'NONE', *, *, #809, .F. ) ;
#6957 = VERTEX_POINT ( 'NONE', #78 ) ;
#6958 = EDGE_CURVE ( 'NONE', #8578, #1340, #3465, .T. ) ;
#6959 = VECTOR ( 'NONE', #2618, 1000.000000000000000 ) ;
#6960 = ORIENTED_EDGE ( 'NONE', *, *, #2918, .F. ) ;
#6961 = ORIENTED_EDGE ( 'NONE', *, *, #3030, .T. ) ;
#6962 = DIRECTION ( 'NONE',  ( 0.000000000000000000, 0.000000000000000000, 1.000000000000000000 ) ) ;
#6963 = CARTESIAN_POINT ( 'NONE',  ( 48.50000000000046185, 11.00000000000000000, 24.99999999999998934 ) ) ;
#6964 = DIRECTION ( 'NONE',  ( 0.000000000000000000, 1.000000000000000000, 0.000000000000000000 ) ) ;
#6965 = CARTESIAN_POINT ( 'NONE',  ( 59.50000000000001421, 13.00000000000000000, -17.49999999999999645 ) ) ;
#6966 = DIRECTION ( 'NONE',  ( 0.000000000000000000, 1.000000000000000000, 0.000000000000000000 ) ) ;
#6967 = ORIENTED_EDGE ( 'NONE', *, *, #4207, .T. ) ;
#6968 = EDGE_CURVE ( 'NONE', #4953, #2941, #36, .T. ) ;
#6969 = CARTESIAN_POINT ( 'NONE',  ( -28.99999999999999645, 2.850603890797211548, -38.93460053902904150 ) ) ;
#6970 = AXIS2_PLACEMENT_3D ( 'NONE', #8185, #7515, #2552 ) ;
#6971 = CARTESIAN_POINT ( 'NONE',  ( 12.50000000000023981, 11.00000000000000000, 4.999999999999990230 ) ) ;
#6972 = EDGE_LOOP ( 'NONE', ( #320, #2946, #438, #6418, #5129, #6636 ) ) ;
#6973 = CARTESIAN_POINT ( 'NONE',  ( 19.50000000000000355, 9.599999999999999645, -44.85412303015306179 ) ) ;
#6974 = CARTESIAN_POINT ( 'NONE',  ( -34.50000000000024158, 11.00000000000000000, -5.000000000000007994 ) ) ;
#6975 = CARTESIAN_POINT ( 'NONE',  ( 16.00000000000000000, 1.724999999999911049, -35.80407078564792300 ) ) ;
#6976 = CARTESIAN_POINT ( 'NONE',  ( -16.00000000000000000, 2.018210873017959539, -37.37348141781701116 ) ) ;
#6977 = VECTOR ( 'NONE', #2581, 1000.000000000000000 ) ;
#6978 = CARTESIAN_POINT ( 'NONE',  ( 10.50000000000044587, 13.00000000000000000, 14.99999999999999289 ) ) ;
#6979 = CARTESIAN_POINT ( 'NONE',  ( 49.49999999999998579, 11.00000000000000000, -25.00000000000000711 ) ) ;
#6980 = ADVANCED_FACE ( 'NONE', ( #2188 ), #7608, .F. ) ;
#6981 = CARTESIAN_POINT ( 'NONE',  ( 49.49999999999998579, 13.00000000000000000, -25.00000000000000711 ) ) ;
#6982 = AXIS2_PLACEMENT_3D ( 'NONE', #1081, #407, #3149 ) ;
#6983 = CARTESIAN_POINT ( 'NONE',  ( 5.421010862427522170E-16, 13.00000000000000000, 13.06350832689640207 ) ) ;
#6984 = DIRECTION ( 'NONE',  ( 0.000000000000000000, 1.000000000000000000, 0.000000000000000000 ) ) ;
#6985 = EDGE_LOOP ( 'NONE', ( #1235, #3771, #7048, #819 ) ) ;
#6986 = CARTESIAN_POINT ( 'NONE',  ( -0.5000000000004377609, 11.00000000000000000, 14.99999999999999289 ) ) ;
#6987 = ORIENTED_EDGE ( 'NONE', *, *, #1427, .F. ) ;
#6988 = CARTESIAN_POINT ( 'NONE',  ( -23.49999999999997868, 11.00000000000000000, -15.00000000000001066 ) ) ;
#6989 = ORIENTED_EDGE ( 'NONE', *, *, #2794, .F. ) ;
#6990 = FACE_OUTER_BOUND ( 'NONE', #1444, .T. ) ;
#6991 = VECTOR ( 'NONE', #8603, 1000.000000000000000 ) ;
#6992 = ADVANCED_FACE ( 'NONE', ( #2769 ), #2902, .F. ) ;
#6993 = CARTESIAN_POINT ( 'NONE',  ( 10.50000000000044587, 11.00000000000000000, 14.99999999999999289 ) ) ;
#6994 = CARTESIAN_POINT ( 'NONE',  ( -25.49999999999955946, 13.00000000000000000, 24.99999999999998934 ) ) ;
#6995 = CARTESIAN_POINT ( 'NONE',  ( -16.00000000000000000, 1.974423587124068513, -40.25274300485051526 ) ) ;
#6996 = APPROVAL_PERSON_ORGANIZATION ( #2220, #560, #4980 ) ;
#6997 = CARTESIAN_POINT ( 'NONE',  ( -13.00000000000000178, 7.599999999999999645, 47.00000000000001421 ) ) ;
#6998 = VECTOR ( 'NONE', #5508, 1000.000000000000000 ) ;
#6999 = ORIENTED_EDGE ( 'NONE', *, *, #1400, .F. ) ;
#7000 = ORIENTED_EDGE ( 'NONE', *, *, #41, .T. ) ;
#7001 = VECTOR ( 'NONE', #8244, 1000.000000000000000 ) ;
#7002 = ORIENTED_EDGE ( 'NONE', *, *, #4333, .F. ) ;
#7003 = VECTOR ( 'NONE', #7162, 1000.000000000000000 ) ;
#7004 = EDGE_CURVE ( 'NONE', #2111, #768, #1431, .T. ) ;
#7005 = ORIENTED_EDGE ( 'NONE', *, *, #2403, .T. ) ;
#7006 = LINE ( 'NONE', #841, #6210 ) ;
#7007 = CARTESIAN_POINT ( 'NONE',  ( 37.49999999999998579, 11.00000000000000000, -25.00000000000000711 ) ) ;
#7008 = DIRECTION ( 'NONE',  ( 0.000000000000000000, 1.000000000000000000, 0.000000000000000000 ) ) ;
#7009 = ADVANCED_FACE ( 'NONE', ( #6291 ), #5529, .F. ) ;
#7010 = VERTEX_POINT ( 'NONE', #2149 ) ;
#7011 = CARTESIAN_POINT ( 'NONE',  ( -22.50000000000024158, 11.00000000000000000, 4.999999999999990230 ) ) ;
#7012 = VECTOR ( 'NONE', #256, 1000.000000000000000 ) ;
#7013 = ORIENTED_EDGE ( 'NONE', *, *, #2371, .F. ) ;
#7014 = CARTESIAN_POINT ( 'NONE',  ( -16.00000000000000000, 2.137499999999888267, -37.29796460717613371 ) ) ;
#7015 = FACE_OUTER_BOUND ( 'NONE', #7194, .T. ) ;
#7016 = VERTEX_POINT ( 'NONE', #3495 ) ;
#7017 = CARTESIAN_POINT ( 'NONE',  ( 13.49999999999976907, 13.00000000000000000, -5.000000000000007994 ) ) ;
#7018 = CARTESIAN_POINT ( 'NONE',  ( 12.50000000000003197, 11.00000000000000000, -15.00000000000001066 ) ) ;
#7019 = EDGE_CURVE ( 'NONE', #88, #6546, #6202, .T. ) ;
#7020 = LINE ( 'NONE', #4821, #972 ) ;
#7021 = CIRCLE ( 'NONE', #5019, 1.999999999999994893 ) ;
#7022 = ORIENTED_EDGE ( 'NONE', *, *, #4298, .F. ) ;
#7023 = DIRECTION ( 'NONE',  ( 0.000000000000000000, 1.000000000000000000, 0.000000000000000000 ) ) ;
#7024 = LINE ( 'NONE', #1403, #6368 ) ;
#7025 = VECTOR ( 'NONE', #4111, 1000.000000000000000 ) ;
#7026 = DIRECTION ( 'NONE',  ( 0.000000000000000000, 0.000000000000000000, 1.000000000000000000 ) ) ;
#7027 = VECTOR ( 'NONE', #6491, 1000.000000000000000 ) ;
#7028 = EDGE_CURVE ( 'NONE', #6472, #8355, #7352, .T. ) ;
#7029 = CARTESIAN_POINT ( 'NONE',  ( 16.00000000000000000, 11.49999999999999822, -41.65412303015307316 ) ) ;
#7030 = DIRECTION ( 'NONE',  ( 1.000000000000000000, 0.000000000000000000, 0.000000000000000000 ) ) ;
#7031 = VECTOR ( 'NONE', #7594, 1000.000000000000000 ) ;
#7032 = DIRECTION ( 'NONE',  ( -0.000000000000000000, -1.000000000000000000, -0.000000000000000000 ) ) ;
#7033 = ADVANCED_FACE ( 'NONE', ( #663 ), #5578, .F. ) ;
#7034 = ORIENTED_EDGE ( 'NONE', *, *, #6154, .F. ) ;
#7035 = DIRECTION ( 'NONE',  ( 0.000000000000000000, 0.000000000000000000, 1.000000000000000000 ) ) ;
#7036 = DIRECTION ( 'NONE',  ( -0.000000000000000000, -1.000000000000000000, -0.000000000000000000 ) ) ;
#7037 = ORIENTED_EDGE ( 'NONE', *, *, #1129, .T. ) ;
#7038 = CARTESIAN_POINT ( 'NONE',  ( -48.00000000000001421, 12.00000000000000000, -13.06350832689631325 ) ) ;
#7039 = CARTESIAN_POINT ( 'NONE',  ( -19.50000000000000355, 11.37254603007775344, -41.21804805317503906 ) ) ;
#7040 = CARTESIAN_POINT ( 'NONE',  ( -13.00000000000000178, 7.599999999999999645, 37.00000000000000711 ) ) ;
#7041 = CARTESIAN_POINT ( 'NONE',  ( -16.00000000000000000, 2.127779847016116221, -40.29383469084289970 ) ) ;
#7042 = EDGE_CURVE ( 'NONE', #1872, #5834, #5771, .T. ) ;
#7043 = COORDINATED_UNIVERSAL_TIME_OFFSET ( 8, 0, .AHEAD. ) ;
#7044 = VERTEX_POINT ( 'NONE', #4763 ) ;
#7045 = VERTEX_POINT ( 'NONE', #1474 ) ;
#7046 = EDGE_CURVE ( 'NONE', #7016, #3790, #5620, .T. ) ;
#7047 = ORIENTED_EDGE ( 'NONE', *, *, #2481, .T. ) ;
#7048 = ORIENTED_EDGE ( 'NONE', *, *, #8606, .F. ) ;
#7049 = CARTESIAN_POINT ( 'NONE',  ( -25.49999999999977263, 11.00000000000000000, -5.000000000000007994 ) ) ;
#7050 = CC_DESIGN_PERSON_AND_ORGANIZATION_ASSIGNMENT ( #3617, #964, ( #4279 ) ) ;
#7051 = FACE_OUTER_BOUND ( 'NONE', #2282, .T. ) ;
#7052 = DIRECTION ( 'NONE',  ( 0.000000000000000000, 1.000000000000000000, 0.000000000000000000 ) ) ;
#7053 = LINE ( 'NONE', #3629, #2694 ) ;
#7054 = ORIENTED_EDGE ( 'NONE', *, *, #3281, .T. ) ;
#7055 = EDGE_CURVE ( 'NONE', #7045, #8440, #8359, .T. ) ;
#7056 = ORIENTED_EDGE ( 'NONE', *, *, #1469, .F. ) ;
#7057 = EDGE_CURVE ( 'NONE', #5906, #2441, #1513, .T. ) ;
#7058 = DIRECTION ( 'NONE',  ( 0.000000000000000000, 0.000000000000000000, -1.000000000000000000 ) ) ;
#7059 = AXIS2_PLACEMENT_3D ( 'NONE', #6973, #805, #4280 ) ;
#7060 = CARTESIAN_POINT ( 'NONE',  ( -35.49999999999998579, 13.00000000000000000, -15.00000000000001066 ) ) ;
#7061 = EDGE_LOOP ( 'NONE', ( #8342, #6989, #5089, #4301 ) ) ;
#7062 = DIRECTION ( 'NONE',  ( 0.000000000000000000, 1.000000000000000000, 0.000000000000000000 ) ) ;
#7063 = LINE ( 'NONE', #5540, #3669 ) ;
#7064 = CARTESIAN_POINT ( 'NONE',  ( 16.00000000000000000, 2.127779847016116221, -40.29383469084289970 ) ) ;
#7065 = AXIS2_PLACEMENT_3D ( 'NONE', #3681, #6436, #3774 ) ;
#7066 = DIRECTION ( 'NONE',  ( -6.938893903907231533E-15, -1.000000000000000000, 0.000000000000000000 ) ) ;
#7067 = CARTESIAN_POINT ( 'NONE',  ( 28.99999999999999645, 2.066384047871771212, -37.33985784499884630 ) ) ;
#7068 = VERTEX_POINT ( 'NONE', #1341 ) ;
#7069 = LINE ( 'NONE', #903, #551 ) ;
#7070 = VECTOR ( 'NONE', #1298, 1000.000000000000000 ) ;
#7071 = CARTESIAN_POINT ( 'NONE',  ( 47.49999999999957367, 11.00000000000000000, 24.99999999999998934 ) ) ;
#7072 = ORIENTED_EDGE ( 'NONE', *, *, #1003, .T. ) ;
#7073 = DIRECTION ( 'NONE',  ( 0.000000000000000000, 0.000000000000000000, 1.000000000000000000 ) ) ;
#7074 = ORIENTED_EDGE ( 'NONE', *, *, #6613, .T. ) ;
#7075 = FACE_OUTER_BOUND ( 'NONE', #930, .T. ) ;
#7076 = EDGE_CURVE ( 'NONE', #3257, #1652, #7006, .T. ) ;
#7077 = VECTOR ( 'NONE', #6344, 1000.000000000000000 ) ;
#7078 = EDGE_CURVE ( 'NONE', #3169, #5557, #4089, .T. ) ;
#7079 = DIRECTION ( 'NONE',  ( 0.000000000000000000, 0.000000000000000000, 1.000000000000000000 ) ) ;
#7080 = ORIENTED_EDGE ( 'NONE', *, *, #4889, .F. ) ;
#7081 = DIRECTION ( 'NONE',  ( 3.965082230804130220E-16, 0.000000000000000000, -1.000000000000000000 ) ) ;
#7082 = DIRECTION ( 'NONE',  ( 0.000000000000000000, 1.000000000000000000, 0.000000000000000000 ) ) ;
#7083 = CARTESIAN_POINT ( 'NONE',  ( -16.00000000000000000, 1.904716196264206962, -40.23406496576306068 ) ) ;
#7084 = CARTESIAN_POINT ( 'NONE',  ( -28.99999999999999645, 1.482579449344166855, -40.07823415845573578 ) ) ;
#7085 = PERSON_AND_ORGANIZATION ( #7577, #3834 ) ;
#7086 = CIRCLE ( 'NONE', #3634, 1.999999999999994893 ) ;
#7087 = ORIENTED_EDGE ( 'NONE', *, *, #6524, .F. ) ;
#7088 = ORIENTED_EDGE ( 'NONE', *, *, #6096, .F. ) ;
#7089 = ADVANCED_FACE ( 'NONE', ( #2728 ), #5485, .F. ) ;
#7090 = EDGE_LOOP ( 'NONE', ( #8211, #2483, #838, #4055 ) ) ;
#7091 = AXIS2_PLACEMENT_3D ( 'NONE', #2133, #2175, #4974 ) ;
#7092 = VERTEX_POINT ( 'NONE', #5661 ) ;
#7093 = FACE_OUTER_BOUND ( 'NONE', #4206, .T. ) ;
#7094 = LINE ( 'NONE', #7526, #7154 ) ;
#7095 = CARTESIAN_POINT ( 'NONE',  ( -40.00000000000000000, 0.000000000000000000, -36.99999999999999289 ) ) ;
#7096 = ORIENTED_EDGE ( 'NONE', *, *, #8841, .T. ) ;
#7097 = CARTESIAN_POINT ( 'NONE',  ( 49.49999999999957367, 11.00000000000000000, 14.99999999999999289 ) ) ;
#7098 = ORIENTED_EDGE ( 'NONE', *, *, #4281, .T. ) ;
#7099 = VERTEX_POINT ( 'NONE', #6419 ) ;
#7100 = ORIENTED_EDGE ( 'NONE', *, *, #7702, .T. ) ;
#7101 = VECTOR ( 'NONE', #6897, 1000.000000000000000 ) ;
#7102 = DIRECTION ( 'NONE',  ( 0.000000000000000000, 0.000000000000000000, 1.000000000000000000 ) ) ;
#7103 = LINE ( 'NONE', #392, #6604 ) ;
#7104 = EDGE_LOOP ( 'NONE', ( #3606, #2070, #3267, #4231 ) ) ;
#7105 = CARTESIAN_POINT ( 'NONE',  ( 23.49999999999977263, 11.00000000000000000, 4.999999999999990230 ) ) ;
#7106 = ADVANCED_FACE ( 'NONE', ( #975 ), #3033, .F. ) ;
#7107 = ADVANCED_FACE ( 'NONE', ( #5790 ), #5753, .F. ) ;
#7108 = DIRECTION ( 'NONE',  ( 0.000000000000000000, 1.000000000000000000, 0.000000000000000000 ) ) ;
#7109 = CARTESIAN_POINT ( 'NONE',  ( 16.00000000000000000, 12.61177143234621489, -43.10301176958668634 ) ) ;
#7110 = CARTESIAN_POINT ( 'NONE',  ( -28.99999999999999645, 12.25881904511126486, -41.45552419183535164 ) ) ;
#7111 = CARTESIAN_POINT ( 'NONE',  ( 28.99999999999999645, 1.862776749868739978, -37.52243006942981651 ) ) ;
#7112 = VECTOR ( 'NONE', #3126, 1000.000000000000000 ) ;
#7113 = DIRECTION ( 'NONE',  ( 0.000000000000000000, 1.000000000000000000, 0.000000000000000000 ) ) ;
#7114 = CARTESIAN_POINT ( 'NONE',  ( 24.50000000000044409, 11.00000000000000000, 14.99999999999999289 ) ) ;
#7115 = ADVANCED_FACE ( 'NONE', ( #1559 ), #2227, .F. ) ;
#7116 = CARTESIAN_POINT ( 'NONE',  ( 19.50000000000000355, 9.599999999999999645, -44.85412303015306179 ) ) ;
#7117 = VECTOR ( 'NONE', #4346, 1000.000000000000000 ) ;
#7118 = ORIENTED_EDGE ( 'NONE', *, *, #2657, .T. ) ;
#7119 = DIRECTION ( 'NONE',  ( 0.000000000000000000, 0.000000000000000000, 1.000000000000000000 ) ) ;
#7120 = ORIENTED_EDGE ( 'NONE', *, *, #7145, .T. ) ;
#7121 = LINE ( 'NONE', #4553, #2961 ) ;
#7122 = EDGE_CURVE ( 'NONE', #7373, #3344, #3761, .T. ) ;
#7123 = AXIS2_PLACEMENT_3D ( 'NONE', #3552, #3507, #5721 ) ;
#7124 = CARTESIAN_POINT ( 'NONE',  ( -16.00000000000000000, 2.292944763917989626, -38.78517622632946171 ) ) ;
#7125 = ORIENTED_EDGE ( 'NONE', *, *, #485, .F. ) ;
#7126 = DIRECTION ( 'NONE',  ( 0.000000000000000000, 1.000000000000000000, 0.000000000000000000 ) ) ;
#7127 = CYLINDRICAL_SURFACE ( 'NONE', #3432, 1.900000000000001465 ) ;
#7128 = PLANE ( 'NONE',  #6982 ) ;
#7129 = CARTESIAN_POINT ( 'NONE',  ( -28.99999999999999645, 10.82726222634219226, -42.62485396892084566 ) ) ;
#7130 = PLANE ( 'NONE',  #6139 ) ;
#7131 = ADVANCED_FACE ( 'NONE', ( #3668 ), #924, .F. ) ;
#7132 = VECTOR ( 'NONE', #8635, 1000.000000000000000 ) ;
#7133 = VERTEX_POINT ( 'NONE', #3718 ) ;
#7134 = ORIENTED_EDGE ( 'NONE', *, *, #5462, .T. ) ;
#7135 = ADVANCED_BREP_SHAPE_REPRESENTATION ( '\X2\5e7271e576d2\X0\', ( #3822, #678 ), #3404 ) ;
#7136 = AXIS2_PLACEMENT_3D ( 'NONE', #8886, #8113, #4026 ) ;
#7137 = ORIENTED_EDGE ( 'NONE', *, *, #4518, .T. ) ;
#7138 = AXIS2_PLACEMENT_3D ( 'NONE', #1425, #4755, #2853 ) ;
#7139 = ORIENTED_EDGE ( 'NONE', *, *, #5185, .T. ) ;
#7140 = DIRECTION ( 'NONE',  ( 1.000000000000000000, 0.000000000000000000, -0.000000000000000000 ) ) ;
#7141 = VECTOR ( 'NONE', #6855, 1000.000000000000000 ) ;
#7142 = CARTESIAN_POINT ( 'NONE',  ( -34.50000000000044764, 13.00000000000000000, 14.99999999999999289 ) ) ;
#7143 = CARTESIAN_POINT ( 'NONE',  ( 22.50000000000000000, 9.600000000001417177, -42.29601004648966978 ) ) ;
#7144 = CARTESIAN_POINT ( 'NONE',  ( 30.00000000000000000, 0.000000000000000000, -36.99999999999999289 ) ) ;
#7145 = EDGE_CURVE ( 'NONE', #184, #4351, #8530, .T. ) ;
#7146 = CIRCLE ( 'NONE', #2821, 1.999999999999994893 ) ;
#7147 = EDGE_LOOP ( 'NONE', ( #3215, #6209, #5267, #4426 ) ) ;
#7148 = LOCAL_TIME ( 11, 43, 10.00000000000000000, #7043 ) ;
#7149 = ORIENTED_EDGE ( 'NONE', *, *, #3622, .F. ) ;
#7150 = VECTOR ( 'NONE', #6558, 1000.000000000000000 ) ;
#7151 = CARTESIAN_POINT ( 'NONE',  ( -23.49999999999956302, 11.00000000000000000, 24.99999999999998934 ) ) ;
#7152 = AXIS2_PLACEMENT_3D ( 'NONE', #3010, #1711, #401 ) ;
#7153 = CARTESIAN_POINT ( 'NONE',  ( -40.00000000000000000, 0.000000000000000000, -36.99999999999999289 ) ) ;
#7154 = VECTOR ( 'NONE', #5621, 1000.000000000000000 ) ;
#7155 = ORIENTED_EDGE ( 'NONE', *, *, #1322, .T. ) ;
#7156 = ORIENTED_EDGE ( 'NONE', *, *, #1129, .F. ) ;
#7157 = LINE ( 'NONE', #7201, #3026 ) ;
#7158 = CC_DESIGN_APPROVAL ( #280, ( #8444 ) ) ;
#7159 = CARTESIAN_POINT ( 'NONE',  ( -48.00000000000001421, 11.00000000000000000, -6.936491673103652111 ) ) ;
#7160 = CIRCLE ( 'NONE', #1690, 1.999999999999994893 ) ;
#7161 = CARTESIAN_POINT ( 'NONE',  ( 28.99999999999999645, 1.974423587124068513, -40.25274300485050816 ) ) ;
#7162 = DIRECTION ( 'NONE',  ( 0.000000000000000000, 1.000000000000000000, 0.000000000000000000 ) ) ;
#7163 = CARTESIAN_POINT ( 'NONE',  ( 16.00000000000000000, 2.137499999999888267, -37.29796460717613371 ) ) ;
#7164 = AXIS2_PLACEMENT_3D ( 'NONE', #8030, #7314, #8796 ) ;
#7165 = FACE_BOUND ( 'NONE', #1196, .T. ) ;
#7166 = EDGE_CURVE ( 'NONE', #1059, #606, #4316, .T. ) ;
#7167 = CARTESIAN_POINT ( 'NONE',  ( 25.49999999999977263, 11.00000000000000000, -5.000000000000007994 ) ) ;
#7168 = DIRECTION ( 'NONE',  ( 0.000000000000000000, 0.000000000000000000, 1.000000000000000000 ) ) ;
#7169 = ORIENTED_EDGE ( 'NONE', *, *, #4781, .T. ) ;
#7170 = CARTESIAN_POINT ( 'NONE',  ( 25.49999999999977263, 11.00000000000000000, -5.000000000000007994 ) ) ;
#7171 = VERTEX_POINT ( 'NONE', #7860 ) ;
#7172 = LINE ( 'NONE', #1720, #6850 ) ;
#7173 = CIRCLE ( 'NONE', #8318, 1.000000000000000888 ) ;
#7174 = VECTOR ( 'NONE', #3108, 1000.000000000000000 ) ;
#7175 = ADVANCED_FACE ( 'NONE', ( #1733 ), #5075, .F. ) ;
#7176 = FACE_OUTER_BOUND ( 'NONE', #7463, .T. ) ;
#7177 = ORIENTED_EDGE ( 'NONE', *, *, #5515, .T. ) ;
#7178 = AXIS2_PLACEMENT_3D ( 'NONE', #7898, #7082, #4470 ) ;
#7179 = CARTESIAN_POINT ( 'NONE',  ( -1.499999999999557243, 11.00000000000000000, 24.99999999999998579 ) ) ;
#7180 = CARTESIAN_POINT ( 'NONE',  ( 36.00000000000000711, 12.00000000000000000, 6.936491673103635236 ) ) ;
#7181 = CYLINDRICAL_SURFACE ( 'NONE', #8884, 1.999999999999994893 ) ;
#7182 = ORIENTED_EDGE ( 'NONE', *, *, #1438, .F. ) ;
#7183 = VERTEX_POINT ( 'NONE', #4483 ) ;
#7184 = EDGE_CURVE ( 'NONE', #648, #2726, #4355, .T. ) ;
#7185 = FACE_OUTER_BOUND ( 'NONE', #1783, .T. ) ;
#7186 = ORIENTED_EDGE ( 'NONE', *, *, #1546, .T. ) ;
#7187 = ORIENTED_EDGE ( 'NONE', *, *, #6257, .T. ) ;
#7188 = PLANE ( 'NONE',  #3088 ) ;
#7189 = CARTESIAN_POINT ( 'NONE',  ( 49.49999999999998579, 11.00000000000000000, -25.00000000000000711 ) ) ;
#7190 = CARTESIAN_POINT ( 'NONE',  ( -13.49999999999976197, 11.00000000000000000, 4.999999999999990230 ) ) ;
#7191 = FACE_OUTER_BOUND ( 'NONE', #8005, .T. ) ;
#7192 = ORIENTED_EDGE ( 'NONE', *, *, #947, .F. ) ;
#7193 = EDGE_LOOP ( 'NONE', ( #852, #4712, #149, #5751 ) ) ;
#7194 = EDGE_LOOP ( 'NONE', ( #3074, #4834, #4803, #8664 ) ) ;
#7195 = EDGE_CURVE ( 'NONE', #165, #788, #5400, .T. ) ;
#7196 = DIRECTION ( 'NONE',  ( 0.000000000000000000, 0.000000000000000000, -1.000000000000000000 ) ) ;
#7197 = EDGE_CURVE ( 'NONE', #8691, #144, #2082, .T. ) ;
#7198 = EDGE_LOOP ( 'NONE', ( #3039, #574, #217, #8356 ) ) ;
#7199 = CARTESIAN_POINT ( 'NONE',  ( 11.49999999999997513, 11.00000000000000000, -15.00000000000001066 ) ) ;
#7200 = VERTEX_POINT ( 'NONE', #4441 ) ;
#7201 = CARTESIAN_POINT ( 'NONE',  ( 46.50000000000045475, 13.00000000000000000, 14.99999999999999289 ) ) ;
#7202 = DIRECTION ( 'NONE',  ( -1.000000000000000000, -2.040851148208008491E-16, -0.000000000000000000 ) ) ;
#7203 = CARTESIAN_POINT ( 'NONE',  ( 28.99999999999999645, 1.537499999999947020, -35.91232396112081915 ) ) ;
#7204 = LINE ( 'NONE', #8506, #1684 ) ;
#7205 = CARTESIAN_POINT ( 'NONE',  ( 16.00000000000000000, 1.862776749868736648, -37.52243006943008652 ) ) ;
#7206 = FACE_BOUND ( 'NONE', #4172, .T. ) ;
#7207 = ADVANCED_FACE ( 'NONE', ( #7093 ), #7188, .T. ) ;
#7208 = CARTESIAN_POINT ( 'NONE',  ( 37.49999999999977973, 11.00000000000000000, -5.000000000000007994 ) ) ;
#7209 = VECTOR ( 'NONE', #395, 1000.000000000000000 ) ;
#7210 = FACE_OUTER_BOUND ( 'NONE', #1598, .T. ) ;
#7211 = ORIENTED_EDGE ( 'NONE', *, *, #1983, .F. ) ;
#7212 = DIRECTION ( 'NONE',  ( 0.000000000000000000, 0.000000000000000000, 1.000000000000000000 ) ) ;
#7213 = ORIENTED_EDGE ( 'NONE', *, *, #1763, .T. ) ;
#7214 = DIRECTION ( 'NONE',  ( 0.000000000000000000, 0.000000000000000000, 1.000000000000000000 ) ) ;
#7215 = AXIS2_PLACEMENT_3D ( 'NONE', #4750, #7502, #8170 ) ;
#7216 = EDGE_CURVE ( 'NONE', #5559, #5260, #2402, .T. ) ;
#7217 = CARTESIAN_POINT ( 'NONE',  ( 49.49999999999977973, 11.00000000000000000, -5.000000000000007994 ) ) ;
#7218 = VERTEX_POINT ( 'NONE', #3801 ) ;
#7219 = CARTESIAN_POINT ( 'NONE',  ( -59.50000000000001421, 0.000000000000000000, 17.50000000000001066 ) ) ;
#7220 = CARTESIAN_POINT ( 'NONE',  ( -28.99999999999999645, 2.292944763917991846, -38.78517622632946171 ) ) ;
#7221 = EDGE_CURVE ( 'NONE', #170, #3313, #6547, .T. ) ;
#7222 = FACE_BOUND ( 'NONE', #7722, .T. ) ;
#7223 = EDGE_CURVE ( 'NONE', #7658, #7782, #6375, .T. ) ;
#7224 = LINE ( 'NONE', #3661, #2383 ) ;
#7225 = AXIS2_PLACEMENT_3D ( 'NONE', #7725, #1547, #2178 ) ;
#7226 = ORIENTED_EDGE ( 'NONE', *, *, #1607, .T. ) ;
#7227 = ORIENTED_EDGE ( 'NONE', *, *, #8248, .F. ) ;
#7228 = DIRECTION ( 'NONE',  ( 0.000000000000000000, 1.000000000000000000, 0.000000000000000000 ) ) ;
#7229 = ORIENTED_EDGE ( 'NONE', *, *, #7046, .F. ) ;
#7230 = ORIENTED_EDGE ( 'NONE', *, *, #4256, .T. ) ;
#7231 = DIRECTION ( 'NONE',  ( -0.000000000000000000, -1.000000000000000000, -0.000000000000000000 ) ) ;
#7232 = CARTESIAN_POINT ( 'NONE',  ( -46.50000000000046185, 13.00000000000000000, 24.99999999999998934 ) ) ;
#7233 = CARTESIAN_POINT ( 'NONE',  ( -12.00000000000000355, 13.00000000000000000, 13.06350832689640207 ) ) ;
#7234 = ORIENTED_EDGE ( 'NONE', *, *, #523, .T. ) ;
#7235 = DIRECTION ( 'NONE',  ( 0.000000000000000000, 0.000000000000000000, 1.000000000000000000 ) ) ;
#7236 = ORIENTED_EDGE ( 'NONE', *, *, #1881, .F. ) ;
#7237 = EDGE_LOOP ( 'NONE', ( #4063, #1372, #3520, #6774 ) ) ;
#7238 = EDGE_CURVE ( 'NONE', #4017, #427, #1152, .T. ) ;
#7239 = ORIENTED_EDGE ( 'NONE', *, *, #7248, .T. ) ;
#7240 = DIRECTION ( 'NONE',  ( 0.000000000000000000, 0.000000000000000000, 1.000000000000000000 ) ) ;
#7241 = VECTOR ( 'NONE', #2166, 1000.000000000000000 ) ;
#7242 = ORIENTED_EDGE ( 'NONE', *, *, #566, .F. ) ;
#7243 = CARTESIAN_POINT ( 'NONE',  ( 12.50000000000003197, 11.00000000000000000, -15.00000000000001066 ) ) ;
#7244 = ORIENTED_EDGE ( 'NONE', *, *, #5196, .F. ) ;
#7245 = CARTESIAN_POINT ( 'NONE',  ( 12.00000000000000355, 11.00000000000000000, 6.936491673103633460 ) ) ;
#7246 = CARTESIAN_POINT ( 'NONE',  ( -39.99999999999999289, 0.000000000000000000, 17.50000000000000711 ) ) ;
#7247 = CARTESIAN_POINT ( 'NONE',  ( 28.99999999999999645, 0.4718339899309914598, -39.18806152621488081 ) ) ;
#7248 = EDGE_CURVE ( 'NONE', #2283, #6172, #6732, .T. ) ;
#7249 = FACE_OUTER_BOUND ( 'NONE', #2578, .T. ) ;
#7250 = CARTESIAN_POINT ( 'NONE',  ( 16.00000000000000000, 2.066384047871771212, -37.33985784499884630 ) ) ;
#7251 = FACE_BOUND ( 'NONE', #4576, .T. ) ;
#7252 = DIRECTION ( 'NONE',  ( 0.000000000000000000, 1.000000000000000000, 0.000000000000000000 ) ) ;
#7253 = AXIS2_PLACEMENT_3D ( 'NONE', #3737, #6483, #314 ) ;
#7254 = CARTESIAN_POINT ( 'NONE',  ( -16.00000000000000355, 0.9204530735636528016, -39.69969590672336324 ) ) ;
#7255 = VERTEX_POINT ( 'NONE', #7949 ) ;
#7256 = CARTESIAN_POINT ( 'NONE',  ( 19.50000000000000355, 9.599999999999999645, -42.29601004649577334 ) ) ;
#7257 = ORIENTED_EDGE ( 'NONE', *, *, #3745, .F. ) ;
#7258 = FACE_OUTER_BOUND ( 'NONE', #3722, .T. ) ;
#7259 = EDGE_CURVE ( 'NONE', #74, #144, #794, .T. ) ;
#7260 = CARTESIAN_POINT ( 'NONE',  ( 47.49999999999977973, 11.00000000000000000, 4.999999999999990230 ) ) ;
#7261 = ORIENTED_EDGE ( 'NONE', *, *, #4059, .T. ) ;
#7262 = CIRCLE ( 'NONE', #208, 19.50000000000000355 ) ;
#7263 = LINE ( 'NONE', #3748, #2135 ) ;
#7264 = LINE ( 'NONE', #2305, #7462 ) ;
#7265 = CARTESIAN_POINT ( 'NONE',  ( -28.99999999999999645, 9.042753020318221147, -42.14669616830465770 ) ) ;
#7266 = APPROVAL_DATE_TIME ( #3343, #280 ) ;
#7267 = ORIENTED_EDGE ( 'NONE', *, *, #6096, .T. ) ;
#7268 = VERTEX_POINT ( 'NONE', #429 ) ;
#7269 = EDGE_CURVE ( 'NONE', #4652, #416, #1236, .T. ) ;
#7270 = CARTESIAN_POINT ( 'NONE',  ( -23.49999999999977263, 11.00000000000000000, 4.999999999999990230 ) ) ;
#7271 = ORIENTED_EDGE ( 'NONE', *, *, #6272, .F. ) ;
#7272 = VERTEX_POINT ( 'NONE', #8764 ) ;
#7273 = DIRECTION ( 'NONE',  ( 0.000000000000000000, 1.000000000000000000, 0.000000000000000000 ) ) ;
#7274 = AXIS2_PLACEMENT_3D ( 'NONE', #6345, #179, #8278 ) ;
#7275 = CARTESIAN_POINT ( 'NONE',  ( 9.999999999999998224, 0.9999999999999956701, 37.00000000000000711 ) ) ;
#7276 = DIRECTION ( 'NONE',  ( 2.040851148208008491E-16, -1.000000000000000000, 0.000000000000000000 ) ) ;
#7277 = EDGE_LOOP ( 'NONE', ( #7087, #4252, #6261, #7734 ) ) ;
#7278 = ORIENTED_EDGE ( 'NONE', *, *, #7475, .T. ) ;
#7279 = ORIENTED_EDGE ( 'NONE', *, *, #1220, .F. ) ;
#7280 = DIRECTION ( 'NONE',  ( 0.000000000000000000, -1.000000000000000000, 0.000000000000000000 ) ) ;
#7281 = EDGE_CURVE ( 'NONE', #2231, #8355, #4615, .T. ) ;
#7282 = EDGE_LOOP ( 'NONE', ( #6858, #792, #119, #6904, #8856, #4902 ) ) ;
#7283 = CIRCLE ( 'NONE', #3686, 1.999999999999994893 ) ;
#7284 = CARTESIAN_POINT ( 'NONE',  ( 1.499999999999765521, 11.00000000000000000, -5.000000000000007994 ) ) ;
#7285 = ORIENTED_EDGE ( 'NONE', *, *, #2312, .F. ) ;
#7286 = LINE ( 'NONE', #6072, #4769 ) ;
#7287 = EDGE_CURVE ( 'NONE', #2411, #7841, #5265, .T. ) ;
#7288 = CIRCLE ( 'NONE', #8570, 1.999999999999994893 ) ;
#7289 = CARTESIAN_POINT ( 'NONE',  ( -57.49999999999999289, 13.00000000000000000, 17.50000000000001066 ) ) ;
#7290 = FACE_BOUND ( 'NONE', #229, .T. ) ;
#7291 = AXIS2_PLACEMENT_3D ( 'NONE', #5755, #7820, #6469 ) ;
#7292 = CARTESIAN_POINT ( 'NONE',  ( 10.50000000000003020, 11.00000000000000000, -25.00000000000000711 ) ) ;
#7293 = DIRECTION ( 'NONE',  ( 0.000000000000000000, 0.000000000000000000, 1.000000000000000000 ) ) ;
#7294 = EDGE_LOOP ( 'NONE', ( #3362, #5081, #3534, #4796 ) ) ;
#7295 = CARTESIAN_POINT ( 'NONE',  ( 19.50000000000000355, 12.25881904511126130, -41.45552419183535164 ) ) ;
#7296 = CIRCLE ( 'NONE', #6294, 1.999999999999994893 ) ;
#7297 = CARTESIAN_POINT ( 'NONE',  ( 16.00000000000000000, 1.904716196264206962, -40.23406496576306068 ) ) ;
#7298 = EDGE_CURVE ( 'NONE', #746, #6647, #6399, .T. ) ;
#7299 = AXIS2_PLACEMENT_3D ( 'NONE', #6128, #2828, #5542 ) ;
#7300 = PLANE ( 'NONE',  #5550 ) ;
#7301 = CARTESIAN_POINT ( 'NONE',  ( -16.00000000000000000, 1.904716196264209183, -40.23406496576306779 ) ) ;
#7302 = LINE ( 'NONE', #591, #673 ) ;
#7303 = VECTOR ( 'NONE', #6632, 1000.000000000000000 ) ;
#7304 = VERTEX_POINT ( 'NONE', #8040 ) ;
#7305 = DIRECTION ( 'NONE',  ( 0.000000000000000000, 1.000000000000000000, 0.000000000000000000 ) ) ;
#7306 = VECTOR ( 'NONE', #1563, 1000.000000000000000 ) ;
#7307 = EDGE_CURVE ( 'NONE', #2818, #822, #1778, .T. ) ;
#7308 = LINE ( 'NONE', #5242, #6663 ) ;
#7309 = ORIENTED_EDGE ( 'NONE', *, *, #5470, .F. ) ;
#7310 = EDGE_CURVE ( 'NONE', #6270, #1000, #4534, .T. ) ;
#7311 = CYLINDRICAL_SURFACE ( 'NONE', #4297, 1.000000000000000888 ) ;
#7312 = CARTESIAN_POINT ( 'NONE',  ( 22.50000000000000000, 12.00000000000000355, -42.42145001812207994 ) ) ;
#7313 = VECTOR ( 'NONE', #8387, 1000.000000000000000 ) ;
#7314 = DIRECTION ( 'NONE',  ( -1.000000000000000000, 0.000000000000000000, 0.000000000000000000 ) ) ;
#7315 = CIRCLE ( 'NONE', #6453, 1.999999999999994893 ) ;
#7316 = ORIENTED_EDGE ( 'NONE', *, *, #8701, .T. ) ;
#7317 = ORIENTED_EDGE ( 'NONE', *, *, #6001, .F. ) ;
#7318 = CARTESIAN_POINT ( 'NONE',  ( -36.00000000000000711, 12.00000000000000000, 26.93649167310357839 ) ) ;
#7319 = ORIENTED_EDGE ( 'NONE', *, *, #4360, .T. ) ;
#7320 = EDGE_CURVE ( 'NONE', #5544, #2361, #5825, .T. ) ;
#7321 = CARTESIAN_POINT ( 'NONE',  ( 48.00000000000001421, 12.00000000000000000, 26.93649167310357839 ) ) ;
#7322 = EDGE_LOOP ( 'NONE', ( #8266, #7596, #2164, #771, #282, #7362, #1481, #7603, #4900, #3370, #3127, #6825 ) ) ;
#7323 = DIRECTION ( 'NONE',  ( 0.000000000000000000, 0.000000000000000000, 1.000000000000000000 ) ) ;
#7324 = DIRECTION ( 'NONE',  ( -0.000000000000000000, -1.000000000000000000, -0.000000000000000000 ) ) ;
#7325 = DIRECTION ( 'NONE',  ( 0.000000000000000000, 0.000000000000000000, 1.000000000000000000 ) ) ;
#7326 = VECTOR ( 'NONE', #1348, 1000.000000000000000 ) ;
#7327 = ORIENTED_EDGE ( 'NONE', *, *, #6286, .T. ) ;
#7328 = EDGE_CURVE ( 'NONE', #7911, #4552, #1887, .T. ) ;
#7329 = VERTEX_POINT ( 'NONE', #6061 ) ;
#7330 = ORIENTED_EDGE ( 'NONE', *, *, #8332, .F. ) ;
#7331 = LINE ( 'NONE', #5308, #48 ) ;
#7332 = ORIENTED_EDGE ( 'NONE', *, *, #4258, .T. ) ;
#7333 = EDGE_CURVE ( 'NONE', #1498, #3378, #8709, .T. ) ;
#7334 = DIRECTION ( 'NONE',  ( 0.000000000000000000, 0.000000000000000000, 1.000000000000000000 ) ) ;
#7335 = VERTEX_POINT ( 'NONE', #516 ) ;
#7336 = CARTESIAN_POINT ( 'NONE',  ( 48.50000000000024869, 11.00000000000000000, 4.999999999999990230 ) ) ;
#7337 = DIRECTION ( 'NONE',  ( 0.000000000000000000, 0.000000000000000000, 1.000000000000000000 ) ) ;
#7338 = DIRECTION ( 'NONE',  ( 0.000000000000000000, 0.000000000000000000, 1.000000000000000000 ) ) ;
#7339 = EDGE_CURVE ( 'NONE', #5260, #4180, #1104, .T. ) ;
#7340 = ADVANCED_FACE ( 'NONE', ( #2537 ), #6775, .F. ) ;
#7341 = LINE ( 'NONE', #444, #5641 ) ;
#7342 = CARTESIAN_POINT ( 'NONE',  ( 22.50000000000045119, 13.00000000000000000, 14.99999999999999289 ) ) ;
#7343 = ORIENTED_EDGE ( 'NONE', *, *, #1257, .F. ) ;
#7344 = CARTESIAN_POINT ( 'NONE',  ( -28.99999999999999645, 2.146114591076196287, -38.73097420639653166 ) ) ;
#7345 = DIRECTION ( 'NONE',  ( 0.000000000000000000, 0.000000000000000000, -1.000000000000000000 ) ) ;
#7346 = CARTESIAN_POINT ( 'NONE',  ( -40.00000000000000000, 13.00000000000000000, -17.49999999999999645 ) ) ;
#7347 = DIRECTION ( 'NONE',  ( 0.000000000000000000, 0.000000000000000000, 1.000000000000000000 ) ) ;
#7348 = CARTESIAN_POINT ( 'NONE',  ( -17.00000000000000000, 12.99999999999999822, -46.65412303015307316 ) ) ;
#7349 = CARTESIAN_POINT ( 'NONE',  ( -25.50000000000000355, 10.48627301504142117, -40.98057191452508619 ) ) ;
#7350 = ORIENTED_EDGE ( 'NONE', *, *, #8320, .F. ) ;
#7351 = PLANE ( 'NONE',  #6432 ) ;
#7352 = CIRCLE ( 'NONE', #8498, 1.999999999999994893 ) ;
#7353 = LINE ( 'NONE', #862, #3568 ) ;
#7354 = LINE ( 'NONE', #5821, #4157 ) ;
#7355 = CARTESIAN_POINT ( 'NONE',  ( -40.00000000000000000, 13.00000000000000000, -17.49999999999999645 ) ) ;
#7356 = DIRECTION ( 'NONE',  ( 0.000000000000000000, 0.000000000000000000, 1.000000000000000000 ) ) ;
#7357 = VECTOR ( 'NONE', #3453, 1000.000000000000000 ) ;
#7358 = EDGE_CURVE ( 'NONE', #1912, #8847, #3498, .T. ) ;
#7359 = VERTEX_POINT ( 'NONE', #4707 ) ;
#7360 = ORIENTED_EDGE ( 'NONE', *, *, #1386, .F. ) ;
#7361 = LINE ( 'NONE', #3120, #625 ) ;
#7362 = ORIENTED_EDGE ( 'NONE', *, *, #8904, .F. ) ;
#7363 = CARTESIAN_POINT ( 'NONE',  ( -37.49999999999956657, 13.00000000000000000, 14.99999999999999289 ) ) ;
#7364 = ORIENTED_EDGE ( 'NONE', *, *, #4466, .F. ) ;
#7365 = AXIS2_PLACEMENT_3D ( 'NONE', #4005, #3282, #488 ) ;
#7366 = DIRECTION ( 'NONE',  ( -0.000000000000000000, -1.000000000000000000, -0.000000000000000000 ) ) ;
#7367 = LINE ( 'NONE', #4038, #7578 ) ;
#7368 = CARTESIAN_POINT ( 'NONE',  ( 25.50000000000000355, 9.599999999999999645, -44.85412303015305469 ) ) ;
#7369 = VERTEX_POINT ( 'NONE', #3263 ) ;
#7370 = ORIENTED_EDGE ( 'NONE', *, *, #1472, .F. ) ;
#7371 = ORIENTED_EDGE ( 'NONE', *, *, #7358, .F. ) ;
#7372 = EDGE_CURVE ( 'NONE', #2271, #3676, #6263, .T. ) ;
#7373 = VERTEX_POINT ( 'NONE', #5212 ) ;
#7374 = DIRECTION ( 'NONE',  ( 0.000000000000000000, 1.000000000000000000, 0.000000000000000000 ) ) ;
#7375 = ORIENTED_EDGE ( 'NONE', *, *, #1670, .F. ) ;
#7376 = ORIENTED_EDGE ( 'NONE', *, *, #6338, .F. ) ;
#7377 = DIRECTION ( 'NONE',  ( 0.000000000000000000, 1.000000000000000000, 0.000000000000000000 ) ) ;
#7378 = DIRECTION ( 'NONE',  ( 1.000000000000000000, 0.000000000000000000, -0.000000000000000000 ) ) ;
#7379 = CARTESIAN_POINT ( 'NONE',  ( 37.49999999999998579, 13.00000000000000000, -25.00000000000000711 ) ) ;
#7380 = CARTESIAN_POINT ( 'NONE',  ( -11.49999999999977440, 13.00000000000000000, -5.000000000000007994 ) ) ;
#7381 = CARTESIAN_POINT ( 'NONE',  ( 15.00000000000000000, 3.000000000000000000, -25.99999999999998934 ) ) ;
#7382 = CIRCLE ( 'NONE', #7952, 1.999999999999994893 ) ;
#7383 = LINE ( 'NONE', #1210, #919 ) ;
#7384 = EDGE_CURVE ( 'NONE', #7183, #4855, #2796, .T. ) ;
#7385 = ADVANCED_FACE ( 'NONE', ( #4843 ), #5611, .T. ) ;
#7386 = DIRECTION ( 'NONE',  ( 0.000000000000000000, 1.000000000000000000, 0.000000000000000000 ) ) ;
#7387 = LINE ( 'NONE', #3329, #8371 ) ;
#7388 = VECTOR ( 'NONE', #1279, 1000.000000000000000 ) ;
#7389 = DIRECTION ( 'NONE',  ( 1.000000000000000000, -0.000000000000000000, 5.337610695313253357E-16 ) ) ;
#7390 = CARTESIAN_POINT ( 'NONE',  ( 35.49999999999977263, 11.00000000000000000, 4.999999999999990230 ) ) ;
#7391 = CARTESIAN_POINT ( 'NONE',  ( -10.50000000000044587, 11.00000000000000000, 14.99999999999999289 ) ) ;
#7392 = VERTEX_POINT ( 'NONE', #6195 ) ;
#7393 = DIRECTION ( 'NONE',  ( -1.000000000000000000, 2.040851148208007998E-16, 0.000000000000000000 ) ) ;
#7394 = VECTOR ( 'NONE', #6056, 1000.000000000000000 ) ;
#7395 = EDGE_CURVE ( 'NONE', #3991, #5963, #1463, .T. ) ;
#7396 = FACE_OUTER_BOUND ( 'NONE', #2663, .T. ) ;
#7397 = DIRECTION ( 'NONE',  ( 0.000000000000000000, 1.000000000000000000, 0.000000000000000000 ) ) ;
#7398 = DIRECTION ( 'NONE',  ( 0.000000000000000000, 1.000000000000000000, 0.000000000000000000 ) ) ;
#7399 = EDGE_CURVE ( 'NONE', #7068, #4135, #784, .T. ) ;
#7400 = CARTESIAN_POINT ( 'NONE',  ( 25.49999999999998224, 11.00000000000000000, -25.00000000000000711 ) ) ;
#7401 = ORIENTED_EDGE ( 'NONE', *, *, #6846, .F. ) ;
#7402 = CARTESIAN_POINT ( 'NONE',  ( 47.49999999999999289, 11.00000000000000000, -25.00000000000000711 ) ) ;
#7403 = ORIENTED_EDGE ( 'NONE', *, *, #643, .T. ) ;
#7404 = VERTEX_POINT ( 'NONE', #2139 ) ;
#7405 = VECTOR ( 'NONE', #8680, 1000.000000000000000 ) ;
#7406 = CARTESIAN_POINT ( 'NONE',  ( 57.50000000000000711, 13.00000000000000000, -17.49999999999999645 ) ) ;
#7407 = EDGE_LOOP ( 'NONE', ( #1806, #2575, #4430, #3135 ) ) ;
#7408 = EDGE_CURVE ( 'NONE', #7255, #1016, #1373, .T. ) ;
#7409 = DIRECTION ( 'NONE',  ( -0.000000000000000000, -1.000000000000000000, -0.000000000000000000 ) ) ;
#7410 = ORIENTED_EDGE ( 'NONE', *, *, #5887, .F. ) ;
#7411 = CARTESIAN_POINT ( 'NONE',  ( 25.50000000000000355, 11.50000000001249489, -42.80511351211194437 ) ) ;
#7412 = DIRECTION ( 'NONE',  ( 1.334402673828313339E-16, -1.000000000000000000, 0.000000000000000000 ) ) ;
#7413 = CARTESIAN_POINT ( 'NONE',  ( -13.49999999999976907, 11.00000000000000000, -5.000000000000007994 ) ) ;
#7414 = VECTOR ( 'NONE', #7597, 1000.000000000000000 ) ;
#7415 = ORIENTED_EDGE ( 'NONE', *, *, #2215, .T. ) ;
#7416 = ORIENTED_EDGE ( 'NONE', *, *, #2670, .T. ) ;
#7417 = ORIENTED_EDGE ( 'NONE', *, *, #5415, .T. ) ;
#7418 = VERTEX_POINT ( 'NONE', #610 ) ;
#7419 = VERTEX_POINT ( 'NONE', #4897 ) ;
#7420 = CIRCLE ( 'NONE', #7571, 3.299999999999999822 ) ;
#7421 = ORIENTED_EDGE ( 'NONE', *, *, #4757, .F. ) ;
#7422 = ORIENTED_EDGE ( 'NONE', *, *, #8675, .T. ) ;
#7423 = DIRECTION ( 'NONE',  ( -0.000000000000000000, -1.000000000000000000, -0.000000000000000000 ) ) ;
#7424 = ADVANCED_FACE ( 'NONE', ( #6101 ), #5430, .F. ) ;
#7425 = DIRECTION ( 'NONE',  ( -0.000000000000000000, -1.000000000000000000, -0.000000000000000000 ) ) ;
#7426 = DIRECTION ( 'NONE',  ( 0.000000000000000000, 1.000000000000000000, -0.000000000000000000 ) ) ;
#7427 = DIRECTION ( 'NONE',  ( 0.000000000000000000, 0.000000000000000000, 1.000000000000000000 ) ) ;
#7428 = CARTESIAN_POINT ( 'NONE',  ( 16.00000000000000000, 2.850603890797211548, -38.93460053902904860 ) ) ;
#7429 = CARTESIAN_POINT ( 'NONE',  ( -25.49999999999977263, 11.00000000000000000, -5.000000000000007994 ) ) ;
#7430 = CIRCLE ( 'NONE', #2815, 1.999999999999994893 ) ;
#7431 = DIRECTION ( 'NONE',  ( 0.000000000000000000, 0.000000000000000000, 1.000000000000000000 ) ) ;
#7432 = DIRECTION ( 'NONE',  ( 0.000000000000000000, 1.000000000000000000, 0.000000000000000000 ) ) ;
#7433 = DIRECTION ( 'NONE',  ( -0.000000000000000000, -1.000000000000000000, -0.000000000000000000 ) ) ;
#7434 = LINE ( 'NONE', #5406, #2542 ) ;
#7435 = CIRCLE ( 'NONE', #7861, 1.999999999999994893 ) ;
#7436 = DIRECTION ( 'NONE',  ( 0.000000000000000000, 0.000000000000000000, 1.000000000000000000 ) ) ;
#7437 = ORIENTED_EDGE ( 'NONE', *, *, #4281, .F. ) ;
#7438 = CARTESIAN_POINT ( 'NONE',  ( 12.99999999999999822, 0.9999999999999956701, 37.00000000000000711 ) ) ;
#7439 = EDGE_CURVE ( 'NONE', #6199, #7404, #1422, .T. ) ;
#7440 = VECTOR ( 'NONE', #5767, 1000.000000000000000 ) ;
#7441 = DIRECTION ( 'NONE',  ( 1.334402673828313339E-16, 1.000000000000000000, 0.000000000000000000 ) ) ;
#7442 = LINE ( 'NONE', #597, #987 ) ;
#7443 = DIRECTION ( 'NONE',  ( 0.000000000000000000, 0.000000000000000000, 1.000000000000000000 ) ) ;
#7444 = AXIS2_PLACEMENT_3D ( 'NONE', #5013, #5057, #7168 ) ;
#7445 = DIRECTION ( 'NONE',  ( -0.000000000000000000, -0.000000000000000000, -1.000000000000000000 ) ) ;
#7446 = ORIENTED_EDGE ( 'NONE', *, *, #5733, .T. ) ;
#7447 = FACE_OUTER_BOUND ( 'NONE', #8775, .T. ) ;
#7448 = AXIS2_PLACEMENT_3D ( 'NONE', #4765, #2012, #621 ) ;
#7449 = EDGE_CURVE ( 'NONE', #779, #7392, #8651, .T. ) ;
#7450 = ORIENTED_EDGE ( 'NONE', *, *, #399, .T. ) ;
#7451 = DIRECTION ( 'NONE',  ( 1.000000000000000000, 0.000000000000000000, 0.000000000000000000 ) ) ;
#7452 = DIRECTION ( 'NONE',  ( -1.000000000000000000, 2.040851148208008491E-16, -0.000000000000000000 ) ) ;
#7453 = ORIENTED_EDGE ( 'NONE', *, *, #3168, .T. ) ;
#7454 = AXIS2_PLACEMENT_3D ( 'NONE', #6630, #5955, #6050 ) ;
#7455 = DIRECTION ( 'NONE',  ( 0.000000000000000000, -0.5000000000000043299, 0.8660254037844362651 ) ) ;
#7456 = ORIENTED_EDGE ( 'NONE', *, *, #5655, .F. ) ;
#7457 = CARTESIAN_POINT ( 'NONE',  ( 48.50000000000024158, 13.00000000000000000, -5.000000000000007994 ) ) ;
#7458 = VECTOR ( 'NONE', #7345, 1000.000000000000000 ) ;
#7459 = CARTESIAN_POINT ( 'NONE',  ( -16.00000000000000000, 0.6679831558732937102, -36.60366976467746269 ) ) ;
#7460 = LINE ( 'NONE', #518, #7586 ) ;
#7461 = ORIENTED_EDGE ( 'NONE', *, *, #898, .T. ) ;
#7462 = VECTOR ( 'NONE', #3841, 1000.000000000000000 ) ;
#7463 = EDGE_LOOP ( 'NONE', ( #2451, #6692, #3346, #7139 ) ) ;
#7464 = ADVANCED_FACE ( 'NONE', ( #8848 ), #2759, .F. ) ;
#7465 = VERTEX_POINT ( 'NONE', #8350 ) ;
#7466 = VERTEX_POINT ( 'NONE', #6911 ) ;
#7467 = EDGE_LOOP ( 'NONE', ( #698, #6511, #8669, #5327 ) ) ;
#7468 = FACE_OUTER_BOUND ( 'NONE', #7322, .T. ) ;
#7469 = CIRCLE ( 'NONE', #850, 1.999999999999994893 ) ;
#7470 = CARTESIAN_POINT ( 'NONE',  ( -49.49999999999957367, 11.00000000000000000, 14.99999999999999289 ) ) ;
#7471 = CARTESIAN_POINT ( 'NONE',  ( 57.49999999999997868, 11.00000000000000000, 17.49999999999999289 ) ) ;
#7472 = EDGE_CURVE ( 'NONE', #6843, #661, #8555, .T. ) ;
#7473 = CARTESIAN_POINT ( 'NONE',  ( 34.50000000000002842, 11.00000000000000000, -15.00000000000001066 ) ) ;
#7474 = CARTESIAN_POINT ( 'NONE',  ( -23.49999999999956302, 13.00000000000000000, 24.99999999999998934 ) ) ;
#7475 = EDGE_CURVE ( 'NONE', #5608, #8529, #2653, .T. ) ;
#7476 = AXIS2_PLACEMENT_3D ( 'NONE', #2136, #6817, #4584 ) ;
#7477 = CARTESIAN_POINT ( 'NONE',  ( -28.99999999999999645, 2.999999999999988898, -36.79999999999999005 ) ) ;
#7478 = CARTESIAN_POINT ( 'NONE',  ( -46.50000000000024869, 11.00000000000000000, -5.000000000000007994 ) ) ;
#7479 = ORIENTED_EDGE ( 'NONE', *, *, #5744, .T. ) ;
#7480 = DIRECTION ( 'NONE',  ( 0.000000000000000000, 0.9659258262890676461, -0.2588190451025227379 ) ) ;
#7481 = DIRECTION ( 'NONE',  ( 0.000000000000000000, 0.000000000000000000, 1.000000000000000000 ) ) ;
#7482 = DIRECTION ( 'NONE',  ( -0.000000000000000000, -1.000000000000000000, -0.000000000000000000 ) ) ;
#7483 = ADVANCED_FACE ( 'NONE', ( #4752 ), #6279, .F. ) ;
#7484 = CARTESIAN_POINT ( 'NONE',  ( 1.499999999999765521, 13.00000000000000000, -5.000000000000007994 ) ) ;
#7485 = ORIENTED_EDGE ( 'NONE', *, *, #6417, .T. ) ;
#7486 = CARTESIAN_POINT ( 'NONE',  ( -49.49999999999998579, 11.00000000000000000, -25.00000000000000711 ) ) ;
#7487 = ORIENTED_EDGE ( 'NONE', *, *, #6721, .T. ) ;
#7488 = EDGE_CURVE ( 'NONE', #2044, #8192, #6836, .T. ) ;
#7489 = LINE ( 'NONE', #4690, #5597 ) ;
#7490 = LINE ( 'NONE', #734, #7025 ) ;
#7491 = DIRECTION ( 'NONE',  ( -1.334402673828313339E-16, -1.000000000000000000, 0.000000000000000000 ) ) ;
#7492 = CARTESIAN_POINT ( 'NONE',  ( 10.50000000000023803, 11.00000000000000000, -5.000000000000007994 ) ) ;
#7493 = CARTESIAN_POINT ( 'NONE',  ( 23.49999999999956302, 11.00000000000000000, 24.99999999999998934 ) ) ;
#7494 = EDGE_LOOP ( 'NONE', ( #2528, #1703, #6961, #3908 ) ) ;
#7495 = EDGE_CURVE ( 'NONE', #5482, #4320, #4214, .T. ) ;
#7496 = VECTOR ( 'NONE', #3289, 1000.000000000000000 ) ;
#7497 = FACE_OUTER_BOUND ( 'NONE', #1146, .T. ) ;
#7498 = ORIENTED_EDGE ( 'NONE', *, *, #1206, .T. ) ;
#7499 = ADVANCED_FACE ( 'NONE', ( #7504 ), #1329, .F. ) ;
#7500 = DIRECTION ( 'NONE',  ( -0.000000000000000000, -1.000000000000000000, -0.000000000000000000 ) ) ;
#7501 = ADVANCED_FACE ( 'NONE', ( #7685 ), #1504, .F. ) ;
#7502 = DIRECTION ( 'NONE',  ( 0.000000000000000000, 1.000000000000000000, 0.000000000000000000 ) ) ;
#7503 = ORIENTED_EDGE ( 'NONE', *, *, #4522, .F. ) ;
#7504 = FACE_OUTER_BOUND ( 'NONE', #8249, .T. ) ;
#7505 = CARTESIAN_POINT ( 'NONE',  ( 36.00000000000000711, 13.00000000000000000, 13.06350832689640207 ) ) ;
#7506 = VECTOR ( 'NONE', #6478, 1000.000000000000000 ) ;
#7507 = LINE ( 'NONE', #7549, #8870 ) ;
#7508 = ORIENTED_EDGE ( 'NONE', *, *, #8672, .F. ) ;
#7509 = ORIENTED_EDGE ( 'NONE', *, *, #4381, .F. ) ;
#7510 = CIRCLE ( 'NONE', #1466, 1.999999999999994893 ) ;
#7511 = ORIENTED_EDGE ( 'NONE', *, *, #2328, .T. ) ;
#7512 = ORIENTED_EDGE ( 'NONE', *, *, #6053, .T. ) ;
#7513 = ORIENTED_EDGE ( 'NONE', *, *, #6691, .T. ) ;
#7514 = CARTESIAN_POINT ( 'NONE',  ( -12.50000000000003197, 13.00000000000000000, -15.00000000000001066 ) ) ;
#7515 = DIRECTION ( 'NONE',  ( 0.000000000000000000, 1.000000000000000000, 0.000000000000000000 ) ) ;
#7516 = EDGE_CURVE ( 'NONE', #2623, #7404, #2943, .T. ) ;
#7517 = CARTESIAN_POINT ( 'NONE',  ( -23.49999999999957012, 11.00000000000000000, 14.99999999999999289 ) ) ;
#7518 = AXIS2_PLACEMENT_3D ( 'NONE', #2800, #6193, #6278 ) ;
#7519 = FACE_OUTER_BOUND ( 'NONE', #791, .T. ) ;
#7520 = VERTEX_POINT ( 'NONE', #829 ) ;
#7521 = CARTESIAN_POINT ( 'NONE',  ( -16.00000000000000000, 2.111318384946025084, -38.71276857034196439 ) ) ;
#7522 = FACE_OUTER_BOUND ( 'NONE', #7494, .T. ) ;
#7523 = ORIENTED_EDGE ( 'NONE', *, *, #2371, .T. ) ;
#7524 = CARTESIAN_POINT ( 'NONE',  ( -10.50000000000003730, 13.00000000000000000, -15.00000000000001066 ) ) ;
#7525 = CARTESIAN_POINT ( 'NONE',  ( -36.50000000000003553, 11.00000000000000000, -15.00000000000001066 ) ) ;
#7526 = CARTESIAN_POINT ( 'NONE',  ( -22.50000000000003908, 11.00000000000000000, -15.00000000000001066 ) ) ;
#7527 = EDGE_CURVE ( 'NONE', #7010, #8567, #935, .T. ) ;
#7528 = CARTESIAN_POINT ( 'NONE',  ( 24.50000000000044409, 13.00000000000000000, 14.99999999999999289 ) ) ;
#7529 = CIRCLE ( 'NONE', #8099, 1.999999999999994893 ) ;
#7530 = ORIENTED_EDGE ( 'NONE', *, *, #4258, .F. ) ;
#7531 = DIRECTION ( 'NONE',  ( 0.000000000000000000, 0.000000000000000000, 1.000000000000000000 ) ) ;
#7532 = CARTESIAN_POINT ( 'NONE',  ( -10.50000000000003020, 11.00000000000000000, -25.00000000000000711 ) ) ;
#7533 = VECTOR ( 'NONE', #7079, 1000.000000000000000 ) ;
#7534 = DIRECTION ( 'NONE',  ( 0.000000000000000000, 0.000000000000000000, 1.000000000000000000 ) ) ;
#7535 = DIRECTION ( 'NONE',  ( 0.000000000000000000, 0.000000000000000000, 1.000000000000000000 ) ) ;
#7536 = CARTESIAN_POINT ( 'NONE',  ( 25.50000000000000355, 13.00000000000000000, -44.85412303015305469 ) ) ;
#7537 = CARTESIAN_POINT ( 'NONE',  ( -13.49999999999997691, 11.00000000000000000, -25.00000000000000711 ) ) ;
#7538 = EDGE_CURVE ( 'NONE', #4020, #3856, #4305, .T. ) ;
#7539 = ORIENTED_EDGE ( 'NONE', *, *, #4704, .F. ) ;
#7540 = CARTESIAN_POINT ( 'NONE',  ( -25.49999999999956302, 11.00000000000000000, 14.99999999999999289 ) ) ;
#7541 = VERTEX_POINT ( 'NONE', #7040 ) ;
#7542 = CARTESIAN_POINT ( 'NONE',  ( 12.00000000000000355, 12.00000000000000000, 26.93649167310357839 ) ) ;
#7543 = EDGE_LOOP ( 'NONE', ( #6890, #8901, #7855, #2688 ) ) ;
#7544 = CARTESIAN_POINT ( 'NONE',  ( -48.50000000000024869, 11.00000000000000000, 4.999999999999990230 ) ) ;
#7545 = CARTESIAN_POINT ( 'NONE',  ( -19.50000000000000355, 10.48627301504142117, -40.98057191452508619 ) ) ;
#7546 = ORIENTED_EDGE ( 'NONE', *, *, #1656, .F. ) ;
#7547 = DIRECTION ( 'NONE',  ( 0.000000000000000000, 0.000000000000000000, 1.000000000000000000 ) ) ;
#7548 = CARTESIAN_POINT ( 'NONE',  ( -16.00000000000000000, 1.425000000000080203, -35.97727586640468900 ) ) ;
#7549 = CARTESIAN_POINT ( 'NONE',  ( 24.00000000000000711, 12.00000000000000000, -13.06350832689631325 ) ) ;
#7550 = ORIENTED_EDGE ( 'NONE', *, *, #3347, .F. ) ;
#7551 = CIRCLE ( 'NONE', #789, 1.999999999999994893 ) ;
#7552 = ORIENTED_EDGE ( 'NONE', *, *, #6068, .T. ) ;
#7553 = EDGE_CURVE ( 'NONE', #8527, #7369, #2468, .T. ) ;
#7554 = VERTEX_POINT ( 'NONE', #6994 ) ;
#7555 = ORIENTED_EDGE ( 'NONE', *, *, #4647, .T. ) ;
#7556 = ORIENTED_EDGE ( 'NONE', *, *, #8880, .F. ) ;
#7557 = DIRECTION ( 'NONE',  ( 0.000000000000000000, 1.000000000000000000, 0.000000000000000000 ) ) ;
#7558 = AXIS2_PLACEMENT_3D ( 'NONE', #2447, #8084, #1821 ) ;
#7559 = DIRECTION ( 'NONE',  ( 0.000000000000000000, 0.000000000000000000, 1.000000000000000000 ) ) ;
#7560 = CARTESIAN_POINT ( 'NONE',  ( 35.49999999999977973, 11.00000000000000000, -5.000000000000007994 ) ) ;
#7561 = DIRECTION ( 'NONE',  ( 0.000000000000000000, 1.000000000000000000, 0.000000000000000000 ) ) ;
#7562 = VERTEX_POINT ( 'NONE', #1797 ) ;
#7563 = ADVANCED_FACE ( 'NONE', ( #2306 ), #7970, .F. ) ;
#7564 = AXIS2_PLACEMENT_3D ( 'NONE', #8412, #5003, #1484 ) ;
#7565 = CARTESIAN_POINT ( 'NONE',  ( -28.99999999999999645, 4.077453969931841726, -39.26333402696494801 ) ) ;
#7566 = EDGE_CURVE ( 'NONE', #7978, #764, #4391, .T. ) ;
#7567 = CARTESIAN_POINT ( 'NONE',  ( -47.49999999999958078, 11.00000000000000000, 14.99999999999999289 ) ) ;
#7568 = ORIENTED_EDGE ( 'NONE', *, *, #1215, .F. ) ;
#7569 = DIRECTION ( 'NONE',  ( 0.000000000000000000, 0.000000000000000000, 1.000000000000000000 ) ) ;
#7570 = CYLINDRICAL_SURFACE ( 'NONE', #6412, 1.999999999999994893 ) ;
#7571 = AXIS2_PLACEMENT_3D ( 'NONE', #2419, #7202, #5048 ) ;
#7572 = DIRECTION ( 'NONE',  ( 0.000000000000000000, 0.000000000000000000, 1.000000000000000000 ) ) ;
#7573 = ORIENTED_EDGE ( 'NONE', *, *, #2247, .F. ) ;
#7574 = ORIENTED_EDGE ( 'NONE', *, *, #821, .F. ) ;
#7575 = CARTESIAN_POINT ( 'NONE',  ( -16.00000000000000000, 2.066384047871631768, -37.33985784499894578 ) ) ;
#7576 = CARTESIAN_POINT ( 'NONE',  ( 12.00000000000000355, 12.00000000000000000, -26.93649167310370629 ) ) ;
#7577 = PERSON ( 'æœª', 'æœª', 'æœª', ('æœª'), ('æœª'), ('æœª') ) ;
#7578 = VECTOR ( 'NONE', #5343, 1000.000000000000000 ) ;
#7579 = EDGE_CURVE ( 'NONE', #1739, #7373, #8481, .T. ) ;
#7580 = CARTESIAN_POINT ( 'NONE',  ( 27.99999999999999645, 13.00000000000000000, -46.65412303015307316 ) ) ;
#7581 = VECTOR ( 'NONE', #1943, 1000.000000000000000 ) ;
#7582 = DIRECTION ( 'NONE',  ( 0.000000000000000000, 0.000000000000000000, 1.000000000000000000 ) ) ;
#7583 = DIRECTION ( 'NONE',  ( -0.000000000000000000, -0.000000000000000000, -1.000000000000000000 ) ) ;
#7584 = CARTESIAN_POINT ( 'NONE',  ( 24.50000000000045119, 13.00000000000000000, 24.99999999999998934 ) ) ;
#7585 = CARTESIAN_POINT ( 'NONE',  ( -47.49999999999998579, 13.00000000000000000, -15.00000000000001066 ) ) ;
#7586 = VECTOR ( 'NONE', #8810, 1000.000000000000000 ) ;
#7587 = ADVANCED_FACE ( 'NONE', ( #3574 ), #7300, .F. ) ;
#7588 = ORIENTED_EDGE ( 'NONE', *, *, #4781, .F. ) ;
#7589 = VECTOR ( 'NONE', #5840, 1000.000000000000000 ) ;
#7590 = VECTOR ( 'NONE', #5137, 1000.000000000000000 ) ;
#7591 = AXIS2_PLACEMENT_3D ( 'NONE', #7695, #6421, #6799 ) ;
#7592 = CARTESIAN_POINT ( 'NONE',  ( 35.49999999999977973, 13.00000000000000000, -5.000000000000007994 ) ) ;
#7593 = VERTEX_POINT ( 'NONE', #7726 ) ;
#7594 = DIRECTION ( 'NONE',  ( 0.000000000000000000, 1.000000000000000000, 0.000000000000000000 ) ) ;
#7595 = DIRECTION ( 'NONE',  ( 0.000000000000000000, 0.000000000000000000, 1.000000000000000000 ) ) ;
#7596 = ORIENTED_EDGE ( 'NONE', *, *, #6908, .T. ) ;
#7597 = DIRECTION ( 'NONE',  ( 0.000000000000000000, 1.000000000000000000, 0.000000000000000000 ) ) ;
#7598 = VECTOR ( 'NONE', #5938, 1000.000000000000000 ) ;
#7599 = CARTESIAN_POINT ( 'NONE',  ( -28.99999999999999645, 2.127779847016116221, -40.29383469084289260 ) ) ;
#7600 = PLANE ( 'NONE',  #4994 ) ;
#7601 = VECTOR ( 'NONE', #3972, 1000.000000000000000 ) ;
#7602 = ORIENTED_EDGE ( 'NONE', *, *, #7221, .T. ) ;
#7603 = ORIENTED_EDGE ( 'NONE', *, *, #5541, .T. ) ;
#7604 = ADVANCED_FACE ( 'NONE', ( #8435 ), #7810, .T. ) ;
#7605 = EDGE_LOOP ( 'NONE', ( #4985, #4950, #1274, #3470 ) ) ;
#7606 = CIRCLE ( 'NONE', #5872, 1.999999999999994893 ) ;
#7607 = EDGE_LOOP ( 'NONE', ( #1951, #7642, #4088, #7002 ) ) ;
#7608 = PLANE ( 'NONE',  #4917 ) ;
#7609 = LINE ( 'NONE', #1516, #1643 ) ;
#7610 = VECTOR ( 'NONE', #5244, 1000.000000000000000 ) ;
#7611 = DIRECTION ( 'NONE',  ( 1.000000000000000000, 1.334402673828313339E-16, -0.000000000000000000 ) ) ;
#7612 = CARTESIAN_POINT ( 'NONE',  ( 46.50000000000024869, 11.00000000000000000, -5.000000000000007994 ) ) ;
#7613 = CIRCLE ( 'NONE', #5161, 1.999999999999994893 ) ;
#7614 = ORIENTED_EDGE ( 'NONE', *, *, #3662, .T. ) ;
#7615 = CARTESIAN_POINT ( 'NONE',  ( -16.00000000000000000, 1.727346460967995823, -38.27258732891774429 ) ) ;
#7616 = PRODUCT_RELATED_PRODUCT_CATEGORY ( 'detail', '', ( #4279 ) ) ;
#7617 = AXIS2_PLACEMENT_3D ( 'NONE', #7312, #6092, #7443 ) ;
#7618 = CYLINDRICAL_SURFACE ( 'NONE', #572, 1.999999999999994893 ) ;
#7619 = ORIENTED_EDGE ( 'NONE', *, *, #7516, .F. ) ;
#7620 = PLANE ( 'NONE',  #7059 ) ;
#7621 = ADVANCED_FACE ( 'NONE', ( #8688 ), #4978, .T. ) ;
#7622 = EDGE_CURVE ( 'NONE', #5071, #1417, #1945, .T. ) ;
#7623 = CARTESIAN_POINT ( 'NONE',  ( 10.50000000000044587, 11.00000000000000000, 14.99999999999999289 ) ) ;
#7624 = LINE ( 'NONE', #8331, #6009 ) ;
#7625 = ORIENTED_EDGE ( 'NONE', *, *, #7690, .T. ) ;
#7626 = VERTEX_POINT ( 'NONE', #3826 ) ;
#7627 = CARTESIAN_POINT ( 'NONE',  ( -16.00000000000000000, 2.218246106614026214, -38.76143378178163346 ) ) ;
#7628 = CIRCLE ( 'NONE', #4891, 1.999999999999994893 ) ;
#7629 = CARTESIAN_POINT ( 'NONE',  ( 48.00000000000001421, 13.00000000000000000, -26.93649167310370629 ) ) ;
#7630 = DIRECTION ( 'NONE',  ( -0.000000000000000000, -0.000000000000000000, 1.000000000000000000 ) ) ;
#7631 = CARTESIAN_POINT ( 'NONE',  ( -25.50000000000000355, 13.00000000000000000, -42.42145001812207994 ) ) ;
#7632 = CARTESIAN_POINT ( 'NONE',  ( 36.00000000000000711, 11.00000000000000000, -26.93649167310370629 ) ) ;
#7633 = DIRECTION ( 'NONE',  ( 0.000000000000000000, 1.000000000000000000, 0.000000000000000000 ) ) ;
#7634 = CARTESIAN_POINT ( 'NONE',  ( 9.999999999999998224, 1.925929944387235853E-31, 37.00000000000000711 ) ) ;
#7635 = VERTEX_POINT ( 'NONE', #6364 ) ;
#7636 = FACE_OUTER_BOUND ( 'NONE', #3480, .T. ) ;
#7637 = VERTEX_POINT ( 'NONE', #3659 ) ;
#7638 = DIRECTION ( 'NONE',  ( 1.000000000000000000, -2.040851148208007998E-16, 0.000000000000000000 ) ) ;
#7639 = ORIENTED_EDGE ( 'NONE', *, *, #6384, .F. ) ;
#7640 = CARTESIAN_POINT ( 'NONE',  ( -0.000000000000000000, 3.000000000000000000, -36.80000000000000426 ) ) ;
#7641 = DIRECTION ( 'NONE',  ( 0.000000000000000000, 0.000000000000000000, 1.000000000000000000 ) ) ;
#7642 = ORIENTED_EDGE ( 'NONE', *, *, #134, .T. ) ;
#7643 = DIRECTION ( 'NONE',  ( 0.000000000000000000, 1.000000000000000000, 0.000000000000000000 ) ) ;
#7644 = ORIENTED_EDGE ( 'NONE', *, *, #2635, .T. ) ;
#7645 = CARTESIAN_POINT ( 'NONE',  ( -28.99999999999999645, 5.473734608291906056, -41.19038056704045658 ) ) ;
#7646 = CARTESIAN_POINT ( 'NONE',  ( 25.50000000000000355, 9.599999999999999645, -40.74309577588133635 ) ) ;
#7647 = ADVANCED_FACE ( 'NONE', ( #8018 ), #242, .F. ) ;
#7648 = ORIENTED_EDGE ( 'NONE', *, *, #4439, .T. ) ;
#7649 = ORIENTED_EDGE ( 'NONE', *, *, #1172, .T. ) ;
#7650 = ORIENTED_EDGE ( 'NONE', *, *, #3347, .T. ) ;
#7651 = VECTOR ( 'NONE', #1788, 1000.000000000000114 ) ;
#7652 = ORIENTED_EDGE ( 'NONE', *, *, #1882, .T. ) ;
#7653 = DIRECTION ( 'NONE',  ( 0.000000000000000000, 1.000000000000000000, 0.000000000000000000 ) ) ;
#7654 = DIRECTION ( 'NONE',  ( -0.000000000000000000, -0.000000000000000000, 1.000000000000000000 ) ) ;
#7655 = DIRECTION ( 'NONE',  ( 0.000000000000000000, 0.000000000000000000, 1.000000000000000000 ) ) ;
#7656 = EDGE_CURVE ( 'NONE', #5834, #8602, #1848, .T. ) ;
#7657 = DIRECTION ( 'NONE',  ( -1.000000000000000000, 0.000000000000000000, 0.000000000000000000 ) ) ;
#7658 = VERTEX_POINT ( 'NONE', #5692 ) ;
#7659 = AXIS2_PLACEMENT_3D ( 'NONE', #39, #2103, #2686 ) ;
#7660 = CARTESIAN_POINT ( 'NONE',  ( -28.99999999999999645, 3.408263017676439688, -39.08402485172864260 ) ) ;
#7661 = DIRECTION ( 'NONE',  ( 0.000000000000000000, 0.000000000000000000, 1.000000000000000000 ) ) ;
#7662 = VERTEX_POINT ( 'NONE', #5026 ) ;
#7663 = CARTESIAN_POINT ( 'NONE',  ( 10.50000000000023803, 13.00000000000000000, -5.000000000000007994 ) ) ;
#7664 = CARTESIAN_POINT ( 'NONE',  ( 34.50000000000024158, 13.00000000000000000, -5.000000000000007994 ) ) ;
#7665 = VECTOR ( 'NONE', #3573, 1000.000000000000000 ) ;
#7666 = CARTESIAN_POINT ( 'NONE',  ( 16.00000000000000000, 2.249999999999988010, -35.50096189432332494 ) ) ;
#7667 = ORIENTED_EDGE ( 'NONE', *, *, #4674, .F. ) ;
#7668 = CARTESIAN_POINT ( 'NONE',  ( -16.00000000000000000, 1.972201459015259228, -37.40997281828823873 ) ) ;
#7669 = DIRECTION ( 'NONE',  ( 0.000000000000000000, 0.000000000000000000, 1.000000000000000000 ) ) ;
#7670 = ORIENTED_EDGE ( 'NONE', *, *, #357, .T. ) ;
#7671 = ADVANCED_FACE ( 'NONE', ( #4387 ), #7128, .F. ) ;
#7672 = CARTESIAN_POINT ( 'NONE',  ( -16.00000000000000000, 2.249999999999988010, -35.50096189432332494 ) ) ;
#7673 = CARTESIAN_POINT ( 'NONE',  ( -24.00000000000000711, 12.00000000000000000, 6.936491673103633460 ) ) ;
#7674 = CARTESIAN_POINT ( 'NONE',  ( -37.49999999999977263, 11.00000000000000000, 4.999999999999990230 ) ) ;
#7675 = ORIENTED_EDGE ( 'NONE', *, *, #8406, .T. ) ;
#7676 = DIRECTION ( 'NONE',  ( 0.000000000000000000, 1.000000000000000000, 0.000000000000000000 ) ) ;
#7677 = ORIENTED_EDGE ( 'NONE', *, *, #4004, .F. ) ;
#7678 = EDGE_CURVE ( 'NONE', #1340, #3490, #1978, .T. ) ;
#7679 = VECTOR ( 'NONE', #6896, 1000.000000000000000 ) ;
#7680 = FACE_OUTER_BOUND ( 'NONE', #3400, .T. ) ;
#7681 = ORIENTED_EDGE ( 'NONE', *, *, #4132, .T. ) ;
#7682 = ADVANCED_FACE ( 'NONE', ( #1213 ), #5456, .F. ) ;
#7683 = CARTESIAN_POINT ( 'NONE',  ( -40.00000000000000000, 0.000000000000000000, -34.99999999999999289 ) ) ;
#7684 = CARTESIAN_POINT ( 'NONE',  ( -12.00000000000000355, 13.00000000000000000, 26.93649167310357839 ) ) ;
#7685 = FACE_OUTER_BOUND ( 'NONE', #6611, .T. ) ;
#7686 = CARTESIAN_POINT ( 'NONE',  ( -16.00000000000000000, 2.183545759703839462, -40.30877712211286479 ) ) ;
#7687 = FACE_OUTER_BOUND ( 'NONE', #2183, .T. ) ;
#7688 = EDGE_LOOP ( 'NONE', ( #3205, #6731, #1851, #998 ) ) ;
#7689 = EDGE_LOOP ( 'NONE', ( #6144, #2348, #7992, #1063, #3795, #8333 ) ) ;
#7690 = EDGE_CURVE ( 'NONE', #5383, #4278, #6404, .T. ) ;
#7691 = CIRCLE ( 'NONE', #2639, 19.49999999999999645 ) ;
#7692 = ORIENTED_EDGE ( 'NONE', *, *, #3155, .F. ) ;
#7693 = VERTEX_POINT ( 'NONE', #6841 ) ;
#7694 = CARTESIAN_POINT ( 'NONE',  ( -59.50000000000000711, 13.00000000000000000, -17.49999999999999289 ) ) ;
#7695 = CARTESIAN_POINT ( 'NONE',  ( 12.50000000000002487, 13.00000000000000000, -25.00000000000000711 ) ) ;
#7696 = CYLINDRICAL_SURFACE ( 'NONE', #5395, 1.999999999999994893 ) ;
#7697 = ORIENTED_EDGE ( 'NONE', *, *, #6053, .F. ) ;
#7698 = LINE ( 'NONE', #7097, #1122 ) ;
#7699 = VERTEX_POINT ( 'NONE', #4013 ) ;
#7700 = CARTESIAN_POINT ( 'NONE',  ( -28.99999999999999645, 4.523581271434882645, -39.38287347712462605 ) ) ;
#7701 = CIRCLE ( 'NONE', #6111, 1.999999999999994893 ) ;
#7702 = EDGE_CURVE ( 'NONE', #8714, #2810, #6043, .T. ) ;
#7703 = CARTESIAN_POINT ( 'NONE',  ( 10.50000000000045297, 11.00000000000000000, 24.99999999999998934 ) ) ;
#7704 = ORIENTED_EDGE ( 'NONE', *, *, #5415, .F. ) ;
#7705 = DIRECTION ( 'NONE',  ( 1.000000000000000000, 0.000000000000000000, -0.000000000000000000 ) ) ;
#7706 = CARTESIAN_POINT ( 'NONE',  ( -22.50000000000045119, 13.00000000000000000, 14.99999999999999289 ) ) ;
#7707 = CARTESIAN_POINT ( 'NONE',  ( 16.00000000000000000, 1.253354137631398579, -36.07877461943752451 ) ) ;
#7708 = CARTESIAN_POINT ( 'NONE',  ( -15.00000000000000000, 9.607699251563854385E-14, -34.99999999999999289 ) ) ;
#7709 = CARTESIAN_POINT ( 'NONE',  ( 28.99999999999999645, 2.999999999999988898, -36.79999999999999005 ) ) ;
#7710 = CARTESIAN_POINT ( 'NONE',  ( 12.99999999999999822, 0.9999999999999956701, 37.00000000000000711 ) ) ;
#7711 = ADVANCED_FACE ( 'NONE', ( #3330 ), #631, .T. ) ;
#7712 = DIRECTION ( 'NONE',  ( -0.000000000000000000, -1.000000000000000000, -0.000000000000000000 ) ) ;
#7713 = AXIS2_PLACEMENT_3D ( 'NONE', #2512, #5278, #3615 ) ;
#7714 = FACE_OUTER_BOUND ( 'NONE', #2093, .T. ) ;
#7715 = CARTESIAN_POINT ( 'NONE',  ( 46.50000000000045475, 13.00000000000000000, 14.99999999999999289 ) ) ;
#7716 = EDGE_CURVE ( 'NONE', #2649, #6847, #3390, .T. ) ;
#7717 = ORIENTED_EDGE ( 'NONE', *, *, #1386, .T. ) ;
#7718 = CARTESIAN_POINT ( 'NONE',  ( -13.49999999999976907, 11.00000000000000000, -5.000000000000007994 ) ) ;
#7719 = EDGE_CURVE ( 'NONE', #513, #3624, #5366, .T. ) ;
#7720 = CIRCLE ( 'NONE', #8864, 1.999999999999994893 ) ;
#7721 = DIRECTION ( 'NONE',  ( 0.000000000000000000, 0.9659258262890676461, -0.2588190451025227379 ) ) ;
#7722 = EDGE_LOOP ( 'NONE', ( #5438, #4614, #5074, #4512, #5168, #8376 ) ) ;
#7723 = LINE ( 'NONE', #1545, #4002 ) ;
#7724 = AXIS2_PLACEMENT_3D ( 'NONE', #3519, #2208, #6318 ) ;
#7725 = CARTESIAN_POINT ( 'NONE',  ( 47.49999999999957367, 11.00000000000000000, 24.99999999999998934 ) ) ;
#7726 = CARTESIAN_POINT ( 'NONE',  ( -46.50000000000024869, 11.00000000000000000, 4.999999999999990230 ) ) ;
#7727 = EDGE_CURVE ( 'NONE', #3900, #2839, #8871, .T. ) ;
#7728 = CARTESIAN_POINT ( 'NONE',  ( -16.00000000000000000, 2.462375323143428663, -40.38348927846264758 ) ) ;
#7729 = VECTOR ( 'NONE', #4661, 1000.000000000000000 ) ;
#7730 = EDGE_CURVE ( 'NONE', #4519, #5548, #8703, .T. ) ;
#7731 = CALENDAR_DATE ( 2026, 20, 8 ) ;
#7732 = AXIS2_PLACEMENT_3D ( 'NONE', #1659, #7879, #4413 ) ;
#7733 = ORIENTED_EDGE ( 'NONE', *, *, #273, .T. ) ;
#7734 = ORIENTED_EDGE ( 'NONE', *, *, #8155, .T. ) ;
#7735 = VECTOR ( 'NONE', #8148, 1000.000000000000000 ) ;
#7736 = EDGE_LOOP ( 'NONE', ( #4359, #5390, #2287, #5971, #1920, #3698 ) ) ;
#7737 = VECTOR ( 'NONE', #8823, 1000.000000000000000 ) ;
#7738 = ORIENTED_EDGE ( 'NONE', *, *, #4804, .F. ) ;
#7739 = DIRECTION ( 'NONE',  ( 1.000000000000000000, 0.000000000000000000, 0.000000000000000000 ) ) ;
#7740 = CARTESIAN_POINT ( 'NONE',  ( -25.50000000000000355, 9.599999999999999645, -44.85412303015305469 ) ) ;
#7741 = CARTESIAN_POINT ( 'NONE',  ( -28.99999999999999645, 1.349999999999985656, -36.02057713659399951 ) ) ;
#7742 = AXIS2_PLACEMENT_3D ( 'NONE', #1374, #1869, #4616 ) ;
#7743 = FACE_OUTER_BOUND ( 'NONE', #6372, .T. ) ;
#7744 = ORIENTED_EDGE ( 'NONE', *, *, #8031, .F. ) ;
#7745 = CARTESIAN_POINT ( 'NONE',  ( 10.50000000000023803, 11.00000000000000000, -5.000000000000007994 ) ) ;
#7746 = CYLINDRICAL_SURFACE ( 'NONE', #715, 1.999999999999994893 ) ;
#7747 = ORIENTED_EDGE ( 'NONE', *, *, #1359, .T. ) ;
#7748 = CARTESIAN_POINT ( 'NONE',  ( 10.50000000000023803, 13.00000000000000000, -5.000000000000007994 ) ) ;
#7749 = VECTOR ( 'NONE', #4253, 1000.000000000000000 ) ;
#7750 = EDGE_CURVE ( 'NONE', #1151, #7822, #3095, .T. ) ;
#7751 = CYLINDRICAL_SURFACE ( 'NONE', #4260, 1.999999999999994893 ) ;
#7752 = CARTESIAN_POINT ( 'NONE',  ( 28.99999999999999645, 0.2366676822689680326, -37.40179607762924263 ) ) ;
#7753 = AXIS2_PLACEMENT_3D ( 'NONE', #8867, #6754, #4771 ) ;
#7754 = EDGE_CURVE ( 'NONE', #8447, #6060, #5695, .T. ) ;
#7755 = CARTESIAN_POINT ( 'NONE',  ( -25.49999999999998224, 13.00000000000000000, -25.00000000000000711 ) ) ;
#7756 = CARTESIAN_POINT ( 'NONE',  ( 28.99999999999999645, 9.430981587972004476, -40.69780742887105873 ) ) ;
#7757 = LINE ( 'NONE', #7710, #6959 ) ;
#7758 = DIRECTION ( 'NONE',  ( -0.000000000000000000, -0.000000000000000000, -1.000000000000000000 ) ) ;
#7759 = LINE ( 'NONE', #2336, #1256 ) ;
#7760 = CIRCLE ( 'NONE', #3437, 1.999999999999994893 ) ;
#7761 = VERTEX_POINT ( 'NONE', #4598 ) ;
#7762 = DIRECTION ( 'NONE',  ( 0.000000000000000000, 0.000000000000000000, 1.000000000000000000 ) ) ;
#7763 = ORIENTED_EDGE ( 'NONE', *, *, #5813, .F. ) ;
#7764 = DIRECTION ( 'NONE',  ( -1.000000000000000000, -0.000000000000000000, -1.156482317317871725E-15 ) ) ;
#7765 = EDGE_CURVE ( 'NONE', #6737, #4393, #4636, .T. ) ;
#7766 = CARTESIAN_POINT ( 'NONE',  ( -48.00000000000001421, 11.00000000000000000, -26.93649167310370629 ) ) ;
#7767 = EDGE_LOOP ( 'NONE', ( #483, #573, #6104, #4698, #324, #237, #5888, #4476, #5116, #2092, #30, #3758, #3545, #5563, #6824, #4390 ) ) ;
#7768 = LINE ( 'NONE', #1587, #6163 ) ;
#7769 = DIRECTION ( 'NONE',  ( 0.000000000000000000, 0.000000000000000000, 1.000000000000000000 ) ) ;
#7770 = DIRECTION ( 'NONE',  ( 1.000000000000000000, 0.000000000000000000, 0.000000000000000000 ) ) ;
#7771 = CARTESIAN_POINT ( 'NONE',  ( -28.99999999999999645, 0.4718339899309914598, -39.18806152621488081 ) ) ;
#7772 = APPROVAL_STATUS ( 'not_yet_approved' ) ;
#7773 = VERTEX_POINT ( 'NONE', #4057 ) ;
#7774 = ORIENTED_EDGE ( 'NONE', *, *, #2382, .F. ) ;
#7775 = EDGE_CURVE ( 'NONE', #4153, #7418, #3375, .T. ) ;
#7776 = ADVANCED_FACE ( 'NONE', ( #6125 ), #5496, .F. ) ;
#7777 = ORIENTED_EDGE ( 'NONE', *, *, #7399, .T. ) ;
#7778 = ORIENTED_EDGE ( 'NONE', *, *, #4292, .F. ) ;
#7779 = CARTESIAN_POINT ( 'NONE',  ( 0.5000000000000213163, 11.00000000000000000, -25.00000000000000711 ) ) ;
#7780 = DIRECTION ( 'NONE',  ( -0.000000000000000000, -1.000000000000000000, -0.000000000000000000 ) ) ;
#7781 = FACE_OUTER_BOUND ( 'NONE', #1904, .T. ) ;
#7782 = VERTEX_POINT ( 'NONE', #1174 ) ;
#7783 = CARTESIAN_POINT ( 'NONE',  ( 3.252606517456513302E-16, 13.00000000000000000, -6.936491673103652111 ) ) ;
#7784 = ORIENTED_EDGE ( 'NONE', *, *, #8320, .T. ) ;
#7785 = ORIENTED_EDGE ( 'NONE', *, *, #7216, .T. ) ;
#7786 = DIRECTION ( 'NONE',  ( 0.000000000000000000, 1.000000000000000000, 0.000000000000000000 ) ) ;
#7787 = AXIS2_PLACEMENT_3D ( 'NONE', #4137, #6205, #6828 ) ;
#7788 = CARTESIAN_POINT ( 'NONE',  ( -35.49999999999956657, 11.00000000000000000, 24.99999999999998934 ) ) ;
#7789 = ORIENTED_EDGE ( 'NONE', *, *, #8234, .T. ) ;
#7790 = CARTESIAN_POINT ( 'NONE',  ( -25.49999999999955946, 11.00000000000000000, 24.99999999999998934 ) ) ;
#7791 = EDGE_CURVE ( 'NONE', #6847, #746, #3290, .T. ) ;
#7792 = CYLINDRICAL_SURFACE ( 'NONE', #6253, 1.999999999999994893 ) ;
#7793 = CARTESIAN_POINT ( 'NONE',  ( 28.99999999999999645, 1.796300844861481449, -40.20286430387066190 ) ) ;
#7794 = LINE ( 'NONE', #1751, #8157 ) ;
#7795 = CARTESIAN_POINT ( 'NONE',  ( 28.99999999999999645, 1.712753976441513171, -37.80003922176079811 ) ) ;
#7796 = FACE_OUTER_BOUND ( 'NONE', #7915, .T. ) ;
#7797 = CARTESIAN_POINT ( 'NONE',  ( 12.50000000000023981, 13.00000000000000000, 4.999999999999990230 ) ) ;
#7798 = EDGE_CURVE ( 'NONE', #1023, #2818, #8132, .T. ) ;
#7799 = AXIS2_PLACEMENT_3D ( 'NONE', #567, #7409, #4656 ) ;
#7800 = CARTESIAN_POINT ( 'NONE',  ( -28.99999999999999645, 1.637502707497124455, -40.14533629492507316 ) ) ;
#7801 = VERTEX_POINT ( 'NONE', #5324 ) ;
#7802 = CARTESIAN_POINT ( 'NONE',  ( 24.00000000000000711, 11.00000000000000000, -6.936491673103652111 ) ) ;
#7803 = ORIENTED_EDGE ( 'NONE', *, *, #2794, .T. ) ;
#7804 = CARTESIAN_POINT ( 'NONE',  ( -14.99999999999997868, 3.000000000000094591, -34.99999999999999289 ) ) ;
#7805 = CARTESIAN_POINT ( 'NONE',  ( 13.00000000000000178, 7.599999999999996092, 37.00000000000000711 ) ) ;
#7806 = EDGE_LOOP ( 'NONE', ( #3063, #1044, #3578, #209 ) ) ;
#7807 = EDGE_CURVE ( 'NONE', #104, #7373, #8063, .T. ) ;
#7808 = CARTESIAN_POINT ( 'NONE',  ( -36.50000000000044764, 11.00000000000000000, 24.99999999999998934 ) ) ;
#7809 = DIRECTION ( 'NONE',  ( 0.000000000000000000, 1.000000000000000000, 0.000000000000000000 ) ) ;
#7810 = PLANE ( 'NONE',  #8560 ) ;
#7811 = DIRECTION ( 'NONE',  ( 0.000000000000000000, 0.000000000000000000, 1.000000000000000000 ) ) ;
#7812 = VECTOR ( 'NONE', #7374, 1000.000000000000000 ) ;
#7813 = EDGE_LOOP ( 'NONE', ( #40, #1603, #1056, #5249 ) ) ;
#7814 = ORIENTED_EDGE ( 'NONE', *, *, #5585, .T. ) ;
#7815 = ORIENTED_EDGE ( 'NONE', *, *, #4477, .F. ) ;
#7816 = VECTOR ( 'NONE', #605, 1000.000000000000000 ) ;
#7817 = ORIENTED_EDGE ( 'NONE', *, *, #2922, .F. ) ;
#7818 = DIRECTION ( 'NONE',  ( 0.000000000000000000, 0.000000000000000000, 1.000000000000000000 ) ) ;
#7819 = DIRECTION ( 'NONE',  ( -0.000000000000000000, -1.000000000000000000, -0.000000000000000000 ) ) ;
#7820 = DIRECTION ( 'NONE',  ( 1.000000000000000000, 0.000000000000000000, -0.000000000000000000 ) ) ;
#7821 = DIRECTION ( 'NONE',  ( 0.000000000000000000, 0.000000000000000000, 1.000000000000000000 ) ) ;
#7822 = VERTEX_POINT ( 'NONE', #545 ) ;
#7823 = EDGE_CURVE ( 'NONE', #8663, #6725, #219, .T. ) ;
#7824 = ORIENTED_EDGE ( 'NONE', *, *, #6898, .F. ) ;
#7825 = VERTEX_POINT ( 'NONE', #7664 ) ;
#7826 = DIRECTION ( 'NONE',  ( 0.000000000000000000, 1.000000000000000000, 0.000000000000000000 ) ) ;
#7827 = DIRECTION ( 'NONE',  ( 0.000000000000000000, 0.000000000000000000, 1.000000000000000000 ) ) ;
#7828 = ORIENTED_EDGE ( 'NONE', *, *, #2056, .T. ) ;
#7829 = LINE ( 'NONE', #8634, #8357 ) ;
#7830 = DIRECTION ( 'NONE',  ( 0.000000000000000000, 0.000000000000000000, 1.000000000000000000 ) ) ;
#7831 = CARTESIAN_POINT ( 'NONE',  ( 28.99999999999999645, 1.960482108952128932, -40.24900739703301866 ) ) ;
#7832 = EDGE_CURVE ( 'NONE', #4379, #2811, #510, .T. ) ;
#7833 = CARTESIAN_POINT ( 'NONE',  ( 48.00000000000001421, 11.00000000000000000, 6.936491673103633460 ) ) ;
#7834 = CARTESIAN_POINT ( 'NONE',  ( 28.99999999999999645, 3.408263017676439688, -39.08402485172864260 ) ) ;
#7835 = ORIENTED_EDGE ( 'NONE', *, *, #3925, .F. ) ;
#7836 = AXIS2_PLACEMENT_3D ( 'NONE', #1694, #2997, #8533 ) ;
#7837 = CYLINDRICAL_SURFACE ( 'NONE', #7253, 1.999999999999994893 ) ;
#7838 = CARTESIAN_POINT ( 'NONE',  ( -47.49999999999977973, 13.00000000000000000, 4.999999999999990230 ) ) ;
#7839 = CARTESIAN_POINT ( 'NONE',  ( -37.49999999999956657, 11.00000000000000000, 14.99999999999999289 ) ) ;
#7840 = AXIS2_PLACEMENT_3D ( 'NONE', #2489, #5255, #7993 ) ;
#7841 = VERTEX_POINT ( 'NONE', #7706 ) ;
#7842 = CARTESIAN_POINT ( 'NONE',  ( 34.50000000000024158, 13.00000000000000000, -5.000000000000007994 ) ) ;
#7843 = VERTEX_POINT ( 'NONE', #2958 ) ;
#7844 = CARTESIAN_POINT ( 'NONE',  ( -2.168404344971008868E-16, 13.00000000000000000, -26.93649167310370629 ) ) ;
#7845 = ADVANCED_FACE ( 'NONE', ( #1397 ), #2239, .F. ) ;
#7846 = AXIS2_PLACEMENT_3D ( 'NONE', #2114, #2825, #4870 ) ;
#7847 = CARTESIAN_POINT ( 'NONE',  ( -40.00000000000000000, 13.00000000000000000, -36.99999999999999289 ) ) ;
#7848 = ORIENTED_EDGE ( 'NONE', *, *, #5573, .F. ) ;
#7849 = DIRECTION ( 'NONE',  ( 0.000000000000000000, 0.000000000000000000, 1.000000000000000000 ) ) ;
#7850 = LINE ( 'NONE', #7180, #2418 ) ;
#7851 = CARTESIAN_POINT ( 'NONE',  ( 37.49999999999977973, 11.00000000000000000, 4.999999999999990230 ) ) ;
#7852 = ADVANCED_FACE ( 'NONE', ( #2913 ), #1442, .F. ) ;
#7853 = FACE_OUTER_BOUND ( 'NONE', #1338, .T. ) ;
#7854 = ORIENTED_EDGE ( 'NONE', *, *, #2598, .T. ) ;
#7855 = ORIENTED_EDGE ( 'NONE', *, *, #3527, .F. ) ;
#7856 = CIRCLE ( 'NONE', #8143, 1.999999999999994893 ) ;
#7857 = CARTESIAN_POINT ( 'NONE',  ( 48.00000000000001421, 11.00000000000000000, -26.93649167310370629 ) ) ;
#7858 = VERTEX_POINT ( 'NONE', #7623 ) ;
#7859 = ORIENTED_EDGE ( 'NONE', *, *, #1058, .T. ) ;
#7860 = CARTESIAN_POINT ( 'NONE',  ( 49.49999999999977263, 13.00000000000000000, 4.999999999999990230 ) ) ;
#7861 = AXIS2_PLACEMENT_3D ( 'NONE', #1064, #2574, #8887 ) ;
#7862 = CARTESIAN_POINT ( 'NONE',  ( 10.00000000000000000, 8.500000000000000000, -37.00000000000000711 ) ) ;
#7863 = CARTESIAN_POINT ( 'NONE',  ( 24.50000000000045119, 11.00000000000000000, 24.99999999999998934 ) ) ;
#7864 = ORIENTED_EDGE ( 'NONE', *, *, #3030, .F. ) ;
#7865 = DIRECTION ( 'NONE',  ( 0.000000000000000000, 0.000000000000000000, 1.000000000000000000 ) ) ;
#7866 = AXIS2_PLACEMENT_3D ( 'NONE', #5280, #7972, #8106 ) ;
#7867 = EDGE_LOOP ( 'NONE', ( #7550, #4289, #7912, #8441, #6098, #1415 ) ) ;
#7868 = ORIENTED_EDGE ( 'NONE', *, *, #1782, .F. ) ;
#7869 = ADVANCED_FACE ( 'NONE', ( #6305 ), #5672, .F. ) ;
#7870 = VERTEX_POINT ( 'NONE', #8330 ) ;
#7871 = CARTESIAN_POINT ( 'NONE',  ( -16.00000000000000000, 1.349999999999987876, -36.02057713659399951 ) ) ;
#7872 = ORIENTED_EDGE ( 'NONE', *, *, #8421, .T. ) ;
#7873 = DIRECTION ( 'NONE',  ( 0.000000000000000000, 1.000000000000000000, 0.000000000000000000 ) ) ;
#7874 = VERTEX_POINT ( 'NONE', #4282 ) ;
#7875 = LINE ( 'NONE', #1706, #3325 ) ;
#7876 = DIRECTION ( 'NONE',  ( 0.000000000000000000, 1.000000000000000000, 0.000000000000000000 ) ) ;
#7877 = VECTOR ( 'NONE', #4916, 1000.000000000000000 ) ;
#7878 = CARTESIAN_POINT ( 'NONE',  ( 16.00000000000000000, 2.183545759703839462, -40.30877712211286479 ) ) ;
#7879 = DIRECTION ( 'NONE',  ( 0.000000000000000000, 1.000000000000000000, 0.000000000000000000 ) ) ;
#7880 = CARTESIAN_POINT ( 'NONE',  ( 16.00000000000000000, 2.999999999999988898, -36.79999999999999005 ) ) ;
#7881 = FACE_BOUND ( 'NONE', #8763, .T. ) ;
#7882 = AXIS2_PLACEMENT_3D ( 'NONE', #5911, #2437, #461 ) ;
#7883 = EDGE_CURVE ( 'NONE', #6343, #5785, #7994, .T. ) ;
#7884 = ADVANCED_FACE ( 'NONE', ( #2162 ), #7751, .F. ) ;
#7885 = CARTESIAN_POINT ( 'NONE',  ( -47.49999999999978684, 11.00000000000000000, -5.000000000000007994 ) ) ;
#7886 = AXIS2_PLACEMENT_3D ( 'NONE', #3602, #1578, #4332 ) ;
#7887 = CARTESIAN_POINT ( 'NONE',  ( -28.99999999999999645, 0.6679831558732971519, -36.60366976467746269 ) ) ;
#7888 = ORIENTED_EDGE ( 'NONE', *, *, #7122, .F. ) ;
#7889 = CARTESIAN_POINT ( 'NONE',  ( -24.00000000000000711, 13.00000000000000000, 6.936491673103633460 ) ) ;
#7890 = EDGE_LOOP ( 'NONE', ( #2898, #1697, #5602, #154, #4893, #7902, #3536, #7984, #6894, #5347 ) ) ;
#7891 = DIRECTION ( 'NONE',  ( 0.000000000000000000, 1.000000000000000000, 0.000000000000000000 ) ) ;
#7892 = VECTOR ( 'NONE', #8072, 1000.000000000000000 ) ;
#7893 = VECTOR ( 'NONE', #365, 1000.000000000000000 ) ;
#7894 = CYLINDRICAL_SURFACE ( 'NONE', #4306, 19.50000000000000355 ) ;
#7895 = EDGE_LOOP ( 'NONE', ( #3002, #3116, #7371, #4220, #1653, #8857, #2725 ) ) ;
#7896 = CIRCLE ( 'NONE', #3868, 1.999999999999994893 ) ;
#7897 = DIRECTION ( 'NONE',  ( -1.000000000000000000, 0.000000000000000000, -0.000000000000000000 ) ) ;
#7898 = CARTESIAN_POINT ( 'NONE',  ( -11.49999999999998224, 13.00000000000000000, -25.00000000000000711 ) ) ;
#7899 = ADVANCED_FACE ( 'NONE', ( #2781 ), #7570, .F. ) ;
#7900 = CARTESIAN_POINT ( 'NONE',  ( -13.00000000000000178, 4.299999999999999822, 47.00000000000000711 ) ) ;
#7901 = ORIENTED_EDGE ( 'NONE', *, *, #1496, .T. ) ;
#7902 = ORIENTED_EDGE ( 'NONE', *, *, #5038, .T. ) ;
#7903 = CARTESIAN_POINT ( 'NONE',  ( -11.49999999999956657, 13.00000000000000000, 14.99999999999999289 ) ) ;
#7904 = EDGE_LOOP ( 'NONE', ( #5932, #2515, #5102, #1719, #8451, #5629 ) ) ;
#7905 = EDGE_CURVE ( 'NONE', #5906, #951, #4233, .T. ) ;
#7906 = ORIENTED_EDGE ( 'NONE', *, *, #4096, .T. ) ;
#7907 = DIRECTION ( 'NONE',  ( 6.938893903907234689E-15, 1.000000000000000000, 0.000000000000000000 ) ) ;
#7908 = FACE_OUTER_BOUND ( 'NONE', #6873, .T. ) ;
#7909 = DIRECTION ( 'NONE',  ( 0.000000000000000000, 0.000000000000000000, 1.000000000000000000 ) ) ;
#7910 = CARTESIAN_POINT ( 'NONE',  ( -48.00000000000001421, 12.00000000000000000, 26.93649167310357839 ) ) ;
#7911 = VERTEX_POINT ( 'NONE', #1571 ) ;
#7912 = ORIENTED_EDGE ( 'NONE', *, *, #2987, .T. ) ;
#7913 = ORIENTED_EDGE ( 'NONE', *, *, #6549, .F. ) ;
#7914 = DIRECTION ( 'NONE',  ( 0.000000000000000000, 0.000000000000000000, 1.000000000000000000 ) ) ;
#7915 = EDGE_LOOP ( 'NONE', ( #1455, #5712, #4353, #8066, #3631, #7906, #2201, #4768 ) ) ;
#7916 = CARTESIAN_POINT ( 'NONE',  ( 48.50000000000046185, 13.00000000000000000, 24.99999999999998934 ) ) ;
#7917 = ORIENTED_EDGE ( 'NONE', *, *, #4838, .F. ) ;
#7918 = DIRECTION ( 'NONE',  ( -1.000000000000000000, -2.040851148208008491E-16, -0.000000000000000000 ) ) ;
#7919 = EDGE_CURVE ( 'NONE', #8655, #2204, #807, .T. ) ;
#7920 = LINE ( 'NONE', #2460, #4835 ) ;
#7921 = CARTESIAN_POINT ( 'NONE',  ( 28.99999999999999645, 0.1607325623971178896, -37.86491972910407355 ) ) ;
#7922 = DIRECTION ( 'NONE',  ( 2.040851148208008491E-16, 1.000000000000000000, 0.000000000000000000 ) ) ;
#7923 = CARTESIAN_POINT ( 'NONE',  ( 28.99999999999999645, 2.255235076473549150, -38.77432382219299001 ) ) ;
#7924 = AXIS2_PLACEMENT_3D ( 'NONE', #2559, #587, #4011 ) ;
#7925 = DIRECTION ( 'NONE',  ( 0.000000000000000000, 1.000000000000000000, 0.000000000000000000 ) ) ;
#7926 = DIRECTION ( 'NONE',  ( -1.000000000000000000, 0.000000000000000000, 0.000000000000000000 ) ) ;
#7927 = AXIS2_PLACEMENT_3D ( 'NONE', #8223, #2054, #2099 ) ;
#7928 = LINE ( 'NONE', #7116, #5291 ) ;
#7929 = ORIENTED_EDGE ( 'NONE', *, *, #3155, .T. ) ;
#7930 = PLANE ( 'NONE',  #2673 ) ;
#7931 = ORIENTED_EDGE ( 'NONE', *, *, #5470, .T. ) ;
#7932 = DIRECTION ( 'NONE',  ( -0.000000000000000000, -1.000000000000000000, -0.000000000000000000 ) ) ;
#7933 = EDGE_CURVE ( 'NONE', #8527, #1583, #46, .T. ) ;
#7934 = CIRCLE ( 'NONE', #2895, 1.999999999999994893 ) ;
#7935 = CARTESIAN_POINT ( 'NONE',  ( -49.49999999999956657, 11.00000000000000000, 24.99999999999998934 ) ) ;
#7936 = ORIENTED_EDGE ( 'NONE', *, *, #3003, .F. ) ;
#7937 = CARTESIAN_POINT ( 'NONE',  ( 28.99999999999999645, 12.25881904510877440, -41.45552419184464554 ) ) ;
#7938 = CARTESIAN_POINT ( 'NONE',  ( 47.49999999999957367, 13.00000000000000000, 24.99999999999998934 ) ) ;
#7939 = DIRECTION ( 'NONE',  ( -0.000000000000000000, -1.000000000000000000, -0.000000000000000000 ) ) ;
#7940 = SHAPE_DEFINITION_REPRESENTATION ( #4850, #7135 ) ;
#7941 = VECTOR ( 'NONE', #1420, 1000.000000000000000 ) ;
#7942 = EDGE_CURVE ( 'NONE', #5080, #6449, #7063, .T. ) ;
#7943 = ORIENTED_EDGE ( 'NONE', *, *, #6916, .T. ) ;
#7944 = ORIENTED_EDGE ( 'NONE', *, *, #1582, .F. ) ;
#7945 = EDGE_CURVE ( 'NONE', #4730, #2141, #2091, .T. ) ;
#7946 = CARTESIAN_POINT ( 'NONE',  ( -29.99999999999997868, 3.000000000000191847, -36.99999999999999289 ) ) ;
#7947 = ORIENTED_EDGE ( 'NONE', *, *, #1405, .F. ) ;
#7948 = EDGE_LOOP ( 'NONE', ( #1962, #1447, #4042, #6680 ) ) ;
#7949 = CARTESIAN_POINT ( 'NONE',  ( -34.50000000000002842, 13.00000000000000000, -25.00000000000000711 ) ) ;
#7950 = DIRECTION ( 'NONE',  ( 0.000000000000000000, 1.000000000000000000, 0.000000000000000000 ) ) ;
#7951 = CARTESIAN_POINT ( 'NONE',  ( -22.50000000000024869, 11.00000000000000000, 4.999999999999990230 ) ) ;
#7952 = AXIS2_PLACEMENT_3D ( 'NONE', #7988, #3757, #467 ) ;
#7953 = ORIENTED_EDGE ( 'NONE', *, *, #7750, .T. ) ;
#7954 = ORIENTED_EDGE ( 'NONE', *, *, #5713, .F. ) ;
#7955 = EDGE_CURVE ( 'NONE', #768, #559, #2065, .T. ) ;
#7956 = DIRECTION ( 'NONE',  ( 0.000000000000000000, -0.8660254037844389297, -0.4999999999999993339 ) ) ;
#7957 = CIRCLE ( 'NONE', #3642, 1.999999999999994893 ) ;
#7958 = ORIENTED_EDGE ( 'NONE', *, *, #6761, .T. ) ;
#7959 = DIRECTION ( 'NONE',  ( 0.000000000000000000, 1.000000000000000000, 0.000000000000000000 ) ) ;
#7960 = VERTEX_POINT ( 'NONE', #5590 ) ;
#7961 = DIRECTION ( 'NONE',  ( -0.000000000000000000, -0.000000000000000000, 1.000000000000000000 ) ) ;
#7962 = DIRECTION ( 'NONE',  ( 1.000000000000000000, -0.000000000000000000, -0.000000000000000000 ) ) ;
#7963 = CARTESIAN_POINT ( 'NONE',  ( 28.99999999999999645, 12.61177143234621489, -43.10301176958667924 ) ) ;
#7964 = EDGE_CURVE ( 'NONE', #4366, #5972, #6258, .T. ) ;
#7965 = CARTESIAN_POINT ( 'NONE',  ( 10.00000000000000000, 7.599999999999996092, 37.00000000000000711 ) ) ;
#7966 = CARTESIAN_POINT ( 'NONE',  ( 16.00000000000000000, 2.404476589293947697, -38.81506108886917872 ) ) ;
#7967 = CARTESIAN_POINT ( 'NONE',  ( 19.50000000000000355, 10.48627301504142117, -40.98057191452508619 ) ) ;
#7968 = ADVANCED_FACE ( 'NONE', ( #3597 ), #4456, .F. ) ;
#7969 = CARTESIAN_POINT ( 'NONE',  ( 25.49999999999977263, 13.00000000000000000, -5.000000000000007994 ) ) ;
#7970 = CYLINDRICAL_SURFACE ( 'NONE', #502, 1.999999999999994893 ) ;
#7971 = LINE ( 'NONE', #8689, #4425 ) ;
#7972 = DIRECTION ( 'NONE',  ( -0.000000000000000000, -1.000000000000000000, -0.000000000000000000 ) ) ;
#7973 = ORIENTED_EDGE ( 'NONE', *, *, #6147, .T. ) ;
#7974 = DIRECTION ( 'NONE',  ( 0.000000000000000000, 0.000000000000000000, 1.000000000000000000 ) ) ;
#7975 = VECTOR ( 'NONE', #7052, 1000.000000000000000 ) ;
#7976 = EDGE_CURVE ( 'NONE', #2386, #2204, #5134, .T. ) ;
#7977 = CARTESIAN_POINT ( 'NONE',  ( 36.00000000000000711, 12.00000000000000000, 26.93649167310357839 ) ) ;
#7978 = VERTEX_POINT ( 'NONE', #6565 ) ;
#7979 = AXIS2_PLACEMENT_3D ( 'NONE', #2770, #8269, #2100 ) ;
#7980 = DIRECTION ( 'NONE',  ( 0.000000000000000000, 1.000000000000000000, 0.000000000000000000 ) ) ;
#7981 = ADVANCED_FACE ( 'NONE', ( #5183 ), #3733, .F. ) ;
#7982 = DIRECTION ( 'NONE',  ( -1.000000000000000000, 0.000000000000000000, 0.000000000000000000 ) ) ;
#7983 = FACE_BOUND ( 'NONE', #2453, .T. ) ;
#7984 = ORIENTED_EDGE ( 'NONE', *, *, #1741, .T. ) ;
#7985 = AXIS2_PLACEMENT_3D ( 'NONE', #1599, #380, #8448 ) ;
#7986 = APPROVAL ( #5915, 'æœª' ) ;
#7987 = ORIENTED_EDGE ( 'NONE', *, *, #7798, .F. ) ;
#7988 = CARTESIAN_POINT ( 'NONE',  ( -35.49999999999957367, 13.00000000000000000, 14.99999999999999289 ) ) ;
#7989 = VERTEX_POINT ( 'NONE', #6479 ) ;
#7990 = EDGE_CURVE ( 'NONE', #7699, #3213, #7420, .T. ) ;
#7991 = EDGE_CURVE ( 'NONE', #5354, #8129, #8279, .T. ) ;
#7992 = ORIENTED_EDGE ( 'NONE', *, *, #6524, .T. ) ;
#7993 = DIRECTION ( 'NONE',  ( 0.000000000000000000, 0.000000000000000000, 1.000000000000000000 ) ) ;
#7994 = CIRCLE ( 'NONE', #7846, 1.999999999999994893 ) ;
#7995 = CYLINDRICAL_SURFACE ( 'NONE', #2524, 1.000000000000000888 ) ;
#7996 = DIRECTION ( 'NONE',  ( 0.000000000000000000, 0.9659258262890676461, -0.2588190451025227379 ) ) ;
#7997 = ORIENTED_EDGE ( 'NONE', *, *, #5531, .F. ) ;
#7998 = ORIENTED_EDGE ( 'NONE', *, *, #8559, .T. ) ;
#7999 = CIRCLE ( 'NONE', #3415, 1.999999999999994893 ) ;
#8000 = ORIENTED_EDGE ( 'NONE', *, *, #2918, .T. ) ;
#8001 = CARTESIAN_POINT ( 'NONE',  ( 34.50000000000044764, 11.00000000000000000, 14.99999999999999289 ) ) ;
#8002 = ORIENTED_EDGE ( 'NONE', *, *, #1815, .T. ) ;
#8003 = AXIS2_PLACEMENT_3D ( 'NONE', #1045, #1136, #1001 ) ;
#8004 = CARTESIAN_POINT ( 'NONE',  ( -57.49999999999999289, 0.000000000000000000, 17.50000000000001066 ) ) ;
#8005 = EDGE_LOOP ( 'NONE', ( #6137, #384, #2633, #7744, #5480, #7824, #3189, #6812, #4072, #2992, #5934, #1302 ) ) ;
#8006 = DIRECTION ( 'NONE',  ( 0.000000000000000000, 0.000000000000000000, -1.000000000000000000 ) ) ;
#8007 = AXIS2_PLACEMENT_3D ( 'NONE', #6269, #4113, #3605 ) ;
#8008 = CARTESIAN_POINT ( 'NONE',  ( 57.49999999999998579, 11.00000000000000000, -17.50000000000001066 ) ) ;
#8009 = PLANE ( 'NONE',  #3122 ) ;
#8010 = CIRCLE ( 'NONE', #1396, 1.999999999999994893 ) ;
#8011 = CARTESIAN_POINT ( 'NONE',  ( -1.499999999999557243, 11.00000000000000000, 14.99999999999999289 ) ) ;
#8012 = CIRCLE ( 'NONE', #8439, 1.999999999999994893 ) ;
#8013 = DIRECTION ( 'NONE',  ( 0.000000000000000000, 0.000000000000000000, 1.000000000000000000 ) ) ;
#8014 = CARTESIAN_POINT ( 'NONE',  ( -28.99999999999999645, 2.137499999999888267, -37.29796460717613371 ) ) ;
#8015 = AXIS2_PLACEMENT_3D ( 'NONE', #2126, #7633, #1451 ) ;
#8016 = DIRECTION ( 'NONE',  ( 1.000000000000000000, 0.000000000000000000, -0.000000000000000000 ) ) ;
#8017 = CARTESIAN_POINT ( 'NONE',  ( 35.49999999999956657, 13.00000000000000000, 24.99999999999998934 ) ) ;
#8018 = FACE_OUTER_BOUND ( 'NONE', #6351, .T. ) ;
#8019 = CARTESIAN_POINT ( 'NONE',  ( -16.00000000000000000, 11.49999999999999822, -45.65412303015307316 ) ) ;
#8020 = EDGE_CURVE ( 'NONE', #4123, #6668, #5895, .T. ) ;
#8021 = CARTESIAN_POINT ( 'NONE',  ( 47.49999999999998579, 13.00000000000000000, -15.00000000000001066 ) ) ;
#8022 = AXIS2_PLACEMENT_3D ( 'NONE', #2354, #5120, #1107 ) ;
#8023 = VERTEX_POINT ( 'NONE', #2369 ) ;
#8024 = CARTESIAN_POINT ( 'NONE',  ( -22.50000000000045119, 11.00000000000000000, 14.99999999999999289 ) ) ;
#8025 = CARTESIAN_POINT ( 'NONE',  ( 15.00000000000000000, 3.000000000000000000, -34.99999999999999289 ) ) ;
#8026 = VERTEX_POINT ( 'NONE', #3047 ) ;
#8027 = CARTESIAN_POINT ( 'NONE',  ( 10.50000000000003020, 13.00000000000000000, -25.00000000000000711 ) ) ;
#8028 = DIRECTION ( 'NONE',  ( 0.000000000000000000, 0.000000000000000000, 1.000000000000000000 ) ) ;
#8029 = CIRCLE ( 'NONE', #4721, 1.999999999999994893 ) ;
#8030 = CARTESIAN_POINT ( 'NONE',  ( 10.50000000000003020, 11.00000000000000000, -25.00000000000000711 ) ) ;
#8031 = EDGE_CURVE ( 'NONE', #636, #8382, #7920, .T. ) ;
#8032 = AXIS2_PLACEMENT_3D ( 'NONE', #772, #814, #4963 ) ;
#8033 = ORIENTED_EDGE ( 'NONE', *, *, #2130, .T. ) ;
#8034 = ORIENTED_EDGE ( 'NONE', *, *, #1721, .F. ) ;
#8035 = VECTOR ( 'NONE', #6631, 1000.000000000000000 ) ;
#8036 = DIRECTION ( 'NONE',  ( 0.000000000000000000, 0.000000000000000000, 1.000000000000000000 ) ) ;
#8037 = ORIENTED_EDGE ( 'NONE', *, *, #6916, .F. ) ;
#8038 = DIRECTION ( 'NONE',  ( -0.000000000000000000, -1.000000000000000000, -0.000000000000000000 ) ) ;
#8039 = ORIENTED_EDGE ( 'NONE', *, *, #2094, .F. ) ;
#8040 = CARTESIAN_POINT ( 'NONE',  ( 46.50000000000004263, 11.00000000000000000, -15.00000000000001066 ) ) ;
#8041 = FACE_OUTER_BOUND ( 'NONE', #3244, .T. ) ;
#8042 = DIRECTION ( 'NONE',  ( -0.000000000000000000, -0.000000000000000000, -1.000000000000000000 ) ) ;
#8043 = VECTOR ( 'NONE', #262, 1000.000000000000000 ) ;
#8044 = EDGE_LOOP ( 'NONE', ( #6100, #3466, #1200, #8500 ) ) ;
#8045 = VERTEX_POINT ( 'NONE', #8545 ) ;
#8046 = ORIENTED_EDGE ( 'NONE', *, *, #3527, .T. ) ;
#8047 = ORIENTED_EDGE ( 'NONE', *, *, #7538, .F. ) ;
#8048 = EDGE_CURVE ( 'NONE', #2009, #7699, #4497, .T. ) ;
#8049 = EDGE_CURVE ( 'NONE', #2204, #3405, #949, .T. ) ;
#8050 = LINE ( 'NONE', #1874, #7812 ) ;
#8051 = VERTEX_POINT ( 'NONE', #1708 ) ;
#8052 = ORIENTED_EDGE ( 'NONE', *, *, #4522, .T. ) ;
#8053 = LINE ( 'NONE', #4586, #7651 ) ;
#8054 = CARTESIAN_POINT ( 'NONE',  ( 24.00000000000000711, 11.00000000000000000, -13.06350832689631325 ) ) ;
#8055 = CARTESIAN_POINT ( 'NONE',  ( -28.99999999999999645, 2.139749951070284428, -38.74412779994228373 ) ) ;
#8056 = CARTESIAN_POINT ( 'NONE',  ( -11.49999999999976730, 11.00000000000000000, 4.999999999999990230 ) ) ;
#8057 = DIRECTION ( 'NONE',  ( -0.000000000000000000, -1.000000000000000000, -0.000000000000000000 ) ) ;
#8058 = EDGE_CURVE ( 'NONE', #5649, #292, #3775, .T. ) ;
#8059 = CARTESIAN_POINT ( 'NONE',  ( -28.99999999999999645, 1.972201459015259228, -37.40997281828823873 ) ) ;
#8060 = ADVANCED_FACE ( 'NONE', ( #3184 ), #7792, .F. ) ;
#8061 = DIRECTION ( 'NONE',  ( 1.000000000000000000, 1.334402673828313339E-16, 0.000000000000000000 ) ) ;
#8062 = CARTESIAN_POINT ( 'NONE',  ( 24.00000000000000711, 12.00000000000000000, 6.936491673103633460 ) ) ;
#8063 = LINE ( 'NONE', #1890, #364 ) ;
#8064 = CARTESIAN_POINT ( 'NONE',  ( 25.49999999999956302, 11.00000000000000000, 24.99999999999998579 ) ) ;
#8065 = CARTESIAN_POINT ( 'NONE',  ( 22.50000000000000000, 11.50000000001249312, -42.80511351211193016 ) ) ;
#8066 = ORIENTED_EDGE ( 'NONE', *, *, #7055, .T. ) ;
#8067 = CARTESIAN_POINT ( 'NONE',  ( 47.49999999999978684, 13.00000000000000000, -5.000000000000007994 ) ) ;
#8068 = EDGE_CURVE ( 'NONE', #5866, #702, #4368, .T. ) ;
#8069 = AXIS2_PLACEMENT_3D ( 'NONE', #3867, #441, #8006 ) ;
#8070 = CARTESIAN_POINT ( 'NONE',  ( -24.50000000000002842, 11.00000000000000000, -25.00000000000000711 ) ) ;
#8071 = CYLINDRICAL_SURFACE ( 'NONE', #5594, 1.999999999999994893 ) ;
#8072 = DIRECTION ( 'NONE',  ( 1.000000000000000000, 0.000000000000000000, 0.000000000000000000 ) ) ;
#8073 = CARTESIAN_POINT ( 'NONE',  ( -13.49999999999996980, 11.00000000000000000, -15.00000000000001066 ) ) ;
#8074 = CARTESIAN_POINT ( 'NONE',  ( -16.00000000000000000, -11.41562369461536441, -45.65412303015307316 ) ) ;
#8075 = ORIENTED_EDGE ( 'NONE', *, *, #8841, .F. ) ;
#8076 = AXIS2_PLACEMENT_3D ( 'NONE', #3216, #8762, #2717 ) ;
#8077 = ORIENTED_EDGE ( 'NONE', *, *, #4662, .F. ) ;
#8078 = EDGE_CURVE ( 'NONE', #7593, #1071, #1789, .T. ) ;
#8079 = LINE ( 'NONE', #8207, #6948 ) ;
#8080 = ORIENTED_EDGE ( 'NONE', *, *, #2266, .T. ) ;
#8081 = FACE_OUTER_BOUND ( 'NONE', #6937, .T. ) ;
#8082 = ORIENTED_EDGE ( 'NONE', *, *, #7248, .F. ) ;
#8083 = AXIS2_PLACEMENT_3D ( 'NONE', #3938, #4705, #6099 ) ;
#8084 = DIRECTION ( 'NONE',  ( 0.000000000000000000, 1.000000000000000000, 0.000000000000000000 ) ) ;
#8085 = CARTESIAN_POINT ( 'NONE',  ( -16.00000000000000000, 1.443749999999963229, -35.96645054885747328 ) ) ;
#8086 = CARTESIAN_POINT ( 'NONE',  ( 37.49999999999977263, 11.00000000000000000, 4.999999999999990230 ) ) ;
#8087 = EDGE_LOOP ( 'NONE', ( #3648, #2261, #5636, #4995, #8176, #7815, #5507 ) ) ;
#8088 = ORIENTED_EDGE ( 'NONE', *, *, #2382, .T. ) ;
#8089 = VERTEX_POINT ( 'NONE', #2289 ) ;
#8090 = ORIENTED_EDGE ( 'NONE', *, *, #2258, .T. ) ;
#8091 = VERTEX_POINT ( 'NONE', #3869 ) ;
#8092 = ORIENTED_EDGE ( 'NONE', *, *, #1483, .F. ) ;
#8093 = LINE ( 'NONE', #8679, #3754 ) ;
#8094 = EDGE_CURVE ( 'NONE', #755, #1877, #1935, .T. ) ;
#8095 = DIRECTION ( 'NONE',  ( 0.000000000000000000, 0.000000000000000000, 1.000000000000000000 ) ) ;
#8096 = DIRECTION ( 'NONE',  ( 0.000000000000000000, -1.000000000000000000, 0.000000000000000000 ) ) ;
#8097 = DIRECTION ( 'NONE',  ( 0.000000000000000000, 1.000000000000000000, 0.000000000000000000 ) ) ;
#8098 = CARTESIAN_POINT ( 'NONE',  ( 16.00000000000000000, 4.523581271434882645, -39.38287347712463315 ) ) ;
#8099 = AXIS2_PLACEMENT_3D ( 'NONE', #6700, #8057, #1884 ) ;
#8100 = LINE ( 'NONE', #3915, #2211 ) ;
#8101 = LINE ( 'NONE', #1928, #7458 ) ;
#8102 = DIRECTION ( 'NONE',  ( 0.000000000000000000, 1.000000000000000000, 0.000000000000000000 ) ) ;
#8103 = EDGE_CURVE ( 'NONE', #427, #2699, #7262, .T. ) ;
#8104 = CARTESIAN_POINT ( 'NONE',  ( 16.00000000000000000, 2.292944763917989626, -38.78517622632946171 ) ) ;
#8105 = CARTESIAN_POINT ( 'NONE',  ( -16.00000000000000355, 0.1936761563810888986, -37.86181590882448234 ) ) ;
#8106 = DIRECTION ( 'NONE',  ( 0.000000000000000000, 0.000000000000000000, 1.000000000000000000 ) ) ;
#8107 = EDGE_LOOP ( 'NONE', ( #7125, #3672, #4273, #8811 ) ) ;
#8108 = DIRECTION ( 'NONE',  ( 0.000000000000000000, 1.000000000000000000, 0.000000000000000000 ) ) ;
#8109 = AXIS2_PLACEMENT_3D ( 'NONE', #1972, #2509, #2556 ) ;
#8110 = PLANE ( 'NONE',  #1565 ) ;
#8111 = DIRECTION ( 'NONE',  ( 0.000000000000000000, 0.000000000000000000, 1.000000000000000000 ) ) ;
#8112 = DIRECTION ( 'NONE',  ( -0.000000000000000000, -1.000000000000000000, -0.000000000000000000 ) ) ;
#8113 = DIRECTION ( 'NONE',  ( 1.000000000000000000, 0.000000000000000000, -0.000000000000000000 ) ) ;
#8114 = ADVANCED_FACE ( 'NONE', ( #5846 ), #939, .F. ) ;
#8115 = DIRECTION ( 'NONE',  ( 0.000000000000000000, 1.000000000000000000, 0.000000000000000000 ) ) ;
#8116 = EDGE_LOOP ( 'NONE', ( #7244, #3939, #7187, #5616, #3899, #2950 ) ) ;
#8117 = ORIENTED_EDGE ( 'NONE', *, *, #8378, .T. ) ;
#8118 = FACE_OUTER_BOUND ( 'NONE', #5176, .T. ) ;
#8119 = VERTEX_POINT ( 'NONE', #7159 ) ;
#8120 = EDGE_CURVE ( 'NONE', #118, #7960, #3364, .T. ) ;
#8121 = LINE ( 'NONE', #7363, #753 ) ;
#8122 = VERTEX_POINT ( 'NONE', #8054 ) ;
#8123 = CARTESIAN_POINT ( 'NONE',  ( 25.50000000000000355, 11.37254603007775877, -41.21804805317503906 ) ) ;
#8124 = CARTESIAN_POINT ( 'NONE',  ( -16.00000000000000000, 0.2366676822689662840, -37.40179607762923553 ) ) ;
#8125 = DIRECTION ( 'NONE',  ( 2.040851148208008245E-16, -1.000000000000000000, 0.000000000000000000 ) ) ;
#8126 = EDGE_CURVE ( 'NONE', #651, #1867, #5396, .T. ) ;
#8127 = AXIS2_PLACEMENT_3D ( 'NONE', #3170, #5924, #5302 ) ;
#8128 = ORIENTED_EDGE ( 'NONE', *, *, #2526, .F. ) ;
#8129 = VERTEX_POINT ( 'NONE', #6073 ) ;
#8130 = ORIENTED_EDGE ( 'NONE', *, *, #8685, .T. ) ;
#8131 = ORIENTED_EDGE ( 'NONE', *, *, #6795, .F. ) ;
#8132 = CIRCLE ( 'NONE', #2661, 1.999999999999994893 ) ;
#8133 = EDGE_CURVE ( 'NONE', #1817, #2187, #1250, .T. ) ;
#8134 = ORIENTED_EDGE ( 'NONE', *, *, #12, .F. ) ;
#8135 = ORIENTED_EDGE ( 'NONE', *, *, #3076, .T. ) ;
#8136 = DIRECTION ( 'NONE',  ( 0.000000000000000000, 0.000000000000000000, 1.000000000000000000 ) ) ;
#8137 = CARTESIAN_POINT ( 'NONE',  ( -40.00000000000002132, 11.00000000000000000, -35.00000000000000711 ) ) ;
#8138 = FACE_OUTER_BOUND ( 'NONE', #7147, .T. ) ;
#8139 = EDGE_CURVE ( 'NONE', #5482, #7466, #4001, .T. ) ;
#8140 = CARTESIAN_POINT ( 'NONE',  ( -46.50000000000024869, 13.00000000000000000, -5.000000000000007994 ) ) ;
#8141 = CARTESIAN_POINT ( 'NONE',  ( 16.00000000000000000, 2.432359545637705622, -38.82253230450416481 ) ) ;
#8142 = CARTESIAN_POINT ( 'NONE',  ( -28.99999999999999645, 1.686341760833640180, -37.96112570923076390 ) ) ;
#8143 = AXIS2_PLACEMENT_3D ( 'NONE', #5147, #4463, #7212 ) ;
#8144 = DIRECTION ( 'NONE',  ( 0.000000000000000000, 0.000000000000000000, 1.000000000000000000 ) ) ;
#8145 = DIRECTION ( 'NONE',  ( 0.000000000000000000, 0.000000000000000000, 1.000000000000000000 ) ) ;
#8146 = CIRCLE ( 'NONE', #1672, 1.999999999999994893 ) ;
#8147 = CARTESIAN_POINT ( 'NONE',  ( 12.50000000000044054, 11.00000000000000000, 14.99999999999999289 ) ) ;
#8148 = DIRECTION ( 'NONE',  ( 0.000000000000000000, 1.000000000000000000, 0.000000000000000000 ) ) ;
#8149 = EDGE_CURVE ( 'NONE', #2431, #5149, #1879, .T. ) ;
#8150 = AXIS2_PLACEMENT_3D ( 'NONE', #7540, #5419, #8754 ) ;
#8151 = DIRECTION ( 'NONE',  ( 0.000000000000000000, -0.000000000000000000, 1.000000000000000000 ) ) ;
#8152 = ORIENTED_EDGE ( 'NONE', *, *, #2505, .F. ) ;
#8153 = DIRECTION ( 'NONE',  ( 0.000000000000000000, 1.000000000000000000, 0.000000000000000000 ) ) ;
#8154 = CIRCLE ( 'NONE', #1687, 1.999999999999994893 ) ;
#8155 = EDGE_CURVE ( 'NONE', #6914, #4818, #4672, .T. ) ;
#8156 = EDGE_CURVE ( 'NONE', #4666, #5522, #4720, .T. ) ;
#8157 = VECTOR ( 'NONE', #6521, 1000.000000000000000 ) ;
#8158 = CARTESIAN_POINT ( 'NONE',  ( -30.00000000000000000, 1.921539850312770877E-13, -36.99999999999999289 ) ) ;
#8159 = DIRECTION ( 'NONE',  ( 0.000000000000000000, 1.000000000000000000, 0.000000000000000000 ) ) ;
#8160 = FACE_OUTER_BOUND ( 'NONE', #19, .T. ) ;
#8161 = AXIS2_PLACEMENT_3D ( 'NONE', #4058, #3376, #6126 ) ;
#8162 = CARTESIAN_POINT ( 'NONE',  ( 24.50000000000003553, 13.00000000000000000, -15.00000000000001066 ) ) ;
#8163 = CARTESIAN_POINT ( 'NONE',  ( 22.50000000000045119, 11.00000000000000000, 14.99999999999999289 ) ) ;
#8164 = ORIENTED_EDGE ( 'NONE', *, *, #5054, .F. ) ;
#8165 = CARTESIAN_POINT ( 'NONE',  ( 12.99999999999999822, 0.9999999999999947820, 47.00000000000001421 ) ) ;
#8166 = ORIENTED_EDGE ( 'NONE', *, *, #7488, .T. ) ;
#8167 = AXIS2_PLACEMENT_3D ( 'NONE', #4161, #1224, #7535 ) ;
#8168 = EDGE_CURVE ( 'NONE', #3755, #1201, #3279, .T. ) ;
#8169 = CYLINDRICAL_SURFACE ( 'NONE', #2005, 1.999999999999994893 ) ;
#8170 = DIRECTION ( 'NONE',  ( 0.000000000000000000, 0.000000000000000000, 1.000000000000000000 ) ) ;
#8171 = ORIENTED_EDGE ( 'NONE', *, *, #2809, .F. ) ;
#8172 = DIRECTION ( 'NONE',  ( -1.000000000000000000, 0.000000000000000000, 0.000000000000000000 ) ) ;
#8173 = VECTOR ( 'NONE', #5055, 1000.000000000000000 ) ;
#8174 = FACE_OUTER_BOUND ( 'NONE', #8620, .T. ) ;
#8175 = CARTESIAN_POINT ( 'NONE',  ( 46.50000000000024869, 11.00000000000000000, 4.999999999999990230 ) ) ;
#8176 = ORIENTED_EDGE ( 'NONE', *, *, #2956, .F. ) ;
#8177 = ORIENTED_EDGE ( 'NONE', *, *, #8522, .T. ) ;
#8178 = AXIS2_PLACEMENT_3D ( 'NONE', #7260, #3837, #6585 ) ;
#8179 = EDGE_CURVE ( 'NONE', #3017, #6578, #6036, .T. ) ;
#8180 = ORIENTED_EDGE ( 'NONE', *, *, #643, .F. ) ;
#8181 = ORIENTED_EDGE ( 'NONE', *, *, #8120, .T. ) ;
#8182 = ORIENTED_EDGE ( 'NONE', *, *, #1496, .F. ) ;
#8183 = DIRECTION ( 'NONE',  ( 1.000000000000000000, 0.000000000000000000, -0.000000000000000000 ) ) ;
#8184 = VECTOR ( 'NONE', #5128, 1000.000000000000000 ) ;
#8185 = CARTESIAN_POINT ( 'NONE',  ( 0.5000000000002364775, 13.00000000000000000, 4.999999999999990230 ) ) ;
#8186 = DIRECTION ( 'NONE',  ( -1.000000000000000000, -0.000000000000000000, -0.000000000000000000 ) ) ;
#8187 = CARTESIAN_POINT ( 'NONE',  ( -48.50000000000003553, 11.00000000000000000, -25.00000000000000711 ) ) ;
#8188 = EDGE_LOOP ( 'NONE', ( #1024, #6835, #6504, #5838, #3317, #8788, #7814, #7859, #2674, #6140, #6947, #2755 ) ) ;
#8189 = CARTESIAN_POINT ( 'NONE',  ( -28.99999999999999645, 2.200000941738147642, -38.75431407995100841 ) ) ;
#8190 = EDGE_CURVE ( 'NONE', #7272, #6875, #4047, .T. ) ;
#8191 = DIRECTION ( 'NONE',  ( 0.000000000000000000, 0.000000000000000000, 1.000000000000000000 ) ) ;
#8192 = VERTEX_POINT ( 'NONE', #7470 ) ;
#8193 = DIRECTION ( 'NONE',  ( 0.000000000000000000, 1.000000000000000000, 0.000000000000000000 ) ) ;
#8194 = DIRECTION ( 'NONE',  ( 0.000000000000000000, 1.000000000000000000, 0.000000000000000000 ) ) ;
#8195 = CARTESIAN_POINT ( 'NONE',  ( -37.49999999999998579, 11.00000000000000000, -25.00000000000000711 ) ) ;
#8196 = CARTESIAN_POINT ( 'NONE',  ( 16.00000000000000000, 0.8994957518147027598, -36.35680491046148433 ) ) ;
#8197 = ORIENTED_EDGE ( 'NONE', *, *, #4015, .T. ) ;
#8198 = CARTESIAN_POINT ( 'NONE',  ( 1.499999999999557243, 13.00000000000000000, 14.99999999999999289 ) ) ;
#8199 = DIRECTION ( 'NONE',  ( 0.000000000000000000, 1.000000000000000000, 0.000000000000000000 ) ) ;
#8200 = FACE_OUTER_BOUND ( 'NONE', #93, .T. ) ;
#8201 = DIRECTION ( 'NONE',  ( 0.000000000000000000, 0.000000000000000000, 1.000000000000000000 ) ) ;
#8202 = CARTESIAN_POINT ( 'NONE',  ( 0.000000000000000000, 12.00000000000000000, 26.93649167310357839 ) ) ;
#8203 = EDGE_CURVE ( 'NONE', #8045, #2283, #7551, .T. ) ;
#8204 = LINE ( 'NONE', #3345, #7581 ) ;
#8205 = ORIENTED_EDGE ( 'NONE', *, *, #8156, .F. ) ;
#8206 = VECTOR ( 'NONE', #2064, 1000.000000000000000 ) ;
#8207 = CARTESIAN_POINT ( 'NONE',  ( -1.499999999999765521, 11.00000000000000000, -5.000000000000007994 ) ) ;
#8208 = ORIENTED_EDGE ( 'NONE', *, *, #3048, .F. ) ;
#8209 = DIRECTION ( 'NONE',  ( -0.000000000000000000, -1.000000000000000000, -0.000000000000000000 ) ) ;
#8210 = CARTESIAN_POINT ( 'NONE',  ( -19.50000000000000355, 12.25881904511126130, -41.45552419183535164 ) ) ;
#8211 = ORIENTED_EDGE ( 'NONE', *, *, #5632, .F. ) ;
#8212 = CARTESIAN_POINT ( 'NONE',  ( 25.49999999999998224, 11.00000000000000000, -25.00000000000000711 ) ) ;
#8213 = CARTESIAN_POINT ( 'NONE',  ( -16.00000000000000000, 1.637502707497192178, -40.14533629492507316 ) ) ;
#8214 = EDGE_CURVE ( 'NONE', #33, #7870, #6830, .T. ) ;
#8215 = VECTOR ( 'NONE', #1162, 1000.000000000000000 ) ;
#8216 = CARTESIAN_POINT ( 'NONE',  ( -36.50000000000002842, 13.00000000000000000, -25.00000000000000711 ) ) ;
#8217 = ORIENTED_EDGE ( 'NONE', *, *, #2324, .T. ) ;
#8218 = EDGE_CURVE ( 'NONE', #920, #6107, #3321, .T. ) ;
#8219 = ORIENTED_EDGE ( 'NONE', *, *, #7333, .T. ) ;
#8220 = AXIS2_PLACEMENT_3D ( 'NONE', #4226, #6966, #799 ) ;
#8221 = EDGE_LOOP ( 'NONE', ( #8627, #6956, #2869, #2621 ) ) ;
#8222 = ORIENTED_EDGE ( 'NONE', *, *, #6324, .T. ) ;
#8223 = CARTESIAN_POINT ( 'NONE',  ( -11.49999999999955946, 11.00000000000000000, 24.99999999999998934 ) ) ;
#8224 = DIRECTION ( 'NONE',  ( 0.000000000000000000, 0.9659258262890676461, -0.2588190451025227379 ) ) ;
#8225 = DIRECTION ( 'NONE',  ( 0.000000000000000000, 0.000000000000000000, 1.000000000000000000 ) ) ;
#8226 = ADVANCED_FACE ( 'NONE', ( #2503 ), #3232, .F. ) ;
#8227 = AXIS2_PLACEMENT_3D ( 'NONE', #5453, #8102, #8784 ) ;
#8228 = DIRECTION ( 'NONE',  ( 0.000000000000000000, 0.000000000000000000, 1.000000000000000000 ) ) ;
#8229 = VERTEX_POINT ( 'NONE', #1164 ) ;
#8230 = CARTESIAN_POINT ( 'NONE',  ( -28.99999999999999645, 2.516008414669898663, -38.84494595140929363 ) ) ;
#8231 = LINE ( 'NONE', #8367, #3875 ) ;
#8232 = ORIENTED_EDGE ( 'NONE', *, *, #8590, .T. ) ;
#8233 = CARTESIAN_POINT ( 'NONE',  ( 10.00000000000000000, 7.599999999999996092, 37.00000000000000711 ) ) ;
#8234 = EDGE_CURVE ( 'NONE', #2937, #3550, #3380, .T. ) ;
#8235 = CARTESIAN_POINT ( 'NONE',  ( 11.49999999999977440, 11.00000000000000000, -5.000000000000007994 ) ) ;
#8236 = CARTESIAN_POINT ( 'NONE',  ( 19.50000000000000355, 10.23333333333527051, -42.46571120169331692 ) ) ;
#8237 = VECTOR ( 'NONE', #4074, 1000.000000000000000 ) ;
#8238 = ORIENTED_EDGE ( 'NONE', *, *, #2130, .F. ) ;
#8239 = CARTESIAN_POINT ( 'NONE',  ( -16.00000000000000000, 1.950516754515283058, -38.59919385456366570 ) ) ;
#8240 = DIRECTION ( 'NONE',  ( 0.000000000000000000, -0.8660254037844389297, -0.4999999999999993339 ) ) ;
#8241 = VECTOR ( 'NONE', #1500, 1000.000000000000000 ) ;
#8242 = DIRECTION ( 'NONE',  ( -0.000000000000000000, -1.000000000000000000, -0.000000000000000000 ) ) ;
#8243 = DIRECTION ( 'NONE',  ( 0.000000000000000000, 1.000000000000000000, 0.000000000000000000 ) ) ;
#8244 = DIRECTION ( 'NONE',  ( -1.000000000000000000, 0.000000000000000000, -0.000000000000000000 ) ) ;
#8245 = DIRECTION ( 'NONE',  ( 0.000000000000000000, 0.000000000000000000, 1.000000000000000000 ) ) ;
#8246 = VERTEX_POINT ( 'NONE', #5443 ) ;
#8247 = LINE ( 'NONE', #909, #3256 ) ;
#8248 = EDGE_CURVE ( 'NONE', #606, #617, #4671, .T. ) ;
#8249 = EDGE_LOOP ( 'NONE', ( #5001, #7074, #4315, #5217 ) ) ;
#8250 = CIRCLE ( 'NONE', #8109, 1.900000000000001465 ) ;
#8251 = DIRECTION ( 'NONE',  ( 0.000000000000000000, 0.000000000000000000, 1.000000000000000000 ) ) ;
#8252 = ORIENTED_EDGE ( 'NONE', *, *, #943, .F. ) ;
#8253 = CARTESIAN_POINT ( 'NONE',  ( -13.49999999999996980, 13.00000000000000000, -15.00000000000001066 ) ) ;
#8254 = CARTESIAN_POINT ( 'NONE',  ( -35.49999999999999289, 13.00000000000000000, -25.00000000000000711 ) ) ;
#8255 = EDGE_LOOP ( 'NONE', ( #708, #2617, #5281, #1090, #8855, #5960 ) ) ;
#8256 = CARTESIAN_POINT ( 'NONE',  ( -25.50000000000000355, 11.50000000001249489, -42.80511351211194437 ) ) ;
#8257 = CARTESIAN_POINT ( 'NONE',  ( -28.99999999999999645, 1.974423587124068513, -40.25274300485050816 ) ) ;
#8258 = DIRECTION ( 'NONE',  ( 0.000000000000000000, 0.000000000000000000, -1.000000000000000000 ) ) ;
#8259 = CC_DESIGN_DATE_AND_TIME_ASSIGNMENT ( #1592, #4348, ( #2156 ) ) ;
#8260 = VERTEX_POINT ( 'NONE', #1342 ) ;
#8261 = VECTOR ( 'NONE', #8450, 1000.000000000000000 ) ;
#8262 = ORIENTED_EDGE ( 'NONE', *, *, #5370, .F. ) ;
#8263 = EDGE_CURVE ( 'NONE', #5972, #4874, #4090, .T. ) ;
#8264 = EDGE_CURVE ( 'NONE', #8051, #6779, #3079, .T. ) ;
#8265 = ORIENTED_EDGE ( 'NONE', *, *, #7791, .F. ) ;
#8266 = ORIENTED_EDGE ( 'NONE', *, *, #2991, .T. ) ;
#8267 = ORIENTED_EDGE ( 'NONE', *, *, #400, .F. ) ;
#8268 = DIRECTION ( 'NONE',  ( 0.000000000000000000, 0.000000000000000000, 1.000000000000000000 ) ) ;
#8269 = DIRECTION ( 'NONE',  ( 0.000000000000000000, -0.000000000000000000, 1.000000000000000000 ) ) ;
#8270 = DIRECTION ( 'NONE',  ( 0.000000000000000000, 0.000000000000000000, -1.000000000000000000 ) ) ;
#8271 = DIRECTION ( 'NONE',  ( 0.000000000000000000, 1.000000000000000000, 0.000000000000000000 ) ) ;
#8272 = ORIENTED_EDGE ( 'NONE', *, *, #5554, .T. ) ;
#8273 = AXIS2_PLACEMENT_3D ( 'NONE', #8147, #1351, #2604 ) ;
#8274 = CARTESIAN_POINT ( 'NONE',  ( -28.99999999999999645, 6.754217778952477325, -39.98057072792637001 ) ) ;
#8275 = DIRECTION ( 'NONE',  ( 0.000000000000000000, 0.000000000000000000, 1.000000000000000000 ) ) ;
#8276 = ORIENTED_EDGE ( 'NONE', *, *, #5685, .F. ) ;
#8277 = CARTESIAN_POINT ( 'NONE',  ( -49.49999999999957367, 11.00000000000000000, 14.99999999999999289 ) ) ;
#8278 = DIRECTION ( 'NONE',  ( 0.000000000000000000, 0.000000000000000000, 1.000000000000000000 ) ) ;
#8279 = CIRCLE ( 'NONE', #3677, 1.999999999999994893 ) ;
#8280 = FACE_OUTER_BOUND ( 'NONE', #6862, .T. ) ;
#8281 = ORIENTED_EDGE ( 'NONE', *, *, #8539, .T. ) ;
#8282 = DIRECTION ( 'NONE',  ( 0.000000000000000000, 1.000000000000000000, 0.000000000000000000 ) ) ;
#8283 = CYLINDRICAL_SURFACE ( 'NONE', #4073, 1.999999999999994893 ) ;
#8284 = CARTESIAN_POINT ( 'NONE',  ( 10.00000000000000000, 8.500000000000000000, -37.00000000000000711 ) ) ;
#8285 = AXIS2_PLACEMENT_3D ( 'NONE', #3742, #3830, #410 ) ;
#8286 = VECTOR ( 'NONE', #4574, 1000.000000000000000 ) ;
#8287 = CARTESIAN_POINT ( 'NONE',  ( 12.50000000000002487, 11.00000000000000000, -25.00000000000000711 ) ) ;
#8288 = ADVANCED_FACE ( 'NONE', ( #2594 ), #5356, .F. ) ;
#8289 = CIRCLE ( 'NONE', #816, 1.999999999999994893 ) ;
#8290 = DIRECTION ( 'NONE',  ( 0.000000000000000000, -1.000000000000000000, 0.000000000000000000 ) ) ;
#8291 = LINE ( 'NONE', #7673, #5854 ) ;
#8292 = FACE_OUTER_BOUND ( 'NONE', #3229, .T. ) ;
#8293 = AXIS2_PLACEMENT_3D ( 'NONE', #8021, #4551, #2564 ) ;
#8294 = VERTEX_POINT ( 'NONE', #4857 ) ;
#8295 = DIRECTION ( 'NONE',  ( -0.000000000000000000, -1.000000000000000000, -0.000000000000000000 ) ) ;
#8296 = CC_DESIGN_SECURITY_CLASSIFICATION ( #8878, ( #8444 ) ) ;
#8297 = VERTEX_POINT ( 'NONE', #3587 ) ;
#8298 = AXIS2_PLACEMENT_3D ( 'NONE', #3004, #5177, #7196 ) ;
#8299 = VECTOR ( 'NONE', #1445, 1000.000000000000000 ) ;
#8300 = CIRCLE ( 'NONE', #8581, 1.999999999999994893 ) ;
#8301 = FACE_OUTER_BOUND ( 'NONE', #1644, .T. ) ;
#8302 = ORIENTED_EDGE ( 'NONE', *, *, #2205, .T. ) ;
#8303 = ADVANCED_FACE ( 'NONE', ( #1475 ), #7696, .F. ) ;
#8304 = LINE ( 'NONE', #8677, #3585 ) ;
#8305 = CARTESIAN_POINT ( 'NONE',  ( -37.49999999999977973, 13.00000000000000000, -5.000000000000007994 ) ) ;
#8306 = ORIENTED_EDGE ( 'NONE', *, *, #3581, .T. ) ;
#8307 = DIRECTION ( 'NONE',  ( 0.000000000000000000, 1.000000000000000000, 0.000000000000000000 ) ) ;
#8308 = AXIS2_PLACEMENT_3D ( 'NONE', #2152, #6295, #5532 ) ;
#8309 = CARTESIAN_POINT ( 'NONE',  ( -28.99999999999999645, 4.135352703781100203, -40.83176221655822502 ) ) ;
#8310 = DIRECTION ( 'NONE',  ( -1.000000000000000000, 0.000000000000000000, -1.156482317317871528E-15 ) ) ;
#8311 = ORIENTED_EDGE ( 'NONE', *, *, #6437, .T. ) ;
#8312 = ORIENTED_EDGE ( 'NONE', *, *, #7727, .F. ) ;
#8313 = ORIENTED_EDGE ( 'NONE', *, *, #160, .F. ) ;
#8314 = VECTOR ( 'NONE', #4729, 1000.000000000000000 ) ;
#8315 = ORIENTED_EDGE ( 'NONE', *, *, #5185, .F. ) ;
#8316 = CARTESIAN_POINT ( 'NONE',  ( -46.50000000000004263, 11.00000000000000000, -25.00000000000000711 ) ) ;
#8317 = CARTESIAN_POINT ( 'NONE',  ( -13.49999999999976907, 11.00000000000000000, -5.000000000000007994 ) ) ;
#8318 = AXIS2_PLACEMENT_3D ( 'NONE', #3474, #6133, #4643 ) ;
#8319 = DIRECTION ( 'NONE',  ( 0.000000000000000000, 0.000000000000000000, 1.000000000000000000 ) ) ;
#8320 = EDGE_CURVE ( 'NONE', #170, #7761, #7609, .T. ) ;
#8321 = EDGE_CURVE ( 'NONE', #2649, #3846, #354, .T. ) ;
#8322 = DIRECTION ( 'NONE',  ( 0.000000000000000000, 0.000000000000000000, 1.000000000000000000 ) ) ;
#8323 = CIRCLE ( 'NONE', #8178, 1.999999999999994893 ) ;
#8324 = ORIENTED_EDGE ( 'NONE', *, *, #752, .F. ) ;
#8325 = CARTESIAN_POINT ( 'NONE',  ( -16.00000000000000000, 2.362652154777850733, -38.80385426541691629 ) ) ;
#8326 = AXIS2_PLACEMENT_3D ( 'NONE', #7355, #598, #4606 ) ;
#8327 = FACE_OUTER_BOUND ( 'NONE', #4571, .T. ) ;
#8328 = EDGE_LOOP ( 'NONE', ( #2900, #4295, #3625, #4342, #3712, #7229 ) ) ;
#8329 = FACE_OUTER_BOUND ( 'NONE', #8477, .T. ) ;
#8330 = CARTESIAN_POINT ( 'NONE',  ( 37.49999999999956657, 11.00000000000000000, 24.99999999999998579 ) ) ;
#8331 = CARTESIAN_POINT ( 'NONE',  ( 22.50000000000024869, 11.00000000000000000, 4.999999999999990230 ) ) ;
#8332 = EDGE_CURVE ( 'NONE', #804, #2937, #4182, .T. ) ;
#8333 = ORIENTED_EDGE ( 'NONE', *, *, #6656, .F. ) ;
#8334 = CARTESIAN_POINT ( 'NONE',  ( -16.00000000000000000, 1.817375721940008404, -37.58788730880411322 ) ) ;
#8335 = VECTOR ( 'NONE', #4912, 1000.000000000000000 ) ;
#8336 = CARTESIAN_POINT ( 'NONE',  ( 16.00000000000000000, 2.292944763917986073, -38.78517622632946882 ) ) ;
#8337 = EDGE_CURVE ( 'NONE', #388, #2361, #6336, .T. ) ;
#8338 = VERTEX_POINT ( 'NONE', #1561 ) ;
#8339 = CARTESIAN_POINT ( 'NONE',  ( 35.49999999999999289, 13.00000000000000000, -25.00000000000000711 ) ) ;
#8340 = PLANE ( 'NONE',  #1137 ) ;
#8341 = DIRECTION ( 'NONE',  ( 0.000000000000000000, 1.000000000000000000, 0.000000000000000000 ) ) ;
#8342 = ORIENTED_EDGE ( 'NONE', *, *, #4048, .T. ) ;
#8343 = CARTESIAN_POINT ( 'NONE',  ( 49.49999999999977263, 11.00000000000000000, 4.999999999999990230 ) ) ;
#8344 = ADVANCED_FACE ( 'NONE', ( #6293 ), #6162, .F. ) ;
#8345 = EDGE_LOOP ( 'NONE', ( #6361, #7625, #3946, #3863 ) ) ;
#8346 = DIRECTION ( 'NONE',  ( 0.000000000000000000, 0.000000000000000000, 1.000000000000000000 ) ) ;
#8347 = VERTEX_POINT ( 'NONE', #2151 ) ;
#8348 = CARTESIAN_POINT ( 'NONE',  ( -48.00000000000001421, 12.00000000000000000, 13.06350832689640207 ) ) ;
#8349 = DIRECTION ( 'NONE',  ( 0.000000000000000000, 0.000000000000000000, 1.000000000000000000 ) ) ;
#8350 = CARTESIAN_POINT ( 'NONE',  ( -29.99999999999997868, 3.000000000000190958, -34.99999999999999289 ) ) ;
#8351 = CARTESIAN_POINT ( 'NONE',  ( -16.00000000000000000, 5.473734608291906056, -41.19038056704046369 ) ) ;
#8352 = CARTESIAN_POINT ( 'NONE',  ( -25.50000000000000355, 11.50000000000000000, -41.65412303015307316 ) ) ;
#8353 = ORIENTED_EDGE ( 'NONE', *, *, #6946, .F. ) ;
#8354 = EDGE_CURVE ( 'NONE', #8663, #4440, #168, .T. ) ;
#8355 = VERTEX_POINT ( 'NONE', #5530 ) ;
#8356 = ORIENTED_EDGE ( 'NONE', *, *, #6045, .T. ) ;
#8357 = VECTOR ( 'NONE', #7961, 1000.000000000000000 ) ;
#8358 = VERTEX_POINT ( 'NONE', #757 ) ;
#8359 = LINE ( 'NONE', #7694, #7357 ) ;
#8360 = LINE ( 'NONE', #167, #5148 ) ;
#8361 = CARTESIAN_POINT ( 'NONE',  ( 12.50000000000023981, 11.00000000000000000, 4.999999999999990230 ) ) ;
#8362 = CARTESIAN_POINT ( 'NONE',  ( 34.50000000000024158, 11.00000000000000000, 4.999999999999990230 ) ) ;
#8363 = ORIENTED_EDGE ( 'NONE', *, *, #5322, .T. ) ;
#8364 = AXIS2_PLACEMENT_3D ( 'NONE', #3395, #6148, #5475 ) ;
#8365 = CARTESIAN_POINT ( 'NONE',  ( -16.00000000000000000, 2.850603890797211548, -38.93460053902904860 ) ) ;
#8366 = EDGE_CURVE ( 'NONE', #292, #7822, #7701, .T. ) ;
#8367 = CARTESIAN_POINT ( 'NONE',  ( 0.000000000000000000, 12.00000000000000000, -26.93649167310370629 ) ) ;
#8368 = ORIENTED_EDGE ( 'NONE', *, *, #3366, .T. ) ;
#8369 = LINE ( 'NONE', #5671, #7077 ) ;
#8370 = DIRECTION ( 'NONE',  ( 0.000000000000000000, 0.000000000000000000, 1.000000000000000000 ) ) ;
#8371 = VECTOR ( 'NONE', #6042, 1000.000000000000000 ) ;
#8372 = CARTESIAN_POINT ( 'NONE',  ( 16.00000000000000000, 1.386317537029645441, -35.99958673730500891 ) ) ;
#8373 = ORIENTED_EDGE ( 'NONE', *, *, #2106, .F. ) ;
#8374 = CARTESIAN_POINT ( 'NONE',  ( -24.50000000000024514, 11.00000000000000000, 4.999999999999990230 ) ) ;
#8375 = DIRECTION ( 'NONE',  ( 0.000000000000000000, 1.000000000000000000, 0.000000000000000000 ) ) ;
#8376 = ORIENTED_EDGE ( 'NONE', *, *, #5526, .F. ) ;
#8377 = EDGE_CURVE ( 'NONE', #2752, #2059, #2229, .T. ) ;
#8378 = EDGE_CURVE ( 'NONE', #4717, #2131, #6879, .T. ) ;
#8379 = DIRECTION ( 'NONE',  ( 0.000000000000000000, 1.000000000000000000, 0.000000000000000000 ) ) ;
#8380 = DIRECTION ( 'NONE',  ( 0.000000000000000000, 1.000000000000000000, 0.000000000000000000 ) ) ;
#8381 = CARTESIAN_POINT ( 'NONE',  ( 25.49999999999956302, 13.00000000000000000, 14.99999999999999289 ) ) ;
#8382 = VERTEX_POINT ( 'NONE', #7741 ) ;
#8383 = CARTESIAN_POINT ( 'NONE',  ( -25.49999999999998224, 11.00000000000000000, -15.00000000000001066 ) ) ;
#8384 = VECTOR ( 'NONE', #8013, 1000.000000000000000 ) ;
#8385 = DIRECTION ( 'NONE',  ( 0.000000000000000000, 0.000000000000000000, 1.000000000000000000 ) ) ;
#8386 = VERTEX_POINT ( 'NONE', #4318 ) ;
#8387 = DIRECTION ( 'NONE',  ( -1.000000000000000000, -0.000000000000000000, -0.000000000000000000 ) ) ;
#8388 = EDGE_CURVE ( 'NONE', #7335, #6232, #3454, .T. ) ;
#8389 = DIRECTION ( 'NONE',  ( 0.000000000000000000, 1.000000000000000000, 0.000000000000000000 ) ) ;
#8390 = DIRECTION ( 'NONE',  ( 0.000000000000000000, 0.000000000000000000, 1.000000000000000000 ) ) ;
#8391 = CARTESIAN_POINT ( 'NONE',  ( -28.99999999999999645, 0.8994957518147062014, -36.35680491046148433 ) ) ;
#8392 = FACE_OUTER_BOUND ( 'NONE', #8044, .T. ) ;
#8393 = EDGE_LOOP ( 'NONE', ( #2315, #4926, #8281, #8513, #4324, #4312, #7330 ) ) ;
#8394 = EDGE_LOOP ( 'NONE', ( #5803, #2001, #1509, #4809, #5059, #6950 ) ) ;
#8395 = EDGE_CURVE ( 'NONE', #3040, #8246, #4528, .T. ) ;
#8396 = VECTOR ( 'NONE', #4009, 1000.000000000000000 ) ;
#8397 = ORIENTED_EDGE ( 'NONE', *, *, #1322, .F. ) ;
#8398 = ADVANCED_FACE ( 'NONE', ( #4906 ), #80, .F. ) ;
#8399 = ORIENTED_EDGE ( 'NONE', *, *, #8263, .F. ) ;
#8400 = DIRECTION ( 'NONE',  ( 1.000000000000000000, 0.000000000000000000, -0.000000000000000000 ) ) ;
#8401 = CARTESIAN_POINT ( 'NONE',  ( -46.50000000000046185, 11.00000000000000000, 24.99999999999998934 ) ) ;
#8402 = DIRECTION ( 'NONE',  ( 0.000000000000000000, 1.000000000000000000, 0.000000000000000000 ) ) ;
#8403 = PLANE ( 'NONE',  #4141 ) ;
#8404 = ORIENTED_EDGE ( 'NONE', *, *, #3622, .T. ) ;
#8405 = CARTESIAN_POINT ( 'NONE',  ( -28.99999999999999645, 2.739072065421407576, -38.90471567648831552 ) ) ;
#8406 = EDGE_CURVE ( 'NONE', #5734, #2494, #4948, .T. ) ;
#8407 = VECTOR ( 'NONE', #796, 1000.000000000000000 ) ;
#8408 = DIRECTION ( 'NONE',  ( 0.000000000000000000, 1.000000000000000000, 0.000000000000000000 ) ) ;
#8409 = ORIENTED_EDGE ( 'NONE', *, *, #3690, .T. ) ;
#8410 = DIRECTION ( 'NONE',  ( 0.000000000000000000, 0.000000000000000000, 1.000000000000000000 ) ) ;
#8411 = EDGE_CURVE ( 'NONE', #4393, #742, #5961, .T. ) ;
#8412 = CARTESIAN_POINT ( 'NONE',  ( -36.50000000000003553, 11.00000000000000000, -15.00000000000001066 ) ) ;
#8413 = CARTESIAN_POINT ( 'NONE',  ( 28.99999999999999645, 1.482579449344166855, -40.07823415845573578 ) ) ;
#8414 = ORIENTED_EDGE ( 'NONE', *, *, #8214, .F. ) ;
#8415 = CARTESIAN_POINT ( 'NONE',  ( -0.5000000000002364775, 11.00000000000000000, 4.999999999999990230 ) ) ;
#8416 = AXIS2_PLACEMENT_3D ( 'NONE', #4572, #1283, #3986 ) ;
#8417 = CARTESIAN_POINT ( 'NONE',  ( 28.99999999999999645, 2.200000941738147642, -38.75431407995100841 ) ) ;
#8418 = LINE ( 'NONE', #6265, #2067 ) ;
#8419 = DIRECTION ( 'NONE',  ( 0.000000000000000000, 0.000000000000000000, 1.000000000000000000 ) ) ;
#8420 = VECTOR ( 'NONE', #4775, 1000.000000000000000 ) ;
#8421 = EDGE_CURVE ( 'NONE', #3277, #6647, #4097, .T. ) ;
#8422 = PLANE ( 'NONE',  #7444 ) ;
#8423 = ORIENTED_EDGE ( 'NONE', *, *, #4466, .T. ) ;
#8424 = LINE ( 'NONE', #15, #1956 ) ;
#8425 = ORIENTED_EDGE ( 'NONE', *, *, #7395, .T. ) ;
#8426 = CARTESIAN_POINT ( 'NONE',  ( 10.00000000000000000, 8.500000000000000000, 37.00000000000000711 ) ) ;
#8427 = AXIS2_PLACEMENT_3D ( 'NONE', #6135, #1144, #7356 ) ;
#8428 = EDGE_CURVE ( 'NONE', #4440, #6742, #5792, .T. ) ;
#8429 = AXIS2_PLACEMENT_3D ( 'NONE', #1669, #7891, #7974 ) ;
#8430 = DIRECTION ( 'NONE',  ( 0.000000000000000000, 1.000000000000000000, 0.000000000000000000 ) ) ;
#8431 = ORIENTED_EDGE ( 'NONE', *, *, #4108, .F. ) ;
#8432 = CARTESIAN_POINT ( 'NONE',  ( -1.499999999999758415, 11.00000000000000000, 4.999999999999990230 ) ) ;
#8433 = CIRCLE ( 'NONE', #8007, 1.999999999999994893 ) ;
#8434 = CARTESIAN_POINT ( 'NONE',  ( -10.00000000000000000, 8.500000000000000000, -37.00000000000000711 ) ) ;
#8435 = FACE_OUTER_BOUND ( 'NONE', #1379, .T. ) ;
#8436 = CARTESIAN_POINT ( 'NONE',  ( -28.99999999999999645, 1.500000000000027311, -35.93397459621552770 ) ) ;
#8437 = AXIS2_PLACEMENT_3D ( 'NONE', #328, #3068, #8438 ) ;
#8438 = DIRECTION ( 'NONE',  ( 0.000000000000000000, 0.000000000000000000, 1.000000000000000000 ) ) ;
#8439 = AXIS2_PLACEMENT_3D ( 'NONE', #6130, #6760, #8832 ) ;
#8440 = VERTEX_POINT ( 'NONE', #5833 ) ;
#8441 = ORIENTED_EDGE ( 'NONE', *, *, #6384, .T. ) ;
#8442 = CIRCLE ( 'NONE', #687, 17.50000000000000355 ) ;
#8443 = EDGE_CURVE ( 'NONE', #8089, #2935, #4443, .T. ) ;
#8444 = PRODUCT_DEFINITION_FORMATION_WITH_SPECIFIED_SOURCE ( 'ä»', '', #4279, .NOT_KNOWN. ) ;
#8445 = EDGE_LOOP ( 'NONE', ( #5224, #4557, #8181, #7319, #4495, #3890 ) ) ;
#8446 = AXIS2_PLACEMENT_3D ( 'NONE', #5835, #8534, #885 ) ;
#8447 = VERTEX_POINT ( 'NONE', #7233 ) ;
#8448 = DIRECTION ( 'NONE',  ( 0.000000000000000000, 0.000000000000000000, -1.000000000000000000 ) ) ;
#8449 = DIRECTION ( 'NONE',  ( 0.000000000000000000, 0.000000000000000000, 1.000000000000000000 ) ) ;
#8450 = DIRECTION ( 'NONE',  ( 0.000000000000000000, 1.000000000000000000, 0.000000000000000000 ) ) ;
#8451 = ORIENTED_EDGE ( 'NONE', *, *, #4647, .F. ) ;
#8452 = CARTESIAN_POINT ( 'NONE',  ( 19.50000000000000355, 12.25881904511126130, -41.45552419183535164 ) ) ;
#8453 = ORIENTED_EDGE ( 'NONE', *, *, #7197, .T. ) ;
#8454 = ORIENTED_EDGE ( 'NONE', *, *, #385, .F. ) ;
#8455 = VECTOR ( 'NONE', #4486, 1000.000000000000000 ) ;
#8456 = ORIENTED_EDGE ( 'NONE', *, *, #6452, .F. ) ;
#8457 = EDGE_CURVE ( 'NONE', #6330, #7304, #6377, .T. ) ;
#8458 = DIRECTION ( 'NONE',  ( 0.000000000000000000, 0.000000000000000000, 1.000000000000000000 ) ) ;
#8459 = CARTESIAN_POINT ( 'NONE',  ( -24.50000000000003553, 13.00000000000000000, -15.00000000000001066 ) ) ;
#8460 = ORIENTED_EDGE ( 'NONE', *, *, #6816, .T. ) ;
#8461 = LINE ( 'NONE', #5804, #7209 ) ;
#8462 = DIRECTION ( 'NONE',  ( -0.000000000000000000, -0.8660254037844389297, -0.4999999999999993339 ) ) ;
#8463 = CARTESIAN_POINT ( 'NONE',  ( 28.99999999999999645, 1.425000000000080203, -35.97727586640469610 ) ) ;
#8464 = CIRCLE ( 'NONE', #8599, 1.999999999999994893 ) ;
#8465 = DIRECTION ( 'NONE',  ( 0.000000000000000000, 0.000000000000000000, 1.000000000000000000 ) ) ;
#8466 = CARTESIAN_POINT ( 'NONE',  ( 28.99999999999999645, 2.850603890797211548, -38.93460053902904150 ) ) ;
#8467 = DIRECTION ( 'NONE',  ( -0.000000000000000000, -1.000000000000000000, -0.000000000000000000 ) ) ;
#8468 = EDGE_CURVE ( 'NONE', #4564, #4338, #977, .T. ) ;
#8469 = CARTESIAN_POINT ( 'NONE',  ( -2.168404344971008868E-16, 11.00000000000000000, -13.06350832689631325 ) ) ;
#8470 = CARTESIAN_POINT ( 'NONE',  ( -28.99999999999999645, 0.9825791946689358403, -36.28035516764425239 ) ) ;
#8471 = VECTOR ( 'NONE', #3459, 1000.000000000000000 ) ;
#8472 = ORIENTED_EDGE ( 'NONE', *, *, #7678, .T. ) ;
#8473 = FACE_OUTER_BOUND ( 'NONE', #44, .T. ) ;
#8474 = ORIENTED_EDGE ( 'NONE', *, *, #4971, .F. ) ;
#8475 = DIRECTION ( 'NONE',  ( 0.000000000000000000, 0.000000000000000000, 1.000000000000000000 ) ) ;
#8476 = CARTESIAN_POINT ( 'NONE',  ( -48.00000000000001421, 13.00000000000000000, 26.93649167310357839 ) ) ;
#8477 = EDGE_LOOP ( 'NONE', ( #347, #3359, #1727, #4736 ) ) ;
#8478 = CARTESIAN_POINT ( 'NONE',  ( -1.499999999999557243, 11.00000000000000000, 14.99999999999999289 ) ) ;
#8479 = EDGE_CURVE ( 'NONE', #8743, #8718, #499, .T. ) ;
#8480 = CARTESIAN_POINT ( 'NONE',  ( 13.49999999999997691, 11.00000000000000000, -25.00000000000000711 ) ) ;
#8481 = LINE ( 'NONE', #7083, #4829 ) ;
#8482 = FACE_BOUND ( 'NONE', #8806, .T. ) ;
#8483 = COORDINATED_UNIVERSAL_TIME_OFFSET ( 8, 0, .AHEAD. ) ;
#8484 = EDGE_LOOP ( 'NONE', ( #1440, #258, #2884, #5538 ) ) ;
#8485 = VERTEX_POINT ( 'NONE', #1642 ) ;
#8486 = VERTEX_POINT ( 'NONE', #1019 ) ;
#8487 = EDGE_CURVE ( 'NONE', #4904, #6172, #3803, .T. ) ;
#8488 = EDGE_LOOP ( 'NONE', ( #2026, #7868, #6499, #5421 ) ) ;
#8489 = DIRECTION ( 'NONE',  ( 1.000000000000000000, 0.000000000000000000, -1.156482317317871528E-15 ) ) ;
#8490 = DIRECTION ( 'NONE',  ( 0.000000000000000000, 1.000000000000000000, 0.000000000000000000 ) ) ;
#8491 = CARTESIAN_POINT ( 'NONE',  ( -46.50000000000004263, 13.00000000000000000, -25.00000000000000711 ) ) ;
#8492 = ORIENTED_EDGE ( 'NONE', *, *, #8406, .F. ) ;
#8493 = CARTESIAN_POINT ( 'NONE',  ( 36.50000000000002842, 13.00000000000000000, -25.00000000000000711 ) ) ;
#8494 = ORIENTED_EDGE ( 'NONE', *, *, #7238, .F. ) ;
#8495 = VERTEX_POINT ( 'NONE', #926 ) ;
#8496 = ORIENTED_EDGE ( 'NONE', *, *, #4655, .F. ) ;
#8497 = LINE ( 'NONE', #4492, #3508 ) ;
#8498 = AXIS2_PLACEMENT_3D ( 'NONE', #7514, #2812, #4223 ) ;
#8499 = CARTESIAN_POINT ( 'NONE',  ( 47.49999999999958078, 11.00000000000000000, 14.99999999999999289 ) ) ;
#8500 = ORIENTED_EDGE ( 'NONE', *, *, #1983, .T. ) ;
#8501 = EDGE_LOOP ( 'NONE', ( #548, #7182, #3406, #5029 ) ) ;
#8502 = PLANE ( 'NONE',  #595 ) ;
#8503 = CARTESIAN_POINT ( 'NONE',  ( 36.50000000000003553, 11.00000000000000000, -15.00000000000001066 ) ) ;
#8504 = EDGE_CURVE ( 'NONE', #7782, #8538, #2791, .T. ) ;
#8505 = CARTESIAN_POINT ( 'NONE',  ( 16.00000000000000000, 1.974423587124068513, -40.25274300485051526 ) ) ;
#8506 = CARTESIAN_POINT ( 'NONE',  ( 10.00000000000000178, 12.99999999999998934, -34.99999999999999289 ) ) ;
#8507 = CARTESIAN_POINT ( 'NONE',  ( 16.00000000000000000, 2.400000000000064748, -37.14641016151402653 ) ) ;
#8508 = CARTESIAN_POINT ( 'NONE',  ( -19.50000000000000355, 11.50000000001249489, -42.80511351211194437 ) ) ;
#8509 = EDGE_CURVE ( 'NONE', #5032, #2649, #3671, .T. ) ;
#8510 = FACE_OUTER_BOUND ( 'NONE', #7813, .T. ) ;
#8511 = AXIS2_PLACEMENT_3D ( 'NONE', #2058, #5533, #6059 ) ;
#8512 = CARTESIAN_POINT ( 'NONE',  ( -28.99999999999999645, 1.904716196264207850, -40.23406496576306779 ) ) ;
#8513 = ORIENTED_EDGE ( 'NONE', *, *, #2534, .T. ) ;
#8514 = DIRECTION ( 'NONE',  ( 6.938893903907233900E-15, 1.000000000000000000, 0.000000000000000000 ) ) ;
#8515 = ORIENTED_EDGE ( 'NONE', *, *, #5427, .T. ) ;
#8516 = DIRECTION ( 'NONE',  ( -0.000000000000000000, -1.000000000000000000, -0.000000000000000000 ) ) ;
#8517 = CARTESIAN_POINT ( 'NONE',  ( 12.00000000000000355, 11.00000000000000000, -13.06350832689631325 ) ) ;
#8518 = EDGE_LOOP ( 'NONE', ( #2520, #5123, #4663, #394 ) ) ;
#8519 = LINE ( 'NONE', #4211, #3426 ) ;
#8520 = CARTESIAN_POINT ( 'NONE',  ( 49.49999999999998579, 11.00000000000000000, -15.00000000000001066 ) ) ;
#8521 = CARTESIAN_POINT ( 'NONE',  ( -16.00000000000000355, 11.49999999999999822, -44.85412303015306890 ) ) ;
#8522 = EDGE_CURVE ( 'NONE', #1195, #4017, #2355, .T. ) ;
#8523 = AXIS2_PLACEMENT_3D ( 'NONE', #4877, #6310, #4196 ) ;
#8524 = ORIENTED_EDGE ( 'NONE', *, *, #2258, .F. ) ;
#8525 = ORIENTED_EDGE ( 'NONE', *, *, #6370, .F. ) ;
#8526 = CARTESIAN_POINT ( 'NONE',  ( 13.00000000000000178, 4.299999999999994493, 47.00000000000000711 ) ) ;
#8527 = VERTEX_POINT ( 'NONE', #3763 ) ;
#8528 = AXIS2_PLACEMENT_3D ( 'NONE', #4792, #1947, #2754 ) ;
#8529 = VERTEX_POINT ( 'NONE', #5121 ) ;
#8530 = LINE ( 'NONE', #253, #4110 ) ;
#8531 = EDGE_CURVE ( 'NONE', #1022, #8842, #8010, .T. ) ;
#8532 = PLANE ( 'NONE',  #3682 ) ;
#8533 = DIRECTION ( 'NONE',  ( 1.000000000000000000, 0.000000000000000000, 0.000000000000000000 ) ) ;
#8534 = DIRECTION ( 'NONE',  ( 0.000000000000000000, 1.000000000000000000, 0.000000000000000000 ) ) ;
#8535 = ORIENTED_EDGE ( 'NONE', *, *, #6304, .T. ) ;
#8536 = ORIENTED_EDGE ( 'NONE', *, *, #6929, .T. ) ;
#8537 = ADVANCED_FACE ( 'NONE', ( #7781 ), #8577, .F. ) ;
#8538 = VERTEX_POINT ( 'NONE', #4357 ) ;
#8539 = EDGE_CURVE ( 'NONE', #104, #2275, #3594, .T. ) ;
#8540 = CARTESIAN_POINT ( 'NONE',  ( -19.50000000000000355, 9.599999999999999645, -44.85412303015306179 ) ) ;
#8541 = EDGE_LOOP ( 'NONE', ( #3452, #3357, #1594, #5828 ) ) ;
#8542 = CARTESIAN_POINT ( 'NONE',  ( 25.50000000000000355, 9.599999999999999645, -44.85412303015305469 ) ) ;
#8543 = ORIENTED_EDGE ( 'NONE', *, *, #2078, .T. ) ;
#8544 = CARTESIAN_POINT ( 'NONE',  ( -12.00000000000000355, 13.00000000000000000, 6.936491673103633460 ) ) ;
#8545 = CARTESIAN_POINT ( 'NONE',  ( -24.00000000000000711, 13.00000000000000000, -6.936491673103652111 ) ) ;
#8546 = CARTESIAN_POINT ( 'NONE',  ( 16.00000000000000000, 1.867975185226091295, -40.22420197960986599 ) ) ;
#8547 = LINE ( 'NONE', #6390, #7440 ) ;
#8548 = CARTESIAN_POINT ( 'NONE',  ( 16.00000000000000000, 1.972201459015259228, -37.40997281828823873 ) ) ;
#8549 = ORIENTED_EDGE ( 'NONE', *, *, #3916, .F. ) ;
#8550 = VECTOR ( 'NONE', #5269, 1000.000000000000000 ) ;
#8551 = FACE_BOUND ( 'NONE', #3130, .T. ) ;
#8552 = EDGE_CURVE ( 'NONE', #8386, #4762, #98, .T. ) ;
#8553 = DIRECTION ( 'NONE',  ( 0.000000000000000000, 0.000000000000000000, 1.000000000000000000 ) ) ;
#8554 = CARTESIAN_POINT ( 'NONE',  ( -28.99999999999999645, 0.9202356692320422527, -39.69936564693512082 ) ) ;
#8555 = CIRCLE ( 'NONE', #3958, 1.999999999999994893 ) ;
#8556 = PLANE ( 'NONE',  #3689 ) ;
#8557 = EDGE_LOOP ( 'NONE', ( #5179, #68, #2320, #3272 ) ) ;
#8558 = CARTESIAN_POINT ( 'NONE',  ( -0.5000000000004377609, 13.00000000000000000, 14.99999999999999289 ) ) ;
#8559 = EDGE_CURVE ( 'NONE', #3731, #6472, #3628, .T. ) ;
#8560 = AXIS2_PLACEMENT_3D ( 'NONE', #5946, #6327, #8390 ) ;
#8561 = FACE_OUTER_BOUND ( 'NONE', #1042, .T. ) ;
#8562 = ORIENTED_EDGE ( 'NONE', *, *, #2873, .T. ) ;
#8563 = CARTESIAN_POINT ( 'NONE',  ( -16.00000000000000000, 2.249999999999988010, -35.50096189432332494 ) ) ;
#8564 = CARTESIAN_POINT ( 'NONE',  ( -49.49999999999998579, 11.00000000000000000, -15.00000000000001066 ) ) ;
#8565 = DIRECTION ( 'NONE',  ( 0.000000000000000000, 1.000000000000000000, 0.000000000000000000 ) ) ;
#8566 = DIRECTION ( 'NONE',  ( 0.000000000000000000, 0.000000000000000000, 1.000000000000000000 ) ) ;
#8567 = VERTEX_POINT ( 'NONE', #6422 ) ;
#8568 = ORIENTED_EDGE ( 'NONE', *, *, #449, .F. ) ;
#8569 = ADVANCED_FACE ( 'NONE', ( #4398 ), #255, .F. ) ;
#8570 = AXIS2_PLACEMENT_3D ( 'NONE', #3476, #6226, #58 ) ;
#8571 = DIRECTION ( 'NONE',  ( -1.000000000000000000, 6.418476861114187827E-15, 0.000000000000000000 ) ) ;
#8572 = ORIENTED_EDGE ( 'NONE', *, *, #5144, .F. ) ;
#8573 = EDGE_LOOP ( 'NONE', ( #3805, #953, #2255, #8695 ) ) ;
#8574 = DIRECTION ( 'NONE',  ( -0.000000000000000000, -1.000000000000000000, -0.000000000000000000 ) ) ;
#8575 = VECTOR ( 'NONE', #7035, 1000.000000000000000 ) ;
#8576 = CARTESIAN_POINT ( 'NONE',  ( 16.00000000000000000, 12.25881904510876730, -41.45552419184464554 ) ) ;
#8577 = PLANE ( 'NONE',  #4272 ) ;
#8578 = VERTEX_POINT ( 'NONE', #3035 ) ;
#8579 = PLANE ( 'NONE',  #5004 ) ;
#8580 = VERTEX_POINT ( 'NONE', #8491 ) ;
#8581 = AXIS2_PLACEMENT_3D ( 'NONE', #4989, #3670, #2996 ) ;
#8582 = ORIENTED_EDGE ( 'NONE', *, *, #145, .T. ) ;
#8583 = CARTESIAN_POINT ( 'NONE',  ( 49.49999999999957367, 11.00000000000000000, 14.99999999999999289 ) ) ;
#8584 = VECTOR ( 'NONE', #7393, 1000.000000000000000 ) ;
#8585 = ORIENTED_EDGE ( 'NONE', *, *, #3271, .F. ) ;
#8586 = CARTESIAN_POINT ( 'NONE',  ( -35.49999999999977263, 11.00000000000000000, 4.999999999999990230 ) ) ;
#8587 = VECTOR ( 'NONE', #7482, 1000.000000000000000 ) ;
#8588 = ORIENTED_EDGE ( 'NONE', *, *, #5515, .F. ) ;
#8589 = DIRECTION ( 'NONE',  ( 0.000000000000000000, 0.000000000000000000, 1.000000000000000000 ) ) ;
#8590 = EDGE_CURVE ( 'NONE', #7911, #4263, #2318, .T. ) ;
#8591 = DIRECTION ( 'NONE',  ( 0.000000000000000000, 1.000000000000000000, 0.000000000000000000 ) ) ;
#8592 = VECTOR ( 'NONE', #929, 1000.000000000000000 ) ;
#8593 = CARTESIAN_POINT ( 'NONE',  ( 16.00000000000000000, 1.960482108952128932, -40.24900739703302577 ) ) ;
#8594 = DIRECTION ( 'NONE',  ( 0.000000000000000000, 1.000000000000000000, 0.000000000000000000 ) ) ;
#8595 = CARTESIAN_POINT ( 'NONE',  ( 28.99999999999999645, 2.082998970865346688, -37.32943787572103389 ) ) ;
#8596 = FACE_BOUND ( 'NONE', #4262, .T. ) ;
#8597 = AXIS2_PLACEMENT_3D ( 'NONE', #5741, #3021, #3526 ) ;
#8598 = CARTESIAN_POINT ( 'NONE',  ( 25.49999999999977263, 13.00000000000000000, -5.000000000000007994 ) ) ;
#8599 = AXIS2_PLACEMENT_3D ( 'NONE', #226, #733, #2168 ) ;
#8600 = EDGE_CURVE ( 'NONE', #165, #427, #1824, .T. ) ;
#8601 = DIRECTION ( 'NONE',  ( 0.000000000000000000, 0.000000000000000000, 1.000000000000000000 ) ) ;
#8602 = VERTEX_POINT ( 'NONE', #5386 ) ;
#8603 = DIRECTION ( 'NONE',  ( 0.000000000000000000, 0.000000000000000000, 1.000000000000000000 ) ) ;
#8604 = ORIENTED_EDGE ( 'NONE', *, *, #3083, .T. ) ;
#8605 = CARTESIAN_POINT ( 'NONE',  ( 25.49999999999976552, 13.00000000000000000, 4.999999999999990230 ) ) ;
#8606 = EDGE_CURVE ( 'NONE', #7637, #4652, #4618, .T. ) ;
#8607 = VECTOR ( 'NONE', #2568, 1000.000000000000000 ) ;
#8608 = PLANE ( 'NONE',  #2710 ) ;
#8609 = VERTEX_POINT ( 'NONE', #6645 ) ;
#8610 = CIRCLE ( 'NONE', #136, 1.999999999999994893 ) ;
#8611 = LINE ( 'NONE', #1766, #1984 ) ;
#8612 = DIRECTION ( 'NONE',  ( 0.000000000000000000, 1.000000000000000000, 0.000000000000000000 ) ) ;
#8613 = DIRECTION ( 'NONE',  ( 0.000000000000000000, 1.000000000000000000, 0.000000000000000000 ) ) ;
#8614 = DATE_AND_TIME ( #2480, #1540 ) ;
#8615 = EDGE_CURVE ( 'NONE', #8847, #7911, #5433, .T. ) ;
#8616 = ORIENTED_EDGE ( 'NONE', *, *, #6068, .F. ) ;
#8617 = CIRCLE ( 'NONE', #2272, 1.999999999999994893 ) ;
#8618 = VERTEX_POINT ( 'NONE', #1194 ) ;
#8619 = CARTESIAN_POINT ( 'NONE',  ( -47.49999999999999289, 11.00000000000000000, -25.00000000000000711 ) ) ;
#8620 = EDGE_LOOP ( 'NONE', ( #477, #3796, #2351, #5034, #912, #777, #5378, #908, #4040, #3167, #5209, #1759 ) ) ;
#8621 = EDGE_CURVE ( 'NONE', #7335, #3582, #5420, .T. ) ;
#8622 = ORIENTED_EDGE ( 'NONE', *, *, #1591, .T. ) ;
#8623 = DIRECTION ( 'NONE',  ( 0.000000000000000000, 0.000000000000000000, 1.000000000000000000 ) ) ;
#8624 = CARTESIAN_POINT ( 'NONE',  ( -48.00000000000001421, 11.00000000000000000, -13.06350832689631325 ) ) ;
#8625 = CARTESIAN_POINT ( 'NONE',  ( 28.99999999999999645, -11.41562369461536441, -35.50096189432333915 ) ) ;
#8626 = EDGE_CURVE ( 'NONE', #1555, #2795, #2104, .T. ) ;
#8627 = ORIENTED_EDGE ( 'NONE', *, *, #2360, .T. ) ;
#8628 = ORIENTED_EDGE ( 'NONE', *, *, #566, .T. ) ;
#8629 = ORIENTED_EDGE ( 'NONE', *, *, #6929, .F. ) ;
#8630 = LINE ( 'NONE', #7745, #5574 ) ;
#8631 = ORIENTED_EDGE ( 'NONE', *, *, #4626, .F. ) ;
#8632 = PLANE ( 'NONE',  #6752 ) ;
#8633 = VERTEX_POINT ( 'NONE', #8766 ) ;
#8634 = CARTESIAN_POINT ( 'NONE',  ( -9.999999999999998224, 1.925929944387235853E-31, -37.00000000000000711 ) ) ;
#8635 = DIRECTION ( 'NONE',  ( 0.000000000000000000, 0.000000000000000000, 1.000000000000000000 ) ) ;
#8636 = DIRECTION ( 'NONE',  ( 0.000000000000000000, 1.000000000000000000, 0.000000000000000000 ) ) ;
#8637 = EDGE_CURVE ( 'NONE', #1877, #1288, #5304, .T. ) ;
#8638 = CARTESIAN_POINT ( 'NONE',  ( -30.00000000000000000, 1.921539850312770877E-13, -25.99999999999998934 ) ) ;
#8639 = FACE_OUTER_BOUND ( 'NONE', #2471, .T. ) ;
#8640 = AXIS2_PLACEMENT_3D ( 'NONE', #5610, #4212, #8349 ) ;
#8641 = DIRECTION ( 'NONE',  ( 0.000000000000000000, -0.000000000000000000, 1.000000000000000000 ) ) ;
#8642 = EDGE_CURVE ( 'NONE', #2193, #8338, #1108, .T. ) ;
#8643 = PLANE ( 'NONE',  #8898 ) ;
#8644 = CIRCLE ( 'NONE', #3179, 1.999999999999994893 ) ;
#8645 = CARTESIAN_POINT ( 'NONE',  ( 46.50000000000024869, 11.00000000000000000, -5.000000000000007994 ) ) ;
#8646 = DIRECTION ( 'NONE',  ( 0.000000000000000000, 1.000000000000000000, 0.000000000000000000 ) ) ;
#8647 = ADVANCED_FACE ( 'NONE', ( #6103 ), #2626, .F. ) ;
#8648 = DIRECTION ( 'NONE',  ( 0.000000000000000000, 1.000000000000000000, 0.000000000000000000 ) ) ;
#8649 = ORIENTED_EDGE ( 'NONE', *, *, #2664, .F. ) ;
#8650 = DIRECTION ( 'NONE',  ( 0.000000000000000000, 1.000000000000000000, 0.000000000000000000 ) ) ;
#8651 = B_SPLINE_CURVE_WITH_KNOTS ( 'NONE', 3,
 ( #6236, #4797, #5518, #8256 ),
 .UNSPECIFIED., .F., .F.,
 ( 4, 4 ),
 ( 1.467753418258152338E-15, 0.001967024742792139805 ),
 .UNSPECIFIED. ) ;
#8652 = EDGE_CURVE ( 'NONE', #8618, #6201, #571, .T. ) ;
#8653 = EDGE_CURVE ( 'NONE', #3675, #130, #8146, .T. ) ;
#8654 = CARTESIAN_POINT ( 'NONE',  ( 25.50000000000000355, 13.00000000000000000, -44.85412303015305469 ) ) ;
#8655 = VERTEX_POINT ( 'NONE', #2492 ) ;
#8656 = CARTESIAN_POINT ( 'NONE',  ( -17.00000000000000000, 11.49999999999999645, -45.65412303015307316 ) ) ;
#8657 = CARTESIAN_POINT ( 'NONE',  ( -46.50000000000004263, 13.00000000000000000, -25.00000000000000711 ) ) ;
#8658 = FACE_BOUND ( 'NONE', #3153, .T. ) ;
#8659 = APPROVAL_ROLE ( '' ) ;
#8660 = ORIENTED_EDGE ( 'NONE', *, *, #8468, .T. ) ;
#8661 = ORIENTED_EDGE ( 'NONE', *, *, #5837, .T. ) ;
#8662 = CARTESIAN_POINT ( 'NONE',  ( 40.00000000000000000, 13.00000000000000000, -36.99999999999999289 ) ) ;
#8663 = VERTEX_POINT ( 'NONE', #7413 ) ;
#8664 = ORIENTED_EDGE ( 'NONE', *, *, #1609, .T. ) ;
#8665 = CARTESIAN_POINT ( 'NONE',  ( 25.50000000000000355, 10.48627301504142117, -40.98057191452508619 ) ) ;
#8666 = LINE ( 'NONE', #1153, #692 ) ;
#8667 = DIRECTION ( 'NONE',  ( -0.000000000000000000, -1.000000000000000000, -0.000000000000000000 ) ) ;
#8668 = VECTOR ( 'NONE', #6905, 1000.000000000000000 ) ;
#8669 = ORIENTED_EDGE ( 'NONE', *, *, #6813, .F. ) ;
#8670 = ORIENTED_EDGE ( 'NONE', *, *, #1472, .T. ) ;
#8671 = ORIENTED_EDGE ( 'NONE', *, *, #786, .T. ) ;
#8672 = EDGE_CURVE ( 'NONE', #8896, #2186, #3173, .T. ) ;
#8673 = CARTESIAN_POINT ( 'NONE',  ( -24.50000000000002842, 13.00000000000000000, -25.00000000000000711 ) ) ;
#8674 = VECTOR ( 'NONE', #193, 1000.000000000000000 ) ;
#8675 = EDGE_CURVE ( 'NONE', #5166, #2446, #3312, .T. ) ;
#8676 = ORIENTED_EDGE ( 'NONE', *, *, #8366, .F. ) ;
#8677 = CARTESIAN_POINT ( 'NONE',  ( -13.49999999999955413, 11.00000000000000000, 24.99999999999998934 ) ) ;
#8678 = EDGE_LOOP ( 'NONE', ( #4084, #5471, #3505, #7539 ) ) ;
#8679 = CARTESIAN_POINT ( 'NONE',  ( 16.00000000000000000, -11.41562369461536441, -45.65412303015307316 ) ) ;
#8680 = DIRECTION ( 'NONE',  ( -0.000000000000000000, -1.000000000000000000, -0.000000000000000000 ) ) ;
#8681 = CARTESIAN_POINT ( 'NONE',  ( 28.99999999999999645, 3.689225402278059285, -40.71222276639854698 ) ) ;
#8682 = CARTESIAN_POINT ( 'NONE',  ( -46.50000000000045475, 11.00000000000000000, 14.99999999999999289 ) ) ;
#8683 = CARTESIAN_POINT ( 'NONE',  ( 16.00000000000000000, 2.348710676605911374, -38.80011865759942680 ) ) ;
#8684 = CARTESIAN_POINT ( 'NONE',  ( 1.499999999999765521, 11.00000000000000000, -5.000000000000007994 ) ) ;
#8685 = EDGE_CURVE ( 'NONE', #6865, #1378, #7460, .T. ) ;
#8686 = CARTESIAN_POINT ( 'NONE',  ( 37.49999999999997868, 11.00000000000000000, -15.00000000000001066 ) ) ;
#8687 = CARTESIAN_POINT ( 'NONE',  ( -22.50000000000045119, 11.00000000000000000, 24.99999999999998579 ) ) ;
#8688 = FACE_OUTER_BOUND ( 'NONE', #6473, .T. ) ;
#8689 = CARTESIAN_POINT ( 'NONE',  ( 28.99999999999999645, 13.00000000000000000, -41.65412303015307316 ) ) ;
#8690 = LINE ( 'NONE', #6085, #1671 ) ;
#8691 = VERTEX_POINT ( 'NONE', #5345 ) ;
#8692 = LINE ( 'NONE', #594, #3115 ) ;
#8693 = AXIS2_PLACEMENT_3D ( 'NONE', #127, #4267, #3408 ) ;
#8694 = CARTESIAN_POINT ( 'NONE',  ( 24.50000000000045119, 11.00000000000000000, 24.99999999999998934 ) ) ;
#8695 = ORIENTED_EDGE ( 'NONE', *, *, #1189, .T. ) ;
#8696 = VECTOR ( 'NONE', #2624, 1000.000000000000000 ) ;
#8697 = CARTESIAN_POINT ( 'NONE',  ( -28.99999999999999645, 1.904716196264207850, -40.23406496576306779 ) ) ;
#8698 = CARTESIAN_POINT ( 'NONE',  ( -49.49999999999957367, 13.00000000000000000, 14.99999999999999289 ) ) ;
#8699 = LINE ( 'NONE', #8202, #7601 ) ;
#8700 = EDGE_CURVE ( 'NONE', #3765, #7843, #1154, .T. ) ;
#8701 = EDGE_CURVE ( 'NONE', #6847, #6559, #1911, .T. ) ;
#8702 = ORIENTED_EDGE ( 'NONE', *, *, #1572, .F. ) ;
#8703 = CIRCLE ( 'NONE', #1376, 1.999999999999994893 ) ;
#8704 = VERTEX_POINT ( 'NONE', #1954 ) ;
#8705 = LINE ( 'NONE', #7318, #5231 ) ;
#8706 = VERTEX_POINT ( 'NONE', #4039 ) ;
#8707 = LINE ( 'NONE', #5300, #6931 ) ;
#8708 = ORIENTED_EDGE ( 'NONE', *, *, #3902, .T. ) ;
#8709 = LINE ( 'NONE', #5384, #6686 ) ;
#8710 = VECTOR ( 'NONE', #4410, 1000.000000000000000 ) ;
#8711 = CARTESIAN_POINT ( 'NONE',  ( -16.00000000000000000, 1.482579449344031186, -40.07823415845573578 ) ) ;
#8712 = EDGE_CURVE ( 'NONE', #8440, #2543, #6778, .T. ) ;
#8713 = DIRECTION ( 'NONE',  ( 0.000000000000000000, 1.000000000000000000, 0.000000000000000000 ) ) ;
#8714 = VERTEX_POINT ( 'NONE', #8175 ) ;
#8715 = ORIENTED_EDGE ( 'NONE', *, *, #6539, .T. ) ;
#8716 = EDGE_CURVE ( 'NONE', #5880, #3038, #2004, .T. ) ;
#8717 = AXIS2_PLACEMENT_3D ( 'NONE', #3386, #3300, #4645 ) ;
#8718 = VERTEX_POINT ( 'NONE', #5520 ) ;
#8719 = DIRECTION ( 'NONE',  ( 0.000000000000000000, 1.000000000000000000, 0.000000000000000000 ) ) ;
#8720 = VERTEX_POINT ( 'NONE', #787 ) ;
#8721 = CIRCLE ( 'NONE', #672, 1.999999999999994893 ) ;
#8722 = CARTESIAN_POINT ( 'NONE',  ( -12.99999999999999822, 1.000000000000000888, 37.00000000000000711 ) ) ;
#8723 = ORIENTED_EDGE ( 'NONE', *, *, #7716, .F. ) ;
#8724 = DIRECTION ( 'NONE',  ( 0.000000000000000000, 1.000000000000000000, 0.000000000000000000 ) ) ;
#8725 = VECTOR ( 'NONE', #3785, 1000.000000000000000 ) ;
#8726 = CARTESIAN_POINT ( 'NONE',  ( 0.000000000000000000, 12.00000000000000000, 13.06350832689640207 ) ) ;
#8727 = CARTESIAN_POINT ( 'NONE',  ( 28.99999999999999645, 2.350843497767624690, -40.35360441592191449 ) ) ;
#8728 = VECTOR ( 'NONE', #8713, 1000.000000000000000 ) ;
#8729 = ADVANCED_FACE ( 'NONE', ( #117 ), #1375, .F. ) ;
#8730 = CIRCLE ( 'NONE', #8298, 17.50000000000000000 ) ;
#8731 = CARTESIAN_POINT ( 'NONE',  ( -10.50000000000003730, 11.00000000000000000, -15.00000000000001066 ) ) ;
#8732 = CIRCLE ( 'NONE', #5576, 1.999999999999994893 ) ;
#8733 = CYLINDRICAL_SURFACE ( 'NONE', #2474, 1.999999999999994893 ) ;
#8734 = CARTESIAN_POINT ( 'NONE',  ( -28.99999999999999645, 2.474999999999911715, -37.10310889132458811 ) ) ;
#8735 = CIRCLE ( 'NONE', #8015, 1.999999999999994893 ) ;
#8736 = DIRECTION ( 'NONE',  ( -0.000000000000000000, -1.000000000000000000, -0.000000000000000000 ) ) ;
#8737 = DIRECTION ( 'NONE',  ( 0.000000000000000000, 0.000000000000000000, 1.000000000000000000 ) ) ;
#8738 = AXIS2_PLACEMENT_3D ( 'NONE', #7517, #38, #8225 ) ;
#8739 = DIRECTION ( 'NONE',  ( 0.000000000000000000, 1.000000000000000000, 0.000000000000000000 ) ) ;
#8740 = CARTESIAN_POINT ( 'NONE',  ( -28.99999999999999645, 12.00000000000000355, -42.42145001812207994 ) ) ;
#8741 = DIRECTION ( 'NONE',  ( 0.000000000000000000, 1.000000000000000000, 0.000000000000000000 ) ) ;
#8742 = VECTOR ( 'NONE', #473, 1000.000000000000000 ) ;
#8743 = VERTEX_POINT ( 'NONE', #654 ) ;
#8744 = LINE ( 'NONE', #810, #5286 ) ;
#8745 = ADVANCED_FACE ( 'NONE', ( #8392 ), #6822, .F. ) ;
#8746 = ORIENTED_EDGE ( 'NONE', *, *, #3186, .F. ) ;
#8747 = VECTOR ( 'NONE', #8242, 1000.000000000000000 ) ;
#8748 = LINE ( 'NONE', #596, #8607 ) ;
#8749 = DIRECTION ( 'NONE',  ( 0.000000000000000000, 0.000000000000000000, 1.000000000000000000 ) ) ;
#8750 = DIRECTION ( 'NONE',  ( -1.000000000000000000, -0.000000000000000000, -0.000000000000000000 ) ) ;
#8751 = VECTOR ( 'NONE', #4933, 1000.000000000000000 ) ;
#8752 = DIRECTION ( 'NONE',  ( 0.000000000000000000, 0.000000000000000000, 1.000000000000000000 ) ) ;
#8753 = PERSON_AND_ORGANIZATION ( #7577, #3834 ) ;
#8754 = DIRECTION ( 'NONE',  ( 0.000000000000000000, 0.000000000000000000, 1.000000000000000000 ) ) ;
#8755 = AXIS2_PLACEMENT_3D ( 'NONE', #1896, #2745, #1986 ) ;
#8756 = ORIENTED_EDGE ( 'NONE', *, *, #3433, .F. ) ;
#8757 = ORIENTED_EDGE ( 'NONE', *, *, #5531, .T. ) ;
#8758 = AXIS2_PLACEMENT_3D ( 'NONE', #2982, #3065, #1050 ) ;
#8759 = EDGE_CURVE ( 'NONE', #5795, #1916, #2048, .T. ) ;
#8760 = DIRECTION ( 'NONE',  ( -1.000000000000000000, -2.040851148208007998E-16, 0.000000000000000000 ) ) ;
#8761 = ORIENTED_EDGE ( 'NONE', *, *, #7333, .F. ) ;
#8762 = DIRECTION ( 'NONE',  ( 0.000000000000000000, 1.000000000000000000, 0.000000000000000000 ) ) ;
#8763 = EDGE_LOOP ( 'NONE', ( #6284, #7177, #4802, #2774, #7236, #3997 ) ) ;
#8764 = CARTESIAN_POINT ( 'NONE',  ( -17.00000000000000000, 11.49999999999999822, -46.65412303015307316 ) ) ;
#8765 = DIRECTION ( 'NONE',  ( -1.000000000000000000, 0.000000000000000000, 0.000000000000000000 ) ) ;
#8766 = CARTESIAN_POINT ( 'NONE',  ( 15.00000000000000000, 0.000000000000000000, -34.99999999999999289 ) ) ;
#8767 = CIRCLE ( 'NONE', #1278, 1.999999999999994893 ) ;
#8768 = ORIENTED_EDGE ( 'NONE', *, *, #5685, .T. ) ;
#8769 = VERTEX_POINT ( 'NONE', #4938 ) ;
#8770 = ORIENTED_EDGE ( 'NONE', *, *, #5777, .T. ) ;
#8771 = CARTESIAN_POINT ( 'NONE',  ( 17.00000000000000000, -11.41562369461536441, -45.65412303015307316 ) ) ;
#8772 = EDGE_CURVE ( 'NONE', #8122, #8486, #7507, .T. ) ;
#8773 = ORIENTED_EDGE ( 'NONE', *, *, #2677, .T. ) ;
#8774 = EDGE_LOOP ( 'NONE', ( #5043, #2666, #7000, #889 ) ) ;
#8775 = EDGE_LOOP ( 'NONE', ( #1827, #2525, #7614, #8130 ) ) ;
#8776 = DIRECTION ( 'NONE',  ( 0.000000000000000000, 1.000000000000000000, 0.000000000000000000 ) ) ;
#8777 = DIRECTION ( 'NONE',  ( 0.000000000000000000, 1.000000000000000000, 0.000000000000000000 ) ) ;
#8778 = CARTESIAN_POINT ( 'NONE',  ( -28.99999999999999645, 1.712747923806078099, -37.79980668793905352 ) ) ;
#8779 = CARTESIAN_POINT ( 'NONE',  ( -28.99999999999999645, 3.000000000000184297, -35.50096189432333915 ) ) ;
#8780 = CARTESIAN_POINT ( 'NONE',  ( 16.00000000000000000, 2.111318384946025084, -38.71276857034196439 ) ) ;
#8781 = CARTESIAN_POINT ( 'NONE',  ( -28.99999999999999645, 1.817375721940010180, -37.58788730880411322 ) ) ;
#8782 = CARTESIAN_POINT ( 'NONE',  ( 37.49999999999977973, 11.00000000000000000, -5.000000000000007994 ) ) ;
#8783 = EDGE_CURVE ( 'NONE', #2059, #5071, #2721, .T. ) ;
#8784 = DIRECTION ( 'NONE',  ( 0.000000000000000000, 0.000000000000000000, 1.000000000000000000 ) ) ;
#8785 = CARTESIAN_POINT ( 'NONE',  ( 13.49999999999976907, 11.00000000000000000, -5.000000000000007994 ) ) ;
#8786 = DIRECTION ( 'NONE',  ( 0.000000000000000000, 0.000000000000000000, 1.000000000000000000 ) ) ;
#8787 = FACE_OUTER_BOUND ( 'NONE', #6402, .T. ) ;
#8788 = ORIENTED_EDGE ( 'NONE', *, *, #3305, .T. ) ;
#8789 = LINE ( 'NONE', #7438, #8584 ) ;
#8790 = ADVANCED_FACE ( 'NONE', ( #7687 ), #5479, .F. ) ;
#8791 = AXIS2_PLACEMENT_3D ( 'NONE', #7336, #7377, #3363 ) ;
#8792 = DIRECTION ( 'NONE',  ( -1.334402673828313339E-16, -1.000000000000000000, 0.000000000000000000 ) ) ;
#8793 = EDGE_CURVE ( 'NONE', #1230, #7255, #6428, .T. ) ;
#8794 = LINE ( 'NONE', #3430, #3859 ) ;
#8795 = LINE ( 'NONE', #5912, #7892 ) ;
#8796 = DIRECTION ( 'NONE',  ( 0.000000000000000000, 0.000000000000000000, 1.000000000000000000 ) ) ;
#8797 = ORIENTED_EDGE ( 'NONE', *, *, #8712, .T. ) ;
#8798 = CARTESIAN_POINT ( 'NONE',  ( 25.49999999999997513, 11.00000000000000000, -15.00000000000001066 ) ) ;
#8799 = VERTEX_POINT ( 'NONE', #4126 ) ;
#8800 = VECTOR ( 'NONE', #6834, 1000.000000000000000 ) ;
#8801 = CARTESIAN_POINT ( 'NONE',  ( 40.00000000000000000, 0.000000000000000000, 17.50000000000000711 ) ) ;
#8802 = DIRECTION ( 'NONE',  ( 0.000000000000000000, 0.000000000000000000, 1.000000000000000000 ) ) ;
#8803 = ORIENTED_EDGE ( 'NONE', *, *, #3295, .F. ) ;
#8804 = EDGE_CURVE ( 'NONE', #576, #7635, #706, .T. ) ;
#8805 = CARTESIAN_POINT ( 'NONE',  ( -10.50000000000023803, 13.00000000000000000, -5.000000000000007994 ) ) ;
#8806 = EDGE_LOOP ( 'NONE', ( #8831, #8166, #4114, #1320, #4530, #8875 ) ) ;
#8807 = AXIS2_PLACEMENT_3D ( 'NONE', #4935, #8389, #2043 ) ;
#8808 = DIRECTION ( 'NONE',  ( 3.965082230804130220E-16, 0.000000000000000000, -1.000000000000000000 ) ) ;
#8809 = CARTESIAN_POINT ( 'NONE',  ( -16.00000000000000000, 0.9825791946689358403, -36.28035516764424528 ) ) ;
#8810 = DIRECTION ( 'NONE',  ( 0.000000000000000000, 1.000000000000000000, 0.000000000000000000 ) ) ;
#8811 = ORIENTED_EDGE ( 'NONE', *, *, #4502, .F. ) ;
#8812 = ORIENTED_EDGE ( 'NONE', *, *, #5084, .T. ) ;
#8813 = EDGE_LOOP ( 'NONE', ( #2007, #1723, #2105, #6502, #433, #6999 ) ) ;
#8814 = VERTEX_POINT ( 'NONE', #71 ) ;
#8815 = ADVANCED_FACE ( 'NONE', ( #4081 ), #7600, .F. ) ;
#8816 = ORIENTED_EDGE ( 'NONE', *, *, #2212, .F. ) ;
#8817 = EDGE_LOOP ( 'NONE', ( #1553, #5222, #4336, #7316 ) ) ;
#8818 = PLANE ( 'NONE',  #6777 ) ;
#8819 = CARTESIAN_POINT ( 'NONE',  ( 49.49999999999956657, 11.00000000000000000, 24.99999999999998934 ) ) ;
#8820 = DIRECTION ( 'NONE',  ( 0.000000000000000000, 1.000000000000000000, 0.000000000000000000 ) ) ;
#8821 = EDGE_CURVE ( 'NONE', #4779, #5543, #3446, .T. ) ;
#8822 = EDGE_CURVE ( 'NONE', #425, #2586, #6706, .T. ) ;
#8823 = DIRECTION ( 'NONE',  ( 0.000000000000000000, 0.000000000000000000, 1.000000000000000000 ) ) ;
#8824 = CARTESIAN_POINT ( 'NONE',  ( 16.00000000000000000, 6.754217778952477325, -39.98057072792637712 ) ) ;
#8825 = CARTESIAN_POINT ( 'NONE',  ( -28.99999999999999645, 2.066384047871771212, -37.33985784499884630 ) ) ;
#8826 = DIRECTION ( 'NONE',  ( 0.000000000000000000, 1.000000000000000000, 0.000000000000000000 ) ) ;
#8827 = DIRECTION ( 'NONE',  ( 0.000000000000000000, 0.000000000000000000, 1.000000000000000000 ) ) ;
#8828 = DIRECTION ( 'NONE',  ( 0.000000000000000000, 1.000000000000000000, 0.000000000000000000 ) ) ;
#8829 = DIRECTION ( 'NONE',  ( 0.000000000000000000, 0.000000000000000000, 1.000000000000000000 ) ) ;
#8830 = DIRECTION ( 'NONE',  ( 0.000000000000000000, 0.000000000000000000, 1.000000000000000000 ) ) ;
#8831 = ORIENTED_EDGE ( 'NONE', *, *, #4455, .F. ) ;
#8832 = DIRECTION ( 'NONE',  ( 0.000000000000000000, 0.000000000000000000, 1.000000000000000000 ) ) ;
#8833 = EDGE_CURVE ( 'NONE', #1638, #3213, #832, .T. ) ;
#8834 = VECTOR ( 'NONE', #6444, 1000.000000000000000 ) ;
#8835 = DIRECTION ( 'NONE',  ( 0.000000000000000000, 1.000000000000000000, 0.000000000000000000 ) ) ;
#8836 = FACE_OUTER_BOUND ( 'NONE', #5927, .T. ) ;
#8837 = CARTESIAN_POINT ( 'NONE',  ( -39.99999999999999289, 13.00000000000000000, 17.50000000000000711 ) ) ;
#8838 = CARTESIAN_POINT ( 'NONE',  ( 24.00000000000000711, 13.00000000000000000, 26.93649167310357839 ) ) ;
#8839 = ORIENTED_EDGE ( 'NONE', *, *, #7945, .F. ) ;
#8840 = CARTESIAN_POINT ( 'NONE',  ( 25.49999999999956302, 11.00000000000000000, 14.99999999999999289 ) ) ;
#8841 = EDGE_CURVE ( 'NONE', #8578, #5674, #749, .T. ) ;
#8842 = VERTEX_POINT ( 'NONE', #2143 ) ;
#8843 = VECTOR ( 'NONE', #1965, 1000.000000000000000 ) ;
#8844 = CARTESIAN_POINT ( 'NONE',  ( 10.50000000000003020, 11.00000000000000000, -15.00000000000001066 ) ) ;
#8845 = VERTEX_POINT ( 'NONE', #4899 ) ;
#8846 = FACE_OUTER_BOUND ( 'NONE', #4932, .T. ) ;
#8847 = VERTEX_POINT ( 'NONE', #7646 ) ;
#8848 = FACE_OUTER_BOUND ( 'NONE', #2591, .T. ) ;
#8849 = DIRECTION ( 'NONE',  ( 0.000000000000000000, 1.000000000000000000, 0.000000000000000000 ) ) ;
#8850 = DIRECTION ( 'NONE',  ( 0.000000000000000000, 0.000000000000000000, 1.000000000000000000 ) ) ;
#8851 = AXIS2_PLACEMENT_3D ( 'NONE', #6150, #2850, #8897 ) ;
#8852 = ORIENTED_EDGE ( 'NONE', *, *, #836, .T. ) ;
#8853 = EDGE_CURVE ( 'NONE', #1195, #165, #1465, .T. ) ;
#8854 = ORIENTED_EDGE ( 'NONE', *, *, #1845, .F. ) ;
#8855 = ORIENTED_EDGE ( 'NONE', *, *, #3076, .F. ) ;
#8856 = ORIENTED_EDGE ( 'NONE', *, *, #2459, .F. ) ;
#8857 = ORIENTED_EDGE ( 'NONE', *, *, #1074, .F. ) ;
#8858 = CYLINDRICAL_SURFACE ( 'NONE', #8791, 1.999999999999994893 ) ;
#8859 = DIRECTION ( 'NONE',  ( 0.000000000000000000, 1.000000000000000000, 0.000000000000000000 ) ) ;
#8860 = CARTESIAN_POINT ( 'NONE',  ( -39.99999999999999289, 13.00000000000000000, 17.50000000000000711 ) ) ;
#8861 = DIRECTION ( 'NONE',  ( 0.000000000000000000, 1.000000000000000000, 0.000000000000000000 ) ) ;
#8862 = ORIENTED_EDGE ( 'NONE', *, *, #6112, .T. ) ;
#8863 = CARTESIAN_POINT ( 'NONE',  ( -28.99999999999999645, 1.943302870196532028, -37.43656403318124148 ) ) ;
#8864 = AXIS2_PLACEMENT_3D ( 'NONE', #3832, #7932, #1088 ) ;
#8865 = VECTOR ( 'NONE', #4203, 1000.000000000000114 ) ;
#8866 = EDGE_CURVE ( 'NONE', #7392, #8618, #6282, .T. ) ;
#8867 = CARTESIAN_POINT ( 'NONE',  ( 35.49999999999957367, 11.00000000000000000, 14.99999999999999289 ) ) ;
#8868 = ORIENTED_EDGE ( 'NONE', *, *, #65, .F. ) ;
#8869 = DIRECTION ( 'NONE',  ( 2.040851148208008491E-16, -1.000000000000000000, 0.000000000000000000 ) ) ;
#8870 = VECTOR ( 'NONE', #4799, 1000.000000000000000 ) ;
#8871 = LINE ( 'NONE', #6756, #1380 ) ;
#8872 = DIRECTION ( 'NONE',  ( 0.000000000000000000, 1.000000000000000000, 0.000000000000000000 ) ) ;
#8873 = VECTOR ( 'NONE', #7531, 1000.000000000000000 ) ;
#8874 = CARTESIAN_POINT ( 'NONE',  ( -12.00000000000000355, 12.00000000000000000, -26.93649167310370629 ) ) ;
#8875 = ORIENTED_EDGE ( 'NONE', *, *, #8378, .F. ) ;
#8876 = CARTESIAN_POINT ( 'NONE',  ( -36.50000000000044054, 13.00000000000000000, 14.99999999999999289 ) ) ;
#8877 = VECTOR ( 'NONE', #3627, 1000.000000000000000 ) ;
#8878 = SECURITY_CLASSIFICATION ( '', '', #3161 ) ;
#8879 = AXIS2_PLACEMENT_3D ( 'NONE', #2637, #7426, #1165 ) ;
#8880 = EDGE_CURVE ( 'NONE', #1867, #1012, #2675, .T. ) ;
#8881 = DIRECTION ( 'NONE',  ( 0.000000000000000000, 1.000000000000000000, 0.000000000000000000 ) ) ;
#8882 = DIRECTION ( 'NONE',  ( 1.000000000000000000, -0.000000000000000000, -1.156482317317871725E-15 ) ) ;
#8883 = DIRECTION ( 'NONE',  ( 0.000000000000000000, 0.000000000000000000, 1.000000000000000000 ) ) ;
#8884 = AXIS2_PLACEMENT_3D ( 'NONE', #4516, #8565, #2985 ) ;
#8885 = ADVANCED_FACE ( 'NONE', ( #199 ), #3710, .T. ) ;
#8886 = CARTESIAN_POINT ( 'NONE',  ( -10.50000000000023803, 11.00000000000000000, -5.000000000000007994 ) ) ;
#8887 = DIRECTION ( 'NONE',  ( 0.000000000000000000, 0.000000000000000000, 1.000000000000000000 ) ) ;
#8888 = VECTOR ( 'NONE', #92, 1000.000000000000000 ) ;
#8889 = ORIENTED_EDGE ( 'NONE', *, *, #8388, .F. ) ;
#8890 = CARTESIAN_POINT ( 'NONE',  ( 49.49999999999977973, 11.00000000000000000, -5.000000000000007994 ) ) ;
#8891 = ORIENTED_EDGE ( 'NONE', *, *, #7883, .T. ) ;
#8892 = AXIS2_PLACEMENT_3D ( 'NONE', #3572, #1091, #6003 ) ;
#8893 = DIRECTION ( 'NONE',  ( 0.000000000000000000, 0.000000000000000000, 1.000000000000000000 ) ) ;
#8894 = ADVANCED_FACE ( 'NONE', ( #1551 ), #2391, .T. ) ;
#8895 = CARTESIAN_POINT ( 'NONE',  ( 28.99999999999999645, 2.099999999999986766, -37.31961524227066462 ) ) ;
#8896 = VERTEX_POINT ( 'NONE', #5110 ) ;
#8897 = DIRECTION ( 'NONE',  ( 0.000000000000000000, 0.000000000000000000, 1.000000000000000000 ) ) ;
#8898 = AXIS2_PLACEMENT_3D ( 'NONE', #7167, #1716, #274 ) ;
#8899 = CARTESIAN_POINT ( 'NONE',  ( -16.00000000000000000, 1.386317537029645441, -35.99958673730500891 ) ) ;
#8900 = DIRECTION ( 'NONE',  ( 0.000000000000000000, 0.000000000000000000, 1.000000000000000000 ) ) ;
#8901 = ORIENTED_EDGE ( 'NONE', *, *, #7566, .T. ) ;
#8902 = CIRCLE ( 'NONE', #5022, 19.50000000000000355 ) ;
#8903 = VERTEX_POINT ( 'NONE', #5028 ) ;
#8904 = EDGE_CURVE ( 'NONE', #1629, #8495, #7224, .T. ) ;
#8905 = ORIENTED_EDGE ( 'NONE', *, *, #4635, .T. ) ;
#8906 = EDGE_LOOP ( 'NONE', ( #5127, #7005, #2326, #7155 ) ) ;
#8907 = ORIENTED_EDGE ( 'NONE', *, *, #1755, .T. ) ;
#8908 = DIRECTION ( 'NONE',  ( -1.000000000000000000, 0.000000000000000000, 0.000000000000000000 ) ) ;
#8909 = VECTOR ( 'NONE', #6838, 1000.000000000000000 ) ;
#8910 = ADVANCED_FACE ( 'NONE', ( #7853 ), #7130, .T. ) ;
#8911 = DIRECTION ( 'NONE',  ( -1.000000000000000000, 0.000000000000000000, 0.000000000000000000 ) ) ;
#8912 = DIRECTION ( 'NONE',  ( 2.040851148208008491E-16, -1.000000000000000000, 0.000000000000000000 ) ) ;
#8913 = CARTESIAN_POINT ( 'NONE',  ( -10.50000000000044587, 13.00000000000000000, 14.99999999999999289 ) ) ;
#8914 = ORIENTED_EDGE ( 'NONE', *, *, #1682, .T. ) ;
#8915 = CARTESIAN_POINT ( 'NONE',  ( -16.00000000000000000, 6.754217778952477325, -39.98057072792637712 ) ) ;
ENDSEC;
END-ISO-10303-21;
