ISO-10303-21;
HEADER;
FILE_DESCRIPTION (( 'STEP AP203' ),
    '1' );
FILE_NAME ('µ××ù.STEP',
    '2026-08-20T03:40:13',
    ( '' ),
    ( '' ),
    'SwSTEP 2.0',
    'SolidWorks 2026',
    '' );
FILE_SCHEMA (( 'CONFIG_CONTROL_DESIGN' ));
ENDSEC;

DATA;
#1 = ORIENTED_EDGE ( 'NONE', *, *, #992, .F. ) ;
#2 = DIRECTION ( 'NONE',  ( 0.000000000000000000, -1.000000000000000000, 0.000000000000000000 ) ) ;
#3 = FACE_OUTER_BOUND ( 'NONE', #2170, .T. ) ;
#4 = PLANE ( 'NONE',  #1862 ) ;
#5 = AXIS2_PLACEMENT_3D ( 'NONE', #359, #1304, #1055 ) ;
#6 = PLANE ( 'NONE',  #507 ) ;
#7 = AXIS2_PLACEMENT_3D ( 'NONE', #1082, #494, #1279 ) ;
#8 = EDGE_CURVE ( 'NONE', #1145, #1401, #218, .T. ) ;
#9 = DIRECTION ( 'NONE',  ( 1.000000000000000000, -0.000000000000000000, 9.637352644315595243E-17 ) ) ;
#10 = AXIS2_PLACEMENT_3D ( 'NONE', #1774, #91, #1567 ) ;
#11 = VERTEX_POINT ( 'NONE', #210 ) ;
#12 = CARTESIAN_POINT ( 'NONE',  ( 16.99999999999999645, -3.500000000000003109, 0.000000000000000000 ) ) ;
#13 = EDGE_CURVE ( 'NONE', #1246, #526, #2126, .T. ) ;
#14 = ORIENTED_EDGE ( 'NONE', *, *, #2046, .F. ) ;
#15 = DIRECTION ( 'NONE',  ( 0.000000000000000000, 0.000000000000000000, -1.000000000000000000 ) ) ;
#16 = DIRECTION ( 'NONE',  ( 1.000000000000000000, -0.000000000000000000, 1.445602896647339656E-16 ) ) ;
#17 = CARTESIAN_POINT ( 'NONE',  ( 13.99999999999999822, 0.000000000000000000, 18.50000000000000355 ) ) ;
#18 = DATE_TIME_ROLE ( 'classification_date' ) ;
#19 = DIRECTION ( 'NONE',  ( 0.000000000000000000, 0.000000000000000000, 1.000000000000000000 ) ) ;
#20 = DIRECTION ( 'NONE',  ( 1.445602896647339656E-16, 0.000000000000000000, 1.000000000000000000 ) ) ;
#21 = ORIENTED_EDGE ( 'NONE', *, *, #435, .T. ) ;
#22 = DIRECTION ( 'NONE',  ( 1.334402673828313339E-16, 0.000000000000000000, -1.000000000000000000 ) ) ;
#23 = EDGE_CURVE ( 'NONE', #1237, #1338, #2429, .T. ) ;
#24 = FACE_OUTER_BOUND ( 'NONE', #122, .T. ) ;
#25 = EDGE_CURVE ( 'NONE', #2263, #1075, #1125, .T. ) ;
#26 = FACE_OUTER_BOUND ( 'NONE', #1933, .T. ) ;
#27 = DIRECTION ( 'NONE',  ( -0.000000000000000000, -0.000000000000000000, 1.000000000000000000 ) ) ;
#28 = VECTOR ( 'NONE', #682, 1000.000000000000000 ) ;
#29 = DIRECTION ( 'NONE',  ( 1.269309860470834231E-16, 0.000000000000000000, -1.000000000000000000 ) ) ;
#30 = VECTOR ( 'NONE', #1939, 1000.000000000000000 ) ;
#31 = FACE_OUTER_BOUND ( 'NONE', #156, .T. ) ;
#32 = VERTEX_POINT ( 'NONE', #955 ) ;
#33 = VERTEX_POINT ( 'NONE', #1529 ) ;
#34 = ADVANCED_FACE ( 'NONE', ( #26 ), #1346, .T. ) ;
#35 = VECTOR ( 'NONE', #788, 1000.000000000000000 ) ;
#36 = ORIENTED_EDGE ( 'NONE', *, *, #193, .F. ) ;
#37 = CARTESIAN_POINT ( 'NONE',  ( 17.00000000000000000, -4.500000000000003553, -27.00000000000000355 ) ) ;
#38 = CARTESIAN_POINT ( 'NONE',  ( -14.00000000000000000, -1.500000000000001332, -36.50010000000000332 ) ) ;
#39 = AXIS2_PLACEMENT_3D ( 'NONE', #293, #909, #2189 ) ;
#40 = ADVANCED_FACE ( 'NONE', ( #2275 ), #1114, .T. ) ;
#41 = CYLINDRICAL_SURFACE ( 'NONE', #531, 1.000000000000000888 ) ;
#42 = ORIENTED_EDGE ( 'NONE', *, *, #1471, .F. ) ;
#43 = VECTOR ( 'NONE', #640, 1000.000000000000000 ) ;
#44 = ORIENTED_EDGE ( 'NONE', *, *, #366, .F. ) ;
#45 = VECTOR ( 'NONE', #2288, 1000.000000000000000 ) ;
#46 = ORIENTED_EDGE ( 'NONE', *, *, #742, .T. ) ;
#47 = DIRECTION ( 'NONE',  ( -1.000000000000000000, 0.000000000000000000, 0.000000000000000000 ) ) ;
#48 = CARTESIAN_POINT ( 'NONE',  ( 16.50000000000000000, -4.500011999999998125, 21.99999999999999289 ) ) ;
#49 = ORIENTED_EDGE ( 'NONE', *, *, #1685, .F. ) ;
#50 = DIRECTION ( 'NONE',  ( 0.000000000000000000, 0.000000000000000000, -1.000000000000000000 ) ) ;
#51 = EDGE_CURVE ( 'NONE', #775, #1338, #781, .T. ) ;
#52 = LINE ( 'NONE', #2258, #2328 ) ;
#53 = VERTEX_POINT ( 'NONE', #1908 ) ;
#54 = ORIENTED_EDGE ( 'NONE', *, *, #1167, .T. ) ;
#55 = FACE_OUTER_BOUND ( 'NONE', #680, .T. ) ;
#56 = ORIENTED_EDGE ( 'NONE', *, *, #1052, .F. ) ;
#57 = LOCAL_TIME ( 11, 40, 13.00000000000000000, #610 ) ;
#58 = LINE ( 'NONE', #1788, #238 ) ;
#59 = CARTESIAN_POINT ( 'NONE',  ( 0.000000000000000000, 0.000000000000000000, 0.000000000000000000 ) ) ;
#60 = EDGE_CURVE ( 'NONE', #32, #1746, #1543, .T. ) ;
#61 = CARTESIAN_POINT ( 'NONE',  ( 0.000000000000000000, 20.00000000000001776, -9.500000000000001776 ) ) ;
#62 = LINE ( 'NONE', #1722, #1469 ) ;
#63 = ORIENTED_EDGE ( 'NONE', *, *, #1519, .T. ) ;
#64 = CARTESIAN_POINT ( 'NONE',  ( 13.99999999999999822, -1.500000000000001332, 18.50000000000000355 ) ) ;
#65 = EDGE_LOOP ( 'NONE', ( #1201, #2135, #1479, #2426 ) ) ;
#66 = CARTESIAN_POINT ( 'NONE',  ( 13.99999999999999822, -4.500000000000003553, 18.50000000000000355 ) ) ;
#67 = ADVANCED_FACE ( 'NONE', ( #3 ), #565, .T. ) ;
#68 = PLANE ( 'NONE',  #666 ) ;
#69 = EDGE_LOOP ( 'NONE', ( #205, #837, #1564, #75 ) ) ;
#70 = DIRECTION ( 'NONE',  ( 1.000000000000000000, 0.000000000000000000, 9.637352644315595243E-17 ) ) ;
#71 = AXIS2_PLACEMENT_3D ( 'NONE', #948, #1721, #19 ) ;
#72 = CARTESIAN_POINT ( 'NONE',  ( -18.00000000000000355, -3.500000000000003109, 23.99999999999999289 ) ) ;
#73 = DIRECTION ( 'NONE',  ( 0.000000000000000000, 0.000000000000000000, -1.000000000000000000 ) ) ;
#74 = CARTESIAN_POINT ( 'NONE',  ( -16.49999999999999645, -4.500000000000003553, 0.000000000000000000 ) ) ;
#75 = ORIENTED_EDGE ( 'NONE', *, *, #342, .T. ) ;
#76 = AXIS2_PLACEMENT_3D ( 'NONE', #1015, #989, #977 ) ;
#77 = ORIENTED_EDGE ( 'NONE', *, *, #797, .F. ) ;
#78 = DIRECTION ( 'NONE',  ( 0.000000000000000000, 1.000000000000000000, 0.000000000000000000 ) ) ;
#79 = VECTOR ( 'NONE', #1754, 1000.000000000000000 ) ;
#80 = AXIS2_PLACEMENT_3D ( 'NONE', #1642, #327, #2210 ) ;
#81 = DIRECTION ( 'NONE',  ( 0.000000000000000000, -0.000000000000000000, -1.000000000000000000 ) ) ;
#82 = EDGE_LOOP ( 'NONE', ( #1796, #1162, #407, #1451 ) ) ;
#83 = CARTESIAN_POINT ( 'NONE',  ( -16.49999999999999289, -4.500011999999998125, -26.00000000000000355 ) ) ;
#84 = DIRECTION ( 'NONE',  ( 0.000000000000000000, -1.000000000000000000, 0.000000000000000000 ) ) ;
#85 = CARTESIAN_POINT ( 'NONE',  ( 14.00000000000000355, -1.500000000000001332, -22.50000000000000355 ) ) ;
#86 = CARTESIAN_POINT ( 'NONE',  ( 13.99999999999999645, -3.000000000000002665, 17.99999999999998934 ) ) ;
#87 = VERTEX_POINT ( 'NONE', #1520 ) ;
#88 = CARTESIAN_POINT ( 'NONE',  ( -9.260129588726066174, -4.500000000000003553, -28.00000000000000355 ) ) ;
#89 = ORIENTED_EDGE ( 'NONE', *, *, #2355, .F. ) ;
#90 = EDGE_CURVE ( 'NONE', #1231, #87, #2265, .T. ) ;
#91 = DIRECTION ( 'NONE',  ( -0.000000000000000000, 0.000000000000000000, 1.000000000000000000 ) ) ;
#92 = PRODUCT_DEFINITION_FORMATION_WITH_SPECIFIED_SOURCE ( 'ä»', '', #573, .NOT_KNOWN. ) ;
#93 = EDGE_CURVE ( 'NONE', #2346, #725, #1181, .T. ) ;
#94 = ORIENTED_EDGE ( 'NONE', *, *, #1562, .F. ) ;
#95 = FACE_BOUND ( 'NONE', #2237, .T. ) ;
#96 = LINE ( 'NONE', #1974, #43 ) ;
#97 = DIRECTION ( 'NONE',  ( 0.000000000000000000, -0.000000000000000000, 1.000000000000000000 ) ) ;
#98 = DIRECTION ( 'NONE',  ( 0.000000000000000000, 1.000000000000000000, 0.000000000000000000 ) ) ;
#99 = ORIENTED_EDGE ( 'NONE', *, *, #2171, .F. ) ;
#100 = CYLINDRICAL_SURFACE ( 'NONE', #965, 1.000000000000000888 ) ;
#101 = VERTEX_POINT ( 'NONE', #1400 ) ;
#102 = ORIENTED_EDGE ( 'NONE', *, *, #2092, .T. ) ;
#103 = CARTESIAN_POINT ( 'NONE',  ( -15.50000000000000000, -4.500011999999998125, 21.99999999999999289 ) ) ;
#104 = DIRECTION ( 'NONE',  ( 0.000000000000000000, 1.000000000000000000, 0.000000000000000000 ) ) ;
#105 = ADVANCED_FACE ( 'NONE', ( #657 ), #240, .T. ) ;
#106 = ORIENTED_EDGE ( 'NONE', *, *, #1549, .F. ) ;
#107 = LINE ( 'NONE', #1473, #399 ) ;
#108 = CARTESIAN_POINT ( 'NONE',  ( 8.227241335951156032, 20.00000000000001776, 4.750000000000587086 ) ) ;
#109 = FACE_OUTER_BOUND ( 'NONE', #1827, .T. ) ;
#110 = CARTESIAN_POINT ( 'NONE',  ( 8.799999999999993605, -4.500000000000003553, 22.99999999999999289 ) ) ;
#111 = VECTOR ( 'NONE', #2067, 1000.000000000000000 ) ;
#112 = VERTEX_POINT ( 'NONE', #1359 ) ;
#113 = ADVANCED_FACE ( 'NONE', ( #818 ), #1922, .F. ) ;
#114 = CARTESIAN_POINT ( 'NONE',  ( -10.00000000000000000, -4.500000000000003553, -36.50010000000000332 ) ) ;
#115 = EDGE_LOOP ( 'NONE', ( #1977, #1600, #1137, #621 ) ) ;
#116 = ORIENTED_EDGE ( 'NONE', *, *, #2378, .F. ) ;
#117 = CYLINDRICAL_SURFACE ( 'NONE', #2045, 2.500000000000000444 ) ;
#118 = VECTOR ( 'NONE', #1842, 1000.000000000000000 ) ;
#119 = CIRCLE ( 'NONE', #2281, 1.000000000000000888 ) ;
#120 = CIRCLE ( 'NONE', #624, 1.000000000001224798 ) ;
#121 = CARTESIAN_POINT ( 'NONE',  ( 1.224646799147353454E-16, 20.00000000000001776, -8.500000000000000000 ) ) ;
#122 = EDGE_LOOP ( 'NONE', ( #1814, #63, #54, #510 ) ) ;
#123 = DIRECTION ( 'NONE',  ( -1.334402673828313339E-16, -0.000000000000000000, 1.000000000000000000 ) ) ;
#124 = CIRCLE ( 'NONE', #1136, 1.000000000000000888 ) ;
#125 = APPROVAL ( #1289, 'æœª' ) ;
#126 = LINE ( 'NONE', #2015, #1019 ) ;
#127 = AXIS2_PLACEMENT_3D ( 'NONE', #1669, #732, #363 ) ;
#128 = CARTESIAN_POINT ( 'NONE',  ( 13.99999999999999822, -4.500000000000003553, -28.00000000000000000 ) ) ;
#129 = EDGE_CURVE ( 'NONE', #1707, #1119, #794, .T. ) ;
#130 = ORIENTED_EDGE ( 'NONE', *, *, #1834, .T. ) ;
#131 = LINE ( 'NONE', #823, #822 ) ;
#132 = EDGE_CURVE ( 'NONE', #251, #419, #1416, .T. ) ;
#133 = CARTESIAN_POINT ( 'NONE',  ( 0.000000000000000000, 23.00000000000002132, 33.04999999999999716 ) ) ;
#134 = EDGE_LOOP ( 'NONE', ( #459, #689, #972, #1151, #1809, #804 ) ) ;
#135 = EDGE_LOOP ( 'NONE', ( #768, #56 ) ) ;
#136 = DIRECTION ( 'NONE',  ( 0.000000000000000000, -1.000000000000000000, 0.000000000000000000 ) ) ;
#137 = CARTESIAN_POINT ( 'NONE',  ( -14.00000000000000178, -1.500000000000001332, 18.49999999999998934 ) ) ;
#138 = ORIENTED_EDGE ( 'NONE', *, *, #1144, .F. ) ;
#139 = CARTESIAN_POINT ( 'NONE',  ( -9.260129588726066174, -4.500000000000003553, -36.50010000000000332 ) ) ;
#140 = DIRECTION ( 'NONE',  ( 0.000000000000000000, 0.000000000000000000, 1.000000000000000000 ) ) ;
#141 = DIRECTION ( 'NONE',  ( 0.000000000000000000, -0.000000000000000000, 1.000000000000000000 ) ) ;
#142 =( LENGTH_UNIT ( ) NAMED_UNIT ( * ) SI_UNIT ( .MILLI., .METRE. ) );
#143 = ADVANCED_FACE ( 'NONE', ( #1607 ), #1593, .F. ) ;
#144 = LINE ( 'NONE', #1086, #735 ) ;
#145 = EDGE_LOOP ( 'NONE', ( #951, #409, #1783, #1411 ) ) ;
#146 = CARTESIAN_POINT ( 'NONE',  ( 1.843143693225357538E-15, -15.00000000000000000, -27.00000000000000355 ) ) ;
#147 = AXIS2_PLACEMENT_3D ( 'NONE', #114, #2358, #1450 ) ;
#148 = FACE_OUTER_BOUND ( 'NONE', #82, .T. ) ;
#149 = EDGE_LOOP ( 'NONE', ( #44, #850 ) ) ;
#150 = CARTESIAN_POINT ( 'NONE',  ( -18.00000000000000355, -3.500000000000003109, 23.99999999999999289 ) ) ;
#151 = CARTESIAN_POINT ( 'NONE',  ( 16.49999999999999289, -4.500000000000003553, -26.00000000000000355 ) ) ;
#152 = FACE_BOUND ( 'NONE', #893, .T. ) ;
#153 =( NAMED_UNIT ( * ) SI_UNIT ( $, .STERADIAN. ) SOLID_ANGLE_UNIT ( ) );
#154 = LINE ( 'NONE', #903, #1606 ) ;
#155 = APPROVAL ( #731, 'æœª' ) ;
#156 = EDGE_LOOP ( 'NONE', ( #516, #2214, #340, #988 ) ) ;
#157 =( GEOMETRIC_REPRESENTATION_CONTEXT ( 3 ) GLOBAL_UNCERTAINTY_ASSIGNED_CONTEXT ( ( #786 ) ) GLOBAL_UNIT_ASSIGNED_CONTEXT ( ( #142, #521, #153 ) ) REPRESENTATION_CONTEXT ( 'NONE', 'WORKASPACE' ) );
#158 = AXIS2_PLACEMENT_3D ( 'NONE', #535, #1284, #1332 ) ;
#159 = CARTESIAN_POINT ( 'NONE',  ( -14.00000000000000178, -4.500000000000003553, 18.49999999999998934 ) ) ;
#160 = LINE ( 'NONE', #1812, #548 ) ;
#161 = ORIENTED_EDGE ( 'NONE', *, *, #1851, .F. ) ;
#162 = DIRECTION ( 'NONE',  ( -1.387778780781445922E-16, -0.000000000000000000, 1.000000000000000000 ) ) ;
#163 = ADVANCED_FACE ( 'NONE', ( #1372 ), #2127, .T. ) ;
#164 = VECTOR ( 'NONE', #1845, 1000.000000000000000 ) ;
#165 = DIRECTION ( 'NONE',  ( -1.971276677246372012E-16, -0.000000000000000000, 1.000000000000000000 ) ) ;
#166 = AXIS2_PLACEMENT_3D ( 'NONE', #1348, #2267, #2102 ) ;
#167 = FACE_BOUND ( 'NONE', #1675, .T. ) ;
#168 = PERSON_AND_ORGANIZATION ( #1413, #546 ) ;
#169 = VECTOR ( 'NONE', #2019, 1000.000000000000000 ) ;
#170 = LINE ( 'NONE', #1847, #222 ) ;
#171 = EDGE_LOOP ( 'NONE', ( #1156, #1647, #545, #2436 ) ) ;
#172 = CARTESIAN_POINT ( 'NONE',  ( 10.79999999999999893, -1.500000000000001332, 18.50000000000000355 ) ) ;
#173 = EDGE_CURVE ( 'NONE', #594, #1224, #281, .T. ) ;
#174 = ORIENTED_EDGE ( 'NONE', *, *, #1549, .T. ) ;
#175 = CARTESIAN_POINT ( 'NONE',  ( 8.227241335951156032, 20.00000000000001776, 3.749999999999362288 ) ) ;
#176 = DIRECTION ( 'NONE',  ( -0.000000000000000000, 1.000000000000000000, -0.000000000000000000 ) ) ;
#177 = CARTESIAN_POINT ( 'NONE',  ( -8.227241335953177526, 3.000000000000002665, 2.249999999998572697 ) ) ;
#178 = ADVANCED_FACE ( 'NONE', ( #55 ), #636, .T. ) ;
#179 = DIRECTION ( 'NONE',  ( 0.000000000000000000, 0.000000000000000000, -1.000000000000000000 ) ) ;
#180 = FACE_OUTER_BOUND ( 'NONE', #1554, .T. ) ;
#181 = ORIENTED_EDGE ( 'NONE', *, *, #896, .T. ) ;
#182 = VECTOR ( 'NONE', #1599, 1000.000000000000000 ) ;
#183 = DIRECTION ( 'NONE',  ( -0.000000000000000000, 1.000000000000000000, -0.000000000000000000 ) ) ;
#184 = VERTEX_POINT ( 'NONE', #2298 ) ;
#185 = DIRECTION ( 'NONE',  ( 1.000000000000000000, -0.000000000000000000, 9.637352644315595243E-17 ) ) ;
#186 = AXIS2_PLACEMENT_3D ( 'NONE', #2041, #2054, #721 ) ;
#187 = EDGE_CURVE ( 'NONE', #473, #87, #2337, .T. ) ;
#188 = CARTESIAN_POINT ( 'NONE',  ( 8.227241335951156032, 3.000000000000002665, 4.750000000000587086 ) ) ;
#189 = CYLINDRICAL_SURFACE ( 'NONE', #127, 1.000000000000000888 ) ;
#190 = EDGE_CURVE ( 'NONE', #1577, #973, #619, .T. ) ;
#191 = ORIENTED_EDGE ( 'NONE', *, *, #2203, .F. ) ;
#192 = FACE_OUTER_BOUND ( 'NONE', #1797, .T. ) ;
#193 = EDGE_CURVE ( 'NONE', #1397, #1971, #2111, .T. ) ;
#194 = CIRCLE ( 'NONE', #313, 2.500000000000841993 ) ;
#195 = VERTEX_POINT ( 'NONE', #446 ) ;
#196 = FACE_OUTER_BOUND ( 'NONE', #675, .T. ) ;
#197 = AXIS2_PLACEMENT_3D ( 'NONE', #1314, #16, #765 ) ;
#198 = EDGE_CURVE ( 'NONE', #879, #473, #805, .T. ) ;
#199 = DIRECTION ( 'NONE',  ( 0.000000000000000000, -0.000000000000000000, 1.000000000000000000 ) ) ;
#200 = VECTOR ( 'NONE', #1018, 1000.000000000000000 ) ;
#201 = DIRECTION ( 'NONE',  ( 0.000000000000000000, -1.000000000000000000, 0.000000000000000000 ) ) ;
#202 = VECTOR ( 'NONE', #425, 1000.000000000000000 ) ;
#203 = EDGE_CURVE ( 'NONE', #1261, #1021, #749, .T. ) ;
#204 = CARTESIAN_POINT ( 'NONE',  ( 10.79999999999999893, -4.500000000000003553, 18.50000000000000355 ) ) ;
#205 = ORIENTED_EDGE ( 'NONE', *, *, #1516, .T. ) ;
#206 = DIRECTION ( 'NONE',  ( 0.000000000000000000, -1.000000000000000000, 0.000000000000000000 ) ) ;
#207 = ADVANCED_FACE ( 'NONE', ( #1003 ), #68, .T. ) ;
#208 = EDGE_LOOP ( 'NONE', ( #242, #94, #2274, #472 ) ) ;
#209 = LINE ( 'NONE', #814, #961 ) ;
#210 = CARTESIAN_POINT ( 'NONE',  ( 12.49999999999999645, -3.000000000000002665, 17.99999999999998934 ) ) ;
#211 = CARTESIAN_POINT ( 'NONE',  ( -8.799999999999993605, -4.111473928947035006, -27.00000000000000355 ) ) ;
#212 = SECURITY_CLASSIFICATION_LEVEL ( 'unclassified' ) ;
#213 = DIRECTION ( 'NONE',  ( 0.000000000000000000, -1.000000000000000000, 0.000000000000000000 ) ) ;
#214 = ORIENTED_EDGE ( 'NONE', *, *, #384, .F. ) ;
#215 = EDGE_CURVE ( 'NONE', #877, #317, #829, .T. ) ;
#216 = VERTEX_POINT ( 'NONE', #1236 ) ;
#217 = EDGE_LOOP ( 'NONE', ( #2075, #1489, #990, #1775 ) ) ;
#218 = LINE ( 'NONE', #1726, #2202 ) ;
#219 = ADVANCED_FACE ( 'NONE', ( #2034 ), #1481, .T. ) ;
#220 = VERTEX_POINT ( 'NONE', #501 ) ;
#221 = CARTESIAN_POINT ( 'NONE',  ( 1.734723475976807094E-15, -1.000000000000000888, -27.00000000000000355 ) ) ;
#222 = VECTOR ( 'NONE', #9, 1000.000000000000000 ) ;
#223 = PERSON_AND_ORGANIZATION_ROLE ( 'creator' ) ;
#224 = LINE ( 'NONE', #1240, #1095 ) ;
#225 = CARTESIAN_POINT ( 'NONE',  ( -2.222614453595284090E-15, -4.500000000000003553, 22.99999999999999289 ) ) ;
#226 = ORIENTED_EDGE ( 'NONE', *, *, #1152, .F. ) ;
#227 = ORIENTED_EDGE ( 'NONE', *, *, #2262, .F. ) ;
#228 = AXIS2_PLACEMENT_3D ( 'NONE', #511, #881, #672 ) ;
#229 = DIRECTION ( 'NONE',  ( -1.000000000000000000, 0.000000000000000000, -9.637352644315595243E-17 ) ) ;
#230 = EDGE_CURVE ( 'NONE', #367, #879, #713, .T. ) ;
#231 = EDGE_LOOP ( 'NONE', ( #1552, #2312 ) ) ;
#232 = CARTESIAN_POINT ( 'NONE',  ( -18.00000000000000355, -3.500000000000003109, 23.99999999999999289 ) ) ;
#233 = VECTOR ( 'NONE', #321, 1000.000000000000000 ) ;
#234 = LINE ( 'NONE', #983, #634 ) ;
#235 = VERTEX_POINT ( 'NONE', #1852 ) ;
#236 = VECTOR ( 'NONE', #258, 1000.000000000000000 ) ;
#237 = VERTEX_POINT ( 'NONE', #688 ) ;
#238 = VECTOR ( 'NONE', #1944, 1000.000000000000000 ) ;
#239 = AXIS2_PLACEMENT_3D ( 'NONE', #386, #417, #20 ) ;
#240 = PLANE ( 'NONE',  #748 ) ;
#241 = ADVANCED_FACE ( 'NONE', ( #148 ), #2405, .F. ) ;
#242 = ORIENTED_EDGE ( 'NONE', *, *, #1345, .F. ) ;
#243 = LINE ( 'NONE', #438, #2367 ) ;
#244 = ADVANCED_FACE ( 'NONE', ( #1089 ), #2216, .T. ) ;
#245 = CARTESIAN_POINT ( 'NONE',  ( 0.000000000000000000, 22.65387227651099877, 0.000000000000000000 ) ) ;
#246 = CARTESIAN_POINT ( 'NONE',  ( 12.49999999999999645, -3.000000000000002665, 17.99999999999998934 ) ) ;
#247 = CARTESIAN_POINT ( 'NONE',  ( -14.00000000000000000, -1.500000000000001332, -36.50010000000000332 ) ) ;
#248 = ORIENTED_EDGE ( 'NONE', *, *, #2266, .T. ) ;
#249 = VERTEX_POINT ( 'NONE', #1223 ) ;
#250 = DIRECTION ( 'NONE',  ( 0.000000000000000000, 1.000000000000000000, 0.000000000000000000 ) ) ;
#251 = VERTEX_POINT ( 'NONE', #1983 ) ;
#252 = VECTOR ( 'NONE', #481, 1000.000000000000000 ) ;
#253 = DIRECTION ( 'NONE',  ( 0.000000000000000000, 0.000000000000000000, 1.000000000000000000 ) ) ;
#254 = ORIENTED_EDGE ( 'NONE', *, *, #2370, .T. ) ;
#255 = FACE_BOUND ( 'NONE', #1880, .T. ) ;
#256 = ADVANCED_FACE ( 'NONE', ( #870 ), #1443, .T. ) ;
#257 = LINE ( 'NONE', #2383, #2014 ) ;
#258 = DIRECTION ( 'NONE',  ( -1.269309860470834477E-16, -0.000000000000000000, 1.000000000000000000 ) ) ;
#259 = CARTESIAN_POINT ( 'NONE',  ( -15.50000000000000711, -1.500000000000001332, -26.00000000000000355 ) ) ;
#260 = ORIENTED_EDGE ( 'NONE', *, *, #1190, .T. ) ;
#261 = VERTEX_POINT ( 'NONE', #2010 ) ;
#262 = EDGE_CURVE ( 'NONE', #1145, #1194, #305, .T. ) ;
#263 = CARTESIAN_POINT ( 'NONE',  ( 0.000000000000000000, 59.00000000000000000, -32.25000000000000000 ) ) ;
#264 = ORIENTED_EDGE ( 'NONE', *, *, #727, .F. ) ;
#265 = DIRECTION ( 'NONE',  ( 0.000000000000000000, 0.000000000000000000, -1.000000000000000000 ) ) ;
#266 = ORIENTED_EDGE ( 'NONE', *, *, #173, .F. ) ;
#267 = CARTESIAN_POINT ( 'NONE',  ( -16.49999999999999289, -1.500000000000001332, -26.00000000000000355 ) ) ;
#268 = AXIS2_PLACEMENT_3D ( 'NONE', #1476, #1667, #1463 ) ;
#269 = VECTOR ( 'NONE', #183, 1000.000000000000000 ) ;
#270 = DIRECTION ( 'NONE',  ( 0.000000000000000000, 0.000000000000000000, -1.000000000000000000 ) ) ;
#271 = DIRECTION ( 'NONE',  ( -1.000000000000000000, 0.000000000000000000, -0.000000000000000000 ) ) ;
#272 = CARTESIAN_POINT ( 'NONE',  ( -12.49999999999999645, -3.000000000000002665, 17.99999999999998934 ) ) ;
#273 = ORIENTED_EDGE ( 'NONE', *, *, #1351, .F. ) ;
#274 = ADVANCED_FACE ( 'NONE', ( #1673 ), #525, .F. ) ;
#275 = LINE ( 'NONE', #263, #844 ) ;
#276 = AXIS2_PLACEMENT_3D ( 'NONE', #108, #662, #284 ) ;
#277 = ORIENTED_EDGE ( 'NONE', *, *, #1232, .T. ) ;
#278 = EDGE_LOOP ( 'NONE', ( #138, #1658, #254, #1275 ) ) ;
#279 = EDGE_CURVE ( 'NONE', #1918, #725, #160, .T. ) ;
#280 = VECTOR ( 'NONE', #1238, 1000.000000000000000 ) ;
#281 = LINE ( 'NONE', #1387, #1461 ) ;
#282 = ORIENTED_EDGE ( 'NONE', *, *, #764, .F. ) ;
#283 = DIRECTION ( 'NONE',  ( 1.445602896647339410E-16, 0.000000000000000000, -1.000000000000000000 ) ) ;
#284 = DIRECTION ( 'NONE',  ( 0.000000000000000000, 0.000000000000000000, -1.000000000000000000 ) ) ;
#285 = DIRECTION ( 'NONE',  ( 0.000000000000000000, -1.000000000000000000, 0.000000000000000000 ) ) ;
#286 = FACE_OUTER_BOUND ( 'NONE', #591, .T. ) ;
#287 = ORIENTED_EDGE ( 'NONE', *, *, #2252, .F. ) ;
#288 = DIRECTION ( 'NONE',  ( 9.637352644315595243E-17, 0.000000000000000000, -1.000000000000000000 ) ) ;
#289 = ORIENTED_EDGE ( 'NONE', *, *, #290, .T. ) ;
#290 = EDGE_CURVE ( 'NONE', #2197, #2097, #1830, .T. ) ;
#291 = VERTEX_POINT ( 'NONE', #332 ) ;
#292 = CARTESIAN_POINT ( 'NONE',  ( 8.227241335951156032, 20.00000000000001776, 4.750000000000587086 ) ) ;
#293 = CARTESIAN_POINT ( 'NONE',  ( 13.99999999999999645, -3.000000000000002665, -22.00000000000000711 ) ) ;
#294 = ORIENTED_EDGE ( 'NONE', *, *, #2355, .T. ) ;
#295 = DIRECTION ( 'NONE',  ( 0.000000000000000000, 0.000000000000000000, -1.000000000000000000 ) ) ;
#296 = CARTESIAN_POINT ( 'NONE',  ( -16.49999999999999289, -4.500011999999998125, -26.00000000000000355 ) ) ;
#297 = DIRECTION ( 'NONE',  ( -1.000000000000000000, 0.000000000000000000, -9.637352644315595243E-17 ) ) ;
#298 = DIRECTION ( 'NONE',  ( 0.000000000000000000, -1.000000000000000000, 0.000000000000000000 ) ) ;
#299 = VERTEX_POINT ( 'NONE', #1264 ) ;
#300 = CYLINDRICAL_SURFACE ( 'NONE', #808, 2.500000000001224354 ) ;
#301 = AXIS2_PLACEMENT_3D ( 'NONE', #133, #1782, #2184 ) ;
#302 = VERTEX_POINT ( 'NONE', #490 ) ;
#303 = CARTESIAN_POINT ( 'NONE',  ( -8.799999999999993605, -4.500000000000003553, -27.00000000000000355 ) ) ;
#304 = EDGE_CURVE ( 'NONE', #1577, #1785, #2416, .T. ) ;
#305 = LINE ( 'NONE', #514, #233 ) ;
#306 = EDGE_CURVE ( 'NONE', #1368, #53, #1650, .T. ) ;
#307 = EDGE_LOOP ( 'NONE', ( #14, #793 ) ) ;
#308 = LINE ( 'NONE', #1676, #892 ) ;
#309 = CARTESIAN_POINT ( 'NONE',  ( -10.00000000000000000, -1.500000000000001332, -28.00000000000000355 ) ) ;
#310 = ORIENTED_EDGE ( 'NONE', *, *, #1935, .F. ) ;
#311 = CARTESIAN_POINT ( 'NONE',  ( 0.000000000000000000, 3.000000000000002665, 0.000000000000000000 ) ) ;
#312 = DIRECTION ( 'NONE',  ( -0.000000000000000000, -1.000000000000000000, -0.000000000000000000 ) ) ;
#313 = AXIS2_PLACEMENT_3D ( 'NONE', #1385, #1829, #2033 ) ;
#314 = ORIENTED_EDGE ( 'NONE', *, *, #1738, .T. ) ;
#315 = CARTESIAN_POINT ( 'NONE',  ( 8.227241335951156032, 20.00000000000001776, 4.750000000000587086 ) ) ;
#316 = EDGE_LOOP ( 'NONE', ( #1180, #697, #1517, #1715 ) ) ;
#317 = VERTEX_POINT ( 'NONE', #1455 ) ;
#318 = DIRECTION ( 'NONE',  ( 0.000000000000000000, 1.000000000000000000, 0.000000000000000000 ) ) ;
#319 = AXIS2_PLACEMENT_3D ( 'NONE', #1254, #1484, #2027 ) ;
#320 = VECTOR ( 'NONE', #773, 1000.000000000000000 ) ;
#321 = DIRECTION ( 'NONE',  ( -0.000000000000000000, -0.000000000000000000, 1.000000000000000000 ) ) ;
#322 = VERTEX_POINT ( 'NONE', #2201 ) ;
#323 = LINE ( 'NONE', #1458, #416 ) ;
#324 = EDGE_CURVE ( 'NONE', #2032, #1501, #1077, .T. ) ;
#325 = PLANE ( 'NONE',  #512 ) ;
#326 = VECTOR ( 'NONE', #1488, 1000.000000000000000 ) ;
#327 = DIRECTION ( 'NONE',  ( 0.000000000000000000, -1.000000000000000000, 0.000000000000000000 ) ) ;
#328 = COORDINATED_UNIVERSAL_TIME_OFFSET ( 8, 0, .AHEAD. ) ;
#329 = DIRECTION ( 'NONE',  ( -0.000000000000000000, -0.000000000000000000, 1.000000000000000000 ) ) ;
#330 = EDGE_LOOP ( 'NONE', ( #2007, #1170, #2307, #1644 ) ) ;
#331 = DIRECTION ( 'NONE',  ( 0.000000000000000000, 0.000000000000000000, -1.000000000000000000 ) ) ;
#332 = CARTESIAN_POINT ( 'NONE',  ( 10.79999999999999893, -1.500000000000001332, 18.50000000000000355 ) ) ;
#333 = ORIENTED_EDGE ( 'NONE', *, *, #366, .T. ) ;
#334 = DIRECTION ( 'NONE',  ( -0.000000000000000000, 1.000000000000000000, 0.000000000000000000 ) ) ;
#335 = FACE_OUTER_BOUND ( 'NONE', #1272, .T. ) ;
#336 = EDGE_CURVE ( 'NONE', #216, #2089, #1800, .T. ) ;
#337 = CARTESIAN_POINT ( 'NONE',  ( -16.50000000000000000, -1.500000000000001332, 21.99999999999999289 ) ) ;
#338 = DIRECTION ( 'NONE',  ( -1.000000000000000000, 0.000000000000000000, -1.971276677246372012E-16 ) ) ;
#339 = CARTESIAN_POINT ( 'NONE',  ( 0.000000000000000000, 23.00000000000002132, 0.000000000000000000 ) ) ;
#340 = ORIENTED_EDGE ( 'NONE', *, *, #1960, .F. ) ;
#341 = LINE ( 'NONE', #1811, #1164 ) ;
#342 = EDGE_CURVE ( 'NONE', #725, #1177, #2380, .T. ) ;
#343 = DIRECTION ( 'NONE',  ( 0.000000000000000000, 0.000000000000000000, -1.000000000000000000 ) ) ;
#344 = VERTEX_POINT ( 'NONE', #1002 ) ;
#345 = CARTESIAN_POINT ( 'NONE',  ( -17.00000000000000000, -4.500000000000003553, 22.99999999999999289 ) ) ;
#346 = PLANE ( 'NONE',  #1464 ) ;
#347 = CARTESIAN_POINT ( 'NONE',  ( -12.49999999999999645, -3.000000000000002665, 17.99999999999998934 ) ) ;
#348 = CALENDAR_DATE ( 2026, 20, 8 ) ;
#349 = CARTESIAN_POINT ( 'NONE',  ( 0.000000000000000000, 3.000000000000002665, -9.500000000000001776 ) ) ;
#350 = ORIENTED_EDGE ( 'NONE', *, *, #1751, .F. ) ;
#351 = EDGE_CURVE ( 'NONE', #1604, #302, #1759, .T. ) ;
#352 = AXIS2_PLACEMENT_3D ( 'NONE', #2074, #952, #1120 ) ;
#353 = FACE_BOUND ( 'NONE', #1493, .T. ) ;
#354 = EDGE_CURVE ( 'NONE', #1200, #1397, #1578, .T. ) ;
#355 = AXIS2_PLACEMENT_3D ( 'NONE', #2024, #1051, #1638 ) ;
#356 = ORIENTED_EDGE ( 'NONE', *, *, #1738, .F. ) ;
#357 = CARTESIAN_POINT ( 'NONE',  ( -17.58578643762690774, -4.500000000000003553, 23.58578643762689708 ) ) ;
#358 = VECTOR ( 'NONE', #2315, 1000.000000000000000 ) ;
#359 = CARTESIAN_POINT ( 'NONE',  ( 10.00000000000000000, -4.500000000000003553, -36.50010000000000332 ) ) ;
#360 = VECTOR ( 'NONE', #478, 1000.000000000000000 ) ;
#361 = FACE_BOUND ( 'NONE', #645, .T. ) ;
#362 = CARTESIAN_POINT ( 'NONE',  ( 0.000000000000000000, 59.00000000000000000, 0.000000000000000000 ) ) ;
#363 = DIRECTION ( 'NONE',  ( -9.637352644315590312E-17, 0.000000000000000000, 1.000000000000000000 ) ) ;
#364 = EDGE_LOOP ( 'NONE', ( #953, #2356, #1384, #2095 ) ) ;
#365 = DIRECTION ( 'NONE',  ( 1.000000000000000000, -0.000000000000000000, -0.000000000000000000 ) ) ;
#366 = EDGE_CURVE ( 'NONE', #795, #33, #194, .T. ) ;
#367 = VERTEX_POINT ( 'NONE', #1839 ) ;
#368 = DIRECTION ( 'NONE',  ( 1.000000000000000000, -0.000000000000000000, -0.000000000000000000 ) ) ;
#369 = VECTOR ( 'NONE', #2120, 1000.000000000000000 ) ;
#370 = DIRECTION ( 'NONE',  ( 0.000000000000000000, -1.000000000000000000, 0.000000000000000000 ) ) ;
#371 = EDGE_CURVE ( 'NONE', #1744, #374, #1621, .T. ) ;
#372 = CARTESIAN_POINT ( 'NONE',  ( 12.49999999999999645, -4.500000000000003553, -22.00000000000000711 ) ) ;
#373 = CARTESIAN_POINT ( 'NONE',  ( -2.234980408443919215E-15, -6.938893903907228378E-15, -36.50000000000000000 ) ) ;
#374 = VERTEX_POINT ( 'NONE', #1273 ) ;
#375 = VECTOR ( 'NONE', #298, 1000.000000000000000 ) ;
#376 = CARTESIAN_POINT ( 'NONE',  ( 3.949485927250214050E-15, 23.00000000000002132, 32.25000000000000000 ) ) ;
#377 = ADVANCED_FACE ( 'NONE', ( #1982 ), #2022, .T. ) ;
#378 = ORIENTED_EDGE ( 'NONE', *, *, #704, .F. ) ;
#379 = LINE ( 'NONE', #763, #1566 ) ;
#380 = VECTOR ( 'NONE', #1060, 1000.000000000000000 ) ;
#381 = DIRECTION ( 'NONE',  ( 0.000000000000000000, 0.000000000000000000, -1.000000000000000000 ) ) ;
#382 = EDGE_CURVE ( 'NONE', #1436, #220, #1768, .T. ) ;
#383 = CARTESIAN_POINT ( 'NONE',  ( -13.99999999999999645, -3.000000000000002665, -22.00000000000000711 ) ) ;
#384 = EDGE_CURVE ( 'NONE', #1397, #1322, #2198, .T. ) ;
#385 = LINE ( 'NONE', #568, #389 ) ;
#386 = CARTESIAN_POINT ( 'NONE',  ( 16.50000000000000000, -4.500011999999998125, 21.99999999999999289 ) ) ;
#387 = ORIENTED_EDGE ( 'NONE', *, *, #1608, .T. ) ;
#388 = LINE ( 'NONE', #1503, #2357 ) ;
#389 = VECTOR ( 'NONE', #2269, 1000.000000000000000 ) ;
#390 = ORIENTED_EDGE ( 'NONE', *, *, #2392, .F. ) ;
#391 = CARTESIAN_POINT ( 'NONE',  ( -10.79999999999999716, 0.000000000000000000, -22.50000000000000711 ) ) ;
#392 = VECTOR ( 'NONE', #1932, 1000.000000000000000 ) ;
#393 = ORIENTED_EDGE ( 'NONE', *, *, #1250, .T. ) ;
#394 = DIRECTION ( 'NONE',  ( 1.269309860470834477E-16, 0.000000000000000000, -1.000000000000000000 ) ) ;
#395 = AXIS2_PLACEMENT_3D ( 'NONE', #61, #2353, #73 ) ;
#396 = ADVANCED_FACE ( 'NONE', ( #2176 ), #2008, .T. ) ;
#397 = CALENDAR_DATE ( 2026, 20, 8 ) ;
#398 = CARTESIAN_POINT ( 'NONE',  ( -10.80000000000000249, -1.500000000000001332, 18.49999999999998934 ) ) ;
#399 = VECTOR ( 'NONE', #726, 1000.000000000000000 ) ;
#400 = DIRECTION ( 'NONE',  ( -0.000000000000000000, -0.000000000000000000, 1.000000000000000000 ) ) ;
#401 = ORIENTED_EDGE ( 'NONE', *, *, #1152, .T. ) ;
#402 = PLANE ( 'NONE',  #464 ) ;
#403 = ORIENTED_EDGE ( 'NONE', *, *, #187, .T. ) ;
#404 = DIRECTION ( 'NONE',  ( 1.000000000000000000, 0.000000000000000000, 1.971276677246372012E-16 ) ) ;
#405 = PLANE ( 'NONE',  #2314 ) ;
#406 = DIRECTION ( 'NONE',  ( 0.000000000000000000, 1.000000000000000000, 0.000000000000000000 ) ) ;
#407 = ORIENTED_EDGE ( 'NONE', *, *, #262, .F. ) ;
#408 = APPROVAL_PERSON_ORGANIZATION ( #2194, #125, #927 ) ;
#409 = ORIENTED_EDGE ( 'NONE', *, *, #1369, .T. ) ;
#410 = ADVANCED_FACE ( 'NONE', ( #1994 ), #488, .F. ) ;
#411 = DIRECTION ( 'NONE',  ( 0.000000000000000000, -1.000000000000000000, 0.000000000000000000 ) ) ;
#412 = ORIENTED_EDGE ( 'NONE', *, *, #2200, .T. ) ;
#413 = DIRECTION ( 'NONE',  ( 0.000000000000000000, 0.000000000000000000, 1.000000000000000000 ) ) ;
#414 = APPROVAL_DATE_TIME ( #2091, #515 ) ;
#415 = CARTESIAN_POINT ( 'NONE',  ( 0.000000000000000000, 20.00000000000001776, -9.500000000000001776 ) ) ;
#416 = VECTOR ( 'NONE', #2205, 1000.000000000000000 ) ;
#417 = DIRECTION ( 'NONE',  ( -1.000000000000000000, 0.000000000000000000, 1.445602896647339656E-16 ) ) ;
#418 = ORIENTED_EDGE ( 'NONE', *, *, #1471, .T. ) ;
#419 = VERTEX_POINT ( 'NONE', #499 ) ;
#420 = EDGE_CURVE ( 'NONE', #580, #101, #700, .T. ) ;
#421 = ADVANCED_FACE ( 'NONE', ( #895 ), #1234, .T. ) ;
#422 = CARTESIAN_POINT ( 'NONE',  ( -8.799999999999993605, -4.500000000000003553, -27.00000000000000355 ) ) ;
#423 = AXIS2_PLACEMENT_3D ( 'NONE', #453, #312, #824 ) ;
#424 = ORIENTED_EDGE ( 'NONE', *, *, #1674, .T. ) ;
#425 = DIRECTION ( 'NONE',  ( 0.000000000000000000, 0.000000000000000000, -1.000000000000000000 ) ) ;
#426 = VECTOR ( 'NONE', #646, 1000.000000000000000 ) ;
#427 = DIRECTION ( 'NONE',  ( 0.000000000000000000, 1.000000000000000000, 0.000000000000000000 ) ) ;
#428 = AXIS2_PLACEMENT_3D ( 'NONE', #853, #1660, #343 ) ;
#429 = AXIS2_PLACEMENT_3D ( 'NONE', #2316, #1029, #625 ) ;
#430 = FACE_BOUND ( 'NONE', #1739, .T. ) ;
#431 = LINE ( 'NONE', #1523, #1632 ) ;
#432 = EDGE_LOOP ( 'NONE', ( #1863, #922, #502, #2375 ) ) ;
#433 = DIRECTION ( 'NONE',  ( -0.000000000000000000, 1.000000000000000000, -0.000000000000000000 ) ) ;
#434 = ORIENTED_EDGE ( 'NONE', *, *, #1216, .F. ) ;
#435 = EDGE_CURVE ( 'NONE', #195, #1568, #341, .T. ) ;
#436 = DIRECTION ( 'NONE',  ( 0.000000000000000000, 1.000000000000000000, 0.000000000000000000 ) ) ;
#437 = ORIENTED_EDGE ( 'NONE', *, *, #1789, .F. ) ;
#438 = CARTESIAN_POINT ( 'NONE',  ( 0.000000000000000000, -4.500000000000003553, 21.99999999999999289 ) ) ;
#439 = CARTESIAN_POINT ( 'NONE',  ( 0.000000000000000000, 20.00000000000001776, -9.500000000000001776 ) ) ;
#440 = PLANE ( 'NONE',  #1703 ) ;
#441 = LINE ( 'NONE', #110, #2099 ) ;
#442 = ORIENTED_EDGE ( 'NONE', *, *, #1978, .F. ) ;
#443 = EDGE_LOOP ( 'NONE', ( #42, #1049, #248, #1609 ) ) ;
#444 = LINE ( 'NONE', #836, #1688 ) ;
#445 = EDGE_LOOP ( 'NONE', ( #2381, #1058, #1016, #1648 ) ) ;
#446 = CARTESIAN_POINT ( 'NONE',  ( -14.00000000000000000, -1.500000000000001332, -22.50000000000000711 ) ) ;
#447 = ORIENTED_EDGE ( 'NONE', *, *, #1221, .T. ) ;
#448 = PLANE ( 'NONE',  #2209 ) ;
#449 = EDGE_CURVE ( 'NONE', #1761, #2158, #1618, .T. ) ;
#450 = DIRECTION ( 'NONE',  ( 0.000000000000000000, 1.000000000000000000, 0.000000000000000000 ) ) ;
#451 = VECTOR ( 'NONE', #1646, 1000.000000000000000 ) ;
#452 = PLANE ( 'NONE',  #471 ) ;
#453 = CARTESIAN_POINT ( 'NONE',  ( 0.000000000000000000, 49.99999999999998579, 0.000000000000000000 ) ) ;
#454 = EDGE_CURVE ( 'NONE', #2197, #299, #2199, .T. ) ;
#455 = ORIENTED_EDGE ( 'NONE', *, *, #2125, .T. ) ;
#456 = ORIENTED_EDGE ( 'NONE', *, *, #1267, .F. ) ;
#457 = CARTESIAN_POINT ( 'NONE',  ( 6.704941225331758039E-15, -6.938893903907228378E-15, 36.50000000000000000 ) ) ;
#458 = EDGE_LOOP ( 'NONE', ( #964, #562, #273 ) ) ;
#459 = ORIENTED_EDGE ( 'NONE', *, *, #336, .T. ) ;
#460 = CARTESIAN_POINT ( 'NONE',  ( 14.00000000000000000, -1.500000000000001332, -36.50010000000000332 ) ) ;
#461 = VERTEX_POINT ( 'NONE', #2347 ) ;
#462 = CARTESIAN_POINT ( 'NONE',  ( -16.50000000000000000, -1.500000000000001332, 21.99999999999999289 ) ) ;
#463 = AXIS2_PLACEMENT_3D ( 'NONE', #1280, #2411, #1270 ) ;
#464 = AXIS2_PLACEMENT_3D ( 'NONE', #1143, #769, #1904 ) ;
#465 = CARTESIAN_POINT ( 'NONE',  ( -14.00000000000000000, -3.500000000000003109, -28.00000000000000355 ) ) ;
#466 = ADVANCED_FACE ( 'NONE', ( #1050 ), #117, .T. ) ;
#467 = DIRECTION ( 'NONE',  ( 0.000000000000000000, -0.000000000000000000, -1.000000000000000000 ) ) ;
#468 = CARTESIAN_POINT ( 'NONE',  ( 17.58578643762690774, -4.500000000000003553, -27.58578643762690064 ) ) ;
#469 = ORIENTED_EDGE ( 'NONE', *, *, #2018, .F. ) ;
#470 = CARTESIAN_POINT ( 'NONE',  ( 0.000000000000000000, 0.000000000000000000, 0.000000000000000000 ) ) ;
#471 = AXIS2_PLACEMENT_3D ( 'NONE', #1961, #271, #652 ) ;
#472 = ORIENTED_EDGE ( 'NONE', *, *, #1429, .F. ) ;
#473 = VERTEX_POINT ( 'NONE', #1262 ) ;
#474 = DIRECTION ( 'NONE',  ( 1.000000000000000000, 0.000000000000000000, 1.971276677246372012E-16 ) ) ;
#475 = VECTOR ( 'NONE', #956, 1000.000000000000000 ) ;
#476 = DIRECTION ( 'NONE',  ( 1.000000000000000000, 0.000000000000000000, 9.637352644315595243E-17 ) ) ;
#477 = VERTEX_POINT ( 'NONE', #2402 ) ;
#478 = DIRECTION ( 'NONE',  ( 0.000000000000000000, 1.000000000000000000, 0.000000000000000000 ) ) ;
#479 = DIRECTION ( 'NONE',  ( -1.000000000000000000, -0.000000000000000000, -9.637352644315595243E-17 ) ) ;
#480 = CARTESIAN_POINT ( 'NONE',  ( -17.99999999999999645, -1.500000000000001332, -28.00000000000000355 ) ) ;
#481 = DIRECTION ( 'NONE',  ( 0.000000000000000000, -1.000000000000000000, 0.000000000000000000 ) ) ;
#482 = ORIENTED_EDGE ( 'NONE', *, *, #561, .F. ) ;
#483 = ADVANCED_FACE ( 'NONE', ( #1247 ), #2215, .T. ) ;
#484 = CARTESIAN_POINT ( 'NONE',  ( -10.79999999999999716, -1.500000000000001332, -22.50000000000000711 ) ) ;
#485 = ORIENTED_EDGE ( 'NONE', *, *, #351, .F. ) ;
#486 = EDGE_LOOP ( 'NONE', ( #2365, #2062, #102, #1854 ) ) ;
#487 = EDGE_CURVE ( 'NONE', #1882, #195, #2361, .T. ) ;
#488 = CYLINDRICAL_SURFACE ( 'NONE', #854, 32.25000000000000000 ) ;
#489 = EDGE_CURVE ( 'NONE', #2158, #1761, #1853, .T. ) ;
#490 = CARTESIAN_POINT ( 'NONE',  ( 13.99999999999999822, 0.000000000000000000, 18.50000000000000355 ) ) ;
#491 = EDGE_LOOP ( 'NONE', ( #356, #1388, #260, #1980, #1205, #1702, #1984, #227, #2389, #2174, #393, #1734, #1439, #643 ) ) ;
#492 = CARTESIAN_POINT ( 'NONE',  ( 8.800000000000000711, -4.111473928947035006, -27.00000000000000000 ) ) ;
#493 = CARTESIAN_POINT ( 'NONE',  ( 12.49999999999999645, -3.000000000000002665, -22.00000000000000711 ) ) ;
#494 = DIRECTION ( 'NONE',  ( -0.000000000000000000, -0.000000000000000000, 1.000000000000000000 ) ) ;
#495 = DIRECTION ( 'NONE',  ( 0.000000000000000000, 0.000000000000000000, 1.000000000000000000 ) ) ;
#496 = ORIENTED_EDGE ( 'NONE', *, *, #1506, .F. ) ;
#497 = FACE_OUTER_BOUND ( 'NONE', #2310, .T. ) ;
#498 = ORIENTED_EDGE ( 'NONE', *, *, #2303, .T. ) ;
#499 = CARTESIAN_POINT ( 'NONE',  ( 18.00000000000000355, 0.000000000000000000, -28.00000000000000000 ) ) ;
#500 = ADVANCED_FACE ( 'NONE', ( #2226 ), #2043, .F. ) ;
#501 = CARTESIAN_POINT ( 'NONE',  ( 8.227241335951156032, 20.00000000000001776, 2.249999999999362732 ) ) ;
#502 = ORIENTED_EDGE ( 'NONE', *, *, #861, .F. ) ;
#503 = DIRECTION ( 'NONE',  ( 1.445602896647339656E-16, 0.000000000000000000, 1.000000000000000000 ) ) ;
#504 = DIRECTION ( 'NONE',  ( 0.000000000000000000, 1.000000000000000000, 0.000000000000000000 ) ) ;
#505 = LINE ( 'NONE', #128, #785 ) ;
#506 = COORDINATED_UNIVERSAL_TIME_OFFSET ( 8, 0, .AHEAD. ) ;
#507 = AXIS2_PLACEMENT_3D ( 'NONE', #1318, #201, #1328 ) ;
#508 = DIRECTION ( 'NONE',  ( 0.000000000000000000, 1.000000000000000000, 0.000000000000000000 ) ) ;
#509 = VERTEX_POINT ( 'NONE', #1515 ) ;
#510 = ORIENTED_EDGE ( 'NONE', *, *, #342, .F. ) ;
#511 = CARTESIAN_POINT ( 'NONE',  ( 13.99999999999999822, -4.500000000000003553, 18.50000000000000355 ) ) ;
#512 = AXIS2_PLACEMENT_3D ( 'NONE', #1686, #140, #1092 ) ;
#513 = VECTOR ( 'NONE', #1067, 1000.000000000000000 ) ;
#514 = CARTESIAN_POINT ( 'NONE',  ( -12.49999999999999645, -3.000000000000002665, 17.99999999999998934 ) ) ;
#515 = APPROVAL ( #1350, 'æœª' ) ;
#516 = ORIENTED_EDGE ( 'NONE', *, *, #487, .F. ) ;
#517 = CARTESIAN_POINT ( 'NONE',  ( -18.00000000000000355, -4.085786437626907741, 23.99999999999998934 ) ) ;
#518 = CARTESIAN_POINT ( 'NONE',  ( -14.00000000000000178, -4.500000000000003553, 18.49999999999998934 ) ) ;
#519 = AXIS2_PLACEMENT_3D ( 'NONE', #709, #1478, #1499 ) ;
#520 = DIRECTION ( 'NONE',  ( 0.000000000000000000, 0.000000000000000000, -1.000000000000000000 ) ) ;
#521 =( NAMED_UNIT ( * ) PLANE_ANGLE_UNIT ( ) SI_UNIT ( $, .RADIAN. ) );
#522 = CARTESIAN_POINT ( 'NONE',  ( 0.000000000000000000, 20.00000000000001776, -12.00000000000000178 ) ) ;
#523 = VERTEX_POINT ( 'NONE', #581 ) ;
#524 = DIRECTION ( 'NONE',  ( 0.000000000000000000, 0.000000000000000000, -1.000000000000000000 ) ) ;
#525 = CYLINDRICAL_SURFACE ( 'NONE', #428, 1.000000000001224798 ) ;
#526 = VERTEX_POINT ( 'NONE', #2085 ) ;
#527 = PLANE ( 'NONE',  #2248 ) ;
#528 = DIRECTION ( 'NONE',  ( 0.000000000000000000, -1.000000000000000000, 0.000000000000000000 ) ) ;
#529 = CARTESIAN_POINT ( 'NONE',  ( -8.227241335953177526, 20.00000000000001776, 5.750000000000256684 ) ) ;
#530 = ADVANCED_FACE ( 'NONE', ( #1309 ), #402, .F. ) ;
#531 = AXIS2_PLACEMENT_3D ( 'NONE', #600, #860, #811 ) ;
#532 = EDGE_CURVE ( 'NONE', #775, #1048, #1131, .T. ) ;
#533 = CARTESIAN_POINT ( 'NONE',  ( 10.79999999999999893, -4.500000000000003553, 18.50000000000000355 ) ) ;
#534 = ORIENTED_EDGE ( 'NONE', *, *, #1935, .T. ) ;
#535 = CARTESIAN_POINT ( 'NONE',  ( 8.227241335951156032, 20.00000000000001776, 4.750000000000587086 ) ) ;
#536 = CIRCLE ( 'NONE', #931, 33.10191915852334432 ) ;
#537 = ORIENTED_EDGE ( 'NONE', *, *, #561, .T. ) ;
#538 = CARTESIAN_POINT ( 'NONE',  ( -13.99999999999999645, 0.000000000000000000, -22.50000000000000711 ) ) ;
#539 = DIRECTION ( 'NONE',  ( 0.000000000000000000, -1.000000000000000000, 0.000000000000000000 ) ) ;
#540 = CARTESIAN_POINT ( 'NONE',  ( -14.00000000000000178, -4.500000000000003553, 18.49999999999998934 ) ) ;
#541 = DATE_TIME_ROLE ( 'creation_date' ) ;
#542 = EDGE_CURVE ( 'NONE', #1194, #32, #388, .T. ) ;
#543 = AXIS2_PLACEMENT_3D ( 'NONE', #103, #852, #1637 ) ;
#544 = CARTESIAN_POINT ( 'NONE',  ( 16.99999999999999289, -4.500000000000003553, 22.99999999999999289 ) ) ;
#545 = ORIENTED_EDGE ( 'NONE', *, *, #1299, .F. ) ;
#546 = ORGANIZATION ( 'æœª', 'æœª', '' ) ;
#547 = DIRECTION ( 'NONE',  ( -1.000000000000000000, 0.000000000000000000, -1.334402673828312353E-16 ) ) ;
#548 = VECTOR ( 'NONE', #1065, 1000.000000000000000 ) ;
#549 = ORIENTED_EDGE ( 'NONE', *, *, #1823, .T. ) ;
#550 = CARTESIAN_POINT ( 'NONE',  ( -17.99999999999999645, -4.500000000000003553, -28.00000000000000355 ) ) ;
#551 = AXIS2_PLACEMENT_3D ( 'NONE', #2342, #641, #467 ) ;
#552 = VERTEX_POINT ( 'NONE', #1110 ) ;
#553 = CARTESIAN_POINT ( 'NONE',  ( -10.80000000000000249, -4.500000000000003553, 18.49999999999998934 ) ) ;
#554 = AXIS2_PLACEMENT_3D ( 'NONE', #2131, #1184, #2142 ) ;
#555 = PLANE ( 'NONE',  #166 ) ;
#556 = PLANE ( 'NONE',  #268 ) ;
#557 = CARTESIAN_POINT ( 'NONE',  ( -10.80000000000000249, -1.500000000000001332, 18.49999999999998934 ) ) ;
#558 = EDGE_CURVE ( 'NONE', #2263, #291, #905, .T. ) ;
#559 = VERTEX_POINT ( 'NONE', #376 ) ;
#560 = FACE_OUTER_BOUND ( 'NONE', #1749, .T. ) ;
#561 = EDGE_CURVE ( 'NONE', #1828, #2042, #1672, .T. ) ;
#562 = ORIENTED_EDGE ( 'NONE', *, *, #304, .T. ) ;
#563 = CARTESIAN_POINT ( 'NONE',  ( -17.99999999999999645, -3.500000000000003109, -28.00000000000000355 ) ) ;
#564 = ADVANCED_FACE ( 'NONE', ( #920 ), #940, .T. ) ;
#565 = PLANE ( 'NONE',  #197 ) ;
#566 = DIRECTION ( 'NONE',  ( -1.000000000000000000, -0.000000000000000000, -1.269309860470834231E-16 ) ) ;
#567 = PERSON_AND_ORGANIZATION_ROLE ( 'classification_officer' ) ;
#568 = CARTESIAN_POINT ( 'NONE',  ( 13.99999999999999645, -4.500000000000003553, -22.00000000000000711 ) ) ;
#569 = CARTESIAN_POINT ( 'NONE',  ( 0.000000000000000000, 23.00000000000002132, 0.000000000000000000 ) ) ;
#570 = ORIENTED_EDGE ( 'NONE', *, *, #2296, .F. ) ;
#571 = VECTOR ( 'NONE', #1379, 1000.000000000000000 ) ;
#572 = CARTESIAN_POINT ( 'NONE',  ( 13.99999999999999822, -4.500000000000003553, 18.50000000000000355 ) ) ;
#573 = PRODUCT ( '\X2\5e955ea7\X0\', '\X2\5e955ea7\X0\', '', ( #2064 ) ) ;
#574 = ADVANCED_FACE ( 'NONE', ( #2415 ), #2077, .F. ) ;
#575 = ORIENTED_EDGE ( 'NONE', *, *, #714, .T. ) ;
#576 = PLANE ( 'NONE',  #693 ) ;
#577 = CARTESIAN_POINT ( 'NONE',  ( 1.843143693225357538E-15, -15.00000000000000000, 22.99999999999999289 ) ) ;
#578 = DIRECTION ( 'NONE',  ( 0.000000000000000000, -1.000000000000000000, 0.000000000000000000 ) ) ;
#579 = LINE ( 'NONE', #2093, #1235 ) ;
#580 = VERTEX_POINT ( 'NONE', #1717 ) ;
#581 = CARTESIAN_POINT ( 'NONE',  ( 13.99999999999999822, -3.000000000000002665, 17.99999999999998934 ) ) ;
#582 = ORIENTED_EDGE ( 'NONE', *, *, #454, .F. ) ;
#583 = AXIS2_PLACEMENT_3D ( 'NONE', #916, #2052, #338 ) ;
#584 = VECTOR ( 'NONE', #365, 1000.000000000000000 ) ;
#585 = DIRECTION ( 'NONE',  ( 0.000000000000000000, 0.000000000000000000, -1.000000000000000000 ) ) ;
#586 = LINE ( 'NONE', #1720, #628 ) ;
#587 = CIRCLE ( 'NONE', #2053, 1.000000000000842215 ) ;
#588 = PERSON_AND_ORGANIZATION ( #1413, #546 ) ;
#589 = VECTOR ( 'NONE', #503, 1000.000000000000000 ) ;
#590 = DIRECTION ( 'NONE',  ( 1.000000000000000000, 0.000000000000000000, 9.637352644315595243E-17 ) ) ;
#591 = EDGE_LOOP ( 'NONE', ( #866, #181, #783, #434 ) ) ;
#592 = EDGE_LOOP ( 'NONE', ( #1472, #932, #277, #771, #498, #2294, #2373, #2047, #1991, #1333, #21, #1524, #582, #1690 ) ) ;
#593 = EDGE_LOOP ( 'NONE', ( #1078, #1357, #2129, #710 ) ) ;
#594 = VERTEX_POINT ( 'NONE', #1872 ) ;
#595 = EDGE_LOOP ( 'NONE', ( #815, #2066 ) ) ;
#596 = CARTESIAN_POINT ( 'NONE',  ( 14.00000000000000355, -3.500000000000003109, -27.00000000000000355 ) ) ;
#597 = LINE ( 'NONE', #1900, #1366 ) ;
#598 = MANIFOLD_SOLID_BREP ( '\X2\52079664\X0\-\X2\626b63cf\X0\1', #1772 ) ;
#599 = ADVANCED_FACE ( 'NONE', ( #723 ), #2058, .T. ) ;
#600 = CARTESIAN_POINT ( 'NONE',  ( 2.602085213965210642E-15, -3.500000000000003109, -27.00000000000000355 ) ) ;
#601 = EDGE_LOOP ( 'NONE', ( #1233, #1909, #2173, #1724 ) ) ;
#602 = ORIENTED_EDGE ( 'NONE', *, *, #1506, .T. ) ;
#603 = ADVANCED_FACE ( 'NONE', ( #353, #1480 ), #1881, .F. ) ;
#604 = ORIENTED_EDGE ( 'NONE', *, *, #637, .F. ) ;
#605 = APPROVAL_PERSON_ORGANIZATION ( #2301, #515, #1362 ) ;
#606 = CARTESIAN_POINT ( 'NONE',  ( 16.50000000000000000, -1.500000000000001332, 21.99999999999999289 ) ) ;
#607 = VERTEX_POINT ( 'NONE', #1864 ) ;
#608 = DIRECTION ( 'NONE',  ( 1.445602896647339656E-16, 0.000000000000000000, -1.000000000000000000 ) ) ;
#609 = CIRCLE ( 'NONE', #1525, 14.00000000000000000 ) ;
#610 = COORDINATED_UNIVERSAL_TIME_OFFSET ( 8, 0, .AHEAD. ) ;
#611 = PLANE ( 'NONE',  #1263 ) ;
#612 = ORIENTED_EDGE ( 'NONE', *, *, #1574, .T. ) ;
#613 = ADVANCED_FACE ( 'NONE', ( #192 ), #2425, .T. ) ;
#614 = EDGE_LOOP ( 'NONE', ( #264, #2414, #1895, #1365 ) ) ;
#615 = LINE ( 'NONE', #1684, #369 ) ;
#616 = ORIENTED_EDGE ( 'NONE', *, *, #2262, .T. ) ;
#617 = AXIS2_PLACEMENT_3D ( 'NONE', #868, #1088, #331 ) ;
#618 = EDGE_CURVE ( 'NONE', #2204, #751, #1014, .T. ) ;
#619 = LINE ( 'NONE', #1207, #2121 ) ;
#620 = APPROVAL_PERSON_ORGANIZATION ( #2039, #155, #1094 ) ;
#621 = ORIENTED_EDGE ( 'NONE', *, *, #681, .T. ) ;
#622 = CARTESIAN_POINT ( 'NONE',  ( 8.227241335951156032, 20.00000000000001776, 7.250000000001810996 ) ) ;
#623 = CARTESIAN_POINT ( 'NONE',  ( 0.000000000000000000, 3.000000000000002665, -12.00000000000000178 ) ) ;
#624 = AXIS2_PLACEMENT_3D ( 'NONE', #2180, #1404, #270 ) ;
#625 = DIRECTION ( 'NONE',  ( 9.637352644315590312E-17, 0.000000000000000000, -1.000000000000000000 ) ) ;
#626 = DIRECTION ( 'NONE',  ( -1.000000000000000000, 0.000000000000000000, 0.000000000000000000 ) ) ;
#627 = ORIENTED_EDGE ( 'NONE', *, *, #1865, .T. ) ;
#628 = VECTOR ( 'NONE', #27, 1000.000000000000000 ) ;
#629 = ADVANCED_FACE ( 'NONE', ( #560 ), #1704, .T. ) ;
#630 = LINE ( 'NONE', #2137, #884 ) ;
#631 = ORIENTED_EDGE ( 'NONE', *, *, #924, .T. ) ;
#632 = ORIENTED_EDGE ( 'NONE', *, *, #1532, .T. ) ;
#633 = DIRECTION ( 'NONE',  ( 0.000000000000000000, 0.000000000000000000, -1.000000000000000000 ) ) ;
#634 = VECTOR ( 'NONE', #1925, 1000.000000000000000 ) ;
#635 = EDGE_CURVE ( 'NONE', #220, #1021, #1522, .T. ) ;
#636 = PLANE ( 'NONE',  #10 ) ;
#637 = EDGE_CURVE ( 'NONE', #559, #1761, #597, .T. ) ;
#638 = ORIENTED_EDGE ( 'NONE', *, *, #740, .T. ) ;
#639 = LINE ( 'NONE', #831, #202 ) ;
#640 = DIRECTION ( 'NONE',  ( -0.000000000000000000, -0.000000000000000000, 1.000000000000000000 ) ) ;
#641 = DIRECTION ( 'NONE',  ( 0.000000000000000000, -1.000000000000000000, 0.000000000000000000 ) ) ;
#642 = CARTESIAN_POINT ( 'NONE',  ( -8.227241335953177526, 20.00000000000001776, 2.249999999998572697 ) ) ;
#643 = ORIENTED_EDGE ( 'NONE', *, *, #132, .T. ) ;
#644 = PLANE ( 'NONE',  #147 ) ;
#645 = EDGE_LOOP ( 'NONE', ( #437, #2021 ) ) ;
#646 = DIRECTION ( 'NONE',  ( 1.445602896647339410E-16, -0.000000000000000000, 1.000000000000000000 ) ) ;
#647 = EDGE_CURVE ( 'NONE', #1142, #461, #2302, .T. ) ;
#648 = ORIENTED_EDGE ( 'NONE', *, *, #1851, .T. ) ;
#649 = CARTESIAN_POINT ( 'NONE',  ( 1.843143693225357538E-15, -15.00000000000000000, -27.00000000000000355 ) ) ;
#650 = LOCAL_TIME ( 11, 40, 13.00000000000000000, #2103 ) ;
#651 = CYLINDRICAL_SURFACE ( 'NONE', #1668, 1.000000000000000888 ) ;
#652 = DIRECTION ( 'NONE',  ( -0.000000000000000000, 0.000000000000000000, 1.000000000000000000 ) ) ;
#653 = ORIENTED_EDGE ( 'NONE', *, *, #1299, .T. ) ;
#654 = DIRECTION ( 'NONE',  ( 0.000000000000000000, 1.000000000000000000, 0.000000000000000000 ) ) ;
#655 = EDGE_LOOP ( 'NONE', ( #403, #1324, #2190, #1539 ) ) ;
#656 = DIRECTION ( 'NONE',  ( -0.000000000000000000, -1.000000000000000000, -0.000000000000000000 ) ) ;
#657 = FACE_OUTER_BOUND ( 'NONE', #1544, .T. ) ;
#658 = VERTEX_POINT ( 'NONE', #1363 ) ;
#659 = DIRECTION ( 'NONE',  ( 0.000000000000000000, -0.000000000000000000, -1.000000000000000000 ) ) ;
#660 = ADVANCED_FACE ( 'NONE', ( #2291 ), #405, .F. ) ;
#661 = AXIS2_PLACEMENT_3D ( 'NONE', #1297, #746, #2251 ) ;
#662 = DIRECTION ( 'NONE',  ( 0.000000000000000000, -1.000000000000000000, 0.000000000000000000 ) ) ;
#663 = FACE_BOUND ( 'NONE', #2109, .T. ) ;
#664 = CARTESIAN_POINT ( 'NONE',  ( -8.227241335953177526, 20.00000000000001776, 4.749999999999414690 ) ) ;
#665 = ORIENTED_EDGE ( 'NONE', *, *, #1767, .T. ) ;
#666 = AXIS2_PLACEMENT_3D ( 'NONE', #1581, #2139, #81 ) ;
#667 = EDGE_CURVE ( 'NONE', #509, #910, #2257, .T. ) ;
#668 = DIRECTION ( 'NONE',  ( -9.637352644315595243E-17, 0.000000000000000000, 1.000000000000000000 ) ) ;
#669 = AXIS2_PLACEMENT_3D ( 'NONE', #1448, #2233, #2410 ) ;
#670 = ORIENTED_EDGE ( 'NONE', *, *, #90, .F. ) ;
#671 = ORIENTED_EDGE ( 'NONE', *, *, #2185, .F. ) ;
#672 = DIRECTION ( 'NONE',  ( -1.000000000000000000, 0.000000000000000000, 0.000000000000000000 ) ) ;
#673 = CIRCLE ( 'NONE', #2124, 2.500000000001224354 ) ;
#674 = DIRECTION ( 'NONE',  ( 0.000000000000000000, -0.000000000000000000, -1.000000000000000000 ) ) ;
#675 = EDGE_LOOP ( 'NONE', ( #1617, #971, #1192, #1616 ) ) ;
#676 = CARTESIAN_POINT ( 'NONE',  ( 8.799999999999993605, -1.000000000000000888, 22.99999999999999289 ) ) ;
#677 = LINE ( 'NONE', #1570, #358 ) ;
#678 = DIRECTION ( 'NONE',  ( 0.000000000000000000, -1.000000000000000000, 0.000000000000000000 ) ) ;
#679 = CARTESIAN_POINT ( 'NONE',  ( 0.000000000000000000, 0.000000000000000000, 0.000000000000000000 ) ) ;
#680 = EDGE_LOOP ( 'NONE', ( #287, #570, #1636, #1831 ) ) ;
#681 = EDGE_CURVE ( 'NONE', #1550, #880, #1291, .T. ) ;
#682 = DIRECTION ( 'NONE',  ( -1.000000000000000000, -0.000000000000000000, -9.637352644315595243E-17 ) ) ;
#683 = ORIENTED_EDGE ( 'NONE', *, *, #996, .F. ) ;
#684 = ORIENTED_EDGE ( 'NONE', *, *, #727, .T. ) ;
#685 = EDGE_CURVE ( 'NONE', #1338, #1915, #385, .T. ) ;
#686 = CARTESIAN_POINT ( 'NONE',  ( -13.99999999999999645, -1.500000000000001332, -22.50000000000000711 ) ) ;
#687 = ADVANCED_FACE ( 'NONE', ( #1127 ), #2104, .F. ) ;
#688 = CARTESIAN_POINT ( 'NONE',  ( 0.000000000000000000, 20.00000000000001776, -10.50000000000000178 ) ) ;
#689 = ORIENTED_EDGE ( 'NONE', *, *, #838, .T. ) ;
#690 = LINE ( 'NONE', #139, #280 ) ;
#691 = DIRECTION ( 'NONE',  ( 0.000000000000000000, -0.000000000000000000, 1.000000000000000000 ) ) ;
#692 = LINE ( 'NONE', #2017, #1375 ) ;
#693 = AXIS2_PLACEMENT_3D ( 'NONE', #1576, #923, #2241 ) ;
#694 = CARTESIAN_POINT ( 'NONE',  ( 8.227241335951156032, 20.00000000000001776, 5.750000000001811884 ) ) ;
#695 = AXIS2_PLACEMENT_3D ( 'NONE', #339, #1259, #1861 ) ;
#696 = CARTESIAN_POINT ( 'NONE',  ( -8.799999999999993605, -1.000000000000000888, -27.00000000000000355 ) ) ;
#697 = ORIENTED_EDGE ( 'NONE', *, *, #2203, .T. ) ;
#698 = ADVANCED_FACE ( 'NONE', ( #1887 ), #6, .T. ) ;
#699 = EDGE_LOOP ( 'NONE', ( #2283, #806, #455, #1787 ) ) ;
#700 = LINE ( 'NONE', #1649, #708 ) ;
#701 = CARTESIAN_POINT ( 'NONE',  ( -18.00000000000000355, -4.500000000000003553, 23.99999999999999289 ) ) ;
#702 = ORIENTED_EDGE ( 'NONE', *, *, #1071, .T. ) ;
#703 = DIRECTION ( 'NONE',  ( 0.000000000000000000, 1.000000000000000000, 0.000000000000000000 ) ) ;
#704 = EDGE_CURVE ( 'NONE', #835, #477, #1964, .T. ) ;
#705 = LINE ( 'NONE', #1460, #1891 ) ;
#706 = FACE_OUTER_BOUND ( 'NONE', #149, .T. ) ;
#707 = CARTESIAN_POINT ( 'NONE',  ( 14.00000000000000000, -1.500000000000001332, 23.99999999999999289 ) ) ;
#708 = VECTOR ( 'NONE', #711, 1000.000000000000000 ) ;
#709 = CARTESIAN_POINT ( 'NONE',  ( -8.227241335953177526, 20.00000000000001776, 4.749999999999414690 ) ) ;
#710 = ORIENTED_EDGE ( 'NONE', *, *, #1960, .T. ) ;
#711 = DIRECTION ( 'NONE',  ( -1.000000000000000000, 0.000000000000000000, -9.637352644315595243E-17 ) ) ;
#712 = VECTOR ( 'NONE', #1276, 1000.000000000000000 ) ;
#713 = LINE ( 'NONE', #2228, #1098 ) ;
#714 = EDGE_CURVE ( 'NONE', #2097, #1882, #981, .T. ) ;
#715 = ORIENTED_EDGE ( 'NONE', *, *, #1421, .T. ) ;
#716 = CARTESIAN_POINT ( 'NONE',  ( 14.00000000000000355, -4.500000000000003553, -22.50000000000000355 ) ) ;
#717 = LINE ( 'NONE', #2207, #1540 ) ;
#718 = EDGE_CURVE ( 'NONE', #33, #795, #1206, .T. ) ;
#719 = FACE_BOUND ( 'NONE', #2106, .T. ) ;
#720 = APPLICATION_PROTOCOL_DEFINITION ( 'international standard', 'config_control_design', 1994, #917 ) ;
#721 = DIRECTION ( 'NONE',  ( -1.000000000000000000, 0.000000000000000000, -0.000000000000000000 ) ) ;
#722 = ORIENTED_EDGE ( 'NONE', *, *, #1085, .F. ) ;
#723 = FACE_OUTER_BOUND ( 'NONE', #1452, .T. ) ;
#724 = CARTESIAN_POINT ( 'NONE',  ( 8.800000000000000711, -4.500000000000003553, -27.00000000000000000 ) ) ;
#725 = VERTEX_POINT ( 'NONE', #1912 ) ;
#726 = DIRECTION ( 'NONE',  ( -1.000000000000000000, -0.000000000000000000, -9.637352644315595243E-17 ) ) ;
#727 = EDGE_CURVE ( 'NONE', #509, #879, #224, .T. ) ;
#728 = CARTESIAN_POINT ( 'NONE',  ( 0.000000000000000000, 3.000000000000002665, 0.000000000000000000 ) ) ;
#729 = DIRECTION ( 'NONE',  ( 0.000000000000000000, 1.000000000000000000, 0.000000000000000000 ) ) ;
#730 = AXIS2_PLACEMENT_3D ( 'NONE', #664, #1423, #1792 ) ;
#731 = APPROVAL_STATUS ( 'not_yet_approved' ) ;
#732 = DIRECTION ( 'NONE',  ( -1.000000000000000000, 0.000000000000000000, -9.637352644315595243E-17 ) ) ;
#733 = ORIENTED_EDGE ( 'NONE', *, *, #2046, .T. ) ;
#734 = CARTESIAN_POINT ( 'NONE',  ( 13.99999999999999645, -3.000000000000002665, -22.00000000000000711 ) ) ;
#735 = VECTOR ( 'NONE', #2236, 1000.000000000000000 ) ;
#736 = EDGE_LOOP ( 'NONE', ( #1747, #294, #418, #2148 ) ) ;
#737 = CARTESIAN_POINT ( 'NONE',  ( 10.00000000000000178, -4.500000000000003553, -28.00000000000000000 ) ) ;
#738 = CARTESIAN_POINT ( 'NONE',  ( -13.99999999999999645, -3.000000000000002665, 17.99999999999998934 ) ) ;
#739 = DIRECTION ( 'NONE',  ( 0.000000000000000000, -1.000000000000000000, 0.000000000000000000 ) ) ;
#740 = EDGE_CURVE ( 'NONE', #1368, #2319, #1185, .T. ) ;
#741 = LINE ( 'NONE', #1138, #475 ) ;
#742 = EDGE_CURVE ( 'NONE', #1159, #607, #2080, .T. ) ;
#743 = AXIS2_PLACEMENT_3D ( 'NONE', #12, #761, #2261 ) ;
#744 = CARTESIAN_POINT ( 'NONE',  ( -8.227241335953177526, 20.00000000000001776, 3.749999999998572253 ) ) ;
#745 = ORIENTED_EDGE ( 'NONE', *, *, #1823, .F. ) ;
#746 = DIRECTION ( 'NONE',  ( 1.000000000000000000, 0.000000000000000000, 1.269309860470834231E-16 ) ) ;
#747 = EDGE_CURVE ( 'NONE', #910, #473, #677, .T. ) ;
#748 = AXIS2_PLACEMENT_3D ( 'NONE', #840, #1748, #265 ) ;
#749 = CIRCLE ( 'NONE', #1816, 2.500000000001224354 ) ;
#750 = AXIS2_PLACEMENT_3D ( 'NONE', #296, #1042, #2002 ) ;
#751 = VERTEX_POINT ( 'NONE', #465 ) ;
#752 = CARTESIAN_POINT ( 'NONE',  ( -8.227241335953177526, 20.00000000000001776, 5.750000000000256684 ) ) ;
#753 = VECTOR ( 'NONE', #2181, 1000.000000000000000 ) ;
#754 = ORIENTED_EDGE ( 'NONE', *, *, #1995, .T. ) ;
#755 = AXIS2_PLACEMENT_3D ( 'NONE', #460, #2348, #1786 ) ;
#756 = CARTESIAN_POINT ( 'NONE',  ( -14.00000000000000178, -4.500000000000003553, 18.49999999999998934 ) ) ;
#757 = PERSON_AND_ORGANIZATION ( #1413, #546 ) ;
#758 = PLANE ( 'NONE',  #186 ) ;
#759 = EDGE_LOOP ( 'NONE', ( #469, #1981, #715, #1026 ) ) ;
#760 = EDGE_CURVE ( 'NONE', #220, #1436, #1817, .T. ) ;
#761 = DIRECTION ( 'NONE',  ( -1.334402673828313339E-16, 0.000000000000000000, 1.000000000000000000 ) ) ;
#762 = ORIENTED_EDGE ( 'NONE', *, *, #2403, .T. ) ;
#763 = CARTESIAN_POINT ( 'NONE',  ( 14.00000000000000355, 0.000000000000000000, -22.50000000000000355 ) ) ;
#764 = EDGE_CURVE ( 'NONE', #344, #2123, #120, .T. ) ;
#765 = DIRECTION ( 'NONE',  ( 1.445602896647339656E-16, 0.000000000000000000, -1.000000000000000000 ) ) ;
#766 = LINE ( 'NONE', #1878, #320 ) ;
#767 = LINE ( 'NONE', #247, #2130 ) ;
#768 = ORIENTED_EDGE ( 'NONE', *, *, #13, .F. ) ;
#769 = DIRECTION ( 'NONE',  ( -1.000000000000000000, 0.000000000000000000, -1.334402673828313339E-16 ) ) ;
#770 = EDGE_CURVE ( 'NONE', #2319, #580, #1172, .T. ) ;
#771 = ORIENTED_EDGE ( 'NONE', *, *, #60, .F. ) ;
#772 = DIRECTION ( 'NONE',  ( 1.971276677246372012E-16, 0.000000000000000000, -1.000000000000000000 ) ) ;
#773 = DIRECTION ( 'NONE',  ( 0.000000000000000000, -1.000000000000000000, 0.000000000000000000 ) ) ;
#774 = CARTESIAN_POINT ( 'NONE',  ( 0.000000000000000000, 3.000000000000002665, -32.25000000000000000 ) ) ;
#775 = VERTEX_POINT ( 'NONE', #493 ) ;
#776 = VERTEX_POINT ( 'NONE', #832 ) ;
#777 = ORIENTED_EDGE ( 'NONE', *, *, #1995, .F. ) ;
#778 = ORIENTED_EDGE ( 'NONE', *, *, #2252, .T. ) ;
#779 = AXIS2_PLACEMENT_3D ( 'NONE', #245, #427, #1699 ) ;
#780 = VECTOR ( 'NONE', #1737, 1000.000000000000000 ) ;
#781 = LINE ( 'NONE', #2088, #1857 ) ;
#782 = ADVANCED_FACE ( 'NONE', ( #1210 ), #1226, .F. ) ;
#783 = ORIENTED_EDGE ( 'NONE', *, *, #1111, .F. ) ;
#784 = DIRECTION ( 'NONE',  ( -1.000000000000000000, 0.000000000000000000, -0.000000000000000000 ) ) ;
#785 = VECTOR ( 'NONE', #729, 1000.000000000000000 ) ;
#786 = UNCERTAINTY_MEASURE_WITH_UNIT (LENGTH_MEASURE( 1.000000000000000082E-05 ), #142, 'distance_accuracy_value', 'NONE');
#787 = EDGE_CURVE ( 'NONE', #2388, #552, #96, .T. ) ;
#788 = DIRECTION ( 'NONE',  ( -1.000000000000000000, -0.000000000000000000, -9.637352644315595243E-17 ) ) ;
#789 = VECTOR ( 'NONE', #70, 1000.000000000000000 ) ;
#790 = DIRECTION ( 'NONE',  ( 1.000000000000000000, 0.000000000000000000, 0.000000000000000000 ) ) ;
#791 = VERTEX_POINT ( 'NONE', #1433 ) ;
#792 = VERTEX_POINT ( 'NONE', #1197 ) ;
#793 = ORIENTED_EDGE ( 'NONE', *, *, #2379, .F. ) ;
#794 = LINE ( 'NONE', #2326, #2118 ) ;
#795 = VERTEX_POINT ( 'NONE', #1625 ) ;
#796 = PLANE ( 'NONE',  #2086 ) ;
#797 = EDGE_CURVE ( 'NONE', #2042, #53, #1585, .T. ) ;
#798 = CALENDAR_DATE ( 2026, 20, 8 ) ;
#799 = CARTESIAN_POINT ( 'NONE',  ( 8.227241335951156032, 20.00000000000001776, 2.249999999999362732 ) ) ;
#800 = CARTESIAN_POINT ( 'NONE',  ( -13.99999999999999645, -4.500000000000003553, -27.00000000000000355 ) ) ;
#801 = VERTEX_POINT ( 'NONE', #1611 ) ;
#802 = EDGE_LOOP ( 'NONE', ( #1, #616, #959, #665 ) ) ;
#803 = EDGE_CURVE ( 'NONE', #299, #1568, #1420, .T. ) ;
#804 = ORIENTED_EDGE ( 'NONE', *, *, #1657, .T. ) ;
#805 = LINE ( 'NONE', #2311, #2050 ) ;
#806 = ORIENTED_EDGE ( 'NONE', *, *, #324, .T. ) ;
#807 = LINE ( 'NONE', #1027, #789 ) ;
#808 = AXIS2_PLACEMENT_3D ( 'NONE', #315, #1023, #1437 ) ;
#809 = CARTESIAN_POINT ( 'NONE',  ( -18.00000000000000355, 0.000000000000000000, 23.99999999999999289 ) ) ;
#810 = FACE_OUTER_BOUND ( 'NONE', #1890, .T. ) ;
#811 = DIRECTION ( 'NONE',  ( 9.637352644315590312E-17, 0.000000000000000000, -1.000000000000000000 ) ) ;
#812 = EDGE_LOOP ( 'NONE', ( #2424, #226, #1004, #1099 ) ) ;
#813 = EDGE_CURVE ( 'NONE', #87, #367, #843, .T. ) ;
#814 = CARTESIAN_POINT ( 'NONE',  ( -18.00000000000000355, -4.500000000000003553, 23.99999999999999289 ) ) ;
#815 = ORIENTED_EDGE ( 'NONE', *, *, #489, .T. ) ;
#816 = EDGE_CURVE ( 'NONE', #302, #985, #2368, .T. ) ;
#817 = AXIS2_PLACEMENT_3D ( 'NONE', #415, #578, #1149 ) ;
#818 = FACE_OUTER_BOUND ( 'NONE', #998, .T. ) ;
#819 = VERTEX_POINT ( 'NONE', #993 ) ;
#820 = LINE ( 'NONE', #2313, #1466 ) ;
#821 = DIRECTION ( 'NONE',  ( 1.000000000000000000, 0.000000000000000000, 1.269309860470834231E-16 ) ) ;
#822 = VECTOR ( 'NONE', #845, 1000.000000000000000 ) ;
#823 = CARTESIAN_POINT ( 'NONE',  ( 0.000000000000000000, -4.500000000000003553, -26.00000000000000355 ) ) ;
#824 = DIRECTION ( 'NONE',  ( 0.000000000000000000, 0.000000000000000000, -1.000000000000000000 ) ) ;
#825 = EDGE_LOOP ( 'NONE', ( #830, #442, #36 ) ) ;
#826 = AXIS2_PLACEMENT_3D ( 'NONE', #2151, #1776, #1934 ) ;
#827 = DIRECTION ( 'NONE',  ( 0.000000000000000000, -1.000000000000000000, 0.000000000000000000 ) ) ;
#828 = ADVANCED_FACE ( 'NONE', ( #1006 ), #1986, .T. ) ;
#829 = LINE ( 'NONE', #2364, #1927 ) ;
#830 = ORIENTED_EDGE ( 'NONE', *, *, #384, .T. ) ;
#831 = CARTESIAN_POINT ( 'NONE',  ( 9.260129588726069727, -4.500000000000003553, -36.50010000000000332 ) ) ;
#832 = CARTESIAN_POINT ( 'NONE',  ( 4.029205483762062546E-15, 23.00000000000002132, -32.69999999999999574 ) ) ;
#833 = CARTESIAN_POINT ( 'NONE',  ( -8.227241335953177526, 3.000000000000002665, 5.750000000000256684 ) ) ;
#834 = DIRECTION ( 'NONE',  ( -0.000000000000000000, -0.000000000000000000, 1.000000000000000000 ) ) ;
#835 = VERTEX_POINT ( 'NONE', #623 ) ;
#836 = CARTESIAN_POINT ( 'NONE',  ( 13.99999999999999645, -4.500000000000003553, 17.99999999999998934 ) ) ;
#837 = ORIENTED_EDGE ( 'NONE', *, *, #1039, .T. ) ;
#838 = EDGE_CURVE ( 'NONE', #2089, #1588, #1959, .T. ) ;
#839 = VECTOR ( 'NONE', #846, 1000.000000000000000 ) ;
#840 = CARTESIAN_POINT ( 'NONE',  ( -12.49999999999999645, -3.000000000000002665, 17.99999999999998934 ) ) ;
#841 = ORIENTED_EDGE ( 'NONE', *, *, #975, .T. ) ;
#842 = PLANE ( 'NONE',  #1931 ) ;
#843 = LINE ( 'NONE', #1597, #865 ) ;
#844 = VECTOR ( 'NONE', #827, 1000.000000000000000 ) ;
#845 = DIRECTION ( 'NONE',  ( 1.000000000000000000, 0.000000000000000000, -0.000000000000000000 ) ) ;
#846 = DIRECTION ( 'NONE',  ( 0.000000000000000000, -1.000000000000000000, 0.000000000000000000 ) ) ;
#847 = ORIENTED_EDGE ( 'NONE', *, *, #2392, .T. ) ;
#848 = CC_DESIGN_SECURITY_CLASSIFICATION ( #1841, ( #92 ) ) ;
#849 = CARTESIAN_POINT ( 'NONE',  ( -17.99999999999999645, -3.500000000000003109, -28.00000000000000355 ) ) ;
#850 = ORIENTED_EDGE ( 'NONE', *, *, #718, .F. ) ;
#851 = ORIENTED_EDGE ( 'NONE', *, *, #1340, .F. ) ;
#852 = DIRECTION ( 'NONE',  ( -1.000000000000000000, 0.000000000000000000, 1.445602896647339656E-16 ) ) ;
#853 = CARTESIAN_POINT ( 'NONE',  ( 8.227241335951156032, 20.00000000000001776, 4.750000000000587086 ) ) ;
#854 = AXIS2_PLACEMENT_3D ( 'NONE', #1605, #1619, #524 ) ;
#855 = VERTEX_POINT ( 'NONE', #2132 ) ;
#856 = LINE ( 'NONE', #716, #712 ) ;
#857 = ADVANCED_FACE ( 'NONE', ( #2340 ), #651, .F. ) ;
#858 = DIRECTION ( 'NONE',  ( 0.000000000000000000, 0.000000000000000000, -1.000000000000000000 ) ) ;
#859 = CARTESIAN_POINT ( 'NONE',  ( 10.80000000000000426, 0.000000000000000000, -22.50000000000000355 ) ) ;
#860 = DIRECTION ( 'NONE',  ( 1.000000000000000000, 0.000000000000000000, 9.637352644315595243E-17 ) ) ;
#861 = EDGE_CURVE ( 'NONE', #985, #1075, #257, .T. ) ;
#862 = ORIENTED_EDGE ( 'NONE', *, *, #1403, .F. ) ;
#863 = VECTOR ( 'NONE', #104, 1000.000000000000000 ) ;
#864 = CARTESIAN_POINT ( 'NONE',  ( 14.00000000000000355, -4.500000000000003553, -22.00000000000001066 ) ) ;
#865 = VECTOR ( 'NONE', #2143, 1000.000000000000000 ) ;
#866 = ORIENTED_EDGE ( 'NONE', *, *, #714, .F. ) ;
#867 = ORIENTED_EDGE ( 'NONE', *, *, #2239, .F. ) ;
#868 = CARTESIAN_POINT ( 'NONE',  ( 8.227241335951156032, 20.00000000000001776, 4.750000000000587086 ) ) ;
#869 = CIRCLE ( 'NONE', #908, 1.000000000000000888 ) ;
#870 = FACE_OUTER_BOUND ( 'NONE', #1343, .T. ) ;
#871 = ORIENTED_EDGE ( 'NONE', *, *, #1144, .T. ) ;
#872 = CARTESIAN_POINT ( 'NONE',  ( 16.99999999999999645, -4.500000000000003553, 0.000000000000000000 ) ) ;
#873 = CARTESIAN_POINT ( 'NONE',  ( -13.99999999999999645, -3.000000000000002665, -22.00000000000000711 ) ) ;
#874 = EDGE_CURVE ( 'NONE', #973, #2089, #1334, .T. ) ;
#875 = CARTESIAN_POINT ( 'NONE',  ( -10.79999999999999716, -4.500000000000003553, -22.50000000000000711 ) ) ;
#876 = CYLINDRICAL_SURFACE ( 'NONE', #1698, 32.25000000000000000 ) ;
#877 = VERTEX_POINT ( 'NONE', #309 ) ;
#878 = DIRECTION ( 'NONE',  ( -9.637352644315590312E-17, 0.000000000000000000, 1.000000000000000000 ) ) ;
#879 = VERTEX_POINT ( 'NONE', #2243 ) ;
#880 = VERTEX_POINT ( 'NONE', #1081 ) ;
#881 = DIRECTION ( 'NONE',  ( -0.000000000000000000, 0.000000000000000000, -1.000000000000000000 ) ) ;
#882 = ADVANCED_FACE ( 'NONE', ( #1474 ), #325, .T. ) ;
#883 = DIRECTION ( 'NONE',  ( -0.000000000000000000, -0.000000000000000000, 1.000000000000000000 ) ) ;
#884 = VECTOR ( 'NONE', #433, 1000.000000000000000 ) ;
#885 = EDGE_LOOP ( 'NONE', ( #2094, #2253, #2098, #1538 ) ) ;
#886 = DIRECTION ( 'NONE',  ( 0.000000000000000000, -0.000000000000000000, 1.000000000000000000 ) ) ;
#887 = DIRECTION ( 'NONE',  ( 1.269309860470834477E-16, 0.000000000000000000, -1.000000000000000000 ) ) ;
#888 = FACE_BOUND ( 'NONE', #231, .T. ) ;
#889 = PERSON_AND_ORGANIZATION_ROLE ( 'design_owner' ) ;
#890 = CIRCLE ( 'NONE', #2268, 14.00000000000000000 ) ;
#891 = CYLINDRICAL_SURFACE ( 'NONE', #519, 2.500000000000841993 ) ;
#892 = VECTOR ( 'NONE', #2013, 1000.000000000000000 ) ;
#893 = EDGE_LOOP ( 'NONE', ( #1395, #46 ) ) ;
#894 = ADVANCED_FACE ( 'NONE', ( #2220 ), #2192, .T. ) ;
#895 = FACE_OUTER_BOUND ( 'NONE', #825, .T. ) ;
#896 = EDGE_CURVE ( 'NONE', #2097, #1033, #1277, .T. ) ;
#897 = DIRECTION ( 'NONE',  ( 1.000000000000000000, -0.000000000000000000, 1.387778780781445922E-16 ) ) ;
#898 = VERTEX_POINT ( 'NONE', #177 ) ;
#899 = DIRECTION ( 'NONE',  ( 1.000000000000000000, 0.000000000000000000, 1.971276677246372012E-16 ) ) ;
#900 = CARTESIAN_POINT ( 'NONE',  ( -8.227241335953177526, 20.00000000000001776, 4.749999999999414690 ) ) ;
#901 = LINE ( 'NONE', #17, #45 ) ;
#902 = VECTOR ( 'NONE', #633, 1000.000000000000000 ) ;
#903 = CARTESIAN_POINT ( 'NONE',  ( 13.99999999999999822, -4.500000000000003553, 18.50000000000000355 ) ) ;
#904 = EDGE_LOOP ( 'NONE', ( #2150, #1992, #2108, #1565 ) ) ;
#905 = LINE ( 'NONE', #172, #111 ) ;
#906 = VECTOR ( 'NONE', #1376, 1000.000000000000000 ) ;
#907 = ADVANCED_FACE ( 'NONE', ( #1653 ), #346, .T. ) ;
#908 = AXIS2_PLACEMENT_3D ( 'NONE', #1846, #1269, #179 ) ;
#909 = DIRECTION ( 'NONE',  ( -0.000000000000000000, 0.000000000000000000, -1.000000000000000000 ) ) ;
#910 = VERTEX_POINT ( 'NONE', #151 ) ;
#911 = PLANE ( 'NONE',  #1996 ) ;
#912 =( BOUNDED_CURVE ( )  B_SPLINE_CURVE ( 3, ( #563, #1103, #1896, #933 ),
 .UNSPECIFIED., .F., .F. ) 
 B_SPLINE_CURVE_WITH_KNOTS ( ( 4, 4 ),
 ( 0.000000000000000000, 1.570796326794896558 ),
 .UNSPECIFIED. ) 
 CURVE ( )  GEOMETRIC_REPRESENTATION_ITEM ( )  RATIONAL_B_SPLINE_CURVE ( ( 1.000000000000000000, 0.8047378541243649375, 0.8047378541243649375, 1.000000000000000000 ) ) 
 REPRESENTATION_ITEM ( '' )  );
#913 = DIRECTION ( 'NONE',  ( -1.000000000000000000, 3.593355771666243492E-15, -2.478176394252581634E-16 ) ) ;
#914 = EDGE_CURVE ( 'NONE', #801, #322, #2232, .T. ) ;
#915 = FACE_OUTER_BOUND ( 'NONE', #595, .T. ) ;
#916 = CARTESIAN_POINT ( 'NONE',  ( 8.799999999999993605, -4.500000000000003553, 22.99999999999999289 ) ) ;
#917 = APPLICATION_CONTEXT ( 'configuration controlled 3d designs of mechanical parts and assemblies' ) ;
#918 = DIRECTION ( 'NONE',  ( 0.000000000000000000, 0.000000000000000000, 1.000000000000000000 ) ) ;
#919 = ORIENTED_EDGE ( 'NONE', *, *, #924, .F. ) ;
#920 = FACE_OUTER_BOUND ( 'NONE', #943, .T. ) ;
#921 = EDGE_CURVE ( 'NONE', #477, #835, #2084, .T. ) ;
#922 = ORIENTED_EDGE ( 'NONE', *, *, #25, .T. ) ;
#923 = DIRECTION ( 'NONE',  ( 0.000000000000000000, 0.000000000000000000, -1.000000000000000000 ) ) ;
#924 = EDGE_CURVE ( 'NONE', #1744, #2123, #717, .T. ) ;
#925 = DIRECTION ( 'NONE',  ( 0.000000000000000000, 0.000000000000000000, 1.000000000000000000 ) ) ;
#926 = CARTESIAN_POINT ( 'NONE',  ( 16.50000000000000000, -4.500000000000003553, 21.99999999999999289 ) ) ;
#927 = APPROVAL_ROLE ( '' ) ;
#928 = CARTESIAN_POINT ( 'NONE',  ( -16.50000000000000000, -4.500011999999998125, 21.99999999999999289 ) ) ;
#929 = EDGE_LOOP ( 'NONE', ( #604, #777, #2057, #2287 ) ) ;
#930 = DIRECTION ( 'NONE',  ( 0.000000000000000000, 1.000000000000000000, 0.000000000000000000 ) ) ;
#931 = AXIS2_PLACEMENT_3D ( 'NONE', #1293, #1465, #918 ) ;
#932 = ORIENTED_EDGE ( 'NONE', *, *, #770, .T. ) ;
#933 = CARTESIAN_POINT ( 'NONE',  ( -16.99999999999999289, -4.500000000000003553, -27.00000000000000355 ) ) ;
#934 = CARTESIAN_POINT ( 'NONE',  ( 8.227241335951156032, 20.00000000000001776, 4.750000000000587086 ) ) ;
#935 = DIRECTION ( 'NONE',  ( 0.000000000000000000, 0.000000000000000000, 1.000000000000000000 ) ) ;
#936 = ADVANCED_FACE ( 'NONE', ( #1677 ), #1446, .T. ) ;
#937 = AXIS2_PLACEMENT_3D ( 'NONE', #2187, #318, #1064 ) ;
#938 = LINE ( 'NONE', #744, #169 ) ;
#939 = ORIENTED_EDGE ( 'NONE', *, *, #2336, .F. ) ;
#940 = PLANE ( 'NONE',  #1810 ) ;
#941 = EDGE_CURVE ( 'NONE', #819, #1001, #587, .T. ) ;
#942 = VECTOR ( 'NONE', #2168, 1000.000000000000000 ) ;
#943 = EDGE_LOOP ( 'NONE', ( #841, #653, #1758, #1723, #960, #456, #2255, #2272, #2012, #2360, #987, #1360, #847, #1285 ) ) ;
#944 = CYLINDRICAL_SURFACE ( 'NONE', #1084, 2.500000000000000444 ) ;
#945 = AXIS2_PLACEMENT_3D ( 'NONE', #649, #1195, #2339 ) ;
#946 = CARTESIAN_POINT ( 'NONE',  ( 10.80000000000000426, -4.500000000000003553, -22.50000000000000355 ) ) ;
#947 = CARTESIAN_POINT ( 'NONE',  ( 0.000000000000000000, -4.500000000000003553, 0.000000000000000000 ) ) ;
#948 = CARTESIAN_POINT ( 'NONE',  ( 0.000000000000000000, 3.000000000000002665, -9.500000000000001776 ) ) ;
#949 = EDGE_CURVE ( 'NONE', #607, #1159, #1773, .T. ) ;
#950 = CARTESIAN_POINT ( 'NONE',  ( 14.00000000000000355, -4.500000000000003553, -27.00000000000000000 ) ) ;
#951 = ORIENTED_EDGE ( 'NONE', *, *, #681, .F. ) ;
#952 = DIRECTION ( 'NONE',  ( 0.000000000000000000, 1.000000000000000000, 0.000000000000000000 ) ) ;
#953 = ORIENTED_EDGE ( 'NONE', *, *, #190, .T. ) ;
#954 = LINE ( 'NONE', #64, #30 ) ;
#955 = CARTESIAN_POINT ( 'NONE',  ( -13.99999999999999645, -3.000000000000002665, 17.99999999999998934 ) ) ;
#956 = DIRECTION ( 'NONE',  ( 0.000000000000000000, -1.000000000000000000, 0.000000000000000000 ) ) ;
#957 = DIRECTION ( 'NONE',  ( 1.000000000000000000, 0.000000000000000000, 0.000000000000000000 ) ) ;
#958 = CARTESIAN_POINT ( 'NONE',  ( -8.227241335953177526, 3.000000000000002665, 7.250000000000255795 ) ) ;
#959 = ORIENTED_EDGE ( 'NONE', *, *, #1628, .T. ) ;
#960 = ORIENTED_EDGE ( 'NONE', *, *, #351, .T. ) ;
#961 = VECTOR ( 'NONE', #2427, 1000.000000000000000 ) ;
#962 = ORIENTED_EDGE ( 'NONE', *, *, #1561, .F. ) ;
#963 = ADVANCED_FACE ( 'NONE', ( #335 ), #2049, .F. ) ;
#964 = ORIENTED_EDGE ( 'NONE', *, *, #1498, .T. ) ;
#965 = AXIS2_PLACEMENT_3D ( 'NONE', #2147, #1245, #878 ) ;
#966 = EDGE_CURVE ( 'NONE', #101, #1943, #1665, .T. ) ;
#967 = EDGE_LOOP ( 'NONE', ( #99, #1219, #2394, #919 ) ) ;
#968 = PLANE ( 'NONE',  #1505 ) ;
#969 = CARTESIAN_POINT ( 'NONE',  ( 0.000000000000000000, -4.500000000000003553, -26.00000000000000355 ) ) ;
#970 = DIRECTION ( 'NONE',  ( -1.000000000000000000, 0.000000000000000000, -9.637352644315595243E-17 ) ) ;
#971 = ORIENTED_EDGE ( 'NONE', *, *, #1052, .T. ) ;
#972 = ORIENTED_EDGE ( 'NONE', *, *, #2235, .T. ) ;
#973 = VERTEX_POINT ( 'NONE', #2408 ) ;
#974 = AXIS2_PLACEMENT_3D ( 'NONE', #1468, #1850, #2391 ) ;
#975 = EDGE_CURVE ( 'NONE', #249, #1824, #126, .T. ) ;
#976 = VECTOR ( 'NONE', #47, 1000.000000000000000 ) ;
#977 = DIRECTION ( 'NONE',  ( 1.000000000000000000, 0.000000000000000000, -0.000000000000000000 ) ) ;
#978 = ORIENTED_EDGE ( 'NONE', *, *, #1840, .T. ) ;
#979 = DIRECTION ( 'NONE',  ( 1.816646608650925791E-17, -0.9889363528682975080, 0.1483404529302445318 ) ) ;
#980 = AXIS2_PLACEMENT_3D ( 'NONE', #1856, #1641, #925 ) ;
#981 = LINE ( 'NONE', #398, #1456 ) ;
#982 = VECTOR ( 'NONE', #283, 1000.000000000000000 ) ;
#983 = CARTESIAN_POINT ( 'NONE',  ( -14.00000000000000178, 0.000000000000000000, 18.49999999999998934 ) ) ;
#984 = VECTOR ( 'NONE', #1271, 1000.000000000000000 ) ;
#985 = VERTEX_POINT ( 'NONE', #2396 ) ;
#986 =( BOUNDED_CURVE ( )  B_SPLINE_CURVE ( 3, ( #2218, #517, #357, #345 ),
 .UNSPECIFIED., .F., .T. ) 
 B_SPLINE_CURVE_WITH_KNOTS ( ( 4, 4 ),
 ( 3.141592653589793116, 4.712388980384689674 ),
 .UNSPECIFIED. ) 
 CURVE ( )  GEOMETRIC_REPRESENTATION_ITEM ( )  RATIONAL_B_SPLINE_CURVE ( ( 1.000000000000000000, 0.8047378541243649375, 0.8047378541243649375, 1.000000000000000000 ) ) 
 REPRESENTATION_ITEM ( '' )  );
#987 = ORIENTED_EDGE ( 'NONE', *, *, #2030, .T. ) ;
#988 = ORIENTED_EDGE ( 'NONE', *, *, #435, .F. ) ;
#989 = DIRECTION ( 'NONE',  ( 0.000000000000000000, -0.000000000000000000, 1.000000000000000000 ) ) ;
#990 = ORIENTED_EDGE ( 'NONE', *, *, #992, .T. ) ;
#991 = DIRECTION ( 'NONE',  ( 0.000000000000000000, -1.000000000000000000, 0.000000000000000000 ) ) ;
#992 = EDGE_CURVE ( 'NONE', #792, #1681, #705, .T. ) ;
#993 = CARTESIAN_POINT ( 'NONE',  ( -8.227241335953177526, 3.000000000000002665, 3.749999999998572253 ) ) ;
#994 = FACE_OUTER_BOUND ( 'NONE', #802, .T. ) ;
#995 = LINE ( 'NONE', #2279, #2023 ) ;
#996 = EDGE_CURVE ( 'NONE', #1373, #261, #131, .T. ) ;
#997 = AXIS2_PLACEMENT_3D ( 'NONE', #1867, #1367, #1313 ) ;
#998 = EDGE_LOOP ( 'NONE', ( #412, #978, #537, #1719, #1417, #638, #1589, #1967, #1514, #2155, #627, #1989, #1024, #2005 ) ) ;
#999 = ORIENTED_EDGE ( 'NONE', *, *, #93, .F. ) ;
#1000 = CARTESIAN_POINT ( 'NONE',  ( -13.99999999999999645, -4.500000000000003553, 17.99999999999998934 ) ) ;
#1001 = VERTEX_POINT ( 'NONE', #833 ) ;
#1002 = CARTESIAN_POINT ( 'NONE',  ( 8.227241335951156032, 3.000000000000002665, 5.750000000001811884 ) ) ;
#1003 = FACE_OUTER_BOUND ( 'NONE', #134, .T. ) ;
#1004 = ORIENTED_EDGE ( 'NONE', *, *, #1407, .T. ) ;
#1005 = DIRECTION ( 'NONE',  ( 0.000000000000000000, -1.000000000000000000, 0.000000000000000000 ) ) ;
#1006 = FACE_OUTER_BOUND ( 'NONE', #443, .T. ) ;
#1007 = ADVANCED_FACE ( 'NONE', ( #994 ), #1791, .F. ) ;
#1008 = FACE_OUTER_BOUND ( 'NONE', #1308, .T. ) ;
#1009 = LINE ( 'NONE', #1045, #571 ) ;
#1010 = ORIENTED_EDGE ( 'NONE', *, *, #1267, .T. ) ;
#1011 = ORIENTED_EDGE ( 'NONE', *, *, #2296, .T. ) ;
#1012 = FACE_OUTER_BOUND ( 'NONE', #217, .T. ) ;
#1013 = ORIENTED_EDGE ( 'NONE', *, *, #1877, .F. ) ;
#1014 = CIRCLE ( 'NONE', #661, 1.000000000000000888 ) ;
#1015 = CARTESIAN_POINT ( 'NONE',  ( 16.49999999999999289, -4.500011999999998125, -26.00000000000000355 ) ) ;
#1016 = ORIENTED_EDGE ( 'NONE', *, *, #1716, .T. ) ;
#1017 = CARTESIAN_POINT ( 'NONE',  ( 1.224646799147352714E-16, 3.000000000000002665, -8.500000000000000000 ) ) ;
#1018 = DIRECTION ( 'NONE',  ( 1.269309860470834477E-16, 0.000000000000000000, -1.000000000000000000 ) ) ;
#1019 = VECTOR ( 'NONE', #1833, 1000.000000000000000 ) ;
#1020 = CARTESIAN_POINT ( 'NONE',  ( 10.00000000000000000, -4.500000000000003553, -28.00000000000000000 ) ) ;
#1021 = VERTEX_POINT ( 'NONE', #1586 ) ;
#1022 = VECTOR ( 'NONE', #123, 1000.000000000000000 ) ;
#1023 = DIRECTION ( 'NONE',  ( 0.000000000000000000, -1.000000000000000000, 0.000000000000000000 ) ) ;
#1024 = ORIENTED_EDGE ( 'NONE', *, *, #2185, .T. ) ;
#1025 = DIRECTION ( 'NONE',  ( -0.000000000000000000, -0.000000000000000000, 1.000000000000000000 ) ) ;
#1026 = ORIENTED_EDGE ( 'NONE', *, *, #8, .T. ) ;
#1027 = CARTESIAN_POINT ( 'NONE',  ( 2.602085213965210642E-15, -4.500000000000003553, -27.00000000000000711 ) ) ;
#1028 = DIRECTION ( 'NONE',  ( -1.000000000000000000, 0.000000000000000000, 0.000000000000000000 ) ) ;
#1029 = DIRECTION ( 'NONE',  ( 1.000000000000000000, 0.000000000000000000, 9.637352644315595243E-17 ) ) ;
#1030 = DIRECTION ( 'NONE',  ( 1.224646799147344086E-16, 0.000000000000000000, -1.000000000000000000 ) ) ;
#1031 = ORIENTED_EDGE ( 'NONE', *, *, #2082, .T. ) ;
#1032 = CARTESIAN_POINT ( 'NONE',  ( -16.99999999999999289, -4.500000000000003553, -27.00000000000000355 ) ) ;
#1033 = VERTEX_POINT ( 'NONE', #2144 ) ;
#1034 = ORIENTED_EDGE ( 'NONE', *, *, #382, .F. ) ;
#1035 = DIRECTION ( 'NONE',  ( 1.000000000000000000, 3.593355771666243492E-15, 2.478176394252581634E-16 ) ) ;
#1036 = VECTOR ( 'NONE', #626, 1000.000000000000000 ) ;
#1037 = EDGE_CURVE ( 'NONE', #11, #775, #1947, .T. ) ;
#1038 = DIRECTION ( 'NONE',  ( 1.000000000000000000, 0.000000000000000000, 0.000000000000000000 ) ) ;
#1039 = EDGE_CURVE ( 'NONE', #1427, #2346, #1044, .T. ) ;
#1040 = ORIENTED_EDGE ( 'NONE', *, *, #1941, .T. ) ;
#1041 = DIRECTION ( 'NONE',  ( 0.000000000000000000, -1.000000000000000000, 0.000000000000000000 ) ) ;
#1042 = DIRECTION ( 'NONE',  ( 0.000000000000000000, 0.000000000000000000, 1.000000000000000000 ) ) ;
#1043 = VECTOR ( 'NONE', #1123, 1000.000000000000000 ) ;
#1044 = LINE ( 'NONE', #1987, #79 ) ;
#1045 = CARTESIAN_POINT ( 'NONE',  ( 13.99999999999999645, -3.000000000000002665, 17.99999999999998934 ) ) ;
#1046 = ORIENTED_EDGE ( 'NONE', *, *, #1716, .F. ) ;
#1047 = LINE ( 'NONE', #1217, #1399 ) ;
#1048 = VERTEX_POINT ( 'NONE', #1612 ) ;
#1049 = ORIENTED_EDGE ( 'NONE', *, *, #996, .T. ) ;
#1050 = FACE_OUTER_BOUND ( 'NONE', #885, .T. ) ;
#1051 = DIRECTION ( 'NONE',  ( 0.000000000000000000, -1.000000000000000000, 0.000000000000000000 ) ) ;
#1052 = EDGE_CURVE ( 'NONE', #526, #1246, #2363, .T. ) ;
#1053 = ORIENTED_EDGE ( 'NONE', *, *, #2018, .T. ) ;
#1054 = LINE ( 'NONE', #1286, #589 ) ;
#1055 = DIRECTION ( 'NONE',  ( 0.000000000000000000, 0.000000000000000000, 1.000000000000000000 ) ) ;
#1056 = DIRECTION ( 'NONE',  ( 0.000000000000000000, 1.000000000000000000, 0.000000000000000000 ) ) ;
#1057 = PLANE ( 'NONE',  #1290 ) ;
#1058 = ORIENTED_EDGE ( 'NONE', *, *, #1771, .T. ) ;
#1059 = ADVANCED_FACE ( 'NONE', ( #810, #663 ), #440, .F. ) ;
#1060 = DIRECTION ( 'NONE',  ( 1.000000000000000000, 0.000000000000000000, 0.000000000000000000 ) ) ;
#1061 = VECTOR ( 'NONE', #1485, 1000.000000000000000 ) ;
#1062 = ORIENTED_EDGE ( 'NONE', *, *, #1486, .T. ) ;
#1063 = ORIENTED_EDGE ( 'NONE', *, *, #193, .T. ) ;
#1064 = DIRECTION ( 'NONE',  ( 0.000000000000000000, 0.000000000000000000, 1.000000000000000000 ) ) ;
#1065 = DIRECTION ( 'NONE',  ( 0.000000000000000000, 1.000000000000000000, 0.000000000000000000 ) ) ;
#1066 = EDGE_LOOP ( 'NONE', ( #1381, #1034 ) ) ;
#1067 = DIRECTION ( 'NONE',  ( 1.000000000000000000, 0.000000000000000000, 9.637352644315595243E-17 ) ) ;
#1068 = ADVANCED_FACE ( 'NONE', ( #109 ), #1571, .T. ) ;
#1069 = CARTESIAN_POINT ( 'NONE',  ( -16.99999999999999645, -4.500000000000003553, 0.000000000000000000 ) ) ;
#1070 = DIRECTION ( 'NONE',  ( 0.000000000000000000, 0.000000000000000000, -1.000000000000000000 ) ) ;
#1071 = EDGE_CURVE ( 'NONE', #261, #1918, #1598, .T. ) ;
#1072 = CALENDAR_DATE ( 2026, 20, 8 ) ;
#1073 = ADVANCED_FACE ( 'NONE', ( #430, #1936 ), #2331, .F. ) ;
#1074 = CARTESIAN_POINT ( 'NONE',  ( -9.260129588726066174, -4.500000000000003553, 23.99999999999999289 ) ) ;
#1075 = VERTEX_POINT ( 'NONE', #859 ) ;
#1076 = CARTESIAN_POINT ( 'NONE',  ( 0.000000000000000000, 49.99999999999998579, 0.000000000000000000 ) ) ;
#1077 = LINE ( 'NONE', #121, #118 ) ;
#1078 = ORIENTED_EDGE ( 'NONE', *, *, #1111, .T. ) ;
#1079 = CARTESIAN_POINT ( 'NONE',  ( -10.00000000000000000, -4.500000000000003553, 23.99999999999999289 ) ) ;
#1080 = PRODUCT_DEFINITION_SHAPE ( 'NONE', 'NONE',  #1873 ) ;
#1081 = CARTESIAN_POINT ( 'NONE',  ( 0.000000000000000000, 22.65387227651099877, -33.10191915852334432 ) ) ;
#1082 = CARTESIAN_POINT ( 'NONE',  ( 1.843143693225357538E-15, -15.00000000000000000, -36.50010000000000332 ) ) ;
#1083 = DIRECTION ( 'NONE',  ( 0.000000000000000000, -1.000000000000000000, 0.000000000000000000 ) ) ;
#1084 = AXIS2_PLACEMENT_3D ( 'NONE', #2076, #1708, #15 ) ;
#1085 = EDGE_CURVE ( 'NONE', #2388, #594, #1198, .T. ) ;
#1086 = CARTESIAN_POINT ( 'NONE',  ( -13.99999999999999645, -4.500000000000003553, -22.00000000000000711 ) ) ;
#1087 = VERTEX_POINT ( 'NONE', #1805 ) ;
#1088 = DIRECTION ( 'NONE',  ( 0.000000000000000000, -1.000000000000000000, 0.000000000000000000 ) ) ;
#1089 = FACE_OUTER_BOUND ( 'NONE', #2087, .T. ) ;
#1090 = ORIENTED_EDGE ( 'NONE', *, *, #1232, .F. ) ;
#1091 = LINE ( 'NONE', #2366, #1335 ) ;
#1092 = DIRECTION ( 'NONE',  ( 1.000000000000000000, 0.000000000000000000, -0.000000000000000000 ) ) ;
#1093 = DIRECTION ( 'NONE',  ( 0.000000000000000000, -1.000000000000000000, 0.000000000000000000 ) ) ;
#1094 = APPROVAL_ROLE ( '' ) ;
#1095 = VECTOR ( 'NONE', #2167, 1000.000000000000000 ) ;
#1096 = DIRECTION ( 'NONE',  ( 0.000000000000000000, -1.000000000000000000, 0.000000000000000000 ) ) ;
#1097 = PRODUCT_RELATED_PRODUCT_CATEGORY ( 'detail', '', ( #573 ) ) ;
#1098 = VECTOR ( 'NONE', #1470, 1000.000000000000000 ) ;
#1099 = ORIENTED_EDGE ( 'NONE', *, *, #1182, .T. ) ;
#1100 = DIRECTION ( 'NONE',  ( 0.000000000000000000, -0.000000000000000000, -1.000000000000000000 ) ) ;
#1101 = VECTOR ( 'NONE', #2133, 1000.000000000000000 ) ;
#1102 = ORIENTED_EDGE ( 'NONE', *, *, #1325, .T. ) ;
#1103 = CARTESIAN_POINT ( 'NONE',  ( -17.99999999999999645, -4.085786437626907741, -28.00000000000000355 ) ) ;
#1104 = EDGE_CURVE ( 'NONE', #317, #1681, #1627, .T. ) ;
#1105 = CARTESIAN_POINT ( 'NONE',  ( -8.227241335953177526, 3.000000000000002665, 4.749999999999414690 ) ) ;
#1106 = CARTESIAN_POINT ( 'NONE',  ( -16.50000000000000000, -4.500011999999998125, 21.99999999999999289 ) ) ;
#1107 = DIRECTION ( 'NONE',  ( 0.000000000000000000, -1.000000000000000000, 0.000000000000000000 ) ) ;
#1108 = CARTESIAN_POINT ( 'NONE',  ( 1.224646799147352714E-16, 20.00000000000001776, -8.500000000000000000 ) ) ;
#1109 = ORIENTED_EDGE ( 'NONE', *, *, #420, .F. ) ;
#1110 = CARTESIAN_POINT ( 'NONE',  ( 14.00000000000000355, -1.500000000000001332, -22.50000000000000355 ) ) ;
#1111 = EDGE_CURVE ( 'NONE', #1793, #1033, #2115, .T. ) ;
#1112 = ORIENTED_EDGE ( 'NONE', *, *, #532, .F. ) ;
#1113 = CARTESIAN_POINT ( 'NONE',  ( -18.00000000000000355, -3.500000000000003109, 23.99999999999999289 ) ) ;
#1114 = CYLINDRICAL_SURFACE ( 'NONE', #1166, 2.500000000001224354 ) ;
#1115 = ADVANCED_FACE ( 'NONE', ( #1008 ), #452, .T. ) ;
#1116 = DIRECTION ( 'NONE',  ( -1.000000000000000000, -8.673617379884035472E-16, -2.478176394252581634E-16 ) ) ;
#1117 = APPROVAL_DATE_TIME ( #1859, #155 ) ;
#1118 = CARTESIAN_POINT ( 'NONE',  ( 17.58578643762690064, -4.500000000000003553, 23.58578643762689708 ) ) ;
#1119 = VERTEX_POINT ( 'NONE', #1020 ) ;
#1120 = DIRECTION ( 'NONE',  ( 0.000000000000000000, 0.000000000000000000, 1.000000000000000000 ) ) ;
#1121 = VECTOR ( 'NONE', #162, 1000.000000000000000 ) ;
#1122 = ORIENTED_EDGE ( 'NONE', *, *, #1901, .F. ) ;
#1123 = DIRECTION ( 'NONE',  ( -0.000000000000000000, 1.000000000000000000, -0.000000000000000000 ) ) ;
#1124 = CC_DESIGN_PERSON_AND_ORGANIZATION_ASSIGNMENT ( #588, #567, ( #1841 ) ) ;
#1125 = LINE ( 'NONE', #946, #1888 ) ;
#1126 = DIRECTION ( 'NONE',  ( 1.000000000000000000, 0.000000000000000000, 0.000000000000000000 ) ) ;
#1127 = FACE_OUTER_BOUND ( 'NONE', #699, .T. ) ;
#1128 = AXIS2_PLACEMENT_3D ( 'NONE', #1076, #656, #2009 ) ;
#1129 = DIRECTION ( 'NONE',  ( 1.000000000000000000, 0.000000000000000000, 1.269309860470834231E-16 ) ) ;
#1130 = ORIENTED_EDGE ( 'NONE', *, *, #187, .F. ) ;
#1131 = LINE ( 'NONE', #734, #584 ) ;
#1132 = AXIS2_PLACEMENT_3D ( 'NONE', #2149, #1969, #229 ) ;
#1133 = AXIS2_PLACEMENT_3D ( 'NONE', #518, #1819, #2430 ) ;
#1134 = ORIENTED_EDGE ( 'NONE', *, *, #132, .F. ) ;
#1135 = CARTESIAN_POINT ( 'NONE',  ( 13.99999999999999822, -4.500000000000003553, 22.99999999999999289 ) ) ;
#1136 = AXIS2_PLACEMENT_3D ( 'NONE', #596, #1160, #2078 ) ;
#1137 = ORIENTED_EDGE ( 'NONE', *, *, #1945, .T. ) ;
#1138 = CARTESIAN_POINT ( 'NONE',  ( 13.99999999999999645, -3.000000000000002665, -22.00000000000000711 ) ) ;
#1139 = CARTESIAN_POINT ( 'NONE',  ( -8.227241335953177526, 20.00000000000001776, 4.749999999999414690 ) ) ;
#1140 = EDGE_CURVE ( 'NONE', #552, #2263, #1779, .T. ) ;
#1141 = CARTESIAN_POINT ( 'NONE',  ( -14.00000000000000178, -1.500000000000001332, 18.49999999999998934 ) ) ;
#1142 = VERTEX_POINT ( 'NONE', #2153 ) ;
#1143 = CARTESIAN_POINT ( 'NONE',  ( 17.99999999999999645, -4.500000000000003553, 23.99999999999999289 ) ) ;
#1144 = EDGE_CURVE ( 'NONE', #33, #2224, #1212, .T. ) ;
#1145 = VERTEX_POINT ( 'NONE', #2051 ) ;
#1146 = CARTESIAN_POINT ( 'NONE',  ( 0.000000000000000000, 20.00000000000001776, -9.500000000000001776 ) ) ;
#1147 = ORIENTED_EDGE ( 'NONE', *, *, #230, .F. ) ;
#1148 = FACE_OUTER_BOUND ( 'NONE', #1966, .T. ) ;
#1149 = DIRECTION ( 'NONE',  ( 0.000000000000000000, 0.000000000000000000, -1.000000000000000000 ) ) ;
#1150 = LINE ( 'NONE', #225, #2227 ) ;
#1151 = ORIENTED_EDGE ( 'NONE', *, *, #1978, .T. ) ;
#1152 = EDGE_CURVE ( 'NONE', #237, #2032, #119, .T. ) ;
#1153 =( BOUNDED_CURVE ( )  B_SPLINE_CURVE ( 3, ( #544, #1118, #1701, #1837 ),
 .UNSPECIFIED., .F., .F. ) 
 B_SPLINE_CURVE_WITH_KNOTS ( ( 4, 4 ),
 ( 4.712388980384689674, 6.283185307179586232 ),
 .UNSPECIFIED. ) 
 CURVE ( )  GEOMETRIC_REPRESENTATION_ITEM ( )  RATIONAL_B_SPLINE_CURVE ( ( 1.000000000000000000, 0.8047378541243649375, 0.8047378541243649375, 1.000000000000000000 ) ) 
 REPRESENTATION_ITEM ( '' )  );
#1154 = VECTOR ( 'NONE', #2070, 1000.000000000000000 ) ;
#1155 = ORIENTED_EDGE ( 'NONE', *, *, #1999, .F. ) ;
#1156 = ORIENTED_EDGE ( 'NONE', *, *, #1999, .T. ) ;
#1157 = CIRCLE ( 'NONE', #2306, 36.50000000000000000 ) ;
#1158 = ADVANCED_FACE ( 'NONE', ( #167, #361, #888, #915 ), #1821, .T. ) ;
#1159 = VERTEX_POINT ( 'NONE', #529 ) ;
#1160 = DIRECTION ( 'NONE',  ( -1.000000000000000000, -0.000000000000000000, -1.269309860470834231E-16 ) ) ;
#1161 = CARTESIAN_POINT ( 'NONE',  ( 12.49999999999999645, -3.000000000000002665, 17.99999999999998934 ) ) ;
#1162 = ORIENTED_EDGE ( 'NONE', *, *, #542, .F. ) ;
#1163 = EDGE_LOOP ( 'NONE', ( #89, #2280, #2359, #683 ) ) ;
#1164 = VECTOR ( 'NONE', #1412, 1000.000000000000000 ) ;
#1165 = ORIENTED_EDGE ( 'NONE', *, *, #1429, .T. ) ;
#1166 = AXIS2_PLACEMENT_3D ( 'NONE', #934, #1694, #1337 ) ;
#1167 = EDGE_CURVE ( 'NONE', #1467, #1177, #2221, .T. ) ;
#1168 = VECTOR ( 'NONE', #1405, 1000.000000000000000 ) ;
#1169 = DIRECTION ( 'NONE',  ( 0.000000000000000000, 1.000000000000000000, 0.000000000000000000 ) ) ;
#1170 = ORIENTED_EDGE ( 'NONE', *, *, #637, .T. ) ;
#1171 = LINE ( 'NONE', #462, #982 ) ;
#1172 = CIRCLE ( 'NONE', #1371, 1.000000000000000888 ) ;
#1173 = DIRECTION ( 'NONE',  ( 0.000000000000000000, -0.000000000000000000, 1.000000000000000000 ) ) ;
#1174 = CIRCLE ( 'NONE', #1820, 2.500000000000841993 ) ;
#1175 = CARTESIAN_POINT ( 'NONE',  ( 0.000000000000000000, -4.500000000000003553, 0.000000000000000000 ) ) ;
#1176 = DIRECTION ( 'NONE',  ( -0.000000000000000000, 0.000000000000000000, 1.000000000000000000 ) ) ;
#1177 = VERTEX_POINT ( 'NONE', #337 ) ;
#1178 = ORIENTED_EDGE ( 'NONE', *, *, #23, .T. ) ;
#1179 = LINE ( 'NONE', #1508, #1154 ) ;
#1180 = ORIENTED_EDGE ( 'NONE', *, *, #129, .T. ) ;
#1181 = LINE ( 'NONE', #2163, #426 ) ;
#1182 = EDGE_CURVE ( 'NONE', #791, #1501, #1860, .T. ) ;
#1183 = ORIENTED_EDGE ( 'NONE', *, *, #1327, .F. ) ;
#1184 = DIRECTION ( 'NONE',  ( -0.000000000000000000, 1.000000000000000000, -0.000000000000000000 ) ) ;
#1185 = LINE ( 'NONE', #72, #1415 ) ;
#1186 = CARTESIAN_POINT ( 'NONE',  ( -10.80000000000000249, 0.000000000000000000, 18.49999999999998934 ) ) ;
#1187 = CARTESIAN_POINT ( 'NONE',  ( 4.047457671182001695E-15, 23.00000000000002132, -33.04999999999999716 ) ) ;
#1188 = ORIENTED_EDGE ( 'NONE', *, *, #1930, .F. ) ;
#1189 = ORIENTED_EDGE ( 'NONE', *, *, #966, .T. ) ;
#1190 = EDGE_CURVE ( 'NONE', #1220, #2388, #505, .T. ) ;
#1191 = DIRECTION ( 'NONE',  ( -1.000000000000000000, 0.000000000000000000, 0.000000000000000000 ) ) ;
#1192 = ORIENTED_EDGE ( 'NONE', *, *, #2107, .T. ) ;
#1193 = DIRECTION ( 'NONE',  ( 1.445602896647339410E-16, -0.000000000000000000, 1.000000000000000000 ) ) ;
#1194 = VERTEX_POINT ( 'NONE', #347 ) ;
#1195 = DIRECTION ( 'NONE',  ( 1.971276677246372012E-16, -0.000000000000000000, -1.000000000000000000 ) ) ;
#1196 = ADVANCED_FACE ( 'NONE', ( #2431 ), #1869, .T. ) ;
#1197 = CARTESIAN_POINT ( 'NONE',  ( -10.00000000000000000, -4.500000000000003553, -28.00000000000000355 ) ) ;
#1198 = LINE ( 'NONE', #480, #1626 ) ;
#1199 = DIRECTION ( 'NONE',  ( -1.269309860470834231E-16, 0.000000000000000000, 1.000000000000000000 ) ) ;
#1200 = VERTEX_POINT ( 'NONE', #1858 ) ;
#1201 = ORIENTED_EDGE ( 'NONE', *, *, #2250, .F. ) ;
#1202 = EDGE_CURVE ( 'NONE', #2032, #237, #869, .T. ) ;
#1203 = LINE ( 'NONE', #696, #1281 ) ;
#1204 = ORIENTED_EDGE ( 'NONE', *, *, #1370, .T. ) ;
#1205 = ORIENTED_EDGE ( 'NONE', *, *, #1751, .T. ) ;
#1206 = CIRCLE ( 'NONE', #2156, 2.500000000000841993 ) ;
#1207 = CARTESIAN_POINT ( 'NONE',  ( 8.800000000000002487, -4.111473928947035006, -36.50010000000000332 ) ) ;
#1208 = ORIENTED_EDGE ( 'NONE', *, *, #1369, .F. ) ;
#1209 = DIRECTION ( 'NONE',  ( 0.000000000000000000, -0.000000000000000000, 1.000000000000000000 ) ) ;
#1210 = FACE_OUTER_BOUND ( 'NONE', #1603, .T. ) ;
#1211 = VECTOR ( 'NONE', #1056, 1000.000000000000000 ) ;
#1212 = LINE ( 'NONE', #1975, #1968 ) ;
#1213 = DIRECTION ( 'NONE',  ( 1.445602896647339656E-16, 0.000000000000000000, -1.000000000000000000 ) ) ;
#1214 = ORIENTED_EDGE ( 'NONE', *, *, #51, .T. ) ;
#1215 = CIRCLE ( 'NONE', #945, 14.00000000000000000 ) ;
#1216 = EDGE_CURVE ( 'NONE', #1882, #1793, #1679, .T. ) ;
#1217 = CARTESIAN_POINT ( 'NONE',  ( -8.800000000000000711, -4.500000000000003553, 22.99999999999999289 ) ) ;
#1218 = VECTOR ( 'NONE', #329, 1000.000000000000000 ) ;
#1219 = ORIENTED_EDGE ( 'NONE', *, *, #2434, .T. ) ;
#1220 = VERTEX_POINT ( 'NONE', #1434 ) ;
#1221 = EDGE_CURVE ( 'NONE', #2224, #898, #1174, .T. ) ;
#1222 = DIRECTION ( 'NONE',  ( 0.000000000000000000, 0.000000000000000000, -1.000000000000000000 ) ) ;
#1223 = CARTESIAN_POINT ( 'NONE',  ( 13.99999999999999822, -4.500000000000003553, 17.99999999999998934 ) ) ;
#1224 = VERTEX_POINT ( 'NONE', #1687 ) ;
#1225 = FACE_OUTER_BOUND ( 'NONE', #486, .T. ) ;
#1226 = PLANE ( 'NONE',  #1258 ) ;
#1227 = CARTESIAN_POINT ( 'NONE',  ( 0.000000000000000000, -4.500000000000003553, 0.000000000000000000 ) ) ;
#1228 = LINE ( 'NONE', #2317, #182 ) ;
#1229 = ORIENTED_EDGE ( 'NONE', *, *, #2351, .T. ) ;
#1230 = CARTESIAN_POINT ( 'NONE',  ( 15.50000000000000000, -4.500011999999998125, 21.99999999999999289 ) ) ;
#1231 = VERTEX_POINT ( 'NONE', #926 ) ;
#1232 = EDGE_CURVE ( 'NONE', #580, #1746, #2028, .T. ) ;
#1233 = ORIENTED_EDGE ( 'NONE', *, *, #290, .F. ) ;
#1234 = PLANE ( 'NONE',  #1251 ) ;
#1235 = VECTOR ( 'NONE', #406, 1000.000000000000000 ) ;
#1236 = CARTESIAN_POINT ( 'NONE',  ( 8.799999999999993605, -1.000000000000000888, 22.99999999999999289 ) ) ;
#1237 = VERTEX_POINT ( 'NONE', #1654 ) ;
#1238 = DIRECTION ( 'NONE',  ( -0.000000000000000000, -0.000000000000000000, 1.000000000000000000 ) ) ;
#1239 = ADVANCED_FACE ( 'NONE', ( #1288, #719 ), #1256, .F. ) ;
#1240 = CARTESIAN_POINT ( 'NONE',  ( 15.50000000000000711, -4.500011999999998125, -26.00000000000000355 ) ) ;
#1241 = VECTOR ( 'NONE', #1425, 1000.000000000000000 ) ;
#1242 = PLANE ( 'NONE',  #80 ) ;
#1243 = CARTESIAN_POINT ( 'NONE',  ( 15.50000000000000000, -4.500000000000003553, 21.99999999999999289 ) ) ;
#1244 = ORIENTED_EDGE ( 'NONE', *, *, #747, .F. ) ;
#1245 = DIRECTION ( 'NONE',  ( -1.000000000000000000, 0.000000000000000000, -9.637352644315595243E-17 ) ) ;
#1246 = VERTEX_POINT ( 'NONE', #2384 ) ;
#1247 = FACE_OUTER_BOUND ( 'NONE', #2344, .T. ) ;
#1248 = CC_DESIGN_DATE_AND_TIME_ASSIGNMENT ( #2079, #18, ( #1841 ) ) ;
#1249 = CARTESIAN_POINT ( 'NONE',  ( -8.800000000000000711, -4.500000000000003553, 22.99999999999999289 ) ) ;
#1250 = EDGE_CURVE ( 'NONE', #112, #751, #692, .T. ) ;
#1251 = AXIS2_PLACEMENT_3D ( 'NONE', #303, #1799, #474 ) ;
#1252 = ORIENTED_EDGE ( 'NONE', *, *, #838, .F. ) ;
#1253 = DIRECTION ( 'NONE',  ( 1.269309860470834231E-16, 0.000000000000000000, -1.000000000000000000 ) ) ;
#1254 = CARTESIAN_POINT ( 'NONE',  ( 0.000000000000000000, 3.000000000000002665, 0.000000000000000000 ) ) ;
#1255 = ADVANCED_FACE ( 'NONE', ( #152, #706 ), #1242, .F. ) ;
#1256 = CYLINDRICAL_SURFACE ( 'NONE', #7, 14.00000000000000000 ) ;
#1257 = DATE_AND_TIME ( #2234, #1392 ) ;
#1258 = AXIS2_PLACEMENT_3D ( 'NONE', #59, #450, #2352 ) ;
#1259 = DIRECTION ( 'NONE',  ( 0.000000000000000000, -1.000000000000000000, 0.000000000000000000 ) ) ;
#1260 = VECTOR ( 'NONE', #1126, 1000.000000000000000 ) ;
#1261 = VERTEX_POINT ( 'NONE', #1462 ) ;
#1262 = CARTESIAN_POINT ( 'NONE',  ( 16.49999999999999289, -1.500000000000001332, -26.00000000000000355 ) ) ;
#1263 = AXIS2_PLACEMENT_3D ( 'NONE', #204, #1129, #1889 ) ;
#1264 = CARTESIAN_POINT ( 'NONE',  ( -14.00000000000000178, 0.000000000000000000, 18.49999999999998934 ) ) ;
#1265 = EDGE_LOOP ( 'NONE', ( #1457, #1535, #1252 ) ) ;
#1266 = DIRECTION ( 'NONE',  ( -1.971276677246372012E-16, 0.000000000000000000, 1.000000000000000000 ) ) ;
#1267 = EDGE_CURVE ( 'NONE', #1866, #302, #901, .T. ) ;
#1268 = DIRECTION ( 'NONE',  ( 0.000000000000000000, 0.000000000000000000, -1.000000000000000000 ) ) ;
#1269 = DIRECTION ( 'NONE',  ( 0.000000000000000000, -1.000000000000000000, 0.000000000000000000 ) ) ;
#1270 = DIRECTION ( 'NONE',  ( 1.000000000000000000, 0.000000000000000000, 0.000000000000000000 ) ) ;
#1271 = DIRECTION ( 'NONE',  ( 0.000000000000000000, -1.000000000000000000, 0.000000000000000000 ) ) ;
#1272 = EDGE_LOOP ( 'NONE', ( #191, #350, #2295, #671 ) ) ;
#1273 = CARTESIAN_POINT ( 'NONE',  ( 8.227241335951156032, 20.00000000000001776, 5.750000000001811884 ) ) ;
#1274 = CARTESIAN_POINT ( 'NONE',  ( 0.000000000000000000, -3.000000000000002665, 0.000000000000000000 ) ) ;
#1275 = ORIENTED_EDGE ( 'NONE', *, *, #1789, .T. ) ;
#1276 = DIRECTION ( 'NONE',  ( -0.000000000000000000, 1.000000000000000000, -0.000000000000000000 ) ) ;
#1277 = LINE ( 'NONE', #553, #164 ) ;
#1278 = ADVANCED_FACE ( 'NONE', ( #1885 ), #968, .F. ) ;
#1279 = DIRECTION ( 'NONE',  ( 1.000000000000000000, 0.000000000000000000, 0.000000000000000000 ) ) ;
#1280 = CARTESIAN_POINT ( 'NONE',  ( 0.000000000000000000, 0.000000000000000000, 0.000000000000000000 ) ) ;
#1281 = VECTOR ( 'NONE', #1965, 1000.000000000000000 ) ;
#1282 = DIRECTION ( 'NONE',  ( -1.269309860470834477E-16, -0.000000000000000000, 1.000000000000000000 ) ) ;
#1283 = ORIENTED_EDGE ( 'NONE', *, *, #371, .T. ) ;
#1284 = DIRECTION ( 'NONE',  ( 0.000000000000000000, -1.000000000000000000, 0.000000000000000000 ) ) ;
#1285 = ORIENTED_EDGE ( 'NONE', *, *, #2378, .T. ) ;
#1286 = CARTESIAN_POINT ( 'NONE',  ( 16.49999999999999645, -4.500000000000003553, 0.000000000000000000 ) ) ;
#1287 = DIRECTION ( 'NONE',  ( 0.000000000000000000, -1.000000000000000000, 0.000000000000000000 ) ) ;
#1288 = FACE_OUTER_BOUND ( 'NONE', #2305, .T. ) ;
#1289 = APPROVAL_STATUS ( 'not_yet_approved' ) ;
#1290 = AXIS2_PLACEMENT_3D ( 'NONE', #1394, #1780, #1199 ) ;
#1291 = CIRCLE ( 'NONE', #779, 33.10191915852334432 ) ;
#1292 = VECTOR ( 'NONE', #381, 1000.000000000000000 ) ;
#1293 = CARTESIAN_POINT ( 'NONE',  ( 0.000000000000000000, 22.65387227651099877, 0.000000000000000000 ) ) ;
#1294 = AXIS2_PLACEMENT_3D ( 'NONE', #1249, #897, #1622 ) ;
#1295 = VERTEX_POINT ( 'NONE', #37 ) ;
#1296 = ADVANCED_FACE ( 'NONE', ( #2245 ), #4, .T. ) ;
#1297 = CARTESIAN_POINT ( 'NONE',  ( -13.99999999999999645, -3.500000000000003109, -27.00000000000000355 ) ) ;
#1298 = VECTOR ( 'NONE', #678, 1000.000000000000000 ) ;
#1299 = EDGE_CURVE ( 'NONE', #1824, #235, #1504, .T. ) ;
#1300 = CIRCLE ( 'NONE', #1736, 1.000000000001224798 ) ;
#1301 = ORIENTED_EDGE ( 'NONE', *, *, #1325, .F. ) ;
#1302 = LINE ( 'NONE', #2254, #2188 ) ;
#1303 = CIRCLE ( 'NONE', #2369, 1.000000000000000888 ) ;
#1304 = DIRECTION ( 'NONE',  ( -1.000000000000000000, 0.000000000000000000, 0.000000000000000000 ) ) ;
#1305 = CARTESIAN_POINT ( 'NONE',  ( 8.227241335951156032, 3.000000000000002665, 4.750000000000587086 ) ) ;
#1306 = DIRECTION ( 'NONE',  ( 0.000000000000000000, 0.000000000000000000, -1.000000000000000000 ) ) ;
#1307 = CARTESIAN_POINT ( 'NONE',  ( 8.227241335951156032, 3.000000000000002665, 3.749999999999362288 ) ) ;
#1308 = EDGE_LOOP ( 'NONE', ( #1560, #867, #1950, #1214 ) ) ;
#1309 = FACE_OUTER_BOUND ( 'NONE', #2112, .T. ) ;
#1310 = EDGE_CURVE ( 'NONE', #1048, #1915, #741, .T. ) ;
#1311 = CC_DESIGN_APPROVAL ( #155, ( #1873 ) ) ;
#1312 = EDGE_LOOP ( 'NONE', ( #1208, #2338, #387, #733 ) ) ;
#1313 = DIRECTION ( 'NONE',  ( 0.000000000000000000, 0.000000000000000000, -1.000000000000000000 ) ) ;
#1314 = CARTESIAN_POINT ( 'NONE',  ( 15.50000000000000000, -4.500011999999998125, 21.99999999999999289 ) ) ;
#1315 = DIRECTION ( 'NONE',  ( 0.000000000000000000, -1.000000000000000000, 0.000000000000000000 ) ) ;
#1316 = AXIS2_PLACEMENT_3D ( 'NONE', #1187, #2134, #1030 ) ;
#1317 = VECTOR ( 'NONE', #1518, 1000.000000000000000 ) ;
#1318 = CARTESIAN_POINT ( 'NONE',  ( 0.000000000000000000, -1.500000000000001332, 0.000000000000000000 ) ) ;
#1319 = DIRECTION ( 'NONE',  ( -0.000000000000000000, -0.000000000000000000, 1.000000000000000000 ) ) ;
#1320 = ORIENTED_EDGE ( 'NONE', *, *, #558, .T. ) ;
#1321 = CARTESIAN_POINT ( 'NONE',  ( -16.99999999999999645, -3.500000000000003109, 0.000000000000000000 ) ) ;
#1322 = VERTEX_POINT ( 'NONE', #221 ) ;
#1323 = DIRECTION ( 'NONE',  ( 1.334402673828313339E-16, 0.000000000000000000, -1.000000000000000000 ) ) ;
#1324 = ORIENTED_EDGE ( 'NONE', *, *, #813, .T. ) ;
#1325 = EDGE_CURVE ( 'NONE', #2123, #344, #1300, .T. ) ;
#1326 = LINE ( 'NONE', #1530, #1706 ) ;
#1327 = EDGE_CURVE ( 'NONE', #1436, #1261, #766, .T. ) ;
#1328 = DIRECTION ( 'NONE',  ( 0.000000000000000000, -0.000000000000000000, -1.000000000000000000 ) ) ;
#1329 = AXIS2_PLACEMENT_3D ( 'NONE', #1490, #930, #2238 ) ;
#1330 = DIRECTION ( 'NONE',  ( 0.000000000000000000, 0.000000000000000000, -1.000000000000000000 ) ) ;
#1331 = ORIENTED_EDGE ( 'NONE', *, *, #1628, .F. ) ;
#1332 = DIRECTION ( 'NONE',  ( 0.000000000000000000, 0.000000000000000000, -1.000000000000000000 ) ) ;
#1333 = ORIENTED_EDGE ( 'NONE', *, *, #2128, .T. ) ;
#1334 = CIRCLE ( 'NONE', #2162, 14.00000000000000000 ) ;
#1335 = VECTOR ( 'NONE', #2382, 1000.000000000000227 ) ;
#1336 = CIRCLE ( 'NONE', #1633, 32.69999999999999574 ) ;
#1337 = DIRECTION ( 'NONE',  ( 0.000000000000000000, 0.000000000000000000, -1.000000000000000000 ) ) ;
#1338 = VERTEX_POINT ( 'NONE', #372 ) ;
#1339 = LINE ( 'NONE', #2256, #2282 ) ;
#1340 = EDGE_CURVE ( 'NONE', #2089, #1200, #1631, .T. ) ;
#1341 = CARTESIAN_POINT ( 'NONE',  ( -13.99999999999999645, -4.500000000000003553, -22.50000000000000711 ) ) ;
#1342 = ORIENTED_EDGE ( 'NONE', *, *, #941, .F. ) ;
#1343 = EDGE_LOOP ( 'NONE', ( #2196, #1903, #2217, #1671 ) ) ;
#1344 = ORIENTED_EDGE ( 'NONE', *, *, #279, .T. ) ;
#1345 = EDGE_CURVE ( 'NONE', #1220, #2229, #124, .T. ) ;
#1346 = PLANE ( 'NONE',  #1813 ) ;
#1347 = ORIENTED_EDGE ( 'NONE', *, *, #1140, .T. ) ;
#1348 = CARTESIAN_POINT ( 'NONE',  ( 13.99999999999999645, -3.000000000000002665, 17.99999999999998934 ) ) ;
#1349 = ADVANCED_BREP_SHAPE_REPRESENTATION ( '\X2\5e955ea7\X0\', ( #598, #463 ), #157 ) ;
#1350 = APPROVAL_STATUS ( 'not_yet_approved' ) ;
#1351 = EDGE_CURVE ( 'NONE', #1322, #1785, #1521, .T. ) ;
#1352 = VECTOR ( 'NONE', #1213, 1000.000000000000000 ) ;
#1353 = DIRECTION ( 'NONE',  ( 1.387778780781445922E-16, 0.000000000000000000, -1.000000000000000000 ) ) ;
#1354 = ORIENTED_EDGE ( 'NONE', *, *, #2351, .F. ) ;
#1355 = ORIENTED_EDGE ( 'NONE', *, *, #215, .T. ) ;
#1356 = ADVANCED_FACE ( 'NONE', ( #1148 ), #555, .T. ) ;
#1357 = ORIENTED_EDGE ( 'NONE', *, *, #2175, .T. ) ;
#1358 = VECTOR ( 'NONE', #1979, 1000.000000000000000 ) ;
#1359 = CARTESIAN_POINT ( 'NONE',  ( -14.00000000000000000, -1.500000000000001332, -28.00000000000000355 ) ) ;
#1360 = ORIENTED_EDGE ( 'NONE', *, *, #1310, .F. ) ;
#1361 = CYLINDRICAL_SURFACE ( 'NONE', #2055, 1.000000000000842215 ) ;
#1362 = APPROVAL_ROLE ( '' ) ;
#1363 = CARTESIAN_POINT ( 'NONE',  ( 18.00000000000000355, -3.500000000000003109, -28.00000000000000000 ) ) ;
#1364 = CARTESIAN_POINT ( 'NONE',  ( -8.800000000000000711, -1.000000000000000888, 22.99999999999999289 ) ) ;
#1365 = ORIENTED_EDGE ( 'NONE', *, *, #198, .F. ) ;
#1366 = VECTOR ( 'NONE', #1556, 1000.000000000000000 ) ;
#1367 = DIRECTION ( 'NONE',  ( 0.000000000000000000, -1.000000000000000000, 0.000000000000000000 ) ) ;
#1368 = VERTEX_POINT ( 'NONE', #232 ) ;
#1369 = EDGE_CURVE ( 'NONE', #1550, #1951, #1326, .T. ) ;
#1370 = EDGE_CURVE ( 'NONE', #1021, #1261, #673, .T. ) ;
#1371 = AXIS2_PLACEMENT_3D ( 'NONE', #1790, #821, #1390 ) ;
#1372 = FACE_OUTER_BOUND ( 'NONE', #614, .T. ) ;
#1373 = VERTEX_POINT ( 'NONE', #1496 ) ;
#1374 = CARTESIAN_POINT ( 'NONE',  ( 15.50000000000000355, -4.500000000000003553, 0.000000000000000000 ) ) ;
#1375 = VECTOR ( 'NONE', #2038, 1000.000000000000000 ) ;
#1376 = DIRECTION ( 'NONE',  ( -1.000000000000000000, 0.000000000000000000, -1.971276677246372012E-16 ) ) ;
#1377 = AXIS2_PLACEMENT_3D ( 'NONE', #1146, #370, #585 ) ;
#1378 = CARTESIAN_POINT ( 'NONE',  ( -15.50000000000000355, -4.500000000000003553, 0.000000000000000000 ) ) ;
#1379 = DIRECTION ( 'NONE',  ( 0.000000000000000000, -1.000000000000000000, 0.000000000000000000 ) ) ;
#1380 = ORIENTED_EDGE ( 'NONE', *, *, #1700, .F. ) ;
#1381 = ORIENTED_EDGE ( 'NONE', *, *, #760, .F. ) ;
#1382 = CARTESIAN_POINT ( 'NONE',  ( -12.49999999999999645, -4.500000000000003553, 17.99999999999998934 ) ) ;
#1383 = ORIENTED_EDGE ( 'NONE', *, *, #1865, .F. ) ;
#1384 = ORIENTED_EDGE ( 'NONE', *, *, #1657, .F. ) ;
#1385 = CARTESIAN_POINT ( 'NONE',  ( -8.227241335953177526, 20.00000000000001776, 4.749999999999414690 ) ) ;
#1386 = CC_DESIGN_PERSON_AND_ORGANIZATION_ASSIGNMENT ( #2222, #889, ( #573 ) ) ;
#1387 = CARTESIAN_POINT ( 'NONE',  ( 10.00000000000000000, -1.500000000000001332, -36.50010000000000332 ) ) ;
#1388 = ORIENTED_EDGE ( 'NONE', *, *, #1562, .T. ) ;
#1389 = DIRECTION ( 'NONE',  ( -1.000000000000000000, 0.000000000000000000, 0.000000000000000000 ) ) ;
#1390 = DIRECTION ( 'NONE',  ( 0.000000000000000000, 0.000000000000000000, -1.000000000000000000 ) ) ;
#1391 = EDGE_CURVE ( 'NONE', #322, #2204, #1697, .T. ) ;
#1392 = LOCAL_TIME ( 11, 40, 13.00000000000000000, #1449 ) ;
#1393 = DIRECTION ( 'NONE',  ( 0.000000000000000000, -0.000000000000000000, 1.000000000000000000 ) ) ;
#1394 = CARTESIAN_POINT ( 'NONE',  ( -10.80000000000000249, -4.500000000000003553, 18.49999999999998934 ) ) ;
#1395 = ORIENTED_EDGE ( 'NONE', *, *, #949, .T. ) ;
#1396 = LINE ( 'NONE', #1808, #1358 ) ;
#1397 = VERTEX_POINT ( 'NONE', #211 ) ;
#1398 = VERTEX_POINT ( 'NONE', #1510 ) ;
#1399 = VECTOR ( 'NONE', #654, 1000.000000000000000 ) ;
#1400 = CARTESIAN_POINT ( 'NONE',  ( -17.00000000000000000, -4.500000000000003553, 22.99999999999999289 ) ) ;
#1401 = VERTEX_POINT ( 'NONE', #1711 ) ;
#1402 = CARTESIAN_POINT ( 'NONE',  ( -8.227241335953177526, 20.00000000000001776, 4.749999999999414690 ) ) ;
#1403 = EDGE_CURVE ( 'NONE', #2197, #184, #586, .T. ) ;
#1404 = DIRECTION ( 'NONE',  ( 0.000000000000000000, -1.000000000000000000, 0.000000000000000000 ) ) ;
#1405 = DIRECTION ( 'NONE',  ( -1.000000000000000000, 0.000000000000000000, 0.000000000000000000 ) ) ;
#1406 = FACE_OUTER_BOUND ( 'NONE', #1265, .T. ) ;
#1407 = EDGE_CURVE ( 'NONE', #237, #791, #1339, .T. ) ;
#1408 = EDGE_LOOP ( 'NONE', ( #2060, #612, #1928, #1651 ) ) ;
#1409 = FACE_OUTER_BOUND ( 'NONE', #593, .T. ) ;
#1410 = ORIENTED_EDGE ( 'NONE', *, *, #2128, .F. ) ;
#1411 = ORIENTED_EDGE ( 'NONE', *, *, #1608, .F. ) ;
#1412 = DIRECTION ( 'NONE',  ( -0.000000000000000000, 1.000000000000000000, -0.000000000000000000 ) ) ;
#1413 = PERSON ( 'æœª', 'æœª', 'æœª', ('æœª'), ('æœª'), ('æœª') ) ;
#1414 = VECTOR ( 'NONE', #834, 1000.000000000000000 ) ;
#1415 = VECTOR ( 'NONE', #1763, 1000.000000000000000 ) ;
#1416 = LINE ( 'NONE', #1956, #780 ) ;
#1417 = ORIENTED_EDGE ( 'NONE', *, *, #306, .F. ) ;
#1418 = FACE_OUTER_BOUND ( 'NONE', #491, .T. ) ;
#1419 = VECTOR ( 'NONE', #1038, 1000.000000000000000 ) ;
#1420 = LINE ( 'NONE', #2330, #200 ) ;
#1421 = EDGE_CURVE ( 'NONE', #801, #1145, #2071, .T. ) ;
#1422 = DIRECTION ( 'NONE',  ( -0.000000000000000000, 1.000000000000000000, 0.000000000000000000 ) ) ;
#1423 = DIRECTION ( 'NONE',  ( 0.000000000000000000, -1.000000000000000000, 0.000000000000000000 ) ) ;
#1424 = ORIENTED_EDGE ( 'NONE', *, *, #1705, .F. ) ;
#1425 = DIRECTION ( 'NONE',  ( -1.000000000000000000, 0.000000000000000000, 0.000000000000000000 ) ) ;
#1426 = EDGE_LOOP ( 'NONE', ( #1090, #1573, #1189, #1756, #1838, #1053, #1536, #778 ) ) ;
#1427 = VERTEX_POINT ( 'NONE', #267 ) ;
#1428 = DIRECTION ( 'NONE',  ( 0.000000000000000000, 0.000000000000000000, -1.000000000000000000 ) ) ;
#1429 = EDGE_CURVE ( 'NONE', #2229, #1295, #807, .T. ) ;
#1430 = DIRECTION ( 'NONE',  ( -0.000000000000000000, 1.000000000000000000, -0.000000000000000000 ) ) ;
#1431 = ORIENTED_EDGE ( 'NONE', *, *, #2171, .T. ) ;
#1432 = DIRECTION ( 'NONE',  ( 1.000000000000000000, 0.000000000000000000, 1.269309860470834231E-16 ) ) ;
#1433 = CARTESIAN_POINT ( 'NONE',  ( 0.000000000000000000, 3.000000000000002665, -10.50000000000000178 ) ) ;
#1434 = CARTESIAN_POINT ( 'NONE',  ( 13.99999999999999822, -3.500000000000003109, -28.00000000000000000 ) ) ;
#1435 = FACE_OUTER_BOUND ( 'NONE', #445, .T. ) ;
#1436 = VERTEX_POINT ( 'NONE', #622 ) ;
#1437 = DIRECTION ( 'NONE',  ( 0.000000000000000000, 0.000000000000000000, -1.000000000000000000 ) ) ;
#1438 = EDGE_LOOP ( 'NONE', ( #632, #2138 ) ) ;
#1439 = ORIENTED_EDGE ( 'NONE', *, *, #1818, .T. ) ;
#1440 = ADVANCED_FACE ( 'NONE', ( #1750 ), #1610, .F. ) ;
#1441 = DIRECTION ( 'NONE',  ( -1.000000000000000000, 0.000000000000000000, 0.000000000000000000 ) ) ;
#1442 = ADVANCED_FACE ( 'NONE', ( #1569, #95 ), #448, .F. ) ;
#1443 = PLANE ( 'NONE',  #39 ) ;
#1444 = ORIENTED_EDGE ( 'NONE', *, *, #1818, .F. ) ;
#1445 = CARTESIAN_POINT ( 'NONE',  ( 0.000000000000000000, -4.500000000000003553, 0.000000000000000000 ) ) ;
#1446 = PLANE ( 'NONE',  #319 ) ;
#1447 = CIRCLE ( 'NONE', #301, 0.3500000000000030864 ) ;
#1448 = CARTESIAN_POINT ( 'NONE',  ( 8.799999999999993605, -4.500000000000003553, 22.99999999999999289 ) ) ;
#1449 = COORDINATED_UNIVERSAL_TIME_OFFSET ( 8, 0, .AHEAD. ) ;
#1450 = DIRECTION ( 'NONE',  ( 0.000000000000000000, 0.000000000000000000, -1.000000000000000000 ) ) ;
#1451 = ORIENTED_EDGE ( 'NONE', *, *, #1421, .F. ) ;
#1452 = EDGE_LOOP ( 'NONE', ( #2400, #1630, #2406, #49 ) ) ;
#1453 = DIRECTION ( 'NONE',  ( 1.971276677246372012E-16, -0.000000000000000000, -1.000000000000000000 ) ) ;
#1454 = ADVANCED_FACE ( 'NONE', ( #1225 ), #1361, .F. ) ;
#1455 = CARTESIAN_POINT ( 'NONE',  ( -10.00000000000000000, -1.500000000000001332, 23.99999999999999289 ) ) ;
#1456 = VECTOR ( 'NONE', #29, 1000.000000000000000 ) ;
#1457 = ORIENTED_EDGE ( 'NONE', *, *, #1340, .T. ) ;
#1458 = CARTESIAN_POINT ( 'NONE',  ( -10.00000000000000000, -4.500000000000003553, -28.00000000000000355 ) ) ;
#1459 = CONICAL_SURFACE ( 'NONE', #423, 29.00000000000000000, 0.1488899476094971974 ) ;
#1460 = CARTESIAN_POINT ( 'NONE',  ( -10.00000000000000000, -4.500000000000003553, -36.50010000000000332 ) ) ;
#1461 = VECTOR ( 'NONE', #1553, 1000.000000000000000 ) ;
#1462 = CARTESIAN_POINT ( 'NONE',  ( 8.227241335951156032, 3.000000000000002665, 7.250000000001810996 ) ) ;
#1463 = DIRECTION ( 'NONE',  ( 0.000000000000000000, -0.000000000000000000, 1.000000000000000000 ) ) ;
#1464 = AXIS2_PLACEMENT_3D ( 'NONE', #728, #504, #691 ) ;
#1465 = DIRECTION ( 'NONE',  ( 0.000000000000000000, 1.000000000000000000, 0.000000000000000000 ) ) ;
#1466 = VECTOR ( 'NONE', #2165, 1000.000000000000000 ) ;
#1467 = VERTEX_POINT ( 'NONE', #1596 ) ;
#1468 = CARTESIAN_POINT ( 'NONE',  ( 0.000000000000000000, 3.000000000000002665, 0.000000000000000000 ) ) ;
#1469 = VECTOR ( 'NONE', #213, 1000.000000000000000 ) ;
#1470 = DIRECTION ( 'NONE',  ( 1.445602896647339410E-16, 0.000000000000000000, -1.000000000000000000 ) ) ;
#1471 = EDGE_CURVE ( 'NONE', #1373, #1427, #2113, .T. ) ;
#1472 = ORIENTED_EDGE ( 'NONE', *, *, #1784, .F. ) ;
#1473 = CARTESIAN_POINT ( 'NONE',  ( -17.99999999999999645, -3.500000000000003109, -28.00000000000000355 ) ) ;
#1474 = FACE_OUTER_BOUND ( 'NONE', #1408, .T. ) ;
#1475 = CARTESIAN_POINT ( 'NONE',  ( -8.227241335953177526, 3.000000000000002665, 4.749999999999414690 ) ) ;
#1476 = CARTESIAN_POINT ( 'NONE',  ( 0.000000000000000000, -1.500000000000001332, 0.000000000000000000 ) ) ;
#1477 = EDGE_CURVE ( 'NONE', #1943, #2204, #820, .T. ) ;
#1478 = DIRECTION ( 'NONE',  ( 0.000000000000000000, -1.000000000000000000, 0.000000000000000000 ) ) ;
#1479 = ORIENTED_EDGE ( 'NONE', *, *, #2040, .T. ) ;
#1480 = FACE_OUTER_BOUND ( 'NONE', #135, .T. ) ;
#1481 = CYLINDRICAL_SURFACE ( 'NONE', #355, 2.500000000000841993 ) ;
#1482 = AXIS2_PLACEMENT_3D ( 'NONE', #2169, #98, #2332 ) ;
#1483 = ORIENTED_EDGE ( 'NONE', *, *, #1182, .F. ) ;
#1484 = DIRECTION ( 'NONE',  ( 0.000000000000000000, 1.000000000000000000, 0.000000000000000000 ) ) ;
#1485 = DIRECTION ( 'NONE',  ( -0.000000000000000000, 1.000000000000000000, -0.000000000000000000 ) ) ;
#1486 = EDGE_CURVE ( 'NONE', #559, #1398, #2016, .T. ) ;
#1487 = ADVANCED_FACE ( 'NONE', ( #1418 ), #796, .F. ) ;
#1488 = DIRECTION ( 'NONE',  ( -0.000000000000000000, 1.000000000000000000, -0.000000000000000000 ) ) ;
#1489 = ORIENTED_EDGE ( 'NONE', *, *, #1678, .F. ) ;
#1490 = CARTESIAN_POINT ( 'NONE',  ( 0.000000000000000000, 3.000000000000002665, 0.000000000000000000 ) ) ;
#1491 = ORIENTED_EDGE ( 'NONE', *, *, #90, .T. ) ;
#1492 = CARTESIAN_POINT ( 'NONE',  ( -8.227241335953177526, 3.000000000000002665, 4.749999999999414690 ) ) ;
#1493 = EDGE_LOOP ( 'NONE', ( #401, #2178 ) ) ;
#1494 = DIRECTION ( 'NONE',  ( 0.000000000000000000, 0.000000000000000000, -1.000000000000000000 ) ) ;
#1495 = VECTOR ( 'NONE', #2297, 1000.000000000000000 ) ;
#1496 = CARTESIAN_POINT ( 'NONE',  ( -16.49999999999999289, -4.500000000000003553, -26.00000000000000355 ) ) ;
#1497 = APPLICATION_PROTOCOL_DEFINITION ( 'international standard', 'config_control_design', 1994, #1970 ) ;
#1498 = EDGE_CURVE ( 'NONE', #1322, #1577, #1215, .T. ) ;
#1499 = DIRECTION ( 'NONE',  ( 0.000000000000000000, 0.000000000000000000, -1.000000000000000000 ) ) ;
#1500 = VECTOR ( 'NONE', #1169, 1000.000000000000000 ) ;
#1501 = VERTEX_POINT ( 'NONE', #1017 ) ;
#1502 = VECTOR ( 'NONE', #2037, 1000.000000000000000 ) ;
#1503 = CARTESIAN_POINT ( 'NONE',  ( -13.99999999999999645, -3.000000000000002665, 17.99999999999998934 ) ) ;
#1504 = CIRCLE ( 'NONE', #1973, 1.000000000000000888 ) ;
#1505 = AXIS2_PLACEMENT_3D ( 'NONE', #947, #1728, #199 ) ;
#1506 = EDGE_CURVE ( 'NONE', #2322, #509, #1972, .T. ) ;
#1507 = EDGE_LOOP ( 'NONE', ( #862, #289, #575, #1953, #1410, #2349, #1355, #962 ) ) ;
#1508 = CARTESIAN_POINT ( 'NONE',  ( -14.00000000000000000, -4.500000000000003553, 23.99999999999999289 ) ) ;
#1509 = DIRECTION ( 'NONE',  ( -0.000000000000000000, -0.000000000000000000, 1.000000000000000000 ) ) ;
#1510 = CARTESIAN_POINT ( 'NONE',  ( 0.000000000000000000, 23.00000000000002132, -32.25000000000000000 ) ) ;
#1511 = PERSON_AND_ORGANIZATION_ROLE ( 'design_supplier' ) ;
#1512 = CARTESIAN_POINT ( 'NONE',  ( 8.227241335951156032, 20.00000000000001776, 4.750000000000587086 ) ) ;
#1513 = EDGE_CURVE ( 'NONE', #461, #1707, #639, .T. ) ;
#1514 = ORIENTED_EDGE ( 'NONE', *, *, #1104, .T. ) ;
#1515 = CARTESIAN_POINT ( 'NONE',  ( 15.50000000000000711, -4.500000000000003553, -26.00000000000000355 ) ) ;
#1516 = EDGE_CURVE ( 'NONE', #1177, #1427, #1171, .T. ) ;
#1517 = ORIENTED_EDGE ( 'NONE', *, *, #647, .T. ) ;
#1518 = DIRECTION ( 'NONE',  ( 0.000000000000000000, -1.000000000000000000, 0.000000000000000000 ) ) ;
#1519 = EDGE_CURVE ( 'NONE', #1918, #1467, #243, .T. ) ;
#1520 = CARTESIAN_POINT ( 'NONE',  ( 16.50000000000000000, -1.500000000000001332, 21.99999999999999289 ) ) ;
#1521 = LINE ( 'NONE', #1924, #1777 ) ;
#1522 = LINE ( 'NONE', #799, #2401 ) ;
#1523 = CARTESIAN_POINT ( 'NONE',  ( -17.99999999999999645, -4.500000000000003553, -28.00000000000000355 ) ) ;
#1524 = ORIENTED_EDGE ( 'NONE', *, *, #803, .F. ) ;
#1525 = AXIS2_PLACEMENT_3D ( 'NONE', #1826, #288, #1191 ) ;
#1526 = DIRECTION ( 'NONE',  ( -1.000000000000000000, -0.000000000000000000, -0.000000000000000000 ) ) ;
#1527 = ORIENTED_EDGE ( 'NONE', *, *, #1477, .F. ) ;
#1528 = EDGE_CURVE ( 'NONE', #877, #112, #58, .T. ) ;
#1529 = CARTESIAN_POINT ( 'NONE',  ( -8.227241335953177526, 20.00000000000001776, 7.250000000000255795 ) ) ;
#1530 = CARTESIAN_POINT ( 'NONE',  ( 3.551475717527324030E-15, 49.99999999999998579, 29.00000000000000000 ) ) ;
#1531 = DIRECTION ( 'NONE',  ( 0.000000000000000000, 0.000000000000000000, -1.000000000000000000 ) ) ;
#1532 = EDGE_CURVE ( 'NONE', #855, #776, #1584, .T. ) ;
#1533 = AXIS2_PLACEMENT_3D ( 'NONE', #1321, #22, #547 ) ;
#1534 = DIRECTION ( 'NONE',  ( 0.000000000000000000, 0.000000000000000000, 1.000000000000000000 ) ) ;
#1535 = ORIENTED_EDGE ( 'NONE', *, *, #1930, .T. ) ;
#1536 = ORIENTED_EDGE ( 'NONE', *, *, #1705, .T. ) ;
#1537 = AXIS2_PLACEMENT_3D ( 'NONE', #1778, #84, #2152 ) ;
#1538 = ORIENTED_EDGE ( 'NONE', *, *, #2107, .F. ) ;
#1539 = ORIENTED_EDGE ( 'NONE', *, *, #198, .T. ) ;
#1540 = VECTOR ( 'NONE', #739, 1000.000000000000000 ) ;
#1541 = VECTOR ( 'NONE', #608, 1000.000000000000000 ) ;
#1542 = ADVANCED_FACE ( 'NONE', ( #255, #1958 ), #842, .F. ) ;
#1543 = LINE ( 'NONE', #738, #1825 ) ;
#1544 = EDGE_LOOP ( 'NONE', ( #1424, #2327, #2240, #1011 ) ) ;
#1545 = CARTESIAN_POINT ( 'NONE',  ( 13.99999999999999822, -3.500000000000003109, 22.99999999999999289 ) ) ;
#1546 = DIRECTION ( 'NONE',  ( 0.000000000000000000, -1.000000000000000000, 0.000000000000000000 ) ) ;
#1547 = VECTOR ( 'NONE', #1714, 1000.000000000000000 ) ;
#1548 = DIRECTION ( 'NONE',  ( -1.000000000000000000, -0.000000000000000000, -0.000000000000000000 ) ) ;
#1549 = EDGE_CURVE ( 'NONE', #1295, #2293, #2001, .T. ) ;
#1550 = VERTEX_POINT ( 'NONE', #1803 ) ;
#1551 = ORIENTED_EDGE ( 'NONE', *, *, #618, .F. ) ;
#1552 = ORIENTED_EDGE ( 'NONE', *, *, #1370, .F. ) ;
#1553 = DIRECTION ( 'NONE',  ( -0.000000000000000000, -0.000000000000000000, 1.000000000000000000 ) ) ;
#1554 = EDGE_LOOP ( 'NONE', ( #333, #871, #447, #1926 ) ) ;
#1555 = CARTESIAN_POINT ( 'NONE',  ( -17.99999999999999645, -4.500000000000003553, -28.00000000000000355 ) ) ;
#1556 = DIRECTION ( 'NONE',  ( 0.000000000000000000, -1.000000000000000000, 0.000000000000000000 ) ) ;
#1557 = ADVANCED_FACE ( 'NONE', ( #1640 ), #527, .T. ) ;
#1558 = VECTOR ( 'NONE', #2, 1000.000000000000000 ) ;
#1559 = DIRECTION ( 'NONE',  ( 0.000000000000000000, -1.000000000000000000, 0.000000000000000000 ) ) ;
#1560 = ORIENTED_EDGE ( 'NONE', *, *, #23, .F. ) ;
#1561 = EDGE_CURVE ( 'NONE', #184, #317, #2036, .T. ) ;
#1562 = EDGE_CURVE ( 'NONE', #658, #1220, #107, .T. ) ;
#1563 = CARTESIAN_POINT ( 'NONE',  ( 3.949485927250214050E-15, 3.000000000000002665, 32.25000000000000000 ) ) ;
#1564 = ORIENTED_EDGE ( 'NONE', *, *, #93, .T. ) ;
#1565 = ORIENTED_EDGE ( 'NONE', *, *, #635, .F. ) ;
#1566 = VECTOR ( 'NONE', #368, 1000.000000000000000 ) ;
#1567 = DIRECTION ( 'NONE',  ( 1.000000000000000000, 0.000000000000000000, 0.000000000000000000 ) ) ;
#1568 = VERTEX_POINT ( 'NONE', #538 ) ;
#1569 = FACE_OUTER_BOUND ( 'NONE', #307, .T. ) ;
#1570 = CARTESIAN_POINT ( 'NONE',  ( 16.49999999999999289, -4.500011999999998125, -26.00000000000000355 ) ) ;
#1571 = CYLINDRICAL_SURFACE ( 'NONE', #429, 1.000000000000000888 ) ;
#1572 = CARTESIAN_POINT ( 'NONE',  ( 16.99999999999999289, -4.500000000000003553, 22.99999999999999289 ) ) ;
#1573 = ORIENTED_EDGE ( 'NONE', *, *, #420, .T. ) ;
#1574 = EDGE_CURVE ( 'NONE', #552, #1866, #856, .T. ) ;
#1575 = VECTOR ( 'NONE', #957, 1000.000000000000000 ) ;
#1576 = CARTESIAN_POINT ( 'NONE',  ( -15.50000000000000000, -4.500011999999998125, 21.99999999999999289 ) ) ;
#1577 = VERTEX_POINT ( 'NONE', #492 ) ;
#1578 = LINE ( 'NONE', #2324, #902 ) ;
#1579 = EDGE_CURVE ( 'NONE', #1368, #101, #986, .T. ) ;
#1580 = AXIS2_PLACEMENT_3D ( 'NONE', #900, #528, #1494 ) ;
#1581 = CARTESIAN_POINT ( 'NONE',  ( 0.000000000000000000, -1.000000000000000888, 0.000000000000000000 ) ) ;
#1582 = EDGE_LOOP ( 'NONE', ( #266, #722, #2183, #1347, #1320, #1923, #1031, #1874 ) ) ;
#1583 = CARTESIAN_POINT ( 'NONE',  ( 0.000000000000000000, 23.00000000000002132, 0.000000000000000000 ) ) ;
#1584 = CIRCLE ( 'NONE', #554, 32.69999999999999574 ) ;
#1585 = LINE ( 'NONE', #809, #2206 ) ;
#1586 = CARTESIAN_POINT ( 'NONE',  ( 8.227241335951156032, 3.000000000000002665, 2.249999999999362732 ) ) ;
#1587 = LINE ( 'NONE', #1988, #1036 ) ;
#1588 = VERTEX_POINT ( 'NONE', #1624 ) ;
#1589 = ORIENTED_EDGE ( 'NONE', *, *, #1784, .T. ) ;
#1590 = LINE ( 'NONE', #849, #28 ) ;
#1591 = ORIENTED_EDGE ( 'NONE', *, *, #2434, .F. ) ;
#1592 = EDGE_CURVE ( 'NONE', #910, #1231, #1054, .T. ) ;
#1593 = PLANE ( 'NONE',  #755 ) ;
#1594 = ADVANCED_FACE ( 'NONE', ( #2418 ), #2026, .T. ) ;
#1595 = ORIENTED_EDGE ( 'NONE', *, *, #1513, .F. ) ;
#1596 = CARTESIAN_POINT ( 'NONE',  ( -16.50000000000000000, -4.500000000000003553, 21.99999999999999289 ) ) ;
#1597 = CARTESIAN_POINT ( 'NONE',  ( 15.50000000000000000, -1.500000000000001332, 21.99999999999999289 ) ) ;
#1598 = LINE ( 'NONE', #1378, #942 ) ;
#1599 = DIRECTION ( 'NONE',  ( 0.000000000000000000, 0.000000000000000000, -1.000000000000000000 ) ) ;
#1600 = ORIENTED_EDGE ( 'NONE', *, *, #1532, .F. ) ;
#1601 = DIRECTION ( 'NONE',  ( 1.000000000000000000, 0.000000000000000000, 0.000000000000000000 ) ) ;
#1602 = CIRCLE ( 'NONE', #1316, 0.3500000000000030864 ) ;
#1603 = EDGE_LOOP ( 'NONE', ( #2299, #130, #1010, #1623 ) ) ;
#1604 = VERTEX_POINT ( 'NONE', #1652 ) ;
#1605 = CARTESIAN_POINT ( 'NONE',  ( 0.000000000000000000, 59.00000000000000000, 0.000000000000000000 ) ) ;
#1606 = VECTOR ( 'NONE', #1282, 1000.000000000000000 ) ;
#1607 = FACE_OUTER_BOUND ( 'NONE', #1582, .T. ) ;
#1608 = EDGE_CURVE ( 'NONE', #880, #2101, #1091, .T. ) ;
#1609 = ORIENTED_EDGE ( 'NONE', *, *, #1039, .F. ) ;
#1610 = PLANE ( 'NONE',  #826 ) ;
#1611 = CARTESIAN_POINT ( 'NONE',  ( -13.99999999999999645, -3.000000000000002665, -22.00000000000000711 ) ) ;
#1612 = CARTESIAN_POINT ( 'NONE',  ( 13.99999999999999645, -3.000000000000002665, -22.00000000000000711 ) ) ;
#1613 = CARTESIAN_POINT ( 'NONE',  ( 14.00000000000000000, -1.500000000000001332, -28.00000000000000000 ) ) ;
#1614 = EDGE_LOOP ( 'NONE', ( #1444, #1635, #2164, #549 ) ) ;
#1615 = DIRECTION ( 'NONE',  ( 0.000000000000000000, -0.000000000000000000, 1.000000000000000000 ) ) ;
#1616 = ORIENTED_EDGE ( 'NONE', *, *, #704, .T. ) ;
#1617 = ORIENTED_EDGE ( 'NONE', *, *, #2323, .F. ) ;
#1618 = CIRCLE ( 'NONE', #974, 32.25000000000000000 ) ;
#1619 = DIRECTION ( 'NONE',  ( 0.000000000000000000, -1.000000000000000000, 0.000000000000000000 ) ) ;
#1620 = VECTOR ( 'NONE', #1107, 1000.000000000000000 ) ;
#1621 = CIRCLE ( 'NONE', #1695, 1.000000000001224798 ) ;
#1622 = DIRECTION ( 'NONE',  ( 1.387778780781445922E-16, 0.000000000000000000, -1.000000000000000000 ) ) ;
#1623 = ORIENTED_EDGE ( 'NONE', *, *, #816, .T. ) ;
#1624 = CARTESIAN_POINT ( 'NONE',  ( -8.800000000000000711, -1.000000000000000888, 22.99999999999999289 ) ) ;
#1625 = CARTESIAN_POINT ( 'NONE',  ( -8.227241335953177526, 20.00000000000001776, 2.249999999998572697 ) ) ;
#1626 = VECTOR ( 'NONE', #297, 1000.000000000000000 ) ;
#1627 = LINE ( 'NONE', #2371, #1298 ) ;
#1628 = EDGE_CURVE ( 'NONE', #1914, #2083, #690, .T. ) ;
#1629 = FACE_OUTER_BOUND ( 'NONE', #65, .T. ) ;
#1630 = ORIENTED_EDGE ( 'NONE', *, *, #966, .F. ) ;
#1631 = CIRCLE ( 'NONE', #2325, 14.00000000000000000 ) ;
#1632 = VECTOR ( 'NONE', #590, 1000.000000000000000 ) ;
#1633 = AXIS2_PLACEMENT_3D ( 'NONE', #569, #1937, #1534 ) ;
#1634 = PLANE ( 'NONE',  #2428 ) ;
#1635 = ORIENTED_EDGE ( 'NONE', *, *, #1685, .T. ) ;
#1636 = ORIENTED_EDGE ( 'NONE', *, *, #542, .T. ) ;
#1637 = DIRECTION ( 'NONE',  ( 1.445602896647339656E-16, 0.000000000000000000, 1.000000000000000000 ) ) ;
#1638 = DIRECTION ( 'NONE',  ( 0.000000000000000000, 0.000000000000000000, -1.000000000000000000 ) ) ;
#1639 = ORIENTED_EDGE ( 'NONE', *, *, #874, .T. ) ;
#1640 = FACE_OUTER_BOUND ( 'NONE', #1802, .T. ) ;
#1641 = DIRECTION ( 'NONE',  ( 0.000000000000000000, 1.000000000000000000, 0.000000000000000000 ) ) ;
#1642 = CARTESIAN_POINT ( 'NONE',  ( -8.227241335953177526, 20.00000000000001776, 4.749999999999414690 ) ) ;
#1643 = FACE_OUTER_BOUND ( 'NONE', #330, .T. ) ;
#1644 = ORIENTED_EDGE ( 'NONE', *, *, #1907, .F. ) ;
#1645 = ADVANCED_FACE ( 'NONE', ( #2395, #1832 ), #2048, .F. ) ;
#1646 = DIRECTION ( 'NONE',  ( 0.000000000000000000, 1.000000000000000000, 0.000000000000000000 ) ) ;
#1647 = ORIENTED_EDGE ( 'NONE', *, *, #1840, .F. ) ;
#1648 = ORIENTED_EDGE ( 'NONE', *, *, #2092, .F. ) ;
#1649 = CARTESIAN_POINT ( 'NONE',  ( -2.222614453595284090E-15, -4.500000000000003553, 22.99999999999999289 ) ) ;
#1650 = LINE ( 'NONE', #701, #2244 ) ;
#1651 = ORIENTED_EDGE ( 'NONE', *, *, #25, .F. ) ;
#1652 = CARTESIAN_POINT ( 'NONE',  ( 14.00000000000000000, -1.500000000000001332, 18.49999999999998934 ) ) ;
#1653 = FACE_OUTER_BOUND ( 'NONE', #1906, .T. ) ;
#1654 = CARTESIAN_POINT ( 'NONE',  ( 12.49999999999999645, -4.500000000000003553, 17.99999999999998934 ) ) ;
#1655 = DATE_AND_TIME ( #1072, #1795 ) ;
#1656 = CARTESIAN_POINT ( 'NONE',  ( 17.99999999999999645, 0.000000000000000000, 23.99999999999999289 ) ) ;
#1657 = EDGE_CURVE ( 'NONE', #1785, #216, #1855, .T. ) ;
#1658 = ORIENTED_EDGE ( 'NONE', *, *, #718, .T. ) ;
#1659 = DIRECTION ( 'NONE',  ( 0.000000000000000000, -1.000000000000000000, 0.000000000000000000 ) ) ;
#1660 = DIRECTION ( 'NONE',  ( 0.000000000000000000, -1.000000000000000000, 0.000000000000000000 ) ) ;
#1661 = VECTOR ( 'NONE', #2377, 1000.000000000000000 ) ;
#1662 = ORIENTED_EDGE ( 'NONE', *, *, #2125, .F. ) ;
#1663 = DIRECTION ( 'NONE',  ( 0.000000000000000000, -0.000000000000000000, 1.000000000000000000 ) ) ;
#1664 = ADVANCED_FACE ( 'NONE', ( #2179 ), #911, .T. ) ;
#1665 = LINE ( 'NONE', #1069, #1502 ) ;
#1666 = DIRECTION ( 'NONE',  ( 0.000000000000000000, 1.000000000000000000, 0.000000000000000000 ) ) ;
#1667 = DIRECTION ( 'NONE',  ( 0.000000000000000000, 1.000000000000000000, 0.000000000000000000 ) ) ;
#1668 = AXIS2_PLACEMENT_3D ( 'NONE', #439, #1946, #858 ) ;
#1669 = CARTESIAN_POINT ( 'NONE',  ( -2.222614453595284090E-15, -3.500000000000003109, 22.99999999999999289 ) ) ;
#1670 = AXIS2_PLACEMENT_3D ( 'NONE', #1445, #334, #1663 ) ;
#1671 = ORIENTED_EDGE ( 'NONE', *, *, #1310, .T. ) ;
#1672 = LINE ( 'NONE', #1691, #269 ) ;
#1673 = FACE_OUTER_BOUND ( 'NONE', #967, .T. ) ;
#1674 = EDGE_CURVE ( 'NONE', #1828, #658, #308, .T. ) ;
#1675 = EDGE_LOOP ( 'NONE', ( #378, #1766 ) ) ;
#1676 = CARTESIAN_POINT ( 'NONE',  ( 17.99999999999999645, -3.500000000000003109, 23.99999999999999289 ) ) ;
#1677 = FACE_OUTER_BOUND ( 'NONE', #2318, .T. ) ;
#1678 = EDGE_CURVE ( 'NONE', #792, #877, #323, .T. ) ;
#1679 = LINE ( 'NONE', #875, #1061 ) ;
#1680 = PLANE ( 'NONE',  #2231 ) ;
#1681 = VERTEX_POINT ( 'NONE', #1079 ) ;
#1682 = CARTESIAN_POINT ( 'NONE',  ( 0.000000000000000000, 20.00000000000001776, -9.500000000000001776 ) ) ;
#1683 = ORIENTED_EDGE ( 'NONE', *, *, #371, .F. ) ;
#1684 = CARTESIAN_POINT ( 'NONE',  ( -12.49999999999999645, -4.500000000000003553, 17.99999999999998934 ) ) ;
#1685 = EDGE_CURVE ( 'NONE', #1087, #1368, #1844, .T. ) ;
#1686 = CARTESIAN_POINT ( 'NONE',  ( 14.00000000000000355, -4.500000000000003553, -22.50000000000000355 ) ) ;
#1687 = CARTESIAN_POINT ( 'NONE',  ( 10.00000000000000000, -1.500000000000001332, 23.99999999999999289 ) ) ;
#1688 = VECTOR ( 'NONE', #2157, 1000.000000000000000 ) ;
#1689 = DIRECTION ( 'NONE',  ( 0.000000000000000000, 0.000000000000000000, 1.000000000000000000 ) ) ;
#1690 = ORIENTED_EDGE ( 'NONE', *, *, #1403, .T. ) ;
#1691 = CARTESIAN_POINT ( 'NONE',  ( 17.99999999999999645, -4.500000000000003553, 23.99999999999999289 ) ) ;
#1692 = VERTEX_POINT ( 'NONE', #1382 ) ;
#1693 = LINE ( 'NONE', #737, #1558 ) ;
#1694 = DIRECTION ( 'NONE',  ( 0.000000000000000000, -1.000000000000000000, 0.000000000000000000 ) ) ;
#1695 = AXIS2_PLACEMENT_3D ( 'NONE', #292, #136, #1428 ) ;
#1696 = CC_DESIGN_PERSON_AND_ORGANIZATION_ASSIGNMENT ( #1712, #1511, ( #92 ) ) ;
#1697 = LINE ( 'NONE', #756, #1893 ) ;
#1698 = AXIS2_PLACEMENT_3D ( 'NONE', #362, #1083, #1306 ) ;
#1699 = DIRECTION ( 'NONE',  ( 0.000000000000000000, 0.000000000000000000, 1.000000000000000000 ) ) ;
#1700 = EDGE_CURVE ( 'NONE', #291, #1604, #954, .T. ) ;
#1701 = CARTESIAN_POINT ( 'NONE',  ( 17.99999999999999645, -4.085786437626907741, 23.99999999999998934 ) ) ;
#1702 = ORIENTED_EDGE ( 'NONE', *, *, #129, .F. ) ;
#1703 = AXIS2_PLACEMENT_3D ( 'NONE', #1175, #1422, #1393 ) ;
#1704 = CYLINDRICAL_SURFACE ( 'NONE', #743, 1.000000000000000888 ) ;
#1705 = EDGE_CURVE ( 'NONE', #1401, #1692, #615, .T. ) ;
#1706 = VECTOR ( 'NONE', #979, 1000.000000000000227 ) ;
#1707 = VERTEX_POINT ( 'NONE', #2264 ) ;
#1708 = DIRECTION ( 'NONE',  ( 0.000000000000000000, -1.000000000000000000, 0.000000000000000000 ) ) ;
#1709 = CIRCLE ( 'NONE', #2213, 1.000000000001224798 ) ;
#1710 = CARTESIAN_POINT ( 'NONE',  ( 8.799999999999993605, -4.500000000000003553, 22.99999999999999289 ) ) ;
#1711 = CARTESIAN_POINT ( 'NONE',  ( -12.49999999999999645, -4.500000000000003553, -22.00000000000000711 ) ) ;
#1712 = PERSON_AND_ORGANIZATION ( #1413, #546 ) ;
#1713 = CARTESIAN_POINT ( 'NONE',  ( -18.00000000000000355, -4.500000000000003553, 23.99999999999999289 ) ) ;
#1714 = DIRECTION ( 'NONE',  ( 0.000000000000000000, -1.000000000000000000, 0.000000000000000000 ) ) ;
#1715 = ORIENTED_EDGE ( 'NONE', *, *, #1513, .T. ) ;
#1716 = EDGE_CURVE ( 'NONE', #1001, #819, #2419, .T. ) ;
#1717 = CARTESIAN_POINT ( 'NONE',  ( -14.00000000000000178, -4.500000000000003553, 22.99999999999999289 ) ) ;
#1718 = CARTESIAN_POINT ( 'NONE',  ( 8.800000000000000711, -1.000000000000000888, -27.00000000000000000 ) ) ;
#1719 = ORIENTED_EDGE ( 'NONE', *, *, #797, .T. ) ;
#1720 = CARTESIAN_POINT ( 'NONE',  ( -14.00000000000000000, -1.500000000000001332, -36.50010000000000332 ) ) ;
#1721 = DIRECTION ( 'NONE',  ( 0.000000000000000000, 1.000000000000000000, 0.000000000000000000 ) ) ;
#1722 = CARTESIAN_POINT ( 'NONE',  ( 13.99999999999999822, -4.500000000000003553, 23.99999999999999289 ) ) ;
#1723 = ORIENTED_EDGE ( 'NONE', *, *, #2082, .F. ) ;
#1724 = ORIENTED_EDGE ( 'NONE', *, *, #896, .F. ) ;
#1725 = ORIENTED_EDGE ( 'NONE', *, *, #1037, .F. ) ;
#1726 = CARTESIAN_POINT ( 'NONE',  ( -12.49999999999999645, -3.000000000000002665, -22.00000000000000711 ) ) ;
#1727 = ORIENTED_EDGE ( 'NONE', *, *, #1941, .F. ) ;
#1728 = DIRECTION ( 'NONE',  ( -0.000000000000000000, 1.000000000000000000, 0.000000000000000000 ) ) ;
#1729 = AXIS2_PLACEMENT_3D ( 'NONE', #1682, #206, #1100 ) ;
#1730 = FACE_OUTER_BOUND ( 'NONE', #208, .T. ) ;
#1731 = ORIENTED_EDGE ( 'NONE', *, *, #1592, .F. ) ;
#1732 = EDGE_LOOP ( 'NONE', ( #1380, #2242, #2035, #485 ) ) ;
#1733 = VECTOR ( 'NONE', #1998, 1000.000000000000000 ) ;
#1734 = ORIENTED_EDGE ( 'NONE', *, *, #1916, .T. ) ;
#1735 = AXIS2_PLACEMENT_3D ( 'NONE', #1835, #2420, #520 ) ;
#1736 = AXIS2_PLACEMENT_3D ( 'NONE', #1305, #2063, #2090 ) ;
#1737 = DIRECTION ( 'NONE',  ( 1.000000000000000000, 0.000000000000000000, 9.637352644315595243E-17 ) ) ;
#1738 = EDGE_CURVE ( 'NONE', #658, #419, #630, .T. ) ;
#1739 = EDGE_LOOP ( 'NONE', ( #1283, #1431 ) ) ;
#1740 = DIRECTION ( 'NONE',  ( 0.000000000000000000, 1.000000000000000000, 0.000000000000000000 ) ) ;
#1741 = EDGE_CURVE ( 'NONE', #1087, #1943, #912, .T. ) ;
#1742 = DIRECTION ( 'NONE',  ( 0.000000000000000000, -1.000000000000000000, 0.000000000000000000 ) ) ;
#1743 = FACE_OUTER_BOUND ( 'NONE', #2000, .T. ) ;
#1744 = VERTEX_POINT ( 'NONE', #175 ) ;
#1745 = ORIENTED_EDGE ( 'NONE', *, *, #382, .T. ) ;
#1746 = VERTEX_POINT ( 'NONE', #1000 ) ;
#1747 = ORIENTED_EDGE ( 'NONE', *, *, #1167, .F. ) ;
#1748 = DIRECTION ( 'NONE',  ( 1.000000000000000000, 0.000000000000000000, 0.000000000000000000 ) ) ;
#1749 = EDGE_LOOP ( 'NONE', ( #762, #1843, #1155, #106 ) ) ;
#1750 = FACE_OUTER_BOUND ( 'NONE', #1614, .T. ) ;
#1751 = EDGE_CURVE ( 'NONE', #594, #1119, #1693, .T. ) ;
#1752 = CARTESIAN_POINT ( 'NONE',  ( 13.99999999999999822, 0.000000000000000000, 18.50000000000000355 ) ) ;
#1753 = CIRCLE ( 'NONE', #2404, 36.50000000000000000 ) ;
#1754 = DIRECTION ( 'NONE',  ( 1.000000000000000000, 0.000000000000000000, 0.000000000000000000 ) ) ;
#1755 = DIRECTION ( 'NONE',  ( 0.000000000000000000, 1.000000000000000000, 0.000000000000000000 ) ) ;
#1756 = ORIENTED_EDGE ( 'NONE', *, *, #1477, .T. ) ;
#1757 = DIRECTION ( 'NONE',  ( 0.000000000000000000, 0.000000000000000000, 1.000000000000000000 ) ) ;
#1758 = ORIENTED_EDGE ( 'NONE', *, *, #2200, .F. ) ;
#1759 = LINE ( 'NONE', #66, #1495 ) ;
#1760 = CARTESIAN_POINT ( 'NONE',  ( 8.227241335951156032, 3.000000000000002665, 4.750000000000587086 ) ) ;
#1761 = VERTEX_POINT ( 'NONE', #1563 ) ;
#1762 = CARTESIAN_POINT ( 'NONE',  ( 0.000000000000000000, 0.000000000000000000, 0.000000000000000000 ) ) ;
#1763 = DIRECTION ( 'NONE',  ( 1.000000000000000000, -0.000000000000000000, 9.637352644315595243E-17 ) ) ;
#1764 = DIRECTION ( 'NONE',  ( -0.000000000000000000, 1.000000000000000000, 0.000000000000000000 ) ) ;
#1765 = DIRECTION ( 'NONE',  ( 0.000000000000000000, 1.000000000000000000, 0.000000000000000000 ) ) ;
#1766 = ORIENTED_EDGE ( 'NONE', *, *, #921, .F. ) ;
#1767 = EDGE_CURVE ( 'NONE', #2083, #1681, #209, .T. ) ;
#1768 = CIRCLE ( 'NONE', #617, 2.500000000001224354 ) ;
#1769 = CARTESIAN_POINT ( 'NONE',  ( 1.843143693225357538E-15, -15.00000000000000000, -28.00000000000000355 ) ) ;
#1770 = EDGE_LOOP ( 'NONE', ( #1591, #1683, #631, #1102 ) ) ;
#1771 = EDGE_CURVE ( 'NONE', #1159, #1001, #2309, .T. ) ;
#1772 = CLOSED_SHELL ( 'NONE', ( #2422, #466, #2096, #40, #687, #2308, #274, #2341, #396, #2386, #1059, #1645, #1239, #1007, #1442, #1278, #113, #1440, #1487, #530, #1664, #2219, #2390, #894, #564, #377, #2208, #882, #1886, #782, #963, #143, #1894, #660, #244, #421, #1594, #1196, #34, #2412, #207, #2044, #828, #483, #1801, #698, #2140, #2059, #67, #163, #2432, #256, #1115, #1356, #1557, #178, #105, #1296, #241, #2278, #629, #2068, #1068, #599, #1949, #574, #936, #907, #613, #500, #1454, #857, #1073, #1255, #603, #1921, #219, #1849, #1158, #410, #1542 ) ) ;
#1773 = CIRCLE ( 'NONE', #1580, 1.000000000000842215 ) ;
#1774 = CARTESIAN_POINT ( 'NONE',  ( -13.99999999999999645, -3.000000000000002665, 17.99999999999998934 ) ) ;
#1775 = ORIENTED_EDGE ( 'NONE', *, *, #1104, .F. ) ;
#1776 = DIRECTION ( 'NONE',  ( 1.000000000000000000, 0.000000000000000000, 1.334402673828313339E-16 ) ) ;
#1777 = VECTOR ( 'NONE', #404, 1000.000000000000000 ) ;
#1778 = CARTESIAN_POINT ( 'NONE',  ( -8.227241335953177526, 20.00000000000001776, 4.749999999999414690 ) ) ;
#1779 = LINE ( 'NONE', #85, #1168 ) ;
#1780 = DIRECTION ( 'NONE',  ( -1.000000000000000000, 0.000000000000000000, -1.269309860470834231E-16 ) ) ;
#1781 = ORIENTED_EDGE ( 'NONE', *, *, #1592, .T. ) ;
#1782 = DIRECTION ( 'NONE',  ( -1.000000000000000000, 0.000000000000000000, 0.000000000000000000 ) ) ;
#1783 = ORIENTED_EDGE ( 'NONE', *, *, #2379, .T. ) ;
#1784 = EDGE_CURVE ( 'NONE', #2319, #184, #1179, .T. ) ;
#1785 = VERTEX_POINT ( 'NONE', #1718 ) ;
#1786 = DIRECTION ( 'NONE',  ( 0.000000000000000000, -0.000000000000000000, 1.000000000000000000 ) ) ;
#1787 = ORIENTED_EDGE ( 'NONE', *, *, #1407, .F. ) ;
#1788 = CARTESIAN_POINT ( 'NONE',  ( -17.99999999999999645, -1.500000000000001332, -28.00000000000000355 ) ) ;
#1789 = EDGE_CURVE ( 'NONE', #898, #2224, #1798, .T. ) ;
#1790 = CARTESIAN_POINT ( 'NONE',  ( -14.00000000000000178, -3.500000000000003109, 22.99999999999999289 ) ) ;
#1791 = PLANE ( 'NONE',  #1929 ) ;
#1792 = DIRECTION ( 'NONE',  ( 0.000000000000000000, 0.000000000000000000, -1.000000000000000000 ) ) ;
#1793 = VERTEX_POINT ( 'NONE', #391 ) ;
#1794 = CARTESIAN_POINT ( 'NONE',  ( -13.99999999999999645, 0.000000000000000000, -22.50000000000000711 ) ) ;
#1795 = LOCAL_TIME ( 11, 40, 13.00000000000000000, #506 ) ;
#1796 = ORIENTED_EDGE ( 'NONE', *, *, #2303, .F. ) ;
#1797 = EDGE_LOOP ( 'NONE', ( #1483, #1662 ) ) ;
#1798 = CIRCLE ( 'NONE', #1993, 2.500000000000841993 ) ;
#1799 = DIRECTION ( 'NONE',  ( -1.971276677246372012E-16, 0.000000000000000000, 1.000000000000000000 ) ) ;
#1800 = LINE ( 'NONE', #2177, #1733 ) ;
#1801 = ADVANCED_FACE ( 'NONE', ( #24 ), #576, .T. ) ;
#1802 = EDGE_LOOP ( 'NONE', ( #390, #1112, #1725, #1354 ) ) ;
#1803 = CARTESIAN_POINT ( 'NONE',  ( 4.261888375599922224E-15, 22.65387227651099877, 33.10191915852334432 ) ) ;
#1804 = CARTESIAN_POINT ( 'NONE',  ( 8.799999999999993605, -1.000000000000000888, 22.99999999999999289 ) ) ;
#1805 = CARTESIAN_POINT ( 'NONE',  ( -17.99999999999999645, -3.500000000000003109, -28.00000000000000355 ) ) ;
#1806 = LINE ( 'NONE', #272, #252 ) ;
#1807 = ORIENTED_EDGE ( 'NONE', *, *, #1916, .F. ) ;
#1808 = CARTESIAN_POINT ( 'NONE',  ( 17.99999999999999645, 0.000000000000000000, 23.99999999999999289 ) ) ;
#1809 = ORIENTED_EDGE ( 'NONE', *, *, #1351, .T. ) ;
#1810 = AXIS2_PLACEMENT_3D ( 'NONE', #572, #1892, #2273 ) ;
#1811 = CARTESIAN_POINT ( 'NONE',  ( -13.99999999999999645, -4.500000000000003553, -22.50000000000000711 ) ) ;
#1812 = CARTESIAN_POINT ( 'NONE',  ( -15.50000000000000000, -4.500011999999998125, 21.99999999999999289 ) ) ;
#1813 = AXIS2_PLACEMENT_3D ( 'NONE', #1710, #772, #1876 ) ;
#1814 = ORIENTED_EDGE ( 'NONE', *, *, #279, .F. ) ;
#1815 = CARTESIAN_POINT ( 'NONE',  ( -14.00000000000000178, -4.500000000000003553, 18.49999999999998934 ) ) ;
#1816 = AXIS2_PLACEMENT_3D ( 'NONE', #1760, #436, #253 ) ;
#1817 = CIRCLE ( 'NONE', #276, 2.500000000001224354 ) ;
#1818 = EDGE_CURVE ( 'NONE', #1087, #251, #1875, .T. ) ;
#1819 = DIRECTION ( 'NONE',  ( 0.000000000000000000, 0.000000000000000000, -1.000000000000000000 ) ) ;
#1820 = AXIS2_PLACEMENT_3D ( 'NONE', #1475, #2397, #2193 ) ;
#1821 = PLANE ( 'NONE',  #2321 ) ;
#1822 = LINE ( 'NONE', #74, #1352 ) ;
#1823 = EDGE_CURVE ( 'NONE', #53, #251, #1302, .T. ) ;
#1824 = VERTEX_POINT ( 'NONE', #1135 ) ;
#1825 = VECTOR ( 'NONE', #411, 1000.000000000000000 ) ;
#1826 = CARTESIAN_POINT ( 'NONE',  ( 1.843143693225357538E-15, -15.00000000000000000, 23.99999999999999289 ) ) ;
#1827 = EDGE_LOOP ( 'NONE', ( #1551, #1527, #2376, #1807 ) ) ;
#1828 = VERTEX_POINT ( 'NONE', #2061 ) ;
#1829 = DIRECTION ( 'NONE',  ( 0.000000000000000000, -1.000000000000000000, 0.000000000000000000 ) ) ;
#1830 = LINE ( 'NONE', #137, #1419 ) ;
#1831 = ORIENTED_EDGE ( 'NONE', *, *, #60, .T. ) ;
#1832 = FACE_BOUND ( 'NONE', #1163, .T. ) ;
#1833 = DIRECTION ( 'NONE',  ( -1.269309860470834477E-16, -0.000000000000000000, 1.000000000000000000 ) ) ;
#1834 = EDGE_CURVE ( 'NONE', #1075, #1866, #379, .T. ) ;
#1835 = CARTESIAN_POINT ( 'NONE',  ( 0.000000000000000000, 3.000000000000002665, -9.500000000000001776 ) ) ;
#1836 = DESIGN_CONTEXT ( 'detailed design', #1970, 'design' ) ;
#1837 = CARTESIAN_POINT ( 'NONE',  ( 17.99999999999999645, -3.500000000000003109, 23.99999999999999289 ) ) ;
#1838 = ORIENTED_EDGE ( 'NONE', *, *, #1391, .F. ) ;
#1839 = CARTESIAN_POINT ( 'NONE',  ( 15.50000000000000000, -1.500000000000001332, 21.99999999999999289 ) ) ;
#1840 = EDGE_CURVE ( 'NONE', #235, #1828, #1883, .T. ) ;
#1841 = SECURITY_CLASSIFICATION ( '', '', #212 ) ;
#1842 = DIRECTION ( 'NONE',  ( 0.000000000000000000, -1.000000000000000000, 0.000000000000000000 ) ) ;
#1843 = ORIENTED_EDGE ( 'NONE', *, *, #1674, .F. ) ;
#1844 = LINE ( 'NONE', #150, #2270 ) ;
#1845 = DIRECTION ( 'NONE',  ( -0.000000000000000000, 1.000000000000000000, -0.000000000000000000 ) ) ;
#1846 = CARTESIAN_POINT ( 'NONE',  ( 0.000000000000000000, 20.00000000000001776, -9.500000000000001776 ) ) ;
#1847 = CARTESIAN_POINT ( 'NONE',  ( -18.00000000000000355, -1.500000000000001332, 23.99999999999999289 ) ) ;
#1848 = ORIENTED_EDGE ( 'NONE', *, *, #770, .F. ) ;
#1849 = ADVANCED_FACE ( 'NONE', ( #196 ), #944, .T. ) ;
#1850 = DIRECTION ( 'NONE',  ( 0.000000000000000000, 1.000000000000000000, 0.000000000000000000 ) ) ;
#1851 = EDGE_CURVE ( 'NONE', #2322, #367, #2334, .T. ) ;
#1852 = CARTESIAN_POINT ( 'NONE',  ( 13.99999999999999822, -3.500000000000003109, 23.99999999999999289 ) ) ;
#1853 = CIRCLE ( 'NONE', #937, 32.25000000000000000 ) ;
#1854 = ORIENTED_EDGE ( 'NONE', *, *, #941, .T. ) ;
#1855 = LINE ( 'NONE', #676, #1121 ) ;
#1856 = CARTESIAN_POINT ( 'NONE',  ( 0.000000000000000000, 3.000000000000002665, -9.500000000000001776 ) ) ;
#1857 = VECTOR ( 'NONE', #2100, 1000.000000000000000 ) ;
#1858 = CARTESIAN_POINT ( 'NONE',  ( -8.800000000000000711, -4.111473928947035006, 22.99999999999999289 ) ) ;
#1859 = DATE_AND_TIME ( #348, #2260 ) ;
#1860 = CIRCLE ( 'NONE', #1735, 1.000000000000000888 ) ;
#1861 = DIRECTION ( 'NONE',  ( 0.000000000000000000, 0.000000000000000000, -1.000000000000000000 ) ) ;
#1862 = AXIS2_PLACEMENT_3D ( 'NONE', #1899, #1910, #784 ) ;
#1863 = ORIENTED_EDGE ( 'NONE', *, *, #558, .F. ) ;
#1864 = CARTESIAN_POINT ( 'NONE',  ( -8.227241335953177526, 20.00000000000001776, 3.749999999998572253 ) ) ;
#1865 = EDGE_CURVE ( 'NONE', #2083, #461, #609, .T. ) ;
#1866 = VERTEX_POINT ( 'NONE', #1952 ) ;
#1867 = CARTESIAN_POINT ( 'NONE',  ( -8.227241335953177526, 3.000000000000002665, 4.749999999999414690 ) ) ;
#1868 = CARTESIAN_POINT ( 'NONE',  ( 1.843143693225357538E-15, -15.00000000000000000, 22.99999999999999289 ) ) ;
#1869 = PLANE ( 'NONE',  #669 ) ;
#1870 = CARTESIAN_POINT ( 'NONE',  ( 14.00000000000000000, -1.500000000000001332, -36.50010000000000332 ) ) ;
#1871 = ORIENTED_EDGE ( 'NONE', *, *, #740, .F. ) ;
#1872 = CARTESIAN_POINT ( 'NONE',  ( 10.00000000000000000, -1.500000000000001332, -28.00000000000000000 ) ) ;
#1873 = PRODUCT_DEFINITION ( 'æœ', '', #92, #1836 ) ;
#1874 = ORIENTED_EDGE ( 'NONE', *, *, #2029, .F. ) ;
#1875 = LINE ( 'NONE', #550, #1043 ) ;
#1876 = DIRECTION ( 'NONE',  ( -1.000000000000000000, 0.000000000000000000, -1.971276677246372012E-16 ) ) ;
#1877 = EDGE_CURVE ( 'NONE', #1707, #1914, #890, .T. ) ;
#1878 = CARTESIAN_POINT ( 'NONE',  ( 8.227241335951156032, 20.00000000000001776, 7.250000000001810996 ) ) ;
#1879 = FACE_OUTER_BOUND ( 'NONE', #2284, .T. ) ;
#1880 = EDGE_LOOP ( 'NONE', ( #754, #1062 ) ) ;
#1881 = PLANE ( 'NONE',  #1729 ) ;
#1882 = VERTEX_POINT ( 'NONE', #484 ) ;
#1883 = LINE ( 'NONE', #1113, #1954 ) ;
#1884 = VECTOR ( 'NONE', #1441, 1000.000000000000000 ) ;
#1885 = FACE_OUTER_BOUND ( 'NONE', #316, .T. ) ;
#1886 = ADVANCED_FACE ( 'NONE', ( #1409 ), #1634, .F. ) ;
#1887 = FACE_OUTER_BOUND ( 'NONE', #69, .T. ) ;
#1888 = VECTOR ( 'NONE', #176, 1000.000000000000000 ) ;
#1889 = DIRECTION ( 'NONE',  ( 1.269309860470834231E-16, 0.000000000000000000, -1.000000000000000000 ) ) ;
#1890 = EDGE_LOOP ( 'NONE', ( #174, #1940, #2333, #534, #1178, #2117, #2025, #1165 ) ) ;
#1891 = VECTOR ( 'NONE', #1509, 1000.000000000000000 ) ;
#1892 = DIRECTION ( 'NONE',  ( -1.000000000000000000, 0.000000000000000000, -1.269309860470834231E-16 ) ) ;
#1893 = VECTOR ( 'NONE', #394, 1000.000000000000000 ) ;
#1894 = ADVANCED_FACE ( 'NONE', ( #1012 ), #644, .F. ) ;
#1895 = ORIENTED_EDGE ( 'NONE', *, *, #747, .T. ) ;
#1896 = CARTESIAN_POINT ( 'NONE',  ( -17.58578643762690064, -4.500000000000003553, -27.58578643762690064 ) ) ;
#1897 = AXIS2_PLACEMENT_3D ( 'NONE', #1341, #1176, #790 ) ;
#1898 = CARTESIAN_POINT ( 'NONE',  ( 12.49999999999999645, -4.500000000000003553, 17.99999999999998934 ) ) ;
#1899 = CARTESIAN_POINT ( 'NONE',  ( -13.99999999999999645, -3.000000000000002665, -22.00000000000000711 ) ) ;
#1900 = CARTESIAN_POINT ( 'NONE',  ( 3.949485927250214050E-15, 59.00000000000000000, 32.25000000000000000 ) ) ;
#1901 = EDGE_CURVE ( 'NONE', #1231, #2322, #2172, .T. ) ;
#1902 = LINE ( 'NONE', #2105, #2020 ) ;
#1903 = ORIENTED_EDGE ( 'NONE', *, *, #51, .F. ) ;
#1904 = DIRECTION ( 'NONE',  ( -1.334402673828313339E-16, 0.000000000000000000, 1.000000000000000000 ) ) ;
#1905 = ORIENTED_EDGE ( 'NONE', *, *, #874, .F. ) ;
#1906 = EDGE_LOOP ( 'NONE', ( #1342, #1046 ) ) ;
#1907 = EDGE_CURVE ( 'NONE', #1398, #2158, #275, .T. ) ;
#1908 = CARTESIAN_POINT ( 'NONE',  ( -18.00000000000000355, 0.000000000000000000, 23.99999999999999289 ) ) ;
#1909 = ORIENTED_EDGE ( 'NONE', *, *, #454, .T. ) ;
#1910 = DIRECTION ( 'NONE',  ( 0.000000000000000000, 0.000000000000000000, -1.000000000000000000 ) ) ;
#1911 = SHAPE_DEFINITION_REPRESENTATION ( #1080, #1349 ) ;
#1912 = CARTESIAN_POINT ( 'NONE',  ( -15.50000000000000000, -1.500000000000001332, 21.99999999999999289 ) ) ;
#1913 = PLANE ( 'NONE',  #1897 ) ;
#1914 = VERTEX_POINT ( 'NONE', #88 ) ;
#1915 = VERTEX_POINT ( 'NONE', #864 ) ;
#1916 = EDGE_CURVE ( 'NONE', #751, #1087, #1590, .T. ) ;
#1917 = CC_DESIGN_APPROVAL ( #515, ( #1841 ) ) ;
#1918 = VERTEX_POINT ( 'NONE', #1990 ) ;
#1919 = CARTESIAN_POINT ( 'NONE',  ( -15.50000000000000000, -1.500000000000001332, 21.99999999999999289 ) ) ;
#1920 =( BOUNDED_CURVE ( )  B_SPLINE_CURVE ( 3, ( #2154, #468, #2354, #2433 ),
 .UNSPECIFIED., .F., .F. ) 
 B_SPLINE_CURVE_WITH_KNOTS ( ( 4, 4 ),
 ( 4.712388980384689674, 6.283185307179586232 ),
 .UNSPECIFIED. ) 
 CURVE ( )  GEOMETRIC_REPRESENTATION_ITEM ( )  RATIONAL_B_SPLINE_CURVE ( ( 1.000000000000000000, 0.8047378541243649375, 0.8047378541243649375, 1.000000000000000000 ) ) 
 REPRESENTATION_ITEM ( '' )  );
#1921 = ADVANCED_FACE ( 'NONE', ( #2345 ), #300, .T. ) ;
#1922 = PLANE ( 'NONE',  #1132 ) ;
#1923 = ORIENTED_EDGE ( 'NONE', *, *, #1700, .T. ) ;
#1924 = CARTESIAN_POINT ( 'NONE',  ( -8.799999999999993605, -1.000000000000000888, -27.00000000000000355 ) ) ;
#1925 = DIRECTION ( 'NONE',  ( -1.000000000000000000, -0.000000000000000000, -0.000000000000000000 ) ) ;
#1926 = ORIENTED_EDGE ( 'NONE', *, *, #2370, .F. ) ;
#1927 = VECTOR ( 'NONE', #883, 1000.000000000000000 ) ;
#1928 = ORIENTED_EDGE ( 'NONE', *, *, #1834, .F. ) ;
#1929 = AXIS2_PLACEMENT_3D ( 'NONE', #1227, #1764, #97 ) ;
#1930 = EDGE_CURVE ( 'NONE', #1200, #1588, #1047, .T. ) ;
#1931 = AXIS2_PLACEMENT_3D ( 'NONE', #2350, #1005, #659 ) ;
#1932 = DIRECTION ( 'NONE',  ( 0.000000000000000000, 1.000000000000000000, 0.000000000000000000 ) ) ;
#1933 = EDGE_LOOP ( 'NONE', ( #1639, #2136, #939 ) ) ;
#1934 = DIRECTION ( 'NONE',  ( 1.334402673828313339E-16, 0.000000000000000000, -1.000000000000000000 ) ) ;
#1935 = EDGE_CURVE ( 'NONE', #249, #1237, #444, .T. ) ;
#1936 = FACE_OUTER_BOUND ( 'NONE', #1066, .T. ) ;
#1937 = DIRECTION ( 'NONE',  ( -0.000000000000000000, 1.000000000000000000, -0.000000000000000000 ) ) ;
#1938 = ORIENTED_EDGE ( 'NONE', *, *, #1901, .T. ) ;
#1939 = DIRECTION ( 'NONE',  ( 1.000000000000000000, 0.000000000000000000, 0.000000000000000000 ) ) ;
#1940 = ORIENTED_EDGE ( 'NONE', *, *, #2276, .T. ) ;
#1941 = EDGE_CURVE ( 'NONE', #419, #2042, #1396, .T. ) ;
#1942 = DIRECTION ( 'NONE',  ( 1.000000000000000000, -0.000000000000000000, -0.000000000000000000 ) ) ;
#1943 = VERTEX_POINT ( 'NONE', #1032 ) ;
#1944 = DIRECTION ( 'NONE',  ( -1.000000000000000000, 0.000000000000000000, -9.637352644315595243E-17 ) ) ;
#1945 = EDGE_CURVE ( 'NONE', #855, #1550, #1447, .T. ) ;
#1946 = DIRECTION ( 'NONE',  ( 0.000000000000000000, -1.000000000000000000, 0.000000000000000000 ) ) ;
#1947 = LINE ( 'NONE', #246, #1101 ) ;
#1948 = CARTESIAN_POINT ( 'NONE',  ( 3.061616997868383634E-16, 20.00000000000001776, -7.000000000000000888 ) ) ;
#1949 = ADVANCED_FACE ( 'NONE', ( #497 ), #100, .T. ) ;
#1950 = ORIENTED_EDGE ( 'NONE', *, *, #1037, .T. ) ;
#1951 = VERTEX_POINT ( 'NONE', #457 ) ;
#1952 = CARTESIAN_POINT ( 'NONE',  ( 14.00000000000000355, 0.000000000000000000, -22.50000000000000355 ) ) ;
#1953 = ORIENTED_EDGE ( 'NONE', *, *, #487, .T. ) ;
#1954 = VECTOR ( 'NONE', #185, 1000.000000000000000 ) ;
#1955 = ORIENTED_EDGE ( 'NONE', *, *, #354, .T. ) ;
#1956 = CARTESIAN_POINT ( 'NONE',  ( -17.99999999999999645, 0.000000000000000000, -28.00000000000000355 ) ) ;
#1957 = ORIENTED_EDGE ( 'NONE', *, *, #2239, .T. ) ;
#1958 = FACE_OUTER_BOUND ( 'NONE', #1438, .T. ) ;
#1959 = LINE ( 'NONE', #1804, #906 ) ;
#1960 = EDGE_CURVE ( 'NONE', #1568, #1793, #2006, .T. ) ;
#1961 = CARTESIAN_POINT ( 'NONE',  ( 12.49999999999999645, -3.000000000000002665, 17.99999999999998934 ) ) ;
#1962 = LINE ( 'NONE', #86, #1414 ) ;
#1963 = ORIENTED_EDGE ( 'NONE', *, *, #190, .F. ) ;
#1964 = CIRCLE ( 'NONE', #71, 2.500000000000000444 ) ;
#1965 = DIRECTION ( 'NONE',  ( 1.000000000000000000, 0.000000000000000000, 1.971276677246372012E-16 ) ) ;
#1966 = EDGE_LOOP ( 'NONE', ( #310, #116, #1229, #1957 ) ) ;
#1967 = ORIENTED_EDGE ( 'NONE', *, *, #1561, .T. ) ;
#1968 = VECTOR ( 'NONE', #285, 1000.000000000000000 ) ;
#1969 = DIRECTION ( 'NONE',  ( 9.637352644315595243E-17, 0.000000000000000000, -1.000000000000000000 ) ) ;
#1970 = APPLICATION_CONTEXT ( 'configuration controlled 3d designs of mechanical parts and assemblies' ) ;
#1971 = VERTEX_POINT ( 'NONE', #2387 ) ;
#1972 = LINE ( 'NONE', #1374, #1541 ) ;
#1973 = AXIS2_PLACEMENT_3D ( 'NONE', #1545, #566, #413 ) ;
#1974 = CARTESIAN_POINT ( 'NONE',  ( 14.00000000000000000, -1.500000000000001332, -36.50010000000000332 ) ) ;
#1975 = CARTESIAN_POINT ( 'NONE',  ( -8.227241335953177526, 20.00000000000001776, 7.250000000000255795 ) ) ;
#1976 = LINE ( 'NONE', #1948, #839 ) ;
#1977 = ORIENTED_EDGE ( 'NONE', *, *, #2289, .F. ) ;
#1978 = EDGE_CURVE ( 'NONE', #1971, #1322, #1203, .T. ) ;
#1979 = DIRECTION ( 'NONE',  ( -1.334402673828313339E-16, -0.000000000000000000, 1.000000000000000000 ) ) ;
#1980 = ORIENTED_EDGE ( 'NONE', *, *, #1085, .T. ) ;
#1981 = ORIENTED_EDGE ( 'NONE', *, *, #914, .F. ) ;
#1982 = FACE_OUTER_BOUND ( 'NONE', #1732, .T. ) ;
#1983 = CARTESIAN_POINT ( 'NONE',  ( -17.99999999999999645, 0.000000000000000000, -28.00000000000000355 ) ) ;
#1984 = ORIENTED_EDGE ( 'NONE', *, *, #1877, .T. ) ;
#1985 = DIRECTION ( 'NONE',  ( 0.000000000000000000, 1.000000000000000000, 0.000000000000000000 ) ) ;
#1986 = PLANE ( 'NONE',  #750 ) ;
#1987 = CARTESIAN_POINT ( 'NONE',  ( -16.49999999999999289, -1.500000000000001332, -26.00000000000000355 ) ) ;
#1988 = CARTESIAN_POINT ( 'NONE',  ( 13.99999999999999645, -3.000000000000002665, 17.99999999999998934 ) ) ;
#1989 = ORIENTED_EDGE ( 'NONE', *, *, #647, .F. ) ;
#1990 = CARTESIAN_POINT ( 'NONE',  ( -15.50000000000000000, -4.500000000000003553, 21.99999999999999289 ) ) ;
#1991 = ORIENTED_EDGE ( 'NONE', *, *, #1250, .F. ) ;
#1992 = ORIENTED_EDGE ( 'NONE', *, *, #1327, .T. ) ;
#1993 = AXIS2_PLACEMENT_3D ( 'NONE', #1492, #250, #1757 ) ;
#1994 = FACE_OUTER_BOUND ( 'NONE', #929, .T. ) ;
#1995 = EDGE_CURVE ( 'NONE', #1398, #559, #1997, .T. ) ;
#1996 = AXIS2_PLACEMENT_3D ( 'NONE', #1815, #1432, #1253 ) ;
#1997 = CIRCLE ( 'NONE', #695, 32.25000000000000000 ) ;
#1998 = DIRECTION ( 'NONE',  ( -1.000000000000000000, 0.000000000000000000, -1.971276677246372012E-16 ) ) ;
#1999 = EDGE_CURVE ( 'NONE', #2293, #1828, #1153, .T. ) ;
#2000 = EDGE_LOOP ( 'NONE', ( #1244, #1781, #1491, #1130 ) ) ;
#2001 = LINE ( 'NONE', #872, #1022 ) ;
#2002 = DIRECTION ( 'NONE',  ( 1.000000000000000000, 0.000000000000000000, -0.000000000000000000 ) ) ;
#2003 = CARTESIAN_POINT ( 'NONE',  ( 0.000000000000000000, 20.00000000000001776, -9.500000000000001776 ) ) ;
#2004 = FACE_OUTER_BOUND ( 'NONE', #1312, .T. ) ;
#2005 = ORIENTED_EDGE ( 'NONE', *, *, #2029, .T. ) ;
#2006 = LINE ( 'NONE', #1794, #380 ) ;
#2007 = ORIENTED_EDGE ( 'NONE', *, *, #1486, .F. ) ;
#2008 = CONICAL_SURFACE ( 'NONE', #1128, 29.00000000000000000, 0.1488899476094971974 ) ;
#2009 = DIRECTION ( 'NONE',  ( 0.000000000000000000, 0.000000000000000000, -1.000000000000000000 ) ) ;
#2010 = CARTESIAN_POINT ( 'NONE',  ( -15.50000000000000711, -4.500000000000003553, -26.00000000000000355 ) ) ;
#2011 = CC_DESIGN_DATE_AND_TIME_ASSIGNMENT ( #1257, #541, ( #1873 ) ) ;
#2012 = ORIENTED_EDGE ( 'NONE', *, *, #1190, .F. ) ;
#2013 = DIRECTION ( 'NONE',  ( 1.334402673828313339E-16, -0.000000000000000000, -1.000000000000000000 ) ) ;
#2014 = VECTOR ( 'NONE', #887, 1000.000000000000000 ) ;
#2015 = CARTESIAN_POINT ( 'NONE',  ( 13.99999999999999822, -4.500000000000003553, 18.50000000000000355 ) ) ;
#2016 = CIRCLE ( 'NONE', #2166, 32.25000000000000000 ) ;
#2017 = CARTESIAN_POINT ( 'NONE',  ( -14.00000000000000000, -4.500000000000003553, -28.00000000000000355 ) ) ;
#2018 = EDGE_CURVE ( 'NONE', #322, #1401, #144, .T. ) ;
#2019 = DIRECTION ( 'NONE',  ( 0.000000000000000000, -1.000000000000000000, 0.000000000000000000 ) ) ;
#2020 = VECTOR ( 'NONE', #1755, 1000.000000000000000 ) ;
#2021 = ORIENTED_EDGE ( 'NONE', *, *, #1221, .F. ) ;
#2022 = PLANE ( 'NONE',  #228 ) ;
#2023 = VECTOR ( 'NONE', #1548, 1000.000000000000000 ) ;
#2024 = CARTESIAN_POINT ( 'NONE',  ( -8.227241335953177526, 20.00000000000001776, 4.749999999999414690 ) ) ;
#2025 = ORIENTED_EDGE ( 'NONE', *, *, #2030, .F. ) ;
#2026 = PLANE ( 'NONE',  #2409 ) ;
#2027 = DIRECTION ( 'NONE',  ( 0.000000000000000000, -0.000000000000000000, 1.000000000000000000 ) ) ;
#2028 = LINE ( 'NONE', #540, #753 ) ;
#2029 = EDGE_CURVE ( 'NONE', #1224, #2417, #170, .T. ) ;
#2030 = EDGE_CURVE ( 'NONE', #2229, #1915, #154, .T. ) ;
#2031 = CC_DESIGN_APPROVAL ( #125, ( #92 ) ) ;
#2032 = VERTEX_POINT ( 'NONE', #1108 ) ;
#2033 = DIRECTION ( 'NONE',  ( 0.000000000000000000, 0.000000000000000000, -1.000000000000000000 ) ) ;
#2034 = FACE_OUTER_BOUND ( 'NONE', #278, .T. ) ;
#2035 = ORIENTED_EDGE ( 'NONE', *, *, #816, .F. ) ;
#2036 = LINE ( 'NONE', #2191, #513 ) ;
#2037 = DIRECTION ( 'NONE',  ( 1.334402673828313339E-16, 0.000000000000000000, -1.000000000000000000 ) ) ;
#2038 = DIRECTION ( 'NONE',  ( 0.000000000000000000, -1.000000000000000000, 0.000000000000000000 ) ) ;
#2039 = PERSON_AND_ORGANIZATION ( #1413, #546 ) ;
#2040 = EDGE_CURVE ( 'NONE', #880, #1550, #536, .T. ) ;
#2041 = CARTESIAN_POINT ( 'NONE',  ( 15.50000000000000000, -4.500011999999998125, 21.99999999999999289 ) ) ;
#2042 = VERTEX_POINT ( 'NONE', #1656 ) ;
#2043 = CYLINDRICAL_SURFACE ( 'NONE', #158, 1.000000000001224798 ) ;
#2044 = ADVANCED_FACE ( 'NONE', ( #2413 ), #1680, .T. ) ;
#2045 = AXIS2_PLACEMENT_3D ( 'NONE', #2160, #1659, #1222 ) ;
#2046 = EDGE_CURVE ( 'NONE', #2101, #1951, #1157, .T. ) ;
#2047 = ORIENTED_EDGE ( 'NONE', *, *, #618, .T. ) ;
#2048 = PLANE ( 'NONE',  #1670 ) ;
#2049 = PLANE ( 'NONE',  #5 ) ;
#2050 = VECTOR ( 'NONE', #1942, 1000.000000000000000 ) ;
#2051 = CARTESIAN_POINT ( 'NONE',  ( -12.49999999999999645, -3.000000000000002665, -22.00000000000000711 ) ) ;
#2052 = DIRECTION ( 'NONE',  ( 1.971276677246372012E-16, 0.000000000000000000, -1.000000000000000000 ) ) ;
#2053 = AXIS2_PLACEMENT_3D ( 'NONE', #1105, #539, #1268 ) ;
#2054 = DIRECTION ( 'NONE',  ( 0.000000000000000000, 0.000000000000000000, -1.000000000000000000 ) ) ;
#2055 = AXIS2_PLACEMENT_3D ( 'NONE', #1402, #991, #295 ) ;
#2056 = CC_DESIGN_PERSON_AND_ORGANIZATION_ASSIGNMENT ( #168, #2421, ( #1873 ) ) ;
#2057 = ORIENTED_EDGE ( 'NONE', *, *, #1907, .T. ) ;
#2058 = CYLINDRICAL_SURFACE ( 'NONE', #1533, 1.000000000000000888 ) ;
#2059 = ADVANCED_FACE ( 'NONE', ( #1879 ), #758, .T. ) ;
#2060 = ORIENTED_EDGE ( 'NONE', *, *, #1140, .F. ) ;
#2061 = CARTESIAN_POINT ( 'NONE',  ( 17.99999999999999645, -3.500000000000003109, 23.99999999999999289 ) ) ;
#2062 = ORIENTED_EDGE ( 'NONE', *, *, #949, .F. ) ;
#2063 = DIRECTION ( 'NONE',  ( 0.000000000000000000, -1.000000000000000000, 0.000000000000000000 ) ) ;
#2064 = MECHANICAL_CONTEXT ( 'NONE', #917, 'mechanical' ) ;
#2065 = CARTESIAN_POINT ( 'NONE',  ( 1.843143693225357538E-15, -1.000000000000000888, 22.99999999999999289 ) ) ;
#2066 = ORIENTED_EDGE ( 'NONE', *, *, #449, .T. ) ;
#2067 = DIRECTION ( 'NONE',  ( -1.269309860470834231E-16, 0.000000000000000000, 1.000000000000000000 ) ) ;
#2068 = ADVANCED_FACE ( 'NONE', ( #2399 ), #189, .T. ) ;
#2069 = EDGE_LOOP ( 'NONE', ( #1183, #1745, #2146, #1204 ) ) ;
#2070 = DIRECTION ( 'NONE',  ( 0.000000000000000000, 1.000000000000000000, 0.000000000000000000 ) ) ;
#2071 = LINE ( 'NONE', #383, #1260 ) ;
#2072 = PLANE ( 'NONE',  #239 ) ;
#2073 = ORIENTED_EDGE ( 'NONE', *, *, #354, .F. ) ;
#2074 = CARTESIAN_POINT ( 'NONE',  ( 0.000000000000000000, 23.00000000000002132, 0.000000000000000000 ) ) ;
#2075 = ORIENTED_EDGE ( 'NONE', *, *, #215, .F. ) ;
#2076 = CARTESIAN_POINT ( 'NONE',  ( 0.000000000000000000, 20.00000000000001776, -9.500000000000001776 ) ) ;
#2077 = TOROIDAL_SURFACE ( 'NONE', #352, 33.04999999999999716, 0.3500000000000005329 ) ;
#2078 = DIRECTION ( 'NONE',  ( 0.000000000000000000, 0.000000000000000000, 1.000000000000000000 ) ) ;
#2079 = DATE_AND_TIME ( #798, #57 ) ;
#2080 = CIRCLE ( 'NONE', #1537, 1.000000000000842215 ) ;
#2081 = LINE ( 'NONE', #1364, #2285 ) ;
#2082 = EDGE_CURVE ( 'NONE', #1604, #2417, #2435, .T. ) ;
#2083 = VERTEX_POINT ( 'NONE', #1074 ) ;
#2084 = CIRCLE ( 'NONE', #980, 2.500000000000000444 ) ;
#2085 = CARTESIAN_POINT ( 'NONE',  ( 3.061616997868383634E-16, 20.00000000000001776, -7.000000000000000888 ) ) ;
#2086 = AXIS2_PLACEMENT_3D ( 'NONE', #1555, #2329, #2300 ) ;
#2087 = EDGE_LOOP ( 'NONE', ( #1955, #1063, #2249, #1188 ) ) ;
#2088 = CARTESIAN_POINT ( 'NONE',  ( 12.49999999999999645, -3.000000000000002665, -22.00000000000000711 ) ) ;
#2089 = VERTEX_POINT ( 'NONE', #2065 ) ;
#2090 = DIRECTION ( 'NONE',  ( 0.000000000000000000, 0.000000000000000000, -1.000000000000000000 ) ) ;
#2091 = DATE_AND_TIME ( #397, #650 ) ;
#2092 = EDGE_CURVE ( 'NONE', #607, #819, #938, .T. ) ;
#2093 = CARTESIAN_POINT ( 'NONE',  ( -15.50000000000000711, -4.500011999999998125, -26.00000000000000355 ) ) ;
#2094 = ORIENTED_EDGE ( 'NONE', *, *, #13, .T. ) ;
#2095 = ORIENTED_EDGE ( 'NONE', *, *, #304, .F. ) ;
#2096 = ADVANCED_FACE ( 'NONE', ( #180 ), #891, .T. ) ;
#2097 = VERTEX_POINT ( 'NONE', #557 ) ;
#2098 = ORIENTED_EDGE ( 'NONE', *, *, #921, .T. ) ;
#2099 = VECTOR ( 'NONE', #1765, 1000.000000000000000 ) ;
#2100 = DIRECTION ( 'NONE',  ( 0.000000000000000000, -1.000000000000000000, 0.000000000000000000 ) ) ;
#2101 = VERTEX_POINT ( 'NONE', #373 ) ;
#2102 = DIRECTION ( 'NONE',  ( 1.000000000000000000, 0.000000000000000000, -0.000000000000000000 ) ) ;
#2103 = COORDINATED_UNIVERSAL_TIME_OFFSET ( 8, 0, .AHEAD. ) ;
#2104 = CYLINDRICAL_SURFACE ( 'NONE', #817, 1.000000000000000888 ) ;
#2105 = CARTESIAN_POINT ( 'NONE',  ( 10.00000000000000178, -4.500000000000003553, 23.99999999999999289 ) ) ;
#2106 = EDGE_LOOP ( 'NONE', ( #1905, #1963, #2159, #214, #2073, #851 ) ) ;
#2107 = EDGE_CURVE ( 'NONE', #1246, #835, #2212, .T. ) ;
#2108 = ORIENTED_EDGE ( 'NONE', *, *, #203, .T. ) ;
#2109 = EDGE_LOOP ( 'NONE', ( #1731, #2259, #496, #1122 ) ) ;
#2110 = EDGE_CURVE ( 'NONE', #291, #985, #2223, .T. ) ;
#2111 = LINE ( 'NONE', #422, #1500 ) ;
#2112 = EDGE_LOOP ( 'NONE', ( #482, #424, #314, #1040 ) ) ;
#2113 = LINE ( 'NONE', #83, #360 ) ;
#2114 = DIRECTION ( 'NONE',  ( -0.000000000000000000, 1.000000000000000000, 0.000000000000000000 ) ) ;
#2115 = LINE ( 'NONE', #1186, #236 ) ;
#2116 = LINE ( 'NONE', #1161, #1547 ) ;
#2117 = ORIENTED_EDGE ( 'NONE', *, *, #685, .T. ) ;
#2118 = VECTOR ( 'NONE', #476, 1000.000000000000000 ) ;
#2119 = CC_DESIGN_PERSON_AND_ORGANIZATION_ASSIGNMENT ( #757, #223, ( #92 ) ) ;
#2120 = DIRECTION ( 'NONE',  ( -0.000000000000000000, -0.000000000000000000, 1.000000000000000000 ) ) ;
#2121 = VECTOR ( 'NONE', #1025, 1000.000000000000000 ) ;
#2122 = VECTOR ( 'NONE', #1287, 1000.000000000000000 ) ;
#2123 = VERTEX_POINT ( 'NONE', #1307 ) ;
#2124 = AXIS2_PLACEMENT_3D ( 'NONE', #188, #1740, #935 ) ;
#2125 = EDGE_CURVE ( 'NONE', #1501, #791, #1303, .T. ) ;
#2126 = CIRCLE ( 'NONE', #1377, 2.500000000000000444 ) ;
#2127 = PLANE ( 'NONE',  #76 ) ;
#2128 = EDGE_CURVE ( 'NONE', #112, #195, #767, .T. ) ;
#2129 = ORIENTED_EDGE ( 'NONE', *, *, #803, .T. ) ;
#2130 = VECTOR ( 'NONE', #400, 1000.000000000000000 ) ;
#2131 = CARTESIAN_POINT ( 'NONE',  ( 0.000000000000000000, 23.00000000000002132, 0.000000000000000000 ) ) ;
#2132 = CARTESIAN_POINT ( 'NONE',  ( 0.000000000000000000, 23.00000000000002132, 32.69999999999999574 ) ) ;
#2133 = DIRECTION ( 'NONE',  ( 0.000000000000000000, 0.000000000000000000, -1.000000000000000000 ) ) ;
#2134 = DIRECTION ( 'NONE',  ( 1.000000000000000000, -0.000000000000000000, 1.224646799147353207E-16 ) ) ;
#2135 = ORIENTED_EDGE ( 'NONE', *, *, #2289, .T. ) ;
#2136 = ORIENTED_EDGE ( 'NONE', *, *, #336, .F. ) ;
#2137 = CARTESIAN_POINT ( 'NONE',  ( 18.00000000000000355, -4.500000000000003553, -28.00000000000000000 ) ) ;
#2138 = ORIENTED_EDGE ( 'NONE', *, *, #2250, .T. ) ;
#2139 = DIRECTION ( 'NONE',  ( 0.000000000000000000, -1.000000000000000000, 0.000000000000000000 ) ) ;
#2140 = ADVANCED_FACE ( 'NONE', ( #1743 ), #2072, .T. ) ;
#2141 = ORIENTED_EDGE ( 'NONE', *, *, #2266, .F. ) ;
#2142 = DIRECTION ( 'NONE',  ( 0.000000000000000000, 0.000000000000000000, 1.000000000000000000 ) ) ;
#2143 = DIRECTION ( 'NONE',  ( -1.000000000000000000, -0.000000000000000000, -0.000000000000000000 ) ) ;
#2144 = CARTESIAN_POINT ( 'NONE',  ( -10.80000000000000249, 0.000000000000000000, 18.49999999999998934 ) ) ;
#2145 = CARTESIAN_POINT ( 'NONE',  ( -14.00000000000000000, -3.500000000000003109, 23.99999999999999289 ) ) ;
#2146 = ORIENTED_EDGE ( 'NONE', *, *, #635, .T. ) ;
#2147 = CARTESIAN_POINT ( 'NONE',  ( -2.222614453595284090E-15, -3.500000000000003109, 22.99999999999999289 ) ) ;
#2148 = ORIENTED_EDGE ( 'NONE', *, *, #1516, .F. ) ;
#2149 = CARTESIAN_POINT ( 'NONE',  ( -18.00000000000000355, -4.500000000000003553, 23.99999999999999289 ) ) ;
#2150 = ORIENTED_EDGE ( 'NONE', *, *, #760, .T. ) ;
#2151 = CARTESIAN_POINT ( 'NONE',  ( -18.00000000000000355, -4.500000000000003553, 23.99999999999999289 ) ) ;
#2152 = DIRECTION ( 'NONE',  ( 0.000000000000000000, 0.000000000000000000, -1.000000000000000000 ) ) ;
#2153 = CARTESIAN_POINT ( 'NONE',  ( 10.00000000000000000, -4.500000000000003553, 23.99999999999999289 ) ) ;
#2154 = CARTESIAN_POINT ( 'NONE',  ( 17.00000000000000000, -4.500000000000003553, -27.00000000000000355 ) ) ;
#2155 = ORIENTED_EDGE ( 'NONE', *, *, #1767, .F. ) ;
#2156 = AXIS2_PLACEMENT_3D ( 'NONE', #1139, #1742, #1531 ) ;
#2157 = DIRECTION ( 'NONE',  ( -1.000000000000000000, 0.000000000000000000, 0.000000000000000000 ) ) ;
#2158 = VERTEX_POINT ( 'NONE', #774 ) ;
#2159 = ORIENTED_EDGE ( 'NONE', *, *, #1498, .F. ) ;
#2160 = CARTESIAN_POINT ( 'NONE',  ( 0.000000000000000000, 20.00000000000001776, -9.500000000000001776 ) ) ;
#2161 = VECTOR ( 'NONE', #1193, 1000.000000000000000 ) ;
#2162 = AXIS2_PLACEMENT_3D ( 'NONE', #1868, #165, #913 ) ;
#2163 = CARTESIAN_POINT ( 'NONE',  ( -15.50000000000000000, -1.500000000000001332, 21.99999999999999289 ) ) ;
#2164 = ORIENTED_EDGE ( 'NONE', *, *, #306, .T. ) ;
#2165 = DIRECTION ( 'NONE',  ( 1.000000000000000000, 0.000000000000000000, 9.637352644315595243E-17 ) ) ;
#2166 = AXIS2_PLACEMENT_3D ( 'NONE', #1583, #1041, #50 ) ;
#2167 = DIRECTION ( 'NONE',  ( 0.000000000000000000, 1.000000000000000000, 0.000000000000000000 ) ) ;
#2168 = DIRECTION ( 'NONE',  ( 1.445602896647339656E-16, 0.000000000000000000, 1.000000000000000000 ) ) ;
#2169 = CARTESIAN_POINT ( 'NONE',  ( 0.000000000000000000, 23.00000000000002132, 0.000000000000000000 ) ) ;
#2170 = EDGE_LOOP ( 'NONE', ( #161, #602, #684, #1147 ) ) ;
#2171 = EDGE_CURVE ( 'NONE', #374, #1744, #1709, .T. ) ;
#2172 = LINE ( 'NONE', #2374, #1241 ) ;
#2173 = ORIENTED_EDGE ( 'NONE', *, *, #2175, .F. ) ;
#2174 = ORIENTED_EDGE ( 'NONE', *, *, #1528, .T. ) ;
#2175 = EDGE_CURVE ( 'NONE', #1033, #299, #234, .T. ) ;
#2176 = FACE_OUTER_BOUND ( 'NONE', #145, .T. ) ;
#2177 = CARTESIAN_POINT ( 'NONE',  ( 8.799999999999993605, -1.000000000000000888, 22.99999999999999289 ) ) ;
#2178 = ORIENTED_EDGE ( 'NONE', *, *, #1202, .T. ) ;
#2179 = FACE_OUTER_BOUND ( 'NONE', #592, .T. ) ;
#2180 = CARTESIAN_POINT ( 'NONE',  ( 8.227241335951156032, 3.000000000000002665, 4.750000000000587086 ) ) ;
#2181 = DIRECTION ( 'NONE',  ( 1.269309860470834477E-16, 0.000000000000000000, -1.000000000000000000 ) ) ;
#2182 = DIRECTION ( 'NONE',  ( 0.000000000000000000, 1.000000000000000000, 0.000000000000000000 ) ) ;
#2183 = ORIENTED_EDGE ( 'NONE', *, *, #787, .T. ) ;
#2184 = DIRECTION ( 'NONE',  ( 0.000000000000000000, 0.000000000000000000, 1.000000000000000000 ) ) ;
#2185 = EDGE_CURVE ( 'NONE', #1142, #1224, #1902, .T. ) ;
#2186 = ORIENTED_EDGE ( 'NONE', *, *, #813, .F. ) ;
#2187 = CARTESIAN_POINT ( 'NONE',  ( 0.000000000000000000, 3.000000000000002665, 0.000000000000000000 ) ) ;
#2188 = VECTOR ( 'NONE', #1323, 1000.000000000000000 ) ;
#2189 = DIRECTION ( 'NONE',  ( -1.000000000000000000, 0.000000000000000000, 0.000000000000000000 ) ) ;
#2190 = ORIENTED_EDGE ( 'NONE', *, *, #230, .T. ) ;
#2191 = CARTESIAN_POINT ( 'NONE',  ( -18.00000000000000355, -1.500000000000001332, 23.99999999999999289 ) ) ;
#2192 = PLANE ( 'NONE',  #1133 ) ;
#2193 = DIRECTION ( 'NONE',  ( 0.000000000000000000, 0.000000000000000000, 1.000000000000000000 ) ) ;
#2194 = PERSON_AND_ORGANIZATION ( #1413, #546 ) ;
#2195 = CARTESIAN_POINT ( 'NONE',  ( 0.000000000000000000, 0.000000000000000000, 0.000000000000000000 ) ) ;
#2196 = ORIENTED_EDGE ( 'NONE', *, *, #685, .F. ) ;
#2197 = VERTEX_POINT ( 'NONE', #1141 ) ;
#2198 = CIRCLE ( 'NONE', #2437, 14.00000000000000000 ) ;
#2199 = LINE ( 'NONE', #159, #1661 ) ;
#2200 = EDGE_CURVE ( 'NONE', #2417, #235, #62, .T. ) ;
#2201 = CARTESIAN_POINT ( 'NONE',  ( -13.99999999999999645, -4.500000000000003553, -22.00000000000000711 ) ) ;
#2202 = VECTOR ( 'NONE', #2286, 1000.000000000000000 ) ;
#2203 = EDGE_CURVE ( 'NONE', #1119, #1142, #52, .T. ) ;
#2204 = VERTEX_POINT ( 'NONE', #800 ) ;
#2205 = DIRECTION ( 'NONE',  ( 0.000000000000000000, 1.000000000000000000, 0.000000000000000000 ) ) ;
#2206 = VECTOR ( 'NONE', #479, 1000.000000000000000 ) ;
#2207 = CARTESIAN_POINT ( 'NONE',  ( 8.227241335951156032, 20.00000000000001776, 3.749999999999362288 ) ) ;
#2208 = ADVANCED_FACE ( 'NONE', ( #2304 ), #611, .T. ) ;
#2209 = AXIS2_PLACEMENT_3D ( 'NONE', #1762, #1985, #1209 ) ;
#2210 = DIRECTION ( 'NONE',  ( 0.000000000000000000, -0.000000000000000000, -1.000000000000000000 ) ) ;
#2211 = LINE ( 'NONE', #694, #1620 ) ;
#2212 = LINE ( 'NONE', #522, #984 ) ;
#2213 = AXIS2_PLACEMENT_3D ( 'NONE', #1512, #1559, #1330 ) ;
#2214 = ORIENTED_EDGE ( 'NONE', *, *, #1216, .T. ) ;
#2215 = PLANE ( 'NONE',  #543 ) ;
#2216 = PLANE ( 'NONE',  #1294 ) ;
#2217 = ORIENTED_EDGE ( 'NONE', *, *, #532, .T. ) ;
#2218 = CARTESIAN_POINT ( 'NONE',  ( -18.00000000000000355, -3.500000000000003109, 23.99999999999999289 ) ) ;
#2219 = ADVANCED_FACE ( 'NONE', ( #31 ), #1913, .T. ) ;
#2220 = FACE_OUTER_BOUND ( 'NONE', #601, .T. ) ;
#2221 = LINE ( 'NONE', #1106, #1211 ) ;
#2222 = PERSON_AND_ORGANIZATION ( #1413, #546 ) ;
#2223 = LINE ( 'NONE', #533, #326 ) ;
#2224 = VERTEX_POINT ( 'NONE', #958 ) ;
#2225 = TOROIDAL_SURFACE ( 'NONE', #1482, 33.04999999999999716, 0.3500000000000005329 ) ;
#2226 = FACE_OUTER_BOUND ( 'NONE', #1770, .T. ) ;
#2227 = VECTOR ( 'NONE', #970, 1000.000000000000000 ) ;
#2228 = CARTESIAN_POINT ( 'NONE',  ( 15.50000000000000000, -1.500000000000001332, 21.99999999999999289 ) ) ;
#2229 = VERTEX_POINT ( 'NONE', #950 ) ;
#2230 = CARTESIAN_POINT ( 'NONE',  ( 0.000000000000000000, -3.000000000000002665, 0.000000000000000000 ) ) ;
#2231 = AXIS2_PLACEMENT_3D ( 'NONE', #928, #2247, #2423 ) ;
#2232 = LINE ( 'NONE', #873, #2122 ) ;
#2233 = DIRECTION ( 'NONE',  ( -1.000000000000000000, 0.000000000000000000, -1.387778780781445922E-16 ) ) ;
#2234 = CALENDAR_DATE ( 2026, 20, 8 ) ;
#2235 = EDGE_CURVE ( 'NONE', #1588, #1971, #2081, .T. ) ;
#2236 = DIRECTION ( 'NONE',  ( 1.000000000000000000, 0.000000000000000000, 0.000000000000000000 ) ) ;
#2237 = EDGE_LOOP ( 'NONE', ( #77, #1727, #1134, #745 ) ) ;
#2238 = DIRECTION ( 'NONE',  ( 0.000000000000000000, -0.000000000000000000, 1.000000000000000000 ) ) ;
#2239 = EDGE_CURVE ( 'NONE', #11, #1237, #2116, .T. ) ;
#2240 = ORIENTED_EDGE ( 'NONE', *, *, #262, .T. ) ;
#2241 = DIRECTION ( 'NONE',  ( -1.000000000000000000, 0.000000000000000000, -0.000000000000000000 ) ) ;
#2242 = ORIENTED_EDGE ( 'NONE', *, *, #2110, .T. ) ;
#2243 = CARTESIAN_POINT ( 'NONE',  ( 15.50000000000000711, -1.500000000000001332, -26.00000000000000355 ) ) ;
#2244 = VECTOR ( 'NONE', #1430, 1000.000000000000000 ) ;
#2245 = FACE_OUTER_BOUND ( 'NONE', #759, .T. ) ;
#2246 = VECTOR ( 'NONE', #1028, 1000.000000000000000 ) ;
#2247 = DIRECTION ( 'NONE',  ( 1.000000000000000000, -0.000000000000000000, 1.445602896647339656E-16 ) ) ;
#2248 = AXIS2_PLACEMENT_3D ( 'NONE', #2230, #703, #886 ) ;
#2249 = ORIENTED_EDGE ( 'NONE', *, *, #2235, .F. ) ;
#2250 = EDGE_CURVE ( 'NONE', #776, #855, #1336, .T. ) ;
#2251 = DIRECTION ( 'NONE',  ( 0.000000000000000000, 0.000000000000000000, -1.000000000000000000 ) ) ;
#2252 = EDGE_CURVE ( 'NONE', #1692, #1746, #995, .T. ) ;
#2253 = ORIENTED_EDGE ( 'NONE', *, *, #2323, .T. ) ;
#2254 = CARTESIAN_POINT ( 'NONE',  ( -18.00000000000000355, 0.000000000000000000, 23.99999999999999289 ) ) ;
#2255 = ORIENTED_EDGE ( 'NONE', *, *, #1574, .F. ) ;
#2256 = CARTESIAN_POINT ( 'NONE',  ( 0.000000000000000000, 20.00000000000001776, -10.50000000000000178 ) ) ;
#2257 = LINE ( 'NONE', #969, #1575 ) ;
#2258 = CARTESIAN_POINT ( 'NONE',  ( 10.00000000000000000, -4.500000000000003553, -36.50010000000000332 ) ) ;
#2259 = ORIENTED_EDGE ( 'NONE', *, *, #667, .F. ) ;
#2260 = LOCAL_TIME ( 11, 40, 13.00000000000000000, #328 ) ;
#2261 = DIRECTION ( 'NONE',  ( 1.000000000000000000, 0.000000000000000000, 1.334402673828312353E-16 ) ) ;
#2262 = EDGE_CURVE ( 'NONE', #792, #1914, #431, .T. ) ;
#2263 = VERTEX_POINT ( 'NONE', #2271 ) ;
#2264 = CARTESIAN_POINT ( 'NONE',  ( 9.260129588726069727, -4.500000000000003553, -28.00000000000000355 ) ) ;
#2265 = LINE ( 'NONE', #48, #392 ) ;
#2266 = EDGE_CURVE ( 'NONE', #261, #2346, #579, .T. ) ;
#2267 = DIRECTION ( 'NONE',  ( 0.000000000000000000, 0.000000000000000000, 1.000000000000000000 ) ) ;
#2268 = AXIS2_PLACEMENT_3D ( 'NONE', #1769, #668, #1601 ) ;
#2269 = DIRECTION ( 'NONE',  ( 1.000000000000000000, -0.000000000000000000, -0.000000000000000000 ) ) ;
#2270 = VECTOR ( 'NONE', #2320, 1000.000000000000000 ) ;
#2271 = CARTESIAN_POINT ( 'NONE',  ( 10.80000000000000426, -1.500000000000001332, -22.50000000000000355 ) ) ;
#2272 = ORIENTED_EDGE ( 'NONE', *, *, #787, .F. ) ;
#2273 = DIRECTION ( 'NONE',  ( -1.269309860470834231E-16, 0.000000000000000000, 1.000000000000000000 ) ) ;
#2274 = ORIENTED_EDGE ( 'NONE', *, *, #2403, .F. ) ;
#2275 = FACE_OUTER_BOUND ( 'NONE', #904, .T. ) ;
#2276 = EDGE_CURVE ( 'NONE', #2293, #1824, #1150, .T. ) ;
#2277 = DIRECTION ( 'NONE',  ( -1.971276677246372012E-16, -0.000000000000000000, 1.000000000000000000 ) ) ;
#2278 = ADVANCED_FACE ( 'NONE', ( #1730 ), #41, .T. ) ;
#2279 = CARTESIAN_POINT ( 'NONE',  ( -13.99999999999999645, -4.500000000000003553, 17.99999999999998934 ) ) ;
#2280 = ORIENTED_EDGE ( 'NONE', *, *, #1519, .F. ) ;
#2281 = AXIS2_PLACEMENT_3D ( 'NONE', #2003, #1093, #1070 ) ;
#2282 = VECTOR ( 'NONE', #1315, 1000.000000000000000 ) ;
#2283 = ORIENTED_EDGE ( 'NONE', *, *, #1202, .F. ) ;
#2284 = EDGE_LOOP ( 'NONE', ( #670, #1938, #648, #2186 ) ) ;
#2285 = VECTOR ( 'NONE', #1353, 1000.000000000000000 ) ;
#2286 = DIRECTION ( 'NONE',  ( 0.000000000000000000, -1.000000000000000000, 0.000000000000000000 ) ) ;
#2287 = ORIENTED_EDGE ( 'NONE', *, *, #449, .F. ) ;
#2288 = DIRECTION ( 'NONE',  ( -1.269309860470834477E-16, -0.000000000000000000, 1.000000000000000000 ) ) ;
#2289 = EDGE_CURVE ( 'NONE', #776, #880, #1602, .T. ) ;
#2290 = APPROVAL_DATE_TIME ( #1655, #125 ) ;
#2291 = FACE_OUTER_BOUND ( 'NONE', #1507, .T. ) ;
#2292 = DIRECTION ( 'NONE',  ( 0.000000000000000000, 0.000000000000000000, -1.000000000000000000 ) ) ;
#2293 = VERTEX_POINT ( 'NONE', #1572 ) ;
#2294 = ORIENTED_EDGE ( 'NONE', *, *, #914, .T. ) ;
#2295 = ORIENTED_EDGE ( 'NONE', *, *, #173, .T. ) ;
#2296 = EDGE_CURVE ( 'NONE', #1194, #1692, #1806, .T. ) ;
#2297 = DIRECTION ( 'NONE',  ( -0.000000000000000000, 1.000000000000000000, -0.000000000000000000 ) ) ;
#2298 = CARTESIAN_POINT ( 'NONE',  ( -14.00000000000000000, -1.500000000000001332, 23.99999999999999289 ) ) ;
#2299 = ORIENTED_EDGE ( 'NONE', *, *, #861, .T. ) ;
#2300 = DIRECTION ( 'NONE',  ( 1.000000000000000000, 0.000000000000000000, 9.637352644315595243E-17 ) ) ;
#2301 = PERSON_AND_ORGANIZATION ( #1413, #546 ) ;
#2302 = LINE ( 'NONE', #1713, #35 ) ;
#2303 = EDGE_CURVE ( 'NONE', #32, #801, #1228, .T. ) ;
#2304 = FACE_OUTER_BOUND ( 'NONE', #432, .T. ) ;
#2305 = EDGE_LOOP ( 'NONE', ( #1331, #1013, #1595, #1383 ) ) ;
#2306 = AXIS2_PLACEMENT_3D ( 'NONE', #2195, #508, #1689 ) ;
#2307 = ORIENTED_EDGE ( 'NONE', *, *, #489, .F. ) ;
#2308 = ADVANCED_FACE ( 'NONE', ( #1435 ), #2372, .F. ) ;
#2309 = LINE ( 'NONE', #752, #1317 ) ;
#2310 = EDGE_LOOP ( 'NONE', ( #1848, #1871, #2335, #1109 ) ) ;
#2311 = CARTESIAN_POINT ( 'NONE',  ( 16.49999999999999289, -1.500000000000001332, -26.00000000000000355 ) ) ;
#2312 = ORIENTED_EDGE ( 'NONE', *, *, #203, .F. ) ;
#2313 = CARTESIAN_POINT ( 'NONE',  ( 2.602085213965210642E-15, -4.500000000000003553, -27.00000000000000355 ) ) ;
#2314 = AXIS2_PLACEMENT_3D ( 'NONE', #38, #2114, #1173 ) ;
#2315 = DIRECTION ( 'NONE',  ( 0.000000000000000000, 1.000000000000000000, 0.000000000000000000 ) ) ;
#2316 = CARTESIAN_POINT ( 'NONE',  ( 2.602085213965210642E-15, -3.500000000000003109, -27.00000000000000355 ) ) ;
#2317 = CARTESIAN_POINT ( 'NONE',  ( -13.99999999999999645, -3.000000000000002665, 17.99999999999998934 ) ) ;
#2318 = EDGE_LOOP ( 'NONE', ( #1301, #282 ) ) ;
#2319 = VERTEX_POINT ( 'NONE', #2145 ) ;
#2320 = DIRECTION ( 'NONE',  ( -1.334402673828313339E-16, -0.000000000000000000, 1.000000000000000000 ) ) ;
#2321 = AXIS2_PLACEMENT_3D ( 'NONE', #311, #1666, #141 ) ;
#2322 = VERTEX_POINT ( 'NONE', #1243 ) ;
#2323 = EDGE_CURVE ( 'NONE', #526, #477, #1976, .T. ) ;
#2324 = CARTESIAN_POINT ( 'NONE',  ( -8.799999999999991829, -4.111473928947035006, -36.50010000000000332 ) ) ;
#2325 = AXIS2_PLACEMENT_3D ( 'NONE', #577, #2277, #1116 ) ;
#2326 = CARTESIAN_POINT ( 'NONE',  ( -17.99999999999999645, -4.500000000000003553, -28.00000000000000355 ) ) ;
#2327 = ORIENTED_EDGE ( 'NONE', *, *, #8, .F. ) ;
#2328 = VECTOR ( 'NONE', #1319, 1000.000000000000000 ) ;
#2329 = DIRECTION ( 'NONE',  ( -9.637352644315595243E-17, 0.000000000000000000, 1.000000000000000000 ) ) ;
#2330 = CARTESIAN_POINT ( 'NONE',  ( -14.00000000000000178, 0.000000000000000000, 18.49999999999998934 ) ) ;
#2331 = PLANE ( 'NONE',  #551 ) ;
#2332 = DIRECTION ( 'NONE',  ( 0.000000000000000000, 0.000000000000000000, 1.000000000000000000 ) ) ;
#2333 = ORIENTED_EDGE ( 'NONE', *, *, #975, .F. ) ;
#2334 = LINE ( 'NONE', #1230, #451 ) ;
#2335 = ORIENTED_EDGE ( 'NONE', *, *, #1579, .T. ) ;
#2336 = EDGE_CURVE ( 'NONE', #973, #216, #441, .T. ) ;
#2337 = LINE ( 'NONE', #606, #2161 ) ;
#2338 = ORIENTED_EDGE ( 'NONE', *, *, #2040, .F. ) ;
#2339 = DIRECTION ( 'NONE',  ( 1.000000000000000000, -1.734723475976807094E-15, 2.478176394252581634E-16 ) ) ;
#2340 = FACE_OUTER_BOUND ( 'NONE', #812, .T. ) ;
#2341 = ADVANCED_FACE ( 'NONE', ( #1629 ), #2225, .F. ) ;
#2342 = CARTESIAN_POINT ( 'NONE',  ( 8.227241335951156032, 20.00000000000001776, 4.750000000000587086 ) ) ;
#2343 = LINE ( 'NONE', #642, #375 ) ;
#2344 = EDGE_LOOP ( 'NONE', ( #2141, #702, #1344, #999 ) ) ;
#2345 = FACE_OUTER_BOUND ( 'NONE', #2069, .T. ) ;
#2346 = VERTEX_POINT ( 'NONE', #259 ) ;
#2347 = CARTESIAN_POINT ( 'NONE',  ( 9.260129588726069727, -4.500000000000003553, 23.99999999999999289 ) ) ;
#2348 = DIRECTION ( 'NONE',  ( 0.000000000000000000, 1.000000000000000000, 0.000000000000000000 ) ) ;
#2349 = ORIENTED_EDGE ( 'NONE', *, *, #1528, .F. ) ;
#2350 = CARTESIAN_POINT ( 'NONE',  ( 0.000000000000000000, 23.00000000000002132, 0.000000000000000000 ) ) ;
#2351 = EDGE_CURVE ( 'NONE', #523, #11, #1587, .T. ) ;
#2352 = DIRECTION ( 'NONE',  ( 0.000000000000000000, -0.000000000000000000, 1.000000000000000000 ) ) ;
#2353 = DIRECTION ( 'NONE',  ( 0.000000000000000000, -1.000000000000000000, 0.000000000000000000 ) ) ;
#2354 = CARTESIAN_POINT ( 'NONE',  ( 18.00000000000000355, -4.085786437626907741, -28.00000000000000355 ) ) ;
#2355 = EDGE_CURVE ( 'NONE', #1467, #1373, #1822, .T. ) ;
#2356 = ORIENTED_EDGE ( 'NONE', *, *, #2336, .T. ) ;
#2357 = VECTOR ( 'NONE', #1526, 1000.000000000000000 ) ;
#2358 = DIRECTION ( 'NONE',  ( 1.000000000000000000, -0.000000000000000000, 0.000000000000000000 ) ) ;
#2359 = ORIENTED_EDGE ( 'NONE', *, *, #1071, .F. ) ;
#2360 = ORIENTED_EDGE ( 'NONE', *, *, #1345, .T. ) ;
#2361 = LINE ( 'NONE', #686, #1884 ) ;
#2362 = AXIS2_PLACEMENT_3D ( 'NONE', #1274, #2393, #674 ) ;
#2363 = CIRCLE ( 'NONE', #395, 2.500000000000000444 ) ;
#2364 = CARTESIAN_POINT ( 'NONE',  ( -10.00000000000000000, -1.500000000000001332, -36.50010000000000332 ) ) ;
#2365 = ORIENTED_EDGE ( 'NONE', *, *, #1771, .F. ) ;
#2366 = CARTESIAN_POINT ( 'NONE',  ( 0.000000000000000000, 49.99999999999998579, -29.00000000000000000 ) ) ;
#2367 = VECTOR ( 'NONE', #1389, 1000.000000000000000 ) ;
#2368 = LINE ( 'NONE', #1752, #2246 ) ;
#2369 = AXIS2_PLACEMENT_3D ( 'NONE', #349, #1096, #2292 ) ;
#2370 = EDGE_CURVE ( 'NONE', #795, #898, #2343, .T. ) ;
#2371 = CARTESIAN_POINT ( 'NONE',  ( -10.00000000000000000, -4.500000000000003553, 23.99999999999999289 ) ) ;
#2372 = CYLINDRICAL_SURFACE ( 'NONE', #730, 1.000000000000842215 ) ;
#2373 = ORIENTED_EDGE ( 'NONE', *, *, #1391, .T. ) ;
#2374 = CARTESIAN_POINT ( 'NONE',  ( 0.000000000000000000, -4.500000000000003553, 21.99999999999999289 ) ) ;
#2375 = ORIENTED_EDGE ( 'NONE', *, *, #2110, .F. ) ;
#2376 = ORIENTED_EDGE ( 'NONE', *, *, #1741, .F. ) ;
#2377 = DIRECTION ( 'NONE',  ( -0.000000000000000000, 1.000000000000000000, -0.000000000000000000 ) ) ;
#2378 = EDGE_CURVE ( 'NONE', #523, #249, #1009, .T. ) ;
#2379 = EDGE_CURVE ( 'NONE', #1951, #2101, #1753, .T. ) ;
#2380 = LINE ( 'NONE', #1919, #976 ) ;
#2381 = ORIENTED_EDGE ( 'NONE', *, *, #742, .F. ) ;
#2382 = DIRECTION ( 'NONE',  ( 0.000000000000000000, -0.9889363528682975080, -0.1483404529302445318 ) ) ;
#2383 = CARTESIAN_POINT ( 'NONE',  ( 10.79999999999999893, 0.000000000000000000, 18.50000000000000355 ) ) ;
#2384 = CARTESIAN_POINT ( 'NONE',  ( 0.000000000000000000, 20.00000000000001776, -12.00000000000000178 ) ) ;
#2385 = FACE_OUTER_BOUND ( 'NONE', #655, .T. ) ;
#2386 = ADVANCED_FACE ( 'NONE', ( #2004 ), #1459, .T. ) ;
#2387 = CARTESIAN_POINT ( 'NONE',  ( -8.799999999999993605, -1.000000000000000888, -27.00000000000000355 ) ) ;
#2388 = VERTEX_POINT ( 'NONE', #1613 ) ;
#2389 = ORIENTED_EDGE ( 'NONE', *, *, #1678, .T. ) ;
#2390 = ADVANCED_FACE ( 'NONE', ( #286 ), #1057, .T. ) ;
#2391 = DIRECTION ( 'NONE',  ( 0.000000000000000000, 0.000000000000000000, 1.000000000000000000 ) ) ;
#2392 = EDGE_CURVE ( 'NONE', #1048, #523, #1962, .T. ) ;
#2393 = DIRECTION ( 'NONE',  ( 0.000000000000000000, -1.000000000000000000, 0.000000000000000000 ) ) ;
#2394 = ORIENTED_EDGE ( 'NONE', *, *, #764, .T. ) ;
#2395 = FACE_OUTER_BOUND ( 'NONE', #1426, .T. ) ;
#2396 = CARTESIAN_POINT ( 'NONE',  ( 10.79999999999999893, 0.000000000000000000, 18.50000000000000355 ) ) ;
#2397 = DIRECTION ( 'NONE',  ( 0.000000000000000000, 1.000000000000000000, 0.000000000000000000 ) ) ;
#2398 = PLANE ( 'NONE',  #583 ) ;
#2399 = FACE_OUTER_BOUND ( 'NONE', #171, .T. ) ;
#2400 = ORIENTED_EDGE ( 'NONE', *, *, #1741, .T. ) ;
#2401 = VECTOR ( 'NONE', #1546, 1000.000000000000000 ) ;
#2402 = CARTESIAN_POINT ( 'NONE',  ( 3.061616997868383634E-16, 3.000000000000002665, -7.000000000000000888 ) ) ;
#2403 = EDGE_CURVE ( 'NONE', #1295, #658, #1920, .T. ) ;
#2404 = AXIS2_PLACEMENT_3D ( 'NONE', #679, #2182, #495 ) ;
#2405 = PLANE ( 'NONE',  #2362 ) ;
#2406 = ORIENTED_EDGE ( 'NONE', *, *, #1579, .F. ) ;
#2407 = CARTESIAN_POINT ( 'NONE',  ( -8.799999999999993605, -4.500000000000003553, -27.00000000000000355 ) ) ;
#2408 = CARTESIAN_POINT ( 'NONE',  ( 8.799999999999993605, -4.111473928947035006, 22.99999999999999289 ) ) ;
#2409 = AXIS2_PLACEMENT_3D ( 'NONE', #2407, #1266, #899 ) ;
#2410 = DIRECTION ( 'NONE',  ( -1.387778780781445922E-16, 0.000000000000000000, 1.000000000000000000 ) ) ;
#2411 = DIRECTION ( 'NONE',  ( 0.000000000000000000, 0.000000000000000000, 1.000000000000000000 ) ) ;
#2412 = ADVANCED_FACE ( 'NONE', ( #1406 ), #2398, .T. ) ;
#2413 = FACE_OUTER_BOUND ( 'NONE', #736, .T. ) ;
#2414 = ORIENTED_EDGE ( 'NONE', *, *, #667, .T. ) ;
#2415 = FACE_OUTER_BOUND ( 'NONE', #115, .T. ) ;
#2416 = LINE ( 'NONE', #724, #863 ) ;
#2417 = VERTEX_POINT ( 'NONE', #707 ) ;
#2418 = FACE_OUTER_BOUND ( 'NONE', #458, .T. ) ;
#2419 = CIRCLE ( 'NONE', #997, 1.000000000000842215 ) ;
#2420 = DIRECTION ( 'NONE',  ( 0.000000000000000000, -1.000000000000000000, 0.000000000000000000 ) ) ;
#2421 = PERSON_AND_ORGANIZATION_ROLE ( 'creator' ) ;
#2422 = ADVANCED_FACE ( 'NONE', ( #1643 ), #876, .F. ) ;
#2423 = DIRECTION ( 'NONE',  ( 1.445602896647339656E-16, 0.000000000000000000, -1.000000000000000000 ) ) ;
#2424 = ORIENTED_EDGE ( 'NONE', *, *, #324, .F. ) ;
#2425 = PLANE ( 'NONE',  #1329 ) ;
#2426 = ORIENTED_EDGE ( 'NONE', *, *, #1945, .F. ) ;
#2427 = DIRECTION ( 'NONE',  ( -1.000000000000000000, -0.000000000000000000, -9.637352644315595243E-17 ) ) ;
#2428 = AXIS2_PLACEMENT_3D ( 'NONE', #470, #78, #1615 ) ;
#2429 = LINE ( 'NONE', #1898, #1292 ) ;
#2430 = DIRECTION ( 'NONE',  ( -1.000000000000000000, 0.000000000000000000, -0.000000000000000000 ) ) ;
#2431 = FACE_OUTER_BOUND ( 'NONE', #364, .T. ) ;
#2432 = ADVANCED_FACE ( 'NONE', ( #2385 ), #556, .F. ) ;
#2433 = CARTESIAN_POINT ( 'NONE',  ( 18.00000000000000355, -3.500000000000003109, -28.00000000000000000 ) ) ;
#2434 = EDGE_CURVE ( 'NONE', #374, #344, #2211, .T. ) ;
#2435 = LINE ( 'NONE', #1870, #1218 ) ;
#2436 = ORIENTED_EDGE ( 'NONE', *, *, #2276, .F. ) ;
#2437 = AXIS2_PLACEMENT_3D ( 'NONE', #146, #1453, #1035 ) ;
ENDSEC;
END-ISO-10303-21;
