ISO-10303-21;
HEADER;
FILE_DESCRIPTION (( 'STEP AP203' ),
    '1' );
FILE_NAME ('²¦Á¸Æ÷-3.STEP',
    '2026-08-20T07:36:28',
    ( '' ),
    ( '' ),
    'SwSTEP 2.0',
    'SolidWorks 2026',
    '' );
FILE_SCHEMA (( 'CONFIG_CONTROL_DESIGN' ));
ENDSEC;

DATA;
#1 = DIRECTION ( 'NONE',  ( 0.000000000000000000, 0.000000000000000000, 1.000000000000000000 ) ) ;
#2 = DIRECTION ( 'NONE',  ( -0.8660254037844432595, 2.775557561562891351E-17, -0.4999999999999919509 ) ) ;
#3 = VERTEX_POINT ( 'NONE', #2277 ) ;
#4 = CARTESIAN_POINT ( 'NONE',  ( -7.361215932167724851, 4.249999999999992895, 28.99999999999999645 ) ) ;
#5 = VECTOR ( 'NONE', #531, 999.9999999999998863 ) ;
#6 = ORIENTED_EDGE ( 'NONE', *, *, #711, .T. ) ;
#7 = AXIS2_PLACEMENT_3D ( 'NONE', #875, #2379, #864 ) ;
#8 = CARTESIAN_POINT ( 'NONE',  ( -4.023369234857770316, 15.00000000000000000, 3.750000000000000000 ) ) ;
#9 = EDGE_CURVE ( 'NONE', #233, #2674, #1337, .T. ) ;
#10 = EDGE_CURVE ( 'NONE', #1827, #2158, #756, .T. ) ;
#11 = ORIENTED_EDGE ( 'NONE', *, *, #2330, .F. ) ;
#12 = CARTESIAN_POINT ( 'NONE',  ( 26.65571232478540509, 22.07611744543638466, -13.83095194153176877 ) ) ;
#13 = CARTESIAN_POINT ( 'NONE',  ( 27.89582562299419521, 18.36602540378443749, -11.68301270189234664 ) ) ;
#14 = CARTESIAN_POINT ( 'NONE',  ( -1.477362370643802381, 22.04196411936680278, 7.354195462816746520 ) ) ;
#15 = DIRECTION ( 'NONE',  ( 0.3711537444790469209, 0.000000000000000000, 0.9285714285714279370 ) ) ;
#16 = LINE ( 'NONE', #708, #1229 ) ;
#17 = DIRECTION ( 'NONE',  ( -0.8660254037844387076, 0.4999999999999997780, 0.000000000000000000 ) ) ;
#18 = DIRECTION ( 'NONE',  ( 0.000000000000000000, 0.000000000000000000, 1.000000000000000000 ) ) ;
#19 = ORIENTED_EDGE ( 'NONE', *, *, #241, .T. ) ;
#20 = PLANE ( 'NONE',  #992 ) ;
#21 = ORIENTED_EDGE ( 'NONE', *, *, #579, .T. ) ;
#22 = CARTESIAN_POINT ( 'NONE',  ( -1.957106781186543909, 21.61019161914732223, 28.99999999999999645 ) ) ;
#23 = EDGE_CURVE ( 'NONE', #1028, #1827, #216, .T. ) ;
#24 = ADVANCED_FACE ( 'NONE', ( #2255 ), #348, .F. ) ;
#25 = ORIENTED_EDGE ( 'NONE', *, *, #10, .T. ) ;
#26 = PLANE ( 'NONE',  #896 ) ;
#27 = FACE_OUTER_BOUND ( 'NONE', #479, .T. ) ;
#28 = ORIENTED_EDGE ( 'NONE', *, *, #2325, .F. ) ;
#29 = CARTESIAN_POINT ( 'NONE',  ( -2.964101615137754386, 17.86602540378443749, 28.99999999999999645 ) ) ;
#30 = VECTOR ( 'NONE', #804, 1000.000000000000000 ) ;
#31 = FACE_OUTER_BOUND ( 'NONE', #1425, .T. ) ;
#32 = ORIENTED_EDGE ( 'NONE', *, *, #349, .F. ) ;
#33 = ORIENTED_EDGE ( 'NONE', *, *, #1432, .F. ) ;
#34 = CARTESIAN_POINT ( 'NONE',  ( 4.028808503332538926, 23.00000000000000000, -6.326033673912543343 ) ) ;
#35 = FACE_OUTER_BOUND ( 'NONE', #752, .T. ) ;
#36 = CARTESIAN_POINT ( 'NONE',  ( -26.43023137762391173, 23.14279364131808592, -12.22149639815417110 ) ) ;
#37 = AXIS2_PLACEMENT_3D ( 'NONE', #1197, #301, #1610 ) ;
#38 = ORIENTED_EDGE ( 'NONE', *, *, #1998, .T. ) ;
#39 = CARTESIAN_POINT ( 'NONE',  ( 2.891401300543781527, 23.18543153230580245, 6.912437059454132005 ) ) ;
#40 = FACE_OUTER_BOUND ( 'NONE', #1308, .T. ) ;
#41 = VECTOR ( 'NONE', #1671, 999.9999999999998863 ) ;
#42 = EDGE_CURVE ( 'NONE', #2361, #95, #1207, .T. ) ;
#43 = ORIENTED_EDGE ( 'NONE', *, *, #1805, .T. ) ;
#44 = CARTESIAN_POINT ( 'NONE',  ( 7.495844763516766207, 17.86602540378444104, 0.2496222771695358333 ) ) ;
#45 = CARTESIAN_POINT ( 'NONE',  ( 1.957106781186540134, 18.38980838085267777, 7.240147308379413005 ) ) ;
#46 = EDGE_CURVE ( 'NONE', #523, #2137, #80, .T. ) ;
#47 = EDGE_LOOP ( 'NONE', ( #1711, #736, #859 ) ) ;
#48 = CARTESIAN_POINT ( 'NONE',  ( -3.631720821694958801, 17.42798702663136723, -6.562260852765374963 ) ) ;
#49 = VERTEX_POINT ( 'NONE', #942 ) ;
#50 = AXIS2_PLACEMENT_3D ( 'NONE', #850, #1238, #1223 ) ;
#51 = DIRECTION ( 'NONE',  ( 0.000000000000000000, 0.000000000000000000, -1.000000000000000000 ) ) ;
#52 = CIRCLE ( 'NONE', #1540, 1.000000000000000222 ) ;
#53 = ORIENTED_EDGE ( 'NONE', *, *, #157, .T. ) ;
#54 = CARTESIAN_POINT ( 'NONE',  ( -25.23517163608457281, 21.00298526046540815, -16.29140058858051177 ) ) ;
#55 = LINE ( 'NONE', #2413, #870 ) ;
#56 = CYLINDRICAL_SURFACE ( 'NONE', #377, 0.9999999999999995559 ) ;
#57 = DIRECTION ( 'NONE',  ( -0.2499999999999958922, 0.8660254037844388186, 0.4330127018922215187 ) ) ;
#58 = ORIENTED_EDGE ( 'NONE', *, *, #1633, .T. ) ;
#59 = ORIENTED_EDGE ( 'NONE', *, *, #1730, .F. ) ;
#60 = ADVANCED_FACE ( 'NONE', ( #2038 ), #2053, .T. ) ;
#61 = EDGE_CURVE ( 'NONE', #1590, #470, #2070, .T. ) ;
#62 = CARTESIAN_POINT ( 'NONE',  ( 9.184850993605147944E-16, 17.56217782649106951, 7.500000000000000000 ) ) ;
#63 = PERSON_AND_ORGANIZATION_ROLE ( 'classification_officer' ) ;
#64 = VERTEX_POINT ( 'NONE', #1849 ) ;
#65 = CARTESIAN_POINT ( 'NONE',  ( -23.63268590218000043, 17.86602540378443749, -17.06698729810756276 ) ) ;
#66 = CARTESIAN_POINT ( 'NONE',  ( 27.67566630395944927, 16.95710678118655679, -12.06433982822028916 ) ) ;
#67 = CARTESIAN_POINT ( 'NONE',  ( 7.497940319513732632, 17.51065419160293501, 0.1780372608590906069 ) ) ;
#68 = CARTESIAN_POINT ( 'NONE',  ( 27.43941846061131429, 17.35166081129513671, -10.47353309607785121 ) ) ;
#69 = ORIENTED_EDGE ( 'NONE', *, *, #484, .F. ) ;
#70 = VERTEX_POINT ( 'NONE', #2697 ) ;
#71 = VECTOR ( 'NONE', #2710, 1000.000000000000000 ) ;
#72 = ORIENTED_EDGE ( 'NONE', *, *, #500, .F. ) ;
#73 = CARTESIAN_POINT ( 'NONE',  ( -2.630989335750164582, 16.85720635868191764, 7.023382028280172662 ) ) ;
#74 = CIRCLE ( 'NONE', #1656, 1.000000000000000222 ) ;
#75 = EDGE_CURVE ( 'NONE', #1345, #327, #787, .T. ) ;
#76 =( BOUNDED_CURVE ( )  B_SPLINE_CURVE ( 3, ( #2276, #1190, #2232, #972 ),
 .UNSPECIFIED., .F., .T. ) 
 B_SPLINE_CURVE_WITH_KNOTS ( ( 4, 4 ),
 ( 4.976392632901807112, 5.248368683558522818 ),
 .UNSPECIFIED. ) 
 CURVE ( )  GEOMETRIC_REPRESENTATION_ITEM ( )  RATIONAL_B_SPLINE_CURVE ( ( 1.000000000000000000, 0.9938452459560027652, 0.9938452459560027652, 1.000000000000000000 ) ) 
 REPRESENTATION_ITEM ( '' )  );
#77 = CARTESIAN_POINT ( 'NONE',  ( -5.714167618072169219, 22.07611744543639531, -4.857806957112997814 ) ) ;
#78 = COORDINATED_UNIVERSAL_TIME_OFFSET ( 8, 0, .AHEAD. ) ;
#79 = EDGE_CURVE ( 'NONE', #2487, #307, #1427, .T. ) ;
#80 = LINE ( 'NONE', #561, #1472 ) ;
#81 = ORIENTED_EDGE ( 'NONE', *, *, #387, .F. ) ;
#82 = DIRECTION ( 'NONE',  ( -0.8660254037844363761, -2.403703357979455387E-17, 0.5000000000000039968 ) ) ;
#83 = DIRECTION ( 'NONE',  ( 0.2499999999999958922, -0.8660254037844388186, -0.4330127018922215187 ) ) ;
#84 = LINE ( 'NONE', #66, #5 ) ;
#85 = CARTESIAN_POINT ( 'NONE',  ( 7.495844763516766207, 17.86602540378444104, 0.2496222771695358333 ) ) ;
#86 = AXIS2_PLACEMENT_3D ( 'NONE', #382, #410, #426 ) ;
#87 = ORIENTED_EDGE ( 'NONE', *, *, #2696, .F. ) ;
#88 = CARTESIAN_POINT ( 'NONE',  ( -20.13509063798841225, 5.749999999999997335, -23.12499999999981171 ) ) ;
#89 = AXIS2_PLACEMENT_3D ( 'NONE', #4, #2539, #417 ) ;
#90 = B_SPLINE_CURVE_WITH_KNOTS ( 'NONE', 3,
 ( #2227, #1764, #493, #2196, #91, #292 ),
 .UNSPECIFIED., .F., .F.,
 ( 4, 2, 4 ),
 ( 4.249187360970369464E-18, 0.0003963030908312758539, 0.0007926061816625474795 ),
 .UNSPECIFIED. ) ;
#91 = CARTESIAN_POINT ( 'NONE',  ( -5.630238909873708231, 22.04196411936680633, -4.956531074981048057 ) ) ;
#92 = AXIS2_PLACEMENT_3D ( 'NONE', #88, #1185, #1809 ) ;
#93 = ORIENTED_EDGE ( 'NONE', *, *, #770, .T. ) ;
#94 = CARTESIAN_POINT ( 'NONE',  ( -0.9042482922434679216, 22.19552957384507152, 7.459060941672005285 ) ) ;
#95 = VERTEX_POINT ( 'NONE', #2002 ) ;
#96 = ADVANCED_BREP_SHAPE_REPRESENTATION ( '\X2\62e87cae5668\X0\-3', ( #2621, #2031 ), #2553 ) ;
#97 = COORDINATED_UNIVERSAL_TIME_OFFSET ( 8, 0, .AHEAD. ) ;
#98 = ORIENTED_EDGE ( 'NONE', *, *, #2764, .T. ) ;
#99 = AXIS2_PLACEMENT_3D ( 'NONE', #2309, #2279, #379 ) ;
#100 = DIRECTION ( 'NONE',  ( 0.000000000000000000, -0.4472135954999599816, 0.8944271909999148562 ) ) ;
#101 = EDGE_LOOP ( 'NONE', ( #2462, #416, #2047, #1940 ) ) ;
#102 = CARTESIAN_POINT ( 'NONE',  ( -7.393201526853354189, 23.14279364131808592, -1.230462089241085133 ) ) ;
#103 = CARTESIAN_POINT ( 'NONE',  ( 26.52630280223414516, 21.11019161914731868, -14.05509580957378013 ) ) ;
#104 = EDGE_CURVE ( 'NONE', #1819, #1738, #1800, .T. ) ;
#105 = EDGE_CURVE ( 'NONE', #2120, #1875, #1214, .T. ) ;
#106 = CYLINDRICAL_SURFACE ( 'NONE', #1453, 0.9999999999999985567 ) ;
#107 = CARTESIAN_POINT ( 'NONE',  ( -7.499954182462060359, 22.85654530945265250, -0.09563772506318284072 ) ) ;
#108 = CARTESIAN_POINT ( 'NONE',  ( -2.889808380852681768, 17.82313218497098006, 28.99999999999999645 ) ) ;
#109 = VERTEX_POINT ( 'NONE', #2615 ) ;
#110 = ORIENTED_EDGE ( 'NONE', *, *, #193, .T. ) ;
#111 = ORIENTED_EDGE ( 'NONE', *, *, #1663, .F. ) ;
#112 = FACE_OUTER_BOUND ( 'NONE', #1171, .T. ) ;
#113 = ORIENTED_EDGE ( 'NONE', *, *, #1052, .T. ) ;
#114 = FACE_OUTER_BOUND ( 'NONE', #1598, .T. ) ;
#115 = DIRECTION ( 'NONE',  ( 0.000000000000000000, -1.000000000000000000, -3.469446951953611033E-15 ) ) ;
#116 = FACE_OUTER_BOUND ( 'NONE', #600, .T. ) ;
#117 = CARTESIAN_POINT ( 'NONE',  ( -2.964101615137754386, 17.86602540378443749, 30.00000000000000000 ) ) ;
#118 = EDGE_CURVE ( 'NONE', #1826, #2051, #1256, .T. ) ;
#119 = ORIENTED_EDGE ( 'NONE', *, *, #2392, .T. ) ;
#120 = CARTESIAN_POINT ( 'NONE',  ( -24.06569860407223160, 18.36602540378443749, -18.31698729810755566 ) ) ;
#121 = CARTESIAN_POINT ( 'NONE',  ( 7.488814731315428297, 16.95710678118655323, -0.4094556386631193479 ) ) ;
#122 = EDGE_CURVE ( 'NONE', #689, #49, #2178, .T. ) ;
#123 = ORIENTED_EDGE ( 'NONE', *, *, #2268, .F. ) ;
#124 = DIRECTION ( 'NONE',  ( -0.4330127018922123594, -0.4999999999999998335, 0.7500000000000039968 ) ) ;
#125 = CARTESIAN_POINT ( 'NONE',  ( -23.81569860407223516, 17.49999999999999645, -18.74999999999977618 ) ) ;
#126 = VECTOR ( 'NONE', #1817, 999.9999999999998863 ) ;
#127 = ORIENTED_EDGE ( 'NONE', *, *, #2739, .F. ) ;
#128 = CIRCLE ( 'NONE', #406, 0.9999999999999996669 ) ;
#129 = CYLINDRICAL_SURFACE ( 'NONE', #458, 1.000000000000001332 ) ;
#130 = CARTESIAN_POINT ( 'NONE',  ( -2.889808380852683101, 17.82313218497098362, 28.99999999999999645 ) ) ;
#131 = CYLINDRICAL_SURFACE ( 'NONE', #309, 1.000000000000000000 ) ;
#132 = DIRECTION ( 'NONE',  ( 0.4829629131445265511, -0.2588190451025195737, -0.8365163037378126054 ) ) ;
#133 = ORIENTED_EDGE ( 'NONE', *, *, #1600, .F. ) ;
#134 = CIRCLE ( 'NONE', #1523, 0.9999999999999995559 ) ;
#135 = EDGE_LOOP ( 'NONE', ( #790, #1123, #2499, #1829, #749, #927, #1531, #38, #1676, #2198, #2418, #1592 ) ) ;
#136 = CARTESIAN_POINT ( 'NONE',  ( -2.964101615137754386, 17.86602540378443749, 30.00000000000000000 ) ) ;
#137 = B_SPLINE_CURVE_WITH_KNOTS ( 'NONE', 3,
 ( #2139, #2099, #637, #1892, #2715, #841 ),
 .UNSPECIFIED., .F., .F.,
 ( 4, 2, 4 ),
 ( 8.673617379884035472E-19, 0.0004232715736902817696, 0.0008465431473805626718 ),
 .UNSPECIFIED. ) ;
#138 = SPHERICAL_SURFACE ( 'NONE', #1167, 1.000000000000000000 ) ;
#139 = EDGE_CURVE ( 'NONE', #2111, #523, #630, .T. ) ;
#140 = ORIENTED_EDGE ( 'NONE', *, *, #1805, .F. ) ;
#141 = AXIS2_PLACEMENT_3D ( 'NONE', #985, #1645, #2289 ) ;
#142 = CARTESIAN_POINT ( 'NONE',  ( 4.023369234857770316, 15.00000000000000000, 3.749999999999999556 ) ) ;
#143 = ADVANCED_FACE ( 'NONE', ( #35 ), #687, .F. ) ;
#144 = EDGE_CURVE ( 'NONE', #1608, #419, #2186, .T. ) ;
#145 = AXIS2_PLACEMENT_3D ( 'NONE', #624, #2738, #2508 ) ;
#146 = ORIENTED_EDGE ( 'NONE', *, *, #1615, .F. ) ;
#147 = ORIENTED_EDGE ( 'NONE', *, *, #890, .F. ) ;
#148 = DIRECTION ( 'NONE',  ( -0.4330127018922228510, -0.4999999999999997780, -0.7499999999999981126 ) ) ;
#149 = VERTEX_POINT ( 'NONE', #2414 ) ;
#150 = CARTESIAN_POINT ( 'NONE',  ( -24.56919602104781575, 21.11019161914732578, -15.44490419042610618 ) ) ;
#151 = DIRECTION ( 'NONE',  ( 0.4330127018922125259, 0.4999999999999995004, -0.7500000000000042188 ) ) ;
#152 = AXIS2_PLACEMENT_3D ( 'NONE', #1419, #2260, #747 ) ;
#153 = DIRECTION ( 'NONE',  ( 0.000000000000000000, 1.000000000000000000, 0.000000000000000000 ) ) ;
#154 = AXIS2_PLACEMENT_3D ( 'NONE', #1339, #1953, #1129 ) ;
#155 = CARTESIAN_POINT ( 'NONE',  ( -24.56919602104781220, 21.55740521464728232, -16.33933138142602459 ) ) ;
#156 = CARTESIAN_POINT ( 'NONE',  ( 3.529462790815104167, 22.14659428105822059, -6.617622893789303795 ) ) ;
#157 = EDGE_CURVE ( 'NONE', #2388, #392, #2652, .T. ) ;
#158 = ADVANCED_FACE ( 'NONE', ( #488 ), #1371, .F. ) ;
#159 = CARTESIAN_POINT ( 'NONE',  ( -4.318391118389627970, 16.84947594540700422, -6.133642578065594542 ) ) ;
#160 = CARTESIAN_POINT ( 'NONE',  ( -4.023369234857770316, 15.00000000000000000, -3.750000000000000000 ) ) ;
#161 = FACE_OUTER_BOUND ( 'NONE', #1430, .T. ) ;
#162 = CARTESIAN_POINT ( 'NONE',  ( -7.496766741980646742, 21.87688854186650289, 0.2210686129236397179 ) ) ;
#163 = ORIENTED_EDGE ( 'NONE', *, *, #226, .T. ) ;
#164 = ORIENTED_EDGE ( 'NONE', *, *, #908, .F. ) ;
#165 = CARTESIAN_POINT ( 'NONE',  ( 27.42566630395944927, 17.82313218497099072, -12.49735253011250968 ) ) ;
#166 = DIRECTION ( 'NONE',  ( -0.8660254037844363761, -5.179260919542346738E-17, 0.5000000000000039968 ) ) ;
#167 = DIRECTION ( 'NONE',  ( 0.4330127018922229620, 0.4999999999999993894, 0.7499999999999983347 ) ) ;
#168 = CARTESIAN_POINT ( 'NONE',  ( 26.59678751731754787, 17.86602540378443749, -11.93301270189234486 ) ) ;
#169 = FACE_OUTER_BOUND ( 'NONE', #2165, .T. ) ;
#170 = B_SPLINE_CURVE_WITH_KNOTS ( 'NONE', 3,
 ( #605, #1869, #1773, #159, #2222, #172 ),
 .UNSPECIFIED., .F., .F.,
 ( 4, 2, 4 ),
 ( 0.000000000000000000, 0.0004241811826440236403, 0.0008483623652880472807 ),
 .UNSPECIFIED. ) ;
#171 = ORIENTED_EDGE ( 'NONE', *, *, #1325, .F. ) ;
#172 = CARTESIAN_POINT ( 'NONE',  ( -4.099006350462787829, 16.95710678118655679, -6.280775982222717602 ) ) ;
#173 = VECTOR ( 'NONE', #2258, 1000.000000000000000 ) ;
#174 = EDGE_CURVE ( 'NONE', #2388, #2097, #2000, .T. ) ;
#175 = AXIS2_PLACEMENT_3D ( 'NONE', #1466, #393, #1440 ) ;
#176 = CARTESIAN_POINT ( 'NONE',  ( -23.63268590218000043, 17.86602540378443749, -17.06698729810756276 ) ) ;
#177 = DIRECTION ( 'NONE',  ( -0.8660254037844438146, -6.925275441563080182E-16, -0.4999999999999911182 ) ) ;
#178 = ADVANCED_FACE ( 'NONE', ( #2636 ), #1116, .T. ) ;
#179 = CIRCLE ( 'NONE', #1070, 0.9999999999999988898 ) ;
#180 = ORIENTED_EDGE ( 'NONE', *, *, #631, .F. ) ;
#181 = DIRECTION ( 'NONE',  ( 0.8660254037844385966, -0.5000000000000002220, 0.000000000000000000 ) ) ;
#182 = CARTESIAN_POINT ( 'NONE',  ( -7.144985991175166973, 18.01658391611396581, -2.282660011648868004 ) ) ;
#183 = CARTESIAN_POINT ( 'NONE',  ( 25.66027739844970768, 21.11019161914731868, -13.55509580957377658 ) ) ;
#184 = CIRCLE ( 'NONE', #2415, 0.9999999999999995559 ) ;
#185 = CARTESIAN_POINT ( 'NONE',  ( 25.98076211353308551, 15.00000000000000000, -15.00000000000011902 ) ) ;
#186 = CIRCLE ( 'NONE', #686, 1.000000000000000000 ) ;
#187 = ORIENTED_EDGE ( 'NONE', *, *, #2281, .T. ) ;
#188 = CIRCLE ( 'NONE', #2772, 1.000000000000000000 ) ;
#189 = DIRECTION ( 'NONE',  ( 0.4999999999999998335, 0.8660254037844388186, -0.000000000000000000 ) ) ;
#190 = DIRECTION ( 'NONE',  ( 0.000000000000000000, -0.4472135954999607033, 0.8944271909999145231 ) ) ;
#191 = DIRECTION ( 'NONE',  ( 0.000000000000000000, 1.000000000000000000, 0.000000000000000000 ) ) ;
#192 = EDGE_CURVE ( 'NONE', #2420, #1808, #1697, .T. ) ;
#193 = EDGE_CURVE ( 'NONE', #2393, #536, #2399, .T. ) ;
#194 = ORIENTED_EDGE ( 'NONE', *, *, #1338, .T. ) ;
#195 = FACE_OUTER_BOUND ( 'NONE', #2310, .T. ) ;
#196 = CARTESIAN_POINT ( 'NONE',  ( -7.248704886791389690, 18.38980838085269198, -1.925169463763290567 ) ) ;
#197 = DIRECTION ( 'NONE',  ( 0.000000000000000000, 0.000000000000000000, -1.000000000000000000 ) ) ;
#198 = CARTESIAN_POINT ( 'NONE',  ( -26.63028116637159570, 23.25000000000000711, -11.87499999999975486 ) ) ;
#199 = AXIS2_PLACEMENT_3D ( 'NONE', #1675, #2490, #810 ) ;
#200 = CARTESIAN_POINT ( 'NONE',  ( -3.867224193907527585, 17.42798702663136012, 6.426292917423382711 ) ) ;
#201 = ORIENTED_EDGE ( 'NONE', *, *, #2062, .T. ) ;
#202 = CARTESIAN_POINT ( 'NONE',  ( 23.66983251932228782, 22.17686781502901638, -17.00264746988771591 ) ) ;
#203 = DIRECTION ( 'NONE',  ( 0.4330127018922123594, 0.5000000000000044409, -0.7500000000000013323 ) ) ;
#204 = ORIENTED_EDGE ( 'NONE', *, *, #1526, .T. ) ;
#205 = CARTESIAN_POINT ( 'NONE',  ( 1.091081377402101094, 18.88980838085267777, 28.99999999999999645 ) ) ;
#206 = EDGE_CURVE ( 'NONE', #541, #544, #2661, .T. ) ;
#207 = DIRECTION ( 'NONE',  ( 0.8660254037844432595, -3.718542035834355791E-18, 0.4999999999999919509 ) ) ;
#208 = CARTESIAN_POINT ( 'NONE',  ( -2.893373166628405269, 16.81461694050825884, 6.920871682489157628 ) ) ;
#209 = EDGE_LOOP ( 'NONE', ( #1726, #872, #993, #1316 ) ) ;
#210 = EDGE_CURVE ( 'NONE', #1808, #1505, #2391, .T. ) ;
#211 = ORIENTED_EDGE ( 'NONE', *, *, #437, .F. ) ;
#212 = DIRECTION ( 'NONE',  ( 0.4330127018922229065, 0.4999999999999993339, 0.7499999999999983347 ) ) ;
#213 = CARTESIAN_POINT ( 'NONE',  ( 24.56919602104758837, 18.88980838085270264, -15.44490419042646145 ) ) ;
#214 = ORIENTED_EDGE ( 'NONE', *, *, #2044, .T. ) ;
#215 = CYLINDRICAL_SURFACE ( 'NONE', #154, 0.9999999999999995559 ) ;
#216 = CIRCLE ( 'NONE', #2678, 1.000000000000000444 ) ;
#217 = VERTEX_POINT ( 'NONE', #1863 ) ;
#218 = DIRECTION ( 'NONE',  ( 0.000000000000000000, -0.4472135954999597596, 0.8944271909999149672 ) ) ;
#219 = CARTESIAN_POINT ( 'NONE',  ( -28.61233197394044225, 12.11602540378443926, -8.441987298107516580 ) ) ;
#220 = AXIS2_PLACEMENT_3D ( 'NONE', #1628, #1423, #1215 ) ;
#221 = CARTESIAN_POINT ( 'NONE',  ( 24.53585792310672886, 22.17686781502901283, -17.50264746988772302 ) ) ;
#222 = ADVANCED_FACE ( 'NONE', ( #1019 ), #1873, .T. ) ;
#223 = DIRECTION ( 'NONE',  ( 0.8660254037844425934, 0.000000000000000000, 0.4999999999999933942 ) ) ;
#224 = ORIENTED_EDGE ( 'NONE', *, *, #2080, .T. ) ;
#225 = ADVANCED_FACE ( 'NONE', ( #2122 ), #2054, .T. ) ;
#226 = EDGE_CURVE ( 'NONE', #457, #1104, #2758, .T. ) ;
#227 = DIRECTION ( 'NONE',  ( 0.000000000000000000, -0.8320502943378437211, 0.5547001962252290364 ) ) ;
#228 = AXIS2_PLACEMENT_3D ( 'NONE', #840, #1266, #2298 ) ;
#229 = AXIS2_PLACEMENT_3D ( 'NONE', #2527, #2732, #1260 ) ;
#230 = CARTESIAN_POINT ( 'NONE',  ( -26.55964090017516810, 22.17686781502902349, -11.99735253011215796 ) ) ;
#231 = SPHERICAL_SURFACE ( 'NONE', #2234, 1.000000000000000000 ) ;
#232 = VECTOR ( 'NONE', #2588, 1000.000000000000000 ) ;
#233 = VERTEX_POINT ( 'NONE', #1046 ) ;
#234 = CARTESIAN_POINT ( 'NONE',  ( 23.66983251932229138, 22.17686781502901283, -17.00264746988771947 ) ) ;
#235 = CARTESIAN_POINT ( 'NONE',  ( -1.957106781186543909, 21.61019161914732223, 7.292976072907415563 ) ) ;
#236 = CARTESIAN_POINT ( 'NONE',  ( -1.890687902779643936, 21.72523249112981603, 7.258101202380782269 ) ) ;
#237 = CYLINDRICAL_SURFACE ( 'NONE', #2115, 0.9999999999999995559 ) ;
#238 = VECTOR ( 'NONE', #1833, 1000.000000000000000 ) ;
#239 = ORIENTED_EDGE ( 'NONE', *, *, #2513, .T. ) ;
#240 = DIRECTION ( 'NONE',  ( 0.4330127018922234616, 0.4999999999999989453, 0.7499999999999984457 ) ) ;
#241 = EDGE_CURVE ( 'NONE', #541, #881, #2465, .T. ) ;
#242 = ORIENTED_EDGE ( 'NONE', *, *, #75, .F. ) ;
#243 = DIRECTION ( 'NONE',  ( 1.000000000000000000, 0.000000000000000000, -3.469446951953614189E-15 ) ) ;
#244 = DIRECTION ( 'NONE',  ( 1.000000000000000000, 0.000000000000000000, 0.000000000000000000 ) ) ;
#245 = EDGE_LOOP ( 'NONE', ( #352, #1147, #2453, #1489 ) ) ;
#246 = DIRECTION ( 'NONE',  ( 0.000000000000000000, 0.000000000000000000, 1.000000000000000000 ) ) ;
#247 = CARTESIAN_POINT ( 'NONE',  ( 6.670384101111541675, 22.38497605488577236, -3.623412935877863728 ) ) ;
#248 = ORIENTED_EDGE ( 'NONE', *, *, #980, .F. ) ;
#249 = CARTESIAN_POINT ( 'NONE',  ( -1.091081377402111530, 21.11019161914731512, 30.00000000000000000 ) ) ;
#250 = FACE_OUTER_BOUND ( 'NONE', #2471, .T. ) ;
#251 = EDGE_LOOP ( 'NONE', ( #641, #1943, #2701, #242 ) ) ;
#252 = CARTESIAN_POINT ( 'NONE',  ( -3.721687404491181184, 17.27917296888845300, -6.511659273159289718 ) ) ;
#253 = EDGE_CURVE ( 'NONE', #95, #1634, #1918, .T. ) ;
#254 = DIRECTION ( 'NONE',  ( 0.000000000000000000, 1.000000000000000000, 0.000000000000000000 ) ) ;
#255 = ORIENTED_EDGE ( 'NONE', *, *, #2250, .F. ) ;
#256 = CARTESIAN_POINT ( 'NONE',  ( -27.67566630395960914, 23.04289321881346098, -12.06433982821992679 ) ) ;
#257 = ADVANCED_FACE ( 'NONE', ( #448 ), #231, .T. ) ;
#258 = DIRECTION ( 'NONE',  ( -1.000000000000000000, 0.000000000000000000, -0.000000000000000000 ) ) ;
#259 = AXIS2_PLACEMENT_3D ( 'NONE', #130, #1221, #115 ) ;
#260 = ORIENTED_EDGE ( 'NONE', *, *, #421, .T. ) ;
#261 = CARTESIAN_POINT ( 'NONE',  ( 7.471085849533499079, 16.84947594540700422, -0.6730151229696773596 ) ) ;
#262 = AXIS2_PLACEMENT_3D ( 'NONE', #1237, #633, #2315 ) ;
#263 = FACE_OUTER_BOUND ( 'NONE', #777, .T. ) ;
#264 = ORIENTED_EDGE ( 'NONE', *, *, #1969, .T. ) ;
#265 = CARTESIAN_POINT ( 'NONE',  ( -1.749999999999997558, 21.96891108675447057, 30.00000000000000000 ) ) ;
#266 = ORIENTED_EDGE ( 'NONE', *, *, #2708, .T. ) ;
#267 = CARTESIAN_POINT ( 'NONE',  ( -5.337349157736674066, 21.61019161914732578, -5.341392226879994709 ) ) ;
#268 = DIRECTION ( 'NONE',  ( -0.8660254037844363761, -2.775557561562893200E-17, 0.5000000000000038858 ) ) ;
#269 = VECTOR ( 'NONE', #704, 1000.000000000000000 ) ;
#270 = VECTOR ( 'NONE', #83, 999.9999999999998863 ) ;
#271 = EDGE_LOOP ( 'NONE', ( #608, #2283, #1449, #146 ) ) ;
#272 = DIRECTION ( 'NONE',  ( 0.2500000000000067724, -0.8660254037844384856, 0.4330127018922158011 ) ) ;
#273 = SPHERICAL_SURFACE ( 'NONE', #1941, 1.000000000000000000 ) ;
#274 = CARTESIAN_POINT ( 'NONE',  ( 24.06569860407197581, 21.63397459621556607, -18.31698729810788961 ) ) ;
#275 = VECTOR ( 'NONE', #667, 1000.000000000000000 ) ;
#276 = ADVANCED_FACE ( 'NONE', ( #2149 ), #1098, .T. ) ;
#277 = EDGE_CURVE ( 'NONE', #2455, #2067, #2125, .T. ) ;
#278 = CARTESIAN_POINT ( 'NONE',  ( 3.439415481034763022, 23.01425254616961880, 6.664922791485815345 ) ) ;
#279 = CARTESIAN_POINT ( 'NONE',  ( 0.000000000000000000, 23.00000000000000000, 0.000000000000000000 ) ) ;
#280 = ORIENTED_EDGE ( 'NONE', *, *, #627, .F. ) ;
#281 = ORIENTED_EDGE ( 'NONE', *, *, #1048, .F. ) ;
#282 = CARTESIAN_POINT ( 'NONE',  ( -26.72635259098202809, 18.99701473953460606, -13.70859941141899263 ) ) ;
#283 =( BOUNDED_CURVE ( )  B_SPLINE_CURVE ( 3, ( #1076, #842, #651, #1894 ),
 .UNSPECIFIED., .F., .T. ) 
 B_SPLINE_CURVE_WITH_KNOTS ( ( 4, 4 ),
 ( 1.570796326794896780, 1.854323253542976113 ),
 .UNSPECIFIED. ) 
 CURVE ( )  GEOMETRIC_REPRESENTATION_ITEM ( )  RATIONAL_B_SPLINE_CURVE ( ( 1.000000000000000000, 0.9933122516536208035, 0.9933122516536208035, 1.000000000000000000 ) ) 
 REPRESENTATION_ITEM ( '' )  );
#284 = PERSON_AND_ORGANIZATION_ROLE ( 'design_owner' ) ;
#285 = VECTOR ( 'NONE', #268, 1000.000000000000114 ) ;
#286 = ORIENTED_EDGE ( 'NONE', *, *, #2632, .T. ) ;
#287 = CARTESIAN_POINT ( 'NONE',  ( -7.064068040576772844, 17.92388255456362600, -2.519710840176274225 ) ) ;
#288 = CARTESIAN_POINT ( 'NONE',  ( -25.66027739844989952, 18.88980838085268843, -13.55509580957341953 ) ) ;
#289 = CARTESIAN_POINT ( 'NONE',  ( 7.498945015602428654, 17.42798702663136723, 0.1359679353419892267 ) ) ;
#290 = CARTESIAN_POINT ( 'NONE',  ( 3.830127018922191873, 21.63397459621556607, 28.99999999999999645 ) ) ;
#291 = ADVANCED_FACE ( 'NONE', ( #350 ), #946, .T. ) ;
#292 = CARTESIAN_POINT ( 'NONE',  ( -5.714167618072169219, 22.07611744543639531, -4.857806957112997814 ) ) ;
#293 = ORIENTED_EDGE ( 'NONE', *, *, #1681, .T. ) ;
#294 = CARTESIAN_POINT ( 'NONE',  ( 6.995190528383285589, 12.11602540378443926, 30.00000000000000000 ) ) ;
#295 = ADVANCED_FACE ( 'NONE', ( #116 ), #798, .T. ) ;
#296 = B_SPLINE_CURVE_WITH_KNOTS ( 'NONE', 3,
 ( #2673, #2716, #1855, #1009 ),
 .UNSPECIFIED., .F., .F.,
 ( 4, 4 ),
 ( 0.001089930285438934880, 0.001617054558959283303 ),
 .UNSPECIFIED. ) ;
#297 = PERSON_AND_ORGANIZATION ( #542, #1415 ) ;
#298 = DIRECTION ( 'NONE',  ( -0.2499999999999957256, 0.8660254037844389297, 0.4330127018922211857 ) ) ;
#299 = ORIENTED_EDGE ( 'NONE', *, *, #193, .F. ) ;
#300 = FACE_OUTER_BOUND ( 'NONE', #851, .T. ) ;
#301 = DIRECTION ( 'NONE',  ( -0.8660254037844390407, 0.4999999999999993339, 1.502314598737158637E-15 ) ) ;
#302 = DIRECTION ( 'NONE',  ( -0.2499999999999957534, 0.8660254037844390407, 0.4330127018922212967 ) ) ;
#303 = ORIENTED_EDGE ( 'NONE', *, *, #1562, .F. ) ;
#304 = VERTEX_POINT ( 'NONE', #1595 ) ;
#305 = DIRECTION ( 'NONE',  ( -1.000000000000000000, 0.000000000000000000, 0.000000000000000000 ) ) ;
#306 = AXIS2_PLACEMENT_3D ( 'NONE', #1701, #191, #1928 ) ;
#307 = VERTEX_POINT ( 'NONE', #2024 ) ;
#308 = DIRECTION ( 'NONE',  ( 0.2250175801852026258, -0.9743547036924469218, 0.000000000000000000 ) ) ;
#309 = AXIS2_PLACEMENT_3D ( 'NONE', #745, #592, #2665 ) ;
#310 = ORIENTED_EDGE ( 'NONE', *, *, #1939, .T. ) ;
#311 = EDGE_CURVE ( 'NONE', #392, #1385, #2004, .T. ) ;
#312 = ADVANCED_FACE ( 'NONE', ( #976 ), #2239, .F. ) ;
#313 = APPROVAL_ROLE ( '' ) ;
#314 = PRODUCT_DEFINITION_SHAPE ( 'NONE', 'NONE',  #941 ) ;
#315 = DIRECTION ( 'NONE',  ( 1.000000000000000000, 0.000000000000000000, 0.000000000000000000 ) ) ;
#316 = VERTEX_POINT ( 'NONE', #102 ) ;
#317 = LINE ( 'NONE', #577, #2096 ) ;
#318 = CARTESIAN_POINT ( 'NONE',  ( 0.000000000000000000, 0.000000000000000000, 0.000000000000000000 ) ) ;
#319 = LINE ( 'NONE', #964, #2552 ) ;
#320 = CARTESIAN_POINT ( 'NONE',  ( -7.498193071148039124, 22.93776849947802887, -0.2046207870190715206 ) ) ;
#321 = VECTOR ( 'NONE', #1944, 1000.000000000000000 ) ;
#322 = CARTESIAN_POINT ( 'NONE',  ( 26.63028116637143938, 16.75000000000000711, -11.87500000000010658 ) ) ;
#323 = VECTOR ( 'NONE', #330, 1000.000000000000000 ) ;
#324 = CARTESIAN_POINT ( 'NONE',  ( 3.669298160791941932, 21.63397459621556607, -6.541120011680633617 ) ) ;
#325 = LINE ( 'NONE', #2444, #983 ) ;
#326 = CIRCLE ( 'NONE', #1667, 1.000000000000000222 ) ;
#327 = VERTEX_POINT ( 'NONE', #1832 ) ;
#328 = DIRECTION ( 'NONE',  ( 0.4829629131445205559, -0.2588190451025185190, -0.8365163037378167132 ) ) ;
#329 = ORIENTED_EDGE ( 'NONE', *, *, #556, .T. ) ;
#330 = DIRECTION ( 'NONE',  ( 0.2500000000000017764, -0.8660254037844388186, 0.4330127018922178550 ) ) ;
#331 = ORIENTED_EDGE ( 'NONE', *, *, #913, .F. ) ;
#332 = FACE_OUTER_BOUND ( 'NONE', #2073, .T. ) ;
#333 = CARTESIAN_POINT ( 'NONE',  ( 26.59678751731754076, 17.86602540378443749, -11.93301270189234131 ) ) ;
#334 = EDGE_CURVE ( 'NONE', #2648, #2388, #317, .T. ) ;
#335 = DIRECTION ( 'NONE',  ( 0.4330127018922229620, 0.4999999999999996114, 0.7499999999999981126 ) ) ;
#336 = CIRCLE ( 'NONE', #1140, 0.9999999999999994449 ) ;
#337 = CARTESIAN_POINT ( 'NONE',  ( 7.420810387870155900, 16.82227734744955683, -1.095878953966315406 ) ) ;
#338 = CARTESIAN_POINT ( 'NONE',  ( -24.53585792310697400, 17.82313218497099427, -17.50264746988738551 ) ) ;
#339 = DIRECTION ( 'NONE',  ( -3.469446951953612611E-15, 0.4472135954999565399, -0.8944271909999165215 ) ) ;
#340 = DIRECTION ( 'NONE',  ( 0.000000000000000000, 0.000000000000000000, -1.000000000000000000 ) ) ;
#341 = DIRECTION ( 'NONE',  ( 0.000000000000000000, 0.000000000000000000, 1.000000000000000000 ) ) ;
#342 = DIRECTION ( 'NONE',  ( -0.2588190451025207395, 0.9659258262890683122, 0.000000000000000000 ) ) ;
#343 = LINE ( 'NONE', #1202, #2236 ) ;
#344 = ORIENTED_EDGE ( 'NONE', *, *, #1292, .F. ) ;
#345 = DIRECTION ( 'NONE',  ( -0.8660254037844363761, 3.718542035834353480E-18, 0.5000000000000039968 ) ) ;
#346 = ORIENTED_EDGE ( 'NONE', *, *, #469, .T. ) ;
#347 = APPROVAL_STATUS ( 'not_yet_approved' ) ;
#348 = PLANE ( 'NONE',  #1783 ) ;
#349 = EDGE_CURVE ( 'NONE', #969, #2361, #1820, .T. ) ;
#350 = FACE_OUTER_BOUND ( 'NONE', #2117, .T. ) ;
#351 = DIRECTION ( 'NONE',  ( 0.000000000000000000, 0.000000000000000000, 1.000000000000000000 ) ) ;
#352 = ORIENTED_EDGE ( 'NONE', *, *, #1216, .T. ) ;
#353 = ADVANCED_FACE ( 'NONE', ( #1418 ), #1647, .F. ) ;
#354 = EDGE_CURVE ( 'NONE', #2686, #2214, #179, .T. ) ;
#355 = ORIENTED_EDGE ( 'NONE', *, *, #42, .F. ) ;
#356 = CARTESIAN_POINT ( 'NONE',  ( -28.14582562299435864, 22.50000000000000711, -11.24999999999973888 ) ) ;
#357 = CARTESIAN_POINT ( 'NONE',  ( 4.808258117731257109, 19.53021386766297951, -5.796191697047365032 ) ) ;
#358 = CARTESIAN_POINT ( 'NONE',  ( 4.023369234857770316, 15.00000000000000000, -3.750000000000000000 ) ) ;
#359 = DIRECTION ( 'NONE',  ( -0.000000000000000000, -0.000000000000000000, -1.000000000000000000 ) ) ;
#360 = ORIENTED_EDGE ( 'NONE', *, *, #1694, .T. ) ;
#361 = CARTESIAN_POINT ( 'NONE',  ( 1.957106781186540134, 18.38980838085267777, 7.292976072907412011 ) ) ;
#362 = ORIENTED_EDGE ( 'NONE', *, *, #1230, .T. ) ;
#363 = VERTEX_POINT ( 'NONE', #2055 ) ;
#364 = AXIS2_PLACEMENT_3D ( 'NONE', #2370, #1593, #15 ) ;
#365 = CARTESIAN_POINT ( 'NONE',  ( 23.81569860407197226, 22.50000000000000711, -18.75000000000010658 ) ) ;
#366 = ORIENTED_EDGE ( 'NONE', *, *, #959, .T. ) ;
#367 = CYLINDRICAL_SURFACE ( 'NONE', #384, 1.000000000000000000 ) ;
#368 = ORIENTED_EDGE ( 'NONE', *, *, #1561, .F. ) ;
#369 = FACE_OUTER_BOUND ( 'NONE', #2352, .T. ) ;
#370 = CARTESIAN_POINT ( 'NONE',  ( 0.000000000000000000, 15.00000000000000000, -7.500000000000000000 ) ) ;
#371 = CIRCLE ( 'NONE', #1268, 1.000000000000000222 ) ;
#372 = ADVANCED_FACE ( 'NONE', ( #2649 ), #131, .T. ) ;
#373 = CARTESIAN_POINT ( 'NONE',  ( 5.291598105604793822, 18.38980838085269554, -5.314977844616076474 ) ) ;
#374 = EDGE_LOOP ( 'NONE', ( #346, #1641, #171, #863, #2407, #1630 ) ) ;
#375 = AXIS2_PLACEMENT_3D ( 'NONE', #619, #642, #401 ) ;
#376 = CARTESIAN_POINT ( 'NONE',  ( 4.028808503332538926, 23.00000000000000000, -6.326033673912543343 ) ) ;
#377 = AXIS2_PLACEMENT_3D ( 'NONE', #1136, #478, #2402 ) ;
#378 = DIRECTION ( 'NONE',  ( -0.4999999999999995559, -0.8660254037844389297, 0.000000000000000000 ) ) ;
#379 = DIRECTION ( 'NONE',  ( 0.000000000000000000, 0.000000000000000000, 1.000000000000000000 ) ) ;
#380 = AXIS2_PLACEMENT_3D ( 'NONE', #1103, #1933, #691 ) ;
#381 = ORIENTED_EDGE ( 'NONE', *, *, #1338, .F. ) ;
#382 = CARTESIAN_POINT ( 'NONE',  ( -26.59678751731771129, 22.13397459621556251, -11.93301270189197361 ) ) ;
#383 = LINE ( 'NONE', #1244, #1083 ) ;
#384 = AXIS2_PLACEMENT_3D ( 'NONE', #1034, #1886, #1263 ) ;
#385 = APPROVAL_PERSON_ORGANIZATION ( #938, #661, #1620 ) ;
#386 = ORIENTED_EDGE ( 'NONE', *, *, #1804, .T. ) ;
#387 = EDGE_CURVE ( 'NONE', #2170, #567, #74, .T. ) ;
#388 = CARTESIAN_POINT ( 'NONE',  ( -3.964101615137754386, 17.86602540378444104, 6.366780849445289547 ) ) ;
#389 = ORIENTED_EDGE ( 'NONE', *, *, #1781, .F. ) ;
#390 = ADVANCED_FACE ( 'NONE', ( #300 ), #2041, .T. ) ;
#391 = DIRECTION ( 'NONE',  ( 0.5000000000000041078, 0.000000000000000000, 0.8660254037844362651 ) ) ;
#392 = VERTEX_POINT ( 'NONE', #1196 ) ;
#393 = DIRECTION ( 'NONE',  ( -3.004629197474331079E-15, 1.000000000000000000, -1.734723475976798811E-15 ) ) ;
#394 = CARTESIAN_POINT ( 'NONE',  ( -25.66027739844990307, 18.88980838085269198, -13.55509580957341598 ) ) ;
#395 = ORIENTED_EDGE ( 'NONE', *, *, #1066, .T. ) ;
#396 = SPHERICAL_SURFACE ( 'NONE', #1929, 1.000000000000000000 ) ;
#397 = CARTESIAN_POINT ( 'NONE',  ( -7.064068040576772844, 17.92388255456362600, -2.519710840176274225 ) ) ;
#398 =( BOUNDED_CURVE ( )  B_SPLINE_CURVE ( 3, ( #710, #2644, #738, #1768 ),
 .UNSPECIFIED., .F., .T. ) 
 B_SPLINE_CURVE_WITH_KNOTS ( ( 4, 4 ),
 ( 4.531416026580108891, 5.070812718858448420 ),
 .UNSPECIFIED. ) 
 CURVE ( )  GEOMETRIC_REPRESENTATION_ITEM ( )  RATIONAL_B_SPLINE_CURVE ( ( 1.000000000000000000, 0.9759008753887741250, 0.9759008753887741250, 1.000000000000000000 ) ) 
 REPRESENTATION_ITEM ( '' )  );
#399 = ORIENTED_EDGE ( 'NONE', *, *, #1509, .T. ) ;
#400 = CARTESIAN_POINT ( 'NONE',  ( 30.96040818529365168, 5.749999999999996447, -6.375000000000144773 ) ) ;
#401 = DIRECTION ( 'NONE',  ( 0.000000000000000000, -1.000000000000000000, -3.469446951953611033E-15 ) ) ;
#402 = CARTESIAN_POINT ( 'NONE',  ( -4.023369234857770316, 15.00000000000000000, 3.750000000000000000 ) ) ;
#403 = VECTOR ( 'NONE', #1159, 1000.000000000000000 ) ;
#404 = ADVANCED_FACE ( 'NONE', ( #1871 ), #2528, .T. ) ;
#405 = EDGE_CURVE ( 'NONE', #2008, #1826, #849, .T. ) ;
#406 = AXIS2_PLACEMENT_3D ( 'NONE', #1117, #1072, #558 ) ;
#407 = CARTESIAN_POINT ( 'NONE',  ( 6.735557395310442023E-16, 23.00000000000000000, -5.500000000000000000 ) ) ;
#408 = DIRECTION ( 'NONE',  ( -0.4999999999999898970, 0.000000000000000000, 0.8660254037844443697 ) ) ;
#409 = ORIENTED_EDGE ( 'NONE', *, *, #1874, .F. ) ;
#410 = DIRECTION ( 'NONE',  ( 0.9013878188660009450, -0.2401922307076264640, 0.3602883460614396682 ) ) ;
#411 = CARTESIAN_POINT ( 'NONE',  ( 23.66983251932229493, 22.17686781502901283, -17.00264746988771591 ) ) ;
#412 = DIRECTION ( 'NONE',  ( 0.000000000000000000, 0.000000000000000000, -1.000000000000000000 ) ) ;
#413 = DIRECTION ( 'NONE',  ( 0.8660254037844317132, 4.099014382979232922E-15, -0.5000000000000122125 ) ) ;
#414 = AXIS2_PLACEMENT_3D ( 'NONE', #2456, #2666, #1369 ) ;
#415 = AXIS2_PLACEMENT_3D ( 'NONE', #1469, #1007, #596 ) ;
#416 = ORIENTED_EDGE ( 'NONE', *, *, #1681, .F. ) ;
#417 = DIRECTION ( 'NONE',  ( -0.8660254037844388186, 0.4999999999999997780, 0.000000000000000000 ) ) ;
#418 = VECTOR ( 'NONE', #480, 1000.000000000000000 ) ;
#419 = VERTEX_POINT ( 'NONE', #620 ) ;
#420 = VECTOR ( 'NONE', #1958, 1000.000000000000000 ) ;
#421 = EDGE_CURVE ( 'NONE', #2669, #1614, #565, .T. ) ;
#422 = CC_DESIGN_DATE_AND_TIME_ASSIGNMENT ( #741, #2052, ( #829 ) ) ;
#423 = CARTESIAN_POINT ( 'NONE',  ( -4.028808503332640178, 16.99999999999999645, -6.326033673912479394 ) ) ;
#424 = EDGE_LOOP ( 'NONE', ( #910, #1158, #582, #1898 ) ) ;
#425 = DIRECTION ( 'NONE',  ( 1.000000000000000000, 0.000000000000000000, 0.000000000000000000 ) ) ;
#426 = DIRECTION ( 'NONE',  ( 0.000000000000000000, -0.8320502943378436100, -0.5547001962252291474 ) ) ;
#427 = CARTESIAN_POINT ( 'NONE',  ( 5.186830491280352895, 23.00000000000000000, -5.417267711192090829 ) ) ;
#428 = DIRECTION ( 'NONE',  ( -0.8660254037844363761, -2.632027196425376173E-17, 0.5000000000000041078 ) ) ;
#429 = CIRCLE ( 'NONE', #2427, 1.000000000000000444 ) ;
#430 = CARTESIAN_POINT ( 'NONE',  ( 25.66027739844970768, 21.11019161914731868, -13.55509580957377658 ) ) ;
#431 = CARTESIAN_POINT ( 'NONE',  ( -2.761346180327543198, 16.82227734744953551, 6.974549789546163225 ) ) ;
#432 = VERTEX_POINT ( 'NONE', #160 ) ;
#433 = VERTEX_POINT ( 'NONE', #837 ) ;
#434 = CARTESIAN_POINT ( 'NONE',  ( 0.000000000000000000, 0.000000000000000000, 0.000000000000000000 ) ) ;
#435 = CARTESIAN_POINT ( 'NONE',  ( -1.091081377402111530, 21.11019161914731512, 28.99999999999999645 ) ) ;
#436 = DIRECTION ( 'NONE',  ( 0.2500000000000017208, -0.8660254037844387076, 0.4330127018922187987 ) ) ;
#437 = EDGE_CURVE ( 'NONE', #432, #969, #491, .T. ) ;
#438 = EDGE_LOOP ( 'NONE', ( #595, #2503, #729 ) ) ;
#439 = LINE ( 'NONE', #256, #1481 ) ;
#440 = CARTESIAN_POINT ( 'NONE',  ( -4.264142572105556361, 19.38170049440245180, -6.207436865599713194 ) ) ;
#441 = ADVANCED_FACE ( 'NONE', ( #1674 ), #2294, .F. ) ;
#442 = ADVANCED_FACE ( 'NONE', ( #1017 ), #2094, .T. ) ;
#443 = DIRECTION ( 'NONE',  ( -0.5000000000000108802, 0.000000000000000000, -0.8660254037844323793 ) ) ;
#444 = VERTEX_POINT ( 'NONE', #809 ) ;
#445 = DIRECTION ( 'NONE',  ( 0.000000000000000000, 0.000000000000000000, 1.000000000000000000 ) ) ;
#446 = ORIENTED_EDGE ( 'NONE', *, *, #2631, .T. ) ;
#447 = DIRECTION ( 'NONE',  ( 0.000000000000000000, 0.8320502943378463856, 0.5547001962252251506 ) ) ;
#448 = FACE_OUTER_BOUND ( 'NONE', #1454, .T. ) ;
#449 = ORIENTED_EDGE ( 'NONE', *, *, #1858, .T. ) ;
#450 = CYLINDRICAL_SURFACE ( 'NONE', #2106, 1.000000000000000222 ) ;
#451 = DIRECTION ( 'NONE',  ( 0.5000000000000039968, 0.000000000000000000, 0.8660254037844363761 ) ) ;
#452 = AXIS2_PLACEMENT_3D ( 'NONE', #2605, #1524, #1539 ) ;
#453 = CARTESIAN_POINT ( 'NONE',  ( -26.59678751731770774, 22.13397459621556251, -11.93301270189197538 ) ) ;
#454 = FACE_OUTER_BOUND ( 'NONE', #2028, .T. ) ;
#455 = ADVANCED_FACE ( 'NONE', ( #2518 ), #1262, .F. ) ;
#456 = APPLICATION_CONTEXT ( 'configuration controlled 3d designs of mechanical parts and assemblies' ) ;
#457 = VERTEX_POINT ( 'NONE', #2751 ) ;
#458 = AXIS2_PLACEMENT_3D ( 'NONE', #2681, #2434, #725 ) ;
#459 = AXIS2_PLACEMENT_3D ( 'NONE', #683, #240, #1094 ) ;
#460 = DIRECTION ( 'NONE',  ( 0.9013878188659960600, -0.2401922307076330976, -0.3602883460614474398 ) ) ;
#461 = TOROIDAL_SURFACE ( 'NONE', #2371, 5.500000000000000000, 2.000000000000000000 ) ;
#462 = ORIENTED_EDGE ( 'NONE', *, *, #2485, .F. ) ;
#463 = B_SPLINE_CURVE_WITH_KNOTS ( 'NONE', 3,
 ( #616, #431, #208, #1921, #2763, #679 ),
 .UNSPECIFIED., .F., .F.,
 ( 4, 2, 4 ),
 ( 1.563658610346375379E-18, 0.0004241811826440195204, 0.0008483623652880374144 ),
 .UNSPECIFIED. ) ;
#464 = CARTESIAN_POINT ( 'NONE',  ( -4.023369234857770316, 0.000000000000000000, -3.750000000000000000 ) ) ;
#465 = CARTESIAN_POINT ( 'NONE',  ( -4.766932589098665574, 16.85720635868192829, -5.790194615985639892 ) ) ;
#466 = CARTESIAN_POINT ( 'NONE',  ( -26.85576211353328446, 18.03108891324554364, -13.48445554337697949 ) ) ;
#467 = LINE ( 'NONE', #1305, #420 ) ;
#468 = AXIS2_PLACEMENT_3D ( 'NONE', #1758, #1300, #2559 ) ;
#469 = EDGE_CURVE ( 'NONE', #233, #1025, #1258, .T. ) ;
#470 = VERTEX_POINT ( 'NONE', #668 ) ;
#471 = CIRCLE ( 'NONE', #1240, 1.000000000000000666 ) ;
#472 = ORIENTED_EDGE ( 'NONE', *, *, #2592, .F. ) ;
#473 = ORIENTED_EDGE ( 'NONE', *, *, #2044, .F. ) ;
#474 = DIRECTION ( 'NONE',  ( -0.2499999999999958644, 0.8660254037844387076, 0.4330127018922215743 ) ) ;
#475 = PLANE ( 'NONE',  #2475 ) ;
#476 = ORIENTED_EDGE ( 'NONE', *, *, #1858, .F. ) ;
#477 = CYLINDRICAL_SURFACE ( 'NONE', #452, 1.000000000000000444 ) ;
#478 = DIRECTION ( 'NONE',  ( -0.8660254037844362651, -1.828866565406182720E-17, 0.5000000000000039968 ) ) ;
#479 = EDGE_LOOP ( 'NONE', ( #2373, #2342, #1989, #876, #21, #2676 ) ) ;
#480 = DIRECTION ( 'NONE',  ( 0.000000000000000000, 0.000000000000000000, -1.000000000000000000 ) ) ;
#481 = VERTEX_POINT ( 'NONE', #2338 ) ;
#482 = SPHERICAL_SURFACE ( 'NONE', #2741, 1.000000000000000000 ) ;
#483 = EDGE_CURVE ( 'NONE', #2011, #304, #463, .T. ) ;
#484 = EDGE_CURVE ( 'NONE', #2067, #1719, #2057, .T. ) ;
#485 = ORIENTED_EDGE ( 'NONE', *, *, #79, .F. ) ;
#486 = CARTESIAN_POINT ( 'NONE',  ( -26.84678751731770419, 23.00000000000000711, -11.49999999999975309 ) ) ;
#487 = DIRECTION ( 'NONE',  ( 0.8660254037844409281, 0.000000000000000000, 0.4999999999999961142 ) ) ;
#488 = FACE_OUTER_BOUND ( 'NONE', #1503, .T. ) ;
#489 = VECTOR ( 'NONE', #1133, 999.9999999999998863 ) ;
#490 = ORIENTED_EDGE ( 'NONE', *, *, #1717, .T. ) ;
#491 = CIRCLE ( 'NONE', #262, 5.500000000000000000 ) ;
#492 = CARTESIAN_POINT ( 'NONE',  ( 0.000000000000000000, 15.00000000000000000, 0.000000000000000000 ) ) ;
#493 = CARTESIAN_POINT ( 'NONE',  ( -5.403682366346594712, 21.82424655402078173, -5.202074434925465951 ) ) ;
#494 = VERTEX_POINT ( 'NONE', #2561 ) ;
#495 = ORIENTED_EDGE ( 'NONE', *, *, #2764, .F. ) ;
#496 = CARTESIAN_POINT ( 'NONE',  ( -0.9008894067639893199, 17.32078523747890131, 7.500000000000000000 ) ) ;
#497 = VERTEX_POINT ( 'NONE', #249 ) ;
#498 = AXIS2_PLACEMENT_3D ( 'NONE', #1235, #1275, #2516 ) ;
#499 = CIRCLE ( 'NONE', #602, 1.000000000000000888 ) ;
#500 = EDGE_CURVE ( 'NONE', #2058, #536, #2144, .T. ) ;
#501 = VERTEX_POINT ( 'NONE', #692 ) ;
#502 = CARTESIAN_POINT ( 'NONE',  ( 1.349900422504620723, 17.92388255456361179, 7.377517797289400825 ) ) ;
#503 = CARTESIAN_POINT ( 'NONE',  ( 7.064068040576733765, 22.07611744543638466, -2.519710840176382138 ) ) ;
#504 = DIRECTION ( 'NONE',  ( 0.8660254037844388186, -0.4999999999999998335, 0.000000000000000000 ) ) ;
#505 = ADVANCED_FACE ( 'NONE', ( #891 ), #1734, .F. ) ;
#506 = DIRECTION ( 'NONE',  ( -1.000000000000000000, 0.000000000000000000, 0.000000000000000000 ) ) ;
#507 = ORIENTED_EDGE ( 'NONE', *, *, #118, .T. ) ;
#508 = LINE ( 'NONE', #923, #418 ) ;
#509 = B_SPLINE_CURVE_WITH_KNOTS ( 'NONE', 3,
 ( #844, #2142, #1077, #1692 ),
 .UNSPECIFIED., .F., .F.,
 ( 4, 4 ),
 ( 0.000000000000000000, 0.0005808018990603285026 ),
 .UNSPECIFIED. ) ;
#510 = ORIENTED_EDGE ( 'NONE', *, *, #890, .T. ) ;
#511 = AXIS2_PLACEMENT_3D ( 'NONE', #1903, #838, #1685 ) ;
#512 = CARTESIAN_POINT ( 'NONE',  ( -3.830127018922192761, 18.36602540378443749, 6.448265427145677187 ) ) ;
#513 = DIRECTION ( 'NONE',  ( 0.000000000000000000, 0.000000000000000000, 1.000000000000000000 ) ) ;
#514 = ORIENTED_EDGE ( 'NONE', *, *, #660, .T. ) ;
#515 = CARTESIAN_POINT ( 'NONE',  ( 1.595651437296700781, 18.01658391611395160, 7.329069383866082532 ) ) ;
#516 = DIRECTION ( 'NONE',  ( 0.000000000000000000, 0.8320502943378437211, -0.5547001962252290364 ) ) ;
#517 = DIRECTION ( 'NONE',  ( 0.4330127018922232396, 0.4999999999999989453, 0.7499999999999985567 ) ) ;
#518 = EDGE_CURVE ( 'NONE', #2120, #2494, #879, .T. ) ;
#519 = ADVANCED_FACE ( 'NONE', ( #2179 ), #477, .T. ) ;
#520 = LINE ( 'NONE', #1584, #2724 ) ;
#521 = ORIENTED_EDGE ( 'NONE', *, *, #628, .T. ) ;
#522 = DIRECTION ( 'NONE',  ( 0.000000000000000000, 0.000000000000000000, -1.000000000000000000 ) ) ;
#523 = VERTEX_POINT ( 'NONE', #2437 ) ;
#524 = DIRECTION ( 'NONE',  ( 0.000000000000000000, 1.000000000000000000, 0.000000000000000000 ) ) ;
#525 = SECURITY_CLASSIFICATION_LEVEL ( 'unclassified' ) ;
#526 = ORIENTED_EDGE ( 'NONE', *, *, #2392, .F. ) ;
#527 = DIRECTION ( 'NONE',  ( -0.2499999999999959754, 0.8660254037844388186, 0.4330127018922215187 ) ) ;
#528 = ORIENTED_EDGE ( 'NONE', *, *, #157, .F. ) ;
#529 = CARTESIAN_POINT ( 'NONE',  ( -4.023369234857770316, 15.00000000000000000, 3.750000000000000000 ) ) ;
#530 = FACE_OUTER_BOUND ( 'NONE', #1119, .T. ) ;
#531 = DIRECTION ( 'NONE',  ( 0.8660254037844363761, 4.435552512375475426E-17, -0.5000000000000039968 ) ) ;
#532 = CARTESIAN_POINT ( 'NONE',  ( -2.964101615137754386, 17.86602540378443749, 28.99999999999999645 ) ) ;
#533 = DIRECTION ( 'NONE',  ( -0.000000000000000000, -1.000000000000000000, -0.000000000000000000 ) ) ;
#534 = VERTEX_POINT ( 'NONE', #2454 ) ;
#535 = VECTOR ( 'NONE', #1607, 1000.000000000000114 ) ;
#536 = VERTEX_POINT ( 'NONE', #2575 ) ;
#537 = EDGE_CURVE ( 'NONE', #2275, #881, #2169, .T. ) ;
#538 = PLANE ( 'NONE',  #2543 ) ;
#539 = ORIENTED_EDGE ( 'NONE', *, *, #1804, .F. ) ;
#540 = APPROVAL_DATE_TIME ( #1830, #1154 ) ;
#541 = VERTEX_POINT ( 'NONE', #1971 ) ;
#542 = PERSON ( 'æœª', 'æœª', 'æœª', ('æœª'), ('æœª'), ('æœª') ) ;
#543 = CARTESIAN_POINT ( 'NONE',  ( 3.464101615137751722, 23.00000000000000711, 28.99999999999999645 ) ) ;
#544 = VERTEX_POINT ( 'NONE', #44 ) ;
#545 = DIRECTION ( 'NONE',  ( -0.8660254037844422603, 2.713959294666634930E-16, -0.4999999999999937272 ) ) ;
#546 = CARTESIAN_POINT ( 'NONE',  ( -9.959292143521043528, 5.749999999999997335, 30.00000000000000000 ) ) ;
#547 = CYLINDRICAL_SURFACE ( 'NONE', #1090, 0.9999999999999993339 ) ;
#548 = DIRECTION ( 'NONE',  ( -0.4330127018922229620, -0.4999999999999993894, -0.7499999999999983347 ) ) ;
#549 = CIRCLE ( 'NONE', #37, 1.000000000000000222 ) ;
#550 = EDGE_LOOP ( 'NONE', ( #2609, #1087, #514 ) ) ;
#551 = DIRECTION ( 'NONE',  ( 0.000000000000000000, 0.8320502943378420557, -0.5547001962252314788 ) ) ;
#552 = CIRCLE ( 'NONE', #2770, 7.500000000000000000 ) ;
#553 = CARTESIAN_POINT ( 'NONE',  ( 29.66137007961697947, 4.249999999999993783, -8.625000000000140332 ) ) ;
#554 = CARTESIAN_POINT ( 'NONE',  ( 3.830127018922194093, 21.63397459621556962, 6.448265427145674522 ) ) ;
#555 = CARTESIAN_POINT ( 'NONE',  ( 26.85576211353309617, 21.96891108675446702, -13.48445554337735608 ) ) ;
#556 = EDGE_CURVE ( 'NONE', #307, #1255, #1563, .T. ) ;
#557 = ORIENTED_EDGE ( 'NONE', *, *, #786, .F. ) ;
#558 = DIRECTION ( 'NONE',  ( 0.8660254037844383745, -0.5000000000000006661, 0.000000000000000000 ) ) ;
#559 = COORDINATED_UNIVERSAL_TIME_OFFSET ( 8, 0, .AHEAD. ) ;
#560 = EDGE_CURVE ( 'NONE', #494, #2275, #2743, .T. ) ;
#561 = CARTESIAN_POINT ( 'NONE',  ( 1.491180954897476152, 18.99701473953459541, 30.00000000000000000 ) ) ;
#562 = AXIS2_PLACEMENT_3D ( 'NONE', #1442, #1059, #2505 ) ;
#563 = DIRECTION ( 'NONE',  ( 0.000000000000000000, 1.000000000000000000, 0.000000000000000000 ) ) ;
#564 = FACE_OUTER_BOUND ( 'NONE', #2759, .T. ) ;
#565 =( BOUNDED_CURVE ( )  B_SPLINE_CURVE ( 3, ( #1249, #1684, #1902, #2733 ),
 .UNSPECIFIED., .F., .T. ) 
 B_SPLINE_CURVE_WITH_KNOTS ( ( 4, 4 ),
 ( 4.531416026580110668, 4.712388980384689674 ),
 .UNSPECIFIED. ) 
 CURVE ( )  GEOMETRIC_REPRESENTATION_ITEM ( )  RATIONAL_B_SPLINE_CURVE ( ( 1.000000000000000000, 0.9972725942163662705, 0.9972725942163662705, 1.000000000000000000 ) ) 
 REPRESENTATION_ITEM ( '' )  );
#566 = EDGE_LOOP ( 'NONE', ( #557, #2282, #1296, #1747 ) ) ;
#567 = VERTEX_POINT ( 'NONE', #666 ) ;
#568 = FACE_OUTER_BOUND ( 'NONE', #135, .T. ) ;
#569 = CARTESIAN_POINT ( 'NONE',  ( -23.63268590218000043, 17.86602540378443749, -17.06698729810756276 ) ) ;
#570 = ORIENTED_EDGE ( 'NONE', *, *, #2161, .T. ) ;
#571 = ORIENTED_EDGE ( 'NONE', *, *, #192, .F. ) ;
#572 = LINE ( 'NONE', #142, #640 ) ;
#573 = ORIENTED_EDGE ( 'NONE', *, *, #2752, .F. ) ;
#574 = ORIENTED_EDGE ( 'NONE', *, *, #1085, .F. ) ;
#575 = FACE_OUTER_BOUND ( 'NONE', #2296, .T. ) ;
#576 = DIRECTION ( 'NONE',  ( -0.8660254037844433705, 4.212291876984462726E-17, -0.4999999999999919509 ) ) ;
#577 = CARTESIAN_POINT ( 'NONE',  ( 24.28585792310672531, 23.04289321881345032, -17.93566017177993999 ) ) ;
#578 = EDGE_CURVE ( 'NONE', #307, #2569, #718, .T. ) ;
#579 = EDGE_CURVE ( 'NONE', #2137, #1152, #960, .T. ) ;
#580 = CARTESIAN_POINT ( 'NONE',  ( 3.955509191958180626, 22.28117566308613462, 6.372125813924816029 ) ) ;
#581 = CARTESIAN_POINT ( 'NONE',  ( -7.499425179714164003, 21.63397459621556607, 0.09285458453501356513 ) ) ;
#582 = ORIENTED_EDGE ( 'NONE', *, *, #2735, .F. ) ;
#583 = VERTEX_POINT ( 'NONE', #543 ) ;
#584 = DIRECTION ( 'NONE',  ( 0.4999999999999919509, 0.000000000000000000, -0.8660254037844432595 ) ) ;
#585 = DIRECTION ( 'NONE',  ( 0.000000000000000000, 0.000000000000000000, 1.000000000000000000 ) ) ;
#586 = CARTESIAN_POINT ( 'NONE',  ( -23.66983251932253296, 17.82313218497099072, -17.00264746988739262 ) ) ;
#587 = ORIENTED_EDGE ( 'NONE', *, *, #1477, .F. ) ;
#588 = DIRECTION ( 'NONE',  ( 0.000000000000000000, 0.000000000000000000, 1.000000000000000000 ) ) ;
#589 = AXIS2_PLACEMENT_3D ( 'NONE', #1548, #524, #513 ) ;
#590 = AXIS2_PLACEMENT_3D ( 'NONE', #407, #1659, #2308 ) ;
#591 = AXIS2_PLACEMENT_3D ( 'NONE', #2060, #166, #1780 ) ;
#592 = DIRECTION ( 'NONE',  ( 0.000000000000000000, 0.000000000000000000, -1.000000000000000000 ) ) ;
#593 = PLANE ( 'NONE',  #1673 ) ;
#594 = EDGE_CURVE ( 'NONE', #2170, #1084, #1403, .T. ) ;
#595 = ORIENTED_EDGE ( 'NONE', *, *, #1477, .T. ) ;
#596 = DIRECTION ( 'NONE',  ( -0.4999999999999974465, 0.000000000000000000, -0.8660254037844401509 ) ) ;
#597 = DIRECTION ( 'NONE',  ( -0.4330127018922124149, -0.4999999999999998890, 0.7500000000000041078 ) ) ;
#598 = CYLINDRICAL_SURFACE ( 'NONE', #2104, 0.9999999999999995559 ) ;
#599 = EDGE_CURVE ( 'NONE', #501, #1795, #1304, .T. ) ;
#600 = EDGE_LOOP ( 'NONE', ( #381, #1704, #81, #476 ) ) ;
#601 = EDGE_LOOP ( 'NONE', ( #954, #1407, #793 ) ) ;
#602 = AXIS2_PLACEMENT_3D ( 'NONE', #1841, #999, #1631 ) ;
#603 = CARTESIAN_POINT ( 'NONE',  ( 3.832801790695922417, 22.85654530945265961, -6.447331986699891715 ) ) ;
#604 = AXIS2_PLACEMENT_3D ( 'NONE', #1089, #1721, #451 ) ;
#605 = CARTESIAN_POINT ( 'NONE',  ( -4.766932589098665574, 16.85720635868192829, -5.790194615985639892 ) ) ;
#606 = CARTESIAN_POINT ( 'NONE',  ( 4.330127018922191873, 22.50000000000000711, 30.00000000000000000 ) ) ;
#607 = DIRECTION ( 'NONE',  ( 0.4999999999999974465, 0.8660254037844401509, 0.000000000000000000 ) ) ;
#608 = ORIENTED_EDGE ( 'NONE', *, *, #2708, .F. ) ;
#609 = DIRECTION ( 'NONE',  ( -0.9659258262890684232, -0.2588190451025202399, -0.000000000000000000 ) ) ;
#610 = CARTESIAN_POINT ( 'NONE',  ( -4.808258117731346815, 20.46978613233704181, -5.796191697047292202 ) ) ;
#611 = LOCAL_TIME ( 15, 36, 28.00000000000000000, #559 ) ;
#612 = CARTESIAN_POINT ( 'NONE',  ( 27.79005495888602084, 19.96884726439365565, -9.866212866078024391 ) ) ;
#613 = ORIENTED_EDGE ( 'NONE', *, *, #61, .T. ) ;
#614 = B_SPLINE_CURVE_WITH_KNOTS ( 'NONE', 3,
 ( #814, #1520, #39, #1535, #676, #1551 ),
 .UNSPECIFIED., .F., .F.,
 ( 4, 2, 4 ),
 ( 0.000000000000000000, 0.0004232715736908428984, 0.0008465431473816857968 ),
 .UNSPECIFIED. ) ;
#615 = CYLINDRICAL_SURFACE ( 'NONE', #1973, 5.500000000000000000 ) ;
#616 = CARTESIAN_POINT ( 'NONE',  ( -2.630989335750164582, 16.85720635868191764, 7.023382028280172662 ) ) ;
#617 = ADVANCED_FACE ( 'NONE', ( #1024 ), #817, .T. ) ;
#618 = EDGE_CURVE ( 'NONE', #544, #1569, #296, .T. ) ;
#619 = CARTESIAN_POINT ( 'NONE',  ( -2.889808380852683101, 17.82313218497098362, 28.99999999999999645 ) ) ;
#620 = CARTESIAN_POINT ( 'NONE',  ( -5.291598105604879088, 21.61019161914732933, -5.314977844615992986 ) ) ;
#621 = CARTESIAN_POINT ( 'NONE',  ( 3.964770320788372882, 22.07741426522892425, 6.366371967786474961 ) ) ;
#622 = ORIENTED_EDGE ( 'NONE', *, *, #1750, .T. ) ;
#623 = CARTESIAN_POINT ( 'NONE',  ( 2.889808380852693315, 22.17686781502901638, 28.99999999999999645 ) ) ;
#624 = CARTESIAN_POINT ( 'NONE',  ( 25.98076211353308551, 25.00000000000000000, -15.00000000000011902 ) ) ;
#625 = DIRECTION ( 'NONE',  ( 0.2500000000000035527, -0.8660254037844384856, -0.4330127018922180215 ) ) ;
#626 = CARTESIAN_POINT ( 'NONE',  ( -24.49871130596444502, 17.86602540378444104, -17.56698729810755211 ) ) ;
#627 = EDGE_CURVE ( 'NONE', #1189, #1084, #1030, .T. ) ;
#628 = EDGE_CURVE ( 'NONE', #470, #2393, #2292, .T. ) ;
#629 = CARTESIAN_POINT ( 'NONE',  ( -2.964101615137754386, 17.86602540378443749, 28.99999999999999645 ) ) ;
#630 = CIRCLE ( 'NONE', #1295, 0.9999999999999995559 ) ;
#631 = EDGE_CURVE ( 'NONE', #363, #501, #765, .T. ) ;
#632 = AXIS2_PLACEMENT_3D ( 'NONE', #2321, #2335, #412 ) ;
#633 = DIRECTION ( 'NONE',  ( 0.000000000000000000, 1.000000000000000000, 0.000000000000000000 ) ) ;
#634 = CARTESIAN_POINT ( 'NONE',  ( -3.531743148379072661, 17.86602540378444104, -6.616403126614830654 ) ) ;
#635 = ORIENTED_EDGE ( 'NONE', *, *, #1234, .T. ) ;
#636 = CARTESIAN_POINT ( 'NONE',  ( -23.38268590218000398, 16.99999999999999645, -17.49999999999978328 ) ) ;
#637 = CARTESIAN_POINT ( 'NONE',  ( 4.540645445276670245, 23.18543153230577758, -5.960245508533133396 ) ) ;
#638 = CARTESIAN_POINT ( 'NONE',  ( -4.649363501725277459, 17.35166081129512605, 28.99999999999999645 ) ) ;
#639 = AXIS2_PLACEMENT_3D ( 'NONE', #65, #2440, #2410 ) ;
#640 = VECTOR ( 'NONE', #2500, 1000.000000000000000 ) ;
#641 = ORIENTED_EDGE ( 'NONE', *, *, #2161, .F. ) ;
#642 = DIRECTION ( 'NONE',  ( 1.000000000000000000, -7.523163845262626038E-30, 2.168404344971006896E-15 ) ) ;
#643 = AXIS2_PLACEMENT_3D ( 'NONE', #2429, #517, #735 ) ;
#644 = EDGE_CURVE ( 'NONE', #109, #544, #343, .T. ) ;
#645 = CARTESIAN_POINT ( 'NONE',  ( 4.098559747713840018, 23.04289321881445929, -6.280518136003482965 ) ) ;
#646 = ADVANCED_FACE ( 'NONE', ( #2689 ), #780, .F. ) ;
#647 = EDGE_CURVE ( 'NONE', #1516, #2472, #2063, .T. ) ;
#648 = VERTEX_POINT ( 'NONE', #1471 ) ;
#649 = FACE_OUTER_BOUND ( 'NONE', #47, .T. ) ;
#650 = PLANE ( 'NONE',  #145 ) ;
#651 = CARTESIAN_POINT ( 'NONE',  ( 1.415269233620283229, 22.81704242173009334, 7.399514923149645540 ) ) ;
#652 = AXIS2_PLACEMENT_3D ( 'NONE', #2519, #203, #2108 ) ;
#653 = DIRECTION ( 'NONE',  ( 0.9659258262890685343, 0.2588190451025202399, 0.000000000000000000 ) ) ;
#654 = CC_DESIGN_APPROVAL ( #1211, ( #829 ) ) ;
#655 = ORIENTED_EDGE ( 'NONE', *, *, #1198, .F. ) ;
#656 = DIRECTION ( 'NONE',  ( -0.4999999999999933942, 0.000000000000000000, 0.8660254037844425934 ) ) ;
#657 = EDGE_LOOP ( 'NONE', ( #1011, #2202, #845, #713 ) ) ;
#658 = CARTESIAN_POINT ( 'NONE',  ( 1.349900422504620723, 17.92388255456361179, 7.377517797289400825 ) ) ;
#659 = DIRECTION ( 'NONE',  ( 0.000000000000000000, 0.000000000000000000, 1.000000000000000000 ) ) ;
#660 = EDGE_CURVE ( 'NONE', #648, #917, #283, .T. ) ;
#661 = APPROVAL ( #347, 'æœª' ) ;
#662 = ORIENTED_EDGE ( 'NONE', *, *, #1464, .T. ) ;
#663 = CARTESIAN_POINT ( 'NONE',  ( 0.000000000000000000, 25.00000000000000000, 0.000000000000000000 ) ) ;
#664 = LINE ( 'NONE', #235, #2642 ) ;
#665 = DIRECTION ( 'NONE',  ( -0.5000000000000041078, 0.000000000000000000, -0.8660254037844362651 ) ) ;
#666 = CARTESIAN_POINT ( 'NONE',  ( -23.79924204187378578, 16.85720635868192474, -16.77850360184538303 ) ) ;
#667 = DIRECTION ( 'NONE',  ( -0.000000000000000000, -0.000000000000000000, 1.000000000000000000 ) ) ;
#668 = CARTESIAN_POINT ( 'NONE',  ( 5.291598105604793822, 18.38980838085269554, -5.314977844616076474 ) ) ;
#669 = ORIENTED_EDGE ( 'NONE', *, *, #174, .F. ) ;
#670 = DIRECTION ( 'NONE',  ( -0.8660254037844390407, 0.4999999999999993339, -2.253471898105737857E-15 ) ) ;
#671 = ORIENTED_EDGE ( 'NONE', *, *, #796, .T. ) ;
#672 = CARTESIAN_POINT ( 'NONE',  ( 5.291598105604793822, 18.38980838085269554, -5.314977844616076474 ) ) ;
#673 = B_SPLINE_CURVE_WITH_KNOTS ( 'NONE', 3,
 ( #1916, #1876, #2760, #2714, #801, #1444 ),
 .UNSPECIFIED., .F., .F.,
 ( 4, 2, 4 ),
 ( 2.168404344971008868E-19, 0.0003963030908312748239, 0.0007926061816625494310 ),
 .UNSPECIFIED. ) ;
#674 = AXIS2_PLACEMENT_3D ( 'NONE', #1904, #2109, #244 ) ;
#675 = EDGE_LOOP ( 'NONE', ( #2657, #1293, #2538, #1744 ) ) ;
#676 = CARTESIAN_POINT ( 'NONE',  ( 3.275823597431786194, 23.10870236420488766, 6.745891619543866291 ) ) ;
#677 = CARTESIAN_POINT ( 'NONE',  ( -24.24871130596444857, 16.99999999999999645, -17.99999999999977263 ) ) ;
#678 = EDGE_LOOP ( 'NONE', ( #59, #6, #2438 ) ) ;
#679 = CARTESIAN_POINT ( 'NONE',  ( -3.389808380852678660, 16.95710678118654258, 6.690231620885854547 ) ) ;
#680 = CARTESIAN_POINT ( 'NONE',  ( 3.243726731944687636, 20.61829950559755531, 6.796574225601953678 ) ) ;
#681 = EDGE_LOOP ( 'NONE', ( #1068, #766, #754 ) ) ;
#682 = ORIENTED_EDGE ( 'NONE', *, *, #1510, .T. ) ;
#683 = CARTESIAN_POINT ( 'NONE',  ( 23.63268590217975884, 22.13397459621556607, -17.06698729810788606 ) ) ;
#684 = VECTOR ( 'NONE', #2571, 999.9999999999998863 ) ;
#685 =( BOUNDED_CURVE ( )  B_SPLINE_CURVE ( 3, ( #423, #2712, #2082, #799 ),
 .UNSPECIFIED., .F., .T. ) 
 B_SPLINE_CURVE_WITH_KNOTS ( ( 4, 4 ),
 ( 4.232275064505291340, 4.243411446120383346 ),
 .UNSPECIFIED. ) 
 CURVE ( )  GEOMETRIC_REPRESENTATION_ITEM ( )  RATIONAL_B_SPLINE_CURVE ( ( 1.000000000000000000, 0.9999896651104128731, 0.9999896651104128731, 1.000000000000000000 ) ) 
 REPRESENTATION_ITEM ( '' )  );
#686 = AXIS2_PLACEMENT_3D ( 'NONE', #430, #413, #443 ) ;
#687 = PLANE ( 'NONE',  #979 ) ;
#688 = FACE_OUTER_BOUND ( 'NONE', #1176, .T. ) ;
#689 = VERTEX_POINT ( 'NONE', #2140 ) ;
#690 = FACE_OUTER_BOUND ( 'NONE', #2754, .T. ) ;
#691 = DIRECTION ( 'NONE',  ( 0.000000000000000000, 0.4472135954999565399, 0.8944271909999165215 ) ) ;
#692 = CARTESIAN_POINT ( 'NONE',  ( 24.49871130596419633, 22.13397459621556251, -17.56698729810789317 ) ) ;
#693 = FACE_OUTER_BOUND ( 'NONE', #1815, .T. ) ;
#694 = AXIS2_PLACEMENT_3D ( 'NONE', #1209, #761, #2457 ) ;
#695 = ORIENTED_EDGE ( 'NONE', *, *, #560, .T. ) ;
#696 = ADVANCED_FACE ( 'NONE', ( #1301 ), #2560, .T. ) ;
#697 = ADVANCED_FACE ( 'NONE', ( #1691 ), #831, .T. ) ;
#698 = CARTESIAN_POINT ( 'NONE',  ( -7.393201526853354189, 23.14279364131808592, -1.230462089241085133 ) ) ;
#699 = CC_DESIGN_SECURITY_CLASSIFICATION ( #829, ( #1192 ) ) ;
#700 = DIRECTION ( 'NONE',  ( 0.8660254037844389297, -0.4999999999999993894, 0.000000000000000000 ) ) ;
#701 = PLANE ( 'NONE',  #2306 ) ;
#702 =( BOUNDED_CURVE ( )  B_SPLINE_CURVE ( 3, ( #503, #247, #1075, #1945 ),
 .UNSPECIFIED., .F., .T. ) 
 B_SPLINE_CURVE_WITH_KNOTS ( ( 4, 4 ),
 ( 1.389823372990317774, 1.854323253542977890 ),
 .UNSPECIFIED. ) 
 CURVE ( )  GEOMETRIC_REPRESENTATION_ITEM ( )  RATIONAL_B_SPLINE_CURVE ( ( 1.000000000000000000, 0.9821006634431044269, 0.9821006634431044269, 1.000000000000000000 ) ) 
 REPRESENTATION_ITEM ( '' )  );
#703 = ORIENTED_EDGE ( 'NONE', *, *, #647, .F. ) ;
#704 = DIRECTION ( 'NONE',  ( -0.000000000000000000, -0.000000000000000000, 1.000000000000000000 ) ) ;
#705 = CYLINDRICAL_SURFACE ( 'NONE', #1494, 0.9999999999999994449 ) ;
#706 = CARTESIAN_POINT ( 'NONE',  ( 10.32531754730547568, 17.88397459621557672, 28.99999999999999645 ) ) ;
#707 = ORIENTED_EDGE ( 'NONE', *, *, #210, .F. ) ;
#708 = CARTESIAN_POINT ( 'NONE',  ( -27.27980021920991760, 22.50000000000000711, -10.74999999999974776 ) ) ;
#709 = VERTEX_POINT ( 'NONE', #1668 ) ;
#710 = CARTESIAN_POINT ( 'NONE',  ( -7.064068040576772844, 17.92388255456362600, -2.519710840176274225 ) ) ;
#711 = EDGE_CURVE ( 'NONE', #1095, #2111, #1741, .T. ) ;
#712 = PRODUCT_RELATED_PRODUCT_CATEGORY ( 'detail', '', ( #1616 ) ) ;
#713 = ORIENTED_EDGE ( 'NONE', *, *, #1153, .F. ) ;
#714 = APPLICATION_PROTOCOL_DEFINITION ( 'international standard', 'config_control_design', 1994, #456 ) ;
#715 = ORIENTED_EDGE ( 'NONE', *, *, #46, .F. ) ;
#716 = CARTESIAN_POINT ( 'NONE',  ( 1.803287429849802503, 18.17575344597922182, 7.280763420700876232 ) ) ;
#717 = DIRECTION ( 'NONE',  ( -0.000000000000000000, 0.000000000000000000, 1.000000000000000000 ) ) ;
#718 = CIRCLE ( 'NONE', #1165, 1.000000000000000444 ) ;
#719 = FACE_OUTER_BOUND ( 'NONE', #251, .T. ) ;
#720 = ORIENTED_EDGE ( 'NONE', *, *, #1080, .F. ) ;
#721 = EDGE_LOOP ( 'NONE', ( #1840, #715, #1587, #1880 ) ) ;
#722 = CARTESIAN_POINT ( 'NONE',  ( 25.78968692100096405, 22.07611744543638466, -13.33095194153176344 ) ) ;
#723 = ORIENTED_EDGE ( 'NONE', *, *, #1824, .F. ) ;
#724 = EDGE_CURVE ( 'NONE', #444, #2586, #2103, .T. ) ;
#725 = DIRECTION ( 'NONE',  ( 0.000000000000000000, 0.8320502943378454974, 0.5547001962252262608 ) ) ;
#726 = PERSON_AND_ORGANIZATION ( #542, #1415 ) ;
#727 = CIRCLE ( 'NONE', #415, 0.9999999999999991118 ) ;
#728 = CIRCLE ( 'NONE', #2328, 1.000000000000000888 ) ;
#729 = ORIENTED_EDGE ( 'NONE', *, *, #2305, .F. ) ;
#730 = CARTESIAN_POINT ( 'NONE',  ( 2.456282703770462206, 23.09598114036676009, 7.087006622361802677 ) ) ;
#731 = EDGE_CURVE ( 'NONE', #109, #2494, #2491, .T. ) ;
#732 = ADVANCED_FACE ( 'NONE', ( #818 ), #2510, .T. ) ;
#733 = CARTESIAN_POINT ( 'NONE',  ( -1.091081377402105090, 21.11019161914732223, 28.99999999999999645 ) ) ;
#734 = VECTOR ( 'NONE', #853, 1000.000000000000000 ) ;
#735 = DIRECTION ( 'NONE',  ( 0.000000000000000000, -0.8320502943378437211, 0.5547001962252290364 ) ) ;
#736 = ORIENTED_EDGE ( 'NONE', *, *, #174, .T. ) ;
#737 = ORIENTED_EDGE ( 'NONE', *, *, #2739, .T. ) ;
#738 = CARTESIAN_POINT ( 'NONE',  ( -5.820826170395550392, 17.19973929912325517, -4.922548536481478720 ) ) ;
#739 = CIRCLE ( 'NONE', #694, 0.9999999999999995559 ) ;
#740 = ORIENTED_EDGE ( 'NONE', *, *, #1398, .F. ) ;
#741 = DATE_AND_TIME ( #2662, #611 ) ;
#742 = APPLICATION_CONTEXT ( 'configuration controlled 3d designs of mechanical parts and assemblies' ) ;
#743 = DIRECTION ( 'NONE',  ( 0.9659258262890684232, 0.2588190451025202399, -0.000000000000000000 ) ) ;
#744 = EDGE_LOOP ( 'NONE', ( #43, #1664, #571, #635 ) ) ;
#745 = CARTESIAN_POINT ( 'NONE',  ( 1.091081377402101094, 18.88980838085267777, 30.00000000000000000 ) ) ;
#746 = CARTESIAN_POINT ( 'NONE',  ( 4.330127018922191873, 22.50000000000000711, 28.99999999999999645 ) ) ;
#747 = DIRECTION ( 'NONE',  ( 0.000000000000000000, 0.000000000000000000, -1.000000000000000000 ) ) ;
#748 = ADVANCED_FACE ( 'NONE', ( #2048 ), #857, .T. ) ;
#749 = ORIENTED_EDGE ( 'NONE', *, *, #1636, .F. ) ;
#750 = DIRECTION ( 'NONE',  ( -0.5000000000000041078, 0.000000000000000000, -0.8660254037844362651 ) ) ;
#751 = CARTESIAN_POINT ( 'NONE',  ( -2.964101615137757051, 17.86602540378443749, 30.00000000000000000 ) ) ;
#752 = EDGE_LOOP ( 'NONE', ( #224, #58, #2183, #1756 ) ) ;
#753 = LINE ( 'NONE', #1617, #323 ) ;
#754 = ORIENTED_EDGE ( 'NONE', *, *, #2542, .F. ) ;
#755 = DIRECTION ( 'NONE',  ( 1.000000000000000000, 0.000000000000000000, 0.000000000000000000 ) ) ;
#756 = LINE ( 'NONE', #2219, #126 ) ;
#757 = CARTESIAN_POINT ( 'NONE',  ( 7.173465169152660970, 17.19973929912325517, -2.579709066335054146 ) ) ;
#758 = ORIENTED_EDGE ( 'NONE', *, *, #924, .F. ) ;
#759 = CARTESIAN_POINT ( 'NONE',  ( -25.98076211353329867, 25.00000000000000000, -14.99999999999975842 ) ) ;
#760 = LINE ( 'NONE', #2424, #1749 ) ;
#761 = DIRECTION ( 'NONE',  ( -0.000000000000000000, 0.000000000000000000, 1.000000000000000000 ) ) ;
#762 = LINE ( 'NONE', #2274, #1312 ) ;
#763 = AXIS2_PLACEMENT_3D ( 'NONE', #759, #2698, #2684 ) ;
#764 = EDGE_CURVE ( 'NONE', #2686, #1608, #2593, .T. ) ;
#765 = LINE ( 'NONE', #553, #2579 ) ;
#766 = ORIENTED_EDGE ( 'NONE', *, *, #1730, .T. ) ;
#767 = AXIS2_PLACEMENT_3D ( 'NONE', #2105, #189, #17 ) ;
#768 = VERTEX_POINT ( 'NONE', #1793 ) ;
#769 = CARTESIAN_POINT ( 'NONE',  ( -2.964101615137754386, 17.86602540378443749, 28.99999999999999645 ) ) ;
#770 = EDGE_CURVE ( 'NONE', #1505, #2569, #520, .T. ) ;
#771 = CARTESIAN_POINT ( 'NONE',  ( -1.957106781186538802, 21.61019161914732933, 7.240147308379414781 ) ) ;
#772 = CALENDAR_DATE ( 2026, 20, 8 ) ;
#773 = CARTESIAN_POINT ( 'NONE',  ( 5.337349157736592353, 18.38980838085269554, -5.341392226880077310 ) ) ;
#774 = AXIS2_PLACEMENT_3D ( 'NONE', #623, #2126, #2726 ) ;
#775 = CARTESIAN_POINT ( 'NONE',  ( 3.464101615137762824, 23.00000000000000000, 6.652067347825029842 ) ) ;
#776 = AXIS2_PLACEMENT_3D ( 'NONE', #1043, #2742, #656 ) ;
#777 = EDGE_LOOP ( 'NONE', ( #986, #2765, #2199, #2229 ) ) ;
#778 = FACE_OUTER_BOUND ( 'NONE', #2318, .T. ) ;
#779 = VECTOR ( 'NONE', #2, 1000.000000000000000 ) ;
#780 = PLANE ( 'NONE',  #220 ) ;
#781 = VECTOR ( 'NONE', #1051, 1000.000000000000000 ) ;
#782 = ORIENTED_EDGE ( 'NONE', *, *, #354, .F. ) ;
#783 = ORIENTED_EDGE ( 'NONE', *, *, #1379, .F. ) ;
#784 = CARTESIAN_POINT ( 'NONE',  ( 9.184850993605147944E-16, 22.43782217350893404, 7.500000000000000000 ) ) ;
#785 = EDGE_CURVE ( 'NONE', #49, #2008, #885, .T. ) ;
#786 = EDGE_CURVE ( 'NONE', #419, #689, #90, .T. ) ;
#787 = LINE ( 'NONE', #2482, #2403 ) ;
#788 = CIRCLE ( 'NONE', #1583, 0.9999999999999994449 ) ;
#789 = LINE ( 'NONE', #1611, #238 ) ;
#790 = ORIENTED_EDGE ( 'NONE', *, *, #811, .F. ) ;
#791 = EDGE_LOOP ( 'NONE', ( #1495, #808, #2489, #1187 ) ) ;
#792 = CARTESIAN_POINT ( 'NONE',  ( 0.000000000000000000, 25.00000000000000000, 5.500000000000000000 ) ) ;
#793 = ORIENTED_EDGE ( 'NONE', *, *, #2448, .F. ) ;
#794 = LINE ( 'NONE', #1232, #1887 ) ;
#795 = ORIENTED_EDGE ( 'NONE', *, *, #1601, .T. ) ;
#796 = EDGE_CURVE ( 'NONE', #1107, #432, #325, .T. ) ;
#797 = CARTESIAN_POINT ( 'NONE',  ( -22.30015414744949709, 4.249999999999992895, -21.37499999999979039 ) ) ;
#798 = CYLINDRICAL_SURFACE ( 'NONE', #1959, 1.000000000000000222 ) ;
#799 = CARTESIAN_POINT ( 'NONE',  ( -4.099006350462787829, 16.95710678118655679, -6.280775982222717602 ) ) ;
#800 = ORIENTED_EDGE ( 'NONE', *, *, #579, .F. ) ;
#801 = CARTESIAN_POINT ( 'NONE',  ( 7.107601280517449993, 22.04196411936679922, -2.397664387835671373 ) ) ;
#802 = DIRECTION ( 'NONE',  ( -0.000000000000000000, -1.000000000000000000, -0.000000000000000000 ) ) ;
#803 = FACE_OUTER_BOUND ( 'NONE', #944, .T. ) ;
#804 = DIRECTION ( 'NONE',  ( -0.000000000000000000, -1.000000000000000000, -0.000000000000000000 ) ) ;
#805 = SPHERICAL_SURFACE ( 'NONE', #141, 1.000000000000000000 ) ;
#806 = CARTESIAN_POINT ( 'NONE',  ( -20.13509063798841225, 6.197213595499956540, -24.01942719099972479 ) ) ;
#807 = AXIS2_PLACEMENT_3D ( 'NONE', #612, #1254, #2523 ) ;
#808 = ORIENTED_EDGE ( 'NONE', *, *, #647, .T. ) ;
#809 = CARTESIAN_POINT ( 'NONE',  ( -1.957106781186538802, 21.61019161914732933, 7.240147308379414781 ) ) ;
#810 = DIRECTION ( 'NONE',  ( -0.4999999999999907296, 0.000000000000000000, 0.8660254037844440367 ) ) ;
#811 = EDGE_CURVE ( 'NONE', #2008, #1385, #1259, .T. ) ;
#812 = EDGE_CURVE ( 'NONE', #1107, #1634, #2622, .T. ) ;
#813 = VERTEX_POINT ( 'NONE', #554 ) ;
#814 = CARTESIAN_POINT ( 'NONE',  ( 2.630989335750167246, 23.14279364131808236, 7.017931382173467014 ) ) ;
#815 = CARTESIAN_POINT ( 'NONE',  ( -7.294455938923178451, 18.38980838085269198, -1.951583846027289626 ) ) ;
#816 = CIRCLE ( 'NONE', #2365, 1.000000000000001998 ) ;
#817 = SPHERICAL_SURFACE ( 'NONE', #2001, 1.000000000000000000 ) ;
#818 = FACE_OUTER_BOUND ( 'NONE', #911, .T. ) ;
#819 = EDGE_LOOP ( 'NONE', ( #1629, #1000, #2768, #1501 ) ) ;
#820 = VECTOR ( 'NONE', #2479, 1000.000000000000000 ) ;
#821 = CARTESIAN_POINT ( 'NONE',  ( 7.294455938923153582, 21.61019161914731868, -1.951583846027399316 ) ) ;
#822 = AXIS2_PLACEMENT_3D ( 'NONE', #833, #1679, #1555 ) ;
#823 = FACE_OUTER_BOUND ( 'NONE', #681, .T. ) ;
#824 = CARTESIAN_POINT ( 'NONE',  ( 1.091081377402100872, 18.88980838085267777, 28.99999999999999645 ) ) ;
#825 = CARTESIAN_POINT ( 'NONE',  ( 28.14582562299420232, 17.49999999999999645, -11.25000000000012790 ) ) ;
#826 = ORIENTED_EDGE ( 'NONE', *, *, #122, .T. ) ;
#827 = FACE_OUTER_BOUND ( 'NONE', #601, .T. ) ;
#828 = CARTESIAN_POINT ( 'NONE',  ( -23.63268590218000398, 18.31323899928439758, -17.96141448910747584 ) ) ;
#829 = SECURITY_CLASSIFICATION ( '', '', #525 ) ;
#830 = EDGE_CURVE ( 'NONE', #1875, #2275, #2497, .T. ) ;
#831 = CYLINDRICAL_SURFACE ( 'NONE', #632, 7.500000000000000000 ) ;
#832 = CARTESIAN_POINT ( 'NONE',  ( 7.256611987033144473, 16.85720635868192829, -1.151602081657481680 ) ) ;
#833 = CARTESIAN_POINT ( 'NONE',  ( 30.09438278150921420, 5.749999999999996447, -5.875000000000140332 ) ) ;
#834 = EDGE_CURVE ( 'NONE', #2478, #2773, #1303, .T. ) ;
#835 = LINE ( 'NONE', #1274, #2640 ) ;
#836 = DATE_AND_TIME ( #2517, #1859 ) ;
#837 = CARTESIAN_POINT ( 'NONE',  ( 3.389808380852686209, 23.04289321881345387, 28.99999999999999645 ) ) ;
#838 = DIRECTION ( 'NONE',  ( 0.4330127018922234616, 0.4999999999999989453, 0.7499999999999984457 ) ) ;
#839 = EDGE_LOOP ( 'NONE', ( #260, #1950, #2658, #2032, #997, #1937, #2332, #266, #695, #958, #2638, #2449, #1420, #111, #1731, #2433, #2654, #1813, #2213, #2059 ) ) ;
#840 = CARTESIAN_POINT ( 'NONE',  ( 0.000000000000000000, 15.00000000000000000, 0.000000000000000000 ) ) ;
#841 = CARTESIAN_POINT ( 'NONE',  ( 4.098559747713840018, 23.04289321881445929, -6.280518136003482965 ) ) ;
#842 = CARTESIAN_POINT ( 'NONE',  ( 0.7112018711635038626, 22.62838814054269321, 7.499999999999999112 ) ) ;
#843 = EDGE_CURVE ( 'NONE', #2067, #900, #128, .T. ) ;
#844 = CARTESIAN_POINT ( 'NONE',  ( -7.284906702633707987, 23.00000000000000000, -1.783293114976466587 ) ) ;
#845 = ORIENTED_EDGE ( 'NONE', *, *, #2464, .F. ) ;
#846 = ADVANCED_FACE ( 'NONE', ( #332 ), #2451, .T. ) ;
#847 = ADVANCED_FACE ( 'NONE', ( #803 ), #138, .T. ) ;
#848 = LINE ( 'NONE', #2159, #1798 ) ;
#849 = CIRCLE ( 'NONE', #590, 2.000000000000000000 ) ;
#850 = CARTESIAN_POINT ( 'NONE',  ( -24.49871130596444502, 17.86602540378443749, -17.56698729810755211 ) ) ;
#851 = EDGE_LOOP ( 'NONE', ( #1635, #395, #574 ) ) ;
#852 = SPHERICAL_SURFACE ( 'NONE', #86, 1.000000000000000000 ) ;
#853 = DIRECTION ( 'NONE',  ( 0.000000000000000000, 0.000000000000000000, -1.000000000000000000 ) ) ;
#854 = VECTOR ( 'NONE', #124, 1000.000000000000114 ) ;
#855 = CARTESIAN_POINT ( 'NONE',  ( 25.23517163608433833, 18.99701473953461672, -16.29140058858087770 ) ) ;
#856 = AXIS2_PLACEMENT_3D ( 'NONE', #2336, #625, #2614 ) ;
#857 = SPHERICAL_SURFACE ( 'NONE', #1438, 1.000000000000000000 ) ;
#858 = CIRCLE ( 'NONE', #1707, 0.9999999999999987788 ) ;
#859 = ORIENTED_EDGE ( 'NONE', *, *, #1464, .F. ) ;
#860 = FACE_OUTER_BOUND ( 'NONE', #2215, .T. ) ;
#861 = AXIS2_PLACEMENT_3D ( 'NONE', #219, #597, #1917 ) ;
#862 = ADVANCED_FACE ( 'NONE', ( #1836 ), #598, .T. ) ;
#863 = ORIENTED_EDGE ( 'NONE', *, *, #660, .F. ) ;
#864 = DIRECTION ( 'NONE',  ( 0.4999999999999933942, 0.000000000000000000, -0.8660254037844425934 ) ) ;
#865 = CARTESIAN_POINT ( 'NONE',  ( 25.66027739844971123, 21.11019161914731868, -13.55509580957377835 ) ) ;
#866 = ORIENTED_EDGE ( 'NONE', *, *, #2526, .F. ) ;
#867 = DIRECTION ( 'NONE',  ( 0.8660254037844432595, -1.387778780781445521E-17, 0.4999999999999918954 ) ) ;
#868 = DIRECTION ( 'NONE',  ( -0.9659258262890684232, -0.2588190451025205729, 0.000000000000000000 ) ) ;
#869 = CARTESIAN_POINT ( 'NONE',  ( 25.11473670974865158, 15.00000000000000000, -14.50000000000011546 ) ) ;
#870 = VECTOR ( 'NONE', #1789, 1000.000000000000000 ) ;
#871 = FACE_OUTER_BOUND ( 'NONE', #1778, .T. ) ;
#872 = ORIENTED_EDGE ( 'NONE', *, *, #908, .T. ) ;
#873 = CARTESIAN_POINT ( 'NONE',  ( -3.669298160792034746, 18.36602540378443749, -6.541120011680584767 ) ) ;
#874 = ORIENTED_EDGE ( 'NONE', *, *, #2524, .F. ) ;
#875 = CARTESIAN_POINT ( 'NONE',  ( -24.49871130596444502, 17.86602540378443749, -17.56698729810755211 ) ) ;
#876 = ORIENTED_EDGE ( 'NONE', *, *, #46, .T. ) ;
#877 = CARTESIAN_POINT ( 'NONE',  ( -26.80964090017516455, 23.04289321881346098, -11.56433982821993744 ) ) ;
#878 = EDGE_CURVE ( 'NONE', #2132, #1025, #134, .T. ) ;
#879 = LINE ( 'NONE', #869, #1217 ) ;
#880 = CARTESIAN_POINT ( 'NONE',  ( -1.091081377402105979, 21.11019161914732223, 30.00000000000000000 ) ) ;
#881 = VERTEX_POINT ( 'NONE', #121 ) ;
#882 = CARTESIAN_POINT ( 'NONE',  ( -3.531743148379072661, 17.86602540378444104, -6.616403126614830654 ) ) ;
#883 = VECTOR ( 'NONE', #1802, 1000.000000000000000 ) ;
#884 = FACE_OUTER_BOUND ( 'NONE', #931, .T. ) ;
#885 = CIRCLE ( 'NONE', #2450, 7.500000000000000000 ) ;
#886 = ORIENTED_EDGE ( 'NONE', *, *, #2193, .F. ) ;
#887 = CARTESIAN_POINT ( 'NONE',  ( -25.98076211353329867, 15.00000000000000000, -14.99999999999975842 ) ) ;
#888 = LINE ( 'NONE', #677, #232 ) ;
#889 = EDGE_CURVE ( 'NONE', #567, #1738, #1302, .T. ) ;
#890 = EDGE_CURVE ( 'NONE', #1152, #1957, #1883, .T. ) ;
#891 = FACE_OUTER_BOUND ( 'NONE', #819, .T. ) ;
#892 = DIRECTION ( 'NONE',  ( 0.2499999999999957256, -0.8660254037844389297, -0.4330127018922212412 ) ) ;
#893 = ORIENTED_EDGE ( 'NONE', *, *, #1601, .F. ) ;
#894 = AXIS2_PLACEMENT_3D ( 'NONE', #1376, #1644, #2228 ) ;
#895 = CARTESIAN_POINT ( 'NONE',  ( -3.594785369032724276, 17.51065419160293501, -6.582425423188032809 ) ) ;
#896 = AXIS2_PLACEMENT_3D ( 'NONE', #887, #474, #218 ) ;
#897 = ORIENTED_EDGE ( 'NONE', *, *, #104, .T. ) ;
#898 = AXIS2_PLACEMENT_3D ( 'NONE', #1026, #1881, #223 ) ;
#899 = CYLINDRICAL_SURFACE ( 'NONE', #7, 1.000000000000000222 ) ;
#900 = VERTEX_POINT ( 'NONE', #751 ) ;
#901 = CARTESIAN_POINT ( 'NONE',  ( -22.43941846061154521, 19.96884726439365920, -19.13378713392189923 ) ) ;
#902 = DIRECTION ( 'NONE',  ( -0.000000000000000000, -0.000000000000000000, -1.000000000000000000 ) ) ;
#903 = DIRECTION ( 'NONE',  ( 0.8660254037844394848, 1.787469742349386219E-15, -0.4999999999999988898 ) ) ;
#904 = ORIENTED_EDGE ( 'NONE', *, *, #2157, .T. ) ;
#905 = VERTEX_POINT ( 'NONE', #155 ) ;
#906 = DIRECTION ( 'NONE',  ( 0.4330127018922110271, 0.4999999999999998335, -0.7500000000000049960 ) ) ;
#907 = DIRECTION ( 'NONE',  ( -0.8660254037844363761, -5.179260919542346738E-17, 0.5000000000000039968 ) ) ;
#908 = EDGE_CURVE ( 'NONE', #3, #534, #1866, .T. ) ;
#909 = CC_DESIGN_PERSON_AND_ORGANIZATION_ASSIGNMENT ( #2037, #2645, ( #1192 ) ) ;
#910 = ORIENTED_EDGE ( 'NONE', *, *, #878, .T. ) ;
#911 = EDGE_LOOP ( 'NONE', ( #662, #2323, #409, #2010 ) ) ;
#912 = CARTESIAN_POINT ( 'NONE',  ( 25.30581190228076593, 17.92388255456362955, -16.16904805846847637 ) ) ;
#913 = EDGE_CURVE ( 'NONE', #536, #392, #1222, .T. ) ;
#914 = ORIENTED_EDGE ( 'NONE', *, *, #2077, .T. ) ;
#915 = DIRECTION ( 'NONE',  ( 0.8660254037844389297, 1.169810040804577148E-15, -0.4999999999999997780 ) ) ;
#916 = DIRECTION ( 'NONE',  ( -0.9659258262890705327, -0.2588190451025125793, 0.000000000000000000 ) ) ;
#917 = VERTEX_POINT ( 'NONE', #1188 ) ;
#918 = DIRECTION ( 'NONE',  ( 0.000000000000000000, -0.4472135954999558738, -0.8944271909999169656 ) ) ;
#919 = CARTESIAN_POINT ( 'NONE',  ( 0.000000000000000000, 15.00000000000000000, 28.99999999999999645 ) ) ;
#920 = DIRECTION ( 'NONE',  ( -0.4829629131445380419, 0.2588190451025206840, -0.8365163037378057220 ) ) ;
#921 = EDGE_CURVE ( 'NONE', #1025, #2706, #2675, .T. ) ;
#922 = ORIENTED_EDGE ( 'NONE', *, *, #764, .F. ) ;
#923 = CARTESIAN_POINT ( 'NONE',  ( 3.464101615137752166, 23.00000000000000711, 30.00000000000000000 ) ) ;
#924 = EDGE_CURVE ( 'NONE', #2430, #2487, #2192, .T. ) ;
#925 = ADVANCED_FACE ( 'NONE', ( #974 ), #129, .T. ) ;
#926 = COORDINATED_UNIVERSAL_TIME_OFFSET ( 8, 0, .AHEAD. ) ;
#927 = ORIENTED_EDGE ( 'NONE', *, *, #1325, .T. ) ;
#928 = DIRECTION ( 'NONE',  ( 0.8660254037844370423, 0.000000000000000000, -0.5000000000000028866 ) ) ;
#929 = DIRECTION ( 'NONE',  ( 0.000000000000000000, 1.000000000000000000, 0.000000000000000000 ) ) ;
#930 = DIRECTION ( 'NONE',  ( -0.5000000000000000000, 0.000000000000000000, -0.8660254037844385966 ) ) ;
#931 = EDGE_LOOP ( 'NONE', ( #113, #1206, #914, #2225 ) ) ;
#932 = VECTOR ( 'NONE', #57, 999.9999999999998863 ) ;
#933 = DIRECTION ( 'NONE',  ( 0.000000000000000000, 0.000000000000000000, -1.000000000000000000 ) ) ;
#934 = ORIENTED_EDGE ( 'NONE', *, *, #830, .F. ) ;
#935 = EDGE_LOOP ( 'NONE', ( #655, #1542, #11, #180 ) ) ;
#936 = ORIENTED_EDGE ( 'NONE', *, *, #1264, .F. ) ;
#937 = CARTESIAN_POINT ( 'NONE',  ( -7.432046745820230171, 23.18543153230582021, -0.9521915509203704442 ) ) ;
#938 = PERSON_AND_ORGANIZATION ( #542, #1415 ) ;
#939 = CIRCLE ( 'NONE', #2688, 5.500000000000000000 ) ;
#940 = ADVANCED_FACE ( 'NONE', ( #575 ), #2467, .F. ) ;
#941 = PRODUCT_DEFINITION ( 'æœ', '', #1192, #1522 ) ;
#942 = CARTESIAN_POINT ( 'NONE',  ( -7.284906702633707987, 23.00000000000000000, -1.783293114976466587 ) ) ;
#943 = VECTOR ( 'NONE', #1739, 1000.000000000000114 ) ;
#944 = EDGE_LOOP ( 'NONE', ( #1974, #1073, #2720, #936 ) ) ;
#945 =( BOUNDED_CURVE ( )  B_SPLINE_CURVE ( 3, ( #2209, #1121, #680, #2386 ),
 .UNSPECIFIED., .F., .T. ) 
 B_SPLINE_CURVE_WITH_KNOTS ( ( 4, 4 ),
 ( 1.834799979312013107, 2.106776029968729702 ),
 .UNSPECIFIED. ) 
 CURVE ( )  GEOMETRIC_REPRESENTATION_ITEM ( )  RATIONAL_B_SPLINE_CURVE ( ( 1.000000000000000000, 0.9938452459560027652, 0.9938452459560027652, 1.000000000000000000 ) ) 
 REPRESENTATION_ITEM ( '' )  );
#946 = SPHERICAL_SURFACE ( 'NONE', #1027, 1.000000000000000000 ) ;
#947 = FACE_OUTER_BOUND ( 'NONE', #982, .T. ) ;
#948 = CYLINDRICAL_SURFACE ( 'NONE', #1537, 1.000000000000000222 ) ;
#949 = DIRECTION ( 'NONE',  ( 0.4999999999999997780, 0.8660254037844387076, 0.000000000000000000 ) ) ;
#950 = AXIS2_PLACEMENT_3D ( 'NONE', #1825, #1436, #341 ) ;
#951 = ORIENTED_EDGE ( 'NONE', *, *, #731, .F. ) ;
#952 = DIRECTION ( 'NONE',  ( 0.9013878188659960600, -0.2401922307076330976, -0.3602883460614474398 ) ) ;
#953 = ORIENTED_EDGE ( 'NONE', *, *, #122, .F. ) ;
#954 = ORIENTED_EDGE ( 'NONE', *, *, #2735, .T. ) ;
#955 = CARTESIAN_POINT ( 'NONE',  ( 3.926303335274932582, 22.93776849947802532, -6.391315288585108334 ) ) ;
#956 = CIRCLE ( 'NONE', #99, 7.500000000000000000 ) ;
#957 = LOCAL_TIME ( 15, 36, 28.00000000000000000, #78 ) ;
#958 = ORIENTED_EDGE ( 'NONE', *, *, #537, .T. ) ;
#959 = EDGE_CURVE ( 'NONE', #444, #2455, #2578, .T. ) ;
#960 = LINE ( 'NONE', #1818, #535 ) ;
#961 = ORIENTED_EDGE ( 'NONE', *, *, #998, .T. ) ;
#962 = DIRECTION ( 'NONE',  ( 0.8660254037844363761, -0.000000000000000000, -0.5000000000000039968 ) ) ;
#963 = DIRECTION ( 'NONE',  ( 0.000000000000000000, 1.000000000000000000, 0.000000000000000000 ) ) ;
#964 = CARTESIAN_POINT ( 'NONE',  ( -23.59919225312610536, 16.75000000000000711, -17.12499999999979750 ) ) ;
#965 = CARTESIAN_POINT ( 'NONE',  ( -7.500044028323761935, 22.65613804583823665, 0.08831130556449312552 ) ) ;
#966 = ADVANCED_FACE ( 'NONE', ( #114 ), #2719, .T. ) ;
#967 = CARTESIAN_POINT ( 'NONE',  ( 23.79924204187354775, 23.14279364131808236, -16.77850360184570278 ) ) ;
#968 = DIRECTION ( 'NONE',  ( -0.4999999999999940603, 0.000000000000000000, 0.8660254037844420383 ) ) ;
#969 = VERTEX_POINT ( 'NONE', #402 ) ;
#970 = DIRECTION ( 'NONE',  ( 0.8660254037844362651, 1.773475233313691335E-15, -0.5000000000000041078 ) ) ;
#971 = ORIENTED_EDGE ( 'NONE', *, *, #578, .T. ) ;
#972 = CARTESIAN_POINT ( 'NONE',  ( 7.499425179714165779, 18.36602540378443749, 0.09285458453490687269 ) ) ;
#973 = DIRECTION ( 'NONE',  ( 0.4829629131445387080, -0.2588190451025164651, 0.8365163037378067212 ) ) ;
#974 = FACE_OUTER_BOUND ( 'NONE', #1964, .T. ) ;
#975 = CARTESIAN_POINT ( 'NONE',  ( -4.023369234857770316, 0.000000000000000000, 3.750000000000000000 ) ) ;
#976 = FACE_OUTER_BOUND ( 'NONE', #2023, .T. ) ;
#977 = DIRECTION ( 'NONE',  ( -0.5000000000000003331, -0.8660254037844387076, -9.261864912405143905E-15 ) ) ;
#978 = DIRECTION ( 'NONE',  ( 1.000000000000000000, 0.000000000000000000, 0.000000000000000000 ) ) ;
#979 = AXIS2_PLACEMENT_3D ( 'NONE', #1754, #2598, #700 ) ;
#980 = EDGE_CURVE ( 'NONE', #2124, #363, #184, .T. ) ;
#981 = EDGE_CURVE ( 'NONE', #2088, #1808, #2767, .T. ) ;
#982 = EDGE_LOOP ( 'NONE', ( #2363, #723, #389, #2175 ) ) ;
#983 = VECTOR ( 'NONE', #2607, 1000.000000000000000 ) ;
#984 = ORIENTED_EDGE ( 'NONE', *, *, #2128, .F. ) ;
#985 = CARTESIAN_POINT ( 'NONE',  ( 26.55964090017501178, 17.82313218497099427, -11.99735253011250613 ) ) ;
#986 = ORIENTED_EDGE ( 'NONE', *, *, #724, .F. ) ;
#987 = ORIENTED_EDGE ( 'NONE', *, *, #2591, .T. ) ;
#988 = APPLICATION_PROTOCOL_DEFINITION ( 'international standard', 'config_control_design', 1994, #742 ) ;
#989 = DIRECTION ( 'NONE',  ( -0.8660254037844363761, 7.437084071668700797E-18, 0.5000000000000039968 ) ) ;
#990 = AXIS2_PLACEMENT_3D ( 'NONE', #663, #1131, #1932 ) ;
#991 = FACE_OUTER_BOUND ( 'NONE', #1313, .T. ) ;
#992 = AXIS2_PLACEMENT_3D ( 'NONE', #265, #2626, #522 ) ;
#993 = ORIENTED_EDGE ( 'NONE', *, *, #2612, .T. ) ;
#994 = ORIENTED_EDGE ( 'NONE', *, *, #500, .T. ) ;
#995 = LINE ( 'NONE', #2127, #1446 ) ;
#996 = AXIS2_PLACEMENT_3D ( 'NONE', #136, #1408, #305 ) ;
#997 = ORIENTED_EDGE ( 'NONE', *, *, #811, .T. ) ;
#998 = EDGE_CURVE ( 'NONE', #1251, #2455, #1736, .T. ) ;
#999 = DIRECTION ( 'NONE',  ( -1.000000000000000000, 7.523163845262626038E-30, -2.168404344971006896E-15 ) ) ;
#1000 = ORIENTED_EDGE ( 'NONE', *, *, #1170, .T. ) ;
#1001 = ADVANCED_FACE ( 'NONE', ( #369 ), #1435, .T. ) ;
#1002 = CARTESIAN_POINT ( 'NONE',  ( -2.615520195981785090, 20.46978613233704181, 7.062169526431716804 ) ) ;
#1003 = DIRECTION ( 'NONE',  ( -0.2500000000000021094, 0.8660254037844388186, -0.4330127018922182991 ) ) ;
#1004 = AXIS2_PLACEMENT_3D ( 'NONE', #2757, #1700, #2544 ) ;
#1005 = FACE_OUTER_BOUND ( 'NONE', #1226, .T. ) ;
#1006 = EDGE_LOOP ( 'NONE', ( #1241, #87, #2625, #2374 ) ) ;
#1007 = DIRECTION ( 'NONE',  ( 0.8660254037844394848, -7.861524541703967133E-15, -0.4999999999999983902 ) ) ;
#1008 = CARTESIAN_POINT ( 'NONE',  ( -2.630989335750162805, 16.85720635868191764, 28.99999999999999645 ) ) ;
#1009 = CARTESIAN_POINT ( 'NONE',  ( 7.499425179714165779, 18.36602540378443749, 0.09285458453490687269 ) ) ;
#1010 = B_SPLINE_CURVE_WITH_KNOTS ( 'NONE', 3,
 ( #376, #955, #603, #2065, #1856, #1814, #2013, #156, #1412, #1013, #2693, #1395 ),
 .UNSPECIFIED., .F., .F.,
 ( 4, 2, 2, 2, 2, 4 ),
 ( 1.627314866131459360E-17, 0.0004042636397398373599, 0.0008085272794796584568, 0.001010659099349563855, 0.001212790919219469471, 0.001617054558959280484 ),
 .UNSPECIFIED. ) ;
#1011 = ORIENTED_EDGE ( 'NONE', *, *, #2305, .T. ) ;
#1012 = ORIENTED_EDGE ( 'NONE', *, *, #644, .F. ) ;
#1013 = CARTESIAN_POINT ( 'NONE',  ( 3.556932336219089219, 21.87688854186650289, -6.602924751263344660 ) ) ;
#1014 = CYLINDRICAL_SURFACE ( 'NONE', #2014, 0.9999999999999995559 ) ;
#1015 = EDGE_CURVE ( 'NONE', #2624, #2550, #1618, .T. ) ;
#1016 = EDGE_CURVE ( 'NONE', #2624, #2111, #1483, .T. ) ;
#1017 = FACE_OUTER_BOUND ( 'NONE', #2350, .T. ) ;
#1018 = CARTESIAN_POINT ( 'NONE',  ( -1.349900422504622943, 22.07611744543638821, 7.377517797289399937 ) ) ;
#1019 = FACE_OUTER_BOUND ( 'NONE', #1901, .T. ) ;
#1020 = ORIENTED_EDGE ( 'NONE', *, *, #1199, .T. ) ;
#1021 = CARTESIAN_POINT ( 'NONE',  ( 24.56919602104758837, 18.88980838085269909, -15.44490419042645790 ) ) ;
#1022 = DIRECTION ( 'NONE',  ( 0.000000000000000000, 0.000000000000000000, -1.000000000000000000 ) ) ;
#1023 = CARTESIAN_POINT ( 'NONE',  ( 24.49871130596419633, 22.13397459621556607, -17.56698729810789317 ) ) ;
#1024 = FACE_OUTER_BOUND ( 'NONE', #438, .T. ) ;
#1025 = VERTEX_POINT ( 'NONE', #2747 ) ;
#1026 = CARTESIAN_POINT ( 'NONE',  ( -22.79005495888625887, 17.35166081129514026, -18.52646690392204576 ) ) ;
#1027 = AXIS2_PLACEMENT_3D ( 'NONE', #2483, #563, #1180 ) ;
#1028 = VERTEX_POINT ( 'NONE', #2284 ) ;
#1029 = CARTESIAN_POINT ( 'NONE',  ( -25.30581190228099686, 22.07611744543639531, -16.16904805846811399 ) ) ;
#1030 = CIRCLE ( 'NONE', #1962, 0.9999999999999985567 ) ;
#1031 = DIRECTION ( 'NONE',  ( 0.9682458365518550325, 0.2236067977499757442, 0.1118033988749883162 ) ) ;
#1032 = EDGE_CURVE ( 'NONE', #2478, #1608, #371, .T. ) ;
#1033 = ADVANCED_FACE ( 'NONE', ( #827 ), #396, .T. ) ;
#1034 = CARTESIAN_POINT ( 'NONE',  ( 2.964101615137752610, 22.13397459621556607, 30.00000000000000000 ) ) ;
#1035 = ORIENTED_EDGE ( 'NONE', *, *, #2287, .F. ) ;
#1036 = DIRECTION ( 'NONE',  ( -0.5000000000000041078, 0.000000000000000000, -0.8660254037844362651 ) ) ;
#1037 = CARTESIAN_POINT ( 'NONE',  ( 4.909386419868604357, 23.09598114036675653, -5.670706531522479388 ) ) ;
#1038 = AXIS2_PLACEMENT_3D ( 'NONE', #1172, #2017, #1426 ) ;
#1039 = VECTOR ( 'NONE', #1913, 1000.000000000000114 ) ;
#1040 = CARTESIAN_POINT ( 'NONE',  ( 26.43023137762375541, 16.85720635868192829, -12.22149639815451749 ) ) ;
#1041 = AXIS2_PLACEMENT_3D ( 'NONE', #2009, #952, #551 ) ;
#1042 = ORIENTED_EDGE ( 'NONE', *, *, #834, .T. ) ;
#1043 = CARTESIAN_POINT ( 'NONE',  ( -27.42566630395961269, 22.17686781502901994, -12.49735253011214908 ) ) ;
#1044 = ORIENTED_EDGE ( 'NONE', *, *, #2077, .F. ) ;
#1045 = CARTESIAN_POINT ( 'NONE',  ( 1.349900422504620723, 17.92388255456360824, 28.99999999999999645 ) ) ;
#1046 = CARTESIAN_POINT ( 'NONE',  ( -1.349900422504625386, 22.07611744543638821, 28.99999999999999645 ) ) ;
#1047 = AXIS2_PLACEMENT_3D ( 'NONE', #2072, #2734, #190 ) ;
#1048 = EDGE_CURVE ( 'NONE', #2132, #433, #2326, .T. ) ;
#1049 = EDGE_LOOP ( 'NONE', ( #264, #1360, #682, #93 ) ) ;
#1050 = DIRECTION ( 'NONE',  ( 0.8660254037844432595, 0.000000000000000000, 0.4999999999999919509 ) ) ;
#1051 = DIRECTION ( 'NONE',  ( 0.8660254037844432595, -3.718542035834353480E-18, 0.4999999999999919509 ) ) ;
#1052 = EDGE_CURVE ( 'NONE', #1028, #109, #727, .T. ) ;
#1053 = DIRECTION ( 'NONE',  ( -0.4829629131445264401, 0.2588190451025205729, 0.8365163037378124944 ) ) ;
#1054 = LINE ( 'NONE', #821, #41 ) ;
#1055 = ORIENTED_EDGE ( 'NONE', *, *, #998, .F. ) ;
#1056 = ORIENTED_EDGE ( 'NONE', *, *, #144, .T. ) ;
#1057 = DIRECTION ( 'NONE',  ( 0.000000000000000000, 0.4472135954999567065, 0.8944271909999165215 ) ) ;
#1058 = COORDINATED_UNIVERSAL_TIME_OFFSET ( 8, 0, .AHEAD. ) ;
#1059 = DIRECTION ( 'NONE',  ( -1.000000000000000000, 0.000000000000000000, 0.000000000000000000 ) ) ;
#1060 = DIRECTION ( 'NONE',  ( 0.000000000000000000, 0.4472135954999572616, 0.8944271909999162995 ) ) ;
#1061 = ORIENTED_EDGE ( 'NONE', *, *, #405, .F. ) ;
#1062 = DIRECTION ( 'NONE',  ( -0.5000000000000003331, -0.8660254037844387076, 3.252606517456512316E-16 ) ) ;
#1063 = CARTESIAN_POINT ( 'NONE',  ( -3.964101615137754386, 17.86602540378443749, 30.00000000000000000 ) ) ;
#1064 = DIRECTION ( 'NONE',  ( 0.000000000000000000, 0.000000000000000000, 1.000000000000000000 ) ) ;
#1065 = CARTESIAN_POINT ( 'NONE',  ( 7.960204194457795477E-16, 25.00000000000000000, -5.500000000000000000 ) ) ;
#1066 = EDGE_CURVE ( 'NONE', #2550, #2137, #2150, .T. ) ;
#1067 = ADVANCED_FACE ( 'NONE', ( #195 ), #852, .T. ) ;
#1068 = ORIENTED_EDGE ( 'NONE', *, *, #2129, .T. ) ;
#1069 = CYLINDRICAL_SURFACE ( 'NONE', #89, 0.9999999999999995559 ) ;
#1070 = AXIS2_PLACEMENT_3D ( 'NONE', #1386, #2267, #1208 ) ;
#1071 = CARTESIAN_POINT ( 'NONE',  ( 2.889808380852688874, 22.17686781502901638, 28.99999999999999645 ) ) ;
#1072 = DIRECTION ( 'NONE',  ( 0.5000000000000014433, 0.8660254037844379305, -0.000000000000000000 ) ) ;
#1073 = ORIENTED_EDGE ( 'NONE', *, *, #889, .T. ) ;
#1074 = DIRECTION ( 'NONE',  ( -0.8660254037844432595, 3.718542035834355791E-18, -0.4999999999999919509 ) ) ;
#1075 = CARTESIAN_POINT ( 'NONE',  ( 6.033233681548964000, 22.69854966600781410, -4.606868427041498570 ) ) ;
#1076 = CARTESIAN_POINT ( 'NONE',  ( 9.184850993605147944E-16, 22.43782217350893404, 7.500000000000000000 ) ) ;
#1077 = CARTESIAN_POINT ( 'NONE',  ( -7.365669123639112748, 23.09598114036676009, -1.416300090839299974 ) ) ;
#1078 = VECTOR ( 'NONE', #2189, 999.9999999999998863 ) ;
#1079 = CIRCLE ( 'NONE', #229, 1.000000000000000222 ) ;
#1080 = EDGE_CURVE ( 'NONE', #2033, #1546, #1124, .T. ) ;
#1081 = EDGE_LOOP ( 'NONE', ( #2238, #1375, #1724, #2257 ) ) ;
#1082 = DIRECTION ( 'NONE',  ( -0.4999999999999993339, -0.8660254037844390407, 0.000000000000000000 ) ) ;
#1083 = VECTOR ( 'NONE', #2086, 1000.000000000000114 ) ;
#1084 = VERTEX_POINT ( 'NONE', #636 ) ;
#1085 = EDGE_CURVE ( 'NONE', #2624, #2137, #1621, .T. ) ;
#1086 = CARTESIAN_POINT ( 'NONE',  ( 0.000000000000000000, 15.00000000000000000, 0.000000000000000000 ) ) ;
#1087 = ORIENTED_EDGE ( 'NONE', *, *, #1968, .T. ) ;
#1088 = CARTESIAN_POINT ( 'NONE',  ( -23.13268590218001108, 17.86602540378443749, -17.93301270189200380 ) ) ;
#1089 = CARTESIAN_POINT ( 'NONE',  ( 25.98076211353308551, 0.000000000000000000, -15.00000000000011902 ) ) ;
#1090 = AXIS2_PLACEMENT_3D ( 'NONE', #1852, #2441, #516 ) ;
#1091 = CARTESIAN_POINT ( 'NONE',  ( -1.803287429849802503, 21.82424655402078173, 7.280763420700876232 ) ) ;
#1092 = DIRECTION ( 'NONE',  ( 0.2499999999999958922, -0.8660254037844388186, -0.4330127018922215187 ) ) ;
#1093 = ORIENTED_EDGE ( 'NONE', *, *, #1080, .T. ) ;
#1094 = DIRECTION ( 'NONE',  ( 0.000000000000000000, 0.8320502943378437211, -0.5547001962252290364 ) ) ;
#1095 = VERTEX_POINT ( 'NONE', #1252 ) ;
#1096 = CARTESIAN_POINT ( 'NONE',  ( 26.55964090017501178, 17.82313218497099427, -11.99735253011250435 ) ) ;
#1097 = CARTESIAN_POINT ( 'NONE',  ( 27.71281292110197469, 16.99999999999999645, -12.00000000000012612 ) ) ;
#1098 = CYLINDRICAL_SURFACE ( 'NONE', #2576, 1.000000000000000000 ) ;
#1099 = EDGE_CURVE ( 'NONE', #2124, #1590, #1796, .T. ) ;
#1100 = ADVANCED_FACE ( 'NONE', ( #1280 ), #2074, .F. ) ;
#1101 = ORIENTED_EDGE ( 'NONE', *, *, #2613, .T. ) ;
#1102 = FACE_OUTER_BOUND ( 'NONE', #657, .T. ) ;
#1103 = CARTESIAN_POINT ( 'NONE',  ( 28.79534467583254198, 4.249999999999994671, -8.125000000000135003 ) ) ;
#1104 = VERTEX_POINT ( 'NONE', #1705 ) ;
#1105 = CARTESIAN_POINT ( 'NONE',  ( -3.669298160792034746, 18.36602540378443749, -6.541120011680584767 ) ) ;
#1106 = B_SPLINE_CURVE_WITH_KNOTS ( 'NONE', 3,
 ( #2322, #2116, #2337, #2303, #2512, #200, #1246, #2089, #1451, #388 ),
 .UNSPECIFIED., .F., .F.,
 ( 4, 2, 2, 2, 4 ),
 ( 4.336808689942017736E-19, 0.0002724825713597344790, 0.0005449651427194685243, 0.0008174477140792025696, 0.001089930285438936615 ),
 .UNSPECIFIED. ) ;
#1107 = VERTEX_POINT ( 'NONE', #1906 ) ;
#1108 = EDGE_LOOP ( 'NONE', ( #72, #1642, #1179 ) ) ;
#1109 = CARTESIAN_POINT ( 'NONE',  ( 24.13618331915536785, 18.38980838085269554, -16.19490419042645613 ) ) ;
#1110 = EDGE_LOOP ( 'NONE', ( #1322, #934, #2506, #462 ) ) ;
#1111 = LINE ( 'NONE', #2187, #1320 ) ;
#1112 = EDGE_CURVE ( 'NONE', #1550, #481, #673, .T. ) ;
#1113 = EDGE_LOOP ( 'NONE', ( #1769, #1319, #1670, #1056 ) ) ;
#1114 = CARTESIAN_POINT ( 'NONE',  ( 10.32531754730547746, 17.88397459621558028, 30.00000000000000000 ) ) ;
#1115 = DIRECTION ( 'NONE',  ( -0.8660254037844387076, 0.4999999999999997780, -0.000000000000000000 ) ) ;
#1116 = CYLINDRICAL_SURFACE ( 'NONE', #1606, 1.000000000000000000 ) ;
#1117 = CARTESIAN_POINT ( 'NONE',  ( -2.964101615137757051, 17.86602540378443749, 28.99999999999999645 ) ) ;
#1118 = EDGE_CURVE ( 'NONE', #2706, #1570, #614, .T. ) ;
#1119 = EDGE_LOOP ( 'NONE', ( #1586, #1533, #2660, #355 ) ) ;
#1120 = CARTESIAN_POINT ( 'NONE',  ( 7.488814731315428297, 16.95710678118655323, -0.4094556386631193479 ) ) ;
#1121 = CARTESIAN_POINT ( 'NONE',  ( 2.615520195981786422, 19.53021386766296530, 7.062169526431715028 ) ) ;
#1122 = CARTESIAN_POINT ( 'NONE',  ( 0.000000000000000000, 23.00000000000000000, 0.000000000000000000 ) ) ;
#1123 = ORIENTED_EDGE ( 'NONE', *, *, #405, .T. ) ;
#1124 = CIRCLE ( 'NONE', #228, 7.500000000000000000 ) ;
#1125 = CARTESIAN_POINT ( 'NONE',  ( -3.959717768909977842, 17.04194539803954811, -6.370034915874152048 ) ) ;
#1126 = AXIS2_PLACEMENT_3D ( 'NONE', #434, #2551, #445 ) ;
#1127 = ORIENTED_EDGE ( 'NONE', *, *, #1199, .F. ) ;
#1128 = AXIS2_PLACEMENT_3D ( 'NONE', #880, #2156, #506 ) ;
#1129 = DIRECTION ( 'NONE',  ( -0.5000000000000041078, 0.000000000000000000, -0.8660254037844362651 ) ) ;
#1130 = ORIENTED_EDGE ( 'NONE', *, *, #913, .T. ) ;
#1131 = DIRECTION ( 'NONE',  ( 0.000000000000000000, 1.000000000000000000, 0.000000000000000000 ) ) ;
#1132 = FACE_OUTER_BOUND ( 'NONE', #935, .T. ) ;
#1133 = DIRECTION ( 'NONE',  ( 0.8660254037844363761, -3.519265968729761431E-17, -0.5000000000000039968 ) ) ;
#1134 = ADVANCED_FACE ( 'NONE', ( #2355 ), #1506, .T. ) ;
#1135 = ORIENTED_EDGE ( 'NONE', *, *, #594, .F. ) ;
#1136 = CARTESIAN_POINT ( 'NONE',  ( 25.43522142483202586, 18.88980838085269909, -15.94490419042646145 ) ) ;
#1137 = EDGE_CURVE ( 'NONE', #2051, #1826, #939, .T. ) ;
#1138 = ADVANCED_FACE ( 'NONE', ( #1102 ), #450, .T. ) ;
#1139 = DIRECTION ( 'NONE',  ( 0.000000000000000000, 0.000000000000000000, 1.000000000000000000 ) ) ;
#1140 = AXIS2_PLACEMENT_3D ( 'NONE', #288, #2270, #1149 ) ;
#1141 = ORIENTED_EDGE ( 'NONE', *, *, #1310, .F. ) ;
#1142 = VERTEX_POINT ( 'NONE', #877 ) ;
#1143 = CARTESIAN_POINT ( 'NONE',  ( -24.13618331915559878, 21.61019161914732223, -16.19490419042611506 ) ) ;
#1144 = DIRECTION ( 'NONE',  ( 0.5000000000000041078, 0.000000000000000000, 0.8660254037844362651 ) ) ;
#1145 = VECTOR ( 'NONE', #2353, 1000.000000000000000 ) ;
#1146 = B_SPLINE_CURVE_WITH_KNOTS ( 'NONE', 3,
 ( #427, #1253, #1037, #1281 ),
 .UNSPECIFIED., .F., .F.,
 ( 4, 4 ),
 ( 0.000000000000000000, 0.0005808018990603057343 ),
 .UNSPECIFIED. ) ;
#1147 = ORIENTED_EDGE ( 'NONE', *, *, #1433, .F. ) ;
#1148 = CARTESIAN_POINT ( 'NONE',  ( 2.630989335750167246, 23.14279364131808236, 7.017931382173467014 ) ) ;
#1149 = DIRECTION ( 'NONE',  ( 0.8660254037844432595, 0.000000000000000000, 0.4999999999999920619 ) ) ;
#1150 = DIRECTION ( 'NONE',  ( 0.8660254037844432595, 5.179260919542346738E-17, 0.4999999999999919509 ) ) ;
#1151 = CARTESIAN_POINT ( 'NONE',  ( -2.630989335750164582, 16.85720635868191764, 7.023382028280172662 ) ) ;
#1152 = VERTEX_POINT ( 'NONE', #1732 ) ;
#1153 = EDGE_CURVE ( 'NONE', #149, #1651, #2367, .T. ) ;
#1154 = APPROVAL ( #2018, 'æœª' ) ;
#1155 = CARTESIAN_POINT ( 'NONE',  ( -3.531743148379001607, 17.77365514392580081, -6.616403126614791574 ) ) ;
#1156 = DIRECTION ( 'NONE',  ( 0.000000000000000000, -0.4472135954999572616, -0.8944271909999161885 ) ) ;
#1157 = ORIENTED_EDGE ( 'NONE', *, *, #578, .F. ) ;
#1158 = ORIENTED_EDGE ( 'NONE', *, *, #469, .F. ) ;
#1159 = DIRECTION ( 'NONE',  ( -0.000000000000000000, -0.000000000000000000, 1.000000000000000000 ) ) ;
#1160 = DIRECTION ( 'NONE',  ( -0.8660254037844363761, -2.006235119228033558E-18, 0.5000000000000039968 ) ) ;
#1161 = PLANE ( 'NONE',  #152 ) ;
#1162 = CARTESIAN_POINT ( 'NONE',  ( 7.498426092267218124, 17.09232012197887940, -0.1685259533735084247 ) ) ;
#1163 =( BOUNDED_CURVE ( )  B_SPLINE_CURVE ( 3, ( #2659, #94, #1169, #784 ),
 .UNSPECIFIED., .F., .T. ) 
 B_SPLINE_CURVE_WITH_KNOTS ( ( 4, 4 ),
 ( 1.389823372990317774, 1.570796326794896780 ),
 .UNSPECIFIED. ) 
 CURVE ( )  GEOMETRIC_REPRESENTATION_ITEM ( )  RATIONAL_B_SPLINE_CURVE ( ( 1.000000000000000000, 0.9972725942163662705, 0.9972725942163662705, 1.000000000000000000 ) ) 
 REPRESENTATION_ITEM ( '' )  );
#1164 = ORIENTED_EDGE ( 'NONE', *, *, #631, .T. ) ;
#1165 = AXIS2_PLACEMENT_3D ( 'NONE', #453, #527, #100 ) ;
#1166 = DIRECTION ( 'NONE',  ( 0.4999999999999933942, 0.000000000000000000, -0.8660254037844425934 ) ) ;
#1167 = AXIS2_PLACEMENT_3D ( 'NONE', #586, #1654, #2087 ) ;
#1168 = ORIENTED_EDGE ( 'NONE', *, *, #1066, .F. ) ;
#1169 = CARTESIAN_POINT ( 'NONE',  ( -0.4530508863274709808, 22.31642755438727832, 7.499999999999999112 ) ) ;
#1170 = EDGE_CURVE ( 'NONE', #567, #2389, #2381, .T. ) ;
#1171 = EDGE_LOOP ( 'NONE', ( #1975, #1564, #255, #28, #362 ) ) ;
#1172 = CARTESIAN_POINT ( 'NONE',  ( -25.10576211353331644, 21.96891108675447413, -16.51554445662252846 ) ) ;
#1173 = CALENDAR_DATE ( 2026, 20, 8 ) ;
#1174 = AXIS2_PLACEMENT_3D ( 'NONE', #2085, #1665, #2507 ) ;
#1175 = ADVANCED_FACE ( 'NONE', ( #690 ), #26, .F. ) ;
#1176 = EDGE_LOOP ( 'NONE', ( #280, #2068, #368, #1035 ) ) ;
#1177 = AXIS2_PLACEMENT_3D ( 'NONE', #318, #963, #2718 ) ;
#1178 = DIRECTION ( 'NONE',  ( 0.8660254037844432595, -3.147411765146324234E-17, 0.4999999999999919509 ) ) ;
#1179 = ORIENTED_EDGE ( 'NONE', *, *, #2330, .T. ) ;
#1180 = DIRECTION ( 'NONE',  ( -0.5000000000000048850, 0.000000000000000000, -0.8660254037844358210 ) ) ;
#1181 = CARTESIAN_POINT ( 'NONE',  ( -23.63268590218000043, 17.86602540378444104, -17.06698729810755921 ) ) ;
#1182 = DIRECTION ( 'NONE',  ( 0.000000000000000000, -0.4472135954999600371, 0.8944271909999148562 ) ) ;
#1183 = CARTESIAN_POINT ( 'NONE',  ( 7.496470944595874819, 17.04194539803954811, -0.2441987217555705025 ) ) ;
#1184 = ORIENTED_EDGE ( 'NONE', *, *, #556, .F. ) ;
#1185 = DIRECTION ( 'NONE',  ( 0.2499999999999958922, -0.8660254037844388186, -0.4330127018922215187 ) ) ;
#1186 = ORIENTED_EDGE ( 'NONE', *, *, #644, .T. ) ;
#1187 = ORIENTED_EDGE ( 'NONE', *, *, #1889, .T. ) ;
#1188 = CARTESIAN_POINT ( 'NONE',  ( 2.098076211353304465, 23.00000000000000000, 7.200560826168567630 ) ) ;
#1189 = VERTEX_POINT ( 'NONE', #1088 ) ;
#1190 = CARTESIAN_POINT ( 'NONE',  ( 7.423778313713071064, 20.46978613233703470, -1.265977829384409059 ) ) ;
#1191 = VECTOR ( 'NONE', #1115, 1000.000000000000114 ) ;
#1192 = PRODUCT_DEFINITION_FORMATION_WITH_SPECIFIED_SOURCE ( 'ä»', '', #1616, .NOT_KNOWN. ) ;
#1193 = PERSON_AND_ORGANIZATION ( #542, #1415 ) ;
#1194 = DIRECTION ( 'NONE',  ( 0.000000000000000000, -0.8320502943378431659, 0.5547001962252297025 ) ) ;
#1195 = DIRECTION ( 'NONE',  ( 0.4330127018922124149, 0.4999999999999998890, -0.7500000000000041078 ) ) ;
#1196 = CARTESIAN_POINT ( 'NONE',  ( 23.38268590217975884, 23.00000000000000711, -17.50000000000010658 ) ) ;
#1197 = CARTESIAN_POINT ( 'NONE',  ( 2.964101615137752166, 22.13397459621556607, 28.99999999999999645 ) ) ;
#1198 = EDGE_CURVE ( 'NONE', #1590, #363, #816, .T. ) ;
#1199 = EDGE_CURVE ( 'NONE', #2773, #316, #1288, .T. ) ;
#1200 = DIRECTION ( 'NONE',  ( -0.8660254037844384856, 0.5000000000000004441, 0.000000000000000000 ) ) ;
#1201 = CARTESIAN_POINT ( 'NONE',  ( 26.80964090017501178, 16.95710678118655679, -11.56433982822028561 ) ) ;
#1202 = CARTESIAN_POINT ( 'NONE',  ( 27.96281292110197825, 17.86602540378443749, -11.56698729810791093 ) ) ;
#1203 = ORIENTED_EDGE ( 'NONE', *, *, #2269, .T. ) ;
#1204 = LINE ( 'NONE', #361, #2369 ) ;
#1205 = ORIENTED_EDGE ( 'NONE', *, *, #1581, .F. ) ;
#1206 = ORIENTED_EDGE ( 'NONE', *, *, #731, .T. ) ;
#1207 = LINE ( 'NONE', #975, #71 ) ;
#1208 = DIRECTION ( 'NONE',  ( 4.510281037539703494E-14, 0.4472135954999676977, -0.8944271909999110814 ) ) ;
#1209 = CARTESIAN_POINT ( 'NONE',  ( 2.964101615137753054, 22.13397459621556607, 28.99999999999999645 ) ) ;
#1210 = ADVANCED_FACE ( 'NONE', ( #649 ), #1330, .T. ) ;
#1211 = APPROVAL ( #2235, 'æœª' ) ;
#1212 = ORIENTED_EDGE ( 'NONE', *, *, #518, .F. ) ;
#1213 = DIRECTION ( 'NONE',  ( 0.000000000000000000, 0.8320502943378453864, 0.5547001962252265939 ) ) ;
#1214 = CIRCLE ( 'NONE', #2317, 1.000000000000000888 ) ;
#1215 = DIRECTION ( 'NONE',  ( 1.000000000000000000, 0.000000000000000000, -0.000000000000000000 ) ) ;
#1216 = EDGE_CURVE ( 'NONE', #1634, #709, #2547, .T. ) ;
#1217 = VECTOR ( 'NONE', #1511, 999.9999999999998863 ) ;
#1218 = ORIENTED_EDGE ( 'NONE', *, *, #1842, .F. ) ;
#1219 = DIRECTION ( 'NONE',  ( -0.000000000000000000, 0.000000000000000000, -1.000000000000000000 ) ) ;
#1220 = ORIENTED_EDGE ( 'NONE', *, *, #1919, .T. ) ;
#1221 = DIRECTION ( 'NONE',  ( 1.000000000000000000, -7.523163845262626038E-30, 2.168404344971006896E-15 ) ) ;
#1222 = CIRCLE ( 'NONE', #2540, 0.9999999999999995559 ) ;
#1223 = DIRECTION ( 'NONE',  ( 0.4999999999999933942, 0.000000000000000000, -0.8660254037844425934 ) ) ;
#1224 = CIRCLE ( 'NONE', #1126, 5.500000000000000000 ) ;
#1225 = ORIENTED_EDGE ( 'NONE', *, *, #1547, .T. ) ;
#1226 = EDGE_LOOP ( 'NONE', ( #1283, #2327, #984, #1362 ) ) ;
#1227 = CARTESIAN_POINT ( 'NONE',  ( 6.995190528383286477, 12.11602540378444104, 28.99999999999999645 ) ) ;
#1228 = CARTESIAN_POINT ( 'NONE',  ( 9.184850993605147944E-16, 23.00000000000000000, 7.500000000000000000 ) ) ;
#1229 = VECTOR ( 'NONE', #892, 1000.000000000000114 ) ;
#1230 = EDGE_CURVE ( 'NONE', #481, #1646, #2557, .T. ) ;
#1231 = ORIENTED_EDGE ( 'NONE', *, *, #437, .T. ) ;
#1232 = CARTESIAN_POINT ( 'NONE',  ( -27.71281292110214522, 23.00000000000000711, -11.99999999999974420 ) ) ;
#1233 = EDGE_CURVE ( 'NONE', #1189, #2641, #1496, .T. ) ;
#1234 = EDGE_CURVE ( 'NONE', #2420, #1142, #439, .T. ) ;
#1235 = CARTESIAN_POINT ( 'NONE',  ( -28.61233197394044225, 12.11602540378443926, -8.441987298107516580 ) ) ;
#1236 = VECTOR ( 'NONE', #1318, 1000.000000000000114 ) ;
#1237 = CARTESIAN_POINT ( 'NONE',  ( 0.000000000000000000, 15.00000000000000000, 0.000000000000000000 ) ) ;
#1238 = DIRECTION ( 'NONE',  ( 0.8660254037844433705, -2.775557561562891351E-17, 0.4999999999999920064 ) ) ;
#1239 = CARTESIAN_POINT ( 'NONE',  ( -7.496177426948568367, 22.28117566308612751, 0.2395085381763025767 ) ) ;
#1240 = AXIS2_PLACEMENT_3D ( 'NONE', #435, #916, #1714 ) ;
#1241 = ORIENTED_EDGE ( 'NONE', *, *, #2448, .T. ) ;
#1242 = ORIENTED_EDGE ( 'NONE', *, *, #2357, .F. ) ;
#1243 = CARTESIAN_POINT ( 'NONE',  ( -1.091081377402107311, 21.11019161914731868, 28.99999999999999645 ) ) ;
#1244 = CARTESIAN_POINT ( 'NONE',  ( 26.72635259098183624, 21.00298526046539749, -13.70859941141936744 ) ) ;
#1245 = ORIENTED_EDGE ( 'NONE', *, *, #786, .T. ) ;
#1246 = CARTESIAN_POINT ( 'NONE',  ( -3.903154950481067864, 17.51065419160293146, 6.404388162328937817 ) ) ;
#1247 = EDGE_CURVE ( 'NONE', #1152, #2132, #1720, .T. ) ;
#1248 = CARTESIAN_POINT ( 'NONE',  ( 2.098076211353304465, 23.00000000000000000, 7.200560826168567630 ) ) ;
#1249 = CARTESIAN_POINT ( 'NONE',  ( 1.349900422504620723, 17.92388255456361179, 7.377517797289400825 ) ) ;
#1250 = CARTESIAN_POINT ( 'NONE',  ( -1.491180954897477040, 21.00298526046539749, 30.00000000000000000 ) ) ;
#1251 = VERTEX_POINT ( 'NONE', #1965 ) ;
#1252 = CARTESIAN_POINT ( 'NONE',  ( -2.889808380852683101, 16.82313218497098006, 28.99999999999999645 ) ) ;
#1253 = CARTESIAN_POINT ( 'NONE',  ( 5.050965796213914061, 23.04838882718829041, -5.547353056910412583 ) ) ;
#1254 = DIRECTION ( 'NONE',  ( 0.4829629131445380974, -0.2588190451025201289, 0.8365163037378057220 ) ) ;
#1255 = VERTEX_POINT ( 'NONE', #486 ) ;
#1256 = CIRCLE ( 'NONE', #589, 5.500000000000000000 ) ;
#1257 = DIRECTION ( 'NONE',  ( 0.000000000000000000, 0.8320502943378429439, -0.5547001962252303686 ) ) ;
#1258 = LINE ( 'NONE', #1693, #1834 ) ;
#1259 = CIRCLE ( 'NONE', #2680, 7.500000000000000000 ) ;
#1260 = DIRECTION ( 'NONE',  ( 0.000000000000000000, 0.8320502943378463856, 0.5547001962252251506 ) ) ;
#1261 = EDGE_CURVE ( 'NONE', #1570, #433, #2602, .T. ) ;
#1262 = PLANE ( 'NONE',  #767 ) ;
#1263 = DIRECTION ( 'NONE',  ( -1.000000000000000000, 0.000000000000000000, 0.000000000000000000 ) ) ;
#1264 = EDGE_CURVE ( 'NONE', #2170, #534, #2247, .T. ) ;
#1265 = ORIENTED_EDGE ( 'NONE', *, *, #79, .T. ) ;
#1266 = DIRECTION ( 'NONE',  ( 0.000000000000000000, 1.000000000000000000, 0.000000000000000000 ) ) ;
#1267 = CARTESIAN_POINT ( 'NONE',  ( -3.669298160792034746, 18.36602540378443749, -6.541120011680584767 ) ) ;
#1268 = AXIS2_PLACEMENT_3D ( 'NONE', #150, #1689, #1865 ) ;
#1269 = CARTESIAN_POINT ( 'NONE',  ( -2.889808380852681768, 17.82313218497098006, 28.99999999999999645 ) ) ;
#1270 = VECTOR ( 'NONE', #2377, 999.9999999999998863 ) ;
#1271 = CARTESIAN_POINT ( 'NONE',  ( 27.46281292110197469, 17.86602540378443749, -12.43301270189234486 ) ) ;
#1272 = CIRCLE ( 'NONE', #950, 7.500000000000000000 ) ;
#1273 = ORIENTED_EDGE ( 'NONE', *, *, #2509, .F. ) ;
#1274 = CARTESIAN_POINT ( 'NONE',  ( 1.349900422504620723, 17.92388255456360824, 30.00000000000000000 ) ) ;
#1275 = DIRECTION ( 'NONE',  ( -0.4330127018922124149, -0.4999999999999998890, 0.7500000000000041078 ) ) ;
#1276 = CYLINDRICAL_SURFACE ( 'NONE', #1004, 7.500000000000000000 ) ;
#1277 = EDGE_CURVE ( 'NONE', #497, #900, #2307, .T. ) ;
#1278 = EDGE_CURVE ( 'NONE', #1957, #2550, #2042, .T. ) ;
#1279 = ORIENTED_EDGE ( 'NONE', *, *, #311, .T. ) ;
#1280 = FACE_OUTER_BOUND ( 'NONE', #1475, .T. ) ;
#1281 = CARTESIAN_POINT ( 'NONE',  ( 4.762212191103143866, 23.14279364131807881, -5.787469292932351017 ) ) ;
#1282 = LINE ( 'NONE', #400, #1751 ) ;
#1283 = ORIENTED_EDGE ( 'NONE', *, *, #1233, .F. ) ;
#1284 = EDGE_LOOP ( 'NONE', ( #2594, #127, #1698, #2546, #2220 ) ) ;
#1285 = CARTESIAN_POINT ( 'NONE',  ( -7.248704886791389690, 18.38980838085269198, -1.925169463763290567 ) ) ;
#1286 = CARTESIAN_POINT ( 'NONE',  ( -26.59678751731771129, 22.13397459621556251, -11.93301270189197538 ) ) ;
#1287 = EDGE_LOOP ( 'NONE', ( #1061, #2145, #1527, #1986, #1960, #1348, #446, #1361 ) ) ;
#1288 = LINE ( 'NONE', #1745, #2637 ) ;
#1289 = FACE_OUTER_BOUND ( 'NONE', #209, .T. ) ;
#1290 = EDGE_CURVE ( 'NONE', #1646, #2097, #760, .T. ) ;
#1291 = DIRECTION ( 'NONE',  ( 0.2500000000000018319, -0.8660254037844387076, 0.4330127018922180215 ) ) ;
#1292 = EDGE_CURVE ( 'NONE', #1152, #583, #549, .T. ) ;
#1293 = ORIENTED_EDGE ( 'NONE', *, *, #1374, .T. ) ;
#1294 = FACE_OUTER_BOUND ( 'NONE', #2664, .T. ) ;
#1295 = AXIS2_PLACEMENT_3D ( 'NONE', #2217, #1327, #2394 ) ;
#1296 = ORIENTED_EDGE ( 'NONE', *, *, #1032, .F. ) ;
#1297 = DIRECTION ( 'NONE',  ( -0.4999999999999898970, 0.000000000000000000, 0.8660254037844443697 ) ) ;
#1298 = ORIENTED_EDGE ( 'NONE', *, *, #1153, .T. ) ;
#1299 = CARTESIAN_POINT ( 'NONE',  ( -4.625622651283024744, 16.85720635868192474, -5.708609285348611451 ) ) ;
#1300 = DIRECTION ( 'NONE',  ( -0.2500000000000012212, 0.8660254037844394848, -0.4330127018922166338 ) ) ;
#1301 = FACE_OUTER_BOUND ( 'NONE', #2520, .T. ) ;
#1302 = CIRCLE ( 'NONE', #1702, 0.9999999999999998890 ) ;
#1303 = LINE ( 'NONE', #198, #1612 ) ;
#1304 = LINE ( 'NONE', #2076, #1474 ) ;
#1305 = CARTESIAN_POINT ( 'NONE',  ( 0.000000000000000000, 25.00000000000000000, -7.500000000000000000 ) ) ;
#1306 = VECTOR ( 'NONE', #609, 1000.000000000000114 ) ;
#1307 = AXIS2_PLACEMENT_3D ( 'NONE', #638, #653, #1710 ) ;
#1308 = EDGE_LOOP ( 'NONE', ( #510, #239, #344 ) ) ;
#1309 = EDGE_CURVE ( 'NONE', #1084, #3, #1843, .T. ) ;
#1310 = EDGE_CURVE ( 'NONE', #1948, #2669, #2039, .T. ) ;
#1311 = DIRECTION ( 'NONE',  ( 0.4999999999999933942, 0.000000000000000000, -0.8660254037844425934 ) ) ;
#1312 = VECTOR ( 'NONE', #2261, 999.9999999999998863 ) ;
#1313 = EDGE_LOOP ( 'NONE', ( #1538, #1954, #1044, #1212 ) ) ;
#1314 = FACE_BOUND ( 'NONE', #1912, .T. ) ;
#1315 = DIRECTION ( 'NONE',  ( 0.000000000000000000, 0.8320502943378420557, -0.5547001962252314788 ) ) ;
#1316 = ORIENTED_EDGE ( 'NONE', *, *, #104, .F. ) ;
#1317 = DIRECTION ( 'NONE',  ( 0.4829629131445264401, -0.2588190451025206285, -0.8365163037378124944 ) ) ;
#1318 = DIRECTION ( 'NONE',  ( -0.2500000000000018319, 0.8660254037844387076, -0.4330127018922180215 ) ) ;
#1319 = ORIENTED_EDGE ( 'NONE', *, *, #2128, .T. ) ;
#1320 = VECTOR ( 'NONE', #1977, 999.9999999999998863 ) ;
#1321 = DIRECTION ( 'NONE',  ( -0.8660254037844362651, 0.000000000000000000, 0.5000000000000041078 ) ) ;
#1322 = ORIENTED_EDGE ( 'NONE', *, *, #537, .F. ) ;
#1323 = ORIENTED_EDGE ( 'NONE', *, *, #1968, .F. ) ;
#1324 = CARTESIAN_POINT ( 'NONE',  ( 4.052258108379204415, 23.01423639545550870, -6.311099518787604445 ) ) ;
#1325 = EDGE_CURVE ( 'NONE', #917, #2706, #2078, .T. ) ;
#1326 = VERTEX_POINT ( 'NONE', #2203 ) ;
#1327 = DIRECTION ( 'NONE',  ( -0.9659258262890685343, -0.2588190451025204064, -3.411380257512395155E-15 ) ) ;
#1328 = FACE_OUTER_BOUND ( 'NONE', #1110, .T. ) ;
#1329 = ORIENTED_EDGE ( 'NONE', *, *, #1509, .F. ) ;
#1330 = SPHERICAL_SURFACE ( 'NONE', #2731, 1.000000000000000000 ) ;
#1331 = DIRECTION ( 'NONE',  ( 0.4999999999999996669, 0.8660254037844388186, 0.000000000000000000 ) ) ;
#1332 = CARTESIAN_POINT ( 'NONE',  ( 7.440337276682162937, 16.81461694050827660, -0.9547011763161664666 ) ) ;
#1333 = LINE ( 'NONE', #2577, #275 ) ;
#1334 = DIRECTION ( 'NONE',  ( -0.8660254037844432595, 2.403703357979458776E-17, -0.4999999999999919509 ) ) ;
#1335 = ORIENTED_EDGE ( 'NONE', *, *, #1874, .T. ) ;
#1336 = CARTESIAN_POINT ( 'NONE',  ( 4.023369234857770316, 0.000000000000000000, -3.750000000000000000 ) ) ;
#1337 = CIRCLE ( 'NONE', #1437, 1.000000000000000000 ) ;
#1338 = EDGE_CURVE ( 'NONE', #2389, #70, #170, .T. ) ;
#1339 = CARTESIAN_POINT ( 'NONE',  ( 27.42566630395945282, 17.82313218497099427, -12.49735253011250968 ) ) ;
#1340 = VECTOR ( 'NONE', #197, 1000.000000000000000 ) ;
#1341 = ORIENTED_EDGE ( 'NONE', *, *, #1428, .T. ) ;
#1342 = CARTESIAN_POINT ( 'NONE',  ( 3.389808380852686209, 23.04289321881345387, 30.00000000000000000 ) ) ;
#1343 = ADVANCED_FACE ( 'NONE', ( #2240 ), #1565, .T. ) ;
#1344 = LINE ( 'NONE', #1966, #1236 ) ;
#1345 = VERTEX_POINT ( 'NONE', #287 ) ;
#1346 = CYLINDRICAL_SURFACE ( 'NONE', #1128, 1.000000000000000000 ) ;
#1347 = ORIENTED_EDGE ( 'NONE', *, *, #354, .T. ) ;
#1348 = ORIENTED_EDGE ( 'NONE', *, *, #981, .F. ) ;
#1349 = AXIS2_PLACEMENT_3D ( 'NONE', #1227, #1459, #1677 ) ;
#1350 = CARTESIAN_POINT ( 'NONE',  ( 7.248704886791359492, 21.61019161914731868, -1.925169463763398703 ) ) ;
#1351 = AXIS2_PLACEMENT_3D ( 'NONE', #555, #1439, #345 ) ;
#1352 = CIRCLE ( 'NONE', #1625, 1.000000000000000000 ) ;
#1353 = ORIENTED_EDGE ( 'NONE', *, *, #253, .T. ) ;
#1354 = CARTESIAN_POINT ( 'NONE',  ( 2.278665772938675449, 23.04838882718829041, 7.147941221622764907 ) ) ;
#1355 = FACE_OUTER_BOUND ( 'NONE', #2566, .T. ) ;
#1356 = CARTESIAN_POINT ( 'NONE',  ( 7.500106053590047672, 17.27917296888845300, 0.03275379934574278867 ) ) ;
#1357 = ADVANCED_FACE ( 'NONE', ( #947 ), #1014, .T. ) ;
#1358 = EDGE_LOOP ( 'NONE', ( #758, #1626, #1157, #485 ) ) ;
#1359 = CARTESIAN_POINT ( 'NONE',  ( 3.414651129479342462, 23.02855025120644683, 6.677472552352161195 ) ) ;
#1360 = ORIENTED_EDGE ( 'NONE', *, *, #2174, .T. ) ;
#1361 = ORIENTED_EDGE ( 'NONE', *, *, #118, .F. ) ;
#1362 = ORIENTED_EDGE ( 'NONE', *, *, #1447, .F. ) ;
#1363 = LINE ( 'NONE', #1424, #820 ) ;
#1364 = CC_DESIGN_APPROVAL ( #1154, ( #941 ) ) ;
#1365 = ORIENTED_EDGE ( 'NONE', *, *, #560, .F. ) ;
#1366 = DATE_TIME_ROLE ( 'creation_date' ) ;
#1367 = DIRECTION ( 'NONE',  ( 0.000000000000000000, 0.000000000000000000, 1.000000000000000000 ) ) ;
#1368 = ORIENTED_EDGE ( 'NONE', *, *, #981, .T. ) ;
#1369 = DIRECTION ( 'NONE',  ( 0.000000000000000000, 0.8320502943378463856, 0.5547001962252251506 ) ) ;
#1370 = CARTESIAN_POINT ( 'NONE',  ( -3.830127018922192761, 18.36602540378443749, 6.448265427145677187 ) ) ;
#1371 = PLANE ( 'NONE',  #1515 ) ;
#1372 = ORIENTED_EDGE ( 'NONE', *, *, #1870, .F. ) ;
#1373 = FACE_OUTER_BOUND ( 'NONE', #2297, .T. ) ;
#1374 = EDGE_CURVE ( 'NONE', #905, #2214, #2005, .T. ) ;
#1375 = ORIENTED_EDGE ( 'NONE', *, *, #1032, .T. ) ;
#1376 = CARTESIAN_POINT ( 'NONE',  ( 2.964101615137753054, 22.13397459621556607, 28.99999999999999645 ) ) ;
#1377 = VERTEX_POINT ( 'NONE', #1405 ) ;
#1378 = CARTESIAN_POINT ( 'NONE',  ( 9.184850993605147944E-16, 15.00000000000000000, 7.500000000000000000 ) ) ;
#1379 = EDGE_CURVE ( 'NONE', #1875, #2158, #858, .T. ) ;
#1380 = ORIENTED_EDGE ( 'NONE', *, *, #599, .T. ) ;
#1381 = MECHANICAL_CONTEXT ( 'NONE', #456, 'mechanical' ) ;
#1382 = ORIENTED_EDGE ( 'NONE', *, *, #878, .F. ) ;
#1383 = AXIS2_PLACEMENT_3D ( 'NONE', #2136, #1715, #659 ) ;
#1384 = CARTESIAN_POINT ( 'NONE',  ( 5.714167618072092836, 17.92388255456362955, -4.857806957113084856 ) ) ;
#1385 = VERTEX_POINT ( 'NONE', #1803 ) ;
#1386 = CARTESIAN_POINT ( 'NONE',  ( -23.63268590218000043, 17.86602540378444104, -17.06698729810755921 ) ) ;
#1387 = PLANE ( 'NONE',  #1177 ) ;
#1388 = CARTESIAN_POINT ( 'NONE',  ( -24.56919602104781220, 21.11019161914732578, -15.44490419042610974 ) ) ;
#1389 = VECTOR ( 'NONE', #1195, 1000.000000000000114 ) ;
#1390 = CYLINDRICAL_SURFACE ( 'NONE', #996, 1.000000000000000000 ) ;
#1391 = DIRECTION ( 'NONE',  ( -0.4999999999999907296, 0.000000000000000000, 0.8660254037844440367 ) ) ;
#1392 = CARTESIAN_POINT ( 'NONE',  ( -22.94967320028779767, 17.49999999999999645, -18.24999999999978684 ) ) ;
#1393 = CARTESIAN_POINT ( 'NONE',  ( -28.61233197394044225, 11.28397510944659388, -8.996687494332743285 ) ) ;
#1394 = ORIENTED_EDGE ( 'NONE', *, *, #334, .F. ) ;
#1395 = CARTESIAN_POINT ( 'NONE',  ( 3.669298160791941932, 21.63397459621556607, -6.541120011680633617 ) ) ;
#1396 = ORIENTED_EDGE ( 'NONE', *, *, #1016, .T. ) ;
#1397 = ADVANCED_FACE ( 'NONE', ( #530 ), #1387, .F. ) ;
#1398 = EDGE_CURVE ( 'NONE', #2214, #1819, #2291, .T. ) ;
#1399 = DATE_AND_TIME ( #772, #957 ) ;
#1400 = VECTOR ( 'NONE', #1596, 1000.000000000000114 ) ;
#1401 = CARTESIAN_POINT ( 'NONE',  ( -1.091081377402104868, 21.11019161914732223, 28.99999999999999645 ) ) ;
#1402 = VECTOR ( 'NONE', #2101, 1000.000000000000114 ) ;
#1403 = LINE ( 'NONE', #2256, #1389 ) ;
#1404 = ORIENTED_EDGE ( 'NONE', *, *, #1543, .F. ) ;
#1405 = CARTESIAN_POINT ( 'NONE',  ( 3.464101615137762824, 23.00000000000000000, 6.652067347825029842 ) ) ;
#1406 = CARTESIAN_POINT ( 'NONE',  ( -7.488368128564956372, 23.04289321881345742, -0.4091977924448324533 ) ) ;
#1407 = ORIENTED_EDGE ( 'NONE', *, *, #9, .T. ) ;
#1408 = DIRECTION ( 'NONE',  ( 0.000000000000000000, 0.000000000000000000, -1.000000000000000000 ) ) ;
#1409 = DIRECTION ( 'NONE',  ( -0.2500000000000018319, 0.8660254037844388186, -0.4330127018922178550 ) ) ;
#1410 = EDGE_LOOP ( 'NONE', ( #1414, #1740, #119, #1603 ) ) ;
#1411 = CARTESIAN_POINT ( 'NONE',  ( 2.630989335750166802, 23.14279364131808236, 6.843058403687849456 ) ) ;
#1412 = CARTESIAN_POINT ( 'NONE',  ( 3.531054693649992249, 22.07741426522892780, -6.616777801866561504 ) ) ;
#1413 = CIRCLE ( 'NONE', #199, 0.9999999999999985567 ) ;
#1414 = ORIENTED_EDGE ( 'NONE', *, *, #1663, .T. ) ;
#1415 = ORGANIZATION ( 'æœª', 'æœª', '' ) ;
#1416 = ADVANCED_FACE ( 'NONE', ( #2502 ), #1938, .T. ) ;
#1417 = CC_DESIGN_PERSON_AND_ORGANIZATION_ASSIGNMENT ( #1193, #2253, ( #941 ) ) ;
#1418 = FACE_OUTER_BOUND ( 'NONE', #744, .T. ) ;
#1419 = CARTESIAN_POINT ( 'NONE',  ( 1.749999999999994671, 18.03108891324552943, 30.00000000000000000 ) ) ;
#1420 = ORIENTED_EDGE ( 'NONE', *, *, #618, .T. ) ;
#1421 = ORIENTED_EDGE ( 'NONE', *, *, #1925, .T. ) ;
#1422 = CYLINDRICAL_SURFACE ( 'NONE', #92, 0.9999999999999985567 ) ;
#1423 = DIRECTION ( 'NONE',  ( 0.000000000000000000, 0.000000000000000000, 1.000000000000000000 ) ) ;
#1424 = CARTESIAN_POINT ( 'NONE',  ( -1.349900422504625386, 22.07611744543638821, 30.00000000000000000 ) ) ;
#1425 = EDGE_LOOP ( 'NONE', ( #204, #32, #211, #2366 ) ) ;
#1426 = DIRECTION ( 'NONE',  ( 0.8660254037844432595, -7.437084071668700797E-18, 0.4999999999999919509 ) ) ;
#1427 = LINE ( 'NONE', #797, #1831 ) ;
#1428 = EDGE_CURVE ( 'NONE', #689, #2478, #2565, .T. ) ;
#1429 = CARTESIAN_POINT ( 'NONE',  ( 0.000000000000000000, 15.00000000000000000, 0.000000000000000000 ) ) ;
#1430 = EDGE_LOOP ( 'NONE', ( #866, #2713, #2397, #874 ) ) ;
#1431 = CARTESIAN_POINT ( 'NONE',  ( -3.964101615137752610, 18.04471795604531792, 6.366780849445208723 ) ) ;
#1432 = EDGE_CURVE ( 'NONE', #1516, #900, #1662, .T. ) ;
#1433 = EDGE_CURVE ( 'NONE', #432, #709, #848, .T. ) ;
#1434 = ORIENTED_EDGE ( 'NONE', *, *, #1137, .T. ) ;
#1435 = CYLINDRICAL_SURFACE ( 'NONE', #1349, 1.000000000000000444 ) ;
#1436 = DIRECTION ( 'NONE',  ( -0.000000000000000000, -1.000000000000000000, -0.000000000000000000 ) ) ;
#1437 = AXIS2_PLACEMENT_3D ( 'NONE', #1401, #1367, #1638 ) ;
#1438 = AXIS2_PLACEMENT_3D ( 'NONE', #1556, #2212, #1602 ) ;
#1439 = DIRECTION ( 'NONE',  ( -0.1294095225512611191, -0.9659258262890684232, -0.2241438680420122787 ) ) ;
#1440 = DIRECTION ( 'NONE',  ( -0.4999999999999966138, 0.000000000000000000, 0.8660254037844404840 ) ) ;
#1441 = VECTOR ( 'NONE', #359, 1000.000000000000000 ) ;
#1442 = CARTESIAN_POINT ( 'NONE',  ( 0.000000000000000000, 23.00000000000000000, 5.500000000000000000 ) ) ;
#1443 = ORIENTED_EDGE ( 'NONE', *, *, #206, .F. ) ;
#1444 = CARTESIAN_POINT ( 'NONE',  ( 7.064068040576733765, 22.07611744543638466, -2.519710840176382138 ) ) ;
#1445 = CARTESIAN_POINT ( 'NONE',  ( -3.414643499995171361, 16.97144534390881887, 6.677648155950818065 ) ) ;
#1446 = VECTOR ( 'NONE', #1666, 1000.000000000000114 ) ;
#1447 = EDGE_CURVE ( 'NONE', #2641, #1985, #2473, .T. ) ;
#1448 = ADVANCED_FACE ( 'NONE', ( #1696 ), #2118, .T. ) ;
#1449 = ORIENTED_EDGE ( 'NONE', *, *, #1099, .F. ) ;
#1450 = ORIENTED_EDGE ( 'NONE', *, *, #226, .F. ) ;
#1451 = CARTESIAN_POINT ( 'NONE',  ( -3.964101615137755275, 17.77365514392580081, 6.366780849445206947 ) ) ;
#1452 = DIRECTION ( 'NONE',  ( -0.4829629131445381529, 0.2588190451025201844, -0.8365163037378057220 ) ) ;
#1453 = AXIS2_PLACEMENT_3D ( 'NONE', #2223, #302, #1182 ) ;
#1454 = EDGE_LOOP ( 'NONE', ( #303, #994, #1130 ) ) ;
#1455 = CIRCLE ( 'NONE', #2653, 1.000000000000000222 ) ;
#1456 = DIRECTION ( 'NONE',  ( 1.000000000000000000, 0.000000000000000000, 0.000000000000000000 ) ) ;
#1457 = CARTESIAN_POINT ( 'NONE',  ( 1.957106781186540134, 18.38980838085267777, 28.99999999999999645 ) ) ;
#1458 = ORIENTED_EDGE ( 'NONE', *, *, #1750, .F. ) ;
#1459 = DIRECTION ( 'NONE',  ( 0.8660254037844388186, -0.4999999999999998335, 0.000000000000000000 ) ) ;
#1460 = CYLINDRICAL_SURFACE ( 'NONE', #861, 0.9999999999999997780 ) ;
#1461 = ORIENTED_EDGE ( 'NONE', *, *, #889, .F. ) ;
#1462 = ADVANCED_FACE ( 'NONE', ( #2515 ), #1465, .T. ) ;
#1463 = CARTESIAN_POINT ( 'NONE',  ( 0.000000000000000000, 15.00000000000000000, 0.000000000000000000 ) ) ;
#1464 = EDGE_CURVE ( 'NONE', #1795, #2097, #728, .T. ) ;
#1465 = CYLINDRICAL_SURFACE ( 'NONE', #776, 1.000000000000000222 ) ;
#1466 = CARTESIAN_POINT ( 'NONE',  ( -25.66027739844990307, 18.88980838085269198, -13.55509580957341598 ) ) ;
#1467 = LINE ( 'NONE', #1250, #2162 ) ;
#1468 = VERTEX_POINT ( 'NONE', #2351 ) ;
#1469 = CARTESIAN_POINT ( 'NONE',  ( 26.59678751731754787, 17.86602540378443749, -11.93301270189234486 ) ) ;
#1470 = CARTESIAN_POINT ( 'NONE',  ( -5.291598105604879088, 21.61019161914732933, -5.314977844615992986 ) ) ;
#1471 = CARTESIAN_POINT ( 'NONE',  ( 9.184850993605147944E-16, 22.43782217350893404, 7.500000000000000000 ) ) ;
#1472 = VECTOR ( 'NONE', #743, 1000.000000000000114 ) ;
#1473 = DIRECTION ( 'NONE',  ( 0.8660254037844362651, 0.000000000000000000, -0.5000000000000041078 ) ) ;
#1474 = VECTOR ( 'NONE', #167, 1000.000000000000000 ) ;
#1475 = EDGE_LOOP ( 'NONE', ( #1298, #904, #897, #795, #1265, #310 ) ) ;
#1476 = CARTESIAN_POINT ( 'NONE',  ( -7.499425179714164003, 21.63397459621556607, 0.09285458453501356513 ) ) ;
#1477 = EDGE_CURVE ( 'NONE', #149, #1142, #1079, .T. ) ;
#1478 = ADVANCED_FACE ( 'NONE', ( #1294 ), #1069, .T. ) ;
#1479 = FACE_OUTER_BOUND ( 'NONE', #839, .T. ) ;
#1480 = CARTESIAN_POINT ( 'NONE',  ( 7.488814731315428297, 16.95710678118655323, -0.4094556386631193479 ) ) ;
#1481 = VECTOR ( 'NONE', #1074, 1000.000000000000000 ) ;
#1482 = EDGE_LOOP ( 'NONE', ( #286, #2756, #528, #2383, #2003 ) ) ;
#1483 = LINE ( 'NONE', #2521, #1306 ) ;
#1484 = CARTESIAN_POINT ( 'NONE',  ( 0.000000000000000000, 25.00000000000000000, 0.000000000000000000 ) ) ;
#1485 = VECTOR ( 'NONE', #1976, 999.9999999999998863 ) ;
#1486 = VECTOR ( 'NONE', #2180, 1000.000000000000114 ) ;
#1487 = CARTESIAN_POINT ( 'NONE',  ( 24.53585792310673241, 22.17686781502901283, -17.50264746988771947 ) ) ;
#1488 = DIRECTION ( 'NONE',  ( 0.9659258262890683122, 0.2588190451025205729, -0.000000000000000000 ) ) ;
#1489 = ORIENTED_EDGE ( 'NONE', *, *, #812, .T. ) ;
#1490 = DIRECTION ( 'NONE',  ( -0.000000000000000000, -1.000000000000000000, -0.000000000000000000 ) ) ;
#1491 = ADVANCED_FACE ( 'NONE', ( #823 ), #1514, .T. ) ;
#1492 = FACE_OUTER_BOUND ( 'NONE', #1772, .T. ) ;
#1493 = CARTESIAN_POINT ( 'NONE',  ( 7.490334690585301658, 16.97144534390882598, -0.3816560621121979358 ) ) ;
#1494 = AXIS2_PLACEMENT_3D ( 'NONE', #1507, #868, #2618 ) ;
#1495 = ORIENTED_EDGE ( 'NONE', *, *, #2376, .T. ) ;
#1496 = LINE ( 'NONE', #2166, #1885 ) ;
#1497 = ADVANCED_FACE ( 'NONE', ( #860 ), #2102, .F. ) ;
#1498 = DIRECTION ( 'NONE',  ( 0.4330127018922219073, 0.5000000000000037748, 0.7499999999999961142 ) ) ;
#1499 = VECTOR ( 'NONE', #1518, 1000.000000000000000 ) ;
#1500 = FACE_OUTER_BOUND ( 'NONE', #721, .T. ) ;
#1501 = ORIENTED_EDGE ( 'NONE', *, *, #75, .T. ) ;
#1502 = CARTESIAN_POINT ( 'NONE',  ( -3.582489691470107651, 18.21780311528673479, -6.589815977548098225 ) ) ;
#1503 = EDGE_LOOP ( 'NONE', ( #366, #1760, #2134, #187 ) ) ;
#1504 = DIRECTION ( 'NONE',  ( -0.000000000000000000, 1.000000000000000000, 0.000000000000000000 ) ) ;
#1505 = VERTEX_POINT ( 'NONE', #1476 ) ;
#1506 = PLANE ( 'NONE',  #990 ) ;
#1507 = CARTESIAN_POINT ( 'NONE',  ( -5.350636498274707442, 19.96884726439365210, 28.99999999999999645 ) ) ;
#1508 = DIRECTION ( 'NONE',  ( 1.000000000000000000, 0.000000000000000000, 0.000000000000000000 ) ) ;
#1509 = EDGE_CURVE ( 'NONE', #2669, #2624, #835, .T. ) ;
#1510 = EDGE_CURVE ( 'NONE', #64, #1505, #1534, .T. ) ;
#1511 = DIRECTION ( 'NONE',  ( 0.4330127018922229065, 0.4999999999999997780, 0.7499999999999981126 ) ) ;
#1512 = LINE ( 'NONE', #2372, #1486 ) ;
#1513 = EDGE_LOOP ( 'NONE', ( #133, #1127, #1519, #2266 ) ) ;
#1514 = SPHERICAL_SURFACE ( 'NONE', #375, 1.000000000000000000 ) ;
#1515 = AXIS2_PLACEMENT_3D ( 'NONE', #2242, #504, #949 ) ;
#1516 = VERTEX_POINT ( 'NONE', #1712 ) ;
#1517 = AXIS2_PLACEMENT_3D ( 'NONE', #466, #1748, #1178 ) ;
#1518 = DIRECTION ( 'NONE',  ( -0.000000000000000000, -0.000000000000000000, -1.000000000000000000 ) ) ;
#1519 = ORIENTED_EDGE ( 'NONE', *, *, #2705, .F. ) ;
#1520 = CARTESIAN_POINT ( 'NONE',  ( 2.760182510726180816, 23.17741084822052144, 6.966851182807030085 ) ) ;
#1521 = LINE ( 'NONE', #919, #1191 ) ;
#1522 = DESIGN_CONTEXT ( 'detailed design', #742, 'design' ) ;
#1523 = AXIS2_PLACEMENT_3D ( 'NONE', #2627, #2419, #342 ) ;
#1524 = DIRECTION ( 'NONE',  ( -0.4999999999999998335, -0.8660254037844388186, 0.000000000000000000 ) ) ;
#1525 = FACE_OUTER_BOUND ( 'NONE', #271, .T. ) ;
#1526 = EDGE_CURVE ( 'NONE', #709, #2361, #1224, .T. ) ;
#1527 = ORIENTED_EDGE ( 'NONE', *, *, #1842, .T. ) ;
#1528 = AXIS2_PLACEMENT_3D ( 'NONE', #1899, #212, #227 ) ;
#1529 = ORIENTED_EDGE ( 'NONE', *, *, #2524, .T. ) ;
#1530 = CARTESIAN_POINT ( 'NONE',  ( 3.389808380851854874, 23.04289321881393704, 6.689715928449841087 ) ) ;
#1531 = ORIENTED_EDGE ( 'NONE', *, *, #1118, .T. ) ;
#1532 = FACE_OUTER_BOUND ( 'NONE', #101, .T. ) ;
#1533 = ORIENTED_EDGE ( 'NONE', *, *, #1216, .F. ) ;
#1534 =( BOUNDED_CURVE ( )  B_SPLINE_CURVE ( 3, ( #1285, #2133, #1926, #2766 ),
 .UNSPECIFIED., .F., .T. ) 
 B_SPLINE_CURVE_WITH_KNOTS ( ( 4, 4 ),
 ( 1.834799979312014884, 2.106776029968729702 ),
 .UNSPECIFIED. ) 
 CURVE ( )  GEOMETRIC_REPRESENTATION_ITEM ( )  RATIONAL_B_SPLINE_CURVE ( ( 1.000000000000000000, 0.9938452459560029872, 0.9938452459560029872, 1.000000000000000000 ) ) 
 REPRESENTATION_ITEM ( '' )  );
#1535 = CARTESIAN_POINT ( 'NONE',  ( 3.151442160476127352, 23.15090635356856197, 6.801033660530348079 ) ) ;
#1536 = CARTESIAN_POINT ( 'NONE',  ( -24.56919602104781220, 21.11019161914732223, -15.44490419042611151 ) ) ;
#1537 = AXIS2_PLACEMENT_3D ( 'NONE', #1991, #1806, #2241 ) ;
#1538 = ORIENTED_EDGE ( 'NONE', *, *, #1870, .T. ) ;
#1539 = DIRECTION ( 'NONE',  ( 0.8660254037844390407, -0.4999999999999993339, 0.000000000000000000 ) ) ;
#1540 = AXIS2_PLACEMENT_3D ( 'NONE', #230, #1549, #1297 ) ;
#1541 = CARTESIAN_POINT ( 'NONE',  ( 9.184850993605147944E-16, 25.00000000000000000, 7.500000000000000000 ) ) ;
#1542 = ORIENTED_EDGE ( 'NONE', *, *, #1669, .F. ) ;
#1543 = EDGE_CURVE ( 'NONE', #900, #523, #2146, .T. ) ;
#1544 = ORIENTED_EDGE ( 'NONE', *, *, #1309, .F. ) ;
#1545 = CARTESIAN_POINT ( 'NONE',  ( -7.488368128564956372, 23.04289321881345742, -0.4091977924448324533 ) ) ;
#1546 = VERTEX_POINT ( 'NONE', #1378 ) ;
#1547 = EDGE_CURVE ( 'NONE', #1345, #2389, #398, .T. ) ;
#1548 = CARTESIAN_POINT ( 'NONE',  ( 0.000000000000000000, 25.00000000000000000, 0.000000000000000000 ) ) ;
#1549 = DIRECTION ( 'NONE',  ( -0.8660254037844439257, -1.572224694841356008E-15, -0.4999999999999909517 ) ) ;
#1550 = VERTEX_POINT ( 'NONE', #1350 ) ;
#1551 = CARTESIAN_POINT ( 'NONE',  ( 3.389808380851854874, 23.04289321881393704, 6.689715928449841087 ) ) ;
#1552 = CARTESIAN_POINT ( 'NONE',  ( 0.000000000000000000, 0.000000000000000000, 30.00000000000000000 ) ) ;
#1553 = CARTESIAN_POINT ( 'NONE',  ( -7.491700894722334247, 23.01424427075082946, -0.3538240697576809368 ) ) ;
#1554 = ORIENTED_EDGE ( 'NONE', *, *, #1510, .F. ) ;
#1555 = DIRECTION ( 'NONE',  ( 0.000000000000000000, -0.4472135954999569285, -0.8944271909999164105 ) ) ;
#1556 = CARTESIAN_POINT ( 'NONE',  ( -24.56919602104781575, 21.11019161914732578, -15.44490419042610796 ) ) ;
#1557 = ORIENTED_EDGE ( 'NONE', *, *, #311, .F. ) ;
#1558 = CARTESIAN_POINT ( 'NONE',  ( -7.465589002250497153, 23.15090635356841275, -0.6712878607348033988 ) ) ;
#1559 = ORIENTED_EDGE ( 'NONE', *, *, #1379, .T. ) ;
#1560 = AXIS2_PLACEMENT_3D ( 'NONE', #865, #436, #1060 ) ;
#1561 = EDGE_CURVE ( 'NONE', #217, #2641, #2249, .T. ) ;
#1562 = EDGE_CURVE ( 'NONE', #2058, #392, #2691, .T. ) ;
#1563 = CIRCLE ( 'NONE', #1922, 1.000000000000001332 ) ;
#1564 = ORIENTED_EDGE ( 'NONE', *, *, #2357, .T. ) ;
#1565 = SPHERICAL_SURFACE ( 'NONE', #639, 1.000000000000000000 ) ;
#1566 = CARTESIAN_POINT ( 'NONE',  ( -26.55964090017517165, 22.17686781502901994, -11.99735253011215619 ) ) ;
#1567 = CARTESIAN_POINT ( 'NONE',  ( 7.492910118470331504, 16.99999999999999289, -0.3260336739125536676 ) ) ;
#1568 = CYLINDRICAL_SURFACE ( 'NONE', #2466, 5.500000000000000000 ) ;
#1569 = VERTEX_POINT ( 'NONE', #1949 ) ;
#1570 = VERTEX_POINT ( 'NONE', #1530 ) ;
#1571 = FACE_OUTER_BOUND ( 'NONE', #1890, .T. ) ;
#1572 = CIRCLE ( 'NONE', #1934, 1.000000000000001332 ) ;
#1573 = ORIENTED_EDGE ( 'NONE', *, *, #2481, .T. ) ;
#1574 = AXIS2_PLACEMENT_3D ( 'NONE', #411, #1498, #2348 ) ;
#1575 = DATE_AND_TIME ( #1816, #1811 ) ;
#1576 = EDGE_CURVE ( 'NONE', #1614, #2011, #1931, .T. ) ;
#1577 = ORIENTED_EDGE ( 'NONE', *, *, #1048, .T. ) ;
#1578 = DIRECTION ( 'NONE',  ( 0.4330127018922123594, 0.5000000000000044409, -0.7500000000000013323 ) ) ;
#1579 = CYLINDRICAL_SURFACE ( 'NONE', #1981, 1.000000000000000000 ) ;
#1580 = ORIENTED_EDGE ( 'NONE', *, *, #627, .T. ) ;
#1581 = EDGE_CURVE ( 'NONE', #2648, #1385, #1848, .T. ) ;
#1582 = FACE_OUTER_BOUND ( 'NONE', #1108, .T. ) ;
#1583 = AXIS2_PLACEMENT_3D ( 'NONE', #1388, #2699, #1597 ) ;
#1584 = CARTESIAN_POINT ( 'NONE',  ( -27.89582562299436219, 21.63397459621556251, -11.68301270189196295 ) ) ;
#1585 = AXIS2_PLACEMENT_3D ( 'NONE', #394, #177, #408 ) ;
#1586 = ORIENTED_EDGE ( 'NONE', *, *, #1526, .F. ) ;
#1587 = ORIENTED_EDGE ( 'NONE', *, *, #139, .F. ) ;
#1588 = CARTESIAN_POINT ( 'NONE',  ( -7.413561364059677139, 23.17741084822056408, -1.093037418032903441 ) ) ;
#1589 = APPROVAL_PERSON_ORGANIZATION ( #297, #1154, #1605 ) ;
#1590 = VERTEX_POINT ( 'NONE', #1109 ) ;
#1591 = SPHERICAL_SURFACE ( 'NONE', #2343, 1.000000000000000000 ) ;
#1592 = ORIENTED_EDGE ( 'NONE', *, *, #1581, .T. ) ;
#1593 = DIRECTION ( 'NONE',  ( -0.9013878188659962820, 0.2401922307076329310, 0.3602883460614477174 ) ) ;
#1594 = ORIENTED_EDGE ( 'NONE', *, *, #484, .T. ) ;
#1595 = CARTESIAN_POINT ( 'NONE',  ( -3.389808380852678660, 16.95710678118654258, 6.690231620885854547 ) ) ;
#1596 = DIRECTION ( 'NONE',  ( -0.4999999999999995559, -0.8660254037844389297, -0.000000000000000000 ) ) ;
#1597 = DIRECTION ( 'NONE',  ( -0.8660254037844432595, 0.000000000000000000, -0.4999999999999920619 ) ) ;
#1598 = EDGE_LOOP ( 'NONE', ( #164, #1544, #1135, #2617 ) ) ;
#1599 = FACE_OUTER_BOUND ( 'NONE', #1049, .T. ) ;
#1600 = EDGE_CURVE ( 'NONE', #316, #2420, #1708, .T. ) ;
#1601 = EDGE_CURVE ( 'NONE', #1738, #2487, #2405, .T. ) ;
#1602 = DIRECTION ( 'NONE',  ( -0.4999999999999940603, 0.000000000000000000, 0.8660254037844420383 ) ) ;
#1603 = ORIENTED_EDGE ( 'NONE', *, *, #1824, .T. ) ;
#1604 = ORIENTED_EDGE ( 'NONE', *, *, #2752, .T. ) ;
#1605 = APPROVAL_ROLE ( '' ) ;
#1606 = AXIS2_PLACEMENT_3D ( 'NONE', #706, #1775, #2224 ) ;
#1607 = DIRECTION ( 'NONE',  ( 0.4999999999999995559, 0.8660254037844389297, 0.000000000000000000 ) ) ;
#1608 = VERTEX_POINT ( 'NONE', #1143 ) ;
#1609 = CARTESIAN_POINT ( 'NONE',  ( -23.66983251932253296, 17.82313218497099072, -17.00264746988739262 ) ) ;
#1610 = DIRECTION ( 'NONE',  ( 0.4999999999999990563, 0.8660254037844391517, 3.469446951953613400E-15 ) ) ;
#1611 = CARTESIAN_POINT ( 'NONE',  ( 3.830127018922191873, 21.63397459621556607, 30.00000000000000000 ) ) ;
#1612 = VECTOR ( 'NONE', #1053, 1000.000000000000000 ) ;
#1613 = DIRECTION ( 'NONE',  ( 0.000000000000000000, 0.000000000000000000, 1.000000000000000000 ) ) ;
#1614 = VERTEX_POINT ( 'NONE', #62 ) ;
#1615 = EDGE_CURVE ( 'NONE', #494, #2124, #2432, .T. ) ;
#1616 = PRODUCT ( '\X2\62e87cae5668\X0\-3', '\X2\62e87cae5668\X0\-3', '', ( #1381 ) ) ;
#1617 = CARTESIAN_POINT ( 'NONE',  ( 22.94967320028753832, 22.50000000000000711, -18.25000000000010303 ) ) ;
#1618 = CIRCLE ( 'NONE', #1174, 1.000000000000000222 ) ;
#1619 = ORIENTED_EDGE ( 'NONE', *, *, #1699, .T. ) ;
#1620 = APPROVAL_ROLE ( '' ) ;
#1621 = CIRCLE ( 'NONE', #2501, 0.9999999999999992228 ) ;
#1622 = AXIS2_PLACEMENT_3D ( 'NONE', #629, #670, #1082 ) ;
#1623 = CARTESIAN_POINT ( 'NONE',  ( 24.24871130596419277, 23.00000000000000711, -18.00000000000011013 ) ) ;
#1624 = CARTESIAN_POINT ( 'NONE',  ( 3.667152391766107300, 22.85654530945265961, 6.542969711763121587 ) ) ;
#1625 = AXIS2_PLACEMENT_3D ( 'NONE', #108, #1613, #978 ) ;
#1626 = ORIENTED_EDGE ( 'NONE', *, *, #1969, .F. ) ;
#1627 = SPHERICAL_SURFACE ( 'NONE', #1041, 1.000000000000000000 ) ;
#1628 = CARTESIAN_POINT ( 'NONE',  ( -4.023369234857770316, 15.00000000000000000, -3.750000000000000000 ) ) ;
#1629 = ORIENTED_EDGE ( 'NONE', *, *, #2509, .T. ) ;
#1630 = ORIENTED_EDGE ( 'NONE', *, *, #1649, .T. ) ;
#1631 = DIRECTION ( 'NONE',  ( -2.168404344971006896E-15, 0.000000000000000000, 1.000000000000000000 ) ) ;
#1632 = AXIS2_PLACEMENT_3D ( 'NONE', #1566, #1956, #487 ) ;
#1633 = EDGE_CURVE ( 'NONE', #583, #1377, #508, .T. ) ;
#1634 = VERTEX_POINT ( 'NONE', #1336 ) ;
#1635 = ORIENTED_EDGE ( 'NONE', *, *, #1015, .T. ) ;
#1636 = EDGE_CURVE ( 'NONE', #917, #2088, #552, .T. ) ;
#1637 = ADVANCED_FACE ( 'NONE', ( #2216 ), #20, .F. ) ;
#1638 = DIRECTION ( 'NONE',  ( 1.000000000000000000, 0.000000000000000000, 0.000000000000000000 ) ) ;
#1639 = DIRECTION ( 'NONE',  ( -0.8660254037844433705, 2.029490077328989235E-17, -0.4999999999999920064 ) ) ;
#1640 = CARTESIAN_POINT ( 'NONE',  ( 3.887888709153707101, 22.53954030476951687, 6.413751720733643857 ) ) ;
#1641 = ORIENTED_EDGE ( 'NONE', *, *, #921, .T. ) ;
#1642 = ORIENTED_EDGE ( 'NONE', *, *, #2632, .F. ) ;
#1643 = LINE ( 'NONE', #322, #2293 ) ;
#1644 = DIRECTION ( 'NONE',  ( 0.5000000000000003331, 0.8660254037844387076, -0.000000000000000000 ) ) ;
#1645 = DIRECTION ( 'NONE',  ( 3.004629197474311357E-15, 1.000000000000000000, -1.734723475976822083E-15 ) ) ;
#1646 = VERTEX_POINT ( 'NONE', #722 ) ;
#1647 = PLANE ( 'NONE',  #763 ) ;
#1648 = ADVANCED_FACE ( 'NONE', ( #1571 ), #2677, .T. ) ;
#1649 = EDGE_CURVE ( 'NONE', #2586, #233, #1363, .T. ) ;
#1650 = DIRECTION ( 'NONE',  ( -0.8660254037844405950, 0.4999999999999968359, -0.000000000000000000 ) ) ;
#1651 = VERTEX_POINT ( 'NONE', #2035 ) ;
#1652 = CARTESIAN_POINT ( 'NONE',  ( 1.091081377402101538, 18.88980838085267777, 28.99999999999999645 ) ) ;
#1653 = CARTESIAN_POINT ( 'NONE',  ( -3.439408167363632085, 16.98574323128039154, 6.664926600121336087 ) ) ;
#1654 = DIRECTION ( 'NONE',  ( 0.000000000000000000, 1.000000000000000000, 0.000000000000000000 ) ) ;
#1655 = VECTOR ( 'NONE', #1150, 1000.000000000000000 ) ;
#1656 = AXIS2_PLACEMENT_3D ( 'NONE', #1609, #545, #2221 ) ;
#1657 = CARTESIAN_POINT ( 'NONE',  ( -23.63268590218000043, 17.86602540378443749, -17.06698729810756276 ) ) ;
#1658 = CARTESIAN_POINT ( 'NONE',  ( 26.55964090017501178, 17.82313218497099427, -11.99735253011250613 ) ) ;
#1659 = DIRECTION ( 'NONE',  ( 1.000000000000000000, -0.000000000000000000, 1.224646799147353207E-16 ) ) ;
#1660 = AXIS2_PLACEMENT_3D ( 'NONE', #2737, #1050, #584 ) ;
#1661 = CARTESIAN_POINT ( 'NONE',  ( 4.762212191103143866, 23.14279364131807881, -5.787469292932351017 ) ) ;
#1662 = CIRCLE ( 'NONE', #1622, 1.000000000000000444 ) ;
#1663 = EDGE_CURVE ( 'NONE', #1550, #1569, #76, .T. ) ;
#1664 = ORIENTED_EDGE ( 'NONE', *, *, #1746, .T. ) ;
#1665 = DIRECTION ( 'NONE',  ( 0.000000000000000000, 0.000000000000000000, 1.000000000000000000 ) ) ;
#1666 = DIRECTION ( 'NONE',  ( 0.2499999999999958367, -0.8660254037844387076, -0.4330127018922214632 ) ) ;
#1667 = AXIS2_PLACEMENT_3D ( 'NONE', #2562, #2312, #1257 ) ;
#1668 = CARTESIAN_POINT ( 'NONE',  ( -4.023369234857770316, 0.000000000000000000, -3.750000000000000000 ) ) ;
#1669 = EDGE_CURVE ( 'NONE', #536, #1590, #753, .T. ) ;
#1670 = ORIENTED_EDGE ( 'NONE', *, *, #764, .T. ) ;
#1671 = DIRECTION ( 'NONE',  ( -0.8660254037844363761, 3.718542035834359643E-18, 0.5000000000000039968 ) ) ;
#1672 = CARTESIAN_POINT ( 'NONE',  ( -3.531743148379004715, 18.04471795604532147, -6.616403126614789798 ) ) ;
#1673 = AXIS2_PLACEMENT_3D ( 'NONE', #825, #148, #1862 ) ;
#1674 = FACE_OUTER_BOUND ( 'NONE', #2084, .T. ) ;
#1675 = CARTESIAN_POINT ( 'NONE',  ( -23.63268590218000043, 17.86602540378443749, -17.06698729810756276 ) ) ;
#1676 = ORIENTED_EDGE ( 'NONE', *, *, #2040, .F. ) ;
#1677 = DIRECTION ( 'NONE',  ( 0.4999999999999993339, 0.8660254037844390407, 0.000000000000000000 ) ) ;
#1678 = DIRECTION ( 'NONE',  ( 0.000000000000000000, 0.000000000000000000, 1.000000000000000000 ) ) ;
#1679 = DIRECTION ( 'NONE',  ( 0.2500000000000018874, -0.8660254037844388186, 0.4330127018922180215 ) ) ;
#1680 = EDGE_CURVE ( 'NONE', #1385, #2393, #1010, .T. ) ;
#1681 = EDGE_CURVE ( 'NONE', #1326, #95, #572, .T. ) ;
#1682 = ORIENTED_EDGE ( 'NONE', *, *, #1278, .F. ) ;
#1683 = DIRECTION ( 'NONE',  ( 0.4829629131445346557, -0.2588190451025201289, 0.8365163037378080535 ) ) ;
#1684 = CARTESIAN_POINT ( 'NONE',  ( 0.9042482922434703640, 17.80447042615492492, 7.459060941672005285 ) ) ;
#1685 = DIRECTION ( 'NONE',  ( -1.040834085586084099E-14, 0.8320502943378463856, -0.5547001962252251506 ) ) ;
#1686 = CARTESIAN_POINT ( 'NONE',  ( 7.491699833745540715, 16.98574323128039509, -0.3538484531401072108 ) ) ;
#1687 = EDGE_LOOP ( 'NONE', ( #53, #1279, #1205, #2486 ) ) ;
#1688 = CARTESIAN_POINT ( 'NONE',  ( -2.889808380852682657, 17.82313218497098006, 30.00000000000000000 ) ) ;
#1689 = DIRECTION ( 'NONE',  ( -0.8660254037844443697, 1.778111262022939705E-15, -0.4999999999999902300 ) ) ;
#1690 = CARTESIAN_POINT ( 'NONE',  ( -7.206969796196371902, 18.17575344597923959, -2.078688985775280607 ) ) ;
#1691 = FACE_OUTER_BOUND ( 'NONE', #550, .T. ) ;
#1692 = CARTESIAN_POINT ( 'NONE',  ( -7.393201526853354189, 23.14279364131808592, -1.230462089241085133 ) ) ;
#1693 = CARTESIAN_POINT ( 'NONE',  ( 3.031088913245538752, 23.25000000000000355, 28.99999999999999645 ) ) ;
#1694 = EDGE_CURVE ( 'NONE', #2214, #1084, #1572, .T. ) ;
#1695 = ORIENTED_EDGE ( 'NONE', *, *, #2287, .T. ) ;
#1696 = FACE_OUTER_BOUND ( 'NONE', #1482, .T. ) ;
#1697 = B_SPLINE_CURVE_WITH_KNOTS ( 'NONE', 3,
 ( #2426, #2027, #1553, #2206 ),
 .UNSPECIFIED., .F., .F.,
 ( 4, 4 ),
 ( 0.01363286659958305724, 0.01372599406489066753 ),
 .UNSPECIFIED. ) ;
#1698 = ORIENTED_EDGE ( 'NONE', *, *, #711, .F. ) ;
#1699 = EDGE_CURVE ( 'NONE', #2586, #648, #1163, .T. ) ;
#1700 = DIRECTION ( 'NONE',  ( -0.000000000000000000, -1.000000000000000000, -0.000000000000000000 ) ) ;
#1701 = CARTESIAN_POINT ( 'NONE',  ( 0.000000000000000000, 23.00000000000000000, 0.000000000000000000 ) ) ;
#1702 = AXIS2_PLACEMENT_3D ( 'NONE', #2476, #328, #2690 ) ;
#1703 = AXIS2_PLACEMENT_3D ( 'NONE', #205, #1062, #181 ) ;
#1704 = ORIENTED_EDGE ( 'NONE', *, *, #1170, .F. ) ;
#1705 = CARTESIAN_POINT ( 'NONE',  ( 26.09329010034193530, 21.61019161914731868, -12.80509580957378013 ) ) ;
#1706 = CARTESIAN_POINT ( 'NONE',  ( -3.464101615137753054, 16.99999999999999645, 6.652067347825036947 ) ) ;
#1707 = AXIS2_PLACEMENT_3D ( 'NONE', #1658, #2259, #928 ) ;
#1708 = B_SPLINE_CURVE_WITH_KNOTS ( 'NONE', 3,
 ( #698, #1588, #937, #1558, #2200, #1545 ),
 .UNSPECIFIED., .F., .F.,
 ( 4, 2, 4 ),
 ( 0.000000000000000000, 0.0004232715736913590871, 0.0008465431473827181742 ),
 .UNSPECIFIED. ) ;
#1709 = CIRCLE ( 'NONE', #1574, 1.000000000000000222 ) ;
#1710 = DIRECTION ( 'NONE',  ( -0.2588190451025204064, 0.9659258262890684232, 0.000000000000000000 ) ) ;
#1711 = ORIENTED_EDGE ( 'NONE', *, *, #2188, .T. ) ;
#1712 = CARTESIAN_POINT ( 'NONE',  ( -3.464101615137753942, 16.99999999999999645, 28.99999999999999645 ) ) ;
#1713 = ADVANCED_FACE ( 'NONE', ( #1868 ), #538, .F. ) ;
#1714 = DIRECTION ( 'NONE',  ( 0.2588190451025124683, -0.9659258262890706437, 0.000000000000000000 ) ) ;
#1715 = DIRECTION ( 'NONE',  ( 0.000000000000000000, 1.000000000000000000, 0.000000000000000000 ) ) ;
#1716 = ADVANCED_FACE ( 'NONE', ( #112 ), #2460, .F. ) ;
#1717 = EDGE_CURVE ( 'NONE', #2550, #1948, #1204, .T. ) ;
#1718 = CIRCLE ( 'NONE', #1857, 0.9999999999999991118 ) ;
#1719 = VERTEX_POINT ( 'NONE', #2049 ) ;
#1720 = LINE ( 'NONE', #1114, #684 ) ;
#1721 = DIRECTION ( 'NONE',  ( -0.8660254037844363761, 0.000000000000000000, 0.5000000000000039968 ) ) ;
#1722 = CARTESIAN_POINT ( 'NONE',  ( 7.481854623906611046, 16.89144848453797820, -0.5367538120742051388 ) ) ;
#1723 = LINE ( 'NONE', #1936, #779 ) ;
#1724 = ORIENTED_EDGE ( 'NONE', *, *, #2591, .F. ) ;
#1725 = DIRECTION ( 'NONE',  ( -0.2500000000000019429, 0.8660254037844389297, -0.4330127018922179660 ) ) ;
#1726 = ORIENTED_EDGE ( 'NONE', *, *, #2671, .F. ) ;
#1727 = CARTESIAN_POINT ( 'NONE',  ( -2.630989335750162805, 16.85720635868191764, 6.860211367006124661 ) ) ;
#1728 = CARTESIAN_POINT ( 'NONE',  ( 23.63268590217976239, 22.13397459621556607, -17.06698729810788606 ) ) ;
#1729 = ADVANCED_FACE ( 'NONE', ( #2488 ), #805, .T. ) ;
#1730 = EDGE_CURVE ( 'NONE', #1095, #523, #499, .T. ) ;
#1731 = ORIENTED_EDGE ( 'NONE', *, *, #1112, .T. ) ;
#1732 = CARTESIAN_POINT ( 'NONE',  ( 2.964101615137753054, 22.13397459621556607, 30.00000000000000000 ) ) ;
#1733 = DIRECTION ( 'NONE',  ( 0.000000000000000000, 0.000000000000000000, -1.000000000000000000 ) ) ;
#1734 = PLANE ( 'NONE',  #1517 ) ;
#1735 = CYLINDRICAL_SURFACE ( 'NONE', #1850, 0.9999999999999985567 ) ;
#1736 = B_SPLINE_CURVE_WITH_KNOTS ( 'NONE', 3,
 ( #2446, #1431, #2495, #2319 ),
 .UNSPECIFIED., .F., .F.,
 ( 4, 4 ),
 ( 0.001089930285438936615, 0.001617054558959284388 ),
 .UNSPECIFIED. ) ;
#1737 = AXIS2_PLACEMENT_3D ( 'NONE', #2439, #1851, #82 ) ;
#1738 = VERTEX_POINT ( 'NONE', #2704 ) ;
#1739 = DIRECTION ( 'NONE',  ( 0.8660254037844387076, -0.4999999999999997780, 0.000000000000000000 ) ) ;
#1740 = ORIENTED_EDGE ( 'NONE', *, *, #2345, .T. ) ;
#1741 = CIRCLE ( 'NONE', #2628, 1.000000000000000000 ) ;
#1742 = CARTESIAN_POINT ( 'NONE',  ( -7.006281930484879794, 22.69854966600782120, -2.921499421668558583 ) ) ;
#1743 = DIRECTION ( 'NONE',  ( -1.000000000000000000, 0.000000000000000000, -0.000000000000000000 ) ) ;
#1744 = ORIENTED_EDGE ( 'NONE', *, *, #2157, .F. ) ;
#1745 = CARTESIAN_POINT ( 'NONE',  ( -7.241757085049362885, 23.14279364131808592, -1.143025599998281017 ) ) ;
#1746 = EDGE_CURVE ( 'NONE', #1255, #1808, #794, .T. ) ;
#1747 = ORIENTED_EDGE ( 'NONE', *, *, #1428, .F. ) ;
#1748 = DIRECTION ( 'NONE',  ( 0.1294095225512577330, 0.9659258262890685343, -0.2241438680420135277 ) ) ;
#1749 = VECTOR ( 'NONE', #1452, 1000.000000000000114 ) ;
#1750 = EDGE_CURVE ( 'NONE', #2158, #363, #1909, .T. ) ;
#1751 = VECTOR ( 'NONE', #1291, 1000.000000000000114 ) ;
#1752 = ORIENTED_EDGE ( 'NONE', *, *, #2210, .T. ) ;
#1753 = AXIS2_PLACEMENT_3D ( 'NONE', #2359, #907, #1972 ) ;
#1754 = CARTESIAN_POINT ( 'NONE',  ( 0.000000000000000000, 25.00000000000000000, 30.00000000000000000 ) ) ;
#1755 = CARTESIAN_POINT ( 'NONE',  ( -23.63268590218000043, 17.86602540378443749, -17.06698729810756276 ) ) ;
#1756 = ORIENTED_EDGE ( 'NONE', *, *, #1261, .T. ) ;
#1757 = DIRECTION ( 'NONE',  ( 0.8660254037844432595, -2.775557561562891043E-17, 0.4999999999999919509 ) ) ;
#1758 = CARTESIAN_POINT ( 'NONE',  ( 23.63268590217976239, 22.13397459621556251, -17.06698729810788606 ) ) ;
#1759 = CIRCLE ( 'NONE', #562, 2.000000000000000000 ) ;
#1760 = ORIENTED_EDGE ( 'NONE', *, *, #277, .T. ) ;
#1761 = DIRECTION ( 'NONE',  ( 0.000000000000000000, -0.8320502943378454974, -0.5547001962252262608 ) ) ;
#1762 = AXIS2_PLACEMENT_3D ( 'NONE', #1755, #2584, #447 ) ;
#1763 = CARTESIAN_POINT ( 'NONE',  ( -20.13509063798841225, 5.749999999999997335, -23.12499999999981171 ) ) ;
#1764 = CARTESIAN_POINT ( 'NONE',  ( -5.340356073110365642, 21.72523249112981603, -5.266434355625434272 ) ) ;
#1765 = ORIENTED_EDGE ( 'NONE', *, *, #2481, .F. ) ;
#1766 = ADVANCED_FACE ( 'NONE', ( #1500 ), #2537, .T. ) ;
#1767 = EDGE_CURVE ( 'NONE', #2472, #1251, #1106, .T. ) ;
#1768 = CARTESIAN_POINT ( 'NONE',  ( -4.766932589098665574, 16.85720635868192829, -5.790194615985639892 ) ) ;
#1769 = ORIENTED_EDGE ( 'NONE', *, *, #2193, .T. ) ;
#1770 = DIRECTION ( 'NONE',  ( -0.5000000000000000000, 0.000000000000000000, -0.8660254037844385966 ) ) ;
#1771 = LINE ( 'NONE', #1097, #285 ) ;
#1772 = EDGE_LOOP ( 'NONE', ( #720, #1776 ) ) ;
#1773 = CARTESIAN_POINT ( 'NONE',  ( -4.546964110053798080, 16.81461694050827660, -5.966170506172972843 ) ) ;
#1774 = PLANE ( 'NONE',  #604 ) ;
#1775 = DIRECTION ( 'NONE',  ( -0.8660254037844390407, 0.4999999999999994449, 0.000000000000000000 ) ) ;
#1776 = ORIENTED_EDGE ( 'NONE', *, *, #2574, .F. ) ;
#1777 = DIRECTION ( 'NONE',  ( -0.000000000000000000, -1.000000000000000000, -0.000000000000000000 ) ) ;
#1778 = EDGE_LOOP ( 'NONE', ( #1353, #2469, #2064, #293 ) ) ;
#1779 = DIRECTION ( 'NONE',  ( 5.329070518200751394E-15, 0.000000000000000000, 1.000000000000000000 ) ) ;
#1780 = DIRECTION ( 'NONE',  ( 0.5000000000000041078, 0.000000000000000000, 0.8660254037844362651 ) ) ;
#1781 = EDGE_CURVE ( 'NONE', #1646, #1104, #186, .T. ) ;
#1782 = ORIENTED_EDGE ( 'NONE', *, *, #1309, .T. ) ;
#1783 = AXIS2_PLACEMENT_3D ( 'NONE', #365, #335, #1194 ) ;
#1784 =( NAMED_UNIT ( * ) PLANE_ANGLE_UNIT ( ) SI_UNIT ( $, .RADIAN. ) );
#1785 = ADVANCED_FACE ( 'NONE', ( #169 ), #2549, .T. ) ;
#1786 = AXIS2_PLACEMENT_3D ( 'NONE', #29, #1, #315 ) ;
#1787 = ORIENTED_EDGE ( 'NONE', *, *, #785, .T. ) ;
#1788 = DIRECTION ( 'NONE',  ( -1.734723475976808357E-14, -0.8320502943378367267, -0.5547001962252394724 ) ) ;
#1789 = DIRECTION ( 'NONE',  ( 1.000000000000000000, 0.000000000000000000, 0.000000000000000000 ) ) ;
#1790 = CARTESIAN_POINT ( 'NONE',  ( 7.496377268079654321, 17.68414374034747283, 0.2348066350479366404 ) ) ;
#1791 = ORIENTED_EDGE ( 'NONE', *, *, #1561, .T. ) ;
#1792 = DIRECTION ( 'NONE',  ( 0.8660254037844433705, -3.925231146709431754E-17, 0.4999999999999920064 ) ) ;
#1793 = CARTESIAN_POINT ( 'NONE',  ( -3.389808380852681324, 16.95710678118654258, 28.99999999999999645 ) ) ;
#1794 = EDGE_LOOP ( 'NONE', ( #2480, #1559, #1372 ) ) ;
#1795 = VERTEX_POINT ( 'NONE', #1487 ) ;
#1796 = CIRCLE ( 'NONE', #2290, 0.9999999999999995559 ) ;
#1797 = CARTESIAN_POINT ( 'NONE',  ( 4.098559747713840018, 23.04289321881445929, -6.280518136003482965 ) ) ;
#1798 = VECTOR ( 'NONE', #1490, 1000.000000000000000 ) ;
#1799 = APPROVAL_DATE_TIME ( #1575, #661 ) ;
#1800 = LINE ( 'NONE', #2646, #2721 ) ;
#1801 = ORIENTED_EDGE ( 'NONE', *, *, #1247, .F. ) ;
#1802 = DIRECTION ( 'NONE',  ( -0.000000000000000000, -1.000000000000000000, -0.000000000000000000 ) ) ;
#1803 = CARTESIAN_POINT ( 'NONE',  ( 4.028808503332538926, 23.00000000000000000, -6.326033673912543343 ) ) ;
#1804 = EDGE_CURVE ( 'NONE', #457, #1827, #1282, .T. ) ;
#1805 = EDGE_CURVE ( 'NONE', #1142, #1255, #1920, .T. ) ;
#1806 = DIRECTION ( 'NONE',  ( 0.8660254037844432595, -3.147411765146324234E-17, 0.4999999999999919509 ) ) ;
#1807 = CARTESIAN_POINT ( 'NONE',  ( -7.492910118470337721, 23.00000000000000000, -0.3260336739124409244 ) ) ;
#1808 = VERTEX_POINT ( 'NONE', #2730 ) ;
#1809 = DIRECTION ( 'NONE',  ( 0.000000000000000000, 0.4472135954999600371, -0.8944271909999148562 ) ) ;
#1810 = CIRCLE ( 'NONE', #1585, 1.000000000000000222 ) ;
#1811 = LOCAL_TIME ( 15, 36, 28.00000000000000000, #97 ) ;
#1812 = ORIENTED_EDGE ( 'NONE', *, *, #618, .F. ) ;
#1813 = ORIENTED_EDGE ( 'NONE', *, *, #2526, .T. ) ;
#1814 = CARTESIAN_POINT ( 'NONE',  ( 3.553192532224055622, 22.34689725090593981, -6.604944758772918867 ) ) ;
#1815 = EDGE_LOOP ( 'NONE', ( #2354, #987, #922, #1347 ) ) ;
#1816 = CALENDAR_DATE ( 2026, 20, 8 ) ;
#1817 = DIRECTION ( 'NONE',  ( -0.4330127018922228510, -0.4999999999999998335, -0.7499999999999981126 ) ) ;
#1818 = CARTESIAN_POINT ( 'NONE',  ( -7.361215932167726628, 4.249999999999993783, 30.00000000000000000 ) ) ;
#1819 = VERTEX_POINT ( 'NONE', #626 ) ;
#1820 = LINE ( 'NONE', #529, #883 ) ;
#1821 = DIRECTION ( 'NONE',  ( -0.4999999999999998335, -0.8660254037844388186, 0.000000000000000000 ) ) ;
#1822 = FACE_OUTER_BOUND ( 'NONE', #2021, .T. ) ;
#1823 = CARTESIAN_POINT ( 'NONE',  ( -7.498416278298340565, 22.53954030476950976, 0.1601345288470446548 ) ) ;
#1824 = EDGE_CURVE ( 'NONE', #1104, #1550, #1054, .T. ) ;
#1825 = CARTESIAN_POINT ( 'NONE',  ( 0.000000000000000000, 23.00000000000000000, 0.000000000000000000 ) ) ;
#1826 = VERTEX_POINT ( 'NONE', #1065 ) ;
#1827 = VERTEX_POINT ( 'NONE', #1271 ) ;
#1828 = DIRECTION ( 'NONE',  ( 0.8660254037844384856, -0.5000000000000002220, 0.000000000000000000 ) ) ;
#1829 = ORIENTED_EDGE ( 'NONE', *, *, #2631, .F. ) ;
#1830 = DATE_AND_TIME ( #1173, #2600 ) ;
#1831 = VECTOR ( 'NONE', #298, 1000.000000000000114 ) ;
#1832 = CARTESIAN_POINT ( 'NONE',  ( -25.78968692100115945, 17.92388255456362245, -13.33095194153140461 ) ) ;
#1833 = DIRECTION ( 'NONE',  ( -0.000000000000000000, -0.000000000000000000, 1.000000000000000000 ) ) ;
#1834 = VECTOR ( 'NONE', #1488, 1000.000000000000114 ) ;
#1835 = CARTESIAN_POINT ( 'NONE',  ( 2.889808380852693315, 22.17686781502901638, 30.00000000000000000 ) ) ;
#1836 = FACE_OUTER_BOUND ( 'NONE', #1996, .T. ) ;
#1837 = ADVANCED_FACE ( 'NONE', ( #871 ), #615, .T. ) ;
#1838 = DIRECTION ( 'NONE',  ( -0.8660254037844363761, -5.179260919542347354E-17, 0.5000000000000039968 ) ) ;
#1839 = ORIENTED_EDGE ( 'NONE', *, *, #2592, .T. ) ;
#1840 = ORIENTED_EDGE ( 'NONE', *, *, #1085, .T. ) ;
#1841 = CARTESIAN_POINT ( 'NONE',  ( -2.889808380852683101, 17.82313218497098362, 28.99999999999999645 ) ) ;
#1842 = EDGE_CURVE ( 'NONE', #49, #316, #509, .T. ) ;
#1843 = CIRCLE ( 'NONE', #414, 1.000000000000000222 ) ;
#1844 = ORIENTED_EDGE ( 'NONE', *, *, #1432, .T. ) ;
#1845 = ORIENTED_EDGE ( 'NONE', *, *, #1680, .F. ) ;
#1846 = DIRECTION ( 'NONE',  ( -0.8660254037844362651, 0.000000000000000000, 0.5000000000000041078 ) ) ;
#1847 = AXIS2_PLACEMENT_3D ( 'NONE', #769, #588, #1828 ) ;
#1848 = B_SPLINE_CURVE_WITH_KNOTS ( 'NONE', 3,
 ( #1797, #2390, #1324, #34 ),
 .UNSPECIFIED., .F., .F.,
 ( 4, 4 ),
 ( 0.01227840603991598584, 0.01237183241413728797 ),
 .UNSPECIFIED. ) ;
#1849 = CARTESIAN_POINT ( 'NONE',  ( -7.248704886791389690, 18.38980838085269198, -1.925169463763290567 ) ) ;
#1850 = AXIS2_PLACEMENT_3D ( 'NONE', #1763, #1092, #1947 ) ;
#1851 = DIRECTION ( 'NONE',  ( 0.1294095225512613412, 0.9659258262890683122, 0.2241438680420127227 ) ) ;
#1852 = CARTESIAN_POINT ( 'NONE',  ( 21.61714144555697814, 12.11602540378444104, -20.55801270189231644 ) ) ;
#1853 = EDGE_LOOP ( 'NONE', ( #1434, #507 ) ) ;
#1854 = CARTESIAN_POINT ( 'NONE',  ( 0.000000000000000000, 23.00000000000000000, 0.000000000000000000 ) ) ;
#1855 = CARTESIAN_POINT ( 'NONE',  ( 7.498192888556290292, 18.21780311528673835, 0.1923809071650899594 ) ) ;
#1856 = CARTESIAN_POINT ( 'NONE',  ( 3.610527569144604598, 22.53954030476951687, -6.573886249580639607 ) ) ;
#1857 = AXIS2_PLACEMENT_3D ( 'NONE', #2745, #1650, #607 ) ;
#1858 = EDGE_CURVE ( 'NONE', #70, #2170, #1723, .T. ) ;
#1859 = LOCAL_TIME ( 15, 36, 28.00000000000000000, #1058 ) ;
#1860 = DIRECTION ( 'NONE',  ( 0.000000000000000000, -0.4472135954999565399, -0.8944271909999165215 ) ) ;
#1861 = DIRECTION ( 'NONE',  ( -0.4999999999999933942, 0.000000000000000000, 0.8660254037844425934 ) ) ;
#1862 = DIRECTION ( 'NONE',  ( 0.000000000000000000, 0.8320502943378431659, -0.5547001962252299245 ) ) ;
#1863 = CARTESIAN_POINT ( 'NONE',  ( -4.028808503332640178, 16.99999999999999645, -6.326033673912479394 ) ) ;
#1864 = EDGE_LOOP ( 'NONE', ( #1396, #737, #2580, #2556, #399 ) ) ;
#1865 = DIRECTION ( 'NONE',  ( -0.4999999999999898970, 0.000000000000000000, 0.8660254037844443697 ) ) ;
#1866 = LINE ( 'NONE', #1393, #854 ) ;
#1867 = ORIENTED_EDGE ( 'NONE', *, *, #2345, .F. ) ;
#1868 = FACE_OUTER_BOUND ( 'NONE', #1113, .T. ) ;
#1869 = CARTESIAN_POINT ( 'NONE',  ( -4.659464207542654890, 16.82227734744954972, -5.878670835579827170 ) ) ;
#1870 = EDGE_CURVE ( 'NONE', #2120, #2158, #326, .T. ) ;
#1871 = FACE_OUTER_BOUND ( 'NONE', #2746, .T. ) ;
#1872 = CARTESIAN_POINT ( 'NONE',  ( 3.939834405761521996, 21.87688854186650289, 6.381856138339757401 ) ) ;
#1873 = CYLINDRICAL_SURFACE ( 'NONE', #674, 1.000000000000000000 ) ;
#1874 = EDGE_CURVE ( 'NONE', #457, #1646, #2331, .T. ) ;
#1875 = VERTEX_POINT ( 'NONE', #1040 ) ;
#1876 = CARTESIAN_POINT ( 'NONE',  ( 7.231043975889948960, 21.72523249112980892, -1.991666846755329123 ) ) ;
#1877 = CARTESIAN_POINT ( 'NONE',  ( 7.397921924848785302, 16.85720635868192474, -1.233187412294512564 ) ) ;
#1878 = AXIS2_PLACEMENT_3D ( 'NONE', #168, #1879, #1895 ) ;
#1879 = DIRECTION ( 'NONE',  ( 0.8660254037844394848, -7.861524541703967133E-15, -0.4999999999999983902 ) ) ;
#1880 = ORIENTED_EDGE ( 'NONE', *, *, #1016, .F. ) ;
#1881 = DIRECTION ( 'NONE',  ( -0.4829629131445265511, 0.2588190451025196293, 0.8365163037378126054 ) ) ;
#1882 = DIRECTION ( 'NONE',  ( -0.8660254037844385966, 0.000000000000000000, 0.5000000000000000000 ) ) ;
#1883 = CIRCLE ( 'NONE', #894, 1.000000000000000444 ) ;
#1884 = DIRECTION ( 'NONE',  ( 0.000000000000000000, 0.4472135954999593710, -0.8944271909999151893 ) ) ;
#1885 = VECTOR ( 'NONE', #1757, 1000.000000000000114 ) ;
#1886 = DIRECTION ( 'NONE',  ( 0.000000000000000000, 0.000000000000000000, -1.000000000000000000 ) ) ;
#1887 = VECTOR ( 'NONE', #207, 1000.000000000000000 ) ;
#1888 = ADVANCED_FACE ( 'NONE', ( #1896 ), #2740, .T. ) ;
#1889 = EDGE_CURVE ( 'NONE', #304, #768, #1333, .T. ) ;
#1890 = EDGE_LOOP ( 'NONE', ( #1594, #201, #1844, #1915 ) ) ;
#1891 = DIRECTION ( 'NONE',  ( -0.9659258262890688673, -0.2588190451025192407, 0.000000000000000000 ) ) ;
#1892 = CARTESIAN_POINT ( 'NONE',  ( 4.314146841774841867, 23.15090635356871829, -6.129745799794407368 ) ) ;
#1893 = AXIS2_PLACEMENT_3D ( 'NONE', #183, #2525, #1473 ) ;
#1894 = CARTESIAN_POINT ( 'NONE',  ( 2.098076211353304465, 23.00000000000000000, 7.200560826168567630 ) ) ;
#1895 = DIRECTION ( 'NONE',  ( -0.4999999999999974465, 0.000000000000000000, -0.8660254037844401509 ) ) ;
#1896 = FACE_OUTER_BOUND ( 'NONE', #1994, .T. ) ;
#1897 = CARTESIAN_POINT ( 'NONE',  ( 0.000000000000000000, 23.00000000000000000, 0.000000000000000000 ) ) ;
#1898 = ORIENTED_EDGE ( 'NONE', *, *, #2558, .F. ) ;
#1899 = CARTESIAN_POINT ( 'NONE',  ( 19.95207793609587199, 17.88397459621557672, -23.44198729810786119 ) ) ;
#1900 = AXIS2_PLACEMENT_3D ( 'NONE', #733, #977, #1200 ) ;
#1901 = EDGE_LOOP ( 'NONE', ( #2736, #2233, #2619, #1970 ) ) ;
#1902 = CARTESIAN_POINT ( 'NONE',  ( 0.4530508863274735343, 17.68357244561271457, 7.499999999999999112 ) ) ;
#1903 = CARTESIAN_POINT ( 'NONE',  ( 23.63268590217975884, 22.13397459621556607, -17.06698729810788606 ) ) ;
#1904 = CARTESIAN_POINT ( 'NONE',  ( 2.889808380852686653, 22.17686781502901994, 30.00000000000000000 ) ) ;
#1905 = ORIENTED_EDGE ( 'NONE', *, *, #1447, .T. ) ;
#1906 = CARTESIAN_POINT ( 'NONE',  ( 4.023369234857770316, 15.00000000000000000, -3.750000000000000000 ) ) ;
#1907 = DIRECTION ( 'NONE',  ( 1.000000000000000000, 0.000000000000000000, 0.000000000000000000 ) ) ;
#1908 = ADVANCED_FACE ( 'NONE', ( #263 ), #1346, .T. ) ;
#1909 = LINE ( 'NONE', #855, #1402 ) ;
#1910 = ORIENTED_EDGE ( 'NONE', *, *, #2211, .F. ) ;
#1911 = ADVANCED_FACE ( 'NONE', ( #454 ), #2590, .T. ) ;
#1912 = EDGE_LOOP ( 'NONE', ( #2643, #671, #1231, #2423 ) ) ;
#1913 = DIRECTION ( 'NONE',  ( -0.8660254037844432595, -1.387778780781445521E-17, -0.4999999999999920064 ) ) ;
#1914 = CARTESIAN_POINT ( 'NONE',  ( 3.895757343681435891, 21.74764965321583077, 6.409282466074811779 ) ) ;
#1915 = ORIENTED_EDGE ( 'NONE', *, *, #843, .F. ) ;
#1916 = CARTESIAN_POINT ( 'NONE',  ( 7.248704886791359492, 21.61019161914731868, -1.925169463763398703 ) ) ;
#1917 = DIRECTION ( 'NONE',  ( 0.000000000000000000, -0.8320502943378450533, -0.5547001962252271490 ) ) ;
#1918 = CIRCLE ( 'NONE', #1383, 5.500000000000000000 ) ;
#1919 = EDGE_CURVE ( 'NONE', #2008, #2033, #467, .T. ) ;
#1920 = LINE ( 'NONE', #2130, #2461 ) ;
#1921 = CARTESIAN_POINT ( 'NONE',  ( -3.152694731143910190, 16.84947594540699356, 6.806657701035288888 ) ) ;
#1922 = AXIS2_PLACEMENT_3D ( 'NONE', #2663, #906, #1761 ) ;
#1923 = ORIENTED_EDGE ( 'NONE', *, *, #1939, .F. ) ;
#1924 = ADVANCED_FACE ( 'NONE', ( #250 ), #237, .T. ) ;
#1925 = EDGE_CURVE ( 'NONE', #1948, #813, #945, .T. ) ;
#1926 = CARTESIAN_POINT ( 'NONE',  ( -7.507869304050188930, 20.61829950559755886, -0.5891373600021272416 ) ) ;
#1927 = CARTESIAN_POINT ( 'NONE',  ( 5.714167618072092836, 17.92388255456362955, -4.857806957113084856 ) ) ;
#1928 = DIRECTION ( 'NONE',  ( 0.000000000000000000, 0.000000000000000000, 1.000000000000000000 ) ) ;
#1929 = AXIS2_PLACEMENT_3D ( 'NONE', #1243, #2098, #2333 ) ;
#1930 = ORIENTED_EDGE ( 'NONE', *, *, #1746, .F. ) ;
#1931 =( BOUNDED_CURVE ( )  B_SPLINE_CURVE ( 3, ( #2184, #496, #2595, #73 ),
 .UNSPECIFIED., .F., .T. ) 
 B_SPLINE_CURVE_WITH_KNOTS ( ( 4, 4 ),
 ( 4.712388980384689674, 5.070812718858446644 ),
 .UNSPECIFIED. ) 
 CURVE ( )  GEOMETRIC_REPRESENTATION_ITEM ( )  RATIONAL_B_SPLINE_CURVE ( ( 1.000000000000000000, 0.9893229906203675483, 0.9893229906203675483, 1.000000000000000000 ) ) 
 REPRESENTATION_ITEM ( '' )  );
#1932 = DIRECTION ( 'NONE',  ( 0.000000000000000000, -0.000000000000000000, 1.000000000000000000 ) ) ;
#1933 = DIRECTION ( 'NONE',  ( -0.2500000000000018319, 0.8660254037844388186, -0.4330127018922177995 ) ) ;
#1934 = AXIS2_PLACEMENT_3D ( 'NONE', #1657, #2263, #308 ) ;
#1935 = AXIS2_PLACEMENT_3D ( 'NONE', #1484, #802, #1022 ) ;
#1936 = CARTESIAN_POINT ( 'NONE',  ( -24.28585792310697755, 16.95710678118655323, -17.93566017177960603 ) ) ;
#1937 = ORIENTED_EDGE ( 'NONE', *, *, #1680, .T. ) ;
#1938 = CYLINDRICAL_SURFACE ( 'NONE', #2110, 1.000000000000000222 ) ;
#1939 = EDGE_CURVE ( 'NONE', #307, #149, #1512, .T. ) ;
#1940 = ORIENTED_EDGE ( 'NONE', *, *, #349, .T. ) ;
#1941 = AXIS2_PLACEMENT_3D ( 'NONE', #2572, #717, #1331 ) ;
#1942 = CARTESIAN_POINT ( 'NONE',  ( 5.340356073110283042, 18.27476750887020884, -5.266434355625516872 ) ) ;
#1943 = ORIENTED_EDGE ( 'NONE', *, *, #2174, .F. ) ;
#1944 = DIRECTION ( 'NONE',  ( -1.000000000000000000, -0.000000000000000000, -0.000000000000000000 ) ) ;
#1945 = CARTESIAN_POINT ( 'NONE',  ( 5.186830491280352895, 23.00000000000000000, -5.417267711192090829 ) ) ;
#1946 = CARTESIAN_POINT ( 'NONE',  ( -1.595651437296701669, 21.98341608388604129, 7.329069383866082532 ) ) ;
#1947 = DIRECTION ( 'NONE',  ( 0.000000000000000000, 0.4472135954999600371, -0.8944271909999148562 ) ) ;
#1948 = VERTEX_POINT ( 'NONE', #45 ) ;
#1949 = CARTESIAN_POINT ( 'NONE',  ( 7.499425179714165779, 18.36602540378443749, 0.09285458453490687269 ) ) ;
#1950 = ORIENTED_EDGE ( 'NONE', *, *, #2753, .T. ) ;
#1951 = ADVANCED_FACE ( 'NONE', ( #693 ), #1735, .T. ) ;
#1952 = CARTESIAN_POINT ( 'NONE',  ( -6.473159701427166013, 22.38497605488578657, -3.965015616623471573 ) ) ;
#1953 = DIRECTION ( 'NONE',  ( 0.8660254037844363761, 1.962615573354720191E-17, -0.5000000000000041078 ) ) ;
#1954 = ORIENTED_EDGE ( 'NONE', *, *, #10, .F. ) ;
#1955 = DIRECTION ( 'NONE',  ( 0.4829629131445264401, -0.2588190451025206285, -0.8365163037378123834 ) ) ;
#1956 = DIRECTION ( 'NONE',  ( 0.4829629131445304369, -0.2588190451025215166, -0.8365163037378100519 ) ) ;
#1957 = VERTEX_POINT ( 'NONE', #290 ) ;
#1958 = DIRECTION ( 'NONE',  ( -0.000000000000000000, -1.000000000000000000, -0.000000000000000000 ) ) ;
#1959 = AXIS2_PLACEMENT_3D ( 'NONE', #338, #1639, #1861 ) ;
#1960 = ORIENTED_EDGE ( 'NONE', *, *, #192, .T. ) ;
#1961 = DIRECTION ( 'NONE',  ( -0.000000000000000000, -1.000000000000000000, -0.000000000000000000 ) ) ;
#1962 = AXIS2_PLACEMENT_3D ( 'NONE', #569, #2728, #1391 ) ;
#1963 = DIRECTION ( 'NONE',  ( -0.4999999999999898970, 0.000000000000000000, 0.8660254037844443697 ) ) ;
#1964 = EDGE_LOOP ( 'NONE', ( #329, #140, #587, #1923 ) ) ;
#1965 = CARTESIAN_POINT ( 'NONE',  ( -3.964101615137754386, 17.86602540378444104, 6.366780849445289547 ) ) ;
#1966 = CARTESIAN_POINT ( 'NONE',  ( 27.27980021920976839, 17.49999999999999645, -10.75000000000012612 ) ) ;
#1967 = VECTOR ( 'NONE', #1821, 999.9999999999998863 ) ;
#1968 = EDGE_CURVE ( 'NONE', #2088, #648, #2168, .T. ) ;
#1969 = EDGE_CURVE ( 'NONE', #2569, #2430, #16, .T. ) ;
#1970 = ORIENTED_EDGE ( 'NONE', *, *, #1261, .F. ) ;
#1971 = CARTESIAN_POINT ( 'NONE',  ( 7.492910118470331504, 16.99999999999999289, -0.3260336739125536676 ) ) ;
#1972 = DIRECTION ( 'NONE',  ( 0.5000000000000041078, 0.000000000000000000, 0.8660254037844362651 ) ) ;
#1973 = AXIS2_PLACEMENT_3D ( 'NONE', #1463, #2750, #2349 ) ;
#1974 = ORIENTED_EDGE ( 'NONE', *, *, #387, .T. ) ;
#1975 = ORIENTED_EDGE ( 'NONE', *, *, #1290, .T. ) ;
#1976 = DIRECTION ( 'NONE',  ( -0.4829629131445266066, 0.2588190451025196293, 0.8365163037378126054 ) ) ;
#1977 = DIRECTION ( 'NONE',  ( 0.4999999999999998335, 0.8660254037844388186, -0.000000000000000000 ) ) ;
#1978 = ORIENTED_EDGE ( 'NONE', *, *, #518, .T. ) ;
#1979 = DIRECTION ( 'NONE',  ( 0.000000000000000000, 1.000000000000000000, 0.000000000000000000 ) ) ;
#1980 = DIRECTION ( 'NONE',  ( 0.000000000000000000, -0.4472135954999634788, 0.8944271909999130798 ) ) ;
#1981 = AXIS2_PLACEMENT_3D ( 'NONE', #117, #340, #2026 ) ;
#1982 = ORIENTED_EDGE ( 'NONE', *, *, #2080, .F. ) ;
#1983 = CARTESIAN_POINT ( 'NONE',  ( 3.464101615137762824, 23.00000000000000000, 6.652067347825029842 ) ) ;
#1984 = ADVANCED_FACE ( 'NONE', ( #1525 ), #56, .T. ) ;
#1985 = VERTEX_POINT ( 'NONE', #1105 ) ;
#1986 = ORIENTED_EDGE ( 'NONE', *, *, #1600, .T. ) ;
#1987 = CARTESIAN_POINT ( 'NONE',  ( -4.028808503332640178, 16.99999999999999645, -6.326033673912479394 ) ) ;
#1988 = PERSON_AND_ORGANIZATION ( #542, #1415 ) ;
#1989 = ORIENTED_EDGE ( 'NONE', *, *, #1543, .T. ) ;
#1990 = CARTESIAN_POINT ( 'NONE',  ( 1.890687902779639273, 18.27476750887018397, 7.258101202380782269 ) ) ;
#1991 = CARTESIAN_POINT ( 'NONE',  ( -27.46281292110214878, 22.13397459621556251, -12.43301270189196472 ) ) ;
#1992 = CARTESIAN_POINT ( 'NONE',  ( 23.66983251932228782, 22.17686781502901283, -17.00264746988771947 ) ) ;
#1993 = CARTESIAN_POINT ( 'NONE',  ( -26.52630280223434767, 18.88980838085269198, -14.05509580957340887 ) ) ;
#1994 = EDGE_LOOP ( 'NONE', ( #163, #526, #2404, #539 ) ) ;
#1995 = ORIENTED_EDGE ( 'NONE', *, *, #980, .T. ) ;
#1996 = EDGE_LOOP ( 'NONE', ( #1845, #1557, #331, #299 ) ) ;
#1997 = CARTESIAN_POINT ( 'NONE',  ( -3.895160802952087664, 17.09232012197887940, -6.409564507616717144 ) ) ;
#1998 = EDGE_CURVE ( 'NONE', #1570, #1377, #2205, .T. ) ;
#1999 = ADVANCED_FACE ( 'NONE', ( #31 ), #1568, .T. ) ;
#2000 = CIRCLE ( 'NONE', #2531, 1.000000000000000888 ) ;
#2001 = AXIS2_PLACEMENT_3D ( 'NONE', #2286, #153, #968 ) ;
#2002 = CARTESIAN_POINT ( 'NONE',  ( 4.023369234857770316, 0.000000000000000000, 3.749999999999999556 ) ) ;
#2003 = ORIENTED_EDGE ( 'NONE', *, *, #599, .F. ) ;
#2004 = LINE ( 'NONE', #1623, #173 ) ;
#2005 = LINE ( 'NONE', #806, #270 ) ;
#2006 = CARTESIAN_POINT ( 'NONE',  ( -3.464101615137753054, 16.99999999999999645, 6.652067347825036947 ) ) ;
#2007 = CARTESIAN_POINT ( 'NONE',  ( 7.495844763516694265, 17.77365514392580081, 0.2496222771695782161 ) ) ;
#2008 = VERTEX_POINT ( 'NONE', #2620 ) ;
#2009 = CARTESIAN_POINT ( 'NONE',  ( 23.63268590217976239, 22.13397459621556607, -17.06698729810788606 ) ) ;
#2010 = ORIENTED_EDGE ( 'NONE', *, *, #2269, .F. ) ;
#2011 = VERTEX_POINT ( 'NONE', #1151 ) ;
#2012 = VECTOR ( 'NONE', #1955, 999.9999999999998863 ) ;
#2013 = CARTESIAN_POINT ( 'NONE',  ( 3.540668234990360208, 22.28117566308613462, -6.611634352101067869 ) ) ;
#2014 = AXIS2_PLACEMENT_3D ( 'NONE', #103, #1160, #391 ) ;
#2015 = ORIENTED_EDGE ( 'NONE', *, *, #210, .T. ) ;
#2016 = VECTOR ( 'NONE', #2606, 1000.000000000000000 ) ;
#2017 = DIRECTION ( 'NONE',  ( -0.1294095225512582603, -0.9659258262890683122, 0.2241438680420144991 ) ) ;
#2018 = APPROVAL_STATUS ( 'not_yet_approved' ) ;
#2019 = ADVANCED_FACE ( 'NONE', ( #719 ), #2416, .T. ) ;
#2020 = CC_DESIGN_PERSON_AND_ORGANIZATION_ASSIGNMENT ( #2682, #63, ( #829 ) ) ;
#2021 = EDGE_LOOP ( 'NONE', ( #707, #1930, #573, #2384 ) ) ;
#2022 = CARTESIAN_POINT ( 'NONE',  ( 7.397921924848785302, 16.85720635868192474, -1.233187412294512564 ) ) ;
#2023 = EDGE_LOOP ( 'NONE', ( #214, #2339, #1365, #2380 ) ) ;
#2024 = CARTESIAN_POINT ( 'NONE',  ( -27.46281292110214878, 22.13397459621556251, -12.43301270189196650 ) ) ;
#2025 = DIRECTION ( 'NONE',  ( -0.2499999999999950040, 0.8660254037844407060, 0.4330127018922184656 ) ) ;
#2026 = DIRECTION ( 'NONE',  ( -1.000000000000000000, 0.000000000000000000, 0.000000000000000000 ) ) ;
#2027 = CARTESIAN_POINT ( 'NONE',  ( -7.490187485940897005, 23.02854190722323224, -0.3815455757351298161 ) ) ;
#2028 = EDGE_LOOP ( 'NONE', ( #951, #1186, #1443, #495 ) ) ;
#2029 = DIRECTION ( 'NONE',  ( -0.8660254037844432595, 2.775557561562891043E-17, -0.4999999999999919509 ) ) ;
#2030 = CIRCLE ( 'NONE', #2341, 5.500000000000000000 ) ;
#2031 = AXIS2_PLACEMENT_3D ( 'NONE', #2218, #2468, #755 ) ;
#2032 = ORIENTED_EDGE ( 'NONE', *, *, #1919, .F. ) ;
#2033 = VERTEX_POINT ( 'NONE', #370 ) ;
#2034 = ORIENTED_EDGE ( 'NONE', *, *, #1292, .T. ) ;
#2035 = CARTESIAN_POINT ( 'NONE',  ( -25.43522142483225323, 21.11019161914732578, -15.94490419042610085 ) ) ;
#2036 = ORIENTED_EDGE ( 'NONE', *, *, #1694, .F. ) ;
#2037 = PERSON_AND_ORGANIZATION ( #542, #1415 ) ;
#2038 = FACE_OUTER_BOUND ( 'NONE', #678, .T. ) ;
#2039 = B_SPLINE_CURVE_WITH_KNOTS ( 'NONE', 3,
 ( #2090, #1990, #716, #515, #2634, #502 ),
 .UNSPECIFIED., .F., .F.,
 ( 4, 2, 4 ),
 ( 0.000000000000000000, 0.0003963030908312722219, 0.0007926061816625444437 ),
 .UNSPECIFIED. ) ;
#2040 = EDGE_CURVE ( 'NONE', #1468, #1377, #1272, .T. ) ;
#2041 = SPHERICAL_SURFACE ( 'NONE', #2100, 1.000000000000000000 ) ;
#2042 = LINE ( 'NONE', #746, #1400 ) ;
#2043 = CARTESIAN_POINT ( 'NONE',  ( -24.43978649849655582, 22.07611744543639531, -15.66904805846812110 ) ) ;
#2044 = EDGE_CURVE ( 'NONE', #2124, #1875, #1643, .T. ) ;
#2045 = FACE_OUTER_BOUND ( 'NONE', #675, .T. ) ;
#2046 = B_SPLINE_CURVE_WITH_KNOTS ( 'NONE', 3,
 ( #196, #2748, #1690, #182, #2548, #397 ),
 .UNSPECIFIED., .F., .F.,
 ( 4, 2, 4 ),
 ( 8.673617379884035472E-19, 0.0003963030908312735771, 0.0007926061816625462868 ),
 .UNSPECIFIED. ) ;
#2047 = ORIENTED_EDGE ( 'NONE', *, *, #2411, .F. ) ;
#2048 = FACE_OUTER_BOUND ( 'NONE', #1081, .T. ) ;
#2049 = CARTESIAN_POINT ( 'NONE',  ( -3.964101615137754386, 17.86602540378443749, 28.99999999999999645 ) ) ;
#2050 = ORIENTED_EDGE ( 'NONE', *, *, #1669, .T. ) ;
#2051 = VERTEX_POINT ( 'NONE', #792 ) ;
#2052 = DATE_TIME_ROLE ( 'classification_date' ) ;
#2053 = SPHERICAL_SURFACE ( 'NONE', #259, 1.000000000000000000 ) ;
#2054 = TOROIDAL_SURFACE ( 'NONE', #306, 5.500000000000000000, 2.000000000000000000 ) ;
#2055 = CARTESIAN_POINT ( 'NONE',  ( 25.43522142483202586, 18.88980838085270264, -15.94490419042646501 ) ) ;
#2056 = CARTESIAN_POINT ( 'NONE',  ( 3.826501848222044089, 22.65613804583824020, 6.451073005247939918 ) ) ;
#2057 = CIRCLE ( 'NONE', #1786, 1.000000000000000000 ) ;
#2058 = VERTEX_POINT ( 'NONE', #2702 ) ;
#2059 = ORIENTED_EDGE ( 'NONE', *, *, #1310, .T. ) ;
#2060 = CARTESIAN_POINT ( 'NONE',  ( 27.46281292110197469, 17.86602540378443749, -12.43301270189234664 ) ) ;
#2061 = ADVANCED_FACE ( 'NONE', ( #1373 ), #2075, .T. ) ;
#2062 = EDGE_CURVE ( 'NONE', #1719, #1516, #2252, .T. ) ;
#2063 = LINE ( 'NONE', #2358, #1340 ) ;
#2064 = ORIENTED_EDGE ( 'NONE', *, *, #2463, .F. ) ;
#2065 = CARTESIAN_POINT ( 'NONE',  ( 3.673542180101687205, 22.65613804583824376, -6.539384310812386580 ) ) ;
#2066 = AXIS2_PLACEMENT_3D ( 'NONE', #1897, #2563, #18 ) ;
#2067 = VERTEX_POINT ( 'NONE', #2285 ) ;
#2068 = ORIENTED_EDGE ( 'NONE', *, *, #1233, .T. ) ;
#2069 = AXIS2_PLACEMENT_3D ( 'NONE', #1181, #2025, #339 ) ;
#2070 = LINE ( 'NONE', #773, #2182 ) ;
#2071 = AXIS2_PLACEMENT_3D ( 'NONE', #2670, #2639, #750 ) ;
#2072 = CARTESIAN_POINT ( 'NONE',  ( -24.56919602104781220, 21.11019161914732223, -15.44490419042611151 ) ) ;
#2073 = EDGE_LOOP ( 'NONE', ( #1012, #2131, #1867, #1812 ) ) ;
#2074 = PLANE ( 'NONE',  #1660 ) ;
#2075 = SPHERICAL_SURFACE ( 'NONE', #2071, 1.000000000000000000 ) ;
#2076 = CARTESIAN_POINT ( 'NONE',  ( 20.81810333988030948, 17.88397459621557672, -23.94198729810786830 ) ) ;
#2077 = EDGE_CURVE ( 'NONE', #2494, #1827, #2504, .T. ) ;
#2078 = B_SPLINE_CURVE_WITH_KNOTS ( 'NONE', 3,
 ( #1248, #1354, #730, #1148 ),
 .UNSPECIFIED., .F., .F.,
 ( 4, 4 ),
 ( 0.000000000000000000, 0.0005808018990603169016 ),
 .UNSPECIFIED. ) ;
#2079 = CIRCLE ( 'NONE', #1762, 1.000000000000000222 ) ;
#2080 = EDGE_CURVE ( 'NONE', #433, #583, #762, .T. ) ;
#2081 = DIRECTION ( 'NONE',  ( -0.8660254037844389297, 0.4999999999999995559, 0.000000000000000000 ) ) ;
#2082 = CARTESIAN_POINT ( 'NONE',  ( -4.075691190590175594, 16.97144534390882953, -6.295992093838607140 ) ) ;
#2083 = CARTESIAN_POINT ( 'NONE',  ( -7.498480107491681146, 21.74764965321582721, 0.1691835935705749416 ) ) ;
#2084 = EDGE_LOOP ( 'NONE', ( #2633, #490, #1421, #1529 ) ) ;
#2085 = CARTESIAN_POINT ( 'NONE',  ( 1.091081377402100427, 18.88980838085267777, 28.99999999999999645 ) ) ;
#2086 = DIRECTION ( 'NONE',  ( 0.4829629131445380974, -0.2588190451025201844, 0.8365163037378057220 ) ) ;
#2087 = DIRECTION ( 'NONE',  ( -0.4999999999999866773, 0.000000000000000000, 0.8660254037844464792 ) ) ;
#2088 = VERTEX_POINT ( 'NONE', #1228 ) ;
#2089 = CARTESIAN_POINT ( 'NONE',  ( -3.951537144968513715, 17.68414374034746572, 6.374649832985180176 ) ) ;
#2090 = CARTESIAN_POINT ( 'NONE',  ( 1.957106781186540134, 18.38980838085267777, 7.240147308379413005 ) ) ;
#2091 = ADVANCED_FACE ( 'NONE', ( #1599 ), #2226, .F. ) ;
#2092 = ADVANCED_FACE ( 'NONE', ( #778 ), #1390, .T. ) ;
#2093 = ORIENTED_EDGE ( 'NONE', *, *, #1781, .T. ) ;
#2094 = SPHERICAL_SURFACE ( 'NONE', #2406, 1.000000000000000000 ) ;
#2095 = CARTESIAN_POINT ( 'NONE',  ( -27.02980021920992115, 21.63397459621556251, -11.18301270189197005 ) ) ;
#2096 = VECTOR ( 'NONE', #962, 999.9999999999998863 ) ;
#2097 = VERTEX_POINT ( 'NONE', #967 ) ;
#2098 = DIRECTION ( 'NONE',  ( -1.203706215242021287E-29, 1.000000000000000000, 3.469446951953611033E-15 ) ) ;
#2099 = CARTESIAN_POINT ( 'NONE',  ( 4.653378853333573595, 23.17741084822047171, -5.873813764773814228 ) ) ;
#2100 = AXIS2_PLACEMENT_3D ( 'NONE', #824, #2744, #1456 ) ;
#2101 = DIRECTION ( 'NONE',  ( -0.4829629131445380419, 0.2588190451025207395, -0.8365163037378056110 ) ) ;
#2102 = PLANE ( 'NONE',  #2195 ) ;
#2103 = B_SPLINE_CURVE_WITH_KNOTS ( 'NONE', 3,
 ( #2154, #236, #1091, #1946, #14, #2300 ),
 .UNSPECIFIED., .F., .F.,
 ( 4, 2, 4 ),
 ( 9.107298248878237246E-18, 0.0003963030908312784560, 0.0007926061816625478047 ),
 .UNSPECIFIED. ) ;
#2104 = AXIS2_PLACEMENT_3D ( 'NONE', #1023, #2201, #1144 ) ;
#2105 = CARTESIAN_POINT ( 'NONE',  ( 0.000000000000000000, 15.00000000000000000, 30.00000000000000000 ) ) ;
#2106 = AXIS2_PLACEMENT_3D ( 'NONE', #901, #1317, #2347 ) ;
#2107 = ADVANCED_FACE ( 'NONE', ( #1582 ), #1627, .T. ) ;
#2108 = DIRECTION ( 'NONE',  ( 0.000000000000000000, -0.8320502943378420557, -0.5547001962252314788 ) ) ;
#2109 = DIRECTION ( 'NONE',  ( 0.000000000000000000, 0.000000000000000000, 1.000000000000000000 ) ) ;
#2110 = AXIS2_PLACEMENT_3D ( 'NONE', #2755, #2324, #1311 ) ;
#2111 = VERTEX_POINT ( 'NONE', #1008 ) ;
#2112 = DIRECTION ( 'NONE',  ( -0.2588190451025194627, 0.9659258262890686453, 0.000000000000000000 ) ) ;
#2113 = CC_DESIGN_PERSON_AND_ORGANIZATION_ASSIGNMENT ( #1988, #2452, ( #1192 ) ) ;
#2114 = CARTESIAN_POINT ( 'NONE',  ( 2.889808380852686653, 22.17686781502901638, 28.99999999999999645 ) ) ;
#2115 = AXIS2_PLACEMENT_3D ( 'NONE', #68, #920, #1321 ) ;
#2116 = CARTESIAN_POINT ( 'NONE',  ( -3.536753175685956929, 17.04194539803954811, 6.614233637629724605 ) ) ;
#2117 = EDGE_LOOP ( 'NONE', ( #2288, #2611, #248 ) ) ;
#2118 = CYLINDRICAL_SURFACE ( 'NONE', #1528, 0.9999999999999993339 ) ;
#2119 = CIRCLE ( 'NONE', #511, 1.000000000000000222 ) ;
#2120 = VERTEX_POINT ( 'NONE', #1201 ) ;
#2121 = FACE_OUTER_BOUND ( 'NONE', #1410, .T. ) ;
#2122 = FACE_OUTER_BOUND ( 'NONE', #1287, .T. ) ;
#2123 = ADVANCED_FACE ( 'NONE', ( #2045 ), #1422, .T. ) ;
#2124 = VERTEX_POINT ( 'NONE', #2243 ) ;
#2125 = LINE ( 'NONE', #2711, #403 ) ;
#2126 = DIRECTION ( 'NONE',  ( -0.8660254037844417052, 0.4999999999999948375, 0.000000000000000000 ) ) ;
#2127 = CARTESIAN_POINT ( 'NONE',  ( -21.00111604177285685, 5.749999999999998224, -23.62499999999980460 ) ) ;
#2128 = EDGE_CURVE ( 'NONE', #1985, #2686, #2442, .T. ) ;
#2129 = EDGE_CURVE ( 'NONE', #768, #1095, #1352, .T. ) ;
#2130 = CARTESIAN_POINT ( 'NONE',  ( -25.11473670974885408, 25.00000000000000000, -14.49999999999976730 ) ) ;
#2131 = ORIENTED_EDGE ( 'NONE', *, *, #1052, .F. ) ;
#2132 = VERTEX_POINT ( 'NONE', #1835 ) ;
#2133 = CARTESIAN_POINT ( 'NONE',  ( -7.423778313713089716, 19.53021386766297596, -1.265977829384300035 ) ) ;
#2134 = ORIENTED_EDGE ( 'NONE', *, *, #2696, .T. ) ;
#2135 = CARTESIAN_POINT ( 'NONE',  ( 5.549334553878410681, 18.01658391611396937, -5.046409372217175004 ) ) ;
#2136 = CARTESIAN_POINT ( 'NONE',  ( 0.000000000000000000, 0.000000000000000000, 0.000000000000000000 ) ) ;
#2137 = VERTEX_POINT ( 'NONE', #2474 ) ;
#2138 = DIRECTION ( 'NONE',  ( -0.5000000000000000000, 0.000000000000000000, -0.8660254037844385966 ) ) ;
#2139 = CARTESIAN_POINT ( 'NONE',  ( 4.762212191103143866, 23.14279364131807881, -5.787469292932351017 ) ) ;
#2140 = CARTESIAN_POINT ( 'NONE',  ( -5.714167618072169219, 22.07611744543639531, -4.857806957112997814 ) ) ;
#2141 = VECTOR ( 'NONE', #548, 1000.000000000000000 ) ;
#2142 = CARTESIAN_POINT ( 'NONE',  ( -7.329631569152637915, 23.04838882718829041, -1.600588164712336336 ) ) ;
#2143 = ADVANCED_FACE ( 'NONE', ( #568 ), #461, .T. ) ;
#2144 = CIRCLE ( 'NONE', #364, 1.000000000000000000 ) ;
#2145 = ORIENTED_EDGE ( 'NONE', *, *, #785, .F. ) ;
#2146 = LINE ( 'NONE', #294, #943 ) ;
#2147 = EDGE_LOOP ( 'NONE', ( #2036, #782, #1101, #1580 ) ) ;
#2148 = PLANE ( 'NONE',  #2208 ) ;
#2149 = FACE_OUTER_BOUND ( 'NONE', #1284, .T. ) ;
#2150 = CIRCLE ( 'NONE', #1703, 1.000000000000000444 ) ;
#2151 = ORIENTED_EDGE ( 'NONE', *, *, #2753, .F. ) ;
#2152 = CARTESIAN_POINT ( 'NONE',  ( 24.56919602104758837, 18.88980838085269909, -15.44490419042645613 ) ) ;
#2153 = DIRECTION ( 'NONE',  ( -0.8660254037844363761, -2.728270146314199847E-17, 0.5000000000000039968 ) ) ;
#2154 = CARTESIAN_POINT ( 'NONE',  ( -1.957106781186538802, 21.61019161914732933, 7.240147308379414781 ) ) ;
#2155 = CIRCLE ( 'NONE', #1632, 0.9999999999999982236 ) ;
#2156 = DIRECTION ( 'NONE',  ( 0.000000000000000000, 0.000000000000000000, -1.000000000000000000 ) ) ;
#2157 = EDGE_CURVE ( 'NONE', #1651, #1819, #995, .T. ) ;
#2158 = VERTEX_POINT ( 'NONE', #165 ) ;
#2159 = CARTESIAN_POINT ( 'NONE',  ( -4.023369234857770316, 15.00000000000000000, -3.750000000000000000 ) ) ;
#2160 = ORIENTED_EDGE ( 'NONE', *, *, #2254, .T. ) ;
#2161 = EDGE_CURVE ( 'NONE', #64, #1345, #2046, .T. ) ;
#2162 = VECTOR ( 'NONE', #2295, 1000.000000000000114 ) ;
#2163 = FACE_OUTER_BOUND ( 'NONE', #2197, .T. ) ;
#2164 = CC_DESIGN_APPROVAL ( #661, ( #1192 ) ) ;
#2165 = EDGE_LOOP ( 'NONE', ( #1573, #893, #1461, #1273 ) ) ;
#2166 = CARTESIAN_POINT ( 'NONE',  ( -23.99871130596445212, 17.86602540378443749, -18.43301270189199315 ) ) ;
#2167 = CARTESIAN_POINT ( 'NONE',  ( 3.669298160791941932, 21.63397459621556607, -6.541120011680633617 ) ) ;
#2168 = LINE ( 'NONE', #1541, #2016 ) ;
#2169 = B_SPLINE_CURVE_WITH_KNOTS ( 'NONE', 3,
 ( #2385, #337, #1332, #261, #1722, #1120 ),
 .UNSPECIFIED., .F., .F.,
 ( 4, 2, 4 ),
 ( 4.336808689942017736E-19, 0.0004241811826440215261, 0.0008483623652880426186 ),
 .UNSPECIFIED. ) ;
#2170 = VERTEX_POINT ( 'NONE', #2320 ) ;
#2171 = CARTESIAN_POINT ( 'NONE',  ( 0.000000000000000000, 23.00000000000000000, 0.000000000000000000 ) ) ;
#2172 = DIRECTION ( 'NONE',  ( -0.8660254037844445918, 2.038173029330653486E-15, -0.4999999999999897304 ) ) ;
#2173 = ADVANCED_FACE ( 'NONE', ( #2727 ), #650, .F. ) ;
#2174 = EDGE_CURVE ( 'NONE', #2430, #64, #2496, .T. ) ;
#2175 = ORIENTED_EDGE ( 'NONE', *, *, #1230, .F. ) ;
#2176 = DIRECTION ( 'NONE',  ( 0.8660254037844363761, 2.728270146314199847E-17, -0.5000000000000039968 ) ) ;
#2177 = DIRECTION ( 'NONE',  ( 0.8660254037844363761, 4.807406715958911390E-17, -0.5000000000000039968 ) ) ;
#2178 =( BOUNDED_CURVE ( )  B_SPLINE_CURVE ( 3, ( #77, #1952, #1742, #2583 ),
 .UNSPECIFIED., .F., .T. ) 
 B_SPLINE_CURVE_WITH_KNOTS ( ( 4, 4 ),
 ( 1.389823372990317774, 1.854323253542972783 ),
 .UNSPECIFIED. ) 
 CURVE ( )  GEOMETRIC_REPRESENTATION_ITEM ( )  RATIONAL_B_SPLINE_CURVE ( ( 1.000000000000000000, 0.9821006634431048710, 0.9821006634431048710, 1.000000000000000000 ) ) 
 REPRESENTATION_ITEM ( '' )  );
#2179 = FACE_OUTER_BOUND ( 'NONE', #1006, .T. ) ;
#2180 = DIRECTION ( 'NONE',  ( 0.4330127018922124704, 0.4999999999999995559, -0.7500000000000042188 ) ) ;
#2181 = DIRECTION ( 'NONE',  ( -0.000000000000000000, -1.000000000000000000, -0.000000000000000000 ) ) ;
#2182 = VECTOR ( 'NONE', #989, 999.9999999999998863 ) ;
#2183 = ORIENTED_EDGE ( 'NONE', *, *, #1998, .F. ) ;
#2184 = CARTESIAN_POINT ( 'NONE',  ( 9.184850993605147944E-16, 17.56217782649106951, 7.500000000000000000 ) ) ;
#2185 = AXIS2_PLACEMENT_3D ( 'NONE', #606, #2081, #378 ) ;
#2186 = LINE ( 'NONE', #267, #1655 ) ;
#2187 = CARTESIAN_POINT ( 'NONE',  ( -4.330127018922193649, 17.49999999999999645, 28.99999999999999645 ) ) ;
#2188 = EDGE_CURVE ( 'NONE', #1795, #2388, #1709, .T. ) ;
#2189 = DIRECTION ( 'NONE',  ( 0.8660254037844433705, -4.212291876984462726E-17, 0.4999999999999919509 ) ) ;
#2190 = DIRECTION ( 'NONE',  ( 0.2499999999999930611, -0.8660254037844383745, -0.4330127018922240167 ) ) ;
#2191 = CARTESIAN_POINT ( 'NONE',  ( 25.11473670974865158, 25.00000000000000000, -14.50000000000011546 ) ) ;
#2192 = CIRCLE ( 'NONE', #856, 1.000000000000000444 ) ;
#2193 = EDGE_CURVE ( 'NONE', #419, #1985, #2387, .T. ) ;
#2194 = CARTESIAN_POINT ( 'NONE',  ( 3.389808380851854874, 23.04289321881393704, 6.689715928449841087 ) ) ;
#2195 = AXIS2_PLACEMENT_3D ( 'NONE', #185, #1725, #1057 ) ;
#2196 = CARTESIAN_POINT ( 'NONE',  ( -5.549334553878490617, 21.98341608388605195, -5.046409372217085298 ) ) ;
#2197 = EDGE_LOOP ( 'NONE', ( #1577, #1752, #1382 ) ) ;
#2198 = ORIENTED_EDGE ( 'NONE', *, *, #2250, .T. ) ;
#2199 = ORIENTED_EDGE ( 'NONE', *, *, #9, .F. ) ;
#2200 = CARTESIAN_POINT ( 'NONE',  ( -7.480025312417555305, 23.10870236420445423, -0.5359993560782256861 ) ) ;
#2201 = DIRECTION ( 'NONE',  ( -0.8660254037844362651, 5.551115123125779621E-17, 0.5000000000000039968 ) ) ;
#2202 = ORIENTED_EDGE ( 'NONE', *, *, #834, .F. ) ;
#2203 = CARTESIAN_POINT ( 'NONE',  ( 4.023369234857770316, 15.00000000000000000, 3.749999999999999556 ) ) ;
#2204 = CARTESIAN_POINT ( 'NONE',  ( 4.610767749299147233, 23.14279364131807881, -5.700032803689540906 ) ) ;
#2205 = B_SPLINE_CURVE_WITH_KNOTS ( 'NONE', 3,
 ( #2194, #1359, #278, #1983 ),
 .UNSPECIFIED., .F., .F.,
 ( 4, 4 ),
 ( 0.01127616909924899699, 0.01136936004383031634 ),
 .UNSPECIFIED. ) ;
#2206 = CARTESIAN_POINT ( 'NONE',  ( -7.492910118470337721, 23.00000000000000000, -0.3260336739124409244 ) ) ;
#2207 = ADVANCED_FACE ( 'NONE', ( #1289 ), #1460, .T. ) ;
#2208 = AXIS2_PLACEMENT_3D ( 'NONE', #1086, #254, #2771 ) ;
#2209 = CARTESIAN_POINT ( 'NONE',  ( 1.957106781186540134, 18.38980838085267777, 7.240147308379413005 ) ) ;
#2210 = EDGE_CURVE ( 'NONE', #433, #1025, #188, .T. ) ;
#2211 = EDGE_CURVE ( 'NONE', #2629, #2648, #137, .T. ) ;
#2212 = DIRECTION ( 'NONE',  ( -3.004629197474339362E-15, 1.000000000000000000, -1.734723475976791514E-15 ) ) ;
#2213 = ORIENTED_EDGE ( 'NONE', *, *, #1925, .F. ) ;
#2214 = VERTEX_POINT ( 'NONE', #828 ) ;
#2215 = EDGE_LOOP ( 'NONE', ( #1978, #98, #19, #2346 ) ) ;
#2216 = FACE_OUTER_BOUND ( 'NONE', #374, .T. ) ;
#2217 = CARTESIAN_POINT ( 'NONE',  ( -2.889808380852683101, 17.82313218497098362, 28.99999999999999645 ) ) ;
#2218 = CARTESIAN_POINT ( 'NONE',  ( 0.000000000000000000, 0.000000000000000000, 0.000000000000000000 ) ) ;
#2219 = CARTESIAN_POINT ( 'NONE',  ( 22.48316684934141563, 12.11602540378444104, -21.05801270189232000 ) ) ;
#2220 = ORIENTED_EDGE ( 'NONE', *, *, #1889, .F. ) ;
#2221 = DIRECTION ( 'NONE',  ( -0.4999999999999933942, 0.000000000000000000, 0.8660254037844425934 ) ) ;
#2222 = CARTESIAN_POINT ( 'NONE',  ( -4.205769748787743012, 16.89144848453797820, -6.211099265688065252 ) ) ;
#2223 = CARTESIAN_POINT ( 'NONE',  ( -21.43412874366505250, 4.249999999999992006, -20.87499999999979750 ) ) ;
#2224 = DIRECTION ( 'NONE',  ( -0.4999999999999987232, -0.8660254037844393737, 0.000000000000000000 ) ) ;
#2225 = ORIENTED_EDGE ( 'NONE', *, *, #23, .F. ) ;
#2226 = PLANE ( 'NONE',  #2694 ) ;
#2227 = CARTESIAN_POINT ( 'NONE',  ( -5.291598105604879088, 21.61019161914732933, -5.314977844615992986 ) ) ;
#2228 = DIRECTION ( 'NONE',  ( -0.8660254037844385966, 0.5000000000000002220, 0.000000000000000000 ) ) ;
#2229 = ORIENTED_EDGE ( 'NONE', *, *, #1649, .F. ) ;
#2230 = ADVANCED_FACE ( 'NONE', ( #2761 ), #2534, .T. ) ;
#2231 = CC_DESIGN_DATE_AND_TIME_ASSIGNMENT ( #1399, #1366, ( #941 ) ) ;
#2232 = CARTESIAN_POINT ( 'NONE',  ( 7.507869304050180936, 19.38170049440244824, -0.5891373600022363766 ) ) ;
#2233 = ORIENTED_EDGE ( 'NONE', *, *, #921, .F. ) ;
#2234 = AXIS2_PLACEMENT_3D ( 'NONE', #1728, #460, #1315 ) ;
#2235 = APPROVAL_STATUS ( 'not_yet_approved' ) ;
#2236 = VECTOR ( 'NONE', #1838, 999.9999999999998863 ) ;
#2237 = CARTESIAN_POINT ( 'NONE',  ( 6.598354059257771631, 17.56407828162383211, -3.817751315716383598 ) ) ;
#2238 = ORIENTED_EDGE ( 'NONE', *, *, #2464, .T. ) ;
#2239 = PLANE ( 'NONE',  #1737 ) ;
#2240 = FACE_OUTER_BOUND ( 'NONE', #2147, .T. ) ;
#2241 = DIRECTION ( 'NONE',  ( 0.4999999999999933942, 0.000000000000000000, -0.8660254037844425934 ) ) ;
#2242 = CARTESIAN_POINT ( 'NONE',  ( -4.330127018922193649, 17.49999999999999645, 30.00000000000000000 ) ) ;
#2243 = CARTESIAN_POINT ( 'NONE',  ( 24.43978649849632845, 17.92388255456362955, -15.66904805846847104 ) ) ;
#2244 = CARTESIAN_POINT ( 'NONE',  ( 4.264142572105464879, 20.61829950559755886, -6.207436865599772702 ) ) ;
#2245 = DIRECTION ( 'NONE',  ( 0.000000000000000000, 0.000000000000000000, 1.000000000000000000 ) ) ;
#2246 = ORIENTED_EDGE ( 'NONE', *, *, #1767, .T. ) ;
#2247 = CIRCLE ( 'NONE', #2585, 0.9999999999999993339 ) ;
#2248 = DIRECTION ( 'NONE',  ( 0.000000000000000000, -0.8320502943378451643, -0.5547001962252268159 ) ) ;
#2249 = B_SPLINE_CURVE_WITH_KNOTS ( 'NONE', 3,
 ( #1987, #1125, #1997, #2581, #252, #48, #895, #2610, #1155, #882 ),
 .UNSPECIFIED., .F., .F.,
 ( 4, 2, 2, 2, 4 ),
 ( 1.226634733346699349E-18, 0.0002724825713597350211, 0.0005449651427194687411, 0.0008174477140792025696, 0.001089930285438936398 ),
 .UNSPECIFIED. ) ;
#2250 = EDGE_CURVE ( 'NONE', #1468, #2629, #1146, .T. ) ;
#2251 = ORIENTED_EDGE ( 'NONE', *, *, #277, .F. ) ;
#2252 = CIRCLE ( 'NONE', #2417, 1.000000000000000000 ) ;
#2253 = PERSON_AND_ORGANIZATION_ROLE ( 'creator' ) ;
#2254 = EDGE_CURVE ( 'NONE', #1719, #1251, #2334, .T. ) ;
#2255 = FACE_OUTER_BOUND ( 'NONE', #2729, .T. ) ;
#2256 = CARTESIAN_POINT ( 'NONE',  ( -25.11473670974885408, 15.00000000000000000, -14.49999999999976730 ) ) ;
#2257 = ORIENTED_EDGE ( 'NONE', *, *, #2408, .F. ) ;
#2258 = DIRECTION ( 'NONE',  ( -0.8660254037844363761, 8.698526888272101389E-17, 0.5000000000000041078 ) ) ;
#2259 = DIRECTION ( 'NONE',  ( 0.4829629131445362100, -0.2588190451025200733, 0.8365163037378069433 ) ) ;
#2260 = DIRECTION ( 'NONE',  ( -0.2588190451025202399, 0.9659258262890684232, 0.000000000000000000 ) ) ;
#2261 = DIRECTION ( 'NONE',  ( 0.8660254037844390407, -0.4999999999999994449, -0.000000000000000000 ) ) ;
#2262 = CIRCLE ( 'NONE', #1047, 0.9999999999999988898 ) ;
#2263 = DIRECTION ( 'NONE',  ( -0.9682458365518550325, -0.2236067977499757164, -0.1118033988749883023 ) ) ;
#2264 = EDGE_LOOP ( 'NONE', ( #1323, #1368, #2015, #1554, #570, #1225, #194, #472, #1791, #1905, #886, #1245, #826, #1787, #1220, #1093, #2151, #2604, #2273, #123, #2246, #961, #2409, #2498, #1619 ) ) ;
#2265 =( NAMED_UNIT ( * ) SI_UNIT ( $, .STERADIAN. ) SOLID_ANGLE_UNIT ( ) );
#2266 = ORIENTED_EDGE ( 'NONE', *, *, #1234, .F. ) ;
#2267 = DIRECTION ( 'NONE',  ( -0.2499999999999950040, 0.8660254037844407060, 0.4330127018922184656 ) ) ;
#2268 = EDGE_CURVE ( 'NONE', #2472, #304, #2596, .T. ) ;
#2269 = EDGE_CURVE ( 'NONE', #1795, #457, #383, .T. ) ;
#2270 = DIRECTION ( 'NONE',  ( 0.4829629131445262180, -0.2588190451025223493, -0.8365163037378120503 ) ) ;
#2271 = CARTESIAN_POINT ( 'NONE',  ( -7.495760934094580108, 22.14659428105822414, 0.2522070083368823101 ) ) ;
#2272 = ORIENTED_EDGE ( 'NONE', *, *, #2542, .T. ) ;
#2273 = ORIENTED_EDGE ( 'NONE', *, *, #483, .T. ) ;
#2274 = CARTESIAN_POINT ( 'NONE',  ( 0.000000000000000000, 25.00000000000000000, 28.99999999999999645 ) ) ;
#2275 = VERTEX_POINT ( 'NONE', #1877 ) ;
#2276 = CARTESIAN_POINT ( 'NONE',  ( 7.248704886791359492, 21.61019161914731868, -1.925169463763398703 ) ) ;
#2277 = CARTESIAN_POINT ( 'NONE',  ( -23.63268590218000043, 17.03397510944659388, -17.62168749433278947 ) ) ;
#2278 = CLOSED_SHELL ( 'NONE', ( #2123, #442, #2722, #2207, #1911, #257, #2092, #1491, #2143, #697, #2647, #2230, #225, #1999, #2709, #1837, #646, #1397, #2672, #1134, #158, #143, #455, #441, #2375, #2443, #1637, #2573, #1478, #372, #2360, #390, #222, #178, #1766, #276, #2692, #60, #1908, #2313, #1001, #2412, #1033, #1648, #519, #1100, #353, #1713, #2091, #1175, #24, #1497, #2608, #2173, #2304, #312, #1716, #505, #940, #862, #2396, #1984, #2107, #291, #696, #1448, #1924, #2655, #1210, #1729, #1357, #732, #2428, #846, #2061, #2769, #1888, #2492, #2493, #2019, #1067, #404, #1462, #925, #1785, #295, #617, #847, #1416, #1138, #966, #2541, #748, #1343, #1951 ) ) ;
#2279 = DIRECTION ( 'NONE',  ( 0.000000000000000000, 1.000000000000000000, 0.000000000000000000 ) ) ;
#2280 = AXIS2_PLACEMENT_3D ( 'NONE', #221, #2536, #665 ) ;
#2281 = EDGE_CURVE ( 'NONE', #2674, #444, #664, .T. ) ;
#2282 = ORIENTED_EDGE ( 'NONE', *, *, #144, .F. ) ;
#2283 = ORIENTED_EDGE ( 'NONE', *, *, #61, .F. ) ;
#2284 = CARTESIAN_POINT ( 'NONE',  ( 27.02980021920976839, 18.36602540378443749, -11.18301270189234486 ) ) ;
#2285 = CARTESIAN_POINT ( 'NONE',  ( -3.830127018922193205, 18.36602540378443749, 28.99999999999999645 ) ) ;
#2286 = CARTESIAN_POINT ( 'NONE',  ( -26.55964090017517165, 22.17686781502901994, -11.99735253011215796 ) ) ;
#2287 = EDGE_CURVE ( 'NONE', #1084, #217, #888, .T. ) ;
#2288 = ORIENTED_EDGE ( 'NONE', *, *, #1099, .T. ) ;
#2289 = DIRECTION ( 'NONE',  ( -0.5000000000000041078, 0.000000000000000000, -0.8660254037844362651 ) ) ;
#2290 = AXIS2_PLACEMENT_3D ( 'NONE', #1021, #2533, #1036 ) ;
#2291 = CIRCLE ( 'NONE', #2069, 1.000000000000000444 ) ;
#2292 =( BOUNDED_CURVE ( )  B_SPLINE_CURVE ( 3, ( #373, #357, #2244, #324 ),
 .UNSPECIFIED., .F., .T. ) 
 B_SPLINE_CURVE_WITH_KNOTS ( ( 4, 4 ),
 ( 1.834799979312014884, 2.106776029968729702 ),
 .UNSPECIFIED. ) 
 CURVE ( )  GEOMETRIC_REPRESENTATION_ITEM ( )  RATIONAL_B_SPLINE_CURVE ( ( 1.000000000000000000, 0.9938452459560029872, 0.9938452459560029872, 1.000000000000000000 ) ) 
 REPRESENTATION_ITEM ( '' )  );
#2293 = VECTOR ( 'NONE', #2656, 1000.000000000000114 ) ;
#2294 = PLANE ( 'NONE',  #2185 ) ;
#2295 = DIRECTION ( 'NONE',  ( -0.9659258262890683122, -0.2588190451025205729, -0.000000000000000000 ) ) ;
#2296 = EDGE_LOOP ( 'NONE', ( #1042, #1020, #1218, #953, #1341 ) ) ;
#2297 = EDGE_LOOP ( 'NONE', ( #1335, #2093, #1450 ) ) ;
#2298 = DIRECTION ( 'NONE',  ( 0.000000000000000000, 0.000000000000000000, 1.000000000000000000 ) ) ;
#2299 = CARTESIAN_POINT ( 'NONE',  ( -3.389808380852678660, 16.95710678118654258, 6.690231620885854547 ) ) ;
#2300 = CARTESIAN_POINT ( 'NONE',  ( -1.349900422504622943, 22.07611744543638821, 7.377517797289399937 ) ) ;
#2301 = EDGE_LOOP ( 'NONE', ( #2034, #1982, #281, #1801 ) ) ;
#2302 = VECTOR ( 'NONE', #2153, 999.9999999999998863 ) ;
#2303 = CARTESIAN_POINT ( 'NONE',  ( -3.724107172695350076, 17.21063115757580064, 6.510439357250268344 ) ) ;
#2304 = ADVANCED_FACE ( 'NONE', ( #1355 ), #1774, .F. ) ;
#2305 = EDGE_CURVE ( 'NONE', #149, #2773, #2155, .T. ) ;
#2306 = AXIS2_PLACEMENT_3D ( 'NONE', #8, #51, #1743 ) ;
#2307 = LINE ( 'NONE', #546, #1967 ) ;
#2308 = DIRECTION ( 'NONE',  ( 1.224646799147352961E-16, 0.000000000000000000, -1.000000000000000000 ) ) ;
#2309 = CARTESIAN_POINT ( 'NONE',  ( 0.000000000000000000, 15.00000000000000000, 0.000000000000000000 ) ) ;
#2310 = EDGE_LOOP ( 'NONE', ( #971, #1604, #1184 ) ) ;
#2311 = DIRECTION ( 'NONE',  ( 0.000000000000000000, -0.000000000000000000, 1.000000000000000000 ) ) ;
#2312 = DIRECTION ( 'NONE',  ( 0.4330127018922224624, 0.5000000000000014433, 0.7499999999999972244 ) ) ;
#2313 = ADVANCED_FACE ( 'NONE', ( #2775 ), #705, .T. ) ;
#2314 = APPROVAL_DATE_TIME ( #836, #1211 ) ;
#2315 = DIRECTION ( 'NONE',  ( 0.000000000000000000, 0.000000000000000000, 1.000000000000000000 ) ) ;
#2316 = CYLINDRICAL_SURFACE ( 'NONE', #50, 1.000000000000000222 ) ;
#2317 = AXIS2_PLACEMENT_3D ( 'NONE', #1096, #915, #1770 ) ;
#2318 = EDGE_LOOP ( 'NONE', ( #2679, #2160, #2431, #703 ) ) ;
#2319 = CARTESIAN_POINT ( 'NONE',  ( -3.830127018922192761, 18.36602540378443749, 6.448265427145677187 ) ) ;
#2320 = CARTESIAN_POINT ( 'NONE',  ( -23.41983251932253296, 16.95710678118655323, -17.43566017177961314 ) ) ;
#2321 = CARTESIAN_POINT ( 'NONE',  ( 0.000000000000000000, 25.00000000000000000, 0.000000000000000000 ) ) ;
#2322 = CARTESIAN_POINT ( 'NONE',  ( -3.464101615137753054, 16.99999999999999645, 6.652067347825036947 ) ) ;
#2323 = ORIENTED_EDGE ( 'NONE', *, *, #1290, .F. ) ;
#2324 = DIRECTION ( 'NONE',  ( 0.8660254037844432595, 1.895741069380449607E-17, 0.4999999999999920064 ) ) ;
#2325 = EDGE_CURVE ( 'NONE', #481, #1468, #702, .T. ) ;
#2326 = CIRCLE ( 'NONE', #774, 1.000000000000000888 ) ;
#2327 = ORIENTED_EDGE ( 'NONE', *, *, #2613, .F. ) ;
#2328 = AXIS2_PLACEMENT_3D ( 'NONE', #202, #1683, #1882 ) ;
#2329 = CARTESIAN_POINT ( 'NONE',  ( 3.830127018922194093, 21.63397459621556962, 6.448265427145674522 ) ) ;
#2330 = EDGE_CURVE ( 'NONE', #501, #536, #2597, .T. ) ;
#2331 = CIRCLE ( 'NONE', #1893, 0.9999999999999995559 ) ;
#2332 = ORIENTED_EDGE ( 'NONE', *, *, #628, .F. ) ;
#2333 = DIRECTION ( 'NONE',  ( 1.000000000000000000, 0.000000000000000000, 3.469446951953614189E-15 ) ) ;
#2334 = LINE ( 'NONE', #1063, #734 ) ;
#2335 = DIRECTION ( 'NONE',  ( -0.000000000000000000, -1.000000000000000000, -0.000000000000000000 ) ) ;
#2336 = CARTESIAN_POINT ( 'NONE',  ( -25.66027739844990307, 18.88980838085269554, -13.55509580957341598 ) ) ;
#2337 = CARTESIAN_POINT ( 'NONE',  ( -3.603265289315189968, 17.09232012197887940, 6.578090460990223320 ) ) ;
#2338 = CARTESIAN_POINT ( 'NONE',  ( 7.064068040576733765, 22.07611744543638466, -2.519710840176382138 ) ) ;
#2339 = ORIENTED_EDGE ( 'NONE', *, *, #830, .T. ) ;
#2340 = CARTESIAN_POINT ( 'NONE',  ( -3.531743148379072661, 17.86602540378444104, -6.616403126614830654 ) ) ;
#2341 = AXIS2_PLACEMENT_3D ( 'NONE', #1429, #929, #351 ) ;
#2342 = ORIENTED_EDGE ( 'NONE', *, *, #1277, .T. ) ;
#2343 = AXIS2_PLACEMENT_3D ( 'NONE', #333, #2422, #1156 ) ;
#2344 = CARTESIAN_POINT ( 'NONE',  ( -23.19967320028779056, 18.36602540378443749, -17.81698729810756632 ) ) ;
#2345 = EDGE_CURVE ( 'NONE', #1569, #1028, #2356, .T. ) ;
#2346 = ORIENTED_EDGE ( 'NONE', *, *, #2485, .T. ) ;
#2347 = DIRECTION ( 'NONE',  ( -0.8660254037844425934, 0.000000000000000000, -0.4999999999999933942 ) ) ;
#2348 = DIRECTION ( 'NONE',  ( 0.000000000000000000, -0.8320502943378393912, 0.5547001962252355867 ) ) ;
#2349 = DIRECTION ( 'NONE',  ( 0.000000000000000000, 0.000000000000000000, -1.000000000000000000 ) ) ;
#2350 = EDGE_LOOP ( 'NONE', ( #740, #360, #1782, #2601 ) ) ;
#2351 = CARTESIAN_POINT ( 'NONE',  ( 5.186830491280352895, 23.00000000000000000, -5.417267711192090829 ) ) ;
#2352 = EDGE_LOOP ( 'NONE', ( #2272, #1404, #33, #2401 ) ) ;
#2353 = DIRECTION ( 'NONE',  ( -0.000000000000000000, -1.000000000000000000, -0.000000000000000000 ) ) ;
#2354 = ORIENTED_EDGE ( 'NONE', *, *, #1374, .F. ) ;
#2355 = FACE_OUTER_BOUND ( 'NONE', #1853, .T. ) ;
#2356 = LINE ( 'NONE', #13, #2703 ) ;
#2357 = EDGE_CURVE ( 'NONE', #2097, #2629, #2603, .T. ) ;
#2358 = CARTESIAN_POINT ( 'NONE',  ( -3.464101615137753054, 16.99999999999999645, 30.00000000000000000 ) ) ;
#2359 = CARTESIAN_POINT ( 'NONE',  ( 27.46281292110197469, 17.86602540378443749, -12.43301270189234664 ) ) ;
#2360 = ADVANCED_FACE ( 'NONE', ( #40 ), #273, .T. ) ;
#2361 = VERTEX_POINT ( 'NONE', #2382 ) ;
#2362 = DIRECTION ( 'NONE',  ( -0.000000000000000000, -0.000000000000000000, 1.000000000000000000 ) ) ;
#2363 = ORIENTED_EDGE ( 'NONE', *, *, #1112, .F. ) ;
#2364 = CARTESIAN_POINT ( 'NONE',  ( 9.184850993605147944E-16, 25.00000000000000000, 7.500000000000000000 ) ) ;
#2365 = AXIS2_PLACEMENT_3D ( 'NONE', #2152, #272, #918 ) ;
#2366 = ORIENTED_EDGE ( 'NONE', *, *, #1433, .T. ) ;
#2367 = LINE ( 'NONE', #54, #2012 ) ;
#2368 = CARTESIAN_POINT ( 'NONE',  ( 23.41983251932228782, 23.04289321881345032, -17.43566017177993643 ) ) ;
#2369 = VECTOR ( 'NONE', #1219, 1000.000000000000000 ) ;
#2370 = CARTESIAN_POINT ( 'NONE',  ( 23.63268590217976239, 22.13397459621556607, -17.06698729810788606 ) ) ;
#2371 = AXIS2_PLACEMENT_3D ( 'NONE', #1854, #2522, #1678 ) ;
#2372 = CARTESIAN_POINT ( 'NONE',  ( -31.14342088718595392, 17.88397459621556962, -6.058012701891934526 ) ) ;
#2373 = ORIENTED_EDGE ( 'NONE', *, *, #2558, .T. ) ;
#2374 = ORIENTED_EDGE ( 'NONE', *, *, #1277, .F. ) ;
#2375 = ADVANCED_FACE ( 'NONE', ( #27 ), #475, .F. ) ;
#2376 = EDGE_CURVE ( 'NONE', #768, #1516, #1521, .T. ) ;
#2377 = DIRECTION ( 'NONE',  ( 0.8660254037844363761, 2.824513096203023213E-17, -0.5000000000000039968 ) ) ;
#2378 = CIRCLE ( 'NONE', #652, 1.000000000000001332 ) ;
#2379 = DIRECTION ( 'NONE',  ( 0.8660254037844433705, -2.775557561562891351E-17, 0.4999999999999920064 ) ) ;
#2380 = ORIENTED_EDGE ( 'NONE', *, *, #1615, .T. ) ;
#2381 = LINE ( 'NONE', #1299, #1078 ) ;
#2382 = CARTESIAN_POINT ( 'NONE',  ( -4.023369234857770316, 0.000000000000000000, 3.750000000000000000 ) ) ;
#2383 = ORIENTED_EDGE ( 'NONE', *, *, #2188, .F. ) ;
#2384 = ORIENTED_EDGE ( 'NONE', *, *, #770, .F. ) ;
#2385 = CARTESIAN_POINT ( 'NONE',  ( 7.397921924848785302, 16.85720635868192474, -1.233187412294512564 ) ) ;
#2386 = CARTESIAN_POINT ( 'NONE',  ( 3.830127018922194093, 21.63397459621556962, 6.448265427145674522 ) ) ;
#2387 =( BOUNDED_CURVE ( )  B_SPLINE_CURVE ( 3, ( #1470, #610, #440, #1267 ),
 .UNSPECIFIED., .F., .T. ) 
 B_SPLINE_CURVE_WITH_KNOTS ( ( 4, 4 ),
 ( 4.976392632901806223, 5.248368683558522818 ),
 .UNSPECIFIED. ) 
 CURVE ( )  GEOMETRIC_REPRESENTATION_ITEM ( )  RATIONAL_B_SPLINE_CURVE ( ( 1.000000000000000000, 0.9938452459560027652, 0.9938452459560027652, 1.000000000000000000 ) ) 
 REPRESENTATION_ITEM ( '' )  );
#2388 = VERTEX_POINT ( 'NONE', #2368 ) ;
#2389 = VERTEX_POINT ( 'NONE', #465 ) ;
#2390 = CARTESIAN_POINT ( 'NONE',  ( 4.075509128513075119, 23.02853394863517522, -6.295928395161500823 ) ) ;
#2391 = B_SPLINE_CURVE_WITH_KNOTS ( 'NONE', 3,
 ( #1807, #320, #107, #965, #1823, #2668, #1239, #2271, #2700, #162, #2083, #581 ),
 .UNSPECIFIED., .F., .F.,
 ( 4, 2, 2, 2, 2, 4 ),
 ( 1.136345257559639161E-17, 0.0004042636397398339989, 0.0008085272794796566137, 0.001010659099349562988, 0.001212790919219469471, 0.001617054558959282436 ),
 .UNSPECIFIED. ) ;
#2392 = EDGE_CURVE ( 'NONE', #1028, #1104, #1344, .T. ) ;
#2393 = VERTEX_POINT ( 'NONE', #2167 ) ;
#2394 = DIRECTION ( 'NONE',  ( 0.2588190451025207395, -0.9659258262890683122, 0.000000000000000000 ) ) ;
#2395 = CARTESIAN_POINT ( 'NONE',  ( 5.630238909873630071, 17.95803588063321499, -4.956531074981138651 ) ) ;
#2396 = ADVANCED_FACE ( 'NONE', ( #1132 ), #2398, .T. ) ;
#2397 = ORIENTED_EDGE ( 'NONE', *, *, #2513, .F. ) ;
#2398 = CYLINDRICAL_SURFACE ( 'NONE', #380, 1.000000000000000444 ) ;
#2399 = LINE ( 'NONE', #274, #489 ) ;
#2400 = B_SPLINE_CURVE_WITH_KNOTS ( 'NONE', 3,
 ( #775, #2685, #1624, #2056, #1640, #2484, #580, #2529, #621, #1872, #1914, #2329 ),
 .UNSPECIFIED., .F., .F.,
 ( 4, 2, 2, 2, 2, 4 ),
 ( 1.592264493058081649E-17, 0.0004042636397398374141, 0.0008085272794796588905, 0.001010659099349564289, 0.001212790919219469687, 0.001617054558959280484 ),
 .UNSPECIFIED. ) ;
#2401 = ORIENTED_EDGE ( 'NONE', *, *, #2376, .F. ) ;
#2402 = DIRECTION ( 'NONE',  ( 0.5000000000000041078, 0.000000000000000000, 0.8660254037844362651 ) ) ;
#2403 = VECTOR ( 'NONE', #576, 999.9999999999998863 ) ;
#2404 = ORIENTED_EDGE ( 'NONE', *, *, #23, .T. ) ;
#2405 = LINE ( 'NONE', #282, #1485 ) ;
#2406 = AXIS2_PLACEMENT_3D ( 'NONE', #176, #1031, #1884 ) ;
#2407 = ORIENTED_EDGE ( 'NONE', *, *, #1699, .F. ) ;
#2408 = EDGE_CURVE ( 'NONE', #1651, #905, #429, .T. ) ;
#2409 = ORIENTED_EDGE ( 'NONE', *, *, #959, .F. ) ;
#2410 = DIRECTION ( 'NONE',  ( 0.000000000000000000, 0.4472135954999593710, -0.8944271909999151893 ) ) ;
#2411 = EDGE_CURVE ( 'NONE', #969, #1326, #55, .T. ) ;
#2412 = ADVANCED_FACE ( 'NONE', ( #564 ), #1579, .T. ) ;
#2413 = CARTESIAN_POINT ( 'NONE',  ( -4.023369234857770316, 15.00000000000000000, 3.750000000000000000 ) ) ;
#2414 = CARTESIAN_POINT ( 'NONE',  ( -27.42566630395961269, 22.17686781502901994, -12.49735253011215264 ) ) ;
#2415 = AXIS2_PLACEMENT_3D ( 'NONE', #213, #973, #1846 ) ;
#2416 = CYLINDRICAL_SURFACE ( 'NONE', #2589, 1.000000000000000222 ) ;
#2417 = AXIS2_PLACEMENT_3D ( 'NONE', #532, #585, #2687 ) ;
#2418 = ORIENTED_EDGE ( 'NONE', *, *, #2211, .T. ) ;
#2419 = DIRECTION ( 'NONE',  ( -0.9659258262890683122, -0.2588190451025207950, 5.864649724205792593E-15 ) ) ;
#2420 = VERTEX_POINT ( 'NONE', #1406 ) ;
#2421 = CARTESIAN_POINT ( 'NONE',  ( -3.243726731944685859, 19.38170049440245180, 6.796574225601956343 ) ) ;
#2422 = DIRECTION ( 'NONE',  ( 0.9682458365518542553, 0.2236067977499791026, -0.1118033988749893431 ) ) ;
#2423 = ORIENTED_EDGE ( 'NONE', *, *, #2411, .T. ) ;
#2424 = CARTESIAN_POINT ( 'NONE',  ( 23.59919225312586377, 23.25000000000000000, -17.12500000000011369 ) ) ;
#2425 = CARTESIAN_POINT ( 'NONE',  ( -26.52630280223434411, 18.88980838085268843, -14.05509580957341242 ) ) ;
#2426 = CARTESIAN_POINT ( 'NONE',  ( -7.488368128564956372, 23.04289321881345742, -0.4091977924448324533 ) ) ;
#2427 = AXIS2_PLACEMENT_3D ( 'NONE', #1536, #2190, #1980 ) ;
#2428 = ADVANCED_FACE ( 'NONE', ( #991 ), #547, .T. ) ;
#2429 = CARTESIAN_POINT ( 'NONE',  ( 26.59678751731754076, 17.86602540378443749, -11.93301270189234131 ) ) ;
#2430 = VERTEX_POINT ( 'NONE', #2667 ) ;
#2431 = ORIENTED_EDGE ( 'NONE', *, *, #1767, .F. ) ;
#2432 = LINE ( 'NONE', #912, #1270 ) ;
#2433 = ORIENTED_EDGE ( 'NONE', *, *, #2325, .T. ) ;
#2434 = DIRECTION ( 'NONE',  ( 0.4330127018922124704, 0.4999999999999995559, -0.7500000000000042188 ) ) ;
#2435 =( LENGTH_UNIT ( ) NAMED_UNIT ( * ) SI_UNIT ( .MILLI., .METRE. ) );
#2436 = DIRECTION ( 'NONE',  ( -0.4330127018922124149, -0.4999999999999999445, 0.7500000000000041078 ) ) ;
#2437 = CARTESIAN_POINT ( 'NONE',  ( -2.889808380852684877, 17.82313218497098006, 30.00000000000000000 ) ) ;
#2438 = ORIENTED_EDGE ( 'NONE', *, *, #139, .T. ) ;
#2439 = CARTESIAN_POINT ( 'NONE',  ( 25.10576211353307485, 18.03108891324555074, -16.51554445662288373 ) ) ;
#2440 = DIRECTION ( 'NONE',  ( 0.9682458365518550325, 0.2236067977499757442, 0.1118033988749883162 ) ) ;
#2441 = DIRECTION ( 'NONE',  ( -0.4330127018922229065, -0.4999999999999998335, -0.7499999999999982236 ) ) ;
#2442 = LINE ( 'NONE', #120, #2545 ) ;
#2443 = ADVANCED_FACE ( 'NONE', ( #2651 ), #1161, .F. ) ;
#2444 = CARTESIAN_POINT ( 'NONE',  ( -4.023369234857770316, 15.00000000000000000, -3.750000000000000000 ) ) ;
#2445 = ORIENTED_EDGE ( 'NONE', *, *, #2554, .T. ) ;
#2446 = CARTESIAN_POINT ( 'NONE',  ( -3.964101615137754386, 17.86602540378444104, 6.366780849445289547 ) ) ;
#2447 = DIRECTION ( 'NONE',  ( -0.4330127018922124149, -0.4999999999999998335, 0.7500000000000042188 ) ) ;
#2448 = EDGE_CURVE ( 'NONE', #497, #2674, #2511, .T. ) ;
#2449 = ORIENTED_EDGE ( 'NONE', *, *, #206, .T. ) ;
#2450 = AXIS2_PLACEMENT_3D ( 'NONE', #1122, #2181, #2245 ) ;
#2451 = CYLINDRICAL_SURFACE ( 'NONE', #591, 0.9999999999999995559 ) ;
#2452 = PERSON_AND_ORGANIZATION_ROLE ( 'creator' ) ;
#2453 = ORIENTED_EDGE ( 'NONE', *, *, #796, .F. ) ;
#2454 = CARTESIAN_POINT ( 'NONE',  ( -23.66983251932253296, 16.99108189063314356, -17.55734766611261577 ) ) ;
#2455 = VERTEX_POINT ( 'NONE', #1370 ) ;
#2456 = CARTESIAN_POINT ( 'NONE',  ( -23.63268590218000043, 17.86602540378443749, -17.06698729810756276 ) ) ;
#2457 = DIRECTION ( 'NONE',  ( 1.000000000000000000, 0.000000000000000000, 0.000000000000000000 ) ) ;
#2458 = CARTESIAN_POINT ( 'NONE',  ( 7.500259459524438732, 17.21063115757580064, -0.03004826065515506239 ) ) ;
#2459 = VECTOR ( 'NONE', #2176, 999.9999999999998863 ) ;
#2460 = PLANE ( 'NONE',  #1351 ) ;
#2461 = VECTOR ( 'NONE', #2762, 1000.000000000000227 ) ;
#2462 = ORIENTED_EDGE ( 'NONE', *, *, #42, .T. ) ;
#2463 = EDGE_CURVE ( 'NONE', #1326, #1107, #2030, .T. ) ;
#2464 = EDGE_CURVE ( 'NONE', #1651, #2478, #788, .T. ) ;
#2465 =( BOUNDED_CURVE ( )  B_SPLINE_CURVE ( 3, ( #2568, #1686, #1493, #1480 ),
 .UNSPECIFIED., .F., .T. ) 
 B_SPLINE_CURVE_WITH_KNOTS ( ( 4, 4 ),
 ( 4.232275064505291340, 4.243411446120383346 ),
 .UNSPECIFIED. ) 
 CURVE ( )  GEOMETRIC_REPRESENTATION_ITEM ( )  RATIONAL_B_SPLINE_CURVE ( ( 1.000000000000000000, 0.9999896651104128731, 0.9999896651104128731, 1.000000000000000000 ) ) 
 REPRESENTATION_ITEM ( '' )  );
#2466 = AXIS2_PLACEMENT_3D ( 'NONE', #492, #1777, #933 ) ;
#2467 = PLANE ( 'NONE',  #1038 ) ;
#2468 = DIRECTION ( 'NONE',  ( 0.000000000000000000, 0.000000000000000000, 1.000000000000000000 ) ) ;
#2469 = ORIENTED_EDGE ( 'NONE', *, *, #812, .F. ) ;
#2470 = CARTESIAN_POINT ( 'NONE',  ( 26.84678751731754076, 16.99999999999999645, -11.50000000000012257 ) ) ;
#2471 = EDGE_LOOP ( 'NONE', ( #1995, #1458, #783, #473 ) ) ;
#2472 = VERTEX_POINT ( 'NONE', #2006 ) ;
#2473 = B_SPLINE_CURVE_WITH_KNOTS ( 'NONE', 3,
 ( #2340, #1672, #1502, #873 ),
 .UNSPECIFIED., .F., .F.,
 ( 4, 4 ),
 ( 0.001089930285438936398, 0.001617054558959283954 ),
 .UNSPECIFIED. ) ;
#2474 = CARTESIAN_POINT ( 'NONE',  ( 1.091081377402101538, 18.88980838085267777, 30.00000000000000000 ) ) ;
#2475 = AXIS2_PLACEMENT_3D ( 'NONE', #1552, #1733, #258 ) ;
#2476 = CARTESIAN_POINT ( 'NONE',  ( -23.66983251932253296, 17.82313218497099072, -17.00264746988739617 ) ) ;
#2477 = DIRECTION ( 'NONE',  ( -0.5000000000000041078, 0.000000000000000000, -0.8660254037844362651 ) ) ;
#2478 = VERTEX_POINT ( 'NONE', #2043 ) ;
#2479 = DIRECTION ( 'NONE',  ( -0.000000000000000000, -0.000000000000000000, 1.000000000000000000 ) ) ;
#2480 = ORIENTED_EDGE ( 'NONE', *, *, #105, .T. ) ;
#2481 = EDGE_CURVE ( 'NONE', #327, #2487, #336, .T. ) ;
#2482 = CARTESIAN_POINT ( 'NONE',  ( -26.65571232478560404, 17.92388255456362245, -13.83095194153139573 ) ) ;
#2483 = CARTESIAN_POINT ( 'NONE',  ( 24.56919602104758837, 18.88980838085270264, -15.44490419042645968 ) ) ;
#2484 = CARTESIAN_POINT ( 'NONE',  ( 3.943453685578166557, 22.34689725090593981, 6.379627376829668073 ) ) ;
#2485 = EDGE_CURVE ( 'NONE', #881, #2120, #84, .T. ) ;
#2486 = ORIENTED_EDGE ( 'NONE', *, *, #334, .T. ) ;
#2487 = VERTEX_POINT ( 'NONE', #2425 ) ;
#2488 = FACE_OUTER_BOUND ( 'NONE', #1794, .T. ) ;
#2489 = ORIENTED_EDGE ( 'NONE', *, *, #2268, .T. ) ;
#2490 = DIRECTION ( 'NONE',  ( -0.8660254037844437036, -1.297019200483147000E-15, -0.4999999999999914513 ) ) ;
#2491 = CIRCLE ( 'NONE', #1878, 0.9999999999999991118 ) ;
#2492 = ADVANCED_FACE ( 'NONE', ( #1822 ), #948, .T. ) ;
#2493 = ADVANCED_FACE ( 'NONE', ( #2635 ), #106, .T. ) ;
#2494 = VERTEX_POINT ( 'NONE', #2470 ) ;
#2495 = CARTESIAN_POINT ( 'NONE',  ( -3.915703197086242593, 18.21780311528673835, 6.397435070383002298 ) ) ;
#2496 = LINE ( 'NONE', #815, #781 ) ;
#2497 = LINE ( 'NONE', #832, #2535 ) ;
#2498 = ORIENTED_EDGE ( 'NONE', *, *, #724, .T. ) ;
#2499 = ORIENTED_EDGE ( 'NONE', *, *, #1137, .F. ) ;
#2500 = DIRECTION ( 'NONE',  ( -0.000000000000000000, -1.000000000000000000, -0.000000000000000000 ) ) ;
#2501 = AXIS2_PLACEMENT_3D ( 'NONE', #1652, #1891, #2112 ) ;
#2502 = FACE_OUTER_BOUND ( 'NONE', #566, .T. ) ;
#2503 = ORIENTED_EDGE ( 'NONE', *, *, #2705, .T. ) ;
#2504 = CIRCLE ( 'NONE', #643, 0.9999999999999993339 ) ;
#2505 = DIRECTION ( 'NONE',  ( 0.000000000000000000, 0.000000000000000000, 1.000000000000000000 ) ) ;
#2506 = ORIENTED_EDGE ( 'NONE', *, *, #105, .F. ) ;
#2507 = DIRECTION ( 'NONE',  ( 1.000000000000000000, 0.000000000000000000, 0.000000000000000000 ) ) ;
#2508 = DIRECTION ( 'NONE',  ( 0.000000000000000000, -0.4472135954999563734, -0.8944271909999166326 ) ) ;
#2509 = EDGE_CURVE ( 'NONE', #327, #567, #319, .T. ) ;
#2510 = CYLINDRICAL_SURFACE ( 'NONE', #807, 0.9999999999999995559 ) ;
#2511 = CIRCLE ( 'NONE', #1900, 1.000000000000000000 ) ;
#2512 = CARTESIAN_POINT ( 'NONE',  ( -3.778418649098924220, 17.27917296888845300, 6.478905473813544980 ) ) ;
#2513 = EDGE_CURVE ( 'NONE', #1957, #583, #739, .T. ) ;
#2514 = APPROVAL_PERSON_ORGANIZATION ( #2630, #1211, #313 ) ;
#2515 = FACE_OUTER_BOUND ( 'NONE', #1513, .T. ) ;
#2516 = DIRECTION ( 'NONE',  ( 0.000000000000000000, -0.8320502943378450533, -0.5547001962252271490 ) ) ;
#2517 = CALENDAR_DATE ( 2026, 20, 8 ) ;
#2518 = FACE_OUTER_BOUND ( 'NONE', #791, .T. ) ;
#2519 = CARTESIAN_POINT ( 'NONE',  ( -23.66983251932253296, 17.82313218497099072, -17.00264746988738551 ) ) ;
#2520 = EDGE_LOOP ( 'NONE', ( #1910, #1242, #669, #1394 ) ) ;
#2521 = CARTESIAN_POINT ( 'NONE',  ( -3.031088913245534311, 16.74999999999999645, 28.99999999999999645 ) ) ;
#2522 = DIRECTION ( 'NONE',  ( 0.000000000000000000, 1.000000000000000000, 0.000000000000000000 ) ) ;
#2523 = DIRECTION ( 'NONE',  ( 0.8660254037844362651, 0.000000000000000000, -0.5000000000000041078 ) ) ;
#2524 = EDGE_CURVE ( 'NONE', #813, #1957, #789, .T. ) ;
#2525 = DIRECTION ( 'NONE',  ( 0.4829629131445384305, -0.2588190451025185190, 0.8365163037378061661 ) ) ;
#2526 = EDGE_CURVE ( 'NONE', #1377, #813, #2400, .T. ) ;
#2527 = CARTESIAN_POINT ( 'NONE',  ( -26.55964090017516810, 22.17686781502901994, -11.99735253011215974 ) ) ;
#2528 = SPHERICAL_SURFACE ( 'NONE', #175, 1.000000000000000000 ) ;
#2529 = CARTESIAN_POINT ( 'NONE',  ( 3.966298143279444854, 22.14659428105822059, 6.365415885452472722 ) ) ;
#2530 = B_SPLINE_CURVE_WITH_KNOTS ( 'NONE', 3,
 ( #672, #1942, #2616, #2135, #2395, #1927 ),
 .UNSPECIFIED., .F., .F.,
 ( 4, 2, 4 ),
 ( 0.000000000000000000, 0.0003963030908312730350, 0.0007926061816625460700 ),
 .UNSPECIFIED. ) ;
#2531 = AXIS2_PLACEMENT_3D ( 'NONE', #1992, #903, #930 ) ;
#2532 = ORIENTED_EDGE ( 'NONE', *, *, #2254, .F. ) ;
#2533 = DIRECTION ( 'NONE',  ( 0.8660254037844362651, 1.590941655494226752E-15, -0.5000000000000039968 ) ) ;
#2534 = CYLINDRICAL_SURFACE ( 'NONE', #1935, 7.500000000000000000 ) ;
#2535 = VECTOR ( 'NONE', #428, 1000.000000000000000 ) ;
#2536 = DIRECTION ( 'NONE',  ( 0.8660254037844363761, 0.000000000000000000, -0.5000000000000039968 ) ) ;
#2537 = CYLINDRICAL_SURFACE ( 'NONE', #1307, 0.9999999999999994449 ) ;
#2538 = ORIENTED_EDGE ( 'NONE', *, *, #1398, .T. ) ;
#2539 = DIRECTION ( 'NONE',  ( 0.4999999999999996114, 0.8660254037844390407, 0.000000000000000000 ) ) ;
#2540 = AXIS2_PLACEMENT_3D ( 'NONE', #2717, #970, #2477 ) ;
#2541 = ADVANCED_FACE ( 'NONE', ( #1005 ), #2316, .T. ) ;
#2542 = EDGE_CURVE ( 'NONE', #768, #523, #1718, .T. ) ;
#2543 = AXIS2_PLACEMENT_3D ( 'NONE', #125, #2447, #2248 ) ;
#2544 = DIRECTION ( 'NONE',  ( 0.000000000000000000, 0.000000000000000000, -1.000000000000000000 ) ) ;
#2545 = VECTOR ( 'NONE', #2029, 1000.000000000000114 ) ;
#2546 = ORIENTED_EDGE ( 'NONE', *, *, #2129, .F. ) ;
#2547 = LINE ( 'NONE', #464, #321 ) ;
#2548 = CARTESIAN_POINT ( 'NONE',  ( -7.107601280517484632, 17.95803588063321143, -2.397664387835565680 ) ) ;
#2549 = CYLINDRICAL_SURFACE ( 'NONE', #898, 1.000000000000000222 ) ;
#2550 = VERTEX_POINT ( 'NONE', #1457 ) ;
#2551 = DIRECTION ( 'NONE',  ( 0.000000000000000000, 1.000000000000000000, 0.000000000000000000 ) ) ;
#2552 = VECTOR ( 'NONE', #132, 1000.000000000000114 ) ;
#2553 =( GEOMETRIC_REPRESENTATION_CONTEXT ( 3 ) GLOBAL_UNCERTAINTY_ASSIGNED_CONTEXT ( ( #2749 ) ) GLOBAL_UNIT_ASSIGNED_CONTEXT ( ( #2435, #1784, #2265 ) ) REPRESENTATION_CONTEXT ( 'NONE', 'WORKASPACE' ) );
#2554 = EDGE_CURVE ( 'NONE', #327, #2430, #1810, .T. ) ;
#2555 = LINE ( 'NONE', #2364, #1145 ) ;
#2556 = ORIENTED_EDGE ( 'NONE', *, *, #421, .F. ) ;
#2557 = LINE ( 'NONE', #12, #2459 ) ;
#2558 = EDGE_CURVE ( 'NONE', #2132, #497, #1467, .T. ) ;
#2559 = DIRECTION ( 'NONE',  ( 0.000000000000000000, 0.4472135954999565399, 0.8944271909999165215 ) ) ;
#2560 = CYLINDRICAL_SURFACE ( 'NONE', #2280, 0.9999999999999995559 ) ;
#2561 = CARTESIAN_POINT ( 'NONE',  ( 5.714167618072092836, 17.92388255456362955, -4.857806957113084856 ) ) ;
#2562 = CARTESIAN_POINT ( 'NONE',  ( 26.55964090017501178, 17.82313218497099072, -11.99735253011250613 ) ) ;
#2563 = DIRECTION ( 'NONE',  ( -0.000000000000000000, -1.000000000000000000, -0.000000000000000000 ) ) ;
#2564 = ORIENTED_EDGE ( 'NONE', *, *, #1717, .F. ) ;
#2565 = LINE ( 'NONE', #1029, #1039 ) ;
#2566 = EDGE_LOOP ( 'NONE', ( #1203, #386, #25, #622, #1164, #1380 ) ) ;
#2567 = CARTESIAN_POINT ( 'NONE',  ( 2.630989335750167246, 23.14279364131808236, 7.017931382173467014 ) ) ;
#2568 = CARTESIAN_POINT ( 'NONE',  ( 7.492910118470331504, 16.99999999999999289, -0.3260336739125536676 ) ) ;
#2569 = VERTEX_POINT ( 'NONE', #2095 ) ;
#2570 = DIRECTION ( 'NONE',  ( 0.000000000000000000, 0.000000000000000000, 1.000000000000000000 ) ) ;
#2571 = DIRECTION ( 'NONE',  ( -0.8660254037844390407, 0.4999999999999994449, 0.000000000000000000 ) ) ;
#2572 = CARTESIAN_POINT ( 'NONE',  ( 2.964101615137752610, 22.13397459621556607, 28.99999999999999645 ) ) ;
#2573 = ADVANCED_FACE ( 'NONE', ( #161 ), #367, .T. ) ;
#2574 = EDGE_CURVE ( 'NONE', #1546, #2033, #956, .T. ) ;
#2575 = CARTESIAN_POINT ( 'NONE',  ( 23.19967320028754187, 21.63397459621556607, -17.81698729810788606 ) ) ;
#2576 = AXIS2_PLACEMENT_3D ( 'NONE', #1688, #2570, #425 ) ;
#2577 = CARTESIAN_POINT ( 'NONE',  ( -3.389808380852681324, 16.95710678118654258, 30.00000000000000000 ) ) ;
#2578 =( BOUNDED_CURVE ( )  B_SPLINE_CURVE ( 3, ( #771, #1002, #2421, #512 ),
 .UNSPECIFIED., .F., .T. ) 
 B_SPLINE_CURVE_WITH_KNOTS ( ( 4, 4 ),
 ( 4.976392632901806223, 5.248368683558522818 ),
 .UNSPECIFIED. ) 
 CURVE ( )  GEOMETRIC_REPRESENTATION_ITEM ( )  RATIONAL_B_SPLINE_CURVE ( ( 1.000000000000000000, 0.9938452459560027652, 0.9938452459560027652, 1.000000000000000000 ) ) 
 REPRESENTATION_ITEM ( '' )  );
#2579 = VECTOR ( 'NONE', #1409, 1000.000000000000227 ) ;
#2580 = ORIENTED_EDGE ( 'NONE', *, *, #1576, .F. ) ;
#2581 = CARTESIAN_POINT ( 'NONE',  ( -3.776152286829148608, 17.21063115757580064, -6.480391096595115918 ) ) ;
#2582 = ORIENTED_EDGE ( 'NONE', *, *, #924, .T. ) ;
#2583 = CARTESIAN_POINT ( 'NONE',  ( -7.284906702633707987, 23.00000000000000000, -1.783293114976466587 ) ) ;
#2584 = DIRECTION ( 'NONE',  ( 0.4330127018922128035, 0.4999999999999997780, -0.7500000000000038858 ) ) ;
#2585 = AXIS2_PLACEMENT_3D ( 'NONE', #2650, #1578, #1788 ) ;
#2586 = VERTEX_POINT ( 'NONE', #1018 ) ;
#2587 = CARTESIAN_POINT ( 'NONE',  ( 0.000000000000000000, 25.00000000000000000, 0.000000000000000000 ) ) ;
#2588 = DIRECTION ( 'NONE',  ( 0.8660254037844432595, -2.775557561562891351E-17, 0.4999999999999919509 ) ) ;
#2589 = AXIS2_PLACEMENT_3D ( 'NONE', #1993, #1792, #1166 ) ;
#2590 = CYLINDRICAL_SURFACE ( 'NONE', #1753, 0.9999999999999995559 ) ;
#2591 = EDGE_CURVE ( 'NONE', #905, #1608, #2262, .T. ) ;
#2592 = EDGE_CURVE ( 'NONE', #217, #70, #685, .T. ) ;
#2593 = LINE ( 'NONE', #1392, #932 ) ;
#2594 = ORIENTED_EDGE ( 'NONE', *, *, #483, .F. ) ;
#2595 = CARTESIAN_POINT ( 'NONE',  ( -1.787350606558933963, 17.08325867487232586, 7.339412751198351792 ) ) ;
#2596 =( BOUNDED_CURVE ( )  B_SPLINE_CURVE ( 3, ( #1706, #1653, #1445, #2299 ),
 .UNSPECIFIED., .F., .T. ) 
 B_SPLINE_CURVE_WITH_KNOTS ( ( 4, 4 ),
 ( 4.232275064505291340, 4.243411446120386898 ),
 .UNSPECIFIED. ) 
 CURVE ( )  GEOMETRIC_REPRESENTATION_ITEM ( )  RATIONAL_B_SPLINE_CURVE ( ( 1.000000000000000000, 0.9999896651104128731, 0.9999896651104128731, 1.000000000000000000 ) ) 
 REPRESENTATION_ITEM ( '' )  );
#2597 = CIRCLE ( 'NONE', #468, 1.000000000000000444 ) ;
#2598 = DIRECTION ( 'NONE',  ( -0.4999999999999994449, -0.8660254037844390407, 0.000000000000000000 ) ) ;
#2599 = LINE ( 'NONE', #1727, #1499 ) ;
#2600 = LOCAL_TIME ( 15, 36, 28.00000000000000000, #926 ) ;
#2601 = ORIENTED_EDGE ( 'NONE', *, *, #2671, .T. ) ;
#2602 = LINE ( 'NONE', #1342, #269 ) ;
#2603 = LINE ( 'NONE', #2204, #2302 ) ;
#2604 = ORIENTED_EDGE ( 'NONE', *, *, #1576, .T. ) ;
#2605 = CARTESIAN_POINT ( 'NONE',  ( -9.959292143521043528, 5.749999999999996447, 28.99999999999999645 ) ) ;
#2606 = DIRECTION ( 'NONE',  ( -0.000000000000000000, -1.000000000000000000, -0.000000000000000000 ) ) ;
#2607 = DIRECTION ( 'NONE',  ( -1.000000000000000000, -0.000000000000000000, -0.000000000000000000 ) ) ;
#2608 = ADVANCED_FACE ( 'NONE', ( #2121 ), #593, .F. ) ;
#2609 = ORIENTED_EDGE ( 'NONE', *, *, #1636, .T. ) ;
#2610 = CARTESIAN_POINT ( 'NONE',  ( -3.544840123111198338, 17.68414374034747283, -6.609456468033123144 ) ) ;
#2611 = ORIENTED_EDGE ( 'NONE', *, *, #1198, .T. ) ;
#2612 = EDGE_CURVE ( 'NONE', #534, #1738, #2378, .T. ) ;
#2613 = EDGE_CURVE ( 'NONE', #2686, #1189, #1413, .T. ) ;
#2614 = DIRECTION ( 'NONE',  ( 0.000000000000000000, 0.4472135954999565399, -0.8944271909999165215 ) ) ;
#2615 = CARTESIAN_POINT ( 'NONE',  ( 27.09678751731754431, 17.86602540378443749, -11.06698729810790738 ) ) ;
#2616 = CARTESIAN_POINT ( 'NONE',  ( 5.403682366346513000, 18.17575344597924669, -5.202074434925551216 ) ) ;
#2617 = ORIENTED_EDGE ( 'NONE', *, *, #1264, .T. ) ;
#2618 = DIRECTION ( 'NONE',  ( 0.2588190451025204064, -0.9659258262890684232, 0.000000000000000000 ) ) ;
#2619 = ORIENTED_EDGE ( 'NONE', *, *, #2210, .F. ) ;
#2620 = CARTESIAN_POINT ( 'NONE',  ( 0.000000000000000000, 23.00000000000000000, -7.500000000000000000 ) ) ;
#2621 = MANIFOLD_SOLID_BREP ( '\X2\96355217\X0\(\X2\57065468\X0\)2', #2278 ) ;
#2622 = LINE ( 'NONE', #358, #30 ) ;
#2623 = ORIENTED_EDGE ( 'NONE', *, *, #1015, .F. ) ;
#2624 = VERTEX_POINT ( 'NONE', #1045 ) ;
#2625 = ORIENTED_EDGE ( 'NONE', *, *, #843, .T. ) ;
#2626 = DIRECTION ( 'NONE',  ( 0.2588190451025205729, -0.9659258262890683122, 0.000000000000000000 ) ) ;
#2627 = CARTESIAN_POINT ( 'NONE',  ( 2.889808380852687097, 22.17686781502901638, 28.99999999999999645 ) ) ;
#2628 = AXIS2_PLACEMENT_3D ( 'NONE', #1269, #1064, #1508 ) ;
#2629 = VERTEX_POINT ( 'NONE', #1661 ) ;
#2630 = PERSON_AND_ORGANIZATION ( #542, #1415 ) ;
#2631 = EDGE_CURVE ( 'NONE', #2088, #2051, #1759, .T. ) ;
#2632 = EDGE_CURVE ( 'NONE', #501, #2058, #2119, .T. ) ;
#2633 = ORIENTED_EDGE ( 'NONE', *, *, #1278, .T. ) ;
#2634 = CARTESIAN_POINT ( 'NONE',  ( 1.477362370643797274, 17.95803588063319722, 7.354195462816747408 ) ) ;
#2635 = FACE_OUTER_BOUND ( 'NONE', #1358, .T. ) ;
#2636 = FACE_OUTER_BOUND ( 'NONE', #2301, .T. ) ;
#2637 = VECTOR ( 'NONE', #867, 1000.000000000000114 ) ;
#2638 = ORIENTED_EDGE ( 'NONE', *, *, #241, .F. ) ;
#2639 = DIRECTION ( 'NONE',  ( -3.004629197474308991E-15, 1.000000000000000000, 1.734723475976820505E-15 ) ) ;
#2640 = VECTOR ( 'NONE', #2362, 1000.000000000000000 ) ;
#2641 = VERTEX_POINT ( 'NONE', #634 ) ;
#2642 = VECTOR ( 'NONE', #902, 1000.000000000000000 ) ;
#2643 = ORIENTED_EDGE ( 'NONE', *, *, #2463, .T. ) ;
#2644 = CARTESIAN_POINT ( 'NONE',  ( -6.605446654370757287, 17.56407828162383211, -3.805466580623175776 ) ) ;
#2645 = PERSON_AND_ORGANIZATION_ROLE ( 'design_supplier' ) ;
#2646 = CARTESIAN_POINT ( 'NONE',  ( -29.47835737772488685, 12.11602540378444104, -8.941987298107505922 ) ) ;
#2647 = ADVANCED_FACE ( 'NONE', ( #1479 ), #1276, .T. ) ;
#2648 = VERTEX_POINT ( 'NONE', #645 ) ;
#2649 = FACE_OUTER_BOUND ( 'NONE', #2725, .T. ) ;
#2650 = CARTESIAN_POINT ( 'NONE',  ( -23.66983251932253296, 17.82313218497099072, -17.00264746988738551 ) ) ;
#2651 = FACE_OUTER_BOUND ( 'NONE', #1864, .T. ) ;
#2652 = LINE ( 'NONE', #2191, #2141 ) ;
#2653 = AXIS2_PLACEMENT_3D ( 'NONE', #1286, #2172, #1963 ) ;
#2654 = ORIENTED_EDGE ( 'NONE', *, *, #2040, .T. ) ;
#2655 = ADVANCED_FACE ( 'NONE', ( #1328 ), #215, .T. ) ;
#2656 = DIRECTION ( 'NONE',  ( 0.4829629131445379864, -0.2588190451025206840, 0.8365163037378056110 ) ) ;
#2657 = ORIENTED_EDGE ( 'NONE', *, *, #2408, .T. ) ;
#2658 = ORIENTED_EDGE ( 'NONE', *, *, #2574, .T. ) ;
#2659 = CARTESIAN_POINT ( 'NONE',  ( -1.349900422504622943, 22.07611744543638821, 7.377517797289399937 ) ) ;
#2660 = ORIENTED_EDGE ( 'NONE', *, *, #253, .F. ) ;
#2661 = B_SPLINE_CURVE_WITH_KNOTS ( 'NONE', 3,
 ( #1567, #1183, #1162, #2458, #1356, #289, #67, #1790, #2007, #85 ),
 .UNSPECIFIED., .F., .F.,
 ( 4, 2, 2, 2, 4 ),
 ( 1.355252715606880543E-18, 0.0002724825713597347500, 0.0005449651427194680906, 0.0008174477140792015938, 0.001089930285438934880 ),
 .UNSPECIFIED. ) ;
#2662 = CALENDAR_DATE ( 2026, 20, 8 ) ;
#2663 = CARTESIAN_POINT ( 'NONE',  ( -26.59678751731770774, 22.13397459621556607, -11.93301270189197538 ) ) ;
#2664 = EDGE_LOOP ( 'NONE', ( #1168, #1682, #147, #800 ) ) ;
#2665 = DIRECTION ( 'NONE',  ( -1.000000000000000000, 0.000000000000000000, 0.000000000000000000 ) ) ;
#2666 = DIRECTION ( 'NONE',  ( 0.4330127018922128035, 0.4999999999999997780, -0.7500000000000038858 ) ) ;
#2667 = CARTESIAN_POINT ( 'NONE',  ( -26.09329010034211649, 18.38980838085269198, -12.80509580957341242 ) ) ;
#2668 = CARTESIAN_POINT ( 'NONE',  ( -7.496646217802257262, 22.34689725090593981, 0.2253173819433001990 ) ) ;
#2669 = VERTEX_POINT ( 'NONE', #658 ) ;
#2670 = CARTESIAN_POINT ( 'NONE',  ( 25.66027739844970768, 21.11019161914731512, -13.55509580957377480 ) ) ;
#2671 = EDGE_CURVE ( 'NONE', #3, #1819, #2079, .T. ) ;
#2672 = ADVANCED_FACE ( 'NONE', ( #1314, #1492 ), #2148, .F. ) ;
#2673 = CARTESIAN_POINT ( 'NONE',  ( 7.495844763516766207, 17.86602540378444104, 0.2496222771695358333 ) ) ;
#2674 = VERTEX_POINT ( 'NONE', #22 ) ;
#2675 = LINE ( 'NONE', #1411, #1441 ) ;
#2676 = ORIENTED_EDGE ( 'NONE', *, *, #1247, .T. ) ;
#2677 = SPHERICAL_SURFACE ( 'NONE', #1847, 1.000000000000000000 ) ;
#2678 = AXIS2_PLACEMENT_3D ( 'NONE', #2683, #1003, #1860 ) ;
#2679 = ORIENTED_EDGE ( 'NONE', *, *, #2062, .F. ) ;
#2680 = AXIS2_PLACEMENT_3D ( 'NONE', #279, #533, #1139 ) ;
#2681 = CARTESIAN_POINT ( 'NONE',  ( -30.27739548340151288, 17.88397459621556962, -5.558012701891943408 ) ) ;
#2682 = PERSON_AND_ORGANIZATION ( #542, #1415 ) ;
#2683 = CARTESIAN_POINT ( 'NONE',  ( 26.59678751731754076, 17.86602540378443749, -11.93301270189234131 ) ) ;
#2684 = DIRECTION ( 'NONE',  ( 0.000000000000000000, 0.4472135954999594265, -0.8944271909999151893 ) ) ;
#2685 = CARTESIAN_POINT ( 'NONE',  ( 3.571889735873075455, 22.93776849947803242, 6.595936075604232229 ) ) ;
#2686 = VERTEX_POINT ( 'NONE', #2344 ) ;
#2687 = DIRECTION ( 'NONE',  ( 1.000000000000000000, 0.000000000000000000, 0.000000000000000000 ) ) ;
#2688 = AXIS2_PLACEMENT_3D ( 'NONE', #2587, #2774, #246 ) ;
#2689 = FACE_OUTER_BOUND ( 'NONE', #245, .T. ) ;
#2690 = DIRECTION ( 'NONE',  ( -0.8660254037844463681, 0.000000000000000000, -0.4999999999999866218 ) ) ;
#2691 = CIRCLE ( 'NONE', #459, 0.9999999999999993339 ) ;
#2692 = ADVANCED_FACE ( 'NONE', ( #2163 ), #482, .T. ) ;
#2693 = CARTESIAN_POINT ( 'NONE',  ( 3.602722763810210171, 21.74764965321582366, -6.578466059645330155 ) ) ;
#2694 = AXIS2_PLACEMENT_3D ( 'NONE', #356, #151, #1213 ) ;
#2695 = ORIENTED_EDGE ( 'NONE', *, *, #594, .T. ) ;
#2696 = EDGE_CURVE ( 'NONE', #2067, #2674, #1111, .T. ) ;
#2697 = CARTESIAN_POINT ( 'NONE',  ( -4.099006350462787829, 16.95710678118655679, -6.280775982222717602 ) ) ;
#2698 = DIRECTION ( 'NONE',  ( 0.2499999999999957256, -0.8660254037844390407, -0.4330127018922212967 ) ) ;
#2699 = DIRECTION ( 'NONE',  ( 0.4829629131445270507, -0.2588190451025162431, -0.8365163037378134936 ) ) ;
#2700 = CARTESIAN_POINT ( 'NONE',  ( -7.495825014438398881, 22.07741426522893136, 0.2504058340801407767 ) ) ;
#2701 = ORIENTED_EDGE ( 'NONE', *, *, #2554, .F. ) ;
#2702 = CARTESIAN_POINT ( 'NONE',  ( 23.63268590217976239, 22.96602489055340968, -17.62168749433311987 ) ) ;
#2703 = VECTOR ( 'NONE', #2177, 999.9999999999998863 ) ;
#2704 = CARTESIAN_POINT ( 'NONE',  ( -24.53585792310697400, 17.82313218497099072, -17.50264746988737841 ) ) ;
#2705 = EDGE_CURVE ( 'NONE', #1142, #2773, #52, .T. ) ;
#2706 = VERTEX_POINT ( 'NONE', #2567 ) ;
#2707 = SHAPE_DEFINITION_REPRESENTATION ( #314, #96 ) ;
#2708 = EDGE_CURVE ( 'NONE', #470, #494, #2530, .T. ) ;
#2709 = ADVANCED_FACE ( 'NONE', ( #1532 ), #701, .F. ) ;
#2710 = DIRECTION ( 'NONE',  ( 1.000000000000000000, 0.000000000000000000, 0.000000000000000000 ) ) ;
#2711 = CARTESIAN_POINT ( 'NONE',  ( -3.830127018922193205, 18.36602540378443749, 30.00000000000000000 ) ) ;
#2712 = CARTESIAN_POINT ( 'NONE',  ( -4.052291666381961477, 16.98574323128039865, -6.311078146981221160 ) ) ;
#2713 = ORIENTED_EDGE ( 'NONE', *, *, #1633, .F. ) ;
#2714 = CARTESIAN_POINT ( 'NONE',  ( 7.144985991175134998, 21.98341608388604129, -2.282660011648975917 ) ) ;
#2715 = CARTESIAN_POINT ( 'NONE',  ( 4.204201714986064431, 23.10870236420506529, -6.209892263464085183 ) ) ;
#2716 = CARTESIAN_POINT ( 'NONE',  ( 7.495844763516695153, 18.04471795604531792, 0.2496222771695744691 ) ) ;
#2717 = CARTESIAN_POINT ( 'NONE',  ( 23.63268590217976239, 22.13397459621556607, -17.06698729810788606 ) ) ;
#2718 = DIRECTION ( 'NONE',  ( 0.000000000000000000, -0.000000000000000000, 1.000000000000000000 ) ) ;
#2719 = CYLINDRICAL_SURFACE ( 'NONE', #498, 0.9999999999999997780 ) ;
#2720 = ORIENTED_EDGE ( 'NONE', *, *, #2612, .F. ) ;
#2721 = VECTOR ( 'NONE', #2436, 999.9999999999998863 ) ;
#2722 = ADVANCED_FACE ( 'NONE', ( #688 ), #899, .T. ) ;
#2723 = CC_DESIGN_PERSON_AND_ORGANIZATION_ASSIGNMENT ( #726, #284, ( #1616 ) ) ;
#2724 = VECTOR ( 'NONE', #1334, 1000.000000000000000 ) ;
#2725 = EDGE_LOOP ( 'NONE', ( #1141, #2564, #2623, #1329 ) ) ;
#2726 = DIRECTION ( 'NONE',  ( -0.4999999999999943379, -0.8660254037844420383, 0.000000000000000000 ) ) ;
#2727 = FACE_OUTER_BOUND ( 'NONE', #1687, .T. ) ;
#2728 = DIRECTION ( 'NONE',  ( -0.8660254037844437036, -1.297019200483147000E-15, -0.4999999999999914513 ) ) ;
#2729 = EDGE_LOOP ( 'NONE', ( #2050, #613, #521, #110 ) ) ;
#2730 = CARTESIAN_POINT ( 'NONE',  ( -7.492910118470337721, 23.00000000000000000, -0.3260336739124409244 ) ) ;
#2731 = AXIS2_PLACEMENT_3D ( 'NONE', #234, #1979, #2138 ) ;
#2732 = DIRECTION ( 'NONE',  ( 0.4330127018922129145, 0.4999999999999982792, -0.7500000000000048850 ) ) ;
#2733 = CARTESIAN_POINT ( 'NONE',  ( 9.184850993605147944E-16, 17.56217782649106951, 7.500000000000000000 ) ) ;
#2734 = DIRECTION ( 'NONE',  ( 0.2499999999999930611, -0.8660254037844383745, -0.4330127018922240167 ) ) ;
#2735 = EDGE_CURVE ( 'NONE', #497, #233, #471, .T. ) ;
#2736 = ORIENTED_EDGE ( 'NONE', *, *, #1118, .F. ) ;
#2737 = CARTESIAN_POINT ( 'NONE',  ( -25.98076211353329867, 0.000000000000000000, -14.99999999999975842 ) ) ;
#2738 = DIRECTION ( 'NONE',  ( 0.2500000000000016653, -0.8660254037844390407, 0.4330127018922176330 ) ) ;
#2739 = EDGE_CURVE ( 'NONE', #2111, #2011, #2599, .T. ) ;
#2740 = CYLINDRICAL_SURFACE ( 'NONE', #822, 0.9999999999999996669 ) ;
#2741 = AXIS2_PLACEMENT_3D ( 'NONE', #1071, #1504, #243 ) ;
#2742 = DIRECTION ( 'NONE',  ( -0.8660254037844432595, 2.877048856057811705E-17, -0.4999999999999918954 ) ) ;
#2743 =( BOUNDED_CURVE ( )  B_SPLINE_CURVE ( 3, ( #1384, #2237, #757, #2022 ),
 .UNSPECIFIED., .F., .T. ) 
 B_SPLINE_CURVE_WITH_KNOTS ( ( 4, 4 ),
 ( 4.531416026580108891, 5.070812718858450197 ),
 .UNSPECIFIED. ) 
 CURVE ( )  GEOMETRIC_REPRESENTATION_ITEM ( )  RATIONAL_B_SPLINE_CURVE ( ( 1.000000000000000000, 0.9759008753887741250, 0.9759008753887741250, 1.000000000000000000 ) ) 
 REPRESENTATION_ITEM ( '' )  );
#2744 = DIRECTION ( 'NONE',  ( 0.000000000000000000, 1.000000000000000000, 0.000000000000000000 ) ) ;
#2745 = CARTESIAN_POINT ( 'NONE',  ( -2.889808380852684877, 17.82313218497098006, 28.99999999999999645 ) ) ;
#2746 = EDGE_LOOP ( 'NONE', ( #2445, #2582, #1765 ) ) ;
#2747 = CARTESIAN_POINT ( 'NONE',  ( 2.630989335750166802, 23.14279364131808236, 28.99999999999999645 ) ) ;
#2748 = CARTESIAN_POINT ( 'NONE',  ( -7.231043975889977382, 18.27476750887020529, -1.991666846755222320 ) ) ;
#2749 = UNCERTAINTY_MEASURE_WITH_UNIT (LENGTH_MEASURE( 1.000000000000000082E-05 ), #2435, 'distance_accuracy_value', 'NONE');
#2750 = DIRECTION ( 'NONE',  ( -0.000000000000000000, -1.000000000000000000, -0.000000000000000000 ) ) ;
#2751 = CARTESIAN_POINT ( 'NONE',  ( 26.52630280223414516, 21.11019161914731868, -14.05509580957378013 ) ) ;
#2752 = EDGE_CURVE ( 'NONE', #2569, #1255, #1455, .T. ) ;
#2753 = EDGE_CURVE ( 'NONE', #1614, #1546, #2555, .T. ) ;
#2754 = EDGE_LOOP ( 'NONE', ( #2695, #1695, #1839, #449 ) ) ;
#2755 = CARTESIAN_POINT ( 'NONE',  ( -25.43522142483225323, 21.11019161914732578, -15.94490419042609730 ) ) ;
#2756 = ORIENTED_EDGE ( 'NONE', *, *, #1562, .T. ) ;
#2757 = CARTESIAN_POINT ( 'NONE',  ( 0.000000000000000000, 25.00000000000000000, 0.000000000000000000 ) ) ;
#2758 = CIRCLE ( 'NONE', #1560, 0.9999999999999988898 ) ;
#2759 = EDGE_LOOP ( 'NONE', ( #2532, #69, #2251, #1055 ) ) ;
#2760 = CARTESIAN_POINT ( 'NONE',  ( 7.206969796196339928, 21.82424655402077462, -2.078688985775389408 ) ) ;
#2761 = FACE_OUTER_BOUND ( 'NONE', #2264, .T. ) ;
#2762 = DIRECTION ( 'NONE',  ( -0.4330127018922124149, -0.4999999999999995004, 0.7500000000000042188 ) ) ;
#2763 = CARTESIAN_POINT ( 'NONE',  ( -3.276084875118913331, 16.89144848453796399, 6.747853077762290930 ) ) ;
#2764 = EDGE_CURVE ( 'NONE', #2494, #541, #1771, .T. ) ;
#2765 = ORIENTED_EDGE ( 'NONE', *, *, #2281, .F. ) ;
#2766 = CARTESIAN_POINT ( 'NONE',  ( -7.499425179714164003, 21.63397459621556607, 0.09285458453501356513 ) ) ;
#2767 = CIRCLE ( 'NONE', #2066, 7.500000000000000000 ) ;
#2768 = ORIENTED_EDGE ( 'NONE', *, *, #1547, .F. ) ;
#2769 = ADVANCED_FACE ( 'NONE', ( #884 ), #1591, .T. ) ;
#2770 = AXIS2_PLACEMENT_3D ( 'NONE', #2171, #1961, #1779 ) ;
#2771 = DIRECTION ( 'NONE',  ( 0.000000000000000000, -0.000000000000000000, 1.000000000000000000 ) ) ;
#2772 = AXIS2_PLACEMENT_3D ( 'NONE', #2114, #2311, #1907 ) ;
#2773 = VERTEX_POINT ( 'NONE', #36 ) ;
#2774 = DIRECTION ( 'NONE',  ( 0.000000000000000000, 1.000000000000000000, 0.000000000000000000 ) ) ;
#2775 = FACE_OUTER_BOUND ( 'NONE', #424, .T. ) ;
ENDSEC;
END-ISO-10303-21;
