ISO-10303-21;
HEADER;
FILE_DESCRIPTION (( 'STEP AP203' ),
    '1' );
FILE_NAME ('Á¸µÀ.STEP',
    '2026-08-20T06:21:28',
    ( '' ),
    ( '' ),
    'SwSTEP 2.0',
    'SolidWorks 2026',
    '' );
FILE_SCHEMA (( 'CONFIG_CONTROL_DESIGN' ));
ENDSEC;

DATA;
#1 = EDGE_CURVE ( 'NONE', #160, #551, #680, .T. ) ;
#2 = CARTESIAN_POINT ( 'NONE',  ( 5.219229424844693099, -7.999999999999998224, -29.45297288532924185 ) ) ;
#3 = LINE ( 'NONE', #1255, #1196 ) ;
#4 = CARTESIAN_POINT ( 'NONE',  ( -16.00000000000000000, -7.999999999999992895, -28.74999999999999645 ) ) ;
#5 = CARTESIAN_POINT ( 'NONE',  ( -32.46994429644584557, 0.000000000000000000, -60.64045423630928155 ) ) ;
#6 = EDGE_LOOP ( 'NONE', ( #342, #1108, #12, #167 ) ) ;
#7 = CARTESIAN_POINT ( 'NONE',  ( 2.626419787221232482, -7.999999999999998224, -29.73568288642527691 ) ) ;
#8 = FACE_OUTER_BOUND ( 'NONE', #403, .T. ) ;
#9 = DIRECTION ( 'NONE',  ( 1.000000000000000000, 0.000000000000000000, 0.000000000000000000 ) ) ;
#10 = CARTESIAN_POINT ( 'NONE',  ( -1.268938312737406537, -5.999999999999996447, -27.73076923076877520 ) ) ;
#11 = CARTESIAN_POINT ( 'NONE',  ( -28.93449657724621815, -1.379534781950455313, -61.79167894927341820 ) ) ;
#12 = ORIENTED_EDGE ( 'NONE', *, *, #64, .F. ) ;
#13 = CARTESIAN_POINT ( 'NONE',  ( 8.994603350860113977, -7.999999999999996447, -28.69751250932760556 ) ) ;
#14 = CARTESIAN_POINT ( 'NONE',  ( -16.05281021917572559, -6.466491326746367285, -28.74999999999999645 ) ) ;
#15 = LINE ( 'NONE', #319, #60 ) ;
#16 = ORIENTED_EDGE ( 'NONE', *, *, #813, .F. ) ;
#17 = VECTOR ( 'NONE', #513, 1000.000000000000000 ) ;
#18 = ORIENTED_EDGE ( 'NONE', *, *, #194, .T. ) ;
#19 = DIRECTION ( 'NONE',  ( 8.152692117322780694E-21, -0.1493153324366004175, -0.9887896295468251440 ) ) ;
#20 = CARTESIAN_POINT ( 'NONE',  ( 0.000000000000000000, 2.000000000000001776, 0.000000000000000000 ) ) ;
#21 = DIRECTION ( 'NONE',  ( 0.000000000000000000, 0.000000000000000000, -1.000000000000000000 ) ) ;
#22 = CARTESIAN_POINT ( 'NONE',  ( -27.64333041384600165, -6.821630348765820528, -60.96987794688709528 ) ) ;
#23 = EDGE_LOOP ( 'NONE', ( #506, #395, #1140, #1241 ) ) ;
#24 = B_SPLINE_CURVE_WITH_KNOTS ( 'NONE', 3,
 ( #942, #317, #1221, #290, #598, #541, #1054, #634, #446, #231 ),
 .UNSPECIFIED., .F., .F.,
 ( 4, 2, 2, 2, 4 ),
 ( 0.000000000000000000, 0.01066890277897124609, 0.02133780555794249217, 0.03200670833691374173, 0.04267561111588498435 ),
 .UNSPECIFIED. ) ;
#25 = ORIENTED_EDGE ( 'NONE', *, *, #1341, .T. ) ;
#26 = CARTESIAN_POINT ( 'NONE',  ( 0.000000000000000000, 2.000000000000001776, -23.50000000000000711 ) ) ;
#27 = EDGE_LOOP ( 'NONE', ( #255, #54, #1013, #969 ) ) ;
#28 = VERTEX_POINT ( 'NONE', #1216 ) ;
#29 = EDGE_CURVE ( 'NONE', #386, #648, #379, .T. ) ;
#30 = CARTESIAN_POINT ( 'NONE',  ( -29.28336516322257665, -7.207533678939427979, -60.91160338340920077 ) ) ;
#31 = FACE_OUTER_BOUND ( 'NONE', #682, .T. ) ;
#32 = ORIENTED_EDGE ( 'NONE', *, *, #706, .T. ) ;
#33 = ORIENTED_EDGE ( 'NONE', *, *, #344, .T. ) ;
#34 = VECTOR ( 'NONE', #123, 1000.000000000000000 ) ;
#35 = CARTESIAN_POINT ( 'NONE',  ( -28.53569659983219253, -13.00000000000002487, -62.00000000000000000 ) ) ;
#36 = EDGE_CURVE ( 'NONE', #519, #749, #309, .T. ) ;
#37 = LOCAL_TIME ( 14, 21, 28.00000000000000000, #1049 ) ;
#38 = B_SPLINE_CURVE_WITH_KNOTS ( 'NONE', 3,
 ( #1068, #1157, #14, #742 ),
 .UNSPECIFIED., .F., .F.,
 ( 4, 4 ),
 ( 2.602085213965210256E-18, 0.0007176819130243979094 ),
 .UNSPECIFIED. ) ;
#39 = CARTESIAN_POINT ( 'NONE',  ( 29.08847130706825013, -0.08281964564379350191, -61.98749355520025262 ) ) ;
#40 = CARTESIAN_POINT ( 'NONE',  ( 24.00000000000054001, -38.99999999999999289, -62.00000000000108002 ) ) ;
#41 = ORIENTED_EDGE ( 'NONE', *, *, #130, .T. ) ;
#42 = CARTESIAN_POINT ( 'NONE',  ( 10.00000000000018652, -39.00000000000000711, -62.00000000000000711 ) ) ;
#43 = DIRECTION ( 'NONE',  ( 0.9063077870366522681, 0.000000000000000000, -0.4226182617406945008 ) ) ;
#44 = ORIENTED_EDGE ( 'NONE', *, *, #770, .T. ) ;
#45 = CARTESIAN_POINT ( 'NONE',  ( 0.000000000000000000, 0.000000000000000000, -8.944667923005419469E-16 ) ) ;
#46 = CARTESIAN_POINT ( 'NONE',  ( 30.13602905729719339, -3.619828023198082168, -61.45337632141750106 ) ) ;
#47 = DIRECTION ( 'NONE',  ( 0.000000000000000000, 0.000000000000000000, 1.000000000000000000 ) ) ;
#48 = CARTESIAN_POINT ( 'NONE',  ( 7.999999999999928946, -39.00000000000000711, -62.00000000000000000 ) ) ;
#49 = DIRECTION ( 'NONE',  ( -2.478175940484931249E-16, 0.000000000000000000, -1.000000000000000000 ) ) ;
#50 = ORIENTED_EDGE ( 'NONE', *, *, #928, .T. ) ;
#51 = DIRECTION ( 'NONE',  ( 0.000000000000000000, 0.000000000000000000, 1.000000000000000000 ) ) ;
#52 = EDGE_CURVE ( 'NONE', #1312, #1153, #902, .T. ) ;
#53 = DIRECTION ( 'NONE',  ( -0.000000000000000000, -1.000000000000000000, 0.000000000000000000 ) ) ;
#54 = ORIENTED_EDGE ( 'NONE', *, *, #781, .F. ) ;
#55 = CARTESIAN_POINT ( 'NONE',  ( 12.38721510079496468, 2.000000000000001776, -17.57290249351628475 ) ) ;
#56 = EDGE_LOOP ( 'NONE', ( #1145, #780, #448, #1319, #700, #183, #339, #587 ) ) ;
#57 = FACE_OUTER_BOUND ( 'NONE', #23, .T. ) ;
#58 = VECTOR ( 'NONE', #769, 1000.000000000000114 ) ;
#59 = PLANE ( 'NONE',  #1223 ) ;
#60 = VECTOR ( 'NONE', #438, 1000.000000000000000 ) ;
#61 = CARTESIAN_POINT ( 'NONE',  ( 2.943552475440514547E-16, 8.673617379884035472E-16, -21.49999999999987210 ) ) ;
#62 = CARTESIAN_POINT ( 'NONE',  ( 30.30341027074739912, -2.901513660216455293, -61.56184767335891195 ) ) ;
#63 = PLANE ( 'NONE',  #865 ) ;
#64 = EDGE_CURVE ( 'NONE', #1284, #362, #1061, .T. ) ;
#65 = LINE ( 'NONE', #898, #452 ) ;
#66 = ORIENTED_EDGE ( 'NONE', *, *, #854, .T. ) ;
#67 = CARTESIAN_POINT ( 'NONE',  ( -30.00000000000122569, -7.999999999999992895, -24.99999999999945999 ) ) ;
#68 = CARTESIAN_POINT ( 'NONE',  ( -3.773669492247197166, -34.04878144077192559, -56.85835513645087502 ) ) ;
#69 = DIRECTION ( 'NONE',  ( 0.000000000000000000, 0.000000000000000000, -1.000000000000000000 ) ) ;
#70 = CARTESIAN_POINT ( 'NONE',  ( 31.09233817481954532, 0.000000000000000000, -61.47209090778832774 ) ) ;
#71 = CARTESIAN_POINT ( 'NONE',  ( 14.17379739298084829, -5.999999999999991118, -24.40784057143685715 ) ) ;
#72 = VERTEX_POINT ( 'NONE', #877 ) ;
#73 = CARTESIAN_POINT ( 'NONE',  ( 16.05281021917521045, -6.466491326746390378, -28.75000000000000000 ) ) ;
#74 = DATE_AND_TIME ( #794, #311 ) ;
#75 = B_SPLINE_CURVE_WITH_KNOTS ( 'NONE', 3,
 ( #247, #657, #1152, #1076, #1159, #226, #977, #46, #62, #281, #684, #867, #258, #1191, #460, #357 ),
 .UNSPECIFIED., .F., .F.,
 ( 4, 2, 2, 2, 2, 2, 2, 4 ),
 ( 0.000000000000000000, 0.01789031837601057218, 0.02683547756401585827, 0.03130805715801850131, 0.03354434695501982283, 0.03466249185352048012, 0.03522156430277081224, 0.03578063675202114435 ),
 .UNSPECIFIED. ) ;
#76 = CARTESIAN_POINT ( 'NONE',  ( -30.74126923366298314, -0.7335206649949420621, -61.88923237191215065 ) ) ;
#77 = CARTESIAN_POINT ( 'NONE',  ( 8.083674084544340650E-16, 8.673617379884035472E-16, -23.50000000000000711 ) ) ;
#78 = CARTESIAN_POINT ( 'NONE',  ( 26.26784829991637338, -25.99999999999998224, -62.00000000000000000 ) ) ;
#79 = ORIENTED_EDGE ( 'NONE', *, *, #676, .F. ) ;
#80 = PERSON_AND_ORGANIZATION_ROLE ( 'creator' ) ;
#81 = CYLINDRICAL_SURFACE ( 'NONE', #965, 3.750000000000000000 ) ;
#82 = AXIS2_PLACEMENT_3D ( 'NONE', #274, #176, #154 ) ;
#83 = VECTOR ( 'NONE', #1079, 1000.000000000000114 ) ;
#84 = CYLINDRICAL_SURFACE ( 'NONE', #913, 23.50000000000000711 ) ;
#85 = VERTEX_POINT ( 'NONE', #1327 ) ;
#86 = LINE ( 'NONE', #420, #523 ) ;
#87 = CARTESIAN_POINT ( 'NONE',  ( 15.08354787723890489, 0.000000000000000000, -27.14112932563992686 ) ) ;
#88 = DIRECTION ( 'NONE',  ( 0.000000000000000000, 1.000000000000000000, 0.000000000000000000 ) ) ;
#89 = ORIENTED_EDGE ( 'NONE', *, *, #770, .F. ) ;
#90 = CARTESIAN_POINT ( 'NONE',  ( -30.00000000000122569, -6.000000000000005329, -24.99999999999945999 ) ) ;
#91 = CARTESIAN_POINT ( 'NONE',  ( -29.62965293176801396, -5.773690658068252546, -61.12812542300768825 ) ) ;
#92 = CARTESIAN_POINT ( 'NONE',  ( 27.89058011530347869, 0.000000000000000000, -54.60589859135997415 ) ) ;
#93 = CARTESIAN_POINT ( 'NONE',  ( 15.99999999999945999, -7.999999999999992895, -28.74999999999999645 ) ) ;
#94 = ORIENTED_EDGE ( 'NONE', *, *, #1050, .T. ) ;
#95 = CARTESIAN_POINT ( 'NONE',  ( 11.88178981772268727, 2.000000000000001776, -20.27493700921015929 ) ) ;
#96 = CARTESIAN_POINT ( 'NONE',  ( -30.80551631256037126, -0.1852599857374296055, -61.97202422483915285 ) ) ;
#97 = DIRECTION ( 'NONE',  ( 0.000000000000000000, 0.000000000000000000, -1.000000000000000000 ) ) ;
#98 = VECTOR ( 'NONE', #1208, 1000.000000000000000 ) ;
#99 = FACE_OUTER_BOUND ( 'NONE', #988, .T. ) ;
#100 = DIRECTION ( 'NONE',  ( -0.4226182617406941122, 0.000000000000000000, -0.9063077870366524902 ) ) ;
#101 = CARTESIAN_POINT ( 'NONE',  ( 16.15913438488533060, -5.999999999999991118, -28.75000000000000355 ) ) ;
#102 = ORIENTED_EDGE ( 'NONE', *, *, #486, .T. ) ;
#103 = EDGE_CURVE ( 'NONE', #711, #740, #992, .T. ) ;
#104 = CARTESIAN_POINT ( 'NONE',  ( -9.999999999999817035, -39.00000000000000711, -62.00000000000000000 ) ) ;
#105 = CARTESIAN_POINT ( 'NONE',  ( 31.78348666520030363, 0.000000000000000000, -61.06077848912494233 ) ) ;
#106 = FACE_OUTER_BOUND ( 'NONE', #1181, .T. ) ;
#107 = CARTESIAN_POINT ( 'NONE',  ( -2.537801708977330151, -5.999999999999996447, -27.65411404038795595 ) ) ;
#108 = CARTESIAN_POINT ( 'NONE',  ( -32.46994429644584557, 0.000000000000000000, -60.64045423630928155 ) ) ;
#109 =( BOUNDED_CURVE ( )  B_SPLINE_CURVE ( 3, ( #153, #907, #583, #568 ),
 .UNSPECIFIED., .F., .T. ) 
 B_SPLINE_CURVE_WITH_KNOTS ( ( 4, 4 ),
 ( 5.760120377599363906, 5.784417681925628330 ),
 .UNSPECIFIED. ) 
 CURVE ( )  GEOMETRIC_REPRESENTATION_ITEM ( )  RATIONAL_B_SPLINE_CURVE ( ( 1.000000000000000000, 0.9999508040219460270, 0.9999508040219460270, 1.000000000000000000 ) ) 
 REPRESENTATION_ITEM ( '' )  );
#110 = CARTESIAN_POINT ( 'NONE',  ( -25.98670751281142799, -13.61431948361247102, -59.94412625410996043 ) ) ;
#111 = ORIENTED_EDGE ( 'NONE', *, *, #251, .T. ) ;
#112 = EDGE_CURVE ( 'NONE', #551, #454, #672, .T. ) ;
#113 = CARTESIAN_POINT ( 'NONE',  ( -14.17379739298056940, -5.999999999999991118, -24.40784057143631358 ) ) ;
#114 = DIRECTION ( 'NONE',  ( -0.9680409333541774020, 0.000000000000000000, 0.2507922473896930238 ) ) ;
#115 = CARTESIAN_POINT ( 'NONE',  ( -32.01388082979491401, 0.000000000000000000, -60.92366760426783401 ) ) ;
#116 = CARTESIAN_POINT ( 'NONE',  ( 30.00000000000000000, -7.999999999999992895, -26.49999999999946354 ) ) ;
#117 = ORIENTED_EDGE ( 'NONE', *, *, #1310, .T. ) ;
#118 =( BOUNDED_CURVE ( )  B_SPLINE_CURVE ( 3, ( #903, #492, #1329, #254 ),
 .UNSPECIFIED., .F., .T. ) 
 B_SPLINE_CURVE_WITH_KNOTS ( ( 4, 4 ),
 ( 5.760120377599363906, 5.784417681925628330 ),
 .UNSPECIFIED. ) 
 CURVE ( )  GEOMETRIC_REPRESENTATION_ITEM ( )  RATIONAL_B_SPLINE_CURVE ( ( 1.000000000000000000, 0.9999508040219460270, 0.9999508040219460270, 1.000000000000000000 ) ) 
 REPRESENTATION_ITEM ( '' )  );
#119 = ORIENTED_EDGE ( 'NONE', *, *, #805, .T. ) ;
#120 = CARTESIAN_POINT ( 'NONE',  ( 10.21087627008546583, -7.999999999999996447, -28.36343307270221104 ) ) ;
#121 = PRODUCT_RELATED_PRODUCT_CATEGORY ( 'detail', '', ( #708 ) ) ;
#122 = VECTOR ( 'NONE', #409, 1000.000000000000000 ) ;
#123 = DIRECTION ( 'NONE',  ( -1.000000000000000000, 0.000000000000000000, 0.000000000000000000 ) ) ;
#124 = ORIENTED_EDGE ( 'NONE', *, *, #471, .F. ) ;
#125 = CARTESIAN_POINT ( 'NONE',  ( -15.99999999999933387, -38.99999999999999289, -62.00000000000108002 ) ) ;
#126 = VECTOR ( 'NONE', #1169, 1000.000000000000227 ) ;
#127 = ORIENTED_EDGE ( 'NONE', *, *, #605, .F. ) ;
#128 =( BOUNDED_SURFACE ( )  B_SPLINE_SURFACE ( 3, 1, ( 
 ( #392, #435 ),
 ( #297, #702 ),
 ( #495, #844 ),
 ( #1122, #696 ) ),
 .UNSPECIFIED., .F., .F., .F. ) 
 B_SPLINE_SURFACE_WITH_KNOTS ( ( 4, 4 ),
 ( 2, 2 ),
 ( 0.000000000000000000, 1.000000000000000000 ),
 ( 0.000000000000000000, 1.000000000000000000 ),
 .UNSPECIFIED. ) 
 GEOMETRIC_REPRESENTATION_ITEM ( )  RATIONAL_B_SPLINE_SURFACE ( (
 ( 1.000000000000000000, 1.000000000000000000),
 ( 0.9999508040219460270, 0.9999508040219460270),
 ( 0.9999508040219460270, 0.9999508040219460270),
 ( 1.000000000000000000, 1.000000000000000000) ) ) 
 REPRESENTATION_ITEM ( '' )  SURFACE ( )  );
#129 = EDGE_CURVE ( 'NONE', #841, #85, #370, .T. ) ;
#130 = EDGE_CURVE ( 'NONE', #550, #760, #109, .T. ) ;
#131 = CARTESIAN_POINT ( 'NONE',  ( -29.05464516130044217, 0.000000000000000000, -62.00000000000000000 ) ) ;
#132 = EDGE_LOOP ( 'NONE', ( #89, #674 ) ) ;
#133 = ORIENTED_EDGE ( 'NONE', *, *, #1075, .F. ) ;
#134 = DIRECTION ( 'NONE',  ( 0.000000000000000000, 0.000000000000000000, 1.000000000000000000 ) ) ;
#135 = CARTESIAN_POINT ( 'NONE',  ( 30.80354489974965659, 0.000000000000000000, -62.00000000000000000 ) ) ;
#136 = ORIENTED_EDGE ( 'NONE', *, *, #1128, .F. ) ;
#137 = ADVANCED_FACE ( 'NONE', ( #1114 ), #63, .T. ) ;
#138 = VERTEX_POINT ( 'NONE', #1011 ) ;
#139 = CARTESIAN_POINT ( 'NONE',  ( -30.00000000000122569, -7.999999999999992895, -24.99999999999945999 ) ) ;
#140 = CYLINDRICAL_SURFACE ( 'NONE', #612, 23.50000000000000711 ) ;
#141 = FACE_OUTER_BOUND ( 'NONE', #418, .T. ) ;
#142 = CARTESIAN_POINT ( 'NONE',  ( -21.99999999999996447, -38.99999999999999289, -62.00000000000000000 ) ) ;
#143 = ORIENTED_EDGE ( 'NONE', *, *, #1296, .T. ) ;
#144 = CARTESIAN_POINT ( 'NONE',  ( 2.271947474246010401, 0.000000000000000000, -21.40940750227668232 ) ) ;
#145 = AXIS2_PLACEMENT_3D ( 'NONE', #421, #1272, #535 ) ;
#146 = FACE_OUTER_BOUND ( 'NONE', #1362, .T. ) ;
#147 = ORIENTED_EDGE ( 'NONE', *, *, #1031, .F. ) ;
#148 = VECTOR ( 'NONE', #1039, 1000.000000000000000 ) ;
#149 = CARTESIAN_POINT ( 'NONE',  ( -19.08145816601153300, 0.000000000000000000, -31.92875307444795041 ) ) ;
#150 = CC_DESIGN_APPROVAL ( #1014, ( #757 ) ) ;
#151 = PLANE ( 'NONE',  #543 ) ;
#152 = CARTESIAN_POINT ( 'NONE',  ( 20.00000000000007105, -38.99999999999999289, -62.00000000000000000 ) ) ;
#153 = CARTESIAN_POINT ( 'NONE',  ( 32.46994429644585267, 2.000000000000001776, -60.64045423630818732 ) ) ;
#154 = DIRECTION ( 'NONE',  ( 0.000000000000000000, 0.000000000000000000, -1.000000000000000000 ) ) ;
#155 = VERTEX_POINT ( 'NONE', #467 ) ;
#156 = DIRECTION ( 'NONE',  ( 0.000000000000000000, 1.000000000000000000, 0.000000000000000000 ) ) ;
#157 = LINE ( 'NONE', #577, #775 ) ;
#158 = ORIENTED_EDGE ( 'NONE', *, *, #429, .F. ) ;
#159 = PLANE ( 'NONE',  #1339 ) ;
#160 = VERTEX_POINT ( 'NONE', #393 ) ;
#161 = CARTESIAN_POINT ( 'NONE',  ( -30.80354489974911303, 1.387778780781445676E-14, -62.00000000000000000 ) ) ;
#162 = CARTESIAN_POINT ( 'NONE',  ( 25.98663712223295974, -13.61460749355286559, -59.94408276225008336 ) ) ;
#163 = LINE ( 'NONE', #768, #734 ) ;
#164 = CARTESIAN_POINT ( 'NONE',  ( -32.46994429644584557, 2.000000000000001776, -60.64045423630928155 ) ) ;
#165 = CARTESIAN_POINT ( 'NONE',  ( 32.46994429644585267, 2.000000000000001776, -60.64045423630818732 ) ) ;
#166 = CARTESIAN_POINT ( 'NONE',  ( 30.00000000000000000, -7.999999999999992895, -28.75000000000000000 ) ) ;
#167 = ORIENTED_EDGE ( 'NONE', *, *, #572, .T. ) ;
#168 = DIRECTION ( 'NONE',  ( 0.000000000000000000, 0.000000000000000000, 1.000000000000000000 ) ) ;
#169 = VECTOR ( 'NONE', #1178, 1000.000000000000000 ) ;
#170 = CARTESIAN_POINT ( 'NONE',  ( 30.00000000000000000, -6.000000000000005329, -24.99999999999945999 ) ) ;
#171 = LOCAL_TIME ( 14, 21, 28.00000000000000000, #264 ) ;
#172 = CARTESIAN_POINT ( 'NONE',  ( 0.000000000000000000, 2.000000000000001776, 0.000000000000000000 ) ) ;
#173 = CARTESIAN_POINT ( 'NONE',  ( 5.595190713597915533, 0.000000000000000000, -20.78874428130696117 ) ) ;
#174 = DIRECTION ( 'NONE',  ( 2.478175940484931249E-16, 0.000000000000000000, -1.000000000000000000 ) ) ;
#175 = ADVANCED_FACE ( 'NONE', ( #778 ), #887, .T. ) ;
#176 = DIRECTION ( 'NONE',  ( 0.000000000000000000, -1.000000000000000000, 0.000000000000000000 ) ) ;
#177 = ORIENTED_EDGE ( 'NONE', *, *, #52, .T. ) ;
#178 = CARTESIAN_POINT ( 'NONE',  ( -30.80354489974911658, -1.249000902703301108E-13, -62.00000000000000000 ) ) ;
#179 = CARTESIAN_POINT ( 'NONE',  ( 15.09549046979521947, -34.22837441668680469, -56.83123512618718109 ) ) ;
#180 = CARTESIAN_POINT ( 'NONE',  ( 30.00000000000000000, -6.000000000000005329, -24.99999999999945999 ) ) ;
#181 = DIRECTION ( 'NONE',  ( 0.000000000000000000, 1.000000000000000000, 0.000000000000000000 ) ) ;
#182 = CARTESIAN_POINT ( 'NONE',  ( -4.250997672388893811, 0.000000000000000000, -23.20641468896197779 ) ) ;
#183 = ORIENTED_EDGE ( 'NONE', *, *, #796, .F. ) ;
#184 = PRODUCT_DEFINITION ( 'æœ', '', #757, #376 ) ;
#185 = FACE_OUTER_BOUND ( 'NONE', #27, .T. ) ;
#186 = B_SPLINE_SURFACE_WITH_KNOTS ( 'NONE', 3, 1, ( 
 ( #1166, #419 ),
 ( #828, #433 ),
 ( #1146, #959 ),
 ( #125, #426 ),
 ( #322, #726 ),
 ( #104, #1261 ),
 ( #331, #733 ),
 ( #220, #750 ),
 ( #554, #1180 ),
 ( #1099, #1293 ),
 ( #869, #144 ),
 ( #48, #1186 ),
 ( #42, #1300 ),
 ( #1193, #1173 ),
 ( #1093, #569 ),
 ( #1309, #239 ),
 ( #653, #368 ),
 ( #1073, #974 ) ),
 .UNSPECIFIED., .F., .F., .F.,
 ( 4, 2, 2, 2, 2, 2, 2, 2, 4 ),
 ( 2, 2 ),
 ( 0.000000000000000000, 0.1250000000000000000, 0.2500000000000000000, 0.3750000000000000000, 0.5000000000000000000, 0.6250000000000000000, 0.7500000000000000000, 0.8750000000000000000, 1.000000000000000000 ),
 ( 0.000000000000000000, 1.000000000000000000 ),
 .UNSPECIFIED. ) ;
#187 = FACE_OUTER_BOUND ( 'NONE', #478, .T. ) ;
#188 = DIRECTION ( 'NONE',  ( 0.000000000000000000, 0.000000000000000000, 1.000000000000000000 ) ) ;
#189 = ORIENTED_EDGE ( 'NONE', *, *, #494, .T. ) ;
#190 = CARTESIAN_POINT ( 'NONE',  ( -23.67577419355007606, -30.83333333333331083, -62.00000000000108002 ) ) ;
#191 = B_SPLINE_CURVE_WITH_KNOTS ( 'NONE', 3,
 ( #724, #518, #313, #710 ),
 .UNSPECIFIED., .F., .F.,
 ( 4, 4 ),
 ( 0.000000000000000000, 0.001450360528109626923 ),
 .UNSPECIFIED. ) ;
#192 = CARTESIAN_POINT ( 'NONE',  ( 15.99999999999945999, -6.699816815909268364, -28.75000000000000000 ) ) ;
#193 = VECTOR ( 'NONE', #1017, 1000.000000000000000 ) ;
#194 = EDGE_CURVE ( 'NONE', #249, #809, #926, .T. ) ;
#195 = VECTOR ( 'NONE', #721, 1000.000000000000000 ) ;
#196 = CARTESIAN_POINT ( 'NONE',  ( -14.17379739298056940, -5.999999999999991118, -24.40784057143631358 ) ) ;
#197 = FACE_OUTER_BOUND ( 'NONE', #389, .T. ) ;
#198 = LINE ( 'NONE', #93, #753 ) ;
#199 = ORIENTED_EDGE ( 'NONE', *, *, #1204, .F. ) ;
#200 = CARTESIAN_POINT ( 'NONE',  ( -18.28530593675442617, 0.000000000000000000, -34.00732164206991115 ) ) ;
#201 = COORDINATED_UNIVERSAL_TIME_OFFSET ( 8, 0, .AHEAD. ) ;
#202 = CARTESIAN_POINT ( 'NONE',  ( 24.68882205578683298, 0.000000000000000000, -47.73970627492936103 ) ) ;
#203 = DIRECTION ( 'NONE',  ( 0.000000000000000000, 1.000000000000000000, 0.000000000000000000 ) ) ;
#204 = EDGE_LOOP ( 'NONE', ( #485, #861, #538, #407 ) ) ;
#205 = PERSON_AND_ORGANIZATION ( #886, #895 ) ;
#206 = DIRECTION ( 'NONE',  ( 0.000000000000000000, 0.000000000000000000, 1.000000000000000000 ) ) ;
#207 = B_SPLINE_CURVE_WITH_KNOTS ( 'NONE', 3,
 ( #1281, #229, #349, #120, #13, #830, #2, #7, #223, #1051, #963, #532, #954, #250, #552, #880, #1189, #773 ),
 .UNSPECIFIED., .F., .F.,
 ( 4, 2, 2, 2, 2, 2, 2, 2, 4 ),
 ( -0.02992098173966386415, -0.02608413156723590406, -0.02224728139480794398, -0.01841043122237998736, -0.01457358104995202727, -0.01073673087752406718, -0.006899880705096110567, -0.003063030532668150480, 0.0007738196397598096077 ),
 .UNSPECIFIED. ) ;
#208 = DIRECTION ( 'NONE',  ( -0.1927549664879931735, 0.6473420250422891042, 0.7374237760666256802 ) ) ;
#209 = DIRECTION ( 'NONE',  ( 0.000000000000000000, -1.000000000000000000, 0.000000000000000000 ) ) ;
#210 = B_SPLINE_CURVE_WITH_KNOTS ( 'NONE', 3,
 ( #1335, #595, #993, #1012, #686, #1107, #586 ),
 .UNSPECIFIED., .F., .F.,
 ( 4, 3, 4 ),
 ( 0.000000000000000000, 0.0003833364075411992643, 0.004774507763057373247 ),
 .UNSPECIFIED. ) ;
#211 = DIRECTION ( 'NONE',  ( 0.000000000000000000, 1.000000000000000000, 0.000000000000000000 ) ) ;
#212 = CARTESIAN_POINT ( 'NONE',  ( 22.60000000000054499, -36.99999999999999289, -62.00000000000108002 ) ) ;
#213 = ORIENTED_EDGE ( 'NONE', *, *, #856, .T. ) ;
#214 = CARTESIAN_POINT ( 'NONE',  ( 15.99999999999945999, -7.999999999999992895, -28.74999999999999645 ) ) ;
#215 = CLOSED_SHELL ( 'NONE', ( #444, #936, #788, #644, #280, #1086, #1151, #175, #476, #1104, #565, #730, #360, #715, #417, #1289, #337, #1168, #1265, #291, #245, #864, #1020, #137, #1177, #1158, #881, #316, #967, #263, #236, #896, #536, #1058 ) ) ;
#216 = CARTESIAN_POINT ( 'NONE',  ( 2.537801708977426962, -5.999999999999996447, -27.65411404038812293 ) ) ;
#217 = AXIS2_PLACEMENT_3D ( 'NONE', #950, #428, #9 ) ;
#218 = CARTESIAN_POINT ( 'NONE',  ( -29.06403883964698664, -0.6924374512461093367, -61.89543627366752077 ) ) ;
#219 = ORIENTED_EDGE ( 'NONE', *, *, #576, .T. ) ;
#220 = CARTESIAN_POINT ( 'NONE',  ( -3.999999999999646949, -39.00000000000000711, -62.00000000000000000 ) ) ;
#221 = EDGE_CURVE ( 'NONE', #1218, #1346, #915, .T. ) ;
#222 = COORDINATED_UNIVERSAL_TIME_OFFSET ( 8, 0, .AHEAD. ) ;
#223 = CARTESIAN_POINT ( 'NONE',  ( 1.313245081662495428, -7.999999999999998224, -29.80769230769230660 ) ) ;
#224 = CARTESIAN_POINT ( 'NONE',  ( -22.64077365245218587, -34.43521833785333541, -56.79999999999893134 ) ) ;
#225 = DIRECTION ( 'NONE',  ( 0.000000000000000000, 1.000000000000000000, 0.000000000000000000 ) ) ;
#226 = CARTESIAN_POINT ( 'NONE',  ( 29.28338449601996629, -7.207453489640612609, -60.91161549265009967 ) ) ;
#227 = EDGE_LOOP ( 'NONE', ( #687, #658, #792 ) ) ;
#228 = EDGE_LOOP ( 'NONE', ( #440, #659 ) ) ;
#229 = CARTESIAN_POINT ( 'NONE',  ( 13.68842052862815528, -7.999999999999996447, -27.15889586361535279 ) ) ;
#230 = CARTESIAN_POINT ( 'NONE',  ( -27.54349808078467632, -14.37466179302327518, -59.82930833804086035 ) ) ;
#231 = CARTESIAN_POINT ( 'NONE',  ( -21.33424448340240787, -32.63052475015372522, -57.07252351252512312 ) ) ;
#232 = ORIENTED_EDGE ( 'NONE', *, *, #1142, .F. ) ;
#233 = EDGE_LOOP ( 'NONE', ( #946, #261, #705, #1165 ) ) ;
#234 = EDGE_CURVE ( 'NONE', #883, #1185, #1118, .T. ) ;
#235 = FACE_OUTER_BOUND ( 'NONE', #642, .T. ) ;
#236 = ADVANCED_FACE ( 'NONE', ( #1252 ), #415, .F. ) ;
#237 = VECTOR ( 'NONE', #1187, 1000.000000000000000 ) ;
#238 = VERTEX_POINT ( 'NONE', #807 ) ;
#239 = CARTESIAN_POINT ( 'NONE',  ( 10.63722634258526512, 0.000000000000000000, -18.71511514033161205 ) ) ;
#240 = AXIS2_PLACEMENT_3D ( 'NONE', #691, #474, #607 ) ;
#241 = CC_DESIGN_APPROVAL ( #761, ( #984 ) ) ;
#242 = ORIENTED_EDGE ( 'NONE', *, *, #1137, .F. ) ;
#243 = CARTESIAN_POINT ( 'NONE',  ( -26.26784829991636272, -26.00000000000002132, -62.00000000000000000 ) ) ;
#244 = DIRECTION ( 'NONE',  ( 0.000000000000000000, 1.000000000000000000, 0.000000000000000000 ) ) ;
#245 = ADVANCED_FACE ( 'NONE', ( #312 ), #399, .F. ) ;
#246 = DIRECTION ( 'NONE',  ( 0.000000000000000000, 1.000000000000000000, 0.000000000000000000 ) ) ;
#247 = CARTESIAN_POINT ( 'NONE',  ( 22.64077365245272233, -34.43521833785333541, -56.80000000000001847 ) ) ;
#248 = ORIENTED_EDGE ( 'NONE', *, *, #1220, .F. ) ;
#249 = VERTEX_POINT ( 'NONE', #1138 ) ;
#250 = CARTESIAN_POINT ( 'NONE',  ( -8.994603350860044699, -7.999999999999996447, -28.69751250932782582 ) ) ;
#251 = EDGE_CURVE ( 'NONE', #835, #1292, #1239, .T. ) ;
#252 = CARTESIAN_POINT ( 'NONE',  ( -19.99999999999993250, -38.99999999999999289, -62.00000000000000000 ) ) ;
#253 = ORIENTED_EDGE ( 'NONE', *, *, #1220, .T. ) ;
#254 = CARTESIAN_POINT ( 'NONE',  ( 31.09233817481954532, 0.000000000000000000, -61.47209090778833485 ) ) ;
#255 = ORIENTED_EDGE ( 'NONE', *, *, #1003, .F. ) ;
#256 = DIRECTION ( 'NONE',  ( -0.000000000000000000, -1.000000000000000000, 0.000000000000000000 ) ) ;
#257 = CARTESIAN_POINT ( 'NONE',  ( -30.00000000000122569, -6.000000000000005329, -24.99999999999945999 ) ) ;
#258 = CARTESIAN_POINT ( 'NONE',  ( 30.74120219586222547, -0.7339440984888195851, -61.88916842998655454 ) ) ;
#259 = DIRECTION ( 'NONE',  ( 0.000000000000000000, 1.000000000000000000, 0.000000000000000000 ) ) ;
#260 = CARTESIAN_POINT ( 'NONE',  ( -16.05305327802159354, -6.000000000000005329, -28.51749948706580895 ) ) ;
#261 = ORIENTED_EDGE ( 'NONE', *, *, #1213, .F. ) ;
#262 = VECTOR ( 'NONE', #302, 1000.000000000000000 ) ;
#263 = ADVANCED_FACE ( 'NONE', ( #187, #933, #1360 ), #1233, .T. ) ;
#264 = COORDINATED_UNIVERSAL_TIME_OFFSET ( 8, 0, .AHEAD. ) ;
#265 = CARTESIAN_POINT ( 'NONE',  ( 17.24089490886134612, -18.50000000000000355, -41.13746850460535143 ) ) ;
#266 = CARTESIAN_POINT ( 'NONE',  ( 29.05464516130044217, 0.000000000000000000, -62.00000000000108002 ) ) ;
#267 = CARTESIAN_POINT ( 'NONE',  ( -15.35500295671005055, -6.000000000000005329, -26.98906670516433692 ) ) ;
#268 = ORIENTED_EDGE ( 'NONE', *, *, #1310, .F. ) ;
#269 = CARTESIAN_POINT ( 'NONE',  ( -12.38721510079495580, 0.000000000000000000, -17.57290249351575184 ) ) ;
#270 = PERSON_AND_ORGANIZATION ( #886, #895 ) ;
#271 = CARTESIAN_POINT ( 'NONE',  ( 0.000000000000000000, 0.000000000000000000, -8.944667923005419469E-16 ) ) ;
#272 = CARTESIAN_POINT ( 'NONE',  ( -13.99999999999985256, -38.99999999999999289, -62.00000000000000711 ) ) ;
#273 = CARTESIAN_POINT ( 'NONE',  ( 30.00000000000000000, -7.999999999999992895, -28.75000000000000000 ) ) ;
#274 = CARTESIAN_POINT ( 'NONE',  ( 31.78348666520030363, 0.000000000000000000, -61.06077848912494233 ) ) ;
#275 = ORIENTED_EDGE ( 'NONE', *, *, #905, .F. ) ;
#276 = EDGE_CURVE ( 'NONE', #740, #809, #1129, .T. ) ;
#277 = APPROVAL_ROLE ( '' ) ;
#278 = DIRECTION ( 'NONE',  ( 0.000000000000000000, 0.000000000000000000, 1.000000000000000000 ) ) ;
#279 = DIRECTION ( 'NONE',  ( 0.000000000000000000, 0.000000000000000000, 1.000000000000000000 ) ) ;
#280 = ADVANCED_FACE ( 'NONE', ( #99 ), #461, .T. ) ;
#281 = CARTESIAN_POINT ( 'NONE',  ( 30.53776396834438600, -1.820496462844567231, -61.72509012389841132 ) ) ;
#282 = CARTESIAN_POINT ( 'NONE',  ( -30.00000000000000000, -7.999999999999992895, -28.75000000000054357 ) ) ;
#283 = CARTESIAN_POINT ( 'NONE',  ( 31.09233817481954532, 2.000000000000001776, -61.47209090778832774 ) ) ;
#284 = DIRECTION ( 'NONE',  ( -0.9063077870366492705, 0.000000000000000000, -0.4226182617407008846 ) ) ;
#285 = VERTEX_POINT ( 'NONE', #1022 ) ;
#286 = AXIS2_PLACEMENT_3D ( 'NONE', #180, #825, #723 ) ;
#287 = DIRECTION ( 'NONE',  ( 0.000000000000000000, 0.000000000000000000, -1.000000000000000000 ) ) ;
#288 = CARTESIAN_POINT ( 'NONE',  ( 32.46994429644584557, 0.000000000000000000, -60.64045423630820864 ) ) ;
#289 = AXIS2_PLACEMENT_3D ( 'NONE', #45, #156, #575 ) ;
#290 = CARTESIAN_POINT ( 'NONE',  ( 7.112013783919001852, -32.34256316315435953, -57.11600807062315255 ) ) ;
#291 = ADVANCED_FACE ( 'NONE', ( #1350 ), #84, .T. ) ;
#292 = CARTESIAN_POINT ( 'NONE',  ( 0.000000000000000000, 2.000000000000001776, 0.000000000000000000 ) ) ;
#293 = CARTESIAN_POINT ( 'NONE',  ( 15.73433663340420274, 0.000000000000000000, -24.75082778398104821 ) ) ;
#294 = CYLINDRICAL_SURFACE ( 'NONE', #1315, 1.500000000000011768 ) ;
#295 = CARTESIAN_POINT ( 'NONE',  ( 4.250997672388907134, 0.000000000000000000, -23.20641468896196713 ) ) ;
#296 = ORIENTED_EDGE ( 'NONE', *, *, #683, .T. ) ;
#297 = CARTESIAN_POINT ( 'NONE',  ( -31.55465619724788695, 2.000000000000002220, -61.20089346649199058 ) ) ;
#298 = CARTESIAN_POINT ( 'NONE',  ( 24.00000000000054001, -38.99999999999999289, -62.00000000000108002 ) ) ;
#299 = EDGE_CURVE ( 'NONE', #711, #628, #897, .T. ) ;
#300 = CARTESIAN_POINT ( 'NONE',  ( 30.00000000000000000, -6.000000000000005329, -24.99999999999945999 ) ) ;
#301 = EDGE_LOOP ( 'NONE', ( #1025, #820, #868, #119 ) ) ;
#302 = DIRECTION ( 'NONE',  ( 0.000000000000000000, 1.000000000000000000, 0.000000000000000000 ) ) ;
#303 = CARTESIAN_POINT ( 'NONE',  ( 30.80354489974965659, 1.387778780781445676E-14, -62.00000000000000000 ) ) ;
#304 = CARTESIAN_POINT ( 'NONE',  ( 30.00000000000000000, -7.999999999999992895, -24.99999999999945999 ) ) ;
#305 = ORIENTED_EDGE ( 'NONE', *, *, #405, .F. ) ;
#306 = CARTESIAN_POINT ( 'NONE',  ( -15.08354787723882318, 0.000000000000000000, -27.14112932563976344 ) ) ;
#307 = EDGE_CURVE ( 'NONE', #760, #883, #65, .T. ) ;
#308 = CARTESIAN_POINT ( 'NONE',  ( -30.13600871144680227, -3.619915554462648455, -61.45336310347965991 ) ) ;
#309 = CIRCLE ( 'NONE', #1267, 3.750000000000000000 ) ;
#310 = CIRCLE ( 'NONE', #737, 1.500000000000011768 ) ;
#311 = LOCAL_TIME ( 14, 21, 28.00000000000000000, #1249 ) ;
#312 = FACE_OUTER_BOUND ( 'NONE', #204, .T. ) ;
#313 = CARTESIAN_POINT ( 'NONE',  ( 15.99999999999945999, -7.132765578824634467, -28.96513475391941128 ) ) ;
#314 = ORIENTED_EDGE ( 'NONE', *, *, #921, .F. ) ;
#315 = PERSON_AND_ORGANIZATION_ROLE ( 'design_supplier' ) ;
#316 = ADVANCED_FACE ( 'NONE', ( #786 ), #159, .T. ) ;
#317 = CARTESIAN_POINT ( 'NONE',  ( 17.77913607782624084, -32.53793246072049783, -57.08650570657906798 ) ) ;
#318 = DIRECTION ( 'NONE',  ( 0.000000000000000000, 0.000000000000000000, 1.000000000000000000 ) ) ;
#319 = CARTESIAN_POINT ( 'NONE',  ( 15.99999999999945999, -7.999999999999992895, -21.25000000000000000 ) ) ;
#320 = DIRECTION ( 'NONE',  ( 0.000000000000000000, 1.000000000000000000, 0.000000000000000000 ) ) ;
#321 = ORIENTED_EDGE ( 'NONE', *, *, #383, .T. ) ;
#322 = CARTESIAN_POINT ( 'NONE',  ( -13.99999999999985256, -38.99999999999999289, -62.00000000000000711 ) ) ;
#323 =( BOUNDED_SURFACE ( )  B_SPLINE_SURFACE ( 3, 1, ( 
 ( #165, #584 ),
 ( #1124, #1328 ),
 ( #916, #387 ),
 ( #283, #70 ) ),
 .UNSPECIFIED., .F., .F., .F. ) 
 B_SPLINE_SURFACE_WITH_KNOTS ( ( 4, 4 ),
 ( 2, 2 ),
 ( 0.000000000000000000, 1.000000000000000000 ),
 ( 0.000000000000000000, 1.000000000000000000 ),
 .UNSPECIFIED. ) 
 GEOMETRIC_REPRESENTATION_ITEM ( )  RATIONAL_B_SPLINE_SURFACE ( (
 ( 1.000000000000000000, 1.000000000000000000),
 ( 0.9999508040219460270, 0.9999508040219460270),
 ( 0.9999508040219460270, 0.9999508040219460270),
 ( 1.000000000000000000, 1.000000000000000000) ) ) 
 REPRESENTATION_ITEM ( '' )  SURFACE ( )  );
#324 = FACE_OUTER_BOUND ( 'NONE', #56, .T. ) ;
#325 = CARTESIAN_POINT ( 'NONE',  ( 14.90725510608218585, -7.999999999999992895, -26.98906670516433692 ) ) ;
#326 = DIRECTION ( 'NONE',  ( -0.000000000000000000, -1.000000000000000000, 0.000000000000000000 ) ) ;
#327 = EDGE_CURVE ( 'NONE', #425, #1203, #579, .T. ) ;
#328 = CARTESIAN_POINT ( 'NONE',  ( -6.272853680736775850, -5.999999999999996447, -27.12893746879774426 ) ) ;
#329 = CARTESIAN_POINT ( 'NONE',  ( -29.08809179654339871, -0.08189045532394088889, -61.98763387054770391 ) ) ;
#330 = ORIENTED_EDGE ( 'NONE', *, *, #1112, .T. ) ;
#331 = CARTESIAN_POINT ( 'NONE',  ( -7.999999999999531930, -39.00000000000000711, -62.00000000000108002 ) ) ;
#332 = CARTESIAN_POINT ( 'NONE',  ( 3.774948499332863694, -34.04879014913141333, -56.85835382141727479 ) ) ;
#333 = DIRECTION ( 'NONE',  ( 0.000000000000000000, 0.000000000000000000, 1.000000000000000000 ) ) ;
#334 = VECTOR ( 'NONE', #489, 1000.000000000000227 ) ;
#335 = VECTOR ( 'NONE', #114, 1000.000000000000114 ) ;
#336 = CARTESIAN_POINT ( 'NONE',  ( 12.38721510079496468, 0.000000000000000000, -17.57290249351628475 ) ) ;
#337 = ADVANCED_FACE ( 'NONE', ( #484 ), #999, .F. ) ;
#338 = CARTESIAN_POINT ( 'NONE',  ( -27.97400795897720727, -5.462931037356412389, -61.17505267091552668 ) ) ;
#339 = ORIENTED_EDGE ( 'NONE', *, *, #526, .F. ) ;
#340 = CARTESIAN_POINT ( 'NONE',  ( 14.76932482370902733, -7.999999999999992895, -26.68615326407650556 ) ) ;
#341 = CARTESIAN_POINT ( 'NONE',  ( 0.000000000000000000, 2.000000000000001776, 0.000000000000000000 ) ) ;
#342 = ORIENTED_EDGE ( 'NONE', *, *, #1204, .T. ) ;
#343 = EDGE_LOOP ( 'NONE', ( #16, #1085, #189, #443 ) ) ;
#344 = EDGE_CURVE ( 'NONE', #525, #739, #1194, .T. ) ;
#345 = LINE ( 'NONE', #747, #126 ) ;
#346 = LINE ( 'NONE', #135, #34 ) ;
#347 = VERTEX_POINT ( 'NONE', #55 ) ;
#348 = ORIENTED_EDGE ( 'NONE', *, *, #912, .F. ) ;
#349 = CARTESIAN_POINT ( 'NONE',  ( 12.55779529795240279, -7.999999999999996447, -27.59406588077640521 ) ) ;
#350 = CC_DESIGN_PERSON_AND_ORGANIZATION_ASSIGNMENT ( #270, #900, ( #708 ) ) ;
#351 = VECTOR ( 'NONE', #998, 1000.000000000000227 ) ;
#352 = DIRECTION ( 'NONE',  ( 0.000000000000000000, 0.000000000000000000, -1.000000000000000000 ) ) ;
#353 = ORIENTED_EDGE ( 'NONE', *, *, #1353, .T. ) ;
#354 = AXIS2_PLACEMENT_3D ( 'NONE', #341, #244, #134 ) ;
#355 = ORIENTED_EDGE ( 'NONE', *, *, #221, .F. ) ;
#356 = FACE_OUTER_BOUND ( 'NONE', #1227, .T. ) ;
#357 = CARTESIAN_POINT ( 'NONE',  ( 30.80354489974966015, -1.249000902703301108E-13, -62.00000000000000000 ) ) ;
#358 = ORIENTED_EDGE ( 'NONE', *, *, #327, .F. ) ;
#359 = CARTESIAN_POINT ( 'NONE',  ( 21.33424448340186430, -32.63052475015372522, -57.07252351252621025 ) ) ;
#360 = ADVANCED_FACE ( 'NONE', ( #1320 ), #371, .F. ) ;
#361 = CARTESIAN_POINT ( 'NONE',  ( 7.999999999999928946, -39.00000000000000711, -62.00000000000000000 ) ) ;
#362 = VERTEX_POINT ( 'NONE', #477 ) ;
#363 = CARTESIAN_POINT ( 'NONE',  ( 30.00000000000000000, -7.999999999999992895, -23.49999999999945643 ) ) ;
#364 = VERTEX_POINT ( 'NONE', #570 ) ;
#365 = FACE_BOUND ( 'NONE', #978, .T. ) ;
#366 = CARTESIAN_POINT ( 'NONE',  ( -30.00000000000000000, -7.999999999999992895, -28.75000000000054357 ) ) ;
#367 = CARTESIAN_POINT ( 'NONE',  ( -31.09233817482009243, 2.000000000000001776, -61.47209090778833485 ) ) ;
#368 = CARTESIAN_POINT ( 'NONE',  ( 11.54349679408043450, 0.000000000000000000, -18.16764318325802918 ) ) ;
#369 = CC_DESIGN_DATE_AND_TIME_ASSIGNMENT ( #849, #1364, ( #984 ) ) ;
#370 = CIRCLE ( 'NONE', #692, 1.500000000000004885 ) ;
#371 = PLANE ( 'NONE',  #82 ) ;
#372 = ORIENTED_EDGE ( 'NONE', *, *, #805, .F. ) ;
#373 = CIRCLE ( 'NONE', #1023, 1.500000000000004885 ) ;
#374 = APPLICATION_PROTOCOL_DEFINITION ( 'international standard', 'config_control_design', 1994, #430 ) ;
#375 = DIRECTION ( 'NONE',  ( 0.000000000000000000, 1.000000000000000000, 0.000000000000000000 ) ) ;
#376 = DESIGN_CONTEXT ( 'detailed design', #470, 'design' ) ;
#377 = CARTESIAN_POINT ( 'NONE',  ( 23.99393527346418153, -21.76456864825185988, -58.71337187815939984 ) ) ;
#378 = CARTESIAN_POINT ( 'NONE',  ( 15.99999999999958433, -38.99999999999999289, -62.00000000000000000 ) ) ;
#379 = LINE ( 'NONE', #785, #351 ) ;
#380 = DIRECTION ( 'NONE',  ( -0.000000000000000000, -1.000000000000000000, 0.000000000000000000 ) ) ;
#381 = ORIENTED_EDGE ( 'NONE', *, *, #29, .T. ) ;
#382 = APPLICATION_PROTOCOL_DEFINITION ( 'international standard', 'config_control_design', 1994, #470 ) ;
#383 = EDGE_CURVE ( 'NONE', #454, #628, #210, .T. ) ;
#384 = CARTESIAN_POINT ( 'NONE',  ( -15.99999999999945999, -7.999999999999992895, -29.39270679994246294 ) ) ;
#385 = CARTESIAN_POINT ( 'NONE',  ( 30.00000000000000000, -6.000000000000005329, -28.75000000000000000 ) ) ;
#386 = VERTEX_POINT ( 'NONE', #1007 ) ;
#387 = CARTESIAN_POINT ( 'NONE',  ( 31.55465619724788695, 0.000000000000000000, -61.20089346649199058 ) ) ;
#388 = CARTESIAN_POINT ( 'NONE',  ( -18.19360755039707200, -19.50000000000000355, -39.78645124675922773 ) ) ;
#389 = EDGE_LOOP ( 'NONE', ( #1072, #840, #213, #1116 ) ) ;
#390 = LINE ( 'NONE', #1228, #1340 ) ;
#391 = EDGE_CURVE ( 'NONE', #85, #1274, #666, .T. ) ;
#392 = CARTESIAN_POINT ( 'NONE',  ( -31.09233817481954532, 2.000000000000001776, -61.47209090778832774 ) ) ;
#393 = CARTESIAN_POINT ( 'NONE',  ( 30.00000000000000000, -7.999999999999992895, -28.75000000000000000 ) ) ;
#394 = CARTESIAN_POINT ( 'NONE',  ( 3.766666666666576013, -36.99999999999999289, -62.00000000000108002 ) ) ;
#395 = ORIENTED_EDGE ( 'NONE', *, *, #520, .T. ) ;
#396 = VECTOR ( 'NONE', #462, 1000.000000000000000 ) ;
#397 = VECTOR ( 'NONE', #1290, 1000.000000000000000 ) ;
#398 = CARTESIAN_POINT ( 'NONE',  ( 14.86128475487377010, -7.999999999999992895, -26.88809263980584774 ) ) ;
#399 = PLANE ( 'NONE',  #821 ) ;
#400 = CARTESIAN_POINT ( 'NONE',  ( 11.88178981772268905, 0.000000000000000000, -20.27493700921015929 ) ) ;
#401 = CARTESIAN_POINT ( 'NONE',  ( 7.533333333333312787, -36.99999999999999289, -62.00000000000000000 ) ) ;
#402 = B_SPLINE_SURFACE_WITH_KNOTS ( 'NONE', 3, 1, ( 
 ( #161, #1323 ),
 ( #451, #871 ),
 ( #35, #458 ),
 ( #243, #149 ),
 ( #675, #1303 ),
 ( #1313, #269 ) ),
 .UNSPECIFIED., .F., .F., .F.,
 ( 4, 2, 4 ),
 ( 2, 2 ),
 ( 0.000000000000000000, 0.5000000000000000000, 1.000000000000000000 ),
 ( 0.000000000000000000, 1.000000000000000000 ),
 .UNSPECIFIED. ) ;
#403 = EDGE_LOOP ( 'NONE', ( #199, #348, #1254, #177 ) ) ;
#404 = DIRECTION ( 'NONE',  ( -0.000000000000000000, -1.000000000000000000, 0.000000000000000000 ) ) ;
#405 = EDGE_CURVE ( 'NONE', #1346, #883, #118, .T. ) ;
#406 = CARTESIAN_POINT ( 'NONE',  ( 0.000000000000000000, 0.000000000000000000, -8.944667923005419469E-16 ) ) ;
#407 = ORIENTED_EDGE ( 'NONE', *, *, #622, .T. ) ;
#408 = DIRECTION ( 'NONE',  ( -0.000000000000000000, -1.000000000000000000, 0.000000000000000000 ) ) ;
#409 = DIRECTION ( 'NONE',  ( -0.000000000000000000, -1.000000000000000000, 0.000000000000000000 ) ) ;
#410 = CARTESIAN_POINT ( 'NONE',  ( -15.27193353922406516, -7.999999999999992895, -27.79008438231864275 ) ) ;
#411 = VERTEX_POINT ( 'NONE', #1084 ) ;
#412 = VECTOR ( 'NONE', #1033, 1000.000000000000000 ) ;
#413 = CARTESIAN_POINT ( 'NONE',  ( 30.00000000000000000, -7.999999999999992895, -26.49999999999946354 ) ) ;
#414 = VECTOR ( 'NONE', #1199, 1000.000000000000000 ) ;
#415 = CYLINDRICAL_SURFACE ( 'NONE', #1042, 1.500000000000004885 ) ;
#416 = CARTESIAN_POINT ( 'NONE',  ( -14.76932482370902555, -7.999999999999992895, -26.68615326407650912 ) ) ;
#417 = ADVANCED_FACE ( 'NONE', ( #146 ), #563, .F. ) ;
#418 = EDGE_LOOP ( 'NONE', ( #1260, #571, #314, #654 ) ) ;
#419 = CARTESIAN_POINT ( 'NONE',  ( -12.38721510079494692, 0.000000000000000000, -17.57290249351575184 ) ) ;
#420 = CARTESIAN_POINT ( 'NONE',  ( 32.46994429644585267, 2.000000000000001776, -60.64045423630818732 ) ) ;
#421 = CARTESIAN_POINT ( 'NONE',  ( -30.00000000000122569, -6.000000000000005329, -24.99999999999945999 ) ) ;
#422 = B_SPLINE_CURVE_WITH_KNOTS ( 'NONE', 3,
 ( #941, #956, #1342, #325, #398, #1224, #1156 ),
 .UNSPECIFIED., .F., .F.,
 ( 4, 3, 4 ),
 ( -0.002640374801066785408, -1.123233450694982594E-16, 0.0003328382724194093104 ),
 .UNSPECIFIED. ) ;
#423 = PLANE ( 'NONE',  #354 ) ;
#424 = CARTESIAN_POINT ( 'NONE',  ( 25.13392414995872670, -32.49999999999998579, -62.00000000000000000 ) ) ;
#425 = VERTEX_POINT ( 'NONE', #878 ) ;
#426 = CARTESIAN_POINT ( 'NONE',  ( -8.716908855914340393, 0.000000000000000000, -19.68302870436730601 ) ) ;
#427 = CARTESIAN_POINT ( 'NONE',  ( -7.547705034905263233, -34.08866213568190062, -56.85233282488900386 ) ) ;
#428 = DIRECTION ( 'NONE',  ( 0.000000000000000000, 0.000000000000000000, 1.000000000000000000 ) ) ;
#429 = EDGE_CURVE ( 'NONE', #138, #711, #873, .T. ) ;
#430 = APPLICATION_CONTEXT ( 'configuration controlled 3d designs of mechanical parts and assemblies' ) ;
#431 = CARTESIAN_POINT ( 'NONE',  ( -29.09318385391353701, -0.4321783638309255049, -61.93473752743861382 ) ) ;
#432 = ORIENTED_EDGE ( 'NONE', *, *, #544, .F. ) ;
#433 = CARTESIAN_POINT ( 'NONE',  ( -11.54349679408015028, 0.000000000000000000, -18.16764318325748562 ) ) ;
#434 = ORIENTED_EDGE ( 'NONE', *, *, #64, .T. ) ;
#435 = CARTESIAN_POINT ( 'NONE',  ( -31.09233817481954532, 0.000000000000000000, -61.47209090778832774 ) ) ;
#436 = CIRCLE ( 'NONE', #145, 1.500000000000011768 ) ;
#437 = VECTOR ( 'NONE', #1147, 1000.000000000000000 ) ;
#438 = DIRECTION ( 'NONE',  ( 1.000000000000000000, 0.000000000000000000, -1.651714247145885962E-20 ) ) ;
#439 = APPROVAL_PERSON_ORGANIZATION ( #1212, #1322, #277 ) ;
#440 = ORIENTED_EDGE ( 'NONE', *, *, #1031, .T. ) ;
#441 = ORIENTED_EDGE ( 'NONE', *, *, #103, .T. ) ;
#442 = CARTESIAN_POINT ( 'NONE',  ( 15.99999999999945999, -7.999999999999992895, -62.00200000000000244 ) ) ;
#443 = ORIENTED_EDGE ( 'NONE', *, *, #622, .F. ) ;
#444 = ADVANCED_FACE ( 'NONE', ( #800 ), #1240, .F. ) ;
#445 = ORIENTED_EDGE ( 'NONE', *, *, #526, .T. ) ;
#446 = CARTESIAN_POINT ( 'NONE',  ( -17.77924690710544198, -32.53793534725254943, -57.08650527068800784 ) ) ;
#447 = CARTESIAN_POINT ( 'NONE',  ( -30.00000000000000000, -6.000000000000005329, -28.75000000000054357 ) ) ;
#448 = ORIENTED_EDGE ( 'NONE', *, *, #465, .F. ) ;
#449 = EDGE_CURVE ( 'NONE', #739, #1008, #198, .T. ) ;
#450 = ORIENTED_EDGE ( 'NONE', *, *, #979, .F. ) ;
#451 = CARTESIAN_POINT ( 'NONE',  ( -29.66962074979038277, -6.500000000000019540, -62.00000000000108002 ) ) ;
#452 = VECTOR ( 'NONE', #380, 1000.000000000000000 ) ;
#453 = CARTESIAN_POINT ( 'NONE',  ( 11.54349679408043450, 0.000000000000000000, -18.16764318325802918 ) ) ;
#454 = VERTEX_POINT ( 'NONE', #101 ) ;
#455 = AXIS2_PLACEMENT_3D ( 'NONE', #637, #838, #1266 ) ;
#456 = AXIS2_PLACEMENT_3D ( 'NONE', #556, #168, #774 ) ;
#457 = ORIENTED_EDGE ( 'NONE', *, *, #1257, .T. ) ;
#458 = CARTESIAN_POINT ( 'NONE',  ( -25.77570123122840684, 0.000000000000000000, -46.28460365537750931 ) ) ;
#459 = EDGE_CURVE ( 'NONE', #525, #1008, #191, .T. ) ;
#460 = CARTESIAN_POINT ( 'NONE',  ( 30.80552175954546001, -0.1857718563551859770, -61.97194692818354866 ) ) ;
#461 = B_SPLINE_SURFACE_WITH_KNOTS ( 'NONE', 3, 1, ( 
 ( #298, #944 ),
 ( #424, #293 ),
 ( #78, #496 ),
 ( #1343, #703 ),
 ( #1123, #812 ),
 ( #303, #922 ) ),
 .UNSPECIFIED., .F., .F., .F.,
 ( 4, 2, 4 ),
 ( 2, 2 ),
 ( 0.000000000000000000, 0.5000000000000000000, 1.000000000000000000 ),
 ( 0.000000000000000000, 1.000000000000000000 ),
 .UNSPECIFIED. ) ;
#462 = DIRECTION ( 'NONE',  ( -0.7748389021944921407, 0.000000000000000000, 0.6321587424421450940 ) ) ;
#463 = DIRECTION ( 'NONE',  ( -0.4226182617406945008, 0.000000000000000000, -0.9063077870366522681 ) ) ;
#464 = EDGE_LOOP ( 'NONE', ( #232, #904, #1269, #863 ) ) ;
#465 = EDGE_CURVE ( 'NONE', #765, #1312, #826, .T. ) ;
#466 = CARTESIAN_POINT ( 'NONE',  ( 32.46994429644585267, 2.000000000000001776, -60.64045423630818732 ) ) ;
#467 = CARTESIAN_POINT ( 'NONE',  ( -30.00000000000000000, -6.000000000000005329, -21.25000000000000000 ) ) ;
#468 = CARTESIAN_POINT ( 'NONE',  ( -15.78513412761546242, -6.000000000000005329, -27.93046480537283216 ) ) ;
#469 = ORIENTED_EDGE ( 'NONE', *, *, #905, .T. ) ;
#470 = APPLICATION_CONTEXT ( 'configuration controlled 3d designs of mechanical parts and assemblies' ) ;
#471 = EDGE_CURVE ( 'NONE', #1356, #725, #1132, .T. ) ;
#472 = LINE ( 'NONE', #892, #1154 ) ;
#473 = EDGE_LOOP ( 'NONE', ( #124, #1172, #1056, #743 ) ) ;
#474 = DIRECTION ( 'NONE',  ( 0.000000000000000000, 1.000000000000000000, 0.000000000000000000 ) ) ;
#475 = VECTOR ( 'NONE', #1144, 1000.000000000000000 ) ;
#476 = ADVANCED_FACE ( 'NONE', ( #1351 ), #1082, .T. ) ;
#477 = CARTESIAN_POINT ( 'NONE',  ( -32.46994429644584557, 2.000000000000001776, -60.64045423630928155 ) ) ;
#478 = EDGE_LOOP ( 'NONE', ( #1078, #158, #457, #1302, #253, #50, #961, #321 ) ) ;
#479 = VECTOR ( 'NONE', #1141, 1000.000000000000114 ) ;
#480 = CARTESIAN_POINT ( 'NONE',  ( -22.60000000000054499, -36.99999999999999289, -62.00000000000000000 ) ) ;
#481 = DIRECTION ( 'NONE',  ( -0.000000000000000000, -1.000000000000000000, 0.000000000000000000 ) ) ;
#482 = CARTESIAN_POINT ( 'NONE',  ( -12.38721510079494692, 0.000000000000000000, -17.57290249351575184 ) ) ;
#483 = ORIENTED_EDGE ( 'NONE', *, *, #649, .T. ) ;
#484 = FACE_OUTER_BOUND ( 'NONE', #301, .T. ) ;
#485 = ORIENTED_EDGE ( 'NONE', *, *, #1250, .T. ) ;
#486 = EDGE_CURVE ( 'NONE', #411, #1274, #669, .T. ) ;
#487 = DATE_AND_TIME ( #816, #1316 ) ;
#488 = CARTESIAN_POINT ( 'NONE',  ( 27.64323531171017123, -6.822021620685065457, -60.96981886162267017 ) ) ;
#489 = DIRECTION ( 'NONE',  ( 0.4226182617406945008, 0.000000000000000000, 0.9063077870366521571 ) ) ;
#490 = ORIENTED_EDGE ( 'NONE', *, *, #1043, .T. ) ;
#491 = FACE_OUTER_BOUND ( 'NONE', #233, .T. ) ;
#492 = CARTESIAN_POINT ( 'NONE',  ( 32.01388082979492822, 0.000000000000000000, -60.92366760426783401 ) ) ;
#493 = ORIENTED_EDGE ( 'NONE', *, *, #276, .F. ) ;
#494 = EDGE_CURVE ( 'NONE', #725, #285, #585, .T. ) ;
#495 = CARTESIAN_POINT ( 'NONE',  ( -32.01388082979491401, 2.000000000000002220, -60.92366760426783401 ) ) ;
#496 = CARTESIAN_POINT ( 'NONE',  ( 19.08145816601209432, 0.000000000000000000, -31.92875307444690947 ) ) ;
#497 = CARTESIAN_POINT ( 'NONE',  ( -8.275450402106638847, 0.000000000000000000, -22.09356432468567988 ) ) ;
#498 = ORIENTED_EDGE ( 'NONE', *, *, #52, .F. ) ;
#499 = CARTESIAN_POINT ( 'NONE',  ( -29.05464516130044217, 0.000000000000000000, -62.00000000000000000 ) ) ;
#500 = AXIS2_PLACEMENT_3D ( 'NONE', #292, #225, #1117 ) ;
#501 = PERSON_AND_ORGANIZATION ( #886, #895 ) ;
#502 = VECTOR ( 'NONE', #100, 1000.000000000000000 ) ;
#503 = CC_DESIGN_APPROVAL ( #1322, ( #184 ) ) ;
#504 = EDGE_CURVE ( 'NONE', #1203, #72, #1088, .T. ) ;
#505 = CARTESIAN_POINT ( 'NONE',  ( 0.000000000000000000, 2.000000000000001776, 0.000000000000000000 ) ) ;
#506 = ORIENTED_EDGE ( 'NONE', *, *, #989, .F. ) ;
#507 = DATE_TIME_ROLE ( 'creation_date' ) ;
#508 = CARTESIAN_POINT ( 'NONE',  ( -30.78791611961126051, -0.3684224574980546341, -61.94436519146790232 ) ) ;
#509 = CC_DESIGN_PERSON_AND_ORGANIZATION_ASSIGNMENT ( #501, #931, ( #984 ) ) ;
#510 = CARTESIAN_POINT ( 'NONE',  ( 24.75154838710014360, -24.66666666666671048, -62.00000000000000000 ) ) ;
#511 = CARTESIAN_POINT ( 'NONE',  ( 0.000000000000000000, 2.000000000000001776, -23.50000000000000711 ) ) ;
#512 = ORIENTED_EDGE ( 'NONE', *, *, #494, .F. ) ;
#513 = DIRECTION ( 'NONE',  ( 0.000000000000000000, 1.000000000000000000, 0.000000000000000000 ) ) ;
#514 = APPROVAL_DATE_TIME ( #597, #1322 ) ;
#515 = CARTESIAN_POINT ( 'NONE',  ( -30.00000000000122569, -7.999999999999992895, -24.99999999999945999 ) ) ;
#516 = CARTESIAN_POINT ( 'NONE',  ( -31.09233817482009243, 2.000000000000001776, -61.47209090778833485 ) ) ;
#517 = CARTESIAN_POINT ( 'NONE',  ( 15.99999999999945999, -6.000000000000005329, -21.25000000000000000 ) ) ;
#518 = CARTESIAN_POINT ( 'NONE',  ( 15.99999999999945999, -7.566169040009798508, -29.17935663751533681 ) ) ;
#519 = VERTEX_POINT ( 'NONE', #529 ) ;
#520 = EDGE_CURVE ( 'NONE', #1294, #765, #943, .T. ) ;
#521 = VECTOR ( 'NONE', #211, 1000.000000000000000 ) ;
#522 = CARTESIAN_POINT ( 'NONE',  ( 22.64077365245272233, -34.43521833785333541, -56.80000000000001847 ) ) ;
#523 = VECTOR ( 'NONE', #408, 1000.000000000000000 ) ;
#524 = DIRECTION ( 'NONE',  ( -0.9063077870366524902, 0.000000000000000000, 0.4226182617406941677 ) ) ;
#525 = VERTEX_POINT ( 'NONE', #647 ) ;
#526 = EDGE_CURVE ( 'NONE', #1330, #28, #346, .T. ) ;
#527 = CARTESIAN_POINT ( 'NONE',  ( -15.99999999999945999, -7.566169040009845581, -29.17935663751488562 ) ) ;
#528 = CARTESIAN_POINT ( 'NONE',  ( -12.07765305911081732, -5.999999999999994671, -25.37432819566475573 ) ) ;
#529 = CARTESIAN_POINT ( 'NONE',  ( -30.00000000000000000, -7.999999999999992895, -28.75000000000054357 ) ) ;
#530 = ORIENTED_EDGE ( 'NONE', *, *, #36, .F. ) ;
#531 = FACE_OUTER_BOUND ( 'NONE', #1285, .T. ) ;
#532 = CARTESIAN_POINT ( 'NONE',  ( -5.219229424844604281, -7.999999999999998224, -29.45297288532946212 ) ) ;
#533 = CARTESIAN_POINT ( 'NONE',  ( -30.00000000000122569, -7.999999999999992895, -26.49999999999947065 ) ) ;
#534 = EDGE_CURVE ( 'NONE', #1153, #740, #748, .T. ) ;
#535 = DIRECTION ( 'NONE',  ( 0.000000000000000000, 0.000000000000000000, -1.000000000000000000 ) ) ;
#536 = ADVANCED_FACE ( 'NONE', ( #1171 ), #839, .F. ) ;
#537 = CARTESIAN_POINT ( 'NONE',  ( 21.33424448340186430, -32.63052475015372522, -57.07252351252621025 ) ) ;
#538 = ORIENTED_EDGE ( 'NONE', *, *, #576, .F. ) ;
#539 = MANIFOLD_SOLID_BREP ( '\X2\52079664\X0\-\X2\62c94f38\X0\1', #215 ) ;
#540 = ORIENTED_EDGE ( 'NONE', *, *, #129, .F. ) ;
#541 = CARTESIAN_POINT ( 'NONE',  ( -3.556791575211746270, -32.31089272992251438, -57.12079056542806654 ) ) ;
#542 = AXIS2_PLACEMENT_3D ( 'NONE', #105, #209, #629 ) ;
#543 = AXIS2_PLACEMENT_3D ( 'NONE', #1277, #1170, #559 ) ;
#544 = EDGE_CURVE ( 'NONE', #841, #411, #758, .T. ) ;
#545 = ORIENTED_EDGE ( 'NONE', *, *, #194, .F. ) ;
#546 = EDGE_LOOP ( 'NONE', ( #498, #609, #639, #580, #1000, #275, #935, #441, #732 ) ) ;
#547 = LINE ( 'NONE', #746, #437 ) ;
#548 = ADVANCED_BREP_SHAPE_REPRESENTATION ( '\X2\7cae9053\X0\', ( #539, #456 ), #1344 ) ;
#549 = EDGE_CURVE ( 'NONE', #386, #1330, #75, .T. ) ;
#550 = VERTEX_POINT ( 'NONE', #466 ) ;
#551 = VERTEX_POINT ( 'NONE', #385 ) ;
#552 = CARTESIAN_POINT ( 'NONE',  ( -10.21087627008562038, -7.999999999999996447, -28.36343307270243841 ) ) ;
#553 = ORIENTED_EDGE ( 'NONE', *, *, #29, .F. ) ;
#554 = CARTESIAN_POINT ( 'NONE',  ( -1.999999999999710010, -39.00000000000000711, -62.00000000000000000 ) ) ;
#555 = ORIENTED_EDGE ( 'NONE', *, *, #391, .T. ) ;
#556 = CARTESIAN_POINT ( 'NONE',  ( 0.000000000000000000, 0.000000000000000000, 0.000000000000000000 ) ) ;
#557 = DIRECTION ( 'NONE',  ( -0.000000000000000000, -1.000000000000000000, 0.000000000000000000 ) ) ;
#558 = AXIS2_PLACEMENT_3D ( 'NONE', #593, #1010, #97 ) ;
#559 = DIRECTION ( 'NONE',  ( 0.4226182617407003295, 0.000000000000000000, -0.9063077870366496036 ) ) ;
#560 = CARTESIAN_POINT ( 'NONE',  ( 2.271947474246010401, 0.000000000000000000, -21.40940750227668232 ) ) ;
#561 = ORIENTED_EDGE ( 'NONE', *, *, #1251, .F. ) ;
#562 = CIRCLE ( 'NONE', #1270, 21.50000000000000711 ) ;
#563 = PLANE ( 'NONE',  #611 ) ;
#564 = EDGE_LOOP ( 'NONE', ( #1094, #18, #1188, #372 ) ) ;
#565 = ADVANCED_FACE ( 'NONE', ( #31 ), #874, .T. ) ;
#566 = DIRECTION ( 'NONE',  ( 0.000000000000000000, 1.000000000000000000, 0.000000000000000000 ) ) ;
#567 = CARTESIAN_POINT ( 'NONE',  ( 22.00000000000057909, -38.99999999999999289, -62.00000000000000000 ) ) ;
#568 = CARTESIAN_POINT ( 'NONE',  ( 31.09233817481954532, 2.000000000000001776, -61.47209090778833485 ) ) ;
#569 = CARTESIAN_POINT ( 'NONE',  ( 8.716908855914079268, 0.000000000000000000, -19.68302870436730245 ) ) ;
#570 = CARTESIAN_POINT ( 'NONE',  ( -30.00000000000122569, -6.000000000000005329, -23.49999999999944933 ) ) ;
#571 = ORIENTED_EDGE ( 'NONE', *, *, #872, .F. ) ;
#572 = EDGE_CURVE ( 'NONE', #1284, #1074, #163, .T. ) ;
#573 = DIRECTION ( 'NONE',  ( 0.000000000000000000, 1.000000000000000000, 0.000000000000000000 ) ) ;
#574 = UNCERTAINTY_MEASURE_WITH_UNIT (LENGTH_MEASURE( 1.000000000000000082E-05 ), #964, 'distance_accuracy_value', 'NONE');
#575 = DIRECTION ( 'NONE',  ( 0.000000000000000000, 0.000000000000000000, 1.000000000000000000 ) ) ;
#576 = EDGE_CURVE ( 'NONE', #238, #1284, #991, .T. ) ;
#577 = CARTESIAN_POINT ( 'NONE',  ( -11.88178981772294485, 2.000000000000001776, -20.27493700921070996 ) ) ;
#578 = EDGE_LOOP ( 'NONE', ( #545, #759, #763, #787 ) ) ;
#579 = LINE ( 'NONE', #388, #1359 ) ;
#580 = ORIENTED_EDGE ( 'NONE', *, *, #504, .T. ) ;
#581 = FACE_OUTER_BOUND ( 'NONE', #1019, .T. ) ;
#582 = CARTESIAN_POINT ( 'NONE',  ( -10.63722634258552624, 0.000000000000000000, -18.71511514033108270 ) ) ;
#583 = CARTESIAN_POINT ( 'NONE',  ( 31.55465619724788340, 2.000000000000001776, -61.20089346649198347 ) ) ;
#584 = CARTESIAN_POINT ( 'NONE',  ( 32.46994429644585267, 0.000000000000000000, -60.64045423630818732 ) ) ;
#585 = CIRCLE ( 'NONE', #1286, 23.50000000000000711 ) ;
#586 = CARTESIAN_POINT ( 'NONE',  ( 14.17379739298084829, -5.999999999999991118, -24.40784057143685715 ) ) ;
#587 = ORIENTED_EDGE ( 'NONE', *, *, #549, .F. ) ;
#588 = VECTOR ( 'NONE', #995, 1000.000000000000000 ) ;
#589 = APPROVAL_STATUS ( 'not_yet_approved' ) ;
#590 = APPROVAL_PERSON_ORGANIZATION ( #744, #761, #632 ) ;
#591 = FACE_OUTER_BOUND ( 'NONE', #578, .T. ) ;
#592 = CARTESIAN_POINT ( 'NONE',  ( 28.85797050888745119, -1.721144000719193823, -61.74009315939489539 ) ) ;
#593 = CARTESIAN_POINT ( 'NONE',  ( 0.000000000000000000, 2.000000000000001776, 0.000000000000000000 ) ) ;
#594 = ORIENTED_EDGE ( 'NONE', *, *, #1234, .T. ) ;
#595 = CARTESIAN_POINT ( 'NONE',  ( 16.10609814883894941, -5.999999999999991118, -28.63374777405195459 ) ) ;
#596 = ORIENTED_EDGE ( 'NONE', *, *, #624, .F. ) ;
#597 = DATE_AND_TIME ( #1304, #171 ) ;
#598 = CARTESIAN_POINT ( 'NONE',  ( 3.555866720206236842, -32.31088732367444294, -57.12079138181579907 ) ) ;
#599 = LINE ( 'NONE', #728, #193 ) ;
#600 = CARTESIAN_POINT ( 'NONE',  ( 26.90309677420082934, -12.33333333333337656, -62.00000000000000000 ) ) ;
#601 = DIRECTION ( 'NONE',  ( 0.000000000000000000, 0.000000000000000000, 1.000000000000000000 ) ) ;
#602 = CARTESIAN_POINT ( 'NONE',  ( -15.06666666666640886, -36.99999999999999289, -62.00000000000108002 ) ) ;
#603 = ORIENTED_EDGE ( 'NONE', *, *, #405, .T. ) ;
#604 = CARTESIAN_POINT ( 'NONE',  ( -24.68882205578671929, 0.000000000000000000, -47.73970627492911945 ) ) ;
#605 = EDGE_CURVE ( 'NONE', #1210, #1185, #1200, .T. ) ;
#606 = DIRECTION ( 'NONE',  ( -0.000000000000000000, -1.000000000000000000, 0.000000000000000000 ) ) ;
#607 = DIRECTION ( 'NONE',  ( 0.000000000000000000, 0.000000000000000000, 1.000000000000000000 ) ) ;
#608 = CARTESIAN_POINT ( 'NONE',  ( -14.81530794932201189, -7.999999999999992895, -26.78712151267051667 ) ) ;
#609 = ORIENTED_EDGE ( 'NONE', *, *, #1349, .T. ) ;
#610 = CARTESIAN_POINT ( 'NONE',  ( -26.90309677420083645, -12.33333333333330728, -62.00000000000108002 ) ) ;
#611 = AXIS2_PLACEMENT_3D ( 'NONE', #987, #43, #463 ) ;
#612 = AXIS2_PLACEMENT_3D ( 'NONE', #172, #1325, #1103 ) ;
#613 = CARTESIAN_POINT ( 'NONE',  ( 30.00000000000000000, -7.999999999999992895, -24.99999999999945999 ) ) ;
#614 = CARTESIAN_POINT ( 'NONE',  ( 18.19360755039707200, -19.50000000000000355, -39.78645124675814060 ) ) ;
#615 = LOCAL_TIME ( 14, 21, 28.00000000000000000, #222 ) ;
#616 = CC_DESIGN_PERSON_AND_ORGANIZATION_ASSIGNMENT ( #1237, #1121, ( #184 ) ) ;
#617 = CARTESIAN_POINT ( 'NONE',  ( 30.00000000000000000, -7.999999999999992895, -24.99999999999945999 ) ) ;
#618 = CYLINDRICAL_SURFACE ( 'NONE', #240, 3.750000000000000000 ) ;
#619 = CARTESIAN_POINT ( 'NONE',  ( -2.126194270005314024, 0.000000000000000000, -23.50000000000000355 ) ) ;
#620 = ORIENTED_EDGE ( 'NONE', *, *, #534, .T. ) ;
#621 = CARTESIAN_POINT ( 'NONE',  ( -27.97887096775036753, -6.166666666666653640, -62.00000000000000000 ) ) ;
#622 = EDGE_CURVE ( 'NONE', #238, #285, #157, .T. ) ;
#623 = CARTESIAN_POINT ( 'NONE',  ( -30.71128495949306725, -0.9154175466922014337, -61.86176445300582571 ) ) ;
#624 = EDGE_CURVE ( 'NONE', #1330, #1346, #472, .T. ) ;
#625 = CARTESIAN_POINT ( 'NONE',  ( 11.88178981772268905, 0.000000000000000000, -20.27493700921015929 ) ) ;
#626 = CARTESIAN_POINT ( 'NONE',  ( -30.00000000000122569, -7.999999999999992895, -26.49999999999947065 ) ) ;
#627 = DIRECTION ( 'NONE',  ( 0.000000000000000000, 0.000000000000000000, 1.000000000000000000 ) ) ;
#628 = VERTEX_POINT ( 'NONE', #797 ) ;
#629 = DIRECTION ( 'NONE',  ( 0.000000000000000000, 0.000000000000000000, -1.000000000000000000 ) ) ;
#630 = CARTESIAN_POINT ( 'NONE',  ( 0.000000000000000000, 0.000000000000000000, -8.944667923005419469E-16 ) ) ;
#631 = ORIENTED_EDGE ( 'NONE', *, *, #1137, .T. ) ;
#632 = APPROVAL_ROLE ( '' ) ;
#633 = VECTOR ( 'NONE', #1307, 1000.000000000000000 ) ;
#634 = CARTESIAN_POINT ( 'NONE',  ( -14.22406952162601179, -32.45643028372062133, -57.09881320282433137 ) ) ;
#635 = CIRCLE ( 'NONE', #455, 1.500000000000011768 ) ;
#636 = CARTESIAN_POINT ( 'NONE',  ( 6.272853680736726112, -5.999999999999996447, -27.12893746879819545 ) ) ;
#637 = CARTESIAN_POINT ( 'NONE',  ( -30.00000000000122569, -7.999999999999992895, -24.99999999999945999 ) ) ;
#638 = CARTESIAN_POINT ( 'NONE',  ( -29.09738569315758738, -0.1702345116439846207, -61.97429319448879426 ) ) ;
#639 = ORIENTED_EDGE ( 'NONE', *, *, #327, .T. ) ;
#640 = LINE ( 'NONE', #736, #334 ) ;
#641 = CARTESIAN_POINT ( 'NONE',  ( -26.65091499242729967, -10.89761533701277685, -60.35437083056988428 ) ) ;
#642 = EDGE_LOOP ( 'NONE', ( #248, #1034, #594, #330 ) ) ;
#643 = EDGE_LOOP ( 'NONE', ( #603, #1280, #1179, #25 ) ) ;
#644 = ADVANCED_FACE ( 'NONE', ( #906 ), #832, .F. ) ;
#645 = DIRECTION ( 'NONE',  ( -0.000000000000000000, -1.000000000000000000, 0.000000000000000000 ) ) ;
#646 = B_SPLINE_CURVE_WITH_KNOTS ( 'NONE', 3,
 ( #793, #73, #803, #1337 ),
 .UNSPECIFIED., .F., .F.,
 ( 4, 4 ),
 ( 0.000000000000000000, 0.0007176819130244284839 ),
 .UNSPECIFIED. ) ;
#647 = CARTESIAN_POINT ( 'NONE',  ( 15.99999999999945999, -7.999999999999992895, -29.39270679994298519 ) ) ;
#648 = VERTEX_POINT ( 'NONE', #340 ) ;
#649 = EDGE_CURVE ( 'NONE', #968, #364, #436, .T. ) ;
#650 = VECTOR ( 'NONE', #1192, 1000.000000000000000 ) ;
#651 = CARTESIAN_POINT ( 'NONE',  ( -29.03323777862542698, -0.8646152551231106598, -61.86943601511315194 ) ) ;
#652 = EDGE_LOOP ( 'NONE', ( #667, #469, #924, #631, #719 ) ) ;
#653 = CARTESIAN_POINT ( 'NONE',  ( 22.00000000000057909, -38.99999999999999289, -62.00000000000000000 ) ) ;
#654 = ORIENTED_EDGE ( 'NONE', *, *, #307, .T. ) ;
#655 = CARTESIAN_POINT ( 'NONE',  ( -28.24278808463797219, -11.50860260142456148, -60.26210674954187141 ) ) ;
#656 = EDGE_CURVE ( 'NONE', #425, #386, #1052, .T. ) ;
#657 = CARTESIAN_POINT ( 'NONE',  ( 24.04295271587962191, -28.70394727423656533, -57.66546887080565398 ) ) ;
#658 = ORIENTED_EDGE ( 'NONE', *, *, #344, .F. ) ;
#659 = ORIENTED_EDGE ( 'NONE', *, *, #129, .T. ) ;
#660 = CARTESIAN_POINT ( 'NONE',  ( 30.00000000000000000, -7.999999999999992895, -21.25000000000000000 ) ) ;
#661 = DIRECTION ( 'NONE',  ( 0.000000000000000000, 0.000000000000000000, 1.000000000000000000 ) ) ;
#662 = LINE ( 'NONE', #366, #414 ) ;
#663 = DIRECTION ( 'NONE',  ( 0.000000000000000000, 0.000000000000000000, -1.000000000000000000 ) ) ;
#664 = CARTESIAN_POINT ( 'NONE',  ( -3.999999999999646949, -39.00000000000000711, -62.00000000000000000 ) ) ;
#665 = ORIENTED_EDGE ( 'NONE', *, *, #391, .F. ) ;
#666 = LINE ( 'NONE', #363, #981 ) ;
#667 = ORIENTED_EDGE ( 'NONE', *, *, #1257, .F. ) ;
#668 = CARTESIAN_POINT ( 'NONE',  ( 29.09309003812543537, -0.4332481717415530009, -61.93457597768214384 ) ) ;
#669 = CIRCLE ( 'NONE', #1244, 1.500000000000004885 ) ;
#670 = CIRCLE ( 'NONE', #822, 3.750000000000000000 ) ;
#671 = CARTESIAN_POINT ( 'NONE',  ( -11.54349679408015028, 0.000000000000000000, -18.16764318325748562 ) ) ;
#672 = LINE ( 'NONE', #690, #650 ) ;
#673 = CARTESIAN_POINT ( 'NONE',  ( -15.99999999999945643, -6.000000000000005329, -28.40125503746493507 ) ) ;
#674 = ORIENTED_EDGE ( 'NONE', *, *, #486, .F. ) ;
#675 = CARTESIAN_POINT ( 'NONE',  ( -25.13392414995817958, -32.50000000000001421, -62.00000000000108002 ) ) ;
#676 = EDGE_CURVE ( 'NONE', #362, #1055, #640, .T. ) ;
#677 = LINE ( 'NONE', #1095, #588 ) ;
#678 = DIRECTION ( 'NONE',  ( 0.000000000000000000, 1.000000000000000000, 0.000000000000000000 ) ) ;
#679 = CARTESIAN_POINT ( 'NONE',  ( 10.00000000000018652, -39.00000000000000711, -62.00000000000000711 ) ) ;
#680 = LINE ( 'NONE', #273, #98 ) ;
#681 = CARTESIAN_POINT ( 'NONE',  ( -14.96165790981641308, -6.000000000000005329, -26.12847956683091510 ) ) ;
#682 = EDGE_LOOP ( 'NONE', ( #986, #117, #772, #493, #1064 ) ) ;
#683 = EDGE_CURVE ( 'NONE', #525, #648, #422, .T. ) ;
#684 = CARTESIAN_POINT ( 'NONE',  ( 30.61347882238560558, -1.459378650790731591, -61.77962187114209058 ) ) ;
#685 = CARTESIAN_POINT ( 'NONE',  ( -31.09233817482009243, 2.000000000000001776, -61.47209090778833485 ) ) ;
#686 = CARTESIAN_POINT ( 'NONE',  ( 15.39226756223349568, -5.999999999999991118, -27.06965922724542750 ) ) ;
#687 = ORIENTED_EDGE ( 'NONE', *, *, #449, .F. ) ;
#688 = CARTESIAN_POINT ( 'NONE',  ( 31.09233817481954532, 2.000000000000001776, -61.47209090778833485 ) ) ;
#689 = CARTESIAN_POINT ( 'NONE',  ( -4.501611211901397347, 0.000000000000000000, -21.05374008154324272 ) ) ;
#690 = CARTESIAN_POINT ( 'NONE',  ( 30.00000000000000000, -6.000000000000005329, -28.75000000000000000 ) ) ;
#691 = CARTESIAN_POINT ( 'NONE',  ( 30.00000000000000000, -7.999999999999992895, -24.99999999999945999 ) ) ;
#692 = AXIS2_PLACEMENT_3D ( 'NONE', #1334, #259, #47 ) ;
#693 = CARTESIAN_POINT ( 'NONE',  ( 15.99999999999945999, -7.999999999999992895, -62.00200000000000244 ) ) ;
#694 = VERTEX_POINT ( 'NONE', #1053 ) ;
#695 = APPROVAL_ROLE ( '' ) ;
#696 = CARTESIAN_POINT ( 'NONE',  ( -32.46994429644583846, 0.000000000000000000, -60.64045423630819442 ) ) ;
#697 = DIRECTION ( 'NONE',  ( -0.4226182617407003295, 0.000000000000000000, 0.9063077870366494926 ) ) ;
#698 = EDGE_CURVE ( 'NONE', #1048, #1356, #1089, .T. ) ;
#699 = CARTESIAN_POINT ( 'NONE',  ( 2.126194270005329123, 0.000000000000000000, -23.50000000000000355 ) ) ;
#700 = ORIENTED_EDGE ( 'NONE', *, *, #845, .F. ) ;
#701 = CARTESIAN_POINT ( 'NONE',  ( -30.61339385034582605, -1.459843864399933411, -61.77955162007692280 ) ) ;
#702 = CARTESIAN_POINT ( 'NONE',  ( -31.55465619724788695, 0.000000000000000000, -61.20089346649199058 ) ) ;
#703 = CARTESIAN_POINT ( 'NONE',  ( 25.77570123122896817, 0.000000000000000000, -46.28460365537863197 ) ) ;
#704 = DIRECTION ( 'NONE',  ( 0.000000000000000000, 0.000000000000000000, 1.000000000000000000 ) ) ;
#705 = ORIENTED_EDGE ( 'NONE', *, *, #1027, .T. ) ;
#706 = EDGE_CURVE ( 'NONE', #72, #835, #3, .T. ) ;
#707 = LINE ( 'NONE', #1136, #262 ) ;
#708 = PRODUCT ( '\X2\7cae9053\X0\', '\X2\7cae9053\X0\', '', ( #1324 ) ) ;
#709 = DIRECTION ( 'NONE',  ( 0.000000000000000000, 0.000000000000000000, -1.000000000000000000 ) ) ;
#710 = CARTESIAN_POINT ( 'NONE',  ( 15.99999999999945999, -6.699816815909268364, -28.75000000000000000 ) ) ;
#711 = VERTEX_POINT ( 'NONE', #113 ) ;
#712 = CIRCLE ( 'NONE', #1065, 1.500000000000004885 ) ;
#713 = APPROVAL_STATUS ( 'not_yet_approved' ) ;
#714 = VECTOR ( 'NONE', #326, 1000.000000000000000 ) ;
#715 = ADVANCED_FACE ( 'NONE', ( #1232 ), #128, .F. ) ;
#716 = DIRECTION ( 'NONE',  ( 0.4226182617406941677, 0.000000000000000000, 0.9063077870366524902 ) ) ;
#717 = LINE ( 'NONE', #934, #502 ) ;
#718 = CARTESIAN_POINT ( 'NONE',  ( -14.86128475487370615, -7.999999999999992895, -26.88809263980623498 ) ) ;
#719 = ORIENTED_EDGE ( 'NONE', *, *, #781, .T. ) ;
#720 = LINE ( 'NONE', #848, #735 ) ;
#721 = DIRECTION ( 'NONE',  ( 0.000000000000000000, 1.000000000000000000, 0.000000000000000000 ) ) ;
#722 = EDGE_CURVE ( 'NONE', #362, #1153, #599, .T. ) ;
#723 = DIRECTION ( 'NONE',  ( 0.000000000000000000, 0.000000000000000000, 1.000000000000000000 ) ) ;
#724 = CARTESIAN_POINT ( 'NONE',  ( 15.99999999999945999, -7.999999999999992895, -29.39270679994298519 ) ) ;
#725 = VERTEX_POINT ( 'NONE', #77 ) ;
#726 = CARTESIAN_POINT ( 'NONE',  ( -7.702888086565900849, 0.000000000000000000, -20.10332218915436187 ) ) ;
#727 = APPROVAL_DATE_TIME ( #1262, #761 ) ;
#728 = CARTESIAN_POINT ( 'NONE',  ( -32.46994429644584557, 2.000000000000001776, -60.64045423630928155 ) ) ;
#729 = PLANE ( 'NONE',  #217 ) ;
#730 = ADVANCED_FACE ( 'NONE', ( #8 ), #914, .F. ) ;
#731 = CARTESIAN_POINT ( 'NONE',  ( -9.837384416542800381, -5.999999999999994671, -26.19333198061864820 ) ) ;
#732 = ORIENTED_EDGE ( 'NONE', *, *, #534, .F. ) ;
#733 = CARTESIAN_POINT ( 'NONE',  ( -4.501611211901397347, 0.000000000000000000, -21.05374008154324272 ) ) ;
#734 = VECTOR ( 'NONE', #1091, 1000.000000000000000 ) ;
#735 = VECTOR ( 'NONE', #1363, 1000.000000000000114 ) ;
#736 = CARTESIAN_POINT ( 'NONE',  ( -32.46994429644584557, 2.000000000000001776, -60.64045423630928155 ) ) ;
#737 = AXIS2_PLACEMENT_3D ( 'NONE', #67, #1219, #287 ) ;
#738 = CARTESIAN_POINT ( 'NONE',  ( -31.09233817482009243, 0.000000000000000000, -61.47209090778833485 ) ) ;
#739 = VERTEX_POINT ( 'NONE', #214 ) ;
#740 = VERTEX_POINT ( 'NONE', #1036 ) ;
#741 = CARTESIAN_POINT ( 'NONE',  ( -22.64077365245218587, -34.43521833785333541, -56.79999999999893134 ) ) ;
#742 = CARTESIAN_POINT ( 'NONE',  ( -16.00000000000000000, -6.699816815909254153, -28.75000000000000355 ) ) ;
#743 = ORIENTED_EDGE ( 'NONE', *, *, #815, .T. ) ;
#744 = PERSON_AND_ORGANIZATION ( #886, #895 ) ;
#745 = CC_DESIGN_PERSON_AND_ORGANIZATION_ASSIGNMENT ( #205, #315, ( #757 ) ) ;
#746 = CARTESIAN_POINT ( 'NONE',  ( 30.00000000000000000, -7.999999999999992895, -28.75000000000000000 ) ) ;
#747 = CARTESIAN_POINT ( 'NONE',  ( 11.88178981772268905, 2.000000000000001776, -20.27493700921015929 ) ) ;
#748 = LINE ( 'NONE', #5, #842 ) ;
#749 = VERTEX_POINT ( 'NONE', #836 ) ;
#750 = CARTESIAN_POINT ( 'NONE',  ( -2.271947474245999743, 0.000000000000000000, -21.40940750227667877 ) ) ;
#751 = ORIENTED_EDGE ( 'NONE', *, *, #845, .T. ) ;
#752 = CARTESIAN_POINT ( 'NONE',  ( 30.00000000000000000, -7.999999999999992895, -24.99999999999945999 ) ) ;
#753 = VECTOR ( 'NONE', #320, 1000.000000000000000 ) ;
#754 = EDGE_CURVE ( 'NONE', #1292, #72, #976, .T. ) ;
#755 = CIRCLE ( 'NONE', #843, 3.750000000000000000 ) ;
#756 = LINE ( 'NONE', #911, #479 ) ;
#757 = PRODUCT_DEFINITION_FORMATION_WITH_SPECIFIED_SOURCE ( 'ä»', '', #708, .NOT_KNOWN. ) ;
#758 = LINE ( 'NONE', #116, #169 ) ;
#759 = ORIENTED_EDGE ( 'NONE', *, *, #767, .F. ) ;
#760 = VERTEX_POINT ( 'NONE', #688 ) ;
#761 = APPROVAL ( #829, 'æœª' ) ;
#762 = CARTESIAN_POINT ( 'NONE',  ( -8.716908855914340393, 0.000000000000000000, -19.68302870436730601 ) ) ;
#763 = ORIENTED_EDGE ( 'NONE', *, *, #979, .T. ) ;
#764 = CARTESIAN_POINT ( 'NONE',  ( 9.837384416542617416, -5.999999999999994671, -26.19333198061848123 ) ) ;
#765 = VERTEX_POINT ( 'NONE', #1214 ) ;
#766 = LINE ( 'NONE', #1190, #917 ) ;
#767 = EDGE_CURVE ( 'NONE', #1055, #249, #962, .T. ) ;
#768 = CARTESIAN_POINT ( 'NONE',  ( -31.09233817482009243, 2.000000000000001776, -61.47209090778833485 ) ) ;
#769 = DIRECTION ( 'NONE',  ( 0.1927549664879890101, 0.6473420250422896594, 0.7374237760666262353 ) ) ;
#770 = EDGE_CURVE ( 'NONE', #1274, #411, #712, .T. ) ;
#771 = CARTESIAN_POINT ( 'NONE',  ( -16.10609814883939350, -6.000000000000005329, -28.63374777405227434 ) ) ;
#772 = ORIENTED_EDGE ( 'NONE', *, *, #831, .F. ) ;
#773 = CARTESIAN_POINT ( 'NONE',  ( -14.76932482370902555, -7.999999999999992895, -26.68615326407650912 ) ) ;
#774 = DIRECTION ( 'NONE',  ( 1.000000000000000000, 0.000000000000000000, 0.000000000000000000 ) ) ;
#775 = VECTOR ( 'NONE', #53, 1000.000000000000000 ) ;
#776 = AXIS2_PLACEMENT_3D ( 'NONE', #996, #566, #1206 ) ;
#777 = CARTESIAN_POINT ( 'NONE',  ( 10.63722634258526512, 0.000000000000000000, -18.71511514033161205 ) ) ;
#778 = FACE_OUTER_BOUND ( 'NONE', #464, .T. ) ;
#779 = DIRECTION ( 'NONE',  ( 0.000000000000000000, 1.000000000000000000, 0.000000000000000000 ) ) ;
#780 = ORIENTED_EDGE ( 'NONE', *, *, #1349, .F. ) ;
#781 = EDGE_CURVE ( 'NONE', #519, #1352, #662, .T. ) ;
#782 = CARTESIAN_POINT ( 'NONE',  ( -17.24089490886133902, -18.50000000000000355, -41.13746850460535143 ) ) ;
#783 = CARTESIAN_POINT ( 'NONE',  ( 29.09741292617232133, -0.1697361846667051477, -61.97436844594375316 ) ) ;
#784 = CARTESIAN_POINT ( 'NONE',  ( 7.702888086565911507, 0.000000000000000000, -20.10332218915381119 ) ) ;
#785 = CARTESIAN_POINT ( 'NONE',  ( 18.19360755039707200, -19.50000000000000355, -39.78645124675814060 ) ) ;
#786 = FACE_OUTER_BOUND ( 'NONE', #1321, .T. ) ;
#787 = ORIENTED_EDGE ( 'NONE', *, *, #276, .T. ) ;
#788 = ADVANCED_FACE ( 'NONE', ( #1080 ), #140, .T. ) ;
#789 = CARTESIAN_POINT ( 'NONE',  ( -15.99999999999933387, -38.99999999999999289, -62.00000000000108002 ) ) ;
#790 = CARTESIAN_POINT ( 'NONE',  ( -32.01388082979476479, 2.000000000000001776, -60.92366760426791927 ) ) ;
#791 = CARTESIAN_POINT ( 'NONE',  ( 8.671674534786562916, -5.999999999999994671, -26.54896492928415697 ) ) ;
#792 = ORIENTED_EDGE ( 'NONE', *, *, #459, .T. ) ;
#793 = CARTESIAN_POINT ( 'NONE',  ( 15.99999999999945999, -6.699816815909268364, -28.75000000000000000 ) ) ;
#794 = CALENDAR_DATE ( 2026, 20, 8 ) ;
#795 = CYLINDRICAL_SURFACE ( 'NONE', #1111, 21.50000000000000711 ) ;
#796 = EDGE_CURVE ( 'NONE', #28, #1210, #1070, .T. ) ;
#797 = CARTESIAN_POINT ( 'NONE',  ( 14.17379739298084829, -5.999999999999991118, -24.40784057143685715 ) ) ;
#798 = CARTESIAN_POINT ( 'NONE',  ( 31.09233817481955242, 0.000000000000000000, -61.47209090778834195 ) ) ;
#799 = VECTOR ( 'NONE', #1097, 1000.000000000000114 ) ;
#800 = FACE_OUTER_BOUND ( 'NONE', #855, .T. ) ;
#801 = EDGE_LOOP ( 'NONE', ( #32, #111, #975 ) ) ;
#802 = AXIS2_PLACEMENT_3D ( 'NONE', #257, #246, #663 ) ;
#803 = CARTESIAN_POINT ( 'NONE',  ( 16.10585026600496050, -6.233217721920166987, -28.74999999999999645 ) ) ;
#804 = DIRECTION ( 'NONE',  ( 0.000000000000000000, 1.000000000000000000, 0.000000000000000000 ) ) ;
#805 = EDGE_CURVE ( 'NONE', #347, #1218, #766, .T. ) ;
#806 = CARTESIAN_POINT ( 'NONE',  ( 18.86822095922594400, -34.32698844919760006, -56.81634359961039848 ) ) ;
#807 = CARTESIAN_POINT ( 'NONE',  ( -11.88178981772294485, 2.000000000000001776, -20.27493700921070996 ) ) ;
#808 = CARTESIAN_POINT ( 'NONE',  ( -22.60000000000054499, -36.99999999999999289, -62.00000000000000000 ) ) ;
#809 = VERTEX_POINT ( 'NONE', #61 ) ;
#810 = CARTESIAN_POINT ( 'NONE',  ( -30.00000000000122569, -7.999999999999992895, -23.49999999999944933 ) ) ;
#811 = CARTESIAN_POINT ( 'NONE',  ( -30.53772989196587773, -1.820657612673677317, -61.72506578895438878 ) ) ;
#812 = CARTESIAN_POINT ( 'NONE',  ( 29.12282276383794866, 0.000000000000000000, -53.46252894584286963 ) ) ;
#813 = EDGE_CURVE ( 'NONE', #1356, #238, #1176, .T. ) ;
#814 = ORIENTED_EDGE ( 'NONE', *, *, #921, .T. ) ;
#815 = EDGE_CURVE ( 'NONE', #1185, #725, #939, .T. ) ;
#816 = CALENDAR_DATE ( 2026, 20, 8 ) ;
#817 = CARTESIAN_POINT ( 'NONE',  ( 32.46994429644584557, 0.000000000000000000, -60.64045423630820864 ) ) ;
#818 = CARTESIAN_POINT ( 'NONE',  ( -30.00000000000122569, -7.999999999999992895, -23.49999999999944933 ) ) ;
#819 = CARTESIAN_POINT ( 'NONE',  ( -15.63620724640444415, -7.999999999999992895, -28.59128649127578825 ) ) ;
#820 = ORIENTED_EDGE ( 'NONE', *, *, #1341, .F. ) ;
#821 = AXIS2_PLACEMENT_3D ( 'NONE', #516, #524, #716 ) ;
#822 = AXIS2_PLACEMENT_3D ( 'NONE', #752, #957, #858 ) ;
#823 = CC_DESIGN_PERSON_AND_ORGANIZATION_ASSIGNMENT ( #1127, #80, ( #757 ) ) ;
#824 = DIRECTION ( 'NONE',  ( 0.000000000000000000, 0.000000000000000000, -1.000000000000000000 ) ) ;
#825 = DIRECTION ( 'NONE',  ( 0.000000000000000000, 1.000000000000000000, 0.000000000000000000 ) ) ;
#826 = LINE ( 'NONE', #1253, #412 ) ;
#827 = EDGE_LOOP ( 'NONE', ( #432, #147, #555, #44 ) ) ;
#828 = CARTESIAN_POINT ( 'NONE',  ( -21.99999999999996447, -38.99999999999999289, -62.00000000000000000 ) ) ;
#829 = APPROVAL_STATUS ( 'not_yet_approved' ) ;
#830 = CARTESIAN_POINT ( 'NONE',  ( 6.498741336449662676, -7.999999999999998224, -29.24233519796193903 ) ) ;
#831 = EDGE_CURVE ( 'NONE', #809, #1218, #1004, .T. ) ;
#832 = CYLINDRICAL_SURFACE ( 'NONE', #558, 21.50000000000000711 ) ;
#833 = LINE ( 'NONE', #1256, #714 ) ;
#834 = CARTESIAN_POINT ( 'NONE',  ( 1.268938312737485141, -5.999999999999996447, -27.73076923076922640 ) ) ;
#835 = VERTEX_POINT ( 'NONE', #1037 ) ;
#836 = CARTESIAN_POINT ( 'NONE',  ( -30.00000000000000000, -7.999999999999992895, -21.25000000000000000 ) ) ;
#837 = FACE_OUTER_BOUND ( 'NONE', #227, .T. ) ;
#838 = DIRECTION ( 'NONE',  ( 0.000000000000000000, 1.000000000000000000, 0.000000000000000000 ) ) ;
#839 = PLANE ( 'NONE',  #1222 ) ;
#840 = ORIENTED_EDGE ( 'NONE', *, *, #1112, .F. ) ;
#841 = VERTEX_POINT ( 'NONE', #413 ) ;
#842 = VECTOR ( 'NONE', #1259, 1000.000000000000227 ) ;
#843 = AXIS2_PLACEMENT_3D ( 'NONE', #90, #804, #824 ) ;
#844 = CARTESIAN_POINT ( 'NONE',  ( -32.01388082979491401, 0.000000000000000000, -60.92366760426783401 ) ) ;
#845 = EDGE_CURVE ( 'NONE', #1210, #1294, #24, .T. ) ;
#846 = CARTESIAN_POINT ( 'NONE',  ( -21.33424448340240787, -32.63052475015372522, -57.07252351252512312 ) ) ;
#847 = ORIENTED_EDGE ( 'NONE', *, *, #722, .T. ) ;
#848 = CARTESIAN_POINT ( 'NONE',  ( 29.05464516130044217, 0.000000000000000000, -62.00000000000108002 ) ) ;
#849 = DATE_AND_TIME ( #960, #615 ) ;
#850 = EDGE_LOOP ( 'NONE', ( #561, #930 ) ) ;
#851 =( NAMED_UNIT ( * ) SI_UNIT ( $, .STERADIAN. ) SOLID_ANGLE_UNIT ( ) );
#852 = LINE ( 'NONE', #1276, #335 ) ;
#853 = ORIENTED_EDGE ( 'NONE', *, *, #449, .T. ) ;
#854 = EDGE_CURVE ( 'NONE', #249, #347, #562, .T. ) ;
#855 = EDGE_LOOP ( 'NONE', ( #540, #1062, #102, #665 ) ) ;
#856 = EDGE_CURVE ( 'NONE', #1077, #160, #670, .T. ) ;
#857 = CARTESIAN_POINT ( 'NONE',  ( -25.44507005632665653, -22.97269737171507487, -58.53093454611254742 ) ) ;
#858 = DIRECTION ( 'NONE',  ( 0.000000000000000000, 0.000000000000000000, 1.000000000000000000 ) ) ;
#859 = CARTESIAN_POINT ( 'NONE',  ( -16.00000000000000000, -6.699816815909254153, -28.75000000000000355 ) ) ;
#860 = CARTESIAN_POINT ( 'NONE',  ( -23.99397557800344316, -21.76440404482832847, -58.71339673462446740 ) ) ;
#861 = ORIENTED_EDGE ( 'NONE', *, *, #572, .F. ) ;
#862 = CARTESIAN_POINT ( 'NONE',  ( -32.46994429644584557, 0.000000000000000000, -60.64045423630928155 ) ) ;
#863 = ORIENTED_EDGE ( 'NONE', *, *, #234, .F. ) ;
#864 = ADVANCED_FACE ( 'NONE', ( #106 ), #423, .T. ) ;
#865 = AXIS2_PLACEMENT_3D ( 'NONE', #282, #174, #1092 ) ;
#866 = CARTESIAN_POINT ( 'NONE',  ( 0.000000000000000000, 2.000000000000001776, 0.000000000000000000 ) ) ;
#867 = CARTESIAN_POINT ( 'NONE',  ( 30.71125843829471691, -0.9155613634415173951, -61.86174273549877967 ) ) ;
#868 = ORIENTED_EDGE ( 'NONE', *, *, #1296, .F. ) ;
#869 = CARTESIAN_POINT ( 'NONE',  ( 4.000000000000217604, -39.00000000000000711, -62.00000000000108002 ) ) ;
#870 = ORIENTED_EDGE ( 'NONE', *, *, #656, .T. ) ;
#871 = CARTESIAN_POINT ( 'NONE',  ( -29.12282276383739088, 0.000000000000000000, -53.46252894584392834 ) ) ;
#872 = EDGE_CURVE ( 'NONE', #1048, #1185, #833, .T. ) ;
#873 = B_SPLINE_CURVE_WITH_KNOTS ( 'NONE', 3,
 ( #1301, #771, #260, #673, #468, #884, #267, #681, #1100, #918 ),
 .UNSPECIFIED., .F., .F.,
 ( 4, 3, 3, 4 ),
 ( 3.469446951953614189E-18, 0.0003833364075419149462, 0.001935849612542204579, 0.004774507146391112657 ),
 .UNSPECIFIED. ) ;
#874 = B_SPLINE_SURFACE_WITH_KNOTS ( 'NONE', 3, 1, ( 
 ( #1291, #482 ),
 ( #142, #671 ),
 ( #252, #582 ),
 ( #789, #762 ),
 ( #272, #1207 ),
 ( #901, #1326 ),
 ( #1184, #689 ),
 ( #664, #1298 ),
 ( #1081, #1215 ),
 ( #1105, #1113 ),
 ( #997, #560 ),
 ( #361, #1005 ),
 ( #679, #173 ),
 ( #985, #784 ),
 ( #378, #882 ),
 ( #152, #777 ),
 ( #567, #453 ),
 ( #40, #876 ) ),
 .UNSPECIFIED., .F., .F., .F.,
 ( 4, 2, 2, 2, 2, 2, 2, 2, 4 ),
 ( 2, 2 ),
 ( 0.000000000000000000, 0.1250000000000000000, 0.2500000000000000000, 0.3750000000000000000, 0.5000000000000000000, 0.6250000000000000000, 0.7500000000000000000, 0.8750000000000000000, 1.000000000000000000 ),
 ( 0.000000000000000000, 1.000000000000000000 ),
 .UNSPECIFIED. ) ;
#875 = CARTESIAN_POINT ( 'NONE',  ( 29.06388193308384871, -0.6933703532512406342, -61.89529539782407852 ) ) ;
#876 = CARTESIAN_POINT ( 'NONE',  ( 12.38721510079495758, 0.000000000000000000, -17.57290249351628475 ) ) ;
#877 = CARTESIAN_POINT ( 'NONE',  ( -15.99999999999945999, -7.999999999999992895, -29.39270679994246294 ) ) ;
#878 = CARTESIAN_POINT ( 'NONE',  ( -22.64077365245218587, -34.43521833785333541, -56.79999999999893134 ) ) ;
#879 = ORIENTED_EDGE ( 'NONE', *, *, #676, .T. ) ;
#880 = CARTESIAN_POINT ( 'NONE',  ( -12.55779529795258220, -7.999999999999996447, -27.59406588077598599 ) ) ;
#881 = ADVANCED_FACE ( 'NONE', ( #235 ), #729, .T. ) ;
#882 = CARTESIAN_POINT ( 'NONE',  ( 8.716908855914079268, 0.000000000000000000, -19.68302870436730245 ) ) ;
#883 = VERTEX_POINT ( 'NONE', #1059 ) ;
#884 = CARTESIAN_POINT ( 'NONE',  ( -15.57013049926906767, -6.000000000000005329, -27.45973742465003653 ) ) ;
#885 = ORIENTED_EDGE ( 'NONE', *, *, #1128, .T. ) ;
#886 = PERSON ( 'æœª', 'æœª', 'æœª', ('æœª'), ('æœª'), ('æœª') ) ;
#887 = B_SPLINE_SURFACE_WITH_KNOTS ( 'NONE', 3, 1, ( 
 ( #266, #798 ),
 ( #1032, #92 ),
 ( #600, #202 ),
 ( #510, #1028 ),
 ( #1018, #87 ),
 ( #1354, #625 ) ),
 .UNSPECIFIED., .F., .F., .F.,
 ( 4, 2, 4 ),
 ( 2, 2 ),
 ( 0.000000000000000000, 0.5000000000000000000, 1.000000000000000000 ),
 ( 0.000000000000000000, 1.000000000000000000 ),
 .UNSPECIFIED. ) ;
#888 = FACE_BOUND ( 'NONE', #228, .T. ) ;
#889 = CARTESIAN_POINT ( 'NONE',  ( 26.65083453851128326, -10.89794442285378118, -60.35432113591263459 ) ) ;
#890 = AXIS2_PLACEMENT_3D ( 'NONE', #630, #606, #1143 ) ;
#891 = AXIS2_PLACEMENT_3D ( 'NONE', #170, #1205, #661 ) ;
#892 = CARTESIAN_POINT ( 'NONE',  ( 30.80354489974965659, 0.000000000000000000, -62.00000000000000000 ) ) ;
#893 = ORIENTED_EDGE ( 'NONE', *, *, #1142, .T. ) ;
#894 = FACE_OUTER_BOUND ( 'NONE', #643, .T. ) ;
#895 = ORGANIZATION ( 'æœª', 'æœª', '' ) ;
#896 = ADVANCED_FACE ( 'NONE', ( #837 ), #966, .F. ) ;
#897 = B_SPLINE_CURVE_WITH_KNOTS ( 'NONE', 3,
 ( #196, #1047, #528, #731, #951, #328, #1150, #107, #10, #834, #216, #1258, #636, #791, #764, #1202, #1217, #71 ),
 .UNSPECIFIED., .F., .F.,
 ( 4, 2, 2, 2, 2, 2, 2, 2, 4 ),
 ( 0.000000000000000000, 0.003667134940710726609, 0.007334269881421453217, 0.01100140482213217939, 0.01466853976284290643, 0.01833567470355363174, 0.02200280964426435878, 0.02566994458497508583, 0.02933707952568581287 ),
 .UNSPECIFIED. ) ;
#898 = CARTESIAN_POINT ( 'NONE',  ( 31.09233817481954532, 2.000000000000001776, -61.47209090778833485 ) ) ;
#899 = ORIENTED_EDGE ( 'NONE', *, *, #1043, .F. ) ;
#900 = PERSON_AND_ORGANIZATION_ROLE ( 'design_owner' ) ;
#901 = CARTESIAN_POINT ( 'NONE',  ( -9.999999999999817035, -39.00000000000000711, -62.00000000000000000 ) ) ;
#902 = LINE ( 'NONE', #1308, #396 ) ;
#903 = CARTESIAN_POINT ( 'NONE',  ( 32.46994429644584557, 0.000000000000000000, -60.64045423630820864 ) ) ;
#904 = ORIENTED_EDGE ( 'NONE', *, *, #796, .T. ) ;
#905 = EDGE_CURVE ( 'NONE', #138, #1292, #38, .T. ) ;
#906 = FACE_OUTER_BOUND ( 'NONE', #564, .T. ) ;
#907 = CARTESIAN_POINT ( 'NONE',  ( 32.01388082979492822, 2.000000000000001776, -60.92366760426783401 ) ) ;
#908 = CARTESIAN_POINT ( 'NONE',  ( -30.00000000000122569, -7.999999999999992895, -24.99999999999945999 ) ) ;
#909 = DIRECTION ( 'NONE',  ( 0.1927549664879890101, 0.6473420250422896594, 0.7374237760666262353 ) ) ;
#910 = ORIENTED_EDGE ( 'NONE', *, *, #1075, .T. ) ;
#911 = CARTESIAN_POINT ( 'NONE',  ( 12.38721510079496468, 2.000000000000001776, -17.57290249351628475 ) ) ;
#912 = EDGE_CURVE ( 'NONE', #765, #1074, #852, .T. ) ;
#913 = AXIS2_PLACEMENT_3D ( 'NONE', #505, #404, #709 ) ;
#914 = PLANE ( 'NONE',  #542 ) ;
#915 = LINE ( 'NONE', #817, #938 ) ;
#916 = CARTESIAN_POINT ( 'NONE',  ( 31.55465619724788695, 2.000000000000002220, -61.20089346649199058 ) ) ;
#917 = VECTOR ( 'NONE', #256, 1000.000000000000000 ) ;
#918 = CARTESIAN_POINT ( 'NONE',  ( -14.17379739298056940, -5.999999999999991118, -24.40784057143631358 ) ) ;
#919 = ORIENTED_EDGE ( 'NONE', *, *, #504, .F. ) ;
#920 = CC_DESIGN_SECURITY_CLASSIFICATION ( #984, ( #757 ) ) ;
#921 = EDGE_CURVE ( 'NONE', #760, #1048, #345, .T. ) ;
#922 = CARTESIAN_POINT ( 'NONE',  ( 32.46994429644584557, 0.000000000000000000, -60.64045423630820864 ) ) ;
#923 = CARTESIAN_POINT ( 'NONE',  ( 18.83333333333332860, -36.99999999999999289, -62.00000000000000000 ) ) ;
#924 = ORIENTED_EDGE ( 'NONE', *, *, #251, .F. ) ;
#925 = LINE ( 'NONE', #1134, #17 ) ;
#926 = LINE ( 'NONE', #1225, #122 ) ;
#927 = LINE ( 'NONE', #517, #148 ) ;
#928 = EDGE_CURVE ( 'NONE', #694, #551, #1155, .T. ) ;
#929 = CARTESIAN_POINT ( 'NONE',  ( -7.533333333333220416, -36.99999999999999289, -62.00000000000108002 ) ) ;
#930 = ORIENTED_EDGE ( 'NONE', *, *, #649, .F. ) ;
#931 = PERSON_AND_ORGANIZATION_ROLE ( 'classification_officer' ) ;
#932 = DIRECTION ( 'NONE',  ( 0.000000000000000000, 1.000000000000000000, 0.000000000000000000 ) ) ;
#933 = FACE_BOUND ( 'NONE', #132, .T. ) ;
#934 = CARTESIAN_POINT ( 'NONE',  ( -31.09233817482009243, 0.000000000000000000, -61.47209090778833485 ) ) ;
#935 = ORIENTED_EDGE ( 'NONE', *, *, #429, .T. ) ;
#936 = ADVANCED_FACE ( 'NONE', ( #581 ), #1001, .F. ) ;
#937 = DIRECTION ( 'NONE',  ( -1.000000000000000000, 0.000000000000000000, -2.478010769060217153E-16 ) ) ;
#938 = VECTOR ( 'NONE', #1130, 1000.000000000000114 ) ;
#939 = CIRCLE ( 'NONE', #289, 23.50000000000000711 ) ;
#940 = CARTESIAN_POINT ( 'NONE',  ( -1.029541786506493425E-18, -9.153770039230124667, -60.61770575295956576 ) ) ;
#941 = CARTESIAN_POINT ( 'NONE',  ( 15.99999999999945999, -7.999999999999992895, -29.39270679994298519 ) ) ;
#942 = CARTESIAN_POINT ( 'NONE',  ( 21.33424448340186430, -32.63052475015372522, -57.07252351252621025 ) ) ;
#943 = B_SPLINE_CURVE_WITH_KNOTS ( 'NONE', 3,
 ( #846, #1273, #860, #110, #641, #22, #338, #1283, #952, #1071, #11, #651, #218, #431, #1278, #638, #329, #131 ),
 .UNSPECIFIED., .F., .F.,
 ( 4, 2, 2, 2, 2, 2, 2, 2, 4 ),
 ( 0.000000000000000000, 0.01695990048317649185, 0.02543985072476473777, 0.02967982584555885900, 0.03179981340595592482, 0.03285980718615445079, 0.03338980407625372071, 0.03365480252130335220, 0.03391980096635298370 ),
 .UNSPECIFIED. ) ;
#944 = CARTESIAN_POINT ( 'NONE',  ( 12.38721510079495935, 0.000000000000000000, -17.57290249351627764 ) ) ;
#945 = CARTESIAN_POINT ( 'NONE',  ( 15.06666666666665577, -36.99999999999999289, -62.00000000000000000 ) ) ;
#946 = ORIENTED_EDGE ( 'NONE', *, *, #1353, .F. ) ;
#947 = PLANE ( 'NONE',  #1198 ) ;
#948 = CARTESIAN_POINT ( 'NONE',  ( -24.04294851163935220, -28.70396445865357649, -57.66546627581686124 ) ) ;
#949 = CARTESIAN_POINT ( 'NONE',  ( 7.548965677691851894, -34.08868118577844797, -56.85232994816844609 ) ) ;
#950 = CARTESIAN_POINT ( 'NONE',  ( 15.99999999999945999, -7.999999999999992895, -21.25000000000000000 ) ) ;
#951 = CARTESIAN_POINT ( 'NONE',  ( -8.671674534786509625, -5.999999999999994671, -26.54896492928445539 ) ) ;
#952 = CARTESIAN_POINT ( 'NONE',  ( -28.62561917773942000, -2.743253230591106817, -61.58574629441530845 ) ) ;
#953 = ORIENTED_EDGE ( 'NONE', *, *, #1234, .F. ) ;
#954 = CARTESIAN_POINT ( 'NONE',  ( -6.498741336449687545, -7.999999999999998224, -29.24233519796151981 ) ) ;
#955 = DIRECTION ( 'NONE',  ( 0.000000000000000000, 1.000000000000000000, 0.000000000000000000 ) ) ;
#956 = CARTESIAN_POINT ( 'NONE',  ( 15.63620724640425408, -8.000000000000007105, -28.59128649127604405 ) ) ;
#957 = DIRECTION ( 'NONE',  ( 0.000000000000000000, 1.000000000000000000, 0.000000000000000000 ) ) ;
#958 = ORIENTED_EDGE ( 'NONE', *, *, #706, .F. ) ;
#959 = CARTESIAN_POINT ( 'NONE',  ( -10.63722634258552624, 0.000000000000000000, -18.71511514033108270 ) ) ;
#960 = CALENDAR_DATE ( 2026, 20, 8 ) ;
#961 = ORIENTED_EDGE ( 'NONE', *, *, #112, .T. ) ;
#962 = CIRCLE ( 'NONE', #1314, 21.50000000000000711 ) ;
#963 = CARTESIAN_POINT ( 'NONE',  ( -2.626419787221106805, -7.999999999999998224, -29.73568288642504953 ) ) ;
#964 =( LENGTH_UNIT ( ) NAMED_UNIT ( * ) SI_UNIT ( .MILLI., .METRE. ) );
#965 = AXIS2_PLACEMENT_3D ( 'NONE', #515, #932, #1016 ) ;
#966 = PLANE ( 'NONE',  #1361 ) ;
#967 = ADVANCED_FACE ( 'NONE', ( #356, #888, #365 ), #59, .F. ) ;
#968 = VERTEX_POINT ( 'NONE', #1295 ) ;
#969 = ORIENTED_EDGE ( 'NONE', *, *, #1006, .T. ) ;
#970 = LINE ( 'NONE', #533, #1287 ) ;
#971 = CARTESIAN_POINT ( 'NONE',  ( -21.33424448340240787, -32.63052475015372522, -57.07252351252512312 ) ) ;
#972 = CARTESIAN_POINT ( 'NONE',  ( -15.99999999999945999, -7.999999999999992895, -62.00200000000108247 ) ) ;
#973 = ORIENTED_EDGE ( 'NONE', *, *, #813, .T. ) ;
#974 = CARTESIAN_POINT ( 'NONE',  ( 12.38721510079495758, 0.000000000000000000, -17.57290249351628475 ) ) ;
#975 = ORIENTED_EDGE ( 'NONE', *, *, #754, .T. ) ;
#976 = B_SPLINE_CURVE_WITH_KNOTS ( 'NONE', 3,
 ( #1263, #1045, #527, #384 ),
 .UNSPECIFIED., .F., .F.,
 ( 4, 4 ),
 ( 0.0007818976552824248236, 0.002232258183391832955 ),
 .UNSPECIFIED. ) ;
#977 = CARTESIAN_POINT ( 'NONE',  ( 29.62967353142184734, -5.773605018758703800, -61.12813835524480055 ) ) ;
#978 = EDGE_LOOP ( 'NONE', ( #1279, #490 ) ) ;
#979 = EDGE_CURVE ( 'NONE', #1055, #740, #677, .T. ) ;
#980 = EDGE_LOOP ( 'NONE', ( #305, #596, #445, #893 ) ) ;
#981 = VECTOR ( 'NONE', #779, 1000.000000000000000 ) ;
#982 = CIRCLE ( 'NONE', #802, 1.500000000000011768 ) ;
#983 = LINE ( 'NONE', #447, #397 ) ;
#984 = SECURITY_CLASSIFICATION ( '', '', #1135 ) ;
#985 = CARTESIAN_POINT ( 'NONE',  ( 14.00000000000015099, -38.99999999999999289, -62.00000000000108002 ) ) ;
#986 = ORIENTED_EDGE ( 'NONE', *, *, #299, .T. ) ;
#987 = CARTESIAN_POINT ( 'NONE',  ( -32.46994429644584557, 2.000000000000001776, -60.64045423630928155 ) ) ;
#988 = EDGE_LOOP ( 'NONE', ( #553, #1271, #1167, #355, #268, #1098, #136, #1041, #296 ) ) ;
#989 = EDGE_CURVE ( 'NONE', #1294, #285, #1182, .T. ) ;
#990 = CARTESIAN_POINT ( 'NONE',  ( 27.97390731061715741, -5.463345188199965285, -61.17499013074615988 ) ) ;
#991 = LINE ( 'NONE', #367, #633 ) ;
#992 = LINE ( 'NONE', #1299, #58 ) ;
#993 = CARTESIAN_POINT ( 'NONE',  ( 16.05305327802150472, -5.999999999999991118, -28.51749948706558868 ) ) ;
#994 = ORIENTED_EDGE ( 'NONE', *, *, #856, .F. ) ;
#995 = DIRECTION ( 'NONE',  ( -0.000000000000000000, -1.000000000000000000, 0.000000000000000000 ) ) ;
#996 = CARTESIAN_POINT ( 'NONE',  ( 0.000000000000000000, 2.000000000000001776, 0.000000000000000000 ) ) ;
#997 = CARTESIAN_POINT ( 'NONE',  ( 4.000000000000217604, -39.00000000000000711, -62.00000000000108002 ) ) ;
#998 = DIRECTION ( 'NONE',  ( -0.1927549664879931735, 0.6473420250422891042, 0.7374237760666256802 ) ) ;
#999 = PLANE ( 'NONE',  #1175 ) ;
#1000 = ORIENTED_EDGE ( 'NONE', *, *, #754, .F. ) ;
#1001 = CYLINDRICAL_SURFACE ( 'NONE', #1090, 1.500000000000011768 ) ;
#1002 = CARTESIAN_POINT ( 'NONE',  ( 29.03313079039041966, -0.8652062484850950863, -61.86934677027513629 ) ) ;
#1003 = EDGE_CURVE ( 'NONE', #1352, #155, #755, .T. ) ;
#1004 = CIRCLE ( 'NONE', #1131, 21.50000000000000355 ) ;
#1005 = CARTESIAN_POINT ( 'NONE',  ( 4.501611211901407117, 0.000000000000000000, -21.05374008154324272 ) ) ;
#1006 = EDGE_CURVE ( 'NONE', #749, #155, #707, .T. ) ;
#1007 = CARTESIAN_POINT ( 'NONE',  ( 22.64077365245272233, -34.43521833785333541, -56.80000000000001847 ) ) ;
#1008 = VERTEX_POINT ( 'NONE', #192 ) ;
#1009 = CARTESIAN_POINT ( 'NONE',  ( 28.46291706457110138, -3.423687704843369151, -61.48299511591551436 ) ) ;
#1010 = DIRECTION ( 'NONE',  ( -0.000000000000000000, -1.000000000000000000, 0.000000000000000000 ) ) ;
#1011 = CARTESIAN_POINT ( 'NONE',  ( -16.15913438488587062, -6.000000000000005329, -28.75000000000054001 ) ) ;
#1012 = CARTESIAN_POINT ( 'NONE',  ( 15.99999999999945999, -5.999999999999991118, -28.40125503746493507 ) ) ;
#1013 = ORIENTED_EDGE ( 'NONE', *, *, #36, .T. ) ;
#1014 = APPROVAL ( #713, 'æœª' ) ;
#1015 = CARTESIAN_POINT ( 'NONE',  ( -27.89058011530340409, 0.000000000000000000, -54.60589859135872359 ) ) ;
#1016 = DIRECTION ( 'NONE',  ( 0.000000000000000000, 0.000000000000000000, 1.000000000000000000 ) ) ;
#1017 = DIRECTION ( 'NONE',  ( -0.000000000000000000, -1.000000000000000000, 0.000000000000000000 ) ) ;
#1018 = CARTESIAN_POINT ( 'NONE',  ( 23.67577419355006896, -30.83333333333336412, -62.00000000000000000 ) ) ;
#1019 = EDGE_LOOP ( 'NONE', ( #899, #353, #483, #1275 ) ) ;
#1020 = ADVANCED_FACE ( 'NONE', ( #185 ), #81, .T. ) ;
#1021 = AXIS2_PLACEMENT_3D ( 'NONE', #304, #203, #627 ) ;
#1022 = CARTESIAN_POINT ( 'NONE',  ( -11.88178981772294485, 0.000000000000000000, -20.27493700921070996 ) ) ;
#1023 = AXIS2_PLACEMENT_3D ( 'NONE', #613, #1357, #206 ) ;
#1024 = CARTESIAN_POINT ( 'NONE',  ( -14.90725510608218052, -7.999999999999992895, -26.98906670516487694 ) ) ;
#1025 = ORIENTED_EDGE ( 'NONE', *, *, #221, .T. ) ;
#1026 = CARTESIAN_POINT ( 'NONE',  ( -31.09233817482009243, 0.000000000000000000, -61.47209090778833485 ) ) ;
#1027 = EDGE_CURVE ( 'NONE', #1236, #364, #1238, .T. ) ;
#1028 = CARTESIAN_POINT ( 'NONE',  ( 18.28530593675508342, 0.000000000000000000, -34.00732164206907271 ) ) ;
#1029 = CARTESIAN_POINT ( 'NONE',  ( -10.17326116445311435, 0.000000000000000000, -21.27619182674590093 ) ) ;
#1030 = ORIENTED_EDGE ( 'NONE', *, *, #815, .F. ) ;
#1031 = EDGE_CURVE ( 'NONE', #85, #841, #373, .T. ) ;
#1032 = CARTESIAN_POINT ( 'NONE',  ( 27.97887096775036042, -6.166666666666695384, -62.00000000000000000 ) ) ;
#1033 = DIRECTION ( 'NONE',  ( -1.000000000000000000, 0.000000000000000000, 0.000000000000000000 ) ) ;
#1034 = ORIENTED_EDGE ( 'NONE', *, *, #1006, .F. ) ;
#1035 = CARTESIAN_POINT ( 'NONE',  ( 30.80354489974966015, -1.249000902703301108E-13, -62.00000000000000000 ) ) ;
#1036 = CARTESIAN_POINT ( 'NONE',  ( -12.38721510079495580, 0.000000000000000000, -17.57290249351575184 ) ) ;
#1037 = CARTESIAN_POINT ( 'NONE',  ( -16.00000000000000000, -7.999999999999992895, -28.74999999999999645 ) ) ;
#1038 = CARTESIAN_POINT ( 'NONE',  ( 31.09233817481955242, 0.000000000000000000, -61.47209090778834195 ) ) ;
#1039 = DIRECTION ( 'NONE',  ( 1.000000000000000000, 0.000000000000000000, -1.651714247145885962E-20 ) ) ;
#1040 = CARTESIAN_POINT ( 'NONE',  ( 10.17326116445339323, 0.000000000000000000, -21.27619182674643028 ) ) ;
#1041 = ORIENTED_EDGE ( 'NONE', *, *, #459, .F. ) ;
#1042 = AXIS2_PLACEMENT_3D ( 'NONE', #617, #1245, #318 ) ;
#1043 = EDGE_CURVE ( 'NONE', #1195, #1236, #310, .T. ) ;
#1044 = CARTESIAN_POINT ( 'NONE',  ( -31.09233817482009243, 0.000000000000000000, -61.47209090778833485 ) ) ;
#1045 = CARTESIAN_POINT ( 'NONE',  ( -15.99999999999945999, -7.132765578824553643, -28.96513475391938641 ) ) ;
#1046 = DIRECTION ( 'NONE',  ( 0.000000000000000000, 0.000000000000000000, 1.000000000000000000 ) ) ;
#1047 = CARTESIAN_POINT ( 'NONE',  ( -13.15218959499089024, -5.999999999999994671, -24.91108269352556093 ) ) ;
#1048 = VERTEX_POINT ( 'NONE', #95 ) ;
#1049 = COORDINATED_UNIVERSAL_TIME_OFFSET ( 8, 0, .AHEAD. ) ;
#1050 = EDGE_CURVE ( 'NONE', #160, #739, #547, .T. ) ;
#1051 = CARTESIAN_POINT ( 'NONE',  ( -1.313245081662394620, -7.999999999999998224, -29.80769230769188027 ) ) ;
#1052 = B_SPLINE_CURVE_WITH_KNOTS ( 'NONE', 3,
 ( #741, #1163, #1149, #427, #68, #332, #949, #179, #806, #522 ),
 .UNSPECIFIED., .F., .F.,
 ( 4, 2, 2, 2, 4 ),
 ( 0.000000000000000000, 0.01132284581942843288, 0.02264569163885686576, 0.03396853745828529864, 0.04529138327771373151 ),
 .UNSPECIFIED. ) ;
#1053 = CARTESIAN_POINT ( 'NONE',  ( 30.00000000000000000, -6.000000000000005329, -21.25000000000000000 ) ) ;
#1054 = CARTESIAN_POINT ( 'NONE',  ( -7.112917367264746993, -32.34257486675807058, -57.11600630328317862 ) ) ;
#1055 = VERTEX_POINT ( 'NONE', #1066 ) ;
#1056 = ORIENTED_EDGE ( 'NONE', *, *, #872, .T. ) ;
#1057 =( NAMED_UNIT ( * ) PLANE_ANGLE_UNIT ( ) SI_UNIT ( $, .RADIAN. ) );
#1058 = ADVANCED_FACE ( 'NONE', ( #324 ), #947, .T. ) ;
#1059 = CARTESIAN_POINT ( 'NONE',  ( 31.09233817481954532, 0.000000000000000000, -61.47209090778833485 ) ) ;
#1060 = DIRECTION ( 'NONE',  ( -0.000000000000000000, -1.000000000000000000, 0.000000000000000000 ) ) ;
#1061 =( BOUNDED_CURVE ( )  B_SPLINE_CURVE ( 3, ( #685, #1106, #790, #164 ),
 .UNSPECIFIED., .F., .T. ) 
 B_SPLINE_CURVE_WITH_KNOTS ( ( 4, 4 ),
 ( 0.4987676252539655075, 0.5230649295802145549 ),
 .UNSPECIFIED. ) 
 CURVE ( )  GEOMETRIC_REPRESENTATION_ITEM ( )  RATIONAL_B_SPLINE_CURVE ( ( 1.000000000000000000, 0.9999508040219460270, 0.9999508040219460270, 1.000000000000000000 ) ) 
 REPRESENTATION_ITEM ( '' )  );
#1062 = ORIENTED_EDGE ( 'NONE', *, *, #544, .T. ) ;
#1063 = CALENDAR_DATE ( 2026, 20, 8 ) ;
#1064 = ORIENTED_EDGE ( 'NONE', *, *, #103, .F. ) ;
#1065 = AXIS2_PLACEMENT_3D ( 'NONE', #1183, #678, #279 ) ;
#1066 = CARTESIAN_POINT ( 'NONE',  ( -12.38721510079495047, 2.000000000000001776, -17.57290249351575184 ) ) ;
#1067 = B_SPLINE_CURVE_WITH_KNOTS ( 'NONE', 3,
 ( #178, #96, #508, #76, #623, #701, #811, #1243, #308, #91, #30, #655, #230, #857, #948, #224 ),
 .UNSPECIFIED., .F., .F.,
 ( 4, 2, 2, 2, 2, 2, 2, 4 ),
 ( 0.000000000000000000, 0.0005581710605835311315, 0.001116342121167062697, 0.002232684242334130598, 0.004465368484668262930, 0.008930736969336531064, 0.01786147393867306907, 0.03572294787734613813 ),
 .UNSPECIFIED. ) ;
#1068 = CARTESIAN_POINT ( 'NONE',  ( -16.15913438488587062, -6.000000000000005329, -28.75000000000054001 ) ) ;
#1069 = CC_DESIGN_DATE_AND_TIME_ASSIGNMENT ( #74, #507, ( #184 ) ) ;
#1070 = B_SPLINE_CURVE_WITH_KNOTS ( 'NONE', 3,
 ( #1096, #39, #783, #1109, #668, #875, #1002, #1317, #592, #1332, #1009, #990, #488, #889, #162, #377, #1297, #359 ),
 .UNSPECIFIED., .F., .F.,
 ( 4, 2, 2, 2, 2, 2, 2, 2, 4 ),
 ( 0.000000000000000000, 0.0002645305259728668399, 0.0005290610519457337882, 0.001058122103891468877, 0.002116244207782944260, 0.004232488415565893725, 0.008464976831131799592, 0.01692995366226360612, 0.03385990732452721225 ),
 .UNSPECIFIED. ) ;
#1071 = CARTESIAN_POINT ( 'NONE',  ( -28.85808471913769679, -1.720630974493238430, -61.74017063055677568 ) ) ;
#1072 = ORIENTED_EDGE ( 'NONE', *, *, #928, .F. ) ;
#1073 = CARTESIAN_POINT ( 'NONE',  ( 24.00000000000054001, -38.99999999999999289, -62.00000000000108002 ) ) ;
#1074 = VERTEX_POINT ( 'NONE', #1044 ) ;
#1075 = EDGE_CURVE ( 'NONE', #648, #1203, #207, .T. ) ;
#1076 = CARTESIAN_POINT ( 'NONE',  ( 27.54351267277632687, -14.37460195036125121, -59.82931737477295542 ) ) ;
#1077 = VERTEX_POINT ( 'NONE', #660 ) ;
#1078 = ORIENTED_EDGE ( 'NONE', *, *, #299, .F. ) ;
#1079 = DIRECTION ( 'NONE',  ( 0.1887412274754877162, 0.6515477209189471930, 0.7347532350499532683 ) ) ;
#1080 = FACE_OUTER_BOUND ( 'NONE', #343, .T. ) ;
#1081 = CARTESIAN_POINT ( 'NONE',  ( -1.999999999999710010, -39.00000000000000711, -62.00000000000000000 ) ) ;
#1082 = B_SPLINE_SURFACE_WITH_KNOTS ( 'NONE', 3, 1, ( 
 ( #212, #1226 ),
 ( #923, #1040 ),
 ( #945, #1247 ),
 ( #401, #295 ),
 ( #394, #699 ),
 ( #1119, #619 ),
 ( #929, #182 ),
 ( #602, #497 ),
 ( #1345, #1029 ),
 ( #808, #1235 ) ),
 .UNSPECIFIED., .F., .F., .F.,
 ( 4, 2, 2, 2, 4 ),
 ( 2, 2 ),
 ( 0.000000000000000000, 0.2500000000000000000, 0.5000000000000000000, 0.7500000000000000000, 1.000000000000000000 ),
 ( 0.000000000000000000, 1.000000000000000000 ),
 .UNSPECIFIED. ) ;
#1083 = CARTESIAN_POINT ( 'NONE',  ( -30.00000000000122569, -7.999999999999992895, -24.99999999999945999 ) ) ;
#1084 = CARTESIAN_POINT ( 'NONE',  ( 30.00000000000000000, -6.000000000000005329, -26.49999999999946354 ) ) ;
#1085 = ORIENTED_EDGE ( 'NONE', *, *, #471, .T. ) ;
#1086 = ADVANCED_FACE ( 'NONE', ( #1087 ), #402, .T. ) ;
#1087 = FACE_OUTER_BOUND ( 'NONE', #546, .T. ) ;
#1088 = B_SPLINE_CURVE_WITH_KNOTS ( 'NONE', 3,
 ( #1355, #608, #718, #1024, #410, #819, #1139 ),
 .UNSPECIFIED., .F., .F.,
 ( 4, 3, 4 ),
 ( 0.000000000000000000, 0.0003328382724200078442, 0.002973213073485717235 ),
 .UNSPECIFIED. ) ;
#1089 = CIRCLE ( 'NONE', #500, 23.50000000000000711 ) ;
#1090 = AXIS2_PLACEMENT_3D ( 'NONE', #139, #573, #1305 ) ;
#1091 = DIRECTION ( 'NONE',  ( -0.000000000000000000, -1.000000000000000000, 0.000000000000000000 ) ) ;
#1092 = DIRECTION ( 'NONE',  ( -1.000000000000000000, 0.000000000000000000, -2.478175940484931249E-16 ) ) ;
#1093 = CARTESIAN_POINT ( 'NONE',  ( 15.99999999999958433, -38.99999999999999289, -62.00000000000000000 ) ) ;
#1094 = ORIENTED_EDGE ( 'NONE', *, *, #854, .F. ) ;
#1095 = CARTESIAN_POINT ( 'NONE',  ( -12.38721510079495047, 2.000000000000001776, -17.57290249351575184 ) ) ;
#1096 = CARTESIAN_POINT ( 'NONE',  ( 29.05464516130038177, 0.000000000000000000, -62.00000000000110134 ) ) ;
#1097 = DIRECTION ( 'NONE',  ( -0.1887412274754875219, 0.6515477209189471930, 0.7347532350499533793 ) ) ;
#1098 = ORIENTED_EDGE ( 'NONE', *, *, #383, .F. ) ;
#1099 = CARTESIAN_POINT ( 'NONE',  ( 2.000000000000154987, -39.00000000000000711, -62.00000000000000000 ) ) ;
#1100 = CARTESIAN_POINT ( 'NONE',  ( -14.56789946954530635, -5.999999999999991118, -25.26808129462258279 ) ) ;
#1101 = ORIENTED_EDGE ( 'NONE', *, *, #1, .F. ) ;
#1102 =( BOUNDED_CURVE ( )  B_SPLINE_CURVE ( 3, ( #738, #1164, #115, #108 ),
 .UNSPECIFIED., .F., .T. ) 
 B_SPLINE_CURVE_WITH_KNOTS ( ( 4, 4 ),
 ( 0.4987676252539581245, 0.5230649295802223264 ),
 .UNSPECIFIED. ) 
 CURVE ( )  GEOMETRIC_REPRESENTATION_ITEM ( )  RATIONAL_B_SPLINE_CURVE ( ( 1.000000000000000000, 0.9999508040219460270, 0.9999508040219460270, 1.000000000000000000 ) ) 
 REPRESENTATION_ITEM ( '' )  );
#1103 = DIRECTION ( 'NONE',  ( 0.000000000000000000, 0.000000000000000000, -1.000000000000000000 ) ) ;
#1104 = ADVANCED_FACE ( 'NONE', ( #57 ), #1230, .T. ) ;
#1105 = CARTESIAN_POINT ( 'NONE',  ( 2.000000000000154987, -39.00000000000000711, -62.00000000000000000 ) ) ;
#1106 = CARTESIAN_POINT ( 'NONE',  ( -31.55465619724801130, 2.000000000000001776, -61.20089346649190531 ) ) ;
#1107 = CARTESIAN_POINT ( 'NONE',  ( 14.78344100860081944, -6.000000000000005329, -25.73856247312815171 ) ) ;
#1108 = ORIENTED_EDGE ( 'NONE', *, *, #722, .F. ) ;
#1109 = CARTESIAN_POINT ( 'NONE',  ( 29.10010358364326777, -0.3460705111503565301, -61.94774051843305784 ) ) ;
#1110 = VECTOR ( 'NONE', #697, 1000.000000000000000 ) ;
#1111 = AXIS2_PLACEMENT_3D ( 'NONE', #866, #1060, #21 ) ;
#1112 = EDGE_CURVE ( 'NONE', #1077, #694, #925, .T. ) ;
#1113 = CARTESIAN_POINT ( 'NONE',  ( 1.136018005962454280, 0.000000000000000000, -21.50000000000000000 ) ) ;
#1114 = FACE_OUTER_BOUND ( 'NONE', #652, .T. ) ;
#1115 = DIRECTION ( 'NONE',  ( -0.4226182617407008846, 0.000000000000000000, 0.9063077870366492705 ) ) ;
#1116 = ORIENTED_EDGE ( 'NONE', *, *, #1, .T. ) ;
#1117 = DIRECTION ( 'NONE',  ( 0.000000000000000000, 0.000000000000000000, 1.000000000000000000 ) ) ;
#1118 = LINE ( 'NONE', #1038, #1110 ) ;
#1119 = CARTESIAN_POINT ( 'NONE',  ( -3.766666666666690588, -36.99999999999999289, -62.00000000000000000 ) ) ;
#1120 = ORIENTED_EDGE ( 'NONE', *, *, #989, .T. ) ;
#1121 = PERSON_AND_ORGANIZATION_ROLE ( 'creator' ) ;
#1122 = CARTESIAN_POINT ( 'NONE',  ( -32.46994429644583846, 2.000000000000001776, -60.64045423630819442 ) ) ;
#1123 = CARTESIAN_POINT ( 'NONE',  ( 29.66962074979038988, -6.499999999999992006, -62.00000000000000000 ) ) ;
#1124 = CARTESIAN_POINT ( 'NONE',  ( 32.01388082979492111, 2.000000000000002220, -60.92366760426783401 ) ) ;
#1125 = DIRECTION ( 'NONE',  ( 0.000000000000000000, 1.000000000000000000, 0.000000000000000000 ) ) ;
#1126 = ORIENTED_EDGE ( 'NONE', *, *, #683, .F. ) ;
#1127 = PERSON_AND_ORGANIZATION ( #886, #895 ) ;
#1128 = EDGE_CURVE ( 'NONE', #1008, #454, #646, .T. ) ;
#1129 = CIRCLE ( 'NONE', #890, 21.50000000000000355 ) ;
#1130 = DIRECTION ( 'NONE',  ( 0.4226182617407008846, 0.000000000000000000, -0.9063077870366492705 ) ) ;
#1131 = AXIS2_PLACEMENT_3D ( 'NONE', #271, #481, #1358 ) ;
#1132 = LINE ( 'NONE', #511, #475 ) ;
#1133 = ORIENTED_EDGE ( 'NONE', *, *, #698, .T. ) ;
#1134 = CARTESIAN_POINT ( 'NONE',  ( 30.00000000000000000, -7.999999999999992895, -21.25000000000000000 ) ) ;
#1135 = SECURITY_CLASSIFICATION_LEVEL ( 'unclassified' ) ;
#1136 = CARTESIAN_POINT ( 'NONE',  ( -30.00000000000000000, -7.999999999999992895, -21.25000000000000000 ) ) ;
#1137 = EDGE_CURVE ( 'NONE', #835, #519, #390, .T. ) ;
#1138 = CARTESIAN_POINT ( 'NONE',  ( 0.000000000000000000, 2.000000000000001776, -21.50000000000000711 ) ) ;
#1139 = CARTESIAN_POINT ( 'NONE',  ( -15.99999999999945999, -7.999999999999992895, -29.39270679994246294 ) ) ;
#1140 = ORIENTED_EDGE ( 'NONE', *, *, #912, .T. ) ;
#1141 = DIRECTION ( 'NONE',  ( 0.4226182617407008846, 0.000000000000000000, -0.9063077870366492705 ) ) ;
#1142 = EDGE_CURVE ( 'NONE', #28, #883, #720, .T. ) ;
#1143 = DIRECTION ( 'NONE',  ( 0.000000000000000000, 0.000000000000000000, 1.000000000000000000 ) ) ;
#1144 = DIRECTION ( 'NONE',  ( -0.000000000000000000, -1.000000000000000000, 0.000000000000000000 ) ) ;
#1145 = ORIENTED_EDGE ( 'NONE', *, *, #656, .F. ) ;
#1146 = CARTESIAN_POINT ( 'NONE',  ( -19.99999999999993250, -38.99999999999999289, -62.00000000000000000 ) ) ;
#1147 = DIRECTION ( 'NONE',  ( -1.000000000000000000, 0.000000000000000000, 2.478341111909646330E-16 ) ) ;
#1148 = CARTESIAN_POINT ( 'NONE',  ( -30.00000000000000000, -6.000000000000005329, -28.75000000000054357 ) ) ;
#1149 = CARTESIAN_POINT ( 'NONE',  ( -15.09506648431218956, -34.22836228369592959, -56.83123695836813738 ) ) ;
#1150 = CARTESIAN_POINT ( 'NONE',  ( -5.039824871608802326, -5.999999999999996447, -27.35316468438290372 ) ) ;
#1151 = ADVANCED_FACE ( 'NONE', ( #531 ), #186, .T. ) ;
#1152 = CARTESIAN_POINT ( 'NONE',  ( 25.44507850179819286, -22.97266287524499617, -58.53093975536202720 ) ) ;
#1153 = VERTEX_POINT ( 'NONE', #862 ) ;
#1154 = VECTOR ( 'NONE', #1318, 1000.000000000000114 ) ;
#1155 = CIRCLE ( 'NONE', #891, 3.750000000000000000 ) ;
#1156 = CARTESIAN_POINT ( 'NONE',  ( 14.76932482370902733, -7.999999999999992895, -26.68615326407650556 ) ) ;
#1157 = CARTESIAN_POINT ( 'NONE',  ( -16.10585026600551473, -6.233217721920161658, -28.75000000000054001 ) ) ;
#1158 = ADVANCED_FACE ( 'NONE', ( #197 ), #618, .T. ) ;
#1159 = CARTESIAN_POINT ( 'NONE',  ( 28.24280501740163629, -11.50853317254455277, -60.26211723387135777 ) ) ;
#1160 = EDGE_LOOP ( 'NONE', ( #127, #751, #1120, #512, #1030 ) ) ;
#1161 = ORIENTED_EDGE ( 'NONE', *, *, #1050, .F. ) ;
#1162 = DIRECTION ( 'NONE',  ( 0.000000000000000000, 0.9887896295468250329, -0.1493153324366003898 ) ) ;
#1163 = CARTESIAN_POINT ( 'NONE',  ( -18.86803848372745662, -34.32698321419894683, -56.81634439013698312 ) ) ;
#1164 = CARTESIAN_POINT ( 'NONE',  ( -31.55465619724787985, 0.000000000000000000, -61.20089346649198347 ) ) ;
#1165 = ORIENTED_EDGE ( 'NONE', *, *, #1251, .T. ) ;
#1166 = CARTESIAN_POINT ( 'NONE',  ( -24.00000000000054001, -38.99999999999999289, -62.00000000000000000 ) ) ;
#1167 = ORIENTED_EDGE ( 'NONE', *, *, #624, .T. ) ;
#1168 = ADVANCED_FACE ( 'NONE', ( #894 ), #323, .F. ) ;
#1169 = DIRECTION ( 'NONE',  ( -0.4226182617407003295, 0.000000000000000000, 0.9063077870366496036 ) ) ;
#1170 = DIRECTION ( 'NONE',  ( 0.9063077870366496036, 0.000000000000000000, 0.4226182617407003295 ) ) ;
#1171 = FACE_OUTER_BOUND ( 'NONE', #801, .T. ) ;
#1172 = ORIENTED_EDGE ( 'NONE', *, *, #698, .F. ) ;
#1173 = CARTESIAN_POINT ( 'NONE',  ( 7.702888086565911507, 0.000000000000000000, -20.10332218915381119 ) ) ;
#1174 = SHAPE_DEFINITION_REPRESENTATION ( #1347, #548 ) ;
#1175 = AXIS2_PLACEMENT_3D ( 'NONE', #1209, #284, #1115 ) ;
#1176 = CIRCLE ( 'NONE', #776, 23.50000000000000711 ) ;
#1177 = ADVANCED_FACE ( 'NONE', ( #491 ), #294, .F. ) ;
#1178 = DIRECTION ( 'NONE',  ( 0.000000000000000000, 1.000000000000000000, 0.000000000000000000 ) ) ;
#1179 = ORIENTED_EDGE ( 'NONE', *, *, #130, .F. ) ;
#1180 = CARTESIAN_POINT ( 'NONE',  ( -1.136018005962442512, 0.000000000000000000, -21.49999999999946354 ) ) ;
#1181 = EDGE_LOOP ( 'NONE', ( #434, #879, #1336, #66, #143, #41, #814, #1133, #973, #219 ) ) ;
#1182 = LINE ( 'NONE', #782, #83 ) ;
#1183 = CARTESIAN_POINT ( 'NONE',  ( 30.00000000000000000, -6.000000000000005329, -24.99999999999945999 ) ) ;
#1184 = CARTESIAN_POINT ( 'NONE',  ( -7.999999999999531930, -39.00000000000000711, -62.00000000000108002 ) ) ;
#1185 = VERTEX_POINT ( 'NONE', #400 ) ;
#1186 = CARTESIAN_POINT ( 'NONE',  ( 4.501611211901407117, 0.000000000000000000, -21.05374008154324272 ) ) ;
#1187 = DIRECTION ( 'NONE',  ( 0.000000000000000000, 0.000000000000000000, 1.000000000000000000 ) ) ;
#1188 = ORIENTED_EDGE ( 'NONE', *, *, #831, .T. ) ;
#1189 = CARTESIAN_POINT ( 'NONE',  ( -13.68842052862780534, -7.999999999999996447, -27.15889586361492292 ) ) ;
#1190 = CARTESIAN_POINT ( 'NONE',  ( 12.38721510079496468, 2.000000000000001776, -17.57290249351628475 ) ) ;
#1191 = CARTESIAN_POINT ( 'NONE',  ( 30.78785685988761855, -0.3689872619994117864, -61.94427990136232864 ) ) ;
#1192 = DIRECTION ( 'NONE',  ( -1.000000000000000000, 0.000000000000000000, 2.478341111909646330E-16 ) ) ;
#1193 = CARTESIAN_POINT ( 'NONE',  ( 14.00000000000015099, -38.99999999999999289, -62.00000000000108002 ) ) ;
#1194 = LINE ( 'NONE', #693, #237 ) ;
#1195 = VERTEX_POINT ( 'NONE', #626 ) ;
#1196 = VECTOR ( 'NONE', #1333, 1000.000000000000000 ) ;
#1197 = CARTESIAN_POINT ( 'NONE',  ( 30.00000000000000000, -7.999999999999992895, -24.99999999999945999 ) ) ;
#1198 = AXIS2_PLACEMENT_3D ( 'NONE', #940, #19, #1162 ) ;
#1199 = DIRECTION ( 'NONE',  ( 0.000000000000000000, 1.000000000000000000, 0.000000000000000000 ) ) ;
#1200 = LINE ( 'NONE', #265, #799 ) ;
#1201 = DIRECTION ( 'NONE',  ( 0.000000000000000000, 1.000000000000000000, 0.000000000000000000 ) ) ;
#1202 = CARTESIAN_POINT ( 'NONE',  ( 12.07765305911062015, -5.999999999999994671, -25.37432819566520692 ) ) ;
#1203 = VERTEX_POINT ( 'NONE', #416 ) ;
#1204 = EDGE_CURVE ( 'NONE', #1074, #1153, #1102, .T. ) ;
#1205 = DIRECTION ( 'NONE',  ( 0.000000000000000000, 1.000000000000000000, 0.000000000000000000 ) ) ;
#1206 = DIRECTION ( 'NONE',  ( 0.000000000000000000, 0.000000000000000000, 1.000000000000000000 ) ) ;
#1207 = CARTESIAN_POINT ( 'NONE',  ( -7.702888086565900849, 0.000000000000000000, -20.10332218915436187 ) ) ;
#1208 = DIRECTION ( 'NONE',  ( 0.000000000000000000, 1.000000000000000000, 0.000000000000000000 ) ) ;
#1209 = CARTESIAN_POINT ( 'NONE',  ( 12.38721510079496468, 2.000000000000001776, -17.57290249351628475 ) ) ;
#1210 = VERTEX_POINT ( 'NONE', #537 ) ;
#1211 = CARTESIAN_POINT ( 'NONE',  ( -24.75154838710014715, -24.66666666666662877, -62.00000000000000000 ) ) ;
#1212 = PERSON_AND_ORGANIZATION ( #886, #895 ) ;
#1213 = EDGE_CURVE ( 'NONE', #1236, #1195, #635, .T. ) ;
#1214 = CARTESIAN_POINT ( 'NONE',  ( -29.05464516130044217, 0.000000000000000000, -62.00000000000000000 ) ) ;
#1215 = CARTESIAN_POINT ( 'NONE',  ( -1.136018005962442512, 0.000000000000000000, -21.49999999999946354 ) ) ;
#1216 = CARTESIAN_POINT ( 'NONE',  ( 29.05464516130038177, 0.000000000000000000, -62.00000000000110134 ) ) ;
#1217 = CARTESIAN_POINT ( 'NONE',  ( 13.15218959499122420, -5.999999999999994671, -24.91108269352601923 ) ) ;
#1218 = VERTEX_POINT ( 'NONE', #336 ) ;
#1219 = DIRECTION ( 'NONE',  ( 0.000000000000000000, 1.000000000000000000, 0.000000000000000000 ) ) ;
#1220 = EDGE_CURVE ( 'NONE', #155, #694, #927, .T. ) ;
#1221 = CARTESIAN_POINT ( 'NONE',  ( 14.22378598736234956, -32.45642298105414625, -57.09881430558675675 ) ) ;
#1222 = AXIS2_PLACEMENT_3D ( 'NONE', #972, #1268, #352 ) ;
#1223 = AXIS2_PLACEMENT_3D ( 'NONE', #1197, #375, #278 ) ;
#1224 = CARTESIAN_POINT ( 'NONE',  ( 14.81530794932195505, -7.999999999999992895, -26.78712151267035679 ) ) ;
#1225 = CARTESIAN_POINT ( 'NONE',  ( 0.000000000000000000, 2.000000000000001776, -21.50000000000000711 ) ) ;
#1226 = CARTESIAN_POINT ( 'NONE',  ( 11.88178981772268727, 0.000000000000000000, -20.27493700921015929 ) ) ;
#1227 = EDGE_LOOP ( 'NONE', ( #242, #958, #919, #133, #1126, #33, #1161, #994, #953, #530 ) ) ;
#1228 = CARTESIAN_POINT ( 'NONE',  ( -30.00000000000000000, -7.999999999999992895, -28.75000000000054357 ) ) ;
#1229 = PERSON_AND_ORGANIZATION ( #886, #895 ) ;
#1230 = B_SPLINE_SURFACE_WITH_KNOTS ( 'NONE', 3, 1, ( 
 ( #480, #1242 ),
 ( #190, #306 ),
 ( #1211, #200 ),
 ( #610, #604 ),
 ( #621, #1015 ),
 ( #499, #1026 ) ),
 .UNSPECIFIED., .F., .F., .F.,
 ( 4, 2, 4 ),
 ( 2, 2 ),
 ( 0.000000000000000000, 0.5000000000000000000, 1.000000000000000000 ),
 ( 0.000000000000000000, 1.000000000000000000 ),
 .UNSPECIFIED. ) ;
#1231 = CARTESIAN_POINT ( 'NONE',  ( -30.80354489974911658, -1.249000902703301108E-13, -62.00000000000000000 ) ) ;
#1232 = FACE_OUTER_BOUND ( 'NONE', #6, .T. ) ;
#1233 = PLANE ( 'NONE',  #286 ) ;
#1234 = EDGE_CURVE ( 'NONE', #749, #1077, #15, .T. ) ;
#1235 = CARTESIAN_POINT ( 'NONE',  ( -11.88178981772294485, 0.000000000000000000, -20.27493700921070996 ) ) ;
#1236 = VERTEX_POINT ( 'NONE', #818 ) ;
#1237 = PERSON_AND_ORGANIZATION ( #886, #895 ) ;
#1238 = LINE ( 'NONE', #810, #195 ) ;
#1239 = LINE ( 'NONE', #4, #521 ) ;
#1240 = CYLINDRICAL_SURFACE ( 'NONE', #1021, 1.500000000000004885 ) ;
#1241 = ORIENTED_EDGE ( 'NONE', *, *, #1250, .F. ) ;
#1242 = CARTESIAN_POINT ( 'NONE',  ( -11.88178981772294840, 0.000000000000000000, -20.27493700921070996 ) ) ;
#1243 = CARTESIAN_POINT ( 'NONE',  ( -30.30339205017629212, -2.901589777734207676, -61.56183617899032612 ) ) ;
#1244 = AXIS2_PLACEMENT_3D ( 'NONE', #300, #88, #704 ) ;
#1245 = DIRECTION ( 'NONE',  ( 0.000000000000000000, 1.000000000000000000, 0.000000000000000000 ) ) ;
#1246 = VECTOR ( 'NONE', #208, 1000.000000000000227 ) ;
#1247 = CARTESIAN_POINT ( 'NONE',  ( 8.275450402106651282, 0.000000000000000000, -22.09356432468513631 ) ) ;
#1248 = ORIENTED_EDGE ( 'NONE', *, *, #112, .F. ) ;
#1249 = COORDINATED_UNIVERSAL_TIME_OFFSET ( 8, 0, .AHEAD. ) ;
#1250 = EDGE_CURVE ( 'NONE', #285, #1074, #717, .T. ) ;
#1251 = EDGE_CURVE ( 'NONE', #364, #968, #982, .T. ) ;
#1252 = FACE_OUTER_BOUND ( 'NONE', #827, .T. ) ;
#1253 = CARTESIAN_POINT ( 'NONE',  ( -29.05464516130044217, 0.000000000000000000, -62.00000000000000000 ) ) ;
#1254 = ORIENTED_EDGE ( 'NONE', *, *, #465, .T. ) ;
#1255 = CARTESIAN_POINT ( 'NONE',  ( -15.99999999999945999, -7.999999999999992895, -62.00200000000108247 ) ) ;
#1256 = CARTESIAN_POINT ( 'NONE',  ( 11.88178981772268727, 2.000000000000001776, -20.27493700921015929 ) ) ;
#1257 = EDGE_CURVE ( 'NONE', #138, #1352, #983, .T. ) ;
#1258 = CARTESIAN_POINT ( 'NONE',  ( 5.039824871608871604, -5.999999999999996447, -27.35316468438273674 ) ) ;
#1259 = DIRECTION ( 'NONE',  ( 0.4226182617406945008, 0.000000000000000000, 0.9063077870366521571 ) ) ;
#1260 = ORIENTED_EDGE ( 'NONE', *, *, #234, .T. ) ;
#1261 = CARTESIAN_POINT ( 'NONE',  ( -5.595190713598041654, 0.000000000000000000, -20.78874428130643182 ) ) ;
#1262 = DATE_AND_TIME ( #1063, #37 ) ;
#1263 = CARTESIAN_POINT ( 'NONE',  ( -16.00000000000000000, -6.699816815909254153, -28.75000000000000355 ) ) ;
#1264 = DIRECTION ( 'NONE',  ( -1.000000000000000000, 0.000000000000000000, 0.000000000000000000 ) ) ;
#1265 = ADVANCED_FACE ( 'NONE', ( #141 ), #151, .F. ) ;
#1266 = DIRECTION ( 'NONE',  ( 0.000000000000000000, 0.000000000000000000, -1.000000000000000000 ) ) ;
#1267 = AXIS2_PLACEMENT_3D ( 'NONE', #1083, #1201, #69 ) ;
#1268 = DIRECTION ( 'NONE',  ( 1.000000000000000000, 0.000000000000000000, 0.000000000000000000 ) ) ;
#1269 = ORIENTED_EDGE ( 'NONE', *, *, #605, .T. ) ;
#1270 = AXIS2_PLACEMENT_3D ( 'NONE', #20, #645, #1046 ) ;
#1271 = ORIENTED_EDGE ( 'NONE', *, *, #549, .T. ) ;
#1272 = DIRECTION ( 'NONE',  ( 0.000000000000000000, 1.000000000000000000, 0.000000000000000000 ) ) ;
#1273 = CARTESIAN_POINT ( 'NONE',  ( -22.66411490257825534, -27.19746562080807095, -57.89295993884339708 ) ) ;
#1274 = VERTEX_POINT ( 'NONE', #1282 ) ;
#1275 = ORIENTED_EDGE ( 'NONE', *, *, #1027, .F. ) ;
#1276 = CARTESIAN_POINT ( 'NONE',  ( -30.07349166805945728, 0.000000000000000000, -61.73604545389308385 ) ) ;
#1277 = CARTESIAN_POINT ( 'NONE',  ( 11.88178981772268905, 2.000000000000001776, -20.27493700921015929 ) ) ;
#1278 = CARTESIAN_POINT ( 'NONE',  ( -29.10011501487708330, -0.3445499470545405063, -61.94797013606523706 ) ) ;
#1279 = ORIENTED_EDGE ( 'NONE', *, *, #1213, .T. ) ;
#1280 = ORIENTED_EDGE ( 'NONE', *, *, #307, .F. ) ;
#1281 = CARTESIAN_POINT ( 'NONE',  ( 14.76932482370902733, -7.999999999999992895, -26.68615326407650556 ) ) ;
#1282 = CARTESIAN_POINT ( 'NONE',  ( 30.00000000000000000, -6.000000000000005329, -23.49999999999945643 ) ) ;
#1283 = CARTESIAN_POINT ( 'NONE',  ( -28.46302208797814259, -3.423246824831891022, -61.48306169240817098 ) ) ;
#1284 = VERTEX_POINT ( 'NONE', #1331 ) ;
#1285 = EDGE_LOOP ( 'NONE', ( #358, #870, #381, #910 ) ) ;
#1286 = AXIS2_PLACEMENT_3D ( 'NONE', #406, #1125, #188 ) ;
#1287 = VECTOR ( 'NONE', #955, 1000.000000000000000 ) ;
#1288 = APPROVAL_PERSON_ORGANIZATION ( #1229, #1014, #695 ) ;
#1289 = ADVANCED_FACE ( 'NONE', ( #591 ), #795, .F. ) ;
#1290 = DIRECTION ( 'NONE',  ( -1.000000000000000000, 0.000000000000000000, -2.478010769060217153E-16 ) ) ;
#1291 = CARTESIAN_POINT ( 'NONE',  ( -24.00000000000054001, -38.99999999999999289, -62.00000000000000000 ) ) ;
#1292 = VERTEX_POINT ( 'NONE', #859 ) ;
#1293 = CARTESIAN_POINT ( 'NONE',  ( 1.136018005962454280, 0.000000000000000000, -21.50000000000000000 ) ) ;
#1294 = VERTEX_POINT ( 'NONE', #971 ) ;
#1295 = CARTESIAN_POINT ( 'NONE',  ( -30.00000000000122569, -6.000000000000005329, -26.49999999999947065 ) ) ;
#1296 = EDGE_CURVE ( 'NONE', #347, #550, #756, .T. ) ;
#1297 = CARTESIAN_POINT ( 'NONE',  ( 22.66409475831881437, -27.19754791826543538, -57.89294751125441252 ) ) ;
#1298 = CARTESIAN_POINT ( 'NONE',  ( -2.271947474245999743, 0.000000000000000000, -21.40940750227667877 ) ) ;
#1299 = CARTESIAN_POINT ( 'NONE',  ( -18.19360755039707200, -19.50000000000000355, -39.78645124675922773 ) ) ;
#1300 = CARTESIAN_POINT ( 'NONE',  ( 5.595190713597915533, 0.000000000000000000, -20.78874428130696117 ) ) ;
#1301 = CARTESIAN_POINT ( 'NONE',  ( -16.15913438488587062, -6.000000000000005329, -28.75000000000054001 ) ) ;
#1302 = ORIENTED_EDGE ( 'NONE', *, *, #1003, .T. ) ;
#1303 = CARTESIAN_POINT ( 'NONE',  ( -15.73433663340418853, 0.000000000000000000, -24.75082778398157402 ) ) ;
#1304 = CALENDAR_DATE ( 2026, 20, 8 ) ;
#1305 = DIRECTION ( 'NONE',  ( 0.000000000000000000, 0.000000000000000000, 1.000000000000000000 ) ) ;
#1306 = CARTESIAN_POINT ( 'NONE',  ( 0.000000000000000000, 2.000000000000001776, 0.000000000000000000 ) ) ;
#1307 = DIRECTION ( 'NONE',  ( -0.4226182617406941677, 0.000000000000000000, -0.9063077870366524902 ) ) ;
#1308 = CARTESIAN_POINT ( 'NONE',  ( -30.80354489974911303, 0.000000000000000000, -62.00000000000000000 ) ) ;
#1309 = CARTESIAN_POINT ( 'NONE',  ( 20.00000000000007105, -38.99999999999999289, -62.00000000000000000 ) ) ;
#1310 = EDGE_CURVE ( 'NONE', #628, #1218, #1348, .T. ) ;
#1311 = DIRECTION ( 'NONE',  ( -1.000000000000000000, 0.000000000000000000, 2.478175940484931249E-16 ) ) ;
#1312 = VERTEX_POINT ( 'NONE', #1231 ) ;
#1313 = CARTESIAN_POINT ( 'NONE',  ( -24.00000000000054001, -38.99999999999999289, -62.00000000000000000 ) ) ;
#1314 = AXIS2_PLACEMENT_3D ( 'NONE', #1306, #557, #51 ) ;
#1315 = AXIS2_PLACEMENT_3D ( 'NONE', #908, #181, #601 ) ;
#1316 = LOCAL_TIME ( 14, 21, 28.00000000000000000, #201 ) ;
#1317 = CARTESIAN_POINT ( 'NONE',  ( 28.93443080151673641, -1.379811517259470044, -61.79163715997521678 ) ) ;
#1318 = DIRECTION ( 'NONE',  ( 0.7748389021945021327, 0.000000000000000000, 0.6321587424421326595 ) ) ;
#1319 = ORIENTED_EDGE ( 'NONE', *, *, #520, .F. ) ;
#1320 = FACE_OUTER_BOUND ( 'NONE', #980, .T. ) ;
#1321 = EDGE_LOOP ( 'NONE', ( #853, #885, #1248, #1101, #94 ) ) ;
#1322 = APPROVAL ( #589, 'æœª' ) ;
#1323 = CARTESIAN_POINT ( 'NONE',  ( -32.46994429644584557, 0.000000000000000000, -60.64045423630928155 ) ) ;
#1324 = MECHANICAL_CONTEXT ( 'NONE', #430, 'mechanical' ) ;
#1325 = DIRECTION ( 'NONE',  ( -0.000000000000000000, -1.000000000000000000, 0.000000000000000000 ) ) ;
#1326 = CARTESIAN_POINT ( 'NONE',  ( -5.595190713598041654, 0.000000000000000000, -20.78874428130643182 ) ) ;
#1327 = CARTESIAN_POINT ( 'NONE',  ( 30.00000000000000000, -7.999999999999992895, -23.49999999999945643 ) ) ;
#1328 = CARTESIAN_POINT ( 'NONE',  ( 32.01388082979492111, 0.000000000000000000, -60.92366760426783401 ) ) ;
#1329 = CARTESIAN_POINT ( 'NONE',  ( 31.55465619724788340, 0.000000000000000000, -61.20089346649198347 ) ) ;
#1330 = VERTEX_POINT ( 'NONE', #1035 ) ;
#1331 = CARTESIAN_POINT ( 'NONE',  ( -31.09233817482009243, 2.000000000000001776, -61.47209090778833485 ) ) ;
#1332 = CARTESIAN_POINT ( 'NONE',  ( 28.62551677107746073, -2.743682473176223269, -61.58568147526943193 ) ) ;
#1333 = DIRECTION ( 'NONE',  ( 0.000000000000000000, 0.000000000000000000, 1.000000000000000000 ) ) ;
#1334 = CARTESIAN_POINT ( 'NONE',  ( 30.00000000000000000, -7.999999999999992895, -24.99999999999945999 ) ) ;
#1335 = CARTESIAN_POINT ( 'NONE',  ( 16.15913438488533060, -5.999999999999991118, -28.75000000000000355 ) ) ;
#1336 = ORIENTED_EDGE ( 'NONE', *, *, #767, .T. ) ;
#1337 = CARTESIAN_POINT ( 'NONE',  ( 16.15913438488533060, -5.999999999999991118, -28.75000000000000355 ) ) ;
#1338 = APPROVAL_DATE_TIME ( #487, #1014 ) ;
#1339 = AXIS2_PLACEMENT_3D ( 'NONE', #166, #49, #1311 ) ;
#1340 = VECTOR ( 'NONE', #937, 1000.000000000000000 ) ;
#1341 = EDGE_CURVE ( 'NONE', #550, #1346, #86, .T. ) ;
#1342 = CARTESIAN_POINT ( 'NONE',  ( 15.27193353922426766, -7.999999999999992895, -27.79008438231836564 ) ) ;
#1343 = CARTESIAN_POINT ( 'NONE',  ( 28.53569659983220319, -12.99999999999998401, -62.00000000000108002 ) ) ;
#1344 =( GEOMETRIC_REPRESENTATION_CONTEXT ( 3 ) GLOBAL_UNCERTAINTY_ASSIGNED_CONTEXT ( ( #574 ) ) GLOBAL_UNIT_ASSIGNED_CONTEXT ( ( #964, #1057, #851 ) ) REPRESENTATION_CONTEXT ( 'NONE', 'WORKASPACE' ) );
#1345 = CARTESIAN_POINT ( 'NONE',  ( -18.83333333333333925, -36.99999999999999289, -62.00000000000000000 ) ) ;
#1346 = VERTEX_POINT ( 'NONE', #288 ) ;
#1347 = PRODUCT_DEFINITION_SHAPE ( 'NONE', 'NONE',  #184 ) ;
#1348 = LINE ( 'NONE', #614, #1246 ) ;
#1349 = EDGE_CURVE ( 'NONE', #1312, #425, #1067, .T. ) ;
#1350 = FACE_OUTER_BOUND ( 'NONE', #473, .T. ) ;
#1351 = FACE_OUTER_BOUND ( 'NONE', #1160, .T. ) ;
#1352 = VERTEX_POINT ( 'NONE', #1148 ) ;
#1353 = EDGE_CURVE ( 'NONE', #1195, #968, #970, .T. ) ;
#1354 = CARTESIAN_POINT ( 'NONE',  ( 22.60000000000054499, -36.99999999999999289, -62.00000000000108002 ) ) ;
#1355 = CARTESIAN_POINT ( 'NONE',  ( -14.76932482370902555, -7.999999999999992895, -26.68615326407650912 ) ) ;
#1356 = VERTEX_POINT ( 'NONE', #26 ) ;
#1357 = DIRECTION ( 'NONE',  ( 0.000000000000000000, 1.000000000000000000, 0.000000000000000000 ) ) ;
#1358 = DIRECTION ( 'NONE',  ( 0.000000000000000000, 0.000000000000000000, 1.000000000000000000 ) ) ;
#1359 = VECTOR ( 'NONE', #909, 1000.000000000000114 ) ;
#1360 = FACE_BOUND ( 'NONE', #850, .T. ) ;
#1361 = AXIS2_PLACEMENT_3D ( 'NONE', #442, #1264, #333 ) ;
#1362 = EDGE_LOOP ( 'NONE', ( #620, #450, #79, #847 ) ) ;
#1363 = DIRECTION ( 'NONE',  ( 0.9680409333541760697, 0.000000000000000000, 0.2507922473896981308 ) ) ;
#1364 = DATE_TIME_ROLE ( 'classification_date' ) ;
ENDSEC;
END-ISO-10303-21;
